

================================================================
== Vitis HLS Report for 'relu_array_ap_fixed_24u_array_ap_fixed_16_6_5_3_0_24u_ReLU_config20_s'
================================================================
* Date:           Tue Oct  6 15:38:48 2026

* Version:        2026.1 (Build 6493734 on Jun 16 2026)
* Project:        myproject_prj
* Solution:       solution1
* Product family: artix7
* Target device:  xc7a35t-ftg256-1


================================================================
== Performance Estimates
================================================================
+ Timing: 
    * Summary: 
    +--------+---------+----------+------------+
    |  Clock |  Target | Estimated| Uncertainty|
    +--------+---------+----------+------------+
    |ap_clk  |  5.00 ns|  3.141 ns|     1.35 ns|
    +--------+---------+----------+------------+

+ Latency: 
    * Summary: 
    +---------+---------+-----------+-----------+-----+-----+---------+
    |  Latency (cycles) |   Latency (absolute)  |  Interval | Pipeline|
    |   min   |   max   |    min    |    max    | min | max |   Type  |
    +---------+---------+-----------+-----------+-----+-----+---------+
    |        2|        2|  25.114 ns|  25.114 ns|    2|    2|       no|
    +---------+---------+-----------+-----------+-----+-----+---------+

    + Detail: 
        * Instance: 
        N/A

        * Loop: 
        N/A



================================================================
== Utilization Estimates
================================================================
* Summary: 
+-----------------+---------+----+-------+-------+-----+
|       Name      | BRAM_18K| DSP|   FF  |  LUT  | URAM|
+-----------------+---------+----+-------+-------+-----+
|DSP              |        -|   -|      -|      -|    -|
|Expression       |        -|   -|      0|    914|    -|
|FIFO             |        -|   -|      -|      -|    -|
|Instance         |        -|   -|      -|      -|    -|
|Memory           |        -|   -|      -|      -|    -|
|Multiplexer      |        -|   -|      0|     53|    -|
|Register         |        -|   -|   1109|      -|    -|
+-----------------+---------+----+-------+-------+-----+
|Total            |        0|   0|   1109|    967|    0|
+-----------------+---------+----+-------+-------+-----+
|Available        |      100|  90|  41600|  20800|    0|
+-----------------+---------+----+-------+-------+-----+
|Utilization (%)  |        0|   0|      2|      4|    0|
+-----------------+---------+----+-------+-------+-----+

+ Detail: 
    * Instance: 
    N/A

    * DSP: 
    N/A

    * Memory: 
    N/A

    * FIFO: 
    N/A

    * Expression: 
    +--------------------------+----------+----+---+----+------------+------------+
    |       Variable Name      | Operation| DSP| FF| LUT| Bitwidth P0| Bitwidth P1|
    +--------------------------+----------+----+---+----+------------+------------+
    |icmp_ln51_11_fu_659_p2    |      icmp|   0|  0|  23|          16|           1|
    |icmp_ln51_12_fu_671_p2    |      icmp|   0|  0|  23|          16|           1|
    |icmp_ln51_13_fu_683_p2    |      icmp|   0|  0|  23|          16|           1|
    |icmp_ln51_14_fu_695_p2    |      icmp|   0|  0|  23|          16|           1|
    |icmp_ln51_15_fu_707_p2    |      icmp|   0|  0|  23|          16|           1|
    |icmp_ln51_16_fu_719_p2    |      icmp|   0|  0|  23|          16|           1|
    |icmp_ln51_17_fu_731_p2    |      icmp|   0|  0|  23|          16|           1|
    |icmp_ln51_18_fu_743_p2    |      icmp|   0|  0|  23|          16|           1|
    |icmp_ln51_19_fu_755_p2    |      icmp|   0|  0|  23|          16|           1|
    |icmp_ln51_20_fu_767_p2    |      icmp|   0|  0|  23|          16|           1|
    |icmp_ln51_21_fu_779_p2    |      icmp|   0|  0|  23|          16|           1|
    |icmp_ln51_22_fu_791_p2    |      icmp|   0|  0|  23|          16|           1|
    |icmp_ln51_23_fu_803_p2    |      icmp|   0|  0|  23|          16|           1|
    |icmp_ln51_24_fu_815_p2    |      icmp|   0|  0|  23|          16|           1|
    |icmp_ln51_25_fu_827_p2    |      icmp|   0|  0|  23|          16|           1|
    |icmp_ln51_26_fu_839_p2    |      icmp|   0|  0|  23|          16|           1|
    |icmp_ln51_27_fu_851_p2    |      icmp|   0|  0|  23|          16|           1|
    |icmp_ln51_28_fu_863_p2    |      icmp|   0|  0|  23|          16|           1|
    |icmp_ln51_29_fu_875_p2    |      icmp|   0|  0|  23|          16|           1|
    |icmp_ln51_30_fu_887_p2    |      icmp|   0|  0|  23|          16|           1|
    |icmp_ln51_31_fu_899_p2    |      icmp|   0|  0|  23|          16|           1|
    |icmp_ln51_32_fu_911_p2    |      icmp|   0|  0|  23|          16|           1|
    |icmp_ln51_33_fu_923_p2    |      icmp|   0|  0|  23|          16|           1|
    |icmp_ln51_fu_647_p2       |      icmp|   0|  0|  23|          16|           1|
    |ap_block_state1           |        or|   0|  0|   2|           1|           1|
    |select_ln51_11_fu_664_p3  |    select|   0|  0|  15|           1|          15|
    |select_ln51_12_fu_676_p3  |    select|   0|  0|  15|           1|          15|
    |select_ln51_13_fu_688_p3  |    select|   0|  0|  15|           1|          15|
    |select_ln51_14_fu_700_p3  |    select|   0|  0|  15|           1|          15|
    |select_ln51_15_fu_712_p3  |    select|   0|  0|  15|           1|          15|
    |select_ln51_16_fu_724_p3  |    select|   0|  0|  15|           1|          15|
    |select_ln51_17_fu_736_p3  |    select|   0|  0|  15|           1|          15|
    |select_ln51_18_fu_748_p3  |    select|   0|  0|  15|           1|          15|
    |select_ln51_19_fu_760_p3  |    select|   0|  0|  15|           1|          15|
    |select_ln51_20_fu_772_p3  |    select|   0|  0|  15|           1|          15|
    |select_ln51_21_fu_784_p3  |    select|   0|  0|  15|           1|          15|
    |select_ln51_22_fu_796_p3  |    select|   0|  0|  15|           1|          15|
    |select_ln51_23_fu_808_p3  |    select|   0|  0|  15|           1|          15|
    |select_ln51_24_fu_820_p3  |    select|   0|  0|  15|           1|          15|
    |select_ln51_25_fu_832_p3  |    select|   0|  0|  15|           1|          15|
    |select_ln51_26_fu_844_p3  |    select|   0|  0|  15|           1|          15|
    |select_ln51_27_fu_856_p3  |    select|   0|  0|  15|           1|          15|
    |select_ln51_28_fu_868_p3  |    select|   0|  0|  15|           1|          15|
    |select_ln51_29_fu_880_p3  |    select|   0|  0|  15|           1|          15|
    |select_ln51_30_fu_892_p3  |    select|   0|  0|  15|           1|          15|
    |select_ln51_31_fu_904_p3  |    select|   0|  0|  15|           1|          15|
    |select_ln51_32_fu_916_p3  |    select|   0|  0|  15|           1|          15|
    |select_ln51_33_fu_928_p3  |    select|   0|  0|  15|           1|          15|
    |select_ln51_fu_652_p3     |    select|   0|  0|  15|           1|          15|
    +--------------------------+----------+----+---+----+------------+------------+
    |Total                     |          |   0|  0| 914|         409|         385|
    +--------------------------+----------+----+---+----+------------+------------+

    * Multiplexer: 
    +-------------------+----+-----------+-----+-----------+
    |        Name       | LUT| Input Size| Bits| Total Bits|
    +-------------------+----+-----------+-----+-----------+
    |ap_NS_fsm          |  17|          4|    1|          4|
    |ap_done            |   9|          2|    1|          2|
    |layer20_out_blk_n  |   9|          2|    1|          2|
    |layer23_out_blk_n  |   9|          2|    1|          2|
    |real_start         |   9|          2|    1|          2|
    +-------------------+----+-----------+-----+-----------+
    |Total              |  53|         12|    5|         12|
    +-------------------+----+-----------+-----+-----------+

    * Register: 
    +-------------------------+----+----+-----+-----------+
    |           Name          | FF | LUT| Bits| Const Bits|
    +-------------------------+----+----+-----+-----------+
    |ap_CS_fsm                |   3|   0|    3|          0|
    |ap_done_reg              |   1|   0|    1|          0|
    |select_ln51_11_reg_1305  |  15|   0|   15|          0|
    |select_ln51_12_reg_1310  |  15|   0|   15|          0|
    |select_ln51_13_reg_1315  |  15|   0|   15|          0|
    |select_ln51_14_reg_1320  |  15|   0|   15|          0|
    |select_ln51_15_reg_1325  |  15|   0|   15|          0|
    |select_ln51_16_reg_1330  |  15|   0|   15|          0|
    |select_ln51_17_reg_1335  |  15|   0|   15|          0|
    |select_ln51_18_reg_1340  |  15|   0|   15|          0|
    |select_ln51_19_reg_1345  |  15|   0|   15|          0|
    |select_ln51_20_reg_1350  |  15|   0|   15|          0|
    |select_ln51_21_reg_1355  |  15|   0|   15|          0|
    |select_ln51_22_reg_1360  |  15|   0|   15|          0|
    |select_ln51_23_reg_1365  |  15|   0|   15|          0|
    |select_ln51_24_reg_1370  |  15|   0|   15|          0|
    |select_ln51_25_reg_1375  |  15|   0|   15|          0|
    |select_ln51_26_reg_1380  |  15|   0|   15|          0|
    |select_ln51_27_reg_1385  |  15|   0|   15|          0|
    |select_ln51_28_reg_1390  |  15|   0|   15|          0|
    |select_ln51_29_reg_1395  |  15|   0|   15|          0|
    |select_ln51_30_reg_1400  |  15|   0|   15|          0|
    |select_ln51_31_reg_1405  |  15|   0|   15|          0|
    |select_ln51_32_reg_1410  |  15|   0|   15|          0|
    |select_ln51_33_reg_1415  |  15|   0|   15|          0|
    |select_ln51_reg_1300     |  15|   0|   15|          0|
    |start_once_reg           |   1|   0|    1|          0|
    |trunc_ln3_reg_1295       |  15|   0|   15|          0|
    |trunc_ln44_11_reg_1070   |  16|   0|   16|          0|
    |trunc_ln44_12_reg_1080   |  16|   0|   16|          0|
    |trunc_ln44_13_reg_1090   |  16|   0|   16|          0|
    |trunc_ln44_14_reg_1100   |  16|   0|   16|          0|
    |trunc_ln44_15_reg_1110   |  16|   0|   16|          0|
    |trunc_ln44_16_reg_1120   |  16|   0|   16|          0|
    |trunc_ln44_17_reg_1130   |  16|   0|   16|          0|
    |trunc_ln44_18_reg_1140   |  16|   0|   16|          0|
    |trunc_ln44_19_reg_1150   |  16|   0|   16|          0|
    |trunc_ln44_20_reg_1160   |  16|   0|   16|          0|
    |trunc_ln44_21_reg_1170   |  16|   0|   16|          0|
    |trunc_ln44_22_reg_1180   |  16|   0|   16|          0|
    |trunc_ln44_23_reg_1190   |  16|   0|   16|          0|
    |trunc_ln44_24_reg_1200   |  16|   0|   16|          0|
    |trunc_ln44_25_reg_1210   |  16|   0|   16|          0|
    |trunc_ln44_26_reg_1220   |  16|   0|   16|          0|
    |trunc_ln44_27_reg_1230   |  16|   0|   16|          0|
    |trunc_ln44_28_reg_1240   |  16|   0|   16|          0|
    |trunc_ln44_29_reg_1250   |  16|   0|   16|          0|
    |trunc_ln44_30_reg_1260   |  16|   0|   16|          0|
    |trunc_ln44_31_reg_1270   |  16|   0|   16|          0|
    |trunc_ln44_32_reg_1280   |  16|   0|   16|          0|
    |trunc_ln44_33_reg_1290   |  16|   0|   16|          0|
    |trunc_ln44_34_reg_1085   |  15|   0|   15|          0|
    |trunc_ln44_35_reg_1095   |  15|   0|   15|          0|
    |trunc_ln44_36_reg_1105   |  15|   0|   15|          0|
    |trunc_ln44_37_reg_1115   |  15|   0|   15|          0|
    |trunc_ln44_38_reg_1125   |  15|   0|   15|          0|
    |trunc_ln44_39_reg_1135   |  15|   0|   15|          0|
    |trunc_ln44_40_reg_1145   |  15|   0|   15|          0|
    |trunc_ln44_41_reg_1155   |  15|   0|   15|          0|
    |trunc_ln44_42_reg_1165   |  15|   0|   15|          0|
    |trunc_ln44_43_reg_1175   |  15|   0|   15|          0|
    |trunc_ln44_44_reg_1185   |  15|   0|   15|          0|
    |trunc_ln44_45_reg_1195   |  15|   0|   15|          0|
    |trunc_ln44_46_reg_1205   |  15|   0|   15|          0|
    |trunc_ln44_47_reg_1215   |  15|   0|   15|          0|
    |trunc_ln44_48_reg_1225   |  15|   0|   15|          0|
    |trunc_ln44_49_reg_1235   |  15|   0|   15|          0|
    |trunc_ln44_50_reg_1245   |  15|   0|   15|          0|
    |trunc_ln44_51_reg_1255   |  15|   0|   15|          0|
    |trunc_ln44_52_reg_1265   |  15|   0|   15|          0|
    |trunc_ln44_53_reg_1275   |  15|   0|   15|          0|
    |trunc_ln44_54_reg_1285   |  15|   0|   15|          0|
    |trunc_ln44_56_reg_1065   |  15|   0|   15|          0|
    |trunc_ln44_reg_1060      |  16|   0|   16|          0|
    |trunc_ln44_s_reg_1075    |  15|   0|   15|          0|
    +-------------------------+----+----+-----+-----------+
    |Total                    |1109|   0| 1109|          0|
    +-------------------------+----+----+-----+-----------+



================================================================
== Interface
================================================================
* Summary: 
+----------------------------+-----+-----+------------+-------------------------------------------------------------------------+--------------+
|          RTL Ports         | Dir | Bits|  Protocol  |                              Source Object                              |    C Type    |
+----------------------------+-----+-----+------------+-------------------------------------------------------------------------+--------------+
|ap_clk                      |   in|    1|  ap_ctrl_hs|  relu<array<ap_fixed,24u>,array<ap_fixed<16,6,5,3,0>,24u>,ReLU_config20>|  return value|
|ap_rst                      |   in|    1|  ap_ctrl_hs|  relu<array<ap_fixed,24u>,array<ap_fixed<16,6,5,3,0>,24u>,ReLU_config20>|  return value|
|ap_start                    |   in|    1|  ap_ctrl_hs|  relu<array<ap_fixed,24u>,array<ap_fixed<16,6,5,3,0>,24u>,ReLU_config20>|  return value|
|start_full_n                |   in|    1|  ap_ctrl_hs|  relu<array<ap_fixed,24u>,array<ap_fixed<16,6,5,3,0>,24u>,ReLU_config20>|  return value|
|ap_done                     |  out|    1|  ap_ctrl_hs|  relu<array<ap_fixed,24u>,array<ap_fixed<16,6,5,3,0>,24u>,ReLU_config20>|  return value|
|ap_continue                 |   in|    1|  ap_ctrl_hs|  relu<array<ap_fixed,24u>,array<ap_fixed<16,6,5,3,0>,24u>,ReLU_config20>|  return value|
|ap_idle                     |  out|    1|  ap_ctrl_hs|  relu<array<ap_fixed,24u>,array<ap_fixed<16,6,5,3,0>,24u>,ReLU_config20>|  return value|
|ap_ready                    |  out|    1|  ap_ctrl_hs|  relu<array<ap_fixed,24u>,array<ap_fixed<16,6,5,3,0>,24u>,ReLU_config20>|  return value|
|start_out                   |  out|    1|  ap_ctrl_hs|  relu<array<ap_fixed,24u>,array<ap_fixed<16,6,5,3,0>,24u>,ReLU_config20>|  return value|
|start_write                 |  out|    1|  ap_ctrl_hs|  relu<array<ap_fixed,24u>,array<ap_fixed<16,6,5,3,0>,24u>,ReLU_config20>|  return value|
|layer23_out_dout            |   in|  384|     ap_fifo|                                                              layer23_out|       pointer|
|layer23_out_empty_n         |   in|    1|     ap_fifo|                                                              layer23_out|       pointer|
|layer23_out_read            |  out|    1|     ap_fifo|                                                              layer23_out|       pointer|
|layer23_out_num_data_valid  |   in|    2|     ap_fifo|                                                              layer23_out|       pointer|
|layer23_out_fifo_cap        |   in|    2|     ap_fifo|                                                              layer23_out|       pointer|
|layer20_out_din             |  out|  384|     ap_fifo|                                                              layer20_out|       pointer|
|layer20_out_full_n          |   in|    1|     ap_fifo|                                                              layer20_out|       pointer|
|layer20_out_write           |  out|    1|     ap_fifo|                                                              layer20_out|       pointer|
|layer20_out_num_data_valid  |   in|    2|     ap_fifo|                                                              layer20_out|       pointer|
|layer20_out_fifo_cap        |   in|    2|     ap_fifo|                                                              layer20_out|       pointer|
+----------------------------+-----+-----+------------+-------------------------------------------------------------------------+--------------+

============================================================
+ Verbose Summary: Synthesis Manager
============================================================
InlineROM: 1
ExposeGlobal: 0
============================================================
+ Verbose Summary: CDFG Model
============================================================
IsTopModel: 0
ResetActiveHigh: 1
IsCombinational: 2
IsDatapathOnly: 0
HasWiredReturn: 1
HasMFsm: 0
HasVarLatency: 1
IsPipeline: 0
IsRtlPipelined: 0
IsInstanceOverlapped: 0
IsDontTouch: 0
HasImplIP: 0
IsGatedGlobalClock: 0


============================================================
+ Verbose Summary: Schedule
============================================================
* Number of FSM states : 3
* Pipeline : 0
* Dataflow Pipeline: 0

* FSM state transitions: 
1 --> 2 
2 --> 3 
3 --> 

* FSM state operations: 

State 1 <SV = 0> <Delay = 1.82>
ST_1 : Operation 4 [1/1] ( I:1.82ns O:1.82ns )   --->   "%layer23_out_read = read i384 @_ssdm_op_Read.ap_fifo.volatile.i384P0A, i384 %layer23_out" [firmware/nnet_utils/nnet_activation_stream.h:44]   --->   Operation 4 'read' 'layer23_out_read' <Predicate = true> <Delay = 1.82> <CoreInst = "FIFO_SRL">   --->   Core 80 'FIFO_SRL' <Latency = 0> <II = 1> <Delay = 3.90> <Storage> <Opcode : 'read' 'write' 'nbread' 'nbwrite'> <Ports = 0> <Width = 384> <Depth = 1> <FIFO>
ST_1 : Operation 5 [1/1] (0.00ns)   --->   "%trunc_ln44 = trunc i384 %layer23_out_read" [firmware/nnet_utils/nnet_activation_stream.h:44]   --->   Operation 5 'trunc' 'trunc_ln44' <Predicate = true> <Delay = 0.00>
ST_1 : Operation 6 [1/1] (0.00ns)   --->   "%trunc_ln44_56 = trunc i384 %layer23_out_read" [firmware/nnet_utils/nnet_activation_stream.h:44]   --->   Operation 6 'trunc' 'trunc_ln44_56' <Predicate = true> <Delay = 0.00>
ST_1 : Operation 7 [1/1] (0.00ns)   --->   "%trunc_ln44_11 = partselect i16 @_ssdm_op_PartSelect.i16.i384.i32.i32, i384 %layer23_out_read, i32 16, i32 31" [firmware/nnet_utils/nnet_activation_stream.h:44]   --->   Operation 7 'partselect' 'trunc_ln44_11' <Predicate = true> <Delay = 0.00>
ST_1 : Operation 8 [1/1] (0.00ns)   --->   "%trunc_ln44_s = partselect i15 @_ssdm_op_PartSelect.i15.i384.i32.i32, i384 %layer23_out_read, i32 16, i32 30" [firmware/nnet_utils/nnet_activation_stream.h:44]   --->   Operation 8 'partselect' 'trunc_ln44_s' <Predicate = true> <Delay = 0.00>
ST_1 : Operation 9 [1/1] (0.00ns)   --->   "%trunc_ln44_12 = partselect i16 @_ssdm_op_PartSelect.i16.i384.i32.i32, i384 %layer23_out_read, i32 32, i32 47" [firmware/nnet_utils/nnet_activation_stream.h:44]   --->   Operation 9 'partselect' 'trunc_ln44_12' <Predicate = true> <Delay = 0.00>
ST_1 : Operation 10 [1/1] (0.00ns)   --->   "%trunc_ln44_34 = partselect i15 @_ssdm_op_PartSelect.i15.i384.i32.i32, i384 %layer23_out_read, i32 32, i32 46" [firmware/nnet_utils/nnet_activation_stream.h:44]   --->   Operation 10 'partselect' 'trunc_ln44_34' <Predicate = true> <Delay = 0.00>
ST_1 : Operation 11 [1/1] (0.00ns)   --->   "%trunc_ln44_13 = partselect i16 @_ssdm_op_PartSelect.i16.i384.i32.i32, i384 %layer23_out_read, i32 48, i32 63" [firmware/nnet_utils/nnet_activation_stream.h:44]   --->   Operation 11 'partselect' 'trunc_ln44_13' <Predicate = true> <Delay = 0.00>
ST_1 : Operation 12 [1/1] (0.00ns)   --->   "%trunc_ln44_35 = partselect i15 @_ssdm_op_PartSelect.i15.i384.i32.i32, i384 %layer23_out_read, i32 48, i32 62" [firmware/nnet_utils/nnet_activation_stream.h:44]   --->   Operation 12 'partselect' 'trunc_ln44_35' <Predicate = true> <Delay = 0.00>
ST_1 : Operation 13 [1/1] (0.00ns)   --->   "%trunc_ln44_14 = partselect i16 @_ssdm_op_PartSelect.i16.i384.i32.i32, i384 %layer23_out_read, i32 64, i32 79" [firmware/nnet_utils/nnet_activation_stream.h:44]   --->   Operation 13 'partselect' 'trunc_ln44_14' <Predicate = true> <Delay = 0.00>
ST_1 : Operation 14 [1/1] (0.00ns)   --->   "%trunc_ln44_36 = partselect i15 @_ssdm_op_PartSelect.i15.i384.i32.i32, i384 %layer23_out_read, i32 64, i32 78" [firmware/nnet_utils/nnet_activation_stream.h:44]   --->   Operation 14 'partselect' 'trunc_ln44_36' <Predicate = true> <Delay = 0.00>
ST_1 : Operation 15 [1/1] (0.00ns)   --->   "%trunc_ln44_15 = partselect i16 @_ssdm_op_PartSelect.i16.i384.i32.i32, i384 %layer23_out_read, i32 80, i32 95" [firmware/nnet_utils/nnet_activation_stream.h:44]   --->   Operation 15 'partselect' 'trunc_ln44_15' <Predicate = true> <Delay = 0.00>
ST_1 : Operation 16 [1/1] (0.00ns)   --->   "%trunc_ln44_37 = partselect i15 @_ssdm_op_PartSelect.i15.i384.i32.i32, i384 %layer23_out_read, i32 80, i32 94" [firmware/nnet_utils/nnet_activation_stream.h:44]   --->   Operation 16 'partselect' 'trunc_ln44_37' <Predicate = true> <Delay = 0.00>
ST_1 : Operation 17 [1/1] (0.00ns)   --->   "%trunc_ln44_16 = partselect i16 @_ssdm_op_PartSelect.i16.i384.i32.i32, i384 %layer23_out_read, i32 96, i32 111" [firmware/nnet_utils/nnet_activation_stream.h:44]   --->   Operation 17 'partselect' 'trunc_ln44_16' <Predicate = true> <Delay = 0.00>
ST_1 : Operation 18 [1/1] (0.00ns)   --->   "%trunc_ln44_38 = partselect i15 @_ssdm_op_PartSelect.i15.i384.i32.i32, i384 %layer23_out_read, i32 96, i32 110" [firmware/nnet_utils/nnet_activation_stream.h:44]   --->   Operation 18 'partselect' 'trunc_ln44_38' <Predicate = true> <Delay = 0.00>
ST_1 : Operation 19 [1/1] (0.00ns)   --->   "%trunc_ln44_17 = partselect i16 @_ssdm_op_PartSelect.i16.i384.i32.i32, i384 %layer23_out_read, i32 112, i32 127" [firmware/nnet_utils/nnet_activation_stream.h:44]   --->   Operation 19 'partselect' 'trunc_ln44_17' <Predicate = true> <Delay = 0.00>
ST_1 : Operation 20 [1/1] (0.00ns)   --->   "%trunc_ln44_39 = partselect i15 @_ssdm_op_PartSelect.i15.i384.i32.i32, i384 %layer23_out_read, i32 112, i32 126" [firmware/nnet_utils/nnet_activation_stream.h:44]   --->   Operation 20 'partselect' 'trunc_ln44_39' <Predicate = true> <Delay = 0.00>
ST_1 : Operation 21 [1/1] (0.00ns)   --->   "%trunc_ln44_18 = partselect i16 @_ssdm_op_PartSelect.i16.i384.i32.i32, i384 %layer23_out_read, i32 128, i32 143" [firmware/nnet_utils/nnet_activation_stream.h:44]   --->   Operation 21 'partselect' 'trunc_ln44_18' <Predicate = true> <Delay = 0.00>
ST_1 : Operation 22 [1/1] (0.00ns)   --->   "%trunc_ln44_40 = partselect i15 @_ssdm_op_PartSelect.i15.i384.i32.i32, i384 %layer23_out_read, i32 128, i32 142" [firmware/nnet_utils/nnet_activation_stream.h:44]   --->   Operation 22 'partselect' 'trunc_ln44_40' <Predicate = true> <Delay = 0.00>
ST_1 : Operation 23 [1/1] (0.00ns)   --->   "%trunc_ln44_19 = partselect i16 @_ssdm_op_PartSelect.i16.i384.i32.i32, i384 %layer23_out_read, i32 144, i32 159" [firmware/nnet_utils/nnet_activation_stream.h:44]   --->   Operation 23 'partselect' 'trunc_ln44_19' <Predicate = true> <Delay = 0.00>
ST_1 : Operation 24 [1/1] (0.00ns)   --->   "%trunc_ln44_41 = partselect i15 @_ssdm_op_PartSelect.i15.i384.i32.i32, i384 %layer23_out_read, i32 144, i32 158" [firmware/nnet_utils/nnet_activation_stream.h:44]   --->   Operation 24 'partselect' 'trunc_ln44_41' <Predicate = true> <Delay = 0.00>
ST_1 : Operation 25 [1/1] (0.00ns)   --->   "%trunc_ln44_20 = partselect i16 @_ssdm_op_PartSelect.i16.i384.i32.i32, i384 %layer23_out_read, i32 160, i32 175" [firmware/nnet_utils/nnet_activation_stream.h:44]   --->   Operation 25 'partselect' 'trunc_ln44_20' <Predicate = true> <Delay = 0.00>
ST_1 : Operation 26 [1/1] (0.00ns)   --->   "%trunc_ln44_42 = partselect i15 @_ssdm_op_PartSelect.i15.i384.i32.i32, i384 %layer23_out_read, i32 160, i32 174" [firmware/nnet_utils/nnet_activation_stream.h:44]   --->   Operation 26 'partselect' 'trunc_ln44_42' <Predicate = true> <Delay = 0.00>
ST_1 : Operation 27 [1/1] (0.00ns)   --->   "%trunc_ln44_21 = partselect i16 @_ssdm_op_PartSelect.i16.i384.i32.i32, i384 %layer23_out_read, i32 176, i32 191" [firmware/nnet_utils/nnet_activation_stream.h:44]   --->   Operation 27 'partselect' 'trunc_ln44_21' <Predicate = true> <Delay = 0.00>
ST_1 : Operation 28 [1/1] (0.00ns)   --->   "%trunc_ln44_43 = partselect i15 @_ssdm_op_PartSelect.i15.i384.i32.i32, i384 %layer23_out_read, i32 176, i32 190" [firmware/nnet_utils/nnet_activation_stream.h:44]   --->   Operation 28 'partselect' 'trunc_ln44_43' <Predicate = true> <Delay = 0.00>
ST_1 : Operation 29 [1/1] (0.00ns)   --->   "%trunc_ln44_22 = partselect i16 @_ssdm_op_PartSelect.i16.i384.i32.i32, i384 %layer23_out_read, i32 192, i32 207" [firmware/nnet_utils/nnet_activation_stream.h:44]   --->   Operation 29 'partselect' 'trunc_ln44_22' <Predicate = true> <Delay = 0.00>
ST_1 : Operation 30 [1/1] (0.00ns)   --->   "%trunc_ln44_44 = partselect i15 @_ssdm_op_PartSelect.i15.i384.i32.i32, i384 %layer23_out_read, i32 192, i32 206" [firmware/nnet_utils/nnet_activation_stream.h:44]   --->   Operation 30 'partselect' 'trunc_ln44_44' <Predicate = true> <Delay = 0.00>
ST_1 : Operation 31 [1/1] (0.00ns)   --->   "%trunc_ln44_23 = partselect i16 @_ssdm_op_PartSelect.i16.i384.i32.i32, i384 %layer23_out_read, i32 208, i32 223" [firmware/nnet_utils/nnet_activation_stream.h:44]   --->   Operation 31 'partselect' 'trunc_ln44_23' <Predicate = true> <Delay = 0.00>
ST_1 : Operation 32 [1/1] (0.00ns)   --->   "%trunc_ln44_45 = partselect i15 @_ssdm_op_PartSelect.i15.i384.i32.i32, i384 %layer23_out_read, i32 208, i32 222" [firmware/nnet_utils/nnet_activation_stream.h:44]   --->   Operation 32 'partselect' 'trunc_ln44_45' <Predicate = true> <Delay = 0.00>
ST_1 : Operation 33 [1/1] (0.00ns)   --->   "%trunc_ln44_24 = partselect i16 @_ssdm_op_PartSelect.i16.i384.i32.i32, i384 %layer23_out_read, i32 224, i32 239" [firmware/nnet_utils/nnet_activation_stream.h:44]   --->   Operation 33 'partselect' 'trunc_ln44_24' <Predicate = true> <Delay = 0.00>
ST_1 : Operation 34 [1/1] (0.00ns)   --->   "%trunc_ln44_46 = partselect i15 @_ssdm_op_PartSelect.i15.i384.i32.i32, i384 %layer23_out_read, i32 224, i32 238" [firmware/nnet_utils/nnet_activation_stream.h:44]   --->   Operation 34 'partselect' 'trunc_ln44_46' <Predicate = true> <Delay = 0.00>
ST_1 : Operation 35 [1/1] (0.00ns)   --->   "%trunc_ln44_25 = partselect i16 @_ssdm_op_PartSelect.i16.i384.i32.i32, i384 %layer23_out_read, i32 240, i32 255" [firmware/nnet_utils/nnet_activation_stream.h:44]   --->   Operation 35 'partselect' 'trunc_ln44_25' <Predicate = true> <Delay = 0.00>
ST_1 : Operation 36 [1/1] (0.00ns)   --->   "%trunc_ln44_47 = partselect i15 @_ssdm_op_PartSelect.i15.i384.i32.i32, i384 %layer23_out_read, i32 240, i32 254" [firmware/nnet_utils/nnet_activation_stream.h:44]   --->   Operation 36 'partselect' 'trunc_ln44_47' <Predicate = true> <Delay = 0.00>
ST_1 : Operation 37 [1/1] (0.00ns)   --->   "%trunc_ln44_26 = partselect i16 @_ssdm_op_PartSelect.i16.i384.i32.i32, i384 %layer23_out_read, i32 256, i32 271" [firmware/nnet_utils/nnet_activation_stream.h:44]   --->   Operation 37 'partselect' 'trunc_ln44_26' <Predicate = true> <Delay = 0.00>
ST_1 : Operation 38 [1/1] (0.00ns)   --->   "%trunc_ln44_48 = partselect i15 @_ssdm_op_PartSelect.i15.i384.i32.i32, i384 %layer23_out_read, i32 256, i32 270" [firmware/nnet_utils/nnet_activation_stream.h:44]   --->   Operation 38 'partselect' 'trunc_ln44_48' <Predicate = true> <Delay = 0.00>
ST_1 : Operation 39 [1/1] (0.00ns)   --->   "%trunc_ln44_27 = partselect i16 @_ssdm_op_PartSelect.i16.i384.i32.i32, i384 %layer23_out_read, i32 272, i32 287" [firmware/nnet_utils/nnet_activation_stream.h:44]   --->   Operation 39 'partselect' 'trunc_ln44_27' <Predicate = true> <Delay = 0.00>
ST_1 : Operation 40 [1/1] (0.00ns)   --->   "%trunc_ln44_49 = partselect i15 @_ssdm_op_PartSelect.i15.i384.i32.i32, i384 %layer23_out_read, i32 272, i32 286" [firmware/nnet_utils/nnet_activation_stream.h:44]   --->   Operation 40 'partselect' 'trunc_ln44_49' <Predicate = true> <Delay = 0.00>
ST_1 : Operation 41 [1/1] (0.00ns)   --->   "%trunc_ln44_28 = partselect i16 @_ssdm_op_PartSelect.i16.i384.i32.i32, i384 %layer23_out_read, i32 288, i32 303" [firmware/nnet_utils/nnet_activation_stream.h:44]   --->   Operation 41 'partselect' 'trunc_ln44_28' <Predicate = true> <Delay = 0.00>
ST_1 : Operation 42 [1/1] (0.00ns)   --->   "%trunc_ln44_50 = partselect i15 @_ssdm_op_PartSelect.i15.i384.i32.i32, i384 %layer23_out_read, i32 288, i32 302" [firmware/nnet_utils/nnet_activation_stream.h:44]   --->   Operation 42 'partselect' 'trunc_ln44_50' <Predicate = true> <Delay = 0.00>
ST_1 : Operation 43 [1/1] (0.00ns)   --->   "%trunc_ln44_29 = partselect i16 @_ssdm_op_PartSelect.i16.i384.i32.i32, i384 %layer23_out_read, i32 304, i32 319" [firmware/nnet_utils/nnet_activation_stream.h:44]   --->   Operation 43 'partselect' 'trunc_ln44_29' <Predicate = true> <Delay = 0.00>
ST_1 : Operation 44 [1/1] (0.00ns)   --->   "%trunc_ln44_51 = partselect i15 @_ssdm_op_PartSelect.i15.i384.i32.i32, i384 %layer23_out_read, i32 304, i32 318" [firmware/nnet_utils/nnet_activation_stream.h:44]   --->   Operation 44 'partselect' 'trunc_ln44_51' <Predicate = true> <Delay = 0.00>
ST_1 : Operation 45 [1/1] (0.00ns)   --->   "%trunc_ln44_30 = partselect i16 @_ssdm_op_PartSelect.i16.i384.i32.i32, i384 %layer23_out_read, i32 320, i32 335" [firmware/nnet_utils/nnet_activation_stream.h:44]   --->   Operation 45 'partselect' 'trunc_ln44_30' <Predicate = true> <Delay = 0.00>
ST_1 : Operation 46 [1/1] (0.00ns)   --->   "%trunc_ln44_52 = partselect i15 @_ssdm_op_PartSelect.i15.i384.i32.i32, i384 %layer23_out_read, i32 320, i32 334" [firmware/nnet_utils/nnet_activation_stream.h:44]   --->   Operation 46 'partselect' 'trunc_ln44_52' <Predicate = true> <Delay = 0.00>
ST_1 : Operation 47 [1/1] (0.00ns)   --->   "%trunc_ln44_31 = partselect i16 @_ssdm_op_PartSelect.i16.i384.i32.i32, i384 %layer23_out_read, i32 336, i32 351" [firmware/nnet_utils/nnet_activation_stream.h:44]   --->   Operation 47 'partselect' 'trunc_ln44_31' <Predicate = true> <Delay = 0.00>
ST_1 : Operation 48 [1/1] (0.00ns)   --->   "%trunc_ln44_53 = partselect i15 @_ssdm_op_PartSelect.i15.i384.i32.i32, i384 %layer23_out_read, i32 336, i32 350" [firmware/nnet_utils/nnet_activation_stream.h:44]   --->   Operation 48 'partselect' 'trunc_ln44_53' <Predicate = true> <Delay = 0.00>
ST_1 : Operation 49 [1/1] (0.00ns)   --->   "%trunc_ln44_32 = partselect i16 @_ssdm_op_PartSelect.i16.i384.i32.i32, i384 %layer23_out_read, i32 352, i32 367" [firmware/nnet_utils/nnet_activation_stream.h:44]   --->   Operation 49 'partselect' 'trunc_ln44_32' <Predicate = true> <Delay = 0.00>
ST_1 : Operation 50 [1/1] (0.00ns)   --->   "%trunc_ln44_54 = partselect i15 @_ssdm_op_PartSelect.i15.i384.i32.i32, i384 %layer23_out_read, i32 352, i32 366" [firmware/nnet_utils/nnet_activation_stream.h:44]   --->   Operation 50 'partselect' 'trunc_ln44_54' <Predicate = true> <Delay = 0.00>
ST_1 : Operation 51 [1/1] (0.00ns)   --->   "%trunc_ln44_33 = partselect i16 @_ssdm_op_PartSelect.i16.i384.i32.i32, i384 %layer23_out_read, i32 368, i32 383" [firmware/nnet_utils/nnet_activation_stream.h:44]   --->   Operation 51 'partselect' 'trunc_ln44_33' <Predicate = true> <Delay = 0.00>
ST_1 : Operation 52 [1/1] (0.00ns)   --->   "%trunc_ln3 = partselect i15 @_ssdm_op_PartSelect.i15.i384.i32.i32, i384 %layer23_out_read, i32 368, i32 382" [firmware/nnet_utils/nnet_activation_stream.h:51]   --->   Operation 52 'partselect' 'trunc_ln3' <Predicate = true> <Delay = 0.00>

State 2 <SV = 1> <Delay = 3.14>
ST_2 : Operation 53 [1/1] (2.14ns)   --->   "%icmp_ln51 = icmp_sgt  i16 %trunc_ln44, i16 0" [firmware/nnet_utils/nnet_activation_stream.h:51]   --->   Operation 53 'icmp' 'icmp_ln51' <Predicate = true> <Delay = 2.14> <CoreInst = "Cmp">   --->   Core 9 'Cmp' <Latency = 0> <II = 1> <Delay = 2.14> <FuncUnit> <Opcode : 'seteq' 'setne' 'setle' 'setge' 'setlt' 'setgt'> <InPorts = 2> <OutPorts = 1>
ST_2 : Operation 54 [1/1] (0.99ns)   --->   "%select_ln51 = select i1 %icmp_ln51, i15 %trunc_ln44_56, i15 0" [firmware/nnet_utils/nnet_activation_stream.h:51]   --->   Operation 54 'select' 'select_ln51' <Predicate = true> <Delay = 0.99> <CoreInst = "Sel">   --->   Core 73 'Sel' <Latency = 0> <II = 1> <Delay = 0.99> <FuncUnit> <Opcode : 'select'> <InPorts = 3> <OutPorts = 1>
ST_2 : Operation 55 [1/1] (2.14ns)   --->   "%icmp_ln51_11 = icmp_sgt  i16 %trunc_ln44_11, i16 0" [firmware/nnet_utils/nnet_activation_stream.h:51]   --->   Operation 55 'icmp' 'icmp_ln51_11' <Predicate = true> <Delay = 2.14> <CoreInst = "Cmp">   --->   Core 9 'Cmp' <Latency = 0> <II = 1> <Delay = 2.14> <FuncUnit> <Opcode : 'seteq' 'setne' 'setle' 'setge' 'setlt' 'setgt'> <InPorts = 2> <OutPorts = 1>
ST_2 : Operation 56 [1/1] (0.99ns)   --->   "%select_ln51_11 = select i1 %icmp_ln51_11, i15 %trunc_ln44_s, i15 0" [firmware/nnet_utils/nnet_activation_stream.h:51]   --->   Operation 56 'select' 'select_ln51_11' <Predicate = true> <Delay = 0.99> <CoreInst = "Sel">   --->   Core 73 'Sel' <Latency = 0> <II = 1> <Delay = 0.99> <FuncUnit> <Opcode : 'select'> <InPorts = 3> <OutPorts = 1>
ST_2 : Operation 57 [1/1] (2.14ns)   --->   "%icmp_ln51_12 = icmp_sgt  i16 %trunc_ln44_12, i16 0" [firmware/nnet_utils/nnet_activation_stream.h:51]   --->   Operation 57 'icmp' 'icmp_ln51_12' <Predicate = true> <Delay = 2.14> <CoreInst = "Cmp">   --->   Core 9 'Cmp' <Latency = 0> <II = 1> <Delay = 2.14> <FuncUnit> <Opcode : 'seteq' 'setne' 'setle' 'setge' 'setlt' 'setgt'> <InPorts = 2> <OutPorts = 1>
ST_2 : Operation 58 [1/1] (0.99ns)   --->   "%select_ln51_12 = select i1 %icmp_ln51_12, i15 %trunc_ln44_34, i15 0" [firmware/nnet_utils/nnet_activation_stream.h:51]   --->   Operation 58 'select' 'select_ln51_12' <Predicate = true> <Delay = 0.99> <CoreInst = "Sel">   --->   Core 73 'Sel' <Latency = 0> <II = 1> <Delay = 0.99> <FuncUnit> <Opcode : 'select'> <InPorts = 3> <OutPorts = 1>
ST_2 : Operation 59 [1/1] (2.14ns)   --->   "%icmp_ln51_13 = icmp_sgt  i16 %trunc_ln44_13, i16 0" [firmware/nnet_utils/nnet_activation_stream.h:51]   --->   Operation 59 'icmp' 'icmp_ln51_13' <Predicate = true> <Delay = 2.14> <CoreInst = "Cmp">   --->   Core 9 'Cmp' <Latency = 0> <II = 1> <Delay = 2.14> <FuncUnit> <Opcode : 'seteq' 'setne' 'setle' 'setge' 'setlt' 'setgt'> <InPorts = 2> <OutPorts = 1>
ST_2 : Operation 60 [1/1] (0.99ns)   --->   "%select_ln51_13 = select i1 %icmp_ln51_13, i15 %trunc_ln44_35, i15 0" [firmware/nnet_utils/nnet_activation_stream.h:51]   --->   Operation 60 'select' 'select_ln51_13' <Predicate = true> <Delay = 0.99> <CoreInst = "Sel">   --->   Core 73 'Sel' <Latency = 0> <II = 1> <Delay = 0.99> <FuncUnit> <Opcode : 'select'> <InPorts = 3> <OutPorts = 1>
ST_2 : Operation 61 [1/1] (2.14ns)   --->   "%icmp_ln51_14 = icmp_sgt  i16 %trunc_ln44_14, i16 0" [firmware/nnet_utils/nnet_activation_stream.h:51]   --->   Operation 61 'icmp' 'icmp_ln51_14' <Predicate = true> <Delay = 2.14> <CoreInst = "Cmp">   --->   Core 9 'Cmp' <Latency = 0> <II = 1> <Delay = 2.14> <FuncUnit> <Opcode : 'seteq' 'setne' 'setle' 'setge' 'setlt' 'setgt'> <InPorts = 2> <OutPorts = 1>
ST_2 : Operation 62 [1/1] (0.99ns)   --->   "%select_ln51_14 = select i1 %icmp_ln51_14, i15 %trunc_ln44_36, i15 0" [firmware/nnet_utils/nnet_activation_stream.h:51]   --->   Operation 62 'select' 'select_ln51_14' <Predicate = true> <Delay = 0.99> <CoreInst = "Sel">   --->   Core 73 'Sel' <Latency = 0> <II = 1> <Delay = 0.99> <FuncUnit> <Opcode : 'select'> <InPorts = 3> <OutPorts = 1>
ST_2 : Operation 63 [1/1] (2.14ns)   --->   "%icmp_ln51_15 = icmp_sgt  i16 %trunc_ln44_15, i16 0" [firmware/nnet_utils/nnet_activation_stream.h:51]   --->   Operation 63 'icmp' 'icmp_ln51_15' <Predicate = true> <Delay = 2.14> <CoreInst = "Cmp">   --->   Core 9 'Cmp' <Latency = 0> <II = 1> <Delay = 2.14> <FuncUnit> <Opcode : 'seteq' 'setne' 'setle' 'setge' 'setlt' 'setgt'> <InPorts = 2> <OutPorts = 1>
ST_2 : Operation 64 [1/1] (0.99ns)   --->   "%select_ln51_15 = select i1 %icmp_ln51_15, i15 %trunc_ln44_37, i15 0" [firmware/nnet_utils/nnet_activation_stream.h:51]   --->   Operation 64 'select' 'select_ln51_15' <Predicate = true> <Delay = 0.99> <CoreInst = "Sel">   --->   Core 73 'Sel' <Latency = 0> <II = 1> <Delay = 0.99> <FuncUnit> <Opcode : 'select'> <InPorts = 3> <OutPorts = 1>
ST_2 : Operation 65 [1/1] (2.14ns)   --->   "%icmp_ln51_16 = icmp_sgt  i16 %trunc_ln44_16, i16 0" [firmware/nnet_utils/nnet_activation_stream.h:51]   --->   Operation 65 'icmp' 'icmp_ln51_16' <Predicate = true> <Delay = 2.14> <CoreInst = "Cmp">   --->   Core 9 'Cmp' <Latency = 0> <II = 1> <Delay = 2.14> <FuncUnit> <Opcode : 'seteq' 'setne' 'setle' 'setge' 'setlt' 'setgt'> <InPorts = 2> <OutPorts = 1>
ST_2 : Operation 66 [1/1] (0.99ns)   --->   "%select_ln51_16 = select i1 %icmp_ln51_16, i15 %trunc_ln44_38, i15 0" [firmware/nnet_utils/nnet_activation_stream.h:51]   --->   Operation 66 'select' 'select_ln51_16' <Predicate = true> <Delay = 0.99> <CoreInst = "Sel">   --->   Core 73 'Sel' <Latency = 0> <II = 1> <Delay = 0.99> <FuncUnit> <Opcode : 'select'> <InPorts = 3> <OutPorts = 1>
ST_2 : Operation 67 [1/1] (2.14ns)   --->   "%icmp_ln51_17 = icmp_sgt  i16 %trunc_ln44_17, i16 0" [firmware/nnet_utils/nnet_activation_stream.h:51]   --->   Operation 67 'icmp' 'icmp_ln51_17' <Predicate = true> <Delay = 2.14> <CoreInst = "Cmp">   --->   Core 9 'Cmp' <Latency = 0> <II = 1> <Delay = 2.14> <FuncUnit> <Opcode : 'seteq' 'setne' 'setle' 'setge' 'setlt' 'setgt'> <InPorts = 2> <OutPorts = 1>
ST_2 : Operation 68 [1/1] (0.99ns)   --->   "%select_ln51_17 = select i1 %icmp_ln51_17, i15 %trunc_ln44_39, i15 0" [firmware/nnet_utils/nnet_activation_stream.h:51]   --->   Operation 68 'select' 'select_ln51_17' <Predicate = true> <Delay = 0.99> <CoreInst = "Sel">   --->   Core 73 'Sel' <Latency = 0> <II = 1> <Delay = 0.99> <FuncUnit> <Opcode : 'select'> <InPorts = 3> <OutPorts = 1>
ST_2 : Operation 69 [1/1] (2.14ns)   --->   "%icmp_ln51_18 = icmp_sgt  i16 %trunc_ln44_18, i16 0" [firmware/nnet_utils/nnet_activation_stream.h:51]   --->   Operation 69 'icmp' 'icmp_ln51_18' <Predicate = true> <Delay = 2.14> <CoreInst = "Cmp">   --->   Core 9 'Cmp' <Latency = 0> <II = 1> <Delay = 2.14> <FuncUnit> <Opcode : 'seteq' 'setne' 'setle' 'setge' 'setlt' 'setgt'> <InPorts = 2> <OutPorts = 1>
ST_2 : Operation 70 [1/1] (0.99ns)   --->   "%select_ln51_18 = select i1 %icmp_ln51_18, i15 %trunc_ln44_40, i15 0" [firmware/nnet_utils/nnet_activation_stream.h:51]   --->   Operation 70 'select' 'select_ln51_18' <Predicate = true> <Delay = 0.99> <CoreInst = "Sel">   --->   Core 73 'Sel' <Latency = 0> <II = 1> <Delay = 0.99> <FuncUnit> <Opcode : 'select'> <InPorts = 3> <OutPorts = 1>
ST_2 : Operation 71 [1/1] (2.14ns)   --->   "%icmp_ln51_19 = icmp_sgt  i16 %trunc_ln44_19, i16 0" [firmware/nnet_utils/nnet_activation_stream.h:51]   --->   Operation 71 'icmp' 'icmp_ln51_19' <Predicate = true> <Delay = 2.14> <CoreInst = "Cmp">   --->   Core 9 'Cmp' <Latency = 0> <II = 1> <Delay = 2.14> <FuncUnit> <Opcode : 'seteq' 'setne' 'setle' 'setge' 'setlt' 'setgt'> <InPorts = 2> <OutPorts = 1>
ST_2 : Operation 72 [1/1] (0.99ns)   --->   "%select_ln51_19 = select i1 %icmp_ln51_19, i15 %trunc_ln44_41, i15 0" [firmware/nnet_utils/nnet_activation_stream.h:51]   --->   Operation 72 'select' 'select_ln51_19' <Predicate = true> <Delay = 0.99> <CoreInst = "Sel">   --->   Core 73 'Sel' <Latency = 0> <II = 1> <Delay = 0.99> <FuncUnit> <Opcode : 'select'> <InPorts = 3> <OutPorts = 1>
ST_2 : Operation 73 [1/1] (2.14ns)   --->   "%icmp_ln51_20 = icmp_sgt  i16 %trunc_ln44_20, i16 0" [firmware/nnet_utils/nnet_activation_stream.h:51]   --->   Operation 73 'icmp' 'icmp_ln51_20' <Predicate = true> <Delay = 2.14> <CoreInst = "Cmp">   --->   Core 9 'Cmp' <Latency = 0> <II = 1> <Delay = 2.14> <FuncUnit> <Opcode : 'seteq' 'setne' 'setle' 'setge' 'setlt' 'setgt'> <InPorts = 2> <OutPorts = 1>
ST_2 : Operation 74 [1/1] (0.99ns)   --->   "%select_ln51_20 = select i1 %icmp_ln51_20, i15 %trunc_ln44_42, i15 0" [firmware/nnet_utils/nnet_activation_stream.h:51]   --->   Operation 74 'select' 'select_ln51_20' <Predicate = true> <Delay = 0.99> <CoreInst = "Sel">   --->   Core 73 'Sel' <Latency = 0> <II = 1> <Delay = 0.99> <FuncUnit> <Opcode : 'select'> <InPorts = 3> <OutPorts = 1>
ST_2 : Operation 75 [1/1] (2.14ns)   --->   "%icmp_ln51_21 = icmp_sgt  i16 %trunc_ln44_21, i16 0" [firmware/nnet_utils/nnet_activation_stream.h:51]   --->   Operation 75 'icmp' 'icmp_ln51_21' <Predicate = true> <Delay = 2.14> <CoreInst = "Cmp">   --->   Core 9 'Cmp' <Latency = 0> <II = 1> <Delay = 2.14> <FuncUnit> <Opcode : 'seteq' 'setne' 'setle' 'setge' 'setlt' 'setgt'> <InPorts = 2> <OutPorts = 1>
ST_2 : Operation 76 [1/1] (0.99ns)   --->   "%select_ln51_21 = select i1 %icmp_ln51_21, i15 %trunc_ln44_43, i15 0" [firmware/nnet_utils/nnet_activation_stream.h:51]   --->   Operation 76 'select' 'select_ln51_21' <Predicate = true> <Delay = 0.99> <CoreInst = "Sel">   --->   Core 73 'Sel' <Latency = 0> <II = 1> <Delay = 0.99> <FuncUnit> <Opcode : 'select'> <InPorts = 3> <OutPorts = 1>
ST_2 : Operation 77 [1/1] (2.14ns)   --->   "%icmp_ln51_22 = icmp_sgt  i16 %trunc_ln44_22, i16 0" [firmware/nnet_utils/nnet_activation_stream.h:51]   --->   Operation 77 'icmp' 'icmp_ln51_22' <Predicate = true> <Delay = 2.14> <CoreInst = "Cmp">   --->   Core 9 'Cmp' <Latency = 0> <II = 1> <Delay = 2.14> <FuncUnit> <Opcode : 'seteq' 'setne' 'setle' 'setge' 'setlt' 'setgt'> <InPorts = 2> <OutPorts = 1>
ST_2 : Operation 78 [1/1] (0.99ns)   --->   "%select_ln51_22 = select i1 %icmp_ln51_22, i15 %trunc_ln44_44, i15 0" [firmware/nnet_utils/nnet_activation_stream.h:51]   --->   Operation 78 'select' 'select_ln51_22' <Predicate = true> <Delay = 0.99> <CoreInst = "Sel">   --->   Core 73 'Sel' <Latency = 0> <II = 1> <Delay = 0.99> <FuncUnit> <Opcode : 'select'> <InPorts = 3> <OutPorts = 1>
ST_2 : Operation 79 [1/1] (2.14ns)   --->   "%icmp_ln51_23 = icmp_sgt  i16 %trunc_ln44_23, i16 0" [firmware/nnet_utils/nnet_activation_stream.h:51]   --->   Operation 79 'icmp' 'icmp_ln51_23' <Predicate = true> <Delay = 2.14> <CoreInst = "Cmp">   --->   Core 9 'Cmp' <Latency = 0> <II = 1> <Delay = 2.14> <FuncUnit> <Opcode : 'seteq' 'setne' 'setle' 'setge' 'setlt' 'setgt'> <InPorts = 2> <OutPorts = 1>
ST_2 : Operation 80 [1/1] (0.99ns)   --->   "%select_ln51_23 = select i1 %icmp_ln51_23, i15 %trunc_ln44_45, i15 0" [firmware/nnet_utils/nnet_activation_stream.h:51]   --->   Operation 80 'select' 'select_ln51_23' <Predicate = true> <Delay = 0.99> <CoreInst = "Sel">   --->   Core 73 'Sel' <Latency = 0> <II = 1> <Delay = 0.99> <FuncUnit> <Opcode : 'select'> <InPorts = 3> <OutPorts = 1>
ST_2 : Operation 81 [1/1] (2.14ns)   --->   "%icmp_ln51_24 = icmp_sgt  i16 %trunc_ln44_24, i16 0" [firmware/nnet_utils/nnet_activation_stream.h:51]   --->   Operation 81 'icmp' 'icmp_ln51_24' <Predicate = true> <Delay = 2.14> <CoreInst = "Cmp">   --->   Core 9 'Cmp' <Latency = 0> <II = 1> <Delay = 2.14> <FuncUnit> <Opcode : 'seteq' 'setne' 'setle' 'setge' 'setlt' 'setgt'> <InPorts = 2> <OutPorts = 1>
ST_2 : Operation 82 [1/1] (0.99ns)   --->   "%select_ln51_24 = select i1 %icmp_ln51_24, i15 %trunc_ln44_46, i15 0" [firmware/nnet_utils/nnet_activation_stream.h:51]   --->   Operation 82 'select' 'select_ln51_24' <Predicate = true> <Delay = 0.99> <CoreInst = "Sel">   --->   Core 73 'Sel' <Latency = 0> <II = 1> <Delay = 0.99> <FuncUnit> <Opcode : 'select'> <InPorts = 3> <OutPorts = 1>
ST_2 : Operation 83 [1/1] (2.14ns)   --->   "%icmp_ln51_25 = icmp_sgt  i16 %trunc_ln44_25, i16 0" [firmware/nnet_utils/nnet_activation_stream.h:51]   --->   Operation 83 'icmp' 'icmp_ln51_25' <Predicate = true> <Delay = 2.14> <CoreInst = "Cmp">   --->   Core 9 'Cmp' <Latency = 0> <II = 1> <Delay = 2.14> <FuncUnit> <Opcode : 'seteq' 'setne' 'setle' 'setge' 'setlt' 'setgt'> <InPorts = 2> <OutPorts = 1>
ST_2 : Operation 84 [1/1] (0.99ns)   --->   "%select_ln51_25 = select i1 %icmp_ln51_25, i15 %trunc_ln44_47, i15 0" [firmware/nnet_utils/nnet_activation_stream.h:51]   --->   Operation 84 'select' 'select_ln51_25' <Predicate = true> <Delay = 0.99> <CoreInst = "Sel">   --->   Core 73 'Sel' <Latency = 0> <II = 1> <Delay = 0.99> <FuncUnit> <Opcode : 'select'> <InPorts = 3> <OutPorts = 1>
ST_2 : Operation 85 [1/1] (2.14ns)   --->   "%icmp_ln51_26 = icmp_sgt  i16 %trunc_ln44_26, i16 0" [firmware/nnet_utils/nnet_activation_stream.h:51]   --->   Operation 85 'icmp' 'icmp_ln51_26' <Predicate = true> <Delay = 2.14> <CoreInst = "Cmp">   --->   Core 9 'Cmp' <Latency = 0> <II = 1> <Delay = 2.14> <FuncUnit> <Opcode : 'seteq' 'setne' 'setle' 'setge' 'setlt' 'setgt'> <InPorts = 2> <OutPorts = 1>
ST_2 : Operation 86 [1/1] (0.99ns)   --->   "%select_ln51_26 = select i1 %icmp_ln51_26, i15 %trunc_ln44_48, i15 0" [firmware/nnet_utils/nnet_activation_stream.h:51]   --->   Operation 86 'select' 'select_ln51_26' <Predicate = true> <Delay = 0.99> <CoreInst = "Sel">   --->   Core 73 'Sel' <Latency = 0> <II = 1> <Delay = 0.99> <FuncUnit> <Opcode : 'select'> <InPorts = 3> <OutPorts = 1>
ST_2 : Operation 87 [1/1] (2.14ns)   --->   "%icmp_ln51_27 = icmp_sgt  i16 %trunc_ln44_27, i16 0" [firmware/nnet_utils/nnet_activation_stream.h:51]   --->   Operation 87 'icmp' 'icmp_ln51_27' <Predicate = true> <Delay = 2.14> <CoreInst = "Cmp">   --->   Core 9 'Cmp' <Latency = 0> <II = 1> <Delay = 2.14> <FuncUnit> <Opcode : 'seteq' 'setne' 'setle' 'setge' 'setlt' 'setgt'> <InPorts = 2> <OutPorts = 1>
ST_2 : Operation 88 [1/1] (0.99ns)   --->   "%select_ln51_27 = select i1 %icmp_ln51_27, i15 %trunc_ln44_49, i15 0" [firmware/nnet_utils/nnet_activation_stream.h:51]   --->   Operation 88 'select' 'select_ln51_27' <Predicate = true> <Delay = 0.99> <CoreInst = "Sel">   --->   Core 73 'Sel' <Latency = 0> <II = 1> <Delay = 0.99> <FuncUnit> <Opcode : 'select'> <InPorts = 3> <OutPorts = 1>
ST_2 : Operation 89 [1/1] (2.14ns)   --->   "%icmp_ln51_28 = icmp_sgt  i16 %trunc_ln44_28, i16 0" [firmware/nnet_utils/nnet_activation_stream.h:51]   --->   Operation 89 'icmp' 'icmp_ln51_28' <Predicate = true> <Delay = 2.14> <CoreInst = "Cmp">   --->   Core 9 'Cmp' <Latency = 0> <II = 1> <Delay = 2.14> <FuncUnit> <Opcode : 'seteq' 'setne' 'setle' 'setge' 'setlt' 'setgt'> <InPorts = 2> <OutPorts = 1>
ST_2 : Operation 90 [1/1] (0.99ns)   --->   "%select_ln51_28 = select i1 %icmp_ln51_28, i15 %trunc_ln44_50, i15 0" [firmware/nnet_utils/nnet_activation_stream.h:51]   --->   Operation 90 'select' 'select_ln51_28' <Predicate = true> <Delay = 0.99> <CoreInst = "Sel">   --->   Core 73 'Sel' <Latency = 0> <II = 1> <Delay = 0.99> <FuncUnit> <Opcode : 'select'> <InPorts = 3> <OutPorts = 1>
ST_2 : Operation 91 [1/1] (2.14ns)   --->   "%icmp_ln51_29 = icmp_sgt  i16 %trunc_ln44_29, i16 0" [firmware/nnet_utils/nnet_activation_stream.h:51]   --->   Operation 91 'icmp' 'icmp_ln51_29' <Predicate = true> <Delay = 2.14> <CoreInst = "Cmp">   --->   Core 9 'Cmp' <Latency = 0> <II = 1> <Delay = 2.14> <FuncUnit> <Opcode : 'seteq' 'setne' 'setle' 'setge' 'setlt' 'setgt'> <InPorts = 2> <OutPorts = 1>
ST_2 : Operation 92 [1/1] (0.99ns)   --->   "%select_ln51_29 = select i1 %icmp_ln51_29, i15 %trunc_ln44_51, i15 0" [firmware/nnet_utils/nnet_activation_stream.h:51]   --->   Operation 92 'select' 'select_ln51_29' <Predicate = true> <Delay = 0.99> <CoreInst = "Sel">   --->   Core 73 'Sel' <Latency = 0> <II = 1> <Delay = 0.99> <FuncUnit> <Opcode : 'select'> <InPorts = 3> <OutPorts = 1>
ST_2 : Operation 93 [1/1] (2.14ns)   --->   "%icmp_ln51_30 = icmp_sgt  i16 %trunc_ln44_30, i16 0" [firmware/nnet_utils/nnet_activation_stream.h:51]   --->   Operation 93 'icmp' 'icmp_ln51_30' <Predicate = true> <Delay = 2.14> <CoreInst = "Cmp">   --->   Core 9 'Cmp' <Latency = 0> <II = 1> <Delay = 2.14> <FuncUnit> <Opcode : 'seteq' 'setne' 'setle' 'setge' 'setlt' 'setgt'> <InPorts = 2> <OutPorts = 1>
ST_2 : Operation 94 [1/1] (0.99ns)   --->   "%select_ln51_30 = select i1 %icmp_ln51_30, i15 %trunc_ln44_52, i15 0" [firmware/nnet_utils/nnet_activation_stream.h:51]   --->   Operation 94 'select' 'select_ln51_30' <Predicate = true> <Delay = 0.99> <CoreInst = "Sel">   --->   Core 73 'Sel' <Latency = 0> <II = 1> <Delay = 0.99> <FuncUnit> <Opcode : 'select'> <InPorts = 3> <OutPorts = 1>
ST_2 : Operation 95 [1/1] (2.14ns)   --->   "%icmp_ln51_31 = icmp_sgt  i16 %trunc_ln44_31, i16 0" [firmware/nnet_utils/nnet_activation_stream.h:51]   --->   Operation 95 'icmp' 'icmp_ln51_31' <Predicate = true> <Delay = 2.14> <CoreInst = "Cmp">   --->   Core 9 'Cmp' <Latency = 0> <II = 1> <Delay = 2.14> <FuncUnit> <Opcode : 'seteq' 'setne' 'setle' 'setge' 'setlt' 'setgt'> <InPorts = 2> <OutPorts = 1>
ST_2 : Operation 96 [1/1] (0.99ns)   --->   "%select_ln51_31 = select i1 %icmp_ln51_31, i15 %trunc_ln44_53, i15 0" [firmware/nnet_utils/nnet_activation_stream.h:51]   --->   Operation 96 'select' 'select_ln51_31' <Predicate = true> <Delay = 0.99> <CoreInst = "Sel">   --->   Core 73 'Sel' <Latency = 0> <II = 1> <Delay = 0.99> <FuncUnit> <Opcode : 'select'> <InPorts = 3> <OutPorts = 1>
ST_2 : Operation 97 [1/1] (2.14ns)   --->   "%icmp_ln51_32 = icmp_sgt  i16 %trunc_ln44_32, i16 0" [firmware/nnet_utils/nnet_activation_stream.h:51]   --->   Operation 97 'icmp' 'icmp_ln51_32' <Predicate = true> <Delay = 2.14> <CoreInst = "Cmp">   --->   Core 9 'Cmp' <Latency = 0> <II = 1> <Delay = 2.14> <FuncUnit> <Opcode : 'seteq' 'setne' 'setle' 'setge' 'setlt' 'setgt'> <InPorts = 2> <OutPorts = 1>
ST_2 : Operation 98 [1/1] (0.99ns)   --->   "%select_ln51_32 = select i1 %icmp_ln51_32, i15 %trunc_ln44_54, i15 0" [firmware/nnet_utils/nnet_activation_stream.h:51]   --->   Operation 98 'select' 'select_ln51_32' <Predicate = true> <Delay = 0.99> <CoreInst = "Sel">   --->   Core 73 'Sel' <Latency = 0> <II = 1> <Delay = 0.99> <FuncUnit> <Opcode : 'select'> <InPorts = 3> <OutPorts = 1>
ST_2 : Operation 99 [1/1] (2.14ns)   --->   "%icmp_ln51_33 = icmp_sgt  i16 %trunc_ln44_33, i16 0" [firmware/nnet_utils/nnet_activation_stream.h:51]   --->   Operation 99 'icmp' 'icmp_ln51_33' <Predicate = true> <Delay = 2.14> <CoreInst = "Cmp">   --->   Core 9 'Cmp' <Latency = 0> <II = 1> <Delay = 2.14> <FuncUnit> <Opcode : 'seteq' 'setne' 'setle' 'setge' 'setlt' 'setgt'> <InPorts = 2> <OutPorts = 1>
ST_2 : Operation 100 [1/1] (0.99ns)   --->   "%select_ln51_33 = select i1 %icmp_ln51_33, i15 %trunc_ln3, i15 0" [firmware/nnet_utils/nnet_activation_stream.h:51]   --->   Operation 100 'select' 'select_ln51_33' <Predicate = true> <Delay = 0.99> <CoreInst = "Sel">   --->   Core 73 'Sel' <Latency = 0> <II = 1> <Delay = 0.99> <FuncUnit> <Opcode : 'select'> <InPorts = 3> <OutPorts = 1>

State 3 <SV = 2> <Delay = 1.82>
ST_3 : Operation 101 [1/1] (0.00ns)   --->   "%specinterface_ln0 = specinterface void @_ssdm_op_SpecInterface, i384 %layer20_out, void @empty, i32 0, i32 0, void @empty_7, i32 0, i32 0, void @empty_7, void @empty_7, void @empty_7, i32 0, i32 0, i32 0, i32 0, void @empty_7, void @empty_7, i32 4294967295, i32 0, i32 0, i32 0"   --->   Operation 101 'specinterface' 'specinterface_ln0' <Predicate = true> <Delay = 0.00>
ST_3 : Operation 102 [1/1] (0.00ns)   --->   "%specinterface_ln0 = specinterface void @_ssdm_op_SpecInterface, i384 %layer23_out, void @empty, i32 0, i32 0, void @empty_7, i32 0, i32 0, void @empty_7, void @empty_7, void @empty_7, i32 0, i32 0, i32 0, i32 0, void @empty_7, void @empty_7, i32 4294967295, i32 0, i32 0, i32 0"   --->   Operation 102 'specinterface' 'specinterface_ln0' <Predicate = true> <Delay = 0.00>
ST_3 : Operation 103 [1/1] (0.00ns)   --->   "%zext_ln51 = zext i15 %select_ln51" [firmware/nnet_utils/nnet_activation_stream.h:51]   --->   Operation 103 'zext' 'zext_ln51' <Predicate = true> <Delay = 0.00>
ST_3 : Operation 104 [1/1] (0.00ns)   --->   "%zext_ln51_9 = zext i15 %select_ln51_11" [firmware/nnet_utils/nnet_activation_stream.h:51]   --->   Operation 104 'zext' 'zext_ln51_9' <Predicate = true> <Delay = 0.00>
ST_3 : Operation 105 [1/1] (0.00ns)   --->   "%zext_ln51_10 = zext i15 %select_ln51_12" [firmware/nnet_utils/nnet_activation_stream.h:51]   --->   Operation 105 'zext' 'zext_ln51_10' <Predicate = true> <Delay = 0.00>
ST_3 : Operation 106 [1/1] (0.00ns)   --->   "%zext_ln51_11 = zext i15 %select_ln51_13" [firmware/nnet_utils/nnet_activation_stream.h:51]   --->   Operation 106 'zext' 'zext_ln51_11' <Predicate = true> <Delay = 0.00>
ST_3 : Operation 107 [1/1] (0.00ns)   --->   "%zext_ln51_12 = zext i15 %select_ln51_14" [firmware/nnet_utils/nnet_activation_stream.h:51]   --->   Operation 107 'zext' 'zext_ln51_12' <Predicate = true> <Delay = 0.00>
ST_3 : Operation 108 [1/1] (0.00ns)   --->   "%zext_ln51_13 = zext i15 %select_ln51_15" [firmware/nnet_utils/nnet_activation_stream.h:51]   --->   Operation 108 'zext' 'zext_ln51_13' <Predicate = true> <Delay = 0.00>
ST_3 : Operation 109 [1/1] (0.00ns)   --->   "%zext_ln51_14 = zext i15 %select_ln51_16" [firmware/nnet_utils/nnet_activation_stream.h:51]   --->   Operation 109 'zext' 'zext_ln51_14' <Predicate = true> <Delay = 0.00>
ST_3 : Operation 110 [1/1] (0.00ns)   --->   "%zext_ln51_15 = zext i15 %select_ln51_17" [firmware/nnet_utils/nnet_activation_stream.h:51]   --->   Operation 110 'zext' 'zext_ln51_15' <Predicate = true> <Delay = 0.00>
ST_3 : Operation 111 [1/1] (0.00ns)   --->   "%zext_ln51_16 = zext i15 %select_ln51_18" [firmware/nnet_utils/nnet_activation_stream.h:51]   --->   Operation 111 'zext' 'zext_ln51_16' <Predicate = true> <Delay = 0.00>
ST_3 : Operation 112 [1/1] (0.00ns)   --->   "%zext_ln51_17 = zext i15 %select_ln51_19" [firmware/nnet_utils/nnet_activation_stream.h:51]   --->   Operation 112 'zext' 'zext_ln51_17' <Predicate = true> <Delay = 0.00>
ST_3 : Operation 113 [1/1] (0.00ns)   --->   "%zext_ln51_18 = zext i15 %select_ln51_20" [firmware/nnet_utils/nnet_activation_stream.h:51]   --->   Operation 113 'zext' 'zext_ln51_18' <Predicate = true> <Delay = 0.00>
ST_3 : Operation 114 [1/1] (0.00ns)   --->   "%zext_ln51_19 = zext i15 %select_ln51_21" [firmware/nnet_utils/nnet_activation_stream.h:51]   --->   Operation 114 'zext' 'zext_ln51_19' <Predicate = true> <Delay = 0.00>
ST_3 : Operation 115 [1/1] (0.00ns)   --->   "%zext_ln51_20 = zext i15 %select_ln51_22" [firmware/nnet_utils/nnet_activation_stream.h:51]   --->   Operation 115 'zext' 'zext_ln51_20' <Predicate = true> <Delay = 0.00>
ST_3 : Operation 116 [1/1] (0.00ns)   --->   "%zext_ln51_21 = zext i15 %select_ln51_23" [firmware/nnet_utils/nnet_activation_stream.h:51]   --->   Operation 116 'zext' 'zext_ln51_21' <Predicate = true> <Delay = 0.00>
ST_3 : Operation 117 [1/1] (0.00ns)   --->   "%zext_ln51_22 = zext i15 %select_ln51_24" [firmware/nnet_utils/nnet_activation_stream.h:51]   --->   Operation 117 'zext' 'zext_ln51_22' <Predicate = true> <Delay = 0.00>
ST_3 : Operation 118 [1/1] (0.00ns)   --->   "%zext_ln51_23 = zext i15 %select_ln51_25" [firmware/nnet_utils/nnet_activation_stream.h:51]   --->   Operation 118 'zext' 'zext_ln51_23' <Predicate = true> <Delay = 0.00>
ST_3 : Operation 119 [1/1] (0.00ns)   --->   "%zext_ln51_24 = zext i15 %select_ln51_26" [firmware/nnet_utils/nnet_activation_stream.h:51]   --->   Operation 119 'zext' 'zext_ln51_24' <Predicate = true> <Delay = 0.00>
ST_3 : Operation 120 [1/1] (0.00ns)   --->   "%zext_ln51_25 = zext i15 %select_ln51_27" [firmware/nnet_utils/nnet_activation_stream.h:51]   --->   Operation 120 'zext' 'zext_ln51_25' <Predicate = true> <Delay = 0.00>
ST_3 : Operation 121 [1/1] (0.00ns)   --->   "%zext_ln51_26 = zext i15 %select_ln51_28" [firmware/nnet_utils/nnet_activation_stream.h:51]   --->   Operation 121 'zext' 'zext_ln51_26' <Predicate = true> <Delay = 0.00>
ST_3 : Operation 122 [1/1] (0.00ns)   --->   "%zext_ln51_27 = zext i15 %select_ln51_29" [firmware/nnet_utils/nnet_activation_stream.h:51]   --->   Operation 122 'zext' 'zext_ln51_27' <Predicate = true> <Delay = 0.00>
ST_3 : Operation 123 [1/1] (0.00ns)   --->   "%zext_ln51_28 = zext i15 %select_ln51_30" [firmware/nnet_utils/nnet_activation_stream.h:51]   --->   Operation 123 'zext' 'zext_ln51_28' <Predicate = true> <Delay = 0.00>
ST_3 : Operation 124 [1/1] (0.00ns)   --->   "%zext_ln51_29 = zext i15 %select_ln51_31" [firmware/nnet_utils/nnet_activation_stream.h:51]   --->   Operation 124 'zext' 'zext_ln51_29' <Predicate = true> <Delay = 0.00>
ST_3 : Operation 125 [1/1] (0.00ns)   --->   "%zext_ln51_30 = zext i15 %select_ln51_32" [firmware/nnet_utils/nnet_activation_stream.h:51]   --->   Operation 125 'zext' 'zext_ln51_30' <Predicate = true> <Delay = 0.00>
ST_3 : Operation 126 [1/1] (0.00ns)   --->   "%or_ln57_s = bitconcatenate i383 @_ssdm_op_BitConcatenate.i383.i15.i16.i16.i16.i16.i16.i16.i16.i16.i16.i16.i16.i16.i16.i16.i16.i16.i16.i16.i16.i16.i16.i16.i16, i15 %select_ln51_33, i16 %zext_ln51_30, i16 %zext_ln51_29, i16 %zext_ln51_28, i16 %zext_ln51_27, i16 %zext_ln51_26, i16 %zext_ln51_25, i16 %zext_ln51_24, i16 %zext_ln51_23, i16 %zext_ln51_22, i16 %zext_ln51_21, i16 %zext_ln51_20, i16 %zext_ln51_19, i16 %zext_ln51_18, i16 %zext_ln51_17, i16 %zext_ln51_16, i16 %zext_ln51_15, i16 %zext_ln51_14, i16 %zext_ln51_13, i16 %zext_ln51_12, i16 %zext_ln51_11, i16 %zext_ln51_10, i16 %zext_ln51_9, i16 %zext_ln51" [firmware/nnet_utils/nnet_activation_stream.h:57]   --->   Operation 126 'bitconcatenate' 'or_ln57_s' <Predicate = true> <Delay = 0.00>
ST_3 : Operation 127 [1/1] (0.00ns)   --->   "%zext_ln57 = zext i383 %or_ln57_s" [firmware/nnet_utils/nnet_activation_stream.h:57]   --->   Operation 127 'zext' 'zext_ln57' <Predicate = true> <Delay = 0.00>
ST_3 : Operation 128 [1/1] ( I:1.82ns O:1.82ns )   --->   "%write_ln57 = write void @_ssdm_op_Write.ap_fifo.volatile.i384P0A, i384 %layer20_out, i384 %zext_ln57" [firmware/nnet_utils/nnet_activation_stream.h:57]   --->   Operation 128 'write' 'write_ln57' <Predicate = true> <Delay = 1.82> <CoreInst = "FIFO_SRL">   --->   Core 80 'FIFO_SRL' <Latency = 0> <II = 1> <Delay = 3.90> <Storage> <Opcode : 'read' 'write' 'nbread' 'nbwrite'> <Ports = 0> <Width = 384> <Depth = 1> <FIFO>
ST_3 : Operation 129 [1/1] (0.00ns)   --->   "%ret_ln59 = ret" [firmware/nnet_utils/nnet_activation_stream.h:59]   --->   Operation 129 'ret' 'ret_ln59' <Predicate = true> <Delay = 0.00>


============================================================
+ Verbose Summary: Binding
============================================================
STG Binding: 
---------------- STG Properties BEGIN ----------------
- Is combinational: 0
- Is one-state seq: 0
- Is datapath-only: 0
- Is pipelined: 0
- Is top level: 0
Port [ Return ] is wired: 1; IO mode=ap_ctrl_hs:ce=0
Port [ layer23_out]:  wired=1; compound=1; hidden=0; nouse=0; global=0; static=0; extern=0; dir=0; type=3; pingpong=0; private_global=0; IO mode=ap_fifo:ce=0
Port [ layer20_out]:  wired=1; compound=1; hidden=0; nouse=0; global=0; static=0; extern=0; dir=1; type=3; pingpong=0; private_global=0; IO mode=ap_fifo:ce=0
---------------- STG Properties END ------------------

---------------- Datapath Model BEGIN ----------------

<LifeTime>
<method=bitvector/>
layer23_out_read  (read          ) [ 0000]
trunc_ln44        (trunc         ) [ 0010]
trunc_ln44_56     (trunc         ) [ 0010]
trunc_ln44_11     (partselect    ) [ 0010]
trunc_ln44_s      (partselect    ) [ 0010]
trunc_ln44_12     (partselect    ) [ 0010]
trunc_ln44_34     (partselect    ) [ 0010]
trunc_ln44_13     (partselect    ) [ 0010]
trunc_ln44_35     (partselect    ) [ 0010]
trunc_ln44_14     (partselect    ) [ 0010]
trunc_ln44_36     (partselect    ) [ 0010]
trunc_ln44_15     (partselect    ) [ 0010]
trunc_ln44_37     (partselect    ) [ 0010]
trunc_ln44_16     (partselect    ) [ 0010]
trunc_ln44_38     (partselect    ) [ 0010]
trunc_ln44_17     (partselect    ) [ 0010]
trunc_ln44_39     (partselect    ) [ 0010]
trunc_ln44_18     (partselect    ) [ 0010]
trunc_ln44_40     (partselect    ) [ 0010]
trunc_ln44_19     (partselect    ) [ 0010]
trunc_ln44_41     (partselect    ) [ 0010]
trunc_ln44_20     (partselect    ) [ 0010]
trunc_ln44_42     (partselect    ) [ 0010]
trunc_ln44_21     (partselect    ) [ 0010]
trunc_ln44_43     (partselect    ) [ 0010]
trunc_ln44_22     (partselect    ) [ 0010]
trunc_ln44_44     (partselect    ) [ 0010]
trunc_ln44_23     (partselect    ) [ 0010]
trunc_ln44_45     (partselect    ) [ 0010]
trunc_ln44_24     (partselect    ) [ 0010]
trunc_ln44_46     (partselect    ) [ 0010]
trunc_ln44_25     (partselect    ) [ 0010]
trunc_ln44_47     (partselect    ) [ 0010]
trunc_ln44_26     (partselect    ) [ 0010]
trunc_ln44_48     (partselect    ) [ 0010]
trunc_ln44_27     (partselect    ) [ 0010]
trunc_ln44_49     (partselect    ) [ 0010]
trunc_ln44_28     (partselect    ) [ 0010]
trunc_ln44_50     (partselect    ) [ 0010]
trunc_ln44_29     (partselect    ) [ 0010]
trunc_ln44_51     (partselect    ) [ 0010]
trunc_ln44_30     (partselect    ) [ 0010]
trunc_ln44_52     (partselect    ) [ 0010]
trunc_ln44_31     (partselect    ) [ 0010]
trunc_ln44_53     (partselect    ) [ 0010]
trunc_ln44_32     (partselect    ) [ 0010]
trunc_ln44_54     (partselect    ) [ 0010]
trunc_ln44_33     (partselect    ) [ 0010]
trunc_ln3         (partselect    ) [ 0010]
icmp_ln51         (icmp          ) [ 0000]
select_ln51       (select        ) [ 0001]
icmp_ln51_11      (icmp          ) [ 0000]
select_ln51_11    (select        ) [ 0001]
icmp_ln51_12      (icmp          ) [ 0000]
select_ln51_12    (select        ) [ 0001]
icmp_ln51_13      (icmp          ) [ 0000]
select_ln51_13    (select        ) [ 0001]
icmp_ln51_14      (icmp          ) [ 0000]
select_ln51_14    (select        ) [ 0001]
icmp_ln51_15      (icmp          ) [ 0000]
select_ln51_15    (select        ) [ 0001]
icmp_ln51_16      (icmp          ) [ 0000]
select_ln51_16    (select        ) [ 0001]
icmp_ln51_17      (icmp          ) [ 0000]
select_ln51_17    (select        ) [ 0001]
icmp_ln51_18      (icmp          ) [ 0000]
select_ln51_18    (select        ) [ 0001]
icmp_ln51_19      (icmp          ) [ 0000]
select_ln51_19    (select        ) [ 0001]
icmp_ln51_20      (icmp          ) [ 0000]
select_ln51_20    (select        ) [ 0001]
icmp_ln51_21      (icmp          ) [ 0000]
select_ln51_21    (select        ) [ 0001]
icmp_ln51_22      (icmp          ) [ 0000]
select_ln51_22    (select        ) [ 0001]
icmp_ln51_23      (icmp          ) [ 0000]
select_ln51_23    (select        ) [ 0001]
icmp_ln51_24      (icmp          ) [ 0000]
select_ln51_24    (select        ) [ 0001]
icmp_ln51_25      (icmp          ) [ 0000]
select_ln51_25    (select        ) [ 0001]
icmp_ln51_26      (icmp          ) [ 0000]
select_ln51_26    (select        ) [ 0001]
icmp_ln51_27      (icmp          ) [ 0000]
select_ln51_27    (select        ) [ 0001]
icmp_ln51_28      (icmp          ) [ 0000]
select_ln51_28    (select        ) [ 0001]
icmp_ln51_29      (icmp          ) [ 0000]
select_ln51_29    (select        ) [ 0001]
icmp_ln51_30      (icmp          ) [ 0000]
select_ln51_30    (select        ) [ 0001]
icmp_ln51_31      (icmp          ) [ 0000]
select_ln51_31    (select        ) [ 0001]
icmp_ln51_32      (icmp          ) [ 0000]
select_ln51_32    (select        ) [ 0001]
icmp_ln51_33      (icmp          ) [ 0000]
select_ln51_33    (select        ) [ 0001]
specinterface_ln0 (specinterface ) [ 0000]
specinterface_ln0 (specinterface ) [ 0000]
zext_ln51         (zext          ) [ 0000]
zext_ln51_9       (zext          ) [ 0000]
zext_ln51_10      (zext          ) [ 0000]
zext_ln51_11      (zext          ) [ 0000]
zext_ln51_12      (zext          ) [ 0000]
zext_ln51_13      (zext          ) [ 0000]
zext_ln51_14      (zext          ) [ 0000]
zext_ln51_15      (zext          ) [ 0000]
zext_ln51_16      (zext          ) [ 0000]
zext_ln51_17      (zext          ) [ 0000]
zext_ln51_18      (zext          ) [ 0000]
zext_ln51_19      (zext          ) [ 0000]
zext_ln51_20      (zext          ) [ 0000]
zext_ln51_21      (zext          ) [ 0000]
zext_ln51_22      (zext          ) [ 0000]
zext_ln51_23      (zext          ) [ 0000]
zext_ln51_24      (zext          ) [ 0000]
zext_ln51_25      (zext          ) [ 0000]
zext_ln51_26      (zext          ) [ 0000]
zext_ln51_27      (zext          ) [ 0000]
zext_ln51_28      (zext          ) [ 0000]
zext_ln51_29      (zext          ) [ 0000]
zext_ln51_30      (zext          ) [ 0000]
or_ln57_s         (bitconcatenate) [ 0000]
zext_ln57         (zext          ) [ 0000]
write_ln57        (write         ) [ 0000]
ret_ln59          (ret           ) [ 0000]
</LifeTime>

<model>

<comp_list>
<comp id="0" class="1000" name="layer23_out">
<pin_list>
<pin id="1" dir="1" index="0" bw="1" slack="0"/>
</pin_list>
<bind>
<StgValue><ssdm name="layer23_out"/></StgValue>
</bind>
</comp>

<comp id="2" class="1000" name="layer20_out">
<pin_list>
<pin id="3" dir="1" index="0" bw="1" slack="0"/>
</pin_list>
<bind>
<StgValue><ssdm name="layer20_out"/></StgValue>
</bind>
</comp>

<comp id="4" class="1001" name="const_4">
<pin_list>
<pin id="5" dir="1" index="0" bw="1" slack="0"/>
</pin_list>
<bind>
<StgValue><ssdm name="_ssdm_op_Read.ap_fifo.volatile.i384P0A"/></StgValue>
</bind>
</comp>

<comp id="6" class="1001" name="const_6">
<pin_list>
<pin id="7" dir="1" index="0" bw="1" slack="0"/>
</pin_list>
<bind>
<StgValue><ssdm name="_ssdm_op_PartSelect.i16.i384.i32.i32"/></StgValue>
</bind>
</comp>

<comp id="8" class="1001" name="const_8">
<pin_list>
<pin id="9" dir="1" index="0" bw="1" slack="0"/>
</pin_list>
<bind>
<StgValue><ssdm name=""/></StgValue>
</bind>
</comp>

<comp id="10" class="1001" name="const_10">
<pin_list>
<pin id="11" dir="1" index="0" bw="1" slack="0"/>
</pin_list>
<bind>
<StgValue><ssdm name=""/></StgValue>
</bind>
</comp>

<comp id="12" class="1001" name="const_12">
<pin_list>
<pin id="13" dir="1" index="0" bw="1" slack="0"/>
</pin_list>
<bind>
<StgValue><ssdm name="_ssdm_op_PartSelect.i15.i384.i32.i32"/></StgValue>
</bind>
</comp>

<comp id="14" class="1001" name="const_14">
<pin_list>
<pin id="15" dir="1" index="0" bw="1" slack="0"/>
</pin_list>
<bind>
<StgValue><ssdm name=""/></StgValue>
</bind>
</comp>

<comp id="16" class="1001" name="const_16">
<pin_list>
<pin id="17" dir="1" index="0" bw="1" slack="0"/>
</pin_list>
<bind>
<StgValue><ssdm name=""/></StgValue>
</bind>
</comp>

<comp id="18" class="1001" name="const_18">
<pin_list>
<pin id="19" dir="1" index="0" bw="1" slack="0"/>
</pin_list>
<bind>
<StgValue><ssdm name=""/></StgValue>
</bind>
</comp>

<comp id="20" class="1001" name="const_20">
<pin_list>
<pin id="21" dir="1" index="0" bw="1" slack="0"/>
</pin_list>
<bind>
<StgValue><ssdm name=""/></StgValue>
</bind>
</comp>

<comp id="22" class="1001" name="const_22">
<pin_list>
<pin id="23" dir="1" index="0" bw="1" slack="0"/>
</pin_list>
<bind>
<StgValue><ssdm name=""/></StgValue>
</bind>
</comp>

<comp id="24" class="1001" name="const_24">
<pin_list>
<pin id="25" dir="1" index="0" bw="1" slack="0"/>
</pin_list>
<bind>
<StgValue><ssdm name=""/></StgValue>
</bind>
</comp>

<comp id="26" class="1001" name="const_26">
<pin_list>
<pin id="27" dir="1" index="0" bw="1" slack="0"/>
</pin_list>
<bind>
<StgValue><ssdm name=""/></StgValue>
</bind>
</comp>

<comp id="28" class="1001" name="const_28">
<pin_list>
<pin id="29" dir="1" index="0" bw="1" slack="0"/>
</pin_list>
<bind>
<StgValue><ssdm name=""/></StgValue>
</bind>
</comp>

<comp id="30" class="1001" name="const_30">
<pin_list>
<pin id="31" dir="1" index="0" bw="1" slack="0"/>
</pin_list>
<bind>
<StgValue><ssdm name=""/></StgValue>
</bind>
</comp>

<comp id="32" class="1001" name="const_32">
<pin_list>
<pin id="33" dir="1" index="0" bw="1" slack="0"/>
</pin_list>
<bind>
<StgValue><ssdm name=""/></StgValue>
</bind>
</comp>

<comp id="34" class="1001" name="const_34">
<pin_list>
<pin id="35" dir="1" index="0" bw="1" slack="0"/>
</pin_list>
<bind>
<StgValue><ssdm name=""/></StgValue>
</bind>
</comp>

<comp id="36" class="1001" name="const_36">
<pin_list>
<pin id="37" dir="1" index="0" bw="1" slack="0"/>
</pin_list>
<bind>
<StgValue><ssdm name=""/></StgValue>
</bind>
</comp>

<comp id="38" class="1001" name="const_38">
<pin_list>
<pin id="39" dir="1" index="0" bw="1" slack="0"/>
</pin_list>
<bind>
<StgValue><ssdm name=""/></StgValue>
</bind>
</comp>

<comp id="40" class="1001" name="const_40">
<pin_list>
<pin id="41" dir="1" index="0" bw="1" slack="0"/>
</pin_list>
<bind>
<StgValue><ssdm name=""/></StgValue>
</bind>
</comp>

<comp id="42" class="1001" name="const_42">
<pin_list>
<pin id="43" dir="1" index="0" bw="1" slack="0"/>
</pin_list>
<bind>
<StgValue><ssdm name=""/></StgValue>
</bind>
</comp>

<comp id="44" class="1001" name="const_44">
<pin_list>
<pin id="45" dir="1" index="0" bw="1" slack="0"/>
</pin_list>
<bind>
<StgValue><ssdm name=""/></StgValue>
</bind>
</comp>

<comp id="46" class="1001" name="const_46">
<pin_list>
<pin id="47" dir="1" index="0" bw="1" slack="0"/>
</pin_list>
<bind>
<StgValue><ssdm name=""/></StgValue>
</bind>
</comp>

<comp id="48" class="1001" name="const_48">
<pin_list>
<pin id="49" dir="1" index="0" bw="1" slack="0"/>
</pin_list>
<bind>
<StgValue><ssdm name=""/></StgValue>
</bind>
</comp>

<comp id="50" class="1001" name="const_50">
<pin_list>
<pin id="51" dir="1" index="0" bw="1" slack="0"/>
</pin_list>
<bind>
<StgValue><ssdm name=""/></StgValue>
</bind>
</comp>

<comp id="52" class="1001" name="const_52">
<pin_list>
<pin id="53" dir="1" index="0" bw="1" slack="0"/>
</pin_list>
<bind>
<StgValue><ssdm name=""/></StgValue>
</bind>
</comp>

<comp id="54" class="1001" name="const_54">
<pin_list>
<pin id="55" dir="1" index="0" bw="1" slack="0"/>
</pin_list>
<bind>
<StgValue><ssdm name=""/></StgValue>
</bind>
</comp>

<comp id="56" class="1001" name="const_56">
<pin_list>
<pin id="57" dir="1" index="0" bw="1" slack="0"/>
</pin_list>
<bind>
<StgValue><ssdm name=""/></StgValue>
</bind>
</comp>

<comp id="58" class="1001" name="const_58">
<pin_list>
<pin id="59" dir="1" index="0" bw="1" slack="0"/>
</pin_list>
<bind>
<StgValue><ssdm name=""/></StgValue>
</bind>
</comp>

<comp id="60" class="1001" name="const_60">
<pin_list>
<pin id="61" dir="1" index="0" bw="1" slack="0"/>
</pin_list>
<bind>
<StgValue><ssdm name=""/></StgValue>
</bind>
</comp>

<comp id="62" class="1001" name="const_62">
<pin_list>
<pin id="63" dir="1" index="0" bw="1" slack="0"/>
</pin_list>
<bind>
<StgValue><ssdm name=""/></StgValue>
</bind>
</comp>

<comp id="64" class="1001" name="const_64">
<pin_list>
<pin id="65" dir="1" index="0" bw="1" slack="0"/>
</pin_list>
<bind>
<StgValue><ssdm name=""/></StgValue>
</bind>
</comp>

<comp id="66" class="1001" name="const_66">
<pin_list>
<pin id="67" dir="1" index="0" bw="1" slack="0"/>
</pin_list>
<bind>
<StgValue><ssdm name=""/></StgValue>
</bind>
</comp>

<comp id="68" class="1001" name="const_68">
<pin_list>
<pin id="69" dir="1" index="0" bw="1" slack="0"/>
</pin_list>
<bind>
<StgValue><ssdm name=""/></StgValue>
</bind>
</comp>

<comp id="70" class="1001" name="const_70">
<pin_list>
<pin id="71" dir="1" index="0" bw="1" slack="0"/>
</pin_list>
<bind>
<StgValue><ssdm name=""/></StgValue>
</bind>
</comp>

<comp id="72" class="1001" name="const_72">
<pin_list>
<pin id="73" dir="1" index="0" bw="1" slack="0"/>
</pin_list>
<bind>
<StgValue><ssdm name=""/></StgValue>
</bind>
</comp>

<comp id="74" class="1001" name="const_74">
<pin_list>
<pin id="75" dir="1" index="0" bw="1" slack="0"/>
</pin_list>
<bind>
<StgValue><ssdm name=""/></StgValue>
</bind>
</comp>

<comp id="76" class="1001" name="const_76">
<pin_list>
<pin id="77" dir="1" index="0" bw="1" slack="0"/>
</pin_list>
<bind>
<StgValue><ssdm name=""/></StgValue>
</bind>
</comp>

<comp id="78" class="1001" name="const_78">
<pin_list>
<pin id="79" dir="1" index="0" bw="1" slack="0"/>
</pin_list>
<bind>
<StgValue><ssdm name=""/></StgValue>
</bind>
</comp>

<comp id="80" class="1001" name="const_80">
<pin_list>
<pin id="81" dir="1" index="0" bw="1" slack="0"/>
</pin_list>
<bind>
<StgValue><ssdm name=""/></StgValue>
</bind>
</comp>

<comp id="82" class="1001" name="const_82">
<pin_list>
<pin id="83" dir="1" index="0" bw="1" slack="0"/>
</pin_list>
<bind>
<StgValue><ssdm name=""/></StgValue>
</bind>
</comp>

<comp id="84" class="1001" name="const_84">
<pin_list>
<pin id="85" dir="1" index="0" bw="1" slack="0"/>
</pin_list>
<bind>
<StgValue><ssdm name=""/></StgValue>
</bind>
</comp>

<comp id="86" class="1001" name="const_86">
<pin_list>
<pin id="87" dir="1" index="0" bw="1" slack="0"/>
</pin_list>
<bind>
<StgValue><ssdm name=""/></StgValue>
</bind>
</comp>

<comp id="88" class="1001" name="const_88">
<pin_list>
<pin id="89" dir="1" index="0" bw="1" slack="0"/>
</pin_list>
<bind>
<StgValue><ssdm name=""/></StgValue>
</bind>
</comp>

<comp id="90" class="1001" name="const_90">
<pin_list>
<pin id="91" dir="1" index="0" bw="1" slack="0"/>
</pin_list>
<bind>
<StgValue><ssdm name=""/></StgValue>
</bind>
</comp>

<comp id="92" class="1001" name="const_92">
<pin_list>
<pin id="93" dir="1" index="0" bw="1" slack="0"/>
</pin_list>
<bind>
<StgValue><ssdm name=""/></StgValue>
</bind>
</comp>

<comp id="94" class="1001" name="const_94">
<pin_list>
<pin id="95" dir="1" index="0" bw="1" slack="0"/>
</pin_list>
<bind>
<StgValue><ssdm name=""/></StgValue>
</bind>
</comp>

<comp id="96" class="1001" name="const_96">
<pin_list>
<pin id="97" dir="1" index="0" bw="1" slack="0"/>
</pin_list>
<bind>
<StgValue><ssdm name=""/></StgValue>
</bind>
</comp>

<comp id="98" class="1001" name="const_98">
<pin_list>
<pin id="99" dir="1" index="0" bw="1" slack="0"/>
</pin_list>
<bind>
<StgValue><ssdm name=""/></StgValue>
</bind>
</comp>

<comp id="100" class="1001" name="const_100">
<pin_list>
<pin id="101" dir="1" index="0" bw="1" slack="0"/>
</pin_list>
<bind>
<StgValue><ssdm name=""/></StgValue>
</bind>
</comp>

<comp id="102" class="1001" name="const_102">
<pin_list>
<pin id="103" dir="1" index="0" bw="1" slack="0"/>
</pin_list>
<bind>
<StgValue><ssdm name=""/></StgValue>
</bind>
</comp>

<comp id="104" class="1001" name="const_104">
<pin_list>
<pin id="105" dir="1" index="0" bw="1" slack="0"/>
</pin_list>
<bind>
<StgValue><ssdm name=""/></StgValue>
</bind>
</comp>

<comp id="106" class="1001" name="const_106">
<pin_list>
<pin id="107" dir="1" index="0" bw="1" slack="0"/>
</pin_list>
<bind>
<StgValue><ssdm name=""/></StgValue>
</bind>
</comp>

<comp id="108" class="1001" name="const_108">
<pin_list>
<pin id="109" dir="1" index="0" bw="1" slack="0"/>
</pin_list>
<bind>
<StgValue><ssdm name=""/></StgValue>
</bind>
</comp>

<comp id="110" class="1001" name="const_110">
<pin_list>
<pin id="111" dir="1" index="0" bw="1" slack="0"/>
</pin_list>
<bind>
<StgValue><ssdm name=""/></StgValue>
</bind>
</comp>

<comp id="112" class="1001" name="const_112">
<pin_list>
<pin id="113" dir="1" index="0" bw="1" slack="0"/>
</pin_list>
<bind>
<StgValue><ssdm name=""/></StgValue>
</bind>
</comp>

<comp id="114" class="1001" name="const_114">
<pin_list>
<pin id="115" dir="1" index="0" bw="1" slack="0"/>
</pin_list>
<bind>
<StgValue><ssdm name=""/></StgValue>
</bind>
</comp>

<comp id="116" class="1001" name="const_116">
<pin_list>
<pin id="117" dir="1" index="0" bw="1" slack="0"/>
</pin_list>
<bind>
<StgValue><ssdm name=""/></StgValue>
</bind>
</comp>

<comp id="118" class="1001" name="const_118">
<pin_list>
<pin id="119" dir="1" index="0" bw="1" slack="0"/>
</pin_list>
<bind>
<StgValue><ssdm name=""/></StgValue>
</bind>
</comp>

<comp id="120" class="1001" name="const_120">
<pin_list>
<pin id="121" dir="1" index="0" bw="1" slack="0"/>
</pin_list>
<bind>
<StgValue><ssdm name=""/></StgValue>
</bind>
</comp>

<comp id="122" class="1001" name="const_122">
<pin_list>
<pin id="123" dir="1" index="0" bw="1" slack="0"/>
</pin_list>
<bind>
<StgValue><ssdm name=""/></StgValue>
</bind>
</comp>

<comp id="124" class="1001" name="const_124">
<pin_list>
<pin id="125" dir="1" index="0" bw="1" slack="0"/>
</pin_list>
<bind>
<StgValue><ssdm name=""/></StgValue>
</bind>
</comp>

<comp id="126" class="1001" name="const_126">
<pin_list>
<pin id="127" dir="1" index="0" bw="1" slack="0"/>
</pin_list>
<bind>
<StgValue><ssdm name=""/></StgValue>
</bind>
</comp>

<comp id="128" class="1001" name="const_128">
<pin_list>
<pin id="129" dir="1" index="0" bw="1" slack="0"/>
</pin_list>
<bind>
<StgValue><ssdm name=""/></StgValue>
</bind>
</comp>

<comp id="130" class="1001" name="const_130">
<pin_list>
<pin id="131" dir="1" index="0" bw="1" slack="0"/>
</pin_list>
<bind>
<StgValue><ssdm name=""/></StgValue>
</bind>
</comp>

<comp id="132" class="1001" name="const_132">
<pin_list>
<pin id="133" dir="1" index="0" bw="1" slack="0"/>
</pin_list>
<bind>
<StgValue><ssdm name=""/></StgValue>
</bind>
</comp>

<comp id="134" class="1001" name="const_134">
<pin_list>
<pin id="135" dir="1" index="0" bw="1" slack="0"/>
</pin_list>
<bind>
<StgValue><ssdm name=""/></StgValue>
</bind>
</comp>

<comp id="136" class="1001" name="const_136">
<pin_list>
<pin id="137" dir="1" index="0" bw="1" slack="0"/>
</pin_list>
<bind>
<StgValue><ssdm name=""/></StgValue>
</bind>
</comp>

<comp id="138" class="1001" name="const_138">
<pin_list>
<pin id="139" dir="1" index="0" bw="1" slack="0"/>
</pin_list>
<bind>
<StgValue><ssdm name=""/></StgValue>
</bind>
</comp>

<comp id="140" class="1001" name="const_140">
<pin_list>
<pin id="141" dir="1" index="0" bw="1" slack="0"/>
</pin_list>
<bind>
<StgValue><ssdm name=""/></StgValue>
</bind>
</comp>

<comp id="142" class="1001" name="const_142">
<pin_list>
<pin id="143" dir="1" index="0" bw="1" slack="0"/>
</pin_list>
<bind>
<StgValue><ssdm name=""/></StgValue>
</bind>
</comp>

<comp id="144" class="1001" name="const_144">
<pin_list>
<pin id="145" dir="1" index="0" bw="1" slack="0"/>
</pin_list>
<bind>
<StgValue><ssdm name=""/></StgValue>
</bind>
</comp>

<comp id="146" class="1001" name="const_146">
<pin_list>
<pin id="147" dir="1" index="0" bw="1" slack="0"/>
</pin_list>
<bind>
<StgValue><ssdm name=""/></StgValue>
</bind>
</comp>

<comp id="148" class="1001" name="const_148">
<pin_list>
<pin id="149" dir="1" index="0" bw="1" slack="0"/>
</pin_list>
<bind>
<StgValue><ssdm name=""/></StgValue>
</bind>
</comp>

<comp id="150" class="1001" name="const_150">
<pin_list>
<pin id="151" dir="1" index="0" bw="1" slack="0"/>
</pin_list>
<bind>
<StgValue><ssdm name=""/></StgValue>
</bind>
</comp>

<comp id="152" class="1001" name="const_152">
<pin_list>
<pin id="153" dir="1" index="0" bw="1" slack="2147483647"/>
</pin_list>
<bind>
<StgValue><ssdm name="_ssdm_op_SpecInterface"/></StgValue>
</bind>
</comp>

<comp id="154" class="1001" name="const_154">
<pin_list>
<pin id="155" dir="1" index="0" bw="1" slack="2147483647"/>
</pin_list>
<bind>
<StgValue><ssdm name="empty"/></StgValue>
</bind>
</comp>

<comp id="156" class="1001" name="const_156">
<pin_list>
<pin id="157" dir="1" index="0" bw="1" slack="2147483647"/>
</pin_list>
<bind>
<StgValue><ssdm name=""/></StgValue>
</bind>
</comp>

<comp id="158" class="1001" name="const_158">
<pin_list>
<pin id="159" dir="1" index="0" bw="1" slack="2147483647"/>
</pin_list>
<bind>
<StgValue><ssdm name="empty_7"/></StgValue>
</bind>
</comp>

<comp id="160" class="1001" name="const_160">
<pin_list>
<pin id="161" dir="1" index="0" bw="1" slack="2147483647"/>
</pin_list>
<bind>
<StgValue><ssdm name=""/></StgValue>
</bind>
</comp>

<comp id="162" class="1001" name="const_162">
<pin_list>
<pin id="163" dir="1" index="0" bw="1" slack="0"/>
</pin_list>
<bind>
<StgValue><ssdm name="_ssdm_op_BitConcatenate.i383.i15.i16.i16.i16.i16.i16.i16.i16.i16.i16.i16.i16.i16.i16.i16.i16.i16.i16.i16.i16.i16.i16.i16.i16"/></StgValue>
</bind>
</comp>

<comp id="164" class="1001" name="const_164">
<pin_list>
<pin id="165" dir="1" index="0" bw="1" slack="0"/>
</pin_list>
<bind>
<StgValue><ssdm name="_ssdm_op_Write.ap_fifo.volatile.i384P0A"/></StgValue>
</bind>
</comp>

<comp id="166" class="1004" name="layer23_out_read_read_fu_166">
<pin_list>
<pin id="167" dir="0" index="0" bw="384" slack="0"/>
<pin id="168" dir="0" index="1" bw="384" slack="0"/>
<pin id="169" dir="1" index="2" bw="384" slack="0"/>
</pin_list>
<bind>
<opcode="read(1150) " fcode="read"/>
<opset="layer23_out_read/1 "/>
</bind>
</comp>

<comp id="172" class="1004" name="write_ln57_write_fu_172">
<pin_list>
<pin id="173" dir="0" index="0" bw="0" slack="0"/>
<pin id="174" dir="0" index="1" bw="384" slack="0"/>
<pin id="175" dir="0" index="2" bw="383" slack="0"/>
<pin id="176" dir="1" index="3" bw="0" slack="2147483647"/>
</pin_list>
<bind>
<opcode="write(1151) " fcode="write"/>
<opset="write_ln57/3 "/>
</bind>
</comp>

<comp id="179" class="1004" name="trunc_ln44_fu_179">
<pin_list>
<pin id="180" dir="0" index="0" bw="384" slack="0"/>
<pin id="181" dir="1" index="1" bw="16" slack="1"/>
</pin_list>
<bind>
<opcode="trunc(33) " fcode="trunc"/>
<opset="trunc_ln44/1 "/>
</bind>
</comp>

<comp id="183" class="1004" name="trunc_ln44_56_fu_183">
<pin_list>
<pin id="184" dir="0" index="0" bw="384" slack="0"/>
<pin id="185" dir="1" index="1" bw="15" slack="1"/>
</pin_list>
<bind>
<opcode="trunc(33) " fcode="trunc"/>
<opset="trunc_ln44_56/1 "/>
</bind>
</comp>

<comp id="187" class="1004" name="trunc_ln44_11_fu_187">
<pin_list>
<pin id="188" dir="0" index="0" bw="16" slack="0"/>
<pin id="189" dir="0" index="1" bw="384" slack="0"/>
<pin id="190" dir="0" index="2" bw="6" slack="0"/>
<pin id="191" dir="0" index="3" bw="6" slack="0"/>
<pin id="192" dir="1" index="4" bw="16" slack="1"/>
</pin_list>
<bind>
<opcode="partselect(1002) " fcode="partselect"/>
<opset="trunc_ln44_11/1 "/>
</bind>
</comp>

<comp id="197" class="1004" name="trunc_ln44_s_fu_197">
<pin_list>
<pin id="198" dir="0" index="0" bw="15" slack="0"/>
<pin id="199" dir="0" index="1" bw="384" slack="0"/>
<pin id="200" dir="0" index="2" bw="6" slack="0"/>
<pin id="201" dir="0" index="3" bw="6" slack="0"/>
<pin id="202" dir="1" index="4" bw="15" slack="1"/>
</pin_list>
<bind>
<opcode="partselect(1002) " fcode="partselect"/>
<opset="trunc_ln44_s/1 "/>
</bind>
</comp>

<comp id="207" class="1004" name="trunc_ln44_12_fu_207">
<pin_list>
<pin id="208" dir="0" index="0" bw="16" slack="0"/>
<pin id="209" dir="0" index="1" bw="384" slack="0"/>
<pin id="210" dir="0" index="2" bw="7" slack="0"/>
<pin id="211" dir="0" index="3" bw="7" slack="0"/>
<pin id="212" dir="1" index="4" bw="16" slack="1"/>
</pin_list>
<bind>
<opcode="partselect(1002) " fcode="partselect"/>
<opset="trunc_ln44_12/1 "/>
</bind>
</comp>

<comp id="217" class="1004" name="trunc_ln44_34_fu_217">
<pin_list>
<pin id="218" dir="0" index="0" bw="15" slack="0"/>
<pin id="219" dir="0" index="1" bw="384" slack="0"/>
<pin id="220" dir="0" index="2" bw="7" slack="0"/>
<pin id="221" dir="0" index="3" bw="7" slack="0"/>
<pin id="222" dir="1" index="4" bw="15" slack="1"/>
</pin_list>
<bind>
<opcode="partselect(1002) " fcode="partselect"/>
<opset="trunc_ln44_34/1 "/>
</bind>
</comp>

<comp id="227" class="1004" name="trunc_ln44_13_fu_227">
<pin_list>
<pin id="228" dir="0" index="0" bw="16" slack="0"/>
<pin id="229" dir="0" index="1" bw="384" slack="0"/>
<pin id="230" dir="0" index="2" bw="7" slack="0"/>
<pin id="231" dir="0" index="3" bw="7" slack="0"/>
<pin id="232" dir="1" index="4" bw="16" slack="1"/>
</pin_list>
<bind>
<opcode="partselect(1002) " fcode="partselect"/>
<opset="trunc_ln44_13/1 "/>
</bind>
</comp>

<comp id="237" class="1004" name="trunc_ln44_35_fu_237">
<pin_list>
<pin id="238" dir="0" index="0" bw="15" slack="0"/>
<pin id="239" dir="0" index="1" bw="384" slack="0"/>
<pin id="240" dir="0" index="2" bw="7" slack="0"/>
<pin id="241" dir="0" index="3" bw="7" slack="0"/>
<pin id="242" dir="1" index="4" bw="15" slack="1"/>
</pin_list>
<bind>
<opcode="partselect(1002) " fcode="partselect"/>
<opset="trunc_ln44_35/1 "/>
</bind>
</comp>

<comp id="247" class="1004" name="trunc_ln44_14_fu_247">
<pin_list>
<pin id="248" dir="0" index="0" bw="16" slack="0"/>
<pin id="249" dir="0" index="1" bw="384" slack="0"/>
<pin id="250" dir="0" index="2" bw="8" slack="0"/>
<pin id="251" dir="0" index="3" bw="8" slack="0"/>
<pin id="252" dir="1" index="4" bw="16" slack="1"/>
</pin_list>
<bind>
<opcode="partselect(1002) " fcode="partselect"/>
<opset="trunc_ln44_14/1 "/>
</bind>
</comp>

<comp id="257" class="1004" name="trunc_ln44_36_fu_257">
<pin_list>
<pin id="258" dir="0" index="0" bw="15" slack="0"/>
<pin id="259" dir="0" index="1" bw="384" slack="0"/>
<pin id="260" dir="0" index="2" bw="8" slack="0"/>
<pin id="261" dir="0" index="3" bw="8" slack="0"/>
<pin id="262" dir="1" index="4" bw="15" slack="1"/>
</pin_list>
<bind>
<opcode="partselect(1002) " fcode="partselect"/>
<opset="trunc_ln44_36/1 "/>
</bind>
</comp>

<comp id="267" class="1004" name="trunc_ln44_15_fu_267">
<pin_list>
<pin id="268" dir="0" index="0" bw="16" slack="0"/>
<pin id="269" dir="0" index="1" bw="384" slack="0"/>
<pin id="270" dir="0" index="2" bw="8" slack="0"/>
<pin id="271" dir="0" index="3" bw="8" slack="0"/>
<pin id="272" dir="1" index="4" bw="16" slack="1"/>
</pin_list>
<bind>
<opcode="partselect(1002) " fcode="partselect"/>
<opset="trunc_ln44_15/1 "/>
</bind>
</comp>

<comp id="277" class="1004" name="trunc_ln44_37_fu_277">
<pin_list>
<pin id="278" dir="0" index="0" bw="15" slack="0"/>
<pin id="279" dir="0" index="1" bw="384" slack="0"/>
<pin id="280" dir="0" index="2" bw="8" slack="0"/>
<pin id="281" dir="0" index="3" bw="8" slack="0"/>
<pin id="282" dir="1" index="4" bw="15" slack="1"/>
</pin_list>
<bind>
<opcode="partselect(1002) " fcode="partselect"/>
<opset="trunc_ln44_37/1 "/>
</bind>
</comp>

<comp id="287" class="1004" name="trunc_ln44_16_fu_287">
<pin_list>
<pin id="288" dir="0" index="0" bw="16" slack="0"/>
<pin id="289" dir="0" index="1" bw="384" slack="0"/>
<pin id="290" dir="0" index="2" bw="8" slack="0"/>
<pin id="291" dir="0" index="3" bw="8" slack="0"/>
<pin id="292" dir="1" index="4" bw="16" slack="1"/>
</pin_list>
<bind>
<opcode="partselect(1002) " fcode="partselect"/>
<opset="trunc_ln44_16/1 "/>
</bind>
</comp>

<comp id="297" class="1004" name="trunc_ln44_38_fu_297">
<pin_list>
<pin id="298" dir="0" index="0" bw="15" slack="0"/>
<pin id="299" dir="0" index="1" bw="384" slack="0"/>
<pin id="300" dir="0" index="2" bw="8" slack="0"/>
<pin id="301" dir="0" index="3" bw="8" slack="0"/>
<pin id="302" dir="1" index="4" bw="15" slack="1"/>
</pin_list>
<bind>
<opcode="partselect(1002) " fcode="partselect"/>
<opset="trunc_ln44_38/1 "/>
</bind>
</comp>

<comp id="307" class="1004" name="trunc_ln44_17_fu_307">
<pin_list>
<pin id="308" dir="0" index="0" bw="16" slack="0"/>
<pin id="309" dir="0" index="1" bw="384" slack="0"/>
<pin id="310" dir="0" index="2" bw="8" slack="0"/>
<pin id="311" dir="0" index="3" bw="8" slack="0"/>
<pin id="312" dir="1" index="4" bw="16" slack="1"/>
</pin_list>
<bind>
<opcode="partselect(1002) " fcode="partselect"/>
<opset="trunc_ln44_17/1 "/>
</bind>
</comp>

<comp id="317" class="1004" name="trunc_ln44_39_fu_317">
<pin_list>
<pin id="318" dir="0" index="0" bw="15" slack="0"/>
<pin id="319" dir="0" index="1" bw="384" slack="0"/>
<pin id="320" dir="0" index="2" bw="8" slack="0"/>
<pin id="321" dir="0" index="3" bw="8" slack="0"/>
<pin id="322" dir="1" index="4" bw="15" slack="1"/>
</pin_list>
<bind>
<opcode="partselect(1002) " fcode="partselect"/>
<opset="trunc_ln44_39/1 "/>
</bind>
</comp>

<comp id="327" class="1004" name="trunc_ln44_18_fu_327">
<pin_list>
<pin id="328" dir="0" index="0" bw="16" slack="0"/>
<pin id="329" dir="0" index="1" bw="384" slack="0"/>
<pin id="330" dir="0" index="2" bw="9" slack="0"/>
<pin id="331" dir="0" index="3" bw="9" slack="0"/>
<pin id="332" dir="1" index="4" bw="16" slack="1"/>
</pin_list>
<bind>
<opcode="partselect(1002) " fcode="partselect"/>
<opset="trunc_ln44_18/1 "/>
</bind>
</comp>

<comp id="337" class="1004" name="trunc_ln44_40_fu_337">
<pin_list>
<pin id="338" dir="0" index="0" bw="15" slack="0"/>
<pin id="339" dir="0" index="1" bw="384" slack="0"/>
<pin id="340" dir="0" index="2" bw="9" slack="0"/>
<pin id="341" dir="0" index="3" bw="9" slack="0"/>
<pin id="342" dir="1" index="4" bw="15" slack="1"/>
</pin_list>
<bind>
<opcode="partselect(1002) " fcode="partselect"/>
<opset="trunc_ln44_40/1 "/>
</bind>
</comp>

<comp id="347" class="1004" name="trunc_ln44_19_fu_347">
<pin_list>
<pin id="348" dir="0" index="0" bw="16" slack="0"/>
<pin id="349" dir="0" index="1" bw="384" slack="0"/>
<pin id="350" dir="0" index="2" bw="9" slack="0"/>
<pin id="351" dir="0" index="3" bw="9" slack="0"/>
<pin id="352" dir="1" index="4" bw="16" slack="1"/>
</pin_list>
<bind>
<opcode="partselect(1002) " fcode="partselect"/>
<opset="trunc_ln44_19/1 "/>
</bind>
</comp>

<comp id="357" class="1004" name="trunc_ln44_41_fu_357">
<pin_list>
<pin id="358" dir="0" index="0" bw="15" slack="0"/>
<pin id="359" dir="0" index="1" bw="384" slack="0"/>
<pin id="360" dir="0" index="2" bw="9" slack="0"/>
<pin id="361" dir="0" index="3" bw="9" slack="0"/>
<pin id="362" dir="1" index="4" bw="15" slack="1"/>
</pin_list>
<bind>
<opcode="partselect(1002) " fcode="partselect"/>
<opset="trunc_ln44_41/1 "/>
</bind>
</comp>

<comp id="367" class="1004" name="trunc_ln44_20_fu_367">
<pin_list>
<pin id="368" dir="0" index="0" bw="16" slack="0"/>
<pin id="369" dir="0" index="1" bw="384" slack="0"/>
<pin id="370" dir="0" index="2" bw="9" slack="0"/>
<pin id="371" dir="0" index="3" bw="9" slack="0"/>
<pin id="372" dir="1" index="4" bw="16" slack="1"/>
</pin_list>
<bind>
<opcode="partselect(1002) " fcode="partselect"/>
<opset="trunc_ln44_20/1 "/>
</bind>
</comp>

<comp id="377" class="1004" name="trunc_ln44_42_fu_377">
<pin_list>
<pin id="378" dir="0" index="0" bw="15" slack="0"/>
<pin id="379" dir="0" index="1" bw="384" slack="0"/>
<pin id="380" dir="0" index="2" bw="9" slack="0"/>
<pin id="381" dir="0" index="3" bw="9" slack="0"/>
<pin id="382" dir="1" index="4" bw="15" slack="1"/>
</pin_list>
<bind>
<opcode="partselect(1002) " fcode="partselect"/>
<opset="trunc_ln44_42/1 "/>
</bind>
</comp>

<comp id="387" class="1004" name="trunc_ln44_21_fu_387">
<pin_list>
<pin id="388" dir="0" index="0" bw="16" slack="0"/>
<pin id="389" dir="0" index="1" bw="384" slack="0"/>
<pin id="390" dir="0" index="2" bw="9" slack="0"/>
<pin id="391" dir="0" index="3" bw="9" slack="0"/>
<pin id="392" dir="1" index="4" bw="16" slack="1"/>
</pin_list>
<bind>
<opcode="partselect(1002) " fcode="partselect"/>
<opset="trunc_ln44_21/1 "/>
</bind>
</comp>

<comp id="397" class="1004" name="trunc_ln44_43_fu_397">
<pin_list>
<pin id="398" dir="0" index="0" bw="15" slack="0"/>
<pin id="399" dir="0" index="1" bw="384" slack="0"/>
<pin id="400" dir="0" index="2" bw="9" slack="0"/>
<pin id="401" dir="0" index="3" bw="9" slack="0"/>
<pin id="402" dir="1" index="4" bw="15" slack="1"/>
</pin_list>
<bind>
<opcode="partselect(1002) " fcode="partselect"/>
<opset="trunc_ln44_43/1 "/>
</bind>
</comp>

<comp id="407" class="1004" name="trunc_ln44_22_fu_407">
<pin_list>
<pin id="408" dir="0" index="0" bw="16" slack="0"/>
<pin id="409" dir="0" index="1" bw="384" slack="0"/>
<pin id="410" dir="0" index="2" bw="9" slack="0"/>
<pin id="411" dir="0" index="3" bw="9" slack="0"/>
<pin id="412" dir="1" index="4" bw="16" slack="1"/>
</pin_list>
<bind>
<opcode="partselect(1002) " fcode="partselect"/>
<opset="trunc_ln44_22/1 "/>
</bind>
</comp>

<comp id="417" class="1004" name="trunc_ln44_44_fu_417">
<pin_list>
<pin id="418" dir="0" index="0" bw="15" slack="0"/>
<pin id="419" dir="0" index="1" bw="384" slack="0"/>
<pin id="420" dir="0" index="2" bw="9" slack="0"/>
<pin id="421" dir="0" index="3" bw="9" slack="0"/>
<pin id="422" dir="1" index="4" bw="15" slack="1"/>
</pin_list>
<bind>
<opcode="partselect(1002) " fcode="partselect"/>
<opset="trunc_ln44_44/1 "/>
</bind>
</comp>

<comp id="427" class="1004" name="trunc_ln44_23_fu_427">
<pin_list>
<pin id="428" dir="0" index="0" bw="16" slack="0"/>
<pin id="429" dir="0" index="1" bw="384" slack="0"/>
<pin id="430" dir="0" index="2" bw="9" slack="0"/>
<pin id="431" dir="0" index="3" bw="9" slack="0"/>
<pin id="432" dir="1" index="4" bw="16" slack="1"/>
</pin_list>
<bind>
<opcode="partselect(1002) " fcode="partselect"/>
<opset="trunc_ln44_23/1 "/>
</bind>
</comp>

<comp id="437" class="1004" name="trunc_ln44_45_fu_437">
<pin_list>
<pin id="438" dir="0" index="0" bw="15" slack="0"/>
<pin id="439" dir="0" index="1" bw="384" slack="0"/>
<pin id="440" dir="0" index="2" bw="9" slack="0"/>
<pin id="441" dir="0" index="3" bw="9" slack="0"/>
<pin id="442" dir="1" index="4" bw="15" slack="1"/>
</pin_list>
<bind>
<opcode="partselect(1002) " fcode="partselect"/>
<opset="trunc_ln44_45/1 "/>
</bind>
</comp>

<comp id="447" class="1004" name="trunc_ln44_24_fu_447">
<pin_list>
<pin id="448" dir="0" index="0" bw="16" slack="0"/>
<pin id="449" dir="0" index="1" bw="384" slack="0"/>
<pin id="450" dir="0" index="2" bw="9" slack="0"/>
<pin id="451" dir="0" index="3" bw="9" slack="0"/>
<pin id="452" dir="1" index="4" bw="16" slack="1"/>
</pin_list>
<bind>
<opcode="partselect(1002) " fcode="partselect"/>
<opset="trunc_ln44_24/1 "/>
</bind>
</comp>

<comp id="457" class="1004" name="trunc_ln44_46_fu_457">
<pin_list>
<pin id="458" dir="0" index="0" bw="15" slack="0"/>
<pin id="459" dir="0" index="1" bw="384" slack="0"/>
<pin id="460" dir="0" index="2" bw="9" slack="0"/>
<pin id="461" dir="0" index="3" bw="9" slack="0"/>
<pin id="462" dir="1" index="4" bw="15" slack="1"/>
</pin_list>
<bind>
<opcode="partselect(1002) " fcode="partselect"/>
<opset="trunc_ln44_46/1 "/>
</bind>
</comp>

<comp id="467" class="1004" name="trunc_ln44_25_fu_467">
<pin_list>
<pin id="468" dir="0" index="0" bw="16" slack="0"/>
<pin id="469" dir="0" index="1" bw="384" slack="0"/>
<pin id="470" dir="0" index="2" bw="9" slack="0"/>
<pin id="471" dir="0" index="3" bw="9" slack="0"/>
<pin id="472" dir="1" index="4" bw="16" slack="1"/>
</pin_list>
<bind>
<opcode="partselect(1002) " fcode="partselect"/>
<opset="trunc_ln44_25/1 "/>
</bind>
</comp>

<comp id="477" class="1004" name="trunc_ln44_47_fu_477">
<pin_list>
<pin id="478" dir="0" index="0" bw="15" slack="0"/>
<pin id="479" dir="0" index="1" bw="384" slack="0"/>
<pin id="480" dir="0" index="2" bw="9" slack="0"/>
<pin id="481" dir="0" index="3" bw="9" slack="0"/>
<pin id="482" dir="1" index="4" bw="15" slack="1"/>
</pin_list>
<bind>
<opcode="partselect(1002) " fcode="partselect"/>
<opset="trunc_ln44_47/1 "/>
</bind>
</comp>

<comp id="487" class="1004" name="trunc_ln44_26_fu_487">
<pin_list>
<pin id="488" dir="0" index="0" bw="16" slack="0"/>
<pin id="489" dir="0" index="1" bw="384" slack="0"/>
<pin id="490" dir="0" index="2" bw="10" slack="0"/>
<pin id="491" dir="0" index="3" bw="10" slack="0"/>
<pin id="492" dir="1" index="4" bw="16" slack="1"/>
</pin_list>
<bind>
<opcode="partselect(1002) " fcode="partselect"/>
<opset="trunc_ln44_26/1 "/>
</bind>
</comp>

<comp id="497" class="1004" name="trunc_ln44_48_fu_497">
<pin_list>
<pin id="498" dir="0" index="0" bw="15" slack="0"/>
<pin id="499" dir="0" index="1" bw="384" slack="0"/>
<pin id="500" dir="0" index="2" bw="10" slack="0"/>
<pin id="501" dir="0" index="3" bw="10" slack="0"/>
<pin id="502" dir="1" index="4" bw="15" slack="1"/>
</pin_list>
<bind>
<opcode="partselect(1002) " fcode="partselect"/>
<opset="trunc_ln44_48/1 "/>
</bind>
</comp>

<comp id="507" class="1004" name="trunc_ln44_27_fu_507">
<pin_list>
<pin id="508" dir="0" index="0" bw="16" slack="0"/>
<pin id="509" dir="0" index="1" bw="384" slack="0"/>
<pin id="510" dir="0" index="2" bw="10" slack="0"/>
<pin id="511" dir="0" index="3" bw="10" slack="0"/>
<pin id="512" dir="1" index="4" bw="16" slack="1"/>
</pin_list>
<bind>
<opcode="partselect(1002) " fcode="partselect"/>
<opset="trunc_ln44_27/1 "/>
</bind>
</comp>

<comp id="517" class="1004" name="trunc_ln44_49_fu_517">
<pin_list>
<pin id="518" dir="0" index="0" bw="15" slack="0"/>
<pin id="519" dir="0" index="1" bw="384" slack="0"/>
<pin id="520" dir="0" index="2" bw="10" slack="0"/>
<pin id="521" dir="0" index="3" bw="10" slack="0"/>
<pin id="522" dir="1" index="4" bw="15" slack="1"/>
</pin_list>
<bind>
<opcode="partselect(1002) " fcode="partselect"/>
<opset="trunc_ln44_49/1 "/>
</bind>
</comp>

<comp id="527" class="1004" name="trunc_ln44_28_fu_527">
<pin_list>
<pin id="528" dir="0" index="0" bw="16" slack="0"/>
<pin id="529" dir="0" index="1" bw="384" slack="0"/>
<pin id="530" dir="0" index="2" bw="10" slack="0"/>
<pin id="531" dir="0" index="3" bw="10" slack="0"/>
<pin id="532" dir="1" index="4" bw="16" slack="1"/>
</pin_list>
<bind>
<opcode="partselect(1002) " fcode="partselect"/>
<opset="trunc_ln44_28/1 "/>
</bind>
</comp>

<comp id="537" class="1004" name="trunc_ln44_50_fu_537">
<pin_list>
<pin id="538" dir="0" index="0" bw="15" slack="0"/>
<pin id="539" dir="0" index="1" bw="384" slack="0"/>
<pin id="540" dir="0" index="2" bw="10" slack="0"/>
<pin id="541" dir="0" index="3" bw="10" slack="0"/>
<pin id="542" dir="1" index="4" bw="15" slack="1"/>
</pin_list>
<bind>
<opcode="partselect(1002) " fcode="partselect"/>
<opset="trunc_ln44_50/1 "/>
</bind>
</comp>

<comp id="547" class="1004" name="trunc_ln44_29_fu_547">
<pin_list>
<pin id="548" dir="0" index="0" bw="16" slack="0"/>
<pin id="549" dir="0" index="1" bw="384" slack="0"/>
<pin id="550" dir="0" index="2" bw="10" slack="0"/>
<pin id="551" dir="0" index="3" bw="10" slack="0"/>
<pin id="552" dir="1" index="4" bw="16" slack="1"/>
</pin_list>
<bind>
<opcode="partselect(1002) " fcode="partselect"/>
<opset="trunc_ln44_29/1 "/>
</bind>
</comp>

<comp id="557" class="1004" name="trunc_ln44_51_fu_557">
<pin_list>
<pin id="558" dir="0" index="0" bw="15" slack="0"/>
<pin id="559" dir="0" index="1" bw="384" slack="0"/>
<pin id="560" dir="0" index="2" bw="10" slack="0"/>
<pin id="561" dir="0" index="3" bw="10" slack="0"/>
<pin id="562" dir="1" index="4" bw="15" slack="1"/>
</pin_list>
<bind>
<opcode="partselect(1002) " fcode="partselect"/>
<opset="trunc_ln44_51/1 "/>
</bind>
</comp>

<comp id="567" class="1004" name="trunc_ln44_30_fu_567">
<pin_list>
<pin id="568" dir="0" index="0" bw="16" slack="0"/>
<pin id="569" dir="0" index="1" bw="384" slack="0"/>
<pin id="570" dir="0" index="2" bw="10" slack="0"/>
<pin id="571" dir="0" index="3" bw="10" slack="0"/>
<pin id="572" dir="1" index="4" bw="16" slack="1"/>
</pin_list>
<bind>
<opcode="partselect(1002) " fcode="partselect"/>
<opset="trunc_ln44_30/1 "/>
</bind>
</comp>

<comp id="577" class="1004" name="trunc_ln44_52_fu_577">
<pin_list>
<pin id="578" dir="0" index="0" bw="15" slack="0"/>
<pin id="579" dir="0" index="1" bw="384" slack="0"/>
<pin id="580" dir="0" index="2" bw="10" slack="0"/>
<pin id="581" dir="0" index="3" bw="10" slack="0"/>
<pin id="582" dir="1" index="4" bw="15" slack="1"/>
</pin_list>
<bind>
<opcode="partselect(1002) " fcode="partselect"/>
<opset="trunc_ln44_52/1 "/>
</bind>
</comp>

<comp id="587" class="1004" name="trunc_ln44_31_fu_587">
<pin_list>
<pin id="588" dir="0" index="0" bw="16" slack="0"/>
<pin id="589" dir="0" index="1" bw="384" slack="0"/>
<pin id="590" dir="0" index="2" bw="10" slack="0"/>
<pin id="591" dir="0" index="3" bw="10" slack="0"/>
<pin id="592" dir="1" index="4" bw="16" slack="1"/>
</pin_list>
<bind>
<opcode="partselect(1002) " fcode="partselect"/>
<opset="trunc_ln44_31/1 "/>
</bind>
</comp>

<comp id="597" class="1004" name="trunc_ln44_53_fu_597">
<pin_list>
<pin id="598" dir="0" index="0" bw="15" slack="0"/>
<pin id="599" dir="0" index="1" bw="384" slack="0"/>
<pin id="600" dir="0" index="2" bw="10" slack="0"/>
<pin id="601" dir="0" index="3" bw="10" slack="0"/>
<pin id="602" dir="1" index="4" bw="15" slack="1"/>
</pin_list>
<bind>
<opcode="partselect(1002) " fcode="partselect"/>
<opset="trunc_ln44_53/1 "/>
</bind>
</comp>

<comp id="607" class="1004" name="trunc_ln44_32_fu_607">
<pin_list>
<pin id="608" dir="0" index="0" bw="16" slack="0"/>
<pin id="609" dir="0" index="1" bw="384" slack="0"/>
<pin id="610" dir="0" index="2" bw="10" slack="0"/>
<pin id="611" dir="0" index="3" bw="10" slack="0"/>
<pin id="612" dir="1" index="4" bw="16" slack="1"/>
</pin_list>
<bind>
<opcode="partselect(1002) " fcode="partselect"/>
<opset="trunc_ln44_32/1 "/>
</bind>
</comp>

<comp id="617" class="1004" name="trunc_ln44_54_fu_617">
<pin_list>
<pin id="618" dir="0" index="0" bw="15" slack="0"/>
<pin id="619" dir="0" index="1" bw="384" slack="0"/>
<pin id="620" dir="0" index="2" bw="10" slack="0"/>
<pin id="621" dir="0" index="3" bw="10" slack="0"/>
<pin id="622" dir="1" index="4" bw="15" slack="1"/>
</pin_list>
<bind>
<opcode="partselect(1002) " fcode="partselect"/>
<opset="trunc_ln44_54/1 "/>
</bind>
</comp>

<comp id="627" class="1004" name="trunc_ln44_33_fu_627">
<pin_list>
<pin id="628" dir="0" index="0" bw="16" slack="0"/>
<pin id="629" dir="0" index="1" bw="384" slack="0"/>
<pin id="630" dir="0" index="2" bw="10" slack="0"/>
<pin id="631" dir="0" index="3" bw="10" slack="0"/>
<pin id="632" dir="1" index="4" bw="16" slack="1"/>
</pin_list>
<bind>
<opcode="partselect(1002) " fcode="partselect"/>
<opset="trunc_ln44_33/1 "/>
</bind>
</comp>

<comp id="637" class="1004" name="trunc_ln3_fu_637">
<pin_list>
<pin id="638" dir="0" index="0" bw="15" slack="0"/>
<pin id="639" dir="0" index="1" bw="384" slack="0"/>
<pin id="640" dir="0" index="2" bw="10" slack="0"/>
<pin id="641" dir="0" index="3" bw="10" slack="0"/>
<pin id="642" dir="1" index="4" bw="15" slack="1"/>
</pin_list>
<bind>
<opcode="partselect(1002) " fcode="partselect"/>
<opset="trunc_ln3/1 "/>
</bind>
</comp>

<comp id="647" class="1004" name="icmp_ln51_fu_647">
<pin_list>
<pin id="648" dir="0" index="0" bw="16" slack="1"/>
<pin id="649" dir="0" index="1" bw="16" slack="0"/>
<pin id="650" dir="1" index="2" bw="1" slack="0"/>
</pin_list>
<bind>
<opcode="icmp(45) " fcode="icmp"/>
<opset="icmp_ln51/2 "/>
</bind>
</comp>

<comp id="652" class="1004" name="select_ln51_fu_652">
<pin_list>
<pin id="653" dir="0" index="0" bw="1" slack="0"/>
<pin id="654" dir="0" index="1" bw="15" slack="1"/>
<pin id="655" dir="0" index="2" bw="15" slack="0"/>
<pin id="656" dir="1" index="3" bw="15" slack="1"/>
</pin_list>
<bind>
<opcode="select(49) " fcode="select"/>
<opset="select_ln51/2 "/>
</bind>
</comp>

<comp id="659" class="1004" name="icmp_ln51_11_fu_659">
<pin_list>
<pin id="660" dir="0" index="0" bw="16" slack="1"/>
<pin id="661" dir="0" index="1" bw="16" slack="0"/>
<pin id="662" dir="1" index="2" bw="1" slack="0"/>
</pin_list>
<bind>
<opcode="icmp(45) " fcode="icmp"/>
<opset="icmp_ln51_11/2 "/>
</bind>
</comp>

<comp id="664" class="1004" name="select_ln51_11_fu_664">
<pin_list>
<pin id="665" dir="0" index="0" bw="1" slack="0"/>
<pin id="666" dir="0" index="1" bw="15" slack="1"/>
<pin id="667" dir="0" index="2" bw="15" slack="0"/>
<pin id="668" dir="1" index="3" bw="15" slack="1"/>
</pin_list>
<bind>
<opcode="select(49) " fcode="select"/>
<opset="select_ln51_11/2 "/>
</bind>
</comp>

<comp id="671" class="1004" name="icmp_ln51_12_fu_671">
<pin_list>
<pin id="672" dir="0" index="0" bw="16" slack="1"/>
<pin id="673" dir="0" index="1" bw="16" slack="0"/>
<pin id="674" dir="1" index="2" bw="1" slack="0"/>
</pin_list>
<bind>
<opcode="icmp(45) " fcode="icmp"/>
<opset="icmp_ln51_12/2 "/>
</bind>
</comp>

<comp id="676" class="1004" name="select_ln51_12_fu_676">
<pin_list>
<pin id="677" dir="0" index="0" bw="1" slack="0"/>
<pin id="678" dir="0" index="1" bw="15" slack="1"/>
<pin id="679" dir="0" index="2" bw="15" slack="0"/>
<pin id="680" dir="1" index="3" bw="15" slack="1"/>
</pin_list>
<bind>
<opcode="select(49) " fcode="select"/>
<opset="select_ln51_12/2 "/>
</bind>
</comp>

<comp id="683" class="1004" name="icmp_ln51_13_fu_683">
<pin_list>
<pin id="684" dir="0" index="0" bw="16" slack="1"/>
<pin id="685" dir="0" index="1" bw="16" slack="0"/>
<pin id="686" dir="1" index="2" bw="1" slack="0"/>
</pin_list>
<bind>
<opcode="icmp(45) " fcode="icmp"/>
<opset="icmp_ln51_13/2 "/>
</bind>
</comp>

<comp id="688" class="1004" name="select_ln51_13_fu_688">
<pin_list>
<pin id="689" dir="0" index="0" bw="1" slack="0"/>
<pin id="690" dir="0" index="1" bw="15" slack="1"/>
<pin id="691" dir="0" index="2" bw="15" slack="0"/>
<pin id="692" dir="1" index="3" bw="15" slack="1"/>
</pin_list>
<bind>
<opcode="select(49) " fcode="select"/>
<opset="select_ln51_13/2 "/>
</bind>
</comp>

<comp id="695" class="1004" name="icmp_ln51_14_fu_695">
<pin_list>
<pin id="696" dir="0" index="0" bw="16" slack="1"/>
<pin id="697" dir="0" index="1" bw="16" slack="0"/>
<pin id="698" dir="1" index="2" bw="1" slack="0"/>
</pin_list>
<bind>
<opcode="icmp(45) " fcode="icmp"/>
<opset="icmp_ln51_14/2 "/>
</bind>
</comp>

<comp id="700" class="1004" name="select_ln51_14_fu_700">
<pin_list>
<pin id="701" dir="0" index="0" bw="1" slack="0"/>
<pin id="702" dir="0" index="1" bw="15" slack="1"/>
<pin id="703" dir="0" index="2" bw="15" slack="0"/>
<pin id="704" dir="1" index="3" bw="15" slack="1"/>
</pin_list>
<bind>
<opcode="select(49) " fcode="select"/>
<opset="select_ln51_14/2 "/>
</bind>
</comp>

<comp id="707" class="1004" name="icmp_ln51_15_fu_707">
<pin_list>
<pin id="708" dir="0" index="0" bw="16" slack="1"/>
<pin id="709" dir="0" index="1" bw="16" slack="0"/>
<pin id="710" dir="1" index="2" bw="1" slack="0"/>
</pin_list>
<bind>
<opcode="icmp(45) " fcode="icmp"/>
<opset="icmp_ln51_15/2 "/>
</bind>
</comp>

<comp id="712" class="1004" name="select_ln51_15_fu_712">
<pin_list>
<pin id="713" dir="0" index="0" bw="1" slack="0"/>
<pin id="714" dir="0" index="1" bw="15" slack="1"/>
<pin id="715" dir="0" index="2" bw="15" slack="0"/>
<pin id="716" dir="1" index="3" bw="15" slack="1"/>
</pin_list>
<bind>
<opcode="select(49) " fcode="select"/>
<opset="select_ln51_15/2 "/>
</bind>
</comp>

<comp id="719" class="1004" name="icmp_ln51_16_fu_719">
<pin_list>
<pin id="720" dir="0" index="0" bw="16" slack="1"/>
<pin id="721" dir="0" index="1" bw="16" slack="0"/>
<pin id="722" dir="1" index="2" bw="1" slack="0"/>
</pin_list>
<bind>
<opcode="icmp(45) " fcode="icmp"/>
<opset="icmp_ln51_16/2 "/>
</bind>
</comp>

<comp id="724" class="1004" name="select_ln51_16_fu_724">
<pin_list>
<pin id="725" dir="0" index="0" bw="1" slack="0"/>
<pin id="726" dir="0" index="1" bw="15" slack="1"/>
<pin id="727" dir="0" index="2" bw="15" slack="0"/>
<pin id="728" dir="1" index="3" bw="15" slack="1"/>
</pin_list>
<bind>
<opcode="select(49) " fcode="select"/>
<opset="select_ln51_16/2 "/>
</bind>
</comp>

<comp id="731" class="1004" name="icmp_ln51_17_fu_731">
<pin_list>
<pin id="732" dir="0" index="0" bw="16" slack="1"/>
<pin id="733" dir="0" index="1" bw="16" slack="0"/>
<pin id="734" dir="1" index="2" bw="1" slack="0"/>
</pin_list>
<bind>
<opcode="icmp(45) " fcode="icmp"/>
<opset="icmp_ln51_17/2 "/>
</bind>
</comp>

<comp id="736" class="1004" name="select_ln51_17_fu_736">
<pin_list>
<pin id="737" dir="0" index="0" bw="1" slack="0"/>
<pin id="738" dir="0" index="1" bw="15" slack="1"/>
<pin id="739" dir="0" index="2" bw="15" slack="0"/>
<pin id="740" dir="1" index="3" bw="15" slack="1"/>
</pin_list>
<bind>
<opcode="select(49) " fcode="select"/>
<opset="select_ln51_17/2 "/>
</bind>
</comp>

<comp id="743" class="1004" name="icmp_ln51_18_fu_743">
<pin_list>
<pin id="744" dir="0" index="0" bw="16" slack="1"/>
<pin id="745" dir="0" index="1" bw="16" slack="0"/>
<pin id="746" dir="1" index="2" bw="1" slack="0"/>
</pin_list>
<bind>
<opcode="icmp(45) " fcode="icmp"/>
<opset="icmp_ln51_18/2 "/>
</bind>
</comp>

<comp id="748" class="1004" name="select_ln51_18_fu_748">
<pin_list>
<pin id="749" dir="0" index="0" bw="1" slack="0"/>
<pin id="750" dir="0" index="1" bw="15" slack="1"/>
<pin id="751" dir="0" index="2" bw="15" slack="0"/>
<pin id="752" dir="1" index="3" bw="15" slack="1"/>
</pin_list>
<bind>
<opcode="select(49) " fcode="select"/>
<opset="select_ln51_18/2 "/>
</bind>
</comp>

<comp id="755" class="1004" name="icmp_ln51_19_fu_755">
<pin_list>
<pin id="756" dir="0" index="0" bw="16" slack="1"/>
<pin id="757" dir="0" index="1" bw="16" slack="0"/>
<pin id="758" dir="1" index="2" bw="1" slack="0"/>
</pin_list>
<bind>
<opcode="icmp(45) " fcode="icmp"/>
<opset="icmp_ln51_19/2 "/>
</bind>
</comp>

<comp id="760" class="1004" name="select_ln51_19_fu_760">
<pin_list>
<pin id="761" dir="0" index="0" bw="1" slack="0"/>
<pin id="762" dir="0" index="1" bw="15" slack="1"/>
<pin id="763" dir="0" index="2" bw="15" slack="0"/>
<pin id="764" dir="1" index="3" bw="15" slack="1"/>
</pin_list>
<bind>
<opcode="select(49) " fcode="select"/>
<opset="select_ln51_19/2 "/>
</bind>
</comp>

<comp id="767" class="1004" name="icmp_ln51_20_fu_767">
<pin_list>
<pin id="768" dir="0" index="0" bw="16" slack="1"/>
<pin id="769" dir="0" index="1" bw="16" slack="0"/>
<pin id="770" dir="1" index="2" bw="1" slack="0"/>
</pin_list>
<bind>
<opcode="icmp(45) " fcode="icmp"/>
<opset="icmp_ln51_20/2 "/>
</bind>
</comp>

<comp id="772" class="1004" name="select_ln51_20_fu_772">
<pin_list>
<pin id="773" dir="0" index="0" bw="1" slack="0"/>
<pin id="774" dir="0" index="1" bw="15" slack="1"/>
<pin id="775" dir="0" index="2" bw="15" slack="0"/>
<pin id="776" dir="1" index="3" bw="15" slack="1"/>
</pin_list>
<bind>
<opcode="select(49) " fcode="select"/>
<opset="select_ln51_20/2 "/>
</bind>
</comp>

<comp id="779" class="1004" name="icmp_ln51_21_fu_779">
<pin_list>
<pin id="780" dir="0" index="0" bw="16" slack="1"/>
<pin id="781" dir="0" index="1" bw="16" slack="0"/>
<pin id="782" dir="1" index="2" bw="1" slack="0"/>
</pin_list>
<bind>
<opcode="icmp(45) " fcode="icmp"/>
<opset="icmp_ln51_21/2 "/>
</bind>
</comp>

<comp id="784" class="1004" name="select_ln51_21_fu_784">
<pin_list>
<pin id="785" dir="0" index="0" bw="1" slack="0"/>
<pin id="786" dir="0" index="1" bw="15" slack="1"/>
<pin id="787" dir="0" index="2" bw="15" slack="0"/>
<pin id="788" dir="1" index="3" bw="15" slack="1"/>
</pin_list>
<bind>
<opcode="select(49) " fcode="select"/>
<opset="select_ln51_21/2 "/>
</bind>
</comp>

<comp id="791" class="1004" name="icmp_ln51_22_fu_791">
<pin_list>
<pin id="792" dir="0" index="0" bw="16" slack="1"/>
<pin id="793" dir="0" index="1" bw="16" slack="0"/>
<pin id="794" dir="1" index="2" bw="1" slack="0"/>
</pin_list>
<bind>
<opcode="icmp(45) " fcode="icmp"/>
<opset="icmp_ln51_22/2 "/>
</bind>
</comp>

<comp id="796" class="1004" name="select_ln51_22_fu_796">
<pin_list>
<pin id="797" dir="0" index="0" bw="1" slack="0"/>
<pin id="798" dir="0" index="1" bw="15" slack="1"/>
<pin id="799" dir="0" index="2" bw="15" slack="0"/>
<pin id="800" dir="1" index="3" bw="15" slack="1"/>
</pin_list>
<bind>
<opcode="select(49) " fcode="select"/>
<opset="select_ln51_22/2 "/>
</bind>
</comp>

<comp id="803" class="1004" name="icmp_ln51_23_fu_803">
<pin_list>
<pin id="804" dir="0" index="0" bw="16" slack="1"/>
<pin id="805" dir="0" index="1" bw="16" slack="0"/>
<pin id="806" dir="1" index="2" bw="1" slack="0"/>
</pin_list>
<bind>
<opcode="icmp(45) " fcode="icmp"/>
<opset="icmp_ln51_23/2 "/>
</bind>
</comp>

<comp id="808" class="1004" name="select_ln51_23_fu_808">
<pin_list>
<pin id="809" dir="0" index="0" bw="1" slack="0"/>
<pin id="810" dir="0" index="1" bw="15" slack="1"/>
<pin id="811" dir="0" index="2" bw="15" slack="0"/>
<pin id="812" dir="1" index="3" bw="15" slack="1"/>
</pin_list>
<bind>
<opcode="select(49) " fcode="select"/>
<opset="select_ln51_23/2 "/>
</bind>
</comp>

<comp id="815" class="1004" name="icmp_ln51_24_fu_815">
<pin_list>
<pin id="816" dir="0" index="0" bw="16" slack="1"/>
<pin id="817" dir="0" index="1" bw="16" slack="0"/>
<pin id="818" dir="1" index="2" bw="1" slack="0"/>
</pin_list>
<bind>
<opcode="icmp(45) " fcode="icmp"/>
<opset="icmp_ln51_24/2 "/>
</bind>
</comp>

<comp id="820" class="1004" name="select_ln51_24_fu_820">
<pin_list>
<pin id="821" dir="0" index="0" bw="1" slack="0"/>
<pin id="822" dir="0" index="1" bw="15" slack="1"/>
<pin id="823" dir="0" index="2" bw="15" slack="0"/>
<pin id="824" dir="1" index="3" bw="15" slack="1"/>
</pin_list>
<bind>
<opcode="select(49) " fcode="select"/>
<opset="select_ln51_24/2 "/>
</bind>
</comp>

<comp id="827" class="1004" name="icmp_ln51_25_fu_827">
<pin_list>
<pin id="828" dir="0" index="0" bw="16" slack="1"/>
<pin id="829" dir="0" index="1" bw="16" slack="0"/>
<pin id="830" dir="1" index="2" bw="1" slack="0"/>
</pin_list>
<bind>
<opcode="icmp(45) " fcode="icmp"/>
<opset="icmp_ln51_25/2 "/>
</bind>
</comp>

<comp id="832" class="1004" name="select_ln51_25_fu_832">
<pin_list>
<pin id="833" dir="0" index="0" bw="1" slack="0"/>
<pin id="834" dir="0" index="1" bw="15" slack="1"/>
<pin id="835" dir="0" index="2" bw="15" slack="0"/>
<pin id="836" dir="1" index="3" bw="15" slack="1"/>
</pin_list>
<bind>
<opcode="select(49) " fcode="select"/>
<opset="select_ln51_25/2 "/>
</bind>
</comp>

<comp id="839" class="1004" name="icmp_ln51_26_fu_839">
<pin_list>
<pin id="840" dir="0" index="0" bw="16" slack="1"/>
<pin id="841" dir="0" index="1" bw="16" slack="0"/>
<pin id="842" dir="1" index="2" bw="1" slack="0"/>
</pin_list>
<bind>
<opcode="icmp(45) " fcode="icmp"/>
<opset="icmp_ln51_26/2 "/>
</bind>
</comp>

<comp id="844" class="1004" name="select_ln51_26_fu_844">
<pin_list>
<pin id="845" dir="0" index="0" bw="1" slack="0"/>
<pin id="846" dir="0" index="1" bw="15" slack="1"/>
<pin id="847" dir="0" index="2" bw="15" slack="0"/>
<pin id="848" dir="1" index="3" bw="15" slack="1"/>
</pin_list>
<bind>
<opcode="select(49) " fcode="select"/>
<opset="select_ln51_26/2 "/>
</bind>
</comp>

<comp id="851" class="1004" name="icmp_ln51_27_fu_851">
<pin_list>
<pin id="852" dir="0" index="0" bw="16" slack="1"/>
<pin id="853" dir="0" index="1" bw="16" slack="0"/>
<pin id="854" dir="1" index="2" bw="1" slack="0"/>
</pin_list>
<bind>
<opcode="icmp(45) " fcode="icmp"/>
<opset="icmp_ln51_27/2 "/>
</bind>
</comp>

<comp id="856" class="1004" name="select_ln51_27_fu_856">
<pin_list>
<pin id="857" dir="0" index="0" bw="1" slack="0"/>
<pin id="858" dir="0" index="1" bw="15" slack="1"/>
<pin id="859" dir="0" index="2" bw="15" slack="0"/>
<pin id="860" dir="1" index="3" bw="15" slack="1"/>
</pin_list>
<bind>
<opcode="select(49) " fcode="select"/>
<opset="select_ln51_27/2 "/>
</bind>
</comp>

<comp id="863" class="1004" name="icmp_ln51_28_fu_863">
<pin_list>
<pin id="864" dir="0" index="0" bw="16" slack="1"/>
<pin id="865" dir="0" index="1" bw="16" slack="0"/>
<pin id="866" dir="1" index="2" bw="1" slack="0"/>
</pin_list>
<bind>
<opcode="icmp(45) " fcode="icmp"/>
<opset="icmp_ln51_28/2 "/>
</bind>
</comp>

<comp id="868" class="1004" name="select_ln51_28_fu_868">
<pin_list>
<pin id="869" dir="0" index="0" bw="1" slack="0"/>
<pin id="870" dir="0" index="1" bw="15" slack="1"/>
<pin id="871" dir="0" index="2" bw="15" slack="0"/>
<pin id="872" dir="1" index="3" bw="15" slack="1"/>
</pin_list>
<bind>
<opcode="select(49) " fcode="select"/>
<opset="select_ln51_28/2 "/>
</bind>
</comp>

<comp id="875" class="1004" name="icmp_ln51_29_fu_875">
<pin_list>
<pin id="876" dir="0" index="0" bw="16" slack="1"/>
<pin id="877" dir="0" index="1" bw="16" slack="0"/>
<pin id="878" dir="1" index="2" bw="1" slack="0"/>
</pin_list>
<bind>
<opcode="icmp(45) " fcode="icmp"/>
<opset="icmp_ln51_29/2 "/>
</bind>
</comp>

<comp id="880" class="1004" name="select_ln51_29_fu_880">
<pin_list>
<pin id="881" dir="0" index="0" bw="1" slack="0"/>
<pin id="882" dir="0" index="1" bw="15" slack="1"/>
<pin id="883" dir="0" index="2" bw="15" slack="0"/>
<pin id="884" dir="1" index="3" bw="15" slack="1"/>
</pin_list>
<bind>
<opcode="select(49) " fcode="select"/>
<opset="select_ln51_29/2 "/>
</bind>
</comp>

<comp id="887" class="1004" name="icmp_ln51_30_fu_887">
<pin_list>
<pin id="888" dir="0" index="0" bw="16" slack="1"/>
<pin id="889" dir="0" index="1" bw="16" slack="0"/>
<pin id="890" dir="1" index="2" bw="1" slack="0"/>
</pin_list>
<bind>
<opcode="icmp(45) " fcode="icmp"/>
<opset="icmp_ln51_30/2 "/>
</bind>
</comp>

<comp id="892" class="1004" name="select_ln51_30_fu_892">
<pin_list>
<pin id="893" dir="0" index="0" bw="1" slack="0"/>
<pin id="894" dir="0" index="1" bw="15" slack="1"/>
<pin id="895" dir="0" index="2" bw="15" slack="0"/>
<pin id="896" dir="1" index="3" bw="15" slack="1"/>
</pin_list>
<bind>
<opcode="select(49) " fcode="select"/>
<opset="select_ln51_30/2 "/>
</bind>
</comp>

<comp id="899" class="1004" name="icmp_ln51_31_fu_899">
<pin_list>
<pin id="900" dir="0" index="0" bw="16" slack="1"/>
<pin id="901" dir="0" index="1" bw="16" slack="0"/>
<pin id="902" dir="1" index="2" bw="1" slack="0"/>
</pin_list>
<bind>
<opcode="icmp(45) " fcode="icmp"/>
<opset="icmp_ln51_31/2 "/>
</bind>
</comp>

<comp id="904" class="1004" name="select_ln51_31_fu_904">
<pin_list>
<pin id="905" dir="0" index="0" bw="1" slack="0"/>
<pin id="906" dir="0" index="1" bw="15" slack="1"/>
<pin id="907" dir="0" index="2" bw="15" slack="0"/>
<pin id="908" dir="1" index="3" bw="15" slack="1"/>
</pin_list>
<bind>
<opcode="select(49) " fcode="select"/>
<opset="select_ln51_31/2 "/>
</bind>
</comp>

<comp id="911" class="1004" name="icmp_ln51_32_fu_911">
<pin_list>
<pin id="912" dir="0" index="0" bw="16" slack="1"/>
<pin id="913" dir="0" index="1" bw="16" slack="0"/>
<pin id="914" dir="1" index="2" bw="1" slack="0"/>
</pin_list>
<bind>
<opcode="icmp(45) " fcode="icmp"/>
<opset="icmp_ln51_32/2 "/>
</bind>
</comp>

<comp id="916" class="1004" name="select_ln51_32_fu_916">
<pin_list>
<pin id="917" dir="0" index="0" bw="1" slack="0"/>
<pin id="918" dir="0" index="1" bw="15" slack="1"/>
<pin id="919" dir="0" index="2" bw="15" slack="0"/>
<pin id="920" dir="1" index="3" bw="15" slack="1"/>
</pin_list>
<bind>
<opcode="select(49) " fcode="select"/>
<opset="select_ln51_32/2 "/>
</bind>
</comp>

<comp id="923" class="1004" name="icmp_ln51_33_fu_923">
<pin_list>
<pin id="924" dir="0" index="0" bw="16" slack="1"/>
<pin id="925" dir="0" index="1" bw="16" slack="0"/>
<pin id="926" dir="1" index="2" bw="1" slack="0"/>
</pin_list>
<bind>
<opcode="icmp(45) " fcode="icmp"/>
<opset="icmp_ln51_33/2 "/>
</bind>
</comp>

<comp id="928" class="1004" name="select_ln51_33_fu_928">
<pin_list>
<pin id="929" dir="0" index="0" bw="1" slack="0"/>
<pin id="930" dir="0" index="1" bw="15" slack="1"/>
<pin id="931" dir="0" index="2" bw="15" slack="0"/>
<pin id="932" dir="1" index="3" bw="15" slack="1"/>
</pin_list>
<bind>
<opcode="select(49) " fcode="select"/>
<opset="select_ln51_33/2 "/>
</bind>
</comp>

<comp id="935" class="1004" name="zext_ln51_fu_935">
<pin_list>
<pin id="936" dir="0" index="0" bw="15" slack="1"/>
<pin id="937" dir="1" index="1" bw="16" slack="0"/>
</pin_list>
<bind>
<opcode="zext(34) " fcode="zext"/>
<opset="zext_ln51/3 "/>
</bind>
</comp>

<comp id="938" class="1004" name="zext_ln51_9_fu_938">
<pin_list>
<pin id="939" dir="0" index="0" bw="15" slack="1"/>
<pin id="940" dir="1" index="1" bw="16" slack="0"/>
</pin_list>
<bind>
<opcode="zext(34) " fcode="zext"/>
<opset="zext_ln51_9/3 "/>
</bind>
</comp>

<comp id="941" class="1004" name="zext_ln51_10_fu_941">
<pin_list>
<pin id="942" dir="0" index="0" bw="15" slack="1"/>
<pin id="943" dir="1" index="1" bw="16" slack="0"/>
</pin_list>
<bind>
<opcode="zext(34) " fcode="zext"/>
<opset="zext_ln51_10/3 "/>
</bind>
</comp>

<comp id="944" class="1004" name="zext_ln51_11_fu_944">
<pin_list>
<pin id="945" dir="0" index="0" bw="15" slack="1"/>
<pin id="946" dir="1" index="1" bw="16" slack="0"/>
</pin_list>
<bind>
<opcode="zext(34) " fcode="zext"/>
<opset="zext_ln51_11/3 "/>
</bind>
</comp>

<comp id="947" class="1004" name="zext_ln51_12_fu_947">
<pin_list>
<pin id="948" dir="0" index="0" bw="15" slack="1"/>
<pin id="949" dir="1" index="1" bw="16" slack="0"/>
</pin_list>
<bind>
<opcode="zext(34) " fcode="zext"/>
<opset="zext_ln51_12/3 "/>
</bind>
</comp>

<comp id="950" class="1004" name="zext_ln51_13_fu_950">
<pin_list>
<pin id="951" dir="0" index="0" bw="15" slack="1"/>
<pin id="952" dir="1" index="1" bw="16" slack="0"/>
</pin_list>
<bind>
<opcode="zext(34) " fcode="zext"/>
<opset="zext_ln51_13/3 "/>
</bind>
</comp>

<comp id="953" class="1004" name="zext_ln51_14_fu_953">
<pin_list>
<pin id="954" dir="0" index="0" bw="15" slack="1"/>
<pin id="955" dir="1" index="1" bw="16" slack="0"/>
</pin_list>
<bind>
<opcode="zext(34) " fcode="zext"/>
<opset="zext_ln51_14/3 "/>
</bind>
</comp>

<comp id="956" class="1004" name="zext_ln51_15_fu_956">
<pin_list>
<pin id="957" dir="0" index="0" bw="15" slack="1"/>
<pin id="958" dir="1" index="1" bw="16" slack="0"/>
</pin_list>
<bind>
<opcode="zext(34) " fcode="zext"/>
<opset="zext_ln51_15/3 "/>
</bind>
</comp>

<comp id="959" class="1004" name="zext_ln51_16_fu_959">
<pin_list>
<pin id="960" dir="0" index="0" bw="15" slack="1"/>
<pin id="961" dir="1" index="1" bw="16" slack="0"/>
</pin_list>
<bind>
<opcode="zext(34) " fcode="zext"/>
<opset="zext_ln51_16/3 "/>
</bind>
</comp>

<comp id="962" class="1004" name="zext_ln51_17_fu_962">
<pin_list>
<pin id="963" dir="0" index="0" bw="15" slack="1"/>
<pin id="964" dir="1" index="1" bw="16" slack="0"/>
</pin_list>
<bind>
<opcode="zext(34) " fcode="zext"/>
<opset="zext_ln51_17/3 "/>
</bind>
</comp>

<comp id="965" class="1004" name="zext_ln51_18_fu_965">
<pin_list>
<pin id="966" dir="0" index="0" bw="15" slack="1"/>
<pin id="967" dir="1" index="1" bw="16" slack="0"/>
</pin_list>
<bind>
<opcode="zext(34) " fcode="zext"/>
<opset="zext_ln51_18/3 "/>
</bind>
</comp>

<comp id="968" class="1004" name="zext_ln51_19_fu_968">
<pin_list>
<pin id="969" dir="0" index="0" bw="15" slack="1"/>
<pin id="970" dir="1" index="1" bw="16" slack="0"/>
</pin_list>
<bind>
<opcode="zext(34) " fcode="zext"/>
<opset="zext_ln51_19/3 "/>
</bind>
</comp>

<comp id="971" class="1004" name="zext_ln51_20_fu_971">
<pin_list>
<pin id="972" dir="0" index="0" bw="15" slack="1"/>
<pin id="973" dir="1" index="1" bw="16" slack="0"/>
</pin_list>
<bind>
<opcode="zext(34) " fcode="zext"/>
<opset="zext_ln51_20/3 "/>
</bind>
</comp>

<comp id="974" class="1004" name="zext_ln51_21_fu_974">
<pin_list>
<pin id="975" dir="0" index="0" bw="15" slack="1"/>
<pin id="976" dir="1" index="1" bw="16" slack="0"/>
</pin_list>
<bind>
<opcode="zext(34) " fcode="zext"/>
<opset="zext_ln51_21/3 "/>
</bind>
</comp>

<comp id="977" class="1004" name="zext_ln51_22_fu_977">
<pin_list>
<pin id="978" dir="0" index="0" bw="15" slack="1"/>
<pin id="979" dir="1" index="1" bw="16" slack="0"/>
</pin_list>
<bind>
<opcode="zext(34) " fcode="zext"/>
<opset="zext_ln51_22/3 "/>
</bind>
</comp>

<comp id="980" class="1004" name="zext_ln51_23_fu_980">
<pin_list>
<pin id="981" dir="0" index="0" bw="15" slack="1"/>
<pin id="982" dir="1" index="1" bw="16" slack="0"/>
</pin_list>
<bind>
<opcode="zext(34) " fcode="zext"/>
<opset="zext_ln51_23/3 "/>
</bind>
</comp>

<comp id="983" class="1004" name="zext_ln51_24_fu_983">
<pin_list>
<pin id="984" dir="0" index="0" bw="15" slack="1"/>
<pin id="985" dir="1" index="1" bw="16" slack="0"/>
</pin_list>
<bind>
<opcode="zext(34) " fcode="zext"/>
<opset="zext_ln51_24/3 "/>
</bind>
</comp>

<comp id="986" class="1004" name="zext_ln51_25_fu_986">
<pin_list>
<pin id="987" dir="0" index="0" bw="15" slack="1"/>
<pin id="988" dir="1" index="1" bw="16" slack="0"/>
</pin_list>
<bind>
<opcode="zext(34) " fcode="zext"/>
<opset="zext_ln51_25/3 "/>
</bind>
</comp>

<comp id="989" class="1004" name="zext_ln51_26_fu_989">
<pin_list>
<pin id="990" dir="0" index="0" bw="15" slack="1"/>
<pin id="991" dir="1" index="1" bw="16" slack="0"/>
</pin_list>
<bind>
<opcode="zext(34) " fcode="zext"/>
<opset="zext_ln51_26/3 "/>
</bind>
</comp>

<comp id="992" class="1004" name="zext_ln51_27_fu_992">
<pin_list>
<pin id="993" dir="0" index="0" bw="15" slack="1"/>
<pin id="994" dir="1" index="1" bw="16" slack="0"/>
</pin_list>
<bind>
<opcode="zext(34) " fcode="zext"/>
<opset="zext_ln51_27/3 "/>
</bind>
</comp>

<comp id="995" class="1004" name="zext_ln51_28_fu_995">
<pin_list>
<pin id="996" dir="0" index="0" bw="15" slack="1"/>
<pin id="997" dir="1" index="1" bw="16" slack="0"/>
</pin_list>
<bind>
<opcode="zext(34) " fcode="zext"/>
<opset="zext_ln51_28/3 "/>
</bind>
</comp>

<comp id="998" class="1004" name="zext_ln51_29_fu_998">
<pin_list>
<pin id="999" dir="0" index="0" bw="15" slack="1"/>
<pin id="1000" dir="1" index="1" bw="16" slack="0"/>
</pin_list>
<bind>
<opcode="zext(34) " fcode="zext"/>
<opset="zext_ln51_29/3 "/>
</bind>
</comp>

<comp id="1001" class="1004" name="zext_ln51_30_fu_1001">
<pin_list>
<pin id="1002" dir="0" index="0" bw="15" slack="1"/>
<pin id="1003" dir="1" index="1" bw="16" slack="0"/>
</pin_list>
<bind>
<opcode="zext(34) " fcode="zext"/>
<opset="zext_ln51_30/3 "/>
</bind>
</comp>

<comp id="1004" class="1004" name="or_ln57_s_fu_1004">
<pin_list>
<pin id="1005" dir="0" index="0" bw="383" slack="0"/>
<pin id="1006" dir="0" index="1" bw="15" slack="1"/>
<pin id="1007" dir="0" index="2" bw="15" slack="0"/>
<pin id="1008" dir="0" index="3" bw="15" slack="0"/>
<pin id="1009" dir="0" index="4" bw="15" slack="0"/>
<pin id="1010" dir="0" index="5" bw="15" slack="0"/>
<pin id="1011" dir="0" index="6" bw="15" slack="0"/>
<pin id="1012" dir="0" index="7" bw="15" slack="0"/>
<pin id="1013" dir="0" index="8" bw="15" slack="0"/>
<pin id="1014" dir="0" index="9" bw="15" slack="0"/>
<pin id="1015" dir="0" index="10" bw="15" slack="0"/>
<pin id="1016" dir="0" index="11" bw="15" slack="0"/>
<pin id="1017" dir="0" index="12" bw="15" slack="0"/>
<pin id="1018" dir="0" index="13" bw="15" slack="0"/>
<pin id="1019" dir="0" index="14" bw="15" slack="0"/>
<pin id="1020" dir="0" index="15" bw="15" slack="0"/>
<pin id="1021" dir="0" index="16" bw="15" slack="0"/>
<pin id="1022" dir="0" index="17" bw="15" slack="0"/>
<pin id="1023" dir="0" index="18" bw="15" slack="0"/>
<pin id="1024" dir="0" index="19" bw="15" slack="0"/>
<pin id="1025" dir="0" index="20" bw="15" slack="0"/>
<pin id="1026" dir="0" index="21" bw="15" slack="0"/>
<pin id="1027" dir="0" index="22" bw="15" slack="0"/>
<pin id="1028" dir="0" index="23" bw="15" slack="0"/>
<pin id="1029" dir="0" index="24" bw="15" slack="0"/>
<pin id="1030" dir="1" index="25" bw="383" slack="0"/>
</pin_list>
<bind>
<opcode="bitconcatenate(1004) " fcode="bitconcatenate"/>
<opset="or_ln57_s/3 "/>
</bind>
</comp>

<comp id="1055" class="1004" name="zext_ln57_fu_1055">
<pin_list>
<pin id="1056" dir="0" index="0" bw="383" slack="0"/>
<pin id="1057" dir="1" index="1" bw="384" slack="0"/>
</pin_list>
<bind>
<opcode="zext(34) " fcode="zext"/>
<opset="zext_ln57/3 "/>
</bind>
</comp>

<comp id="1060" class="1005" name="trunc_ln44_reg_1060">
<pin_list>
<pin id="1061" dir="0" index="0" bw="16" slack="1"/>
<pin id="1062" dir="1" index="1" bw="16" slack="1"/>
</pin_list>
<bind>
<opset="trunc_ln44 "/>
</bind>
</comp>

<comp id="1065" class="1005" name="trunc_ln44_56_reg_1065">
<pin_list>
<pin id="1066" dir="0" index="0" bw="15" slack="1"/>
<pin id="1067" dir="1" index="1" bw="15" slack="1"/>
</pin_list>
<bind>
<opset="trunc_ln44_56 "/>
</bind>
</comp>

<comp id="1070" class="1005" name="trunc_ln44_11_reg_1070">
<pin_list>
<pin id="1071" dir="0" index="0" bw="16" slack="1"/>
<pin id="1072" dir="1" index="1" bw="16" slack="1"/>
</pin_list>
<bind>
<opset="trunc_ln44_11 "/>
</bind>
</comp>

<comp id="1075" class="1005" name="trunc_ln44_s_reg_1075">
<pin_list>
<pin id="1076" dir="0" index="0" bw="15" slack="1"/>
<pin id="1077" dir="1" index="1" bw="15" slack="1"/>
</pin_list>
<bind>
<opset="trunc_ln44_s "/>
</bind>
</comp>

<comp id="1080" class="1005" name="trunc_ln44_12_reg_1080">
<pin_list>
<pin id="1081" dir="0" index="0" bw="16" slack="1"/>
<pin id="1082" dir="1" index="1" bw="16" slack="1"/>
</pin_list>
<bind>
<opset="trunc_ln44_12 "/>
</bind>
</comp>

<comp id="1085" class="1005" name="trunc_ln44_34_reg_1085">
<pin_list>
<pin id="1086" dir="0" index="0" bw="15" slack="1"/>
<pin id="1087" dir="1" index="1" bw="15" slack="1"/>
</pin_list>
<bind>
<opset="trunc_ln44_34 "/>
</bind>
</comp>

<comp id="1090" class="1005" name="trunc_ln44_13_reg_1090">
<pin_list>
<pin id="1091" dir="0" index="0" bw="16" slack="1"/>
<pin id="1092" dir="1" index="1" bw="16" slack="1"/>
</pin_list>
<bind>
<opset="trunc_ln44_13 "/>
</bind>
</comp>

<comp id="1095" class="1005" name="trunc_ln44_35_reg_1095">
<pin_list>
<pin id="1096" dir="0" index="0" bw="15" slack="1"/>
<pin id="1097" dir="1" index="1" bw="15" slack="1"/>
</pin_list>
<bind>
<opset="trunc_ln44_35 "/>
</bind>
</comp>

<comp id="1100" class="1005" name="trunc_ln44_14_reg_1100">
<pin_list>
<pin id="1101" dir="0" index="0" bw="16" slack="1"/>
<pin id="1102" dir="1" index="1" bw="16" slack="1"/>
</pin_list>
<bind>
<opset="trunc_ln44_14 "/>
</bind>
</comp>

<comp id="1105" class="1005" name="trunc_ln44_36_reg_1105">
<pin_list>
<pin id="1106" dir="0" index="0" bw="15" slack="1"/>
<pin id="1107" dir="1" index="1" bw="15" slack="1"/>
</pin_list>
<bind>
<opset="trunc_ln44_36 "/>
</bind>
</comp>

<comp id="1110" class="1005" name="trunc_ln44_15_reg_1110">
<pin_list>
<pin id="1111" dir="0" index="0" bw="16" slack="1"/>
<pin id="1112" dir="1" index="1" bw="16" slack="1"/>
</pin_list>
<bind>
<opset="trunc_ln44_15 "/>
</bind>
</comp>

<comp id="1115" class="1005" name="trunc_ln44_37_reg_1115">
<pin_list>
<pin id="1116" dir="0" index="0" bw="15" slack="1"/>
<pin id="1117" dir="1" index="1" bw="15" slack="1"/>
</pin_list>
<bind>
<opset="trunc_ln44_37 "/>
</bind>
</comp>

<comp id="1120" class="1005" name="trunc_ln44_16_reg_1120">
<pin_list>
<pin id="1121" dir="0" index="0" bw="16" slack="1"/>
<pin id="1122" dir="1" index="1" bw="16" slack="1"/>
</pin_list>
<bind>
<opset="trunc_ln44_16 "/>
</bind>
</comp>

<comp id="1125" class="1005" name="trunc_ln44_38_reg_1125">
<pin_list>
<pin id="1126" dir="0" index="0" bw="15" slack="1"/>
<pin id="1127" dir="1" index="1" bw="15" slack="1"/>
</pin_list>
<bind>
<opset="trunc_ln44_38 "/>
</bind>
</comp>

<comp id="1130" class="1005" name="trunc_ln44_17_reg_1130">
<pin_list>
<pin id="1131" dir="0" index="0" bw="16" slack="1"/>
<pin id="1132" dir="1" index="1" bw="16" slack="1"/>
</pin_list>
<bind>
<opset="trunc_ln44_17 "/>
</bind>
</comp>

<comp id="1135" class="1005" name="trunc_ln44_39_reg_1135">
<pin_list>
<pin id="1136" dir="0" index="0" bw="15" slack="1"/>
<pin id="1137" dir="1" index="1" bw="15" slack="1"/>
</pin_list>
<bind>
<opset="trunc_ln44_39 "/>
</bind>
</comp>

<comp id="1140" class="1005" name="trunc_ln44_18_reg_1140">
<pin_list>
<pin id="1141" dir="0" index="0" bw="16" slack="1"/>
<pin id="1142" dir="1" index="1" bw="16" slack="1"/>
</pin_list>
<bind>
<opset="trunc_ln44_18 "/>
</bind>
</comp>

<comp id="1145" class="1005" name="trunc_ln44_40_reg_1145">
<pin_list>
<pin id="1146" dir="0" index="0" bw="15" slack="1"/>
<pin id="1147" dir="1" index="1" bw="15" slack="1"/>
</pin_list>
<bind>
<opset="trunc_ln44_40 "/>
</bind>
</comp>

<comp id="1150" class="1005" name="trunc_ln44_19_reg_1150">
<pin_list>
<pin id="1151" dir="0" index="0" bw="16" slack="1"/>
<pin id="1152" dir="1" index="1" bw="16" slack="1"/>
</pin_list>
<bind>
<opset="trunc_ln44_19 "/>
</bind>
</comp>

<comp id="1155" class="1005" name="trunc_ln44_41_reg_1155">
<pin_list>
<pin id="1156" dir="0" index="0" bw="15" slack="1"/>
<pin id="1157" dir="1" index="1" bw="15" slack="1"/>
</pin_list>
<bind>
<opset="trunc_ln44_41 "/>
</bind>
</comp>

<comp id="1160" class="1005" name="trunc_ln44_20_reg_1160">
<pin_list>
<pin id="1161" dir="0" index="0" bw="16" slack="1"/>
<pin id="1162" dir="1" index="1" bw="16" slack="1"/>
</pin_list>
<bind>
<opset="trunc_ln44_20 "/>
</bind>
</comp>

<comp id="1165" class="1005" name="trunc_ln44_42_reg_1165">
<pin_list>
<pin id="1166" dir="0" index="0" bw="15" slack="1"/>
<pin id="1167" dir="1" index="1" bw="15" slack="1"/>
</pin_list>
<bind>
<opset="trunc_ln44_42 "/>
</bind>
</comp>

<comp id="1170" class="1005" name="trunc_ln44_21_reg_1170">
<pin_list>
<pin id="1171" dir="0" index="0" bw="16" slack="1"/>
<pin id="1172" dir="1" index="1" bw="16" slack="1"/>
</pin_list>
<bind>
<opset="trunc_ln44_21 "/>
</bind>
</comp>

<comp id="1175" class="1005" name="trunc_ln44_43_reg_1175">
<pin_list>
<pin id="1176" dir="0" index="0" bw="15" slack="1"/>
<pin id="1177" dir="1" index="1" bw="15" slack="1"/>
</pin_list>
<bind>
<opset="trunc_ln44_43 "/>
</bind>
</comp>

<comp id="1180" class="1005" name="trunc_ln44_22_reg_1180">
<pin_list>
<pin id="1181" dir="0" index="0" bw="16" slack="1"/>
<pin id="1182" dir="1" index="1" bw="16" slack="1"/>
</pin_list>
<bind>
<opset="trunc_ln44_22 "/>
</bind>
</comp>

<comp id="1185" class="1005" name="trunc_ln44_44_reg_1185">
<pin_list>
<pin id="1186" dir="0" index="0" bw="15" slack="1"/>
<pin id="1187" dir="1" index="1" bw="15" slack="1"/>
</pin_list>
<bind>
<opset="trunc_ln44_44 "/>
</bind>
</comp>

<comp id="1190" class="1005" name="trunc_ln44_23_reg_1190">
<pin_list>
<pin id="1191" dir="0" index="0" bw="16" slack="1"/>
<pin id="1192" dir="1" index="1" bw="16" slack="1"/>
</pin_list>
<bind>
<opset="trunc_ln44_23 "/>
</bind>
</comp>

<comp id="1195" class="1005" name="trunc_ln44_45_reg_1195">
<pin_list>
<pin id="1196" dir="0" index="0" bw="15" slack="1"/>
<pin id="1197" dir="1" index="1" bw="15" slack="1"/>
</pin_list>
<bind>
<opset="trunc_ln44_45 "/>
</bind>
</comp>

<comp id="1200" class="1005" name="trunc_ln44_24_reg_1200">
<pin_list>
<pin id="1201" dir="0" index="0" bw="16" slack="1"/>
<pin id="1202" dir="1" index="1" bw="16" slack="1"/>
</pin_list>
<bind>
<opset="trunc_ln44_24 "/>
</bind>
</comp>

<comp id="1205" class="1005" name="trunc_ln44_46_reg_1205">
<pin_list>
<pin id="1206" dir="0" index="0" bw="15" slack="1"/>
<pin id="1207" dir="1" index="1" bw="15" slack="1"/>
</pin_list>
<bind>
<opset="trunc_ln44_46 "/>
</bind>
</comp>

<comp id="1210" class="1005" name="trunc_ln44_25_reg_1210">
<pin_list>
<pin id="1211" dir="0" index="0" bw="16" slack="1"/>
<pin id="1212" dir="1" index="1" bw="16" slack="1"/>
</pin_list>
<bind>
<opset="trunc_ln44_25 "/>
</bind>
</comp>

<comp id="1215" class="1005" name="trunc_ln44_47_reg_1215">
<pin_list>
<pin id="1216" dir="0" index="0" bw="15" slack="1"/>
<pin id="1217" dir="1" index="1" bw="15" slack="1"/>
</pin_list>
<bind>
<opset="trunc_ln44_47 "/>
</bind>
</comp>

<comp id="1220" class="1005" name="trunc_ln44_26_reg_1220">
<pin_list>
<pin id="1221" dir="0" index="0" bw="16" slack="1"/>
<pin id="1222" dir="1" index="1" bw="16" slack="1"/>
</pin_list>
<bind>
<opset="trunc_ln44_26 "/>
</bind>
</comp>

<comp id="1225" class="1005" name="trunc_ln44_48_reg_1225">
<pin_list>
<pin id="1226" dir="0" index="0" bw="15" slack="1"/>
<pin id="1227" dir="1" index="1" bw="15" slack="1"/>
</pin_list>
<bind>
<opset="trunc_ln44_48 "/>
</bind>
</comp>

<comp id="1230" class="1005" name="trunc_ln44_27_reg_1230">
<pin_list>
<pin id="1231" dir="0" index="0" bw="16" slack="1"/>
<pin id="1232" dir="1" index="1" bw="16" slack="1"/>
</pin_list>
<bind>
<opset="trunc_ln44_27 "/>
</bind>
</comp>

<comp id="1235" class="1005" name="trunc_ln44_49_reg_1235">
<pin_list>
<pin id="1236" dir="0" index="0" bw="15" slack="1"/>
<pin id="1237" dir="1" index="1" bw="15" slack="1"/>
</pin_list>
<bind>
<opset="trunc_ln44_49 "/>
</bind>
</comp>

<comp id="1240" class="1005" name="trunc_ln44_28_reg_1240">
<pin_list>
<pin id="1241" dir="0" index="0" bw="16" slack="1"/>
<pin id="1242" dir="1" index="1" bw="16" slack="1"/>
</pin_list>
<bind>
<opset="trunc_ln44_28 "/>
</bind>
</comp>

<comp id="1245" class="1005" name="trunc_ln44_50_reg_1245">
<pin_list>
<pin id="1246" dir="0" index="0" bw="15" slack="1"/>
<pin id="1247" dir="1" index="1" bw="15" slack="1"/>
</pin_list>
<bind>
<opset="trunc_ln44_50 "/>
</bind>
</comp>

<comp id="1250" class="1005" name="trunc_ln44_29_reg_1250">
<pin_list>
<pin id="1251" dir="0" index="0" bw="16" slack="1"/>
<pin id="1252" dir="1" index="1" bw="16" slack="1"/>
</pin_list>
<bind>
<opset="trunc_ln44_29 "/>
</bind>
</comp>

<comp id="1255" class="1005" name="trunc_ln44_51_reg_1255">
<pin_list>
<pin id="1256" dir="0" index="0" bw="15" slack="1"/>
<pin id="1257" dir="1" index="1" bw="15" slack="1"/>
</pin_list>
<bind>
<opset="trunc_ln44_51 "/>
</bind>
</comp>

<comp id="1260" class="1005" name="trunc_ln44_30_reg_1260">
<pin_list>
<pin id="1261" dir="0" index="0" bw="16" slack="1"/>
<pin id="1262" dir="1" index="1" bw="16" slack="1"/>
</pin_list>
<bind>
<opset="trunc_ln44_30 "/>
</bind>
</comp>

<comp id="1265" class="1005" name="trunc_ln44_52_reg_1265">
<pin_list>
<pin id="1266" dir="0" index="0" bw="15" slack="1"/>
<pin id="1267" dir="1" index="1" bw="15" slack="1"/>
</pin_list>
<bind>
<opset="trunc_ln44_52 "/>
</bind>
</comp>

<comp id="1270" class="1005" name="trunc_ln44_31_reg_1270">
<pin_list>
<pin id="1271" dir="0" index="0" bw="16" slack="1"/>
<pin id="1272" dir="1" index="1" bw="16" slack="1"/>
</pin_list>
<bind>
<opset="trunc_ln44_31 "/>
</bind>
</comp>

<comp id="1275" class="1005" name="trunc_ln44_53_reg_1275">
<pin_list>
<pin id="1276" dir="0" index="0" bw="15" slack="1"/>
<pin id="1277" dir="1" index="1" bw="15" slack="1"/>
</pin_list>
<bind>
<opset="trunc_ln44_53 "/>
</bind>
</comp>

<comp id="1280" class="1005" name="trunc_ln44_32_reg_1280">
<pin_list>
<pin id="1281" dir="0" index="0" bw="16" slack="1"/>
<pin id="1282" dir="1" index="1" bw="16" slack="1"/>
</pin_list>
<bind>
<opset="trunc_ln44_32 "/>
</bind>
</comp>

<comp id="1285" class="1005" name="trunc_ln44_54_reg_1285">
<pin_list>
<pin id="1286" dir="0" index="0" bw="15" slack="1"/>
<pin id="1287" dir="1" index="1" bw="15" slack="1"/>
</pin_list>
<bind>
<opset="trunc_ln44_54 "/>
</bind>
</comp>

<comp id="1290" class="1005" name="trunc_ln44_33_reg_1290">
<pin_list>
<pin id="1291" dir="0" index="0" bw="16" slack="1"/>
<pin id="1292" dir="1" index="1" bw="16" slack="1"/>
</pin_list>
<bind>
<opset="trunc_ln44_33 "/>
</bind>
</comp>

<comp id="1295" class="1005" name="trunc_ln3_reg_1295">
<pin_list>
<pin id="1296" dir="0" index="0" bw="15" slack="1"/>
<pin id="1297" dir="1" index="1" bw="15" slack="1"/>
</pin_list>
<bind>
<opset="trunc_ln3 "/>
</bind>
</comp>

<comp id="1300" class="1005" name="select_ln51_reg_1300">
<pin_list>
<pin id="1301" dir="0" index="0" bw="15" slack="1"/>
<pin id="1302" dir="1" index="1" bw="15" slack="1"/>
</pin_list>
<bind>
<opset="select_ln51 "/>
</bind>
</comp>

<comp id="1305" class="1005" name="select_ln51_11_reg_1305">
<pin_list>
<pin id="1306" dir="0" index="0" bw="15" slack="1"/>
<pin id="1307" dir="1" index="1" bw="15" slack="1"/>
</pin_list>
<bind>
<opset="select_ln51_11 "/>
</bind>
</comp>

<comp id="1310" class="1005" name="select_ln51_12_reg_1310">
<pin_list>
<pin id="1311" dir="0" index="0" bw="15" slack="1"/>
<pin id="1312" dir="1" index="1" bw="15" slack="1"/>
</pin_list>
<bind>
<opset="select_ln51_12 "/>
</bind>
</comp>

<comp id="1315" class="1005" name="select_ln51_13_reg_1315">
<pin_list>
<pin id="1316" dir="0" index="0" bw="15" slack="1"/>
<pin id="1317" dir="1" index="1" bw="15" slack="1"/>
</pin_list>
<bind>
<opset="select_ln51_13 "/>
</bind>
</comp>

<comp id="1320" class="1005" name="select_ln51_14_reg_1320">
<pin_list>
<pin id="1321" dir="0" index="0" bw="15" slack="1"/>
<pin id="1322" dir="1" index="1" bw="15" slack="1"/>
</pin_list>
<bind>
<opset="select_ln51_14 "/>
</bind>
</comp>

<comp id="1325" class="1005" name="select_ln51_15_reg_1325">
<pin_list>
<pin id="1326" dir="0" index="0" bw="15" slack="1"/>
<pin id="1327" dir="1" index="1" bw="15" slack="1"/>
</pin_list>
<bind>
<opset="select_ln51_15 "/>
</bind>
</comp>

<comp id="1330" class="1005" name="select_ln51_16_reg_1330">
<pin_list>
<pin id="1331" dir="0" index="0" bw="15" slack="1"/>
<pin id="1332" dir="1" index="1" bw="15" slack="1"/>
</pin_list>
<bind>
<opset="select_ln51_16 "/>
</bind>
</comp>

<comp id="1335" class="1005" name="select_ln51_17_reg_1335">
<pin_list>
<pin id="1336" dir="0" index="0" bw="15" slack="1"/>
<pin id="1337" dir="1" index="1" bw="15" slack="1"/>
</pin_list>
<bind>
<opset="select_ln51_17 "/>
</bind>
</comp>

<comp id="1340" class="1005" name="select_ln51_18_reg_1340">
<pin_list>
<pin id="1341" dir="0" index="0" bw="15" slack="1"/>
<pin id="1342" dir="1" index="1" bw="15" slack="1"/>
</pin_list>
<bind>
<opset="select_ln51_18 "/>
</bind>
</comp>

<comp id="1345" class="1005" name="select_ln51_19_reg_1345">
<pin_list>
<pin id="1346" dir="0" index="0" bw="15" slack="1"/>
<pin id="1347" dir="1" index="1" bw="15" slack="1"/>
</pin_list>
<bind>
<opset="select_ln51_19 "/>
</bind>
</comp>

<comp id="1350" class="1005" name="select_ln51_20_reg_1350">
<pin_list>
<pin id="1351" dir="0" index="0" bw="15" slack="1"/>
<pin id="1352" dir="1" index="1" bw="15" slack="1"/>
</pin_list>
<bind>
<opset="select_ln51_20 "/>
</bind>
</comp>

<comp id="1355" class="1005" name="select_ln51_21_reg_1355">
<pin_list>
<pin id="1356" dir="0" index="0" bw="15" slack="1"/>
<pin id="1357" dir="1" index="1" bw="15" slack="1"/>
</pin_list>
<bind>
<opset="select_ln51_21 "/>
</bind>
</comp>

<comp id="1360" class="1005" name="select_ln51_22_reg_1360">
<pin_list>
<pin id="1361" dir="0" index="0" bw="15" slack="1"/>
<pin id="1362" dir="1" index="1" bw="15" slack="1"/>
</pin_list>
<bind>
<opset="select_ln51_22 "/>
</bind>
</comp>

<comp id="1365" class="1005" name="select_ln51_23_reg_1365">
<pin_list>
<pin id="1366" dir="0" index="0" bw="15" slack="1"/>
<pin id="1367" dir="1" index="1" bw="15" slack="1"/>
</pin_list>
<bind>
<opset="select_ln51_23 "/>
</bind>
</comp>

<comp id="1370" class="1005" name="select_ln51_24_reg_1370">
<pin_list>
<pin id="1371" dir="0" index="0" bw="15" slack="1"/>
<pin id="1372" dir="1" index="1" bw="15" slack="1"/>
</pin_list>
<bind>
<opset="select_ln51_24 "/>
</bind>
</comp>

<comp id="1375" class="1005" name="select_ln51_25_reg_1375">
<pin_list>
<pin id="1376" dir="0" index="0" bw="15" slack="1"/>
<pin id="1377" dir="1" index="1" bw="15" slack="1"/>
</pin_list>
<bind>
<opset="select_ln51_25 "/>
</bind>
</comp>

<comp id="1380" class="1005" name="select_ln51_26_reg_1380">
<pin_list>
<pin id="1381" dir="0" index="0" bw="15" slack="1"/>
<pin id="1382" dir="1" index="1" bw="15" slack="1"/>
</pin_list>
<bind>
<opset="select_ln51_26 "/>
</bind>
</comp>

<comp id="1385" class="1005" name="select_ln51_27_reg_1385">
<pin_list>
<pin id="1386" dir="0" index="0" bw="15" slack="1"/>
<pin id="1387" dir="1" index="1" bw="15" slack="1"/>
</pin_list>
<bind>
<opset="select_ln51_27 "/>
</bind>
</comp>

<comp id="1390" class="1005" name="select_ln51_28_reg_1390">
<pin_list>
<pin id="1391" dir="0" index="0" bw="15" slack="1"/>
<pin id="1392" dir="1" index="1" bw="15" slack="1"/>
</pin_list>
<bind>
<opset="select_ln51_28 "/>
</bind>
</comp>

<comp id="1395" class="1005" name="select_ln51_29_reg_1395">
<pin_list>
<pin id="1396" dir="0" index="0" bw="15" slack="1"/>
<pin id="1397" dir="1" index="1" bw="15" slack="1"/>
</pin_list>
<bind>
<opset="select_ln51_29 "/>
</bind>
</comp>

<comp id="1400" class="1005" name="select_ln51_30_reg_1400">
<pin_list>
<pin id="1401" dir="0" index="0" bw="15" slack="1"/>
<pin id="1402" dir="1" index="1" bw="15" slack="1"/>
</pin_list>
<bind>
<opset="select_ln51_30 "/>
</bind>
</comp>

<comp id="1405" class="1005" name="select_ln51_31_reg_1405">
<pin_list>
<pin id="1406" dir="0" index="0" bw="15" slack="1"/>
<pin id="1407" dir="1" index="1" bw="15" slack="1"/>
</pin_list>
<bind>
<opset="select_ln51_31 "/>
</bind>
</comp>

<comp id="1410" class="1005" name="select_ln51_32_reg_1410">
<pin_list>
<pin id="1411" dir="0" index="0" bw="15" slack="1"/>
<pin id="1412" dir="1" index="1" bw="15" slack="1"/>
</pin_list>
<bind>
<opset="select_ln51_32 "/>
</bind>
</comp>

<comp id="1415" class="1005" name="select_ln51_33_reg_1415">
<pin_list>
<pin id="1416" dir="0" index="0" bw="15" slack="1"/>
<pin id="1417" dir="1" index="1" bw="15" slack="1"/>
</pin_list>
<bind>
<opset="select_ln51_33 "/>
</bind>
</comp>

</comp_list>

<net_list>
<net id="170"><net_src comp="4" pin="0"/><net_sink comp="166" pin=0"/></net>

<net id="171"><net_src comp="0" pin="0"/><net_sink comp="166" pin=1"/></net>

<net id="177"><net_src comp="164" pin="0"/><net_sink comp="172" pin=0"/></net>

<net id="178"><net_src comp="2" pin="0"/><net_sink comp="172" pin=1"/></net>

<net id="182"><net_src comp="166" pin="2"/><net_sink comp="179" pin=0"/></net>

<net id="186"><net_src comp="166" pin="2"/><net_sink comp="183" pin=0"/></net>

<net id="193"><net_src comp="6" pin="0"/><net_sink comp="187" pin=0"/></net>

<net id="194"><net_src comp="166" pin="2"/><net_sink comp="187" pin=1"/></net>

<net id="195"><net_src comp="8" pin="0"/><net_sink comp="187" pin=2"/></net>

<net id="196"><net_src comp="10" pin="0"/><net_sink comp="187" pin=3"/></net>

<net id="203"><net_src comp="12" pin="0"/><net_sink comp="197" pin=0"/></net>

<net id="204"><net_src comp="166" pin="2"/><net_sink comp="197" pin=1"/></net>

<net id="205"><net_src comp="8" pin="0"/><net_sink comp="197" pin=2"/></net>

<net id="206"><net_src comp="14" pin="0"/><net_sink comp="197" pin=3"/></net>

<net id="213"><net_src comp="6" pin="0"/><net_sink comp="207" pin=0"/></net>

<net id="214"><net_src comp="166" pin="2"/><net_sink comp="207" pin=1"/></net>

<net id="215"><net_src comp="16" pin="0"/><net_sink comp="207" pin=2"/></net>

<net id="216"><net_src comp="18" pin="0"/><net_sink comp="207" pin=3"/></net>

<net id="223"><net_src comp="12" pin="0"/><net_sink comp="217" pin=0"/></net>

<net id="224"><net_src comp="166" pin="2"/><net_sink comp="217" pin=1"/></net>

<net id="225"><net_src comp="16" pin="0"/><net_sink comp="217" pin=2"/></net>

<net id="226"><net_src comp="20" pin="0"/><net_sink comp="217" pin=3"/></net>

<net id="233"><net_src comp="6" pin="0"/><net_sink comp="227" pin=0"/></net>

<net id="234"><net_src comp="166" pin="2"/><net_sink comp="227" pin=1"/></net>

<net id="235"><net_src comp="22" pin="0"/><net_sink comp="227" pin=2"/></net>

<net id="236"><net_src comp="24" pin="0"/><net_sink comp="227" pin=3"/></net>

<net id="243"><net_src comp="12" pin="0"/><net_sink comp="237" pin=0"/></net>

<net id="244"><net_src comp="166" pin="2"/><net_sink comp="237" pin=1"/></net>

<net id="245"><net_src comp="22" pin="0"/><net_sink comp="237" pin=2"/></net>

<net id="246"><net_src comp="26" pin="0"/><net_sink comp="237" pin=3"/></net>

<net id="253"><net_src comp="6" pin="0"/><net_sink comp="247" pin=0"/></net>

<net id="254"><net_src comp="166" pin="2"/><net_sink comp="247" pin=1"/></net>

<net id="255"><net_src comp="28" pin="0"/><net_sink comp="247" pin=2"/></net>

<net id="256"><net_src comp="30" pin="0"/><net_sink comp="247" pin=3"/></net>

<net id="263"><net_src comp="12" pin="0"/><net_sink comp="257" pin=0"/></net>

<net id="264"><net_src comp="166" pin="2"/><net_sink comp="257" pin=1"/></net>

<net id="265"><net_src comp="28" pin="0"/><net_sink comp="257" pin=2"/></net>

<net id="266"><net_src comp="32" pin="0"/><net_sink comp="257" pin=3"/></net>

<net id="273"><net_src comp="6" pin="0"/><net_sink comp="267" pin=0"/></net>

<net id="274"><net_src comp="166" pin="2"/><net_sink comp="267" pin=1"/></net>

<net id="275"><net_src comp="34" pin="0"/><net_sink comp="267" pin=2"/></net>

<net id="276"><net_src comp="36" pin="0"/><net_sink comp="267" pin=3"/></net>

<net id="283"><net_src comp="12" pin="0"/><net_sink comp="277" pin=0"/></net>

<net id="284"><net_src comp="166" pin="2"/><net_sink comp="277" pin=1"/></net>

<net id="285"><net_src comp="34" pin="0"/><net_sink comp="277" pin=2"/></net>

<net id="286"><net_src comp="38" pin="0"/><net_sink comp="277" pin=3"/></net>

<net id="293"><net_src comp="6" pin="0"/><net_sink comp="287" pin=0"/></net>

<net id="294"><net_src comp="166" pin="2"/><net_sink comp="287" pin=1"/></net>

<net id="295"><net_src comp="40" pin="0"/><net_sink comp="287" pin=2"/></net>

<net id="296"><net_src comp="42" pin="0"/><net_sink comp="287" pin=3"/></net>

<net id="303"><net_src comp="12" pin="0"/><net_sink comp="297" pin=0"/></net>

<net id="304"><net_src comp="166" pin="2"/><net_sink comp="297" pin=1"/></net>

<net id="305"><net_src comp="40" pin="0"/><net_sink comp="297" pin=2"/></net>

<net id="306"><net_src comp="44" pin="0"/><net_sink comp="297" pin=3"/></net>

<net id="313"><net_src comp="6" pin="0"/><net_sink comp="307" pin=0"/></net>

<net id="314"><net_src comp="166" pin="2"/><net_sink comp="307" pin=1"/></net>

<net id="315"><net_src comp="46" pin="0"/><net_sink comp="307" pin=2"/></net>

<net id="316"><net_src comp="48" pin="0"/><net_sink comp="307" pin=3"/></net>

<net id="323"><net_src comp="12" pin="0"/><net_sink comp="317" pin=0"/></net>

<net id="324"><net_src comp="166" pin="2"/><net_sink comp="317" pin=1"/></net>

<net id="325"><net_src comp="46" pin="0"/><net_sink comp="317" pin=2"/></net>

<net id="326"><net_src comp="50" pin="0"/><net_sink comp="317" pin=3"/></net>

<net id="333"><net_src comp="6" pin="0"/><net_sink comp="327" pin=0"/></net>

<net id="334"><net_src comp="166" pin="2"/><net_sink comp="327" pin=1"/></net>

<net id="335"><net_src comp="52" pin="0"/><net_sink comp="327" pin=2"/></net>

<net id="336"><net_src comp="54" pin="0"/><net_sink comp="327" pin=3"/></net>

<net id="343"><net_src comp="12" pin="0"/><net_sink comp="337" pin=0"/></net>

<net id="344"><net_src comp="166" pin="2"/><net_sink comp="337" pin=1"/></net>

<net id="345"><net_src comp="52" pin="0"/><net_sink comp="337" pin=2"/></net>

<net id="346"><net_src comp="56" pin="0"/><net_sink comp="337" pin=3"/></net>

<net id="353"><net_src comp="6" pin="0"/><net_sink comp="347" pin=0"/></net>

<net id="354"><net_src comp="166" pin="2"/><net_sink comp="347" pin=1"/></net>

<net id="355"><net_src comp="58" pin="0"/><net_sink comp="347" pin=2"/></net>

<net id="356"><net_src comp="60" pin="0"/><net_sink comp="347" pin=3"/></net>

<net id="363"><net_src comp="12" pin="0"/><net_sink comp="357" pin=0"/></net>

<net id="364"><net_src comp="166" pin="2"/><net_sink comp="357" pin=1"/></net>

<net id="365"><net_src comp="58" pin="0"/><net_sink comp="357" pin=2"/></net>

<net id="366"><net_src comp="62" pin="0"/><net_sink comp="357" pin=3"/></net>

<net id="373"><net_src comp="6" pin="0"/><net_sink comp="367" pin=0"/></net>

<net id="374"><net_src comp="166" pin="2"/><net_sink comp="367" pin=1"/></net>

<net id="375"><net_src comp="64" pin="0"/><net_sink comp="367" pin=2"/></net>

<net id="376"><net_src comp="66" pin="0"/><net_sink comp="367" pin=3"/></net>

<net id="383"><net_src comp="12" pin="0"/><net_sink comp="377" pin=0"/></net>

<net id="384"><net_src comp="166" pin="2"/><net_sink comp="377" pin=1"/></net>

<net id="385"><net_src comp="64" pin="0"/><net_sink comp="377" pin=2"/></net>

<net id="386"><net_src comp="68" pin="0"/><net_sink comp="377" pin=3"/></net>

<net id="393"><net_src comp="6" pin="0"/><net_sink comp="387" pin=0"/></net>

<net id="394"><net_src comp="166" pin="2"/><net_sink comp="387" pin=1"/></net>

<net id="395"><net_src comp="70" pin="0"/><net_sink comp="387" pin=2"/></net>

<net id="396"><net_src comp="72" pin="0"/><net_sink comp="387" pin=3"/></net>

<net id="403"><net_src comp="12" pin="0"/><net_sink comp="397" pin=0"/></net>

<net id="404"><net_src comp="166" pin="2"/><net_sink comp="397" pin=1"/></net>

<net id="405"><net_src comp="70" pin="0"/><net_sink comp="397" pin=2"/></net>

<net id="406"><net_src comp="74" pin="0"/><net_sink comp="397" pin=3"/></net>

<net id="413"><net_src comp="6" pin="0"/><net_sink comp="407" pin=0"/></net>

<net id="414"><net_src comp="166" pin="2"/><net_sink comp="407" pin=1"/></net>

<net id="415"><net_src comp="76" pin="0"/><net_sink comp="407" pin=2"/></net>

<net id="416"><net_src comp="78" pin="0"/><net_sink comp="407" pin=3"/></net>

<net id="423"><net_src comp="12" pin="0"/><net_sink comp="417" pin=0"/></net>

<net id="424"><net_src comp="166" pin="2"/><net_sink comp="417" pin=1"/></net>

<net id="425"><net_src comp="76" pin="0"/><net_sink comp="417" pin=2"/></net>

<net id="426"><net_src comp="80" pin="0"/><net_sink comp="417" pin=3"/></net>

<net id="433"><net_src comp="6" pin="0"/><net_sink comp="427" pin=0"/></net>

<net id="434"><net_src comp="166" pin="2"/><net_sink comp="427" pin=1"/></net>

<net id="435"><net_src comp="82" pin="0"/><net_sink comp="427" pin=2"/></net>

<net id="436"><net_src comp="84" pin="0"/><net_sink comp="427" pin=3"/></net>

<net id="443"><net_src comp="12" pin="0"/><net_sink comp="437" pin=0"/></net>

<net id="444"><net_src comp="166" pin="2"/><net_sink comp="437" pin=1"/></net>

<net id="445"><net_src comp="82" pin="0"/><net_sink comp="437" pin=2"/></net>

<net id="446"><net_src comp="86" pin="0"/><net_sink comp="437" pin=3"/></net>

<net id="453"><net_src comp="6" pin="0"/><net_sink comp="447" pin=0"/></net>

<net id="454"><net_src comp="166" pin="2"/><net_sink comp="447" pin=1"/></net>

<net id="455"><net_src comp="88" pin="0"/><net_sink comp="447" pin=2"/></net>

<net id="456"><net_src comp="90" pin="0"/><net_sink comp="447" pin=3"/></net>

<net id="463"><net_src comp="12" pin="0"/><net_sink comp="457" pin=0"/></net>

<net id="464"><net_src comp="166" pin="2"/><net_sink comp="457" pin=1"/></net>

<net id="465"><net_src comp="88" pin="0"/><net_sink comp="457" pin=2"/></net>

<net id="466"><net_src comp="92" pin="0"/><net_sink comp="457" pin=3"/></net>

<net id="473"><net_src comp="6" pin="0"/><net_sink comp="467" pin=0"/></net>

<net id="474"><net_src comp="166" pin="2"/><net_sink comp="467" pin=1"/></net>

<net id="475"><net_src comp="94" pin="0"/><net_sink comp="467" pin=2"/></net>

<net id="476"><net_src comp="96" pin="0"/><net_sink comp="467" pin=3"/></net>

<net id="483"><net_src comp="12" pin="0"/><net_sink comp="477" pin=0"/></net>

<net id="484"><net_src comp="166" pin="2"/><net_sink comp="477" pin=1"/></net>

<net id="485"><net_src comp="94" pin="0"/><net_sink comp="477" pin=2"/></net>

<net id="486"><net_src comp="98" pin="0"/><net_sink comp="477" pin=3"/></net>

<net id="493"><net_src comp="6" pin="0"/><net_sink comp="487" pin=0"/></net>

<net id="494"><net_src comp="166" pin="2"/><net_sink comp="487" pin=1"/></net>

<net id="495"><net_src comp="100" pin="0"/><net_sink comp="487" pin=2"/></net>

<net id="496"><net_src comp="102" pin="0"/><net_sink comp="487" pin=3"/></net>

<net id="503"><net_src comp="12" pin="0"/><net_sink comp="497" pin=0"/></net>

<net id="504"><net_src comp="166" pin="2"/><net_sink comp="497" pin=1"/></net>

<net id="505"><net_src comp="100" pin="0"/><net_sink comp="497" pin=2"/></net>

<net id="506"><net_src comp="104" pin="0"/><net_sink comp="497" pin=3"/></net>

<net id="513"><net_src comp="6" pin="0"/><net_sink comp="507" pin=0"/></net>

<net id="514"><net_src comp="166" pin="2"/><net_sink comp="507" pin=1"/></net>

<net id="515"><net_src comp="106" pin="0"/><net_sink comp="507" pin=2"/></net>

<net id="516"><net_src comp="108" pin="0"/><net_sink comp="507" pin=3"/></net>

<net id="523"><net_src comp="12" pin="0"/><net_sink comp="517" pin=0"/></net>

<net id="524"><net_src comp="166" pin="2"/><net_sink comp="517" pin=1"/></net>

<net id="525"><net_src comp="106" pin="0"/><net_sink comp="517" pin=2"/></net>

<net id="526"><net_src comp="110" pin="0"/><net_sink comp="517" pin=3"/></net>

<net id="533"><net_src comp="6" pin="0"/><net_sink comp="527" pin=0"/></net>

<net id="534"><net_src comp="166" pin="2"/><net_sink comp="527" pin=1"/></net>

<net id="535"><net_src comp="112" pin="0"/><net_sink comp="527" pin=2"/></net>

<net id="536"><net_src comp="114" pin="0"/><net_sink comp="527" pin=3"/></net>

<net id="543"><net_src comp="12" pin="0"/><net_sink comp="537" pin=0"/></net>

<net id="544"><net_src comp="166" pin="2"/><net_sink comp="537" pin=1"/></net>

<net id="545"><net_src comp="112" pin="0"/><net_sink comp="537" pin=2"/></net>

<net id="546"><net_src comp="116" pin="0"/><net_sink comp="537" pin=3"/></net>

<net id="553"><net_src comp="6" pin="0"/><net_sink comp="547" pin=0"/></net>

<net id="554"><net_src comp="166" pin="2"/><net_sink comp="547" pin=1"/></net>

<net id="555"><net_src comp="118" pin="0"/><net_sink comp="547" pin=2"/></net>

<net id="556"><net_src comp="120" pin="0"/><net_sink comp="547" pin=3"/></net>

<net id="563"><net_src comp="12" pin="0"/><net_sink comp="557" pin=0"/></net>

<net id="564"><net_src comp="166" pin="2"/><net_sink comp="557" pin=1"/></net>

<net id="565"><net_src comp="118" pin="0"/><net_sink comp="557" pin=2"/></net>

<net id="566"><net_src comp="122" pin="0"/><net_sink comp="557" pin=3"/></net>

<net id="573"><net_src comp="6" pin="0"/><net_sink comp="567" pin=0"/></net>

<net id="574"><net_src comp="166" pin="2"/><net_sink comp="567" pin=1"/></net>

<net id="575"><net_src comp="124" pin="0"/><net_sink comp="567" pin=2"/></net>

<net id="576"><net_src comp="126" pin="0"/><net_sink comp="567" pin=3"/></net>

<net id="583"><net_src comp="12" pin="0"/><net_sink comp="577" pin=0"/></net>

<net id="584"><net_src comp="166" pin="2"/><net_sink comp="577" pin=1"/></net>

<net id="585"><net_src comp="124" pin="0"/><net_sink comp="577" pin=2"/></net>

<net id="586"><net_src comp="128" pin="0"/><net_sink comp="577" pin=3"/></net>

<net id="593"><net_src comp="6" pin="0"/><net_sink comp="587" pin=0"/></net>

<net id="594"><net_src comp="166" pin="2"/><net_sink comp="587" pin=1"/></net>

<net id="595"><net_src comp="130" pin="0"/><net_sink comp="587" pin=2"/></net>

<net id="596"><net_src comp="132" pin="0"/><net_sink comp="587" pin=3"/></net>

<net id="603"><net_src comp="12" pin="0"/><net_sink comp="597" pin=0"/></net>

<net id="604"><net_src comp="166" pin="2"/><net_sink comp="597" pin=1"/></net>

<net id="605"><net_src comp="130" pin="0"/><net_sink comp="597" pin=2"/></net>

<net id="606"><net_src comp="134" pin="0"/><net_sink comp="597" pin=3"/></net>

<net id="613"><net_src comp="6" pin="0"/><net_sink comp="607" pin=0"/></net>

<net id="614"><net_src comp="166" pin="2"/><net_sink comp="607" pin=1"/></net>

<net id="615"><net_src comp="136" pin="0"/><net_sink comp="607" pin=2"/></net>

<net id="616"><net_src comp="138" pin="0"/><net_sink comp="607" pin=3"/></net>

<net id="623"><net_src comp="12" pin="0"/><net_sink comp="617" pin=0"/></net>

<net id="624"><net_src comp="166" pin="2"/><net_sink comp="617" pin=1"/></net>

<net id="625"><net_src comp="136" pin="0"/><net_sink comp="617" pin=2"/></net>

<net id="626"><net_src comp="140" pin="0"/><net_sink comp="617" pin=3"/></net>

<net id="633"><net_src comp="6" pin="0"/><net_sink comp="627" pin=0"/></net>

<net id="634"><net_src comp="166" pin="2"/><net_sink comp="627" pin=1"/></net>

<net id="635"><net_src comp="142" pin="0"/><net_sink comp="627" pin=2"/></net>

<net id="636"><net_src comp="144" pin="0"/><net_sink comp="627" pin=3"/></net>

<net id="643"><net_src comp="12" pin="0"/><net_sink comp="637" pin=0"/></net>

<net id="644"><net_src comp="166" pin="2"/><net_sink comp="637" pin=1"/></net>

<net id="645"><net_src comp="142" pin="0"/><net_sink comp="637" pin=2"/></net>

<net id="646"><net_src comp="146" pin="0"/><net_sink comp="637" pin=3"/></net>

<net id="651"><net_src comp="148" pin="0"/><net_sink comp="647" pin=1"/></net>

<net id="657"><net_src comp="647" pin="2"/><net_sink comp="652" pin=0"/></net>

<net id="658"><net_src comp="150" pin="0"/><net_sink comp="652" pin=2"/></net>

<net id="663"><net_src comp="148" pin="0"/><net_sink comp="659" pin=1"/></net>

<net id="669"><net_src comp="659" pin="2"/><net_sink comp="664" pin=0"/></net>

<net id="670"><net_src comp="150" pin="0"/><net_sink comp="664" pin=2"/></net>

<net id="675"><net_src comp="148" pin="0"/><net_sink comp="671" pin=1"/></net>

<net id="681"><net_src comp="671" pin="2"/><net_sink comp="676" pin=0"/></net>

<net id="682"><net_src comp="150" pin="0"/><net_sink comp="676" pin=2"/></net>

<net id="687"><net_src comp="148" pin="0"/><net_sink comp="683" pin=1"/></net>

<net id="693"><net_src comp="683" pin="2"/><net_sink comp="688" pin=0"/></net>

<net id="694"><net_src comp="150" pin="0"/><net_sink comp="688" pin=2"/></net>

<net id="699"><net_src comp="148" pin="0"/><net_sink comp="695" pin=1"/></net>

<net id="705"><net_src comp="695" pin="2"/><net_sink comp="700" pin=0"/></net>

<net id="706"><net_src comp="150" pin="0"/><net_sink comp="700" pin=2"/></net>

<net id="711"><net_src comp="148" pin="0"/><net_sink comp="707" pin=1"/></net>

<net id="717"><net_src comp="707" pin="2"/><net_sink comp="712" pin=0"/></net>

<net id="718"><net_src comp="150" pin="0"/><net_sink comp="712" pin=2"/></net>

<net id="723"><net_src comp="148" pin="0"/><net_sink comp="719" pin=1"/></net>

<net id="729"><net_src comp="719" pin="2"/><net_sink comp="724" pin=0"/></net>

<net id="730"><net_src comp="150" pin="0"/><net_sink comp="724" pin=2"/></net>

<net id="735"><net_src comp="148" pin="0"/><net_sink comp="731" pin=1"/></net>

<net id="741"><net_src comp="731" pin="2"/><net_sink comp="736" pin=0"/></net>

<net id="742"><net_src comp="150" pin="0"/><net_sink comp="736" pin=2"/></net>

<net id="747"><net_src comp="148" pin="0"/><net_sink comp="743" pin=1"/></net>

<net id="753"><net_src comp="743" pin="2"/><net_sink comp="748" pin=0"/></net>

<net id="754"><net_src comp="150" pin="0"/><net_sink comp="748" pin=2"/></net>

<net id="759"><net_src comp="148" pin="0"/><net_sink comp="755" pin=1"/></net>

<net id="765"><net_src comp="755" pin="2"/><net_sink comp="760" pin=0"/></net>

<net id="766"><net_src comp="150" pin="0"/><net_sink comp="760" pin=2"/></net>

<net id="771"><net_src comp="148" pin="0"/><net_sink comp="767" pin=1"/></net>

<net id="777"><net_src comp="767" pin="2"/><net_sink comp="772" pin=0"/></net>

<net id="778"><net_src comp="150" pin="0"/><net_sink comp="772" pin=2"/></net>

<net id="783"><net_src comp="148" pin="0"/><net_sink comp="779" pin=1"/></net>

<net id="789"><net_src comp="779" pin="2"/><net_sink comp="784" pin=0"/></net>

<net id="790"><net_src comp="150" pin="0"/><net_sink comp="784" pin=2"/></net>

<net id="795"><net_src comp="148" pin="0"/><net_sink comp="791" pin=1"/></net>

<net id="801"><net_src comp="791" pin="2"/><net_sink comp="796" pin=0"/></net>

<net id="802"><net_src comp="150" pin="0"/><net_sink comp="796" pin=2"/></net>

<net id="807"><net_src comp="148" pin="0"/><net_sink comp="803" pin=1"/></net>

<net id="813"><net_src comp="803" pin="2"/><net_sink comp="808" pin=0"/></net>

<net id="814"><net_src comp="150" pin="0"/><net_sink comp="808" pin=2"/></net>

<net id="819"><net_src comp="148" pin="0"/><net_sink comp="815" pin=1"/></net>

<net id="825"><net_src comp="815" pin="2"/><net_sink comp="820" pin=0"/></net>

<net id="826"><net_src comp="150" pin="0"/><net_sink comp="820" pin=2"/></net>

<net id="831"><net_src comp="148" pin="0"/><net_sink comp="827" pin=1"/></net>

<net id="837"><net_src comp="827" pin="2"/><net_sink comp="832" pin=0"/></net>

<net id="838"><net_src comp="150" pin="0"/><net_sink comp="832" pin=2"/></net>

<net id="843"><net_src comp="148" pin="0"/><net_sink comp="839" pin=1"/></net>

<net id="849"><net_src comp="839" pin="2"/><net_sink comp="844" pin=0"/></net>

<net id="850"><net_src comp="150" pin="0"/><net_sink comp="844" pin=2"/></net>

<net id="855"><net_src comp="148" pin="0"/><net_sink comp="851" pin=1"/></net>

<net id="861"><net_src comp="851" pin="2"/><net_sink comp="856" pin=0"/></net>

<net id="862"><net_src comp="150" pin="0"/><net_sink comp="856" pin=2"/></net>

<net id="867"><net_src comp="148" pin="0"/><net_sink comp="863" pin=1"/></net>

<net id="873"><net_src comp="863" pin="2"/><net_sink comp="868" pin=0"/></net>

<net id="874"><net_src comp="150" pin="0"/><net_sink comp="868" pin=2"/></net>

<net id="879"><net_src comp="148" pin="0"/><net_sink comp="875" pin=1"/></net>

<net id="885"><net_src comp="875" pin="2"/><net_sink comp="880" pin=0"/></net>

<net id="886"><net_src comp="150" pin="0"/><net_sink comp="880" pin=2"/></net>

<net id="891"><net_src comp="148" pin="0"/><net_sink comp="887" pin=1"/></net>

<net id="897"><net_src comp="887" pin="2"/><net_sink comp="892" pin=0"/></net>

<net id="898"><net_src comp="150" pin="0"/><net_sink comp="892" pin=2"/></net>

<net id="903"><net_src comp="148" pin="0"/><net_sink comp="899" pin=1"/></net>

<net id="909"><net_src comp="899" pin="2"/><net_sink comp="904" pin=0"/></net>

<net id="910"><net_src comp="150" pin="0"/><net_sink comp="904" pin=2"/></net>

<net id="915"><net_src comp="148" pin="0"/><net_sink comp="911" pin=1"/></net>

<net id="921"><net_src comp="911" pin="2"/><net_sink comp="916" pin=0"/></net>

<net id="922"><net_src comp="150" pin="0"/><net_sink comp="916" pin=2"/></net>

<net id="927"><net_src comp="148" pin="0"/><net_sink comp="923" pin=1"/></net>

<net id="933"><net_src comp="923" pin="2"/><net_sink comp="928" pin=0"/></net>

<net id="934"><net_src comp="150" pin="0"/><net_sink comp="928" pin=2"/></net>

<net id="1031"><net_src comp="162" pin="0"/><net_sink comp="1004" pin=0"/></net>

<net id="1032"><net_src comp="1001" pin="1"/><net_sink comp="1004" pin=2"/></net>

<net id="1033"><net_src comp="998" pin="1"/><net_sink comp="1004" pin=3"/></net>

<net id="1034"><net_src comp="995" pin="1"/><net_sink comp="1004" pin=4"/></net>

<net id="1035"><net_src comp="992" pin="1"/><net_sink comp="1004" pin=5"/></net>

<net id="1036"><net_src comp="989" pin="1"/><net_sink comp="1004" pin=6"/></net>

<net id="1037"><net_src comp="986" pin="1"/><net_sink comp="1004" pin=7"/></net>

<net id="1038"><net_src comp="983" pin="1"/><net_sink comp="1004" pin=8"/></net>

<net id="1039"><net_src comp="980" pin="1"/><net_sink comp="1004" pin=9"/></net>

<net id="1040"><net_src comp="977" pin="1"/><net_sink comp="1004" pin=10"/></net>

<net id="1041"><net_src comp="974" pin="1"/><net_sink comp="1004" pin=11"/></net>

<net id="1042"><net_src comp="971" pin="1"/><net_sink comp="1004" pin=12"/></net>

<net id="1043"><net_src comp="968" pin="1"/><net_sink comp="1004" pin=13"/></net>

<net id="1044"><net_src comp="965" pin="1"/><net_sink comp="1004" pin=14"/></net>

<net id="1045"><net_src comp="962" pin="1"/><net_sink comp="1004" pin=15"/></net>

<net id="1046"><net_src comp="959" pin="1"/><net_sink comp="1004" pin=16"/></net>

<net id="1047"><net_src comp="956" pin="1"/><net_sink comp="1004" pin=17"/></net>

<net id="1048"><net_src comp="953" pin="1"/><net_sink comp="1004" pin=18"/></net>

<net id="1049"><net_src comp="950" pin="1"/><net_sink comp="1004" pin=19"/></net>

<net id="1050"><net_src comp="947" pin="1"/><net_sink comp="1004" pin=20"/></net>

<net id="1051"><net_src comp="944" pin="1"/><net_sink comp="1004" pin=21"/></net>

<net id="1052"><net_src comp="941" pin="1"/><net_sink comp="1004" pin=22"/></net>

<net id="1053"><net_src comp="938" pin="1"/><net_sink comp="1004" pin=23"/></net>

<net id="1054"><net_src comp="935" pin="1"/><net_sink comp="1004" pin=24"/></net>

<net id="1058"><net_src comp="1004" pin="25"/><net_sink comp="1055" pin=0"/></net>

<net id="1059"><net_src comp="1055" pin="1"/><net_sink comp="172" pin=2"/></net>

<net id="1063"><net_src comp="179" pin="1"/><net_sink comp="1060" pin=0"/></net>

<net id="1064"><net_src comp="1060" pin="1"/><net_sink comp="647" pin=0"/></net>

<net id="1068"><net_src comp="183" pin="1"/><net_sink comp="1065" pin=0"/></net>

<net id="1069"><net_src comp="1065" pin="1"/><net_sink comp="652" pin=1"/></net>

<net id="1073"><net_src comp="187" pin="4"/><net_sink comp="1070" pin=0"/></net>

<net id="1074"><net_src comp="1070" pin="1"/><net_sink comp="659" pin=0"/></net>

<net id="1078"><net_src comp="197" pin="4"/><net_sink comp="1075" pin=0"/></net>

<net id="1079"><net_src comp="1075" pin="1"/><net_sink comp="664" pin=1"/></net>

<net id="1083"><net_src comp="207" pin="4"/><net_sink comp="1080" pin=0"/></net>

<net id="1084"><net_src comp="1080" pin="1"/><net_sink comp="671" pin=0"/></net>

<net id="1088"><net_src comp="217" pin="4"/><net_sink comp="1085" pin=0"/></net>

<net id="1089"><net_src comp="1085" pin="1"/><net_sink comp="676" pin=1"/></net>

<net id="1093"><net_src comp="227" pin="4"/><net_sink comp="1090" pin=0"/></net>

<net id="1094"><net_src comp="1090" pin="1"/><net_sink comp="683" pin=0"/></net>

<net id="1098"><net_src comp="237" pin="4"/><net_sink comp="1095" pin=0"/></net>

<net id="1099"><net_src comp="1095" pin="1"/><net_sink comp="688" pin=1"/></net>

<net id="1103"><net_src comp="247" pin="4"/><net_sink comp="1100" pin=0"/></net>

<net id="1104"><net_src comp="1100" pin="1"/><net_sink comp="695" pin=0"/></net>

<net id="1108"><net_src comp="257" pin="4"/><net_sink comp="1105" pin=0"/></net>

<net id="1109"><net_src comp="1105" pin="1"/><net_sink comp="700" pin=1"/></net>

<net id="1113"><net_src comp="267" pin="4"/><net_sink comp="1110" pin=0"/></net>

<net id="1114"><net_src comp="1110" pin="1"/><net_sink comp="707" pin=0"/></net>

<net id="1118"><net_src comp="277" pin="4"/><net_sink comp="1115" pin=0"/></net>

<net id="1119"><net_src comp="1115" pin="1"/><net_sink comp="712" pin=1"/></net>

<net id="1123"><net_src comp="287" pin="4"/><net_sink comp="1120" pin=0"/></net>

<net id="1124"><net_src comp="1120" pin="1"/><net_sink comp="719" pin=0"/></net>

<net id="1128"><net_src comp="297" pin="4"/><net_sink comp="1125" pin=0"/></net>

<net id="1129"><net_src comp="1125" pin="1"/><net_sink comp="724" pin=1"/></net>

<net id="1133"><net_src comp="307" pin="4"/><net_sink comp="1130" pin=0"/></net>

<net id="1134"><net_src comp="1130" pin="1"/><net_sink comp="731" pin=0"/></net>

<net id="1138"><net_src comp="317" pin="4"/><net_sink comp="1135" pin=0"/></net>

<net id="1139"><net_src comp="1135" pin="1"/><net_sink comp="736" pin=1"/></net>

<net id="1143"><net_src comp="327" pin="4"/><net_sink comp="1140" pin=0"/></net>

<net id="1144"><net_src comp="1140" pin="1"/><net_sink comp="743" pin=0"/></net>

<net id="1148"><net_src comp="337" pin="4"/><net_sink comp="1145" pin=0"/></net>

<net id="1149"><net_src comp="1145" pin="1"/><net_sink comp="748" pin=1"/></net>

<net id="1153"><net_src comp="347" pin="4"/><net_sink comp="1150" pin=0"/></net>

<net id="1154"><net_src comp="1150" pin="1"/><net_sink comp="755" pin=0"/></net>

<net id="1158"><net_src comp="357" pin="4"/><net_sink comp="1155" pin=0"/></net>

<net id="1159"><net_src comp="1155" pin="1"/><net_sink comp="760" pin=1"/></net>

<net id="1163"><net_src comp="367" pin="4"/><net_sink comp="1160" pin=0"/></net>

<net id="1164"><net_src comp="1160" pin="1"/><net_sink comp="767" pin=0"/></net>

<net id="1168"><net_src comp="377" pin="4"/><net_sink comp="1165" pin=0"/></net>

<net id="1169"><net_src comp="1165" pin="1"/><net_sink comp="772" pin=1"/></net>

<net id="1173"><net_src comp="387" pin="4"/><net_sink comp="1170" pin=0"/></net>

<net id="1174"><net_src comp="1170" pin="1"/><net_sink comp="779" pin=0"/></net>

<net id="1178"><net_src comp="397" pin="4"/><net_sink comp="1175" pin=0"/></net>

<net id="1179"><net_src comp="1175" pin="1"/><net_sink comp="784" pin=1"/></net>

<net id="1183"><net_src comp="407" pin="4"/><net_sink comp="1180" pin=0"/></net>

<net id="1184"><net_src comp="1180" pin="1"/><net_sink comp="791" pin=0"/></net>

<net id="1188"><net_src comp="417" pin="4"/><net_sink comp="1185" pin=0"/></net>

<net id="1189"><net_src comp="1185" pin="1"/><net_sink comp="796" pin=1"/></net>

<net id="1193"><net_src comp="427" pin="4"/><net_sink comp="1190" pin=0"/></net>

<net id="1194"><net_src comp="1190" pin="1"/><net_sink comp="803" pin=0"/></net>

<net id="1198"><net_src comp="437" pin="4"/><net_sink comp="1195" pin=0"/></net>

<net id="1199"><net_src comp="1195" pin="1"/><net_sink comp="808" pin=1"/></net>

<net id="1203"><net_src comp="447" pin="4"/><net_sink comp="1200" pin=0"/></net>

<net id="1204"><net_src comp="1200" pin="1"/><net_sink comp="815" pin=0"/></net>

<net id="1208"><net_src comp="457" pin="4"/><net_sink comp="1205" pin=0"/></net>

<net id="1209"><net_src comp="1205" pin="1"/><net_sink comp="820" pin=1"/></net>

<net id="1213"><net_src comp="467" pin="4"/><net_sink comp="1210" pin=0"/></net>

<net id="1214"><net_src comp="1210" pin="1"/><net_sink comp="827" pin=0"/></net>

<net id="1218"><net_src comp="477" pin="4"/><net_sink comp="1215" pin=0"/></net>

<net id="1219"><net_src comp="1215" pin="1"/><net_sink comp="832" pin=1"/></net>

<net id="1223"><net_src comp="487" pin="4"/><net_sink comp="1220" pin=0"/></net>

<net id="1224"><net_src comp="1220" pin="1"/><net_sink comp="839" pin=0"/></net>

<net id="1228"><net_src comp="497" pin="4"/><net_sink comp="1225" pin=0"/></net>

<net id="1229"><net_src comp="1225" pin="1"/><net_sink comp="844" pin=1"/></net>

<net id="1233"><net_src comp="507" pin="4"/><net_sink comp="1230" pin=0"/></net>

<net id="1234"><net_src comp="1230" pin="1"/><net_sink comp="851" pin=0"/></net>

<net id="1238"><net_src comp="517" pin="4"/><net_sink comp="1235" pin=0"/></net>

<net id="1239"><net_src comp="1235" pin="1"/><net_sink comp="856" pin=1"/></net>

<net id="1243"><net_src comp="527" pin="4"/><net_sink comp="1240" pin=0"/></net>

<net id="1244"><net_src comp="1240" pin="1"/><net_sink comp="863" pin=0"/></net>

<net id="1248"><net_src comp="537" pin="4"/><net_sink comp="1245" pin=0"/></net>

<net id="1249"><net_src comp="1245" pin="1"/><net_sink comp="868" pin=1"/></net>

<net id="1253"><net_src comp="547" pin="4"/><net_sink comp="1250" pin=0"/></net>

<net id="1254"><net_src comp="1250" pin="1"/><net_sink comp="875" pin=0"/></net>

<net id="1258"><net_src comp="557" pin="4"/><net_sink comp="1255" pin=0"/></net>

<net id="1259"><net_src comp="1255" pin="1"/><net_sink comp="880" pin=1"/></net>

<net id="1263"><net_src comp="567" pin="4"/><net_sink comp="1260" pin=0"/></net>

<net id="1264"><net_src comp="1260" pin="1"/><net_sink comp="887" pin=0"/></net>

<net id="1268"><net_src comp="577" pin="4"/><net_sink comp="1265" pin=0"/></net>

<net id="1269"><net_src comp="1265" pin="1"/><net_sink comp="892" pin=1"/></net>

<net id="1273"><net_src comp="587" pin="4"/><net_sink comp="1270" pin=0"/></net>

<net id="1274"><net_src comp="1270" pin="1"/><net_sink comp="899" pin=0"/></net>

<net id="1278"><net_src comp="597" pin="4"/><net_sink comp="1275" pin=0"/></net>

<net id="1279"><net_src comp="1275" pin="1"/><net_sink comp="904" pin=1"/></net>

<net id="1283"><net_src comp="607" pin="4"/><net_sink comp="1280" pin=0"/></net>

<net id="1284"><net_src comp="1280" pin="1"/><net_sink comp="911" pin=0"/></net>

<net id="1288"><net_src comp="617" pin="4"/><net_sink comp="1285" pin=0"/></net>

<net id="1289"><net_src comp="1285" pin="1"/><net_sink comp="916" pin=1"/></net>

<net id="1293"><net_src comp="627" pin="4"/><net_sink comp="1290" pin=0"/></net>

<net id="1294"><net_src comp="1290" pin="1"/><net_sink comp="923" pin=0"/></net>

<net id="1298"><net_src comp="637" pin="4"/><net_sink comp="1295" pin=0"/></net>

<net id="1299"><net_src comp="1295" pin="1"/><net_sink comp="928" pin=1"/></net>

<net id="1303"><net_src comp="652" pin="3"/><net_sink comp="1300" pin=0"/></net>

<net id="1304"><net_src comp="1300" pin="1"/><net_sink comp="935" pin=0"/></net>

<net id="1308"><net_src comp="664" pin="3"/><net_sink comp="1305" pin=0"/></net>

<net id="1309"><net_src comp="1305" pin="1"/><net_sink comp="938" pin=0"/></net>

<net id="1313"><net_src comp="676" pin="3"/><net_sink comp="1310" pin=0"/></net>

<net id="1314"><net_src comp="1310" pin="1"/><net_sink comp="941" pin=0"/></net>

<net id="1318"><net_src comp="688" pin="3"/><net_sink comp="1315" pin=0"/></net>

<net id="1319"><net_src comp="1315" pin="1"/><net_sink comp="944" pin=0"/></net>

<net id="1323"><net_src comp="700" pin="3"/><net_sink comp="1320" pin=0"/></net>

<net id="1324"><net_src comp="1320" pin="1"/><net_sink comp="947" pin=0"/></net>

<net id="1328"><net_src comp="712" pin="3"/><net_sink comp="1325" pin=0"/></net>

<net id="1329"><net_src comp="1325" pin="1"/><net_sink comp="950" pin=0"/></net>

<net id="1333"><net_src comp="724" pin="3"/><net_sink comp="1330" pin=0"/></net>

<net id="1334"><net_src comp="1330" pin="1"/><net_sink comp="953" pin=0"/></net>

<net id="1338"><net_src comp="736" pin="3"/><net_sink comp="1335" pin=0"/></net>

<net id="1339"><net_src comp="1335" pin="1"/><net_sink comp="956" pin=0"/></net>

<net id="1343"><net_src comp="748" pin="3"/><net_sink comp="1340" pin=0"/></net>

<net id="1344"><net_src comp="1340" pin="1"/><net_sink comp="959" pin=0"/></net>

<net id="1348"><net_src comp="760" pin="3"/><net_sink comp="1345" pin=0"/></net>

<net id="1349"><net_src comp="1345" pin="1"/><net_sink comp="962" pin=0"/></net>

<net id="1353"><net_src comp="772" pin="3"/><net_sink comp="1350" pin=0"/></net>

<net id="1354"><net_src comp="1350" pin="1"/><net_sink comp="965" pin=0"/></net>

<net id="1358"><net_src comp="784" pin="3"/><net_sink comp="1355" pin=0"/></net>

<net id="1359"><net_src comp="1355" pin="1"/><net_sink comp="968" pin=0"/></net>

<net id="1363"><net_src comp="796" pin="3"/><net_sink comp="1360" pin=0"/></net>

<net id="1364"><net_src comp="1360" pin="1"/><net_sink comp="971" pin=0"/></net>

<net id="1368"><net_src comp="808" pin="3"/><net_sink comp="1365" pin=0"/></net>

<net id="1369"><net_src comp="1365" pin="1"/><net_sink comp="974" pin=0"/></net>

<net id="1373"><net_src comp="820" pin="3"/><net_sink comp="1370" pin=0"/></net>

<net id="1374"><net_src comp="1370" pin="1"/><net_sink comp="977" pin=0"/></net>

<net id="1378"><net_src comp="832" pin="3"/><net_sink comp="1375" pin=0"/></net>

<net id="1379"><net_src comp="1375" pin="1"/><net_sink comp="980" pin=0"/></net>

<net id="1383"><net_src comp="844" pin="3"/><net_sink comp="1380" pin=0"/></net>

<net id="1384"><net_src comp="1380" pin="1"/><net_sink comp="983" pin=0"/></net>

<net id="1388"><net_src comp="856" pin="3"/><net_sink comp="1385" pin=0"/></net>

<net id="1389"><net_src comp="1385" pin="1"/><net_sink comp="986" pin=0"/></net>

<net id="1393"><net_src comp="868" pin="3"/><net_sink comp="1390" pin=0"/></net>

<net id="1394"><net_src comp="1390" pin="1"/><net_sink comp="989" pin=0"/></net>

<net id="1398"><net_src comp="880" pin="3"/><net_sink comp="1395" pin=0"/></net>

<net id="1399"><net_src comp="1395" pin="1"/><net_sink comp="992" pin=0"/></net>

<net id="1403"><net_src comp="892" pin="3"/><net_sink comp="1400" pin=0"/></net>

<net id="1404"><net_src comp="1400" pin="1"/><net_sink comp="995" pin=0"/></net>

<net id="1408"><net_src comp="904" pin="3"/><net_sink comp="1405" pin=0"/></net>

<net id="1409"><net_src comp="1405" pin="1"/><net_sink comp="998" pin=0"/></net>

<net id="1413"><net_src comp="916" pin="3"/><net_sink comp="1410" pin=0"/></net>

<net id="1414"><net_src comp="1410" pin="1"/><net_sink comp="1001" pin=0"/></net>

<net id="1418"><net_src comp="928" pin="3"/><net_sink comp="1415" pin=0"/></net>

<net id="1419"><net_src comp="1415" pin="1"/><net_sink comp="1004" pin=1"/></net>

</net_list>

</model> 
---------------- Datapath Model END ------------------

* FSMD analyzer results:
  - Output states:
	Port: layer20_out | {3 }
 - Input state : 
	Port: relu<array<ap_fixed,24u>,array<ap_fixed<16,6,5,3,0>,24u>,ReLU_config20> : layer23_out | {1 }
  - Chain level:
	State 1
	State 2
		select_ln51 : 1
		select_ln51_11 : 1
		select_ln51_12 : 1
		select_ln51_13 : 1
		select_ln51_14 : 1
		select_ln51_15 : 1
		select_ln51_16 : 1
		select_ln51_17 : 1
		select_ln51_18 : 1
		select_ln51_19 : 1
		select_ln51_20 : 1
		select_ln51_21 : 1
		select_ln51_22 : 1
		select_ln51_23 : 1
		select_ln51_24 : 1
		select_ln51_25 : 1
		select_ln51_26 : 1
		select_ln51_27 : 1
		select_ln51_28 : 1
		select_ln51_29 : 1
		select_ln51_30 : 1
		select_ln51_31 : 1
		select_ln51_32 : 1
		select_ln51_33 : 1
	State 3
		or_ln57_s : 1
		zext_ln57 : 2
		write_ln57 : 3


============================================================
+ Verbose Summary: Datapath Resource usage 
============================================================

* Functional unit list:
|----------|------------------------------|---------|---------|
| Operation|        Functional Unit       |    FF   |   LUT   |
|----------|------------------------------|---------|---------|
|          |       icmp_ln51_fu_647       |    0    |    23   |
|          |      icmp_ln51_11_fu_659     |    0    |    23   |
|          |      icmp_ln51_12_fu_671     |    0    |    23   |
|          |      icmp_ln51_13_fu_683     |    0    |    23   |
|          |      icmp_ln51_14_fu_695     |    0    |    23   |
|          |      icmp_ln51_15_fu_707     |    0    |    23   |
|          |      icmp_ln51_16_fu_719     |    0    |    23   |
|          |      icmp_ln51_17_fu_731     |    0    |    23   |
|          |      icmp_ln51_18_fu_743     |    0    |    23   |
|          |      icmp_ln51_19_fu_755     |    0    |    23   |
|          |      icmp_ln51_20_fu_767     |    0    |    23   |
|   icmp   |      icmp_ln51_21_fu_779     |    0    |    23   |
|          |      icmp_ln51_22_fu_791     |    0    |    23   |
|          |      icmp_ln51_23_fu_803     |    0    |    23   |
|          |      icmp_ln51_24_fu_815     |    0    |    23   |
|          |      icmp_ln51_25_fu_827     |    0    |    23   |
|          |      icmp_ln51_26_fu_839     |    0    |    23   |
|          |      icmp_ln51_27_fu_851     |    0    |    23   |
|          |      icmp_ln51_28_fu_863     |    0    |    23   |
|          |      icmp_ln51_29_fu_875     |    0    |    23   |
|          |      icmp_ln51_30_fu_887     |    0    |    23   |
|          |      icmp_ln51_31_fu_899     |    0    |    23   |
|          |      icmp_ln51_32_fu_911     |    0    |    23   |
|          |      icmp_ln51_33_fu_923     |    0    |    23   |
|----------|------------------------------|---------|---------|
|          |      select_ln51_fu_652      |    0    |    15   |
|          |     select_ln51_11_fu_664    |    0    |    15   |
|          |     select_ln51_12_fu_676    |    0    |    15   |
|          |     select_ln51_13_fu_688    |    0    |    15   |
|          |     select_ln51_14_fu_700    |    0    |    15   |
|          |     select_ln51_15_fu_712    |    0    |    15   |
|          |     select_ln51_16_fu_724    |    0    |    15   |
|          |     select_ln51_17_fu_736    |    0    |    15   |
|          |     select_ln51_18_fu_748    |    0    |    15   |
|          |     select_ln51_19_fu_760    |    0    |    15   |
|          |     select_ln51_20_fu_772    |    0    |    15   |
|  select  |     select_ln51_21_fu_784    |    0    |    15   |
|          |     select_ln51_22_fu_796    |    0    |    15   |
|          |     select_ln51_23_fu_808    |    0    |    15   |
|          |     select_ln51_24_fu_820    |    0    |    15   |
|          |     select_ln51_25_fu_832    |    0    |    15   |
|          |     select_ln51_26_fu_844    |    0    |    15   |
|          |     select_ln51_27_fu_856    |    0    |    15   |
|          |     select_ln51_28_fu_868    |    0    |    15   |
|          |     select_ln51_29_fu_880    |    0    |    15   |
|          |     select_ln51_30_fu_892    |    0    |    15   |
|          |     select_ln51_31_fu_904    |    0    |    15   |
|          |     select_ln51_32_fu_916    |    0    |    15   |
|          |     select_ln51_33_fu_928    |    0    |    15   |
|----------|------------------------------|---------|---------|
|   read   | layer23_out_read_read_fu_166 |    0    |    0    |
|----------|------------------------------|---------|---------|
|   write  |    write_ln57_write_fu_172   |    0    |    0    |
|----------|------------------------------|---------|---------|
|   trunc  |       trunc_ln44_fu_179      |    0    |    0    |
|          |     trunc_ln44_56_fu_183     |    0    |    0    |
|----------|------------------------------|---------|---------|
|          |     trunc_ln44_11_fu_187     |    0    |    0    |
|          |      trunc_ln44_s_fu_197     |    0    |    0    |
|          |     trunc_ln44_12_fu_207     |    0    |    0    |
|          |     trunc_ln44_34_fu_217     |    0    |    0    |
|          |     trunc_ln44_13_fu_227     |    0    |    0    |
|          |     trunc_ln44_35_fu_237     |    0    |    0    |
|          |     trunc_ln44_14_fu_247     |    0    |    0    |
|          |     trunc_ln44_36_fu_257     |    0    |    0    |
|          |     trunc_ln44_15_fu_267     |    0    |    0    |
|          |     trunc_ln44_37_fu_277     |    0    |    0    |
|          |     trunc_ln44_16_fu_287     |    0    |    0    |
|          |     trunc_ln44_38_fu_297     |    0    |    0    |
|          |     trunc_ln44_17_fu_307     |    0    |    0    |
|          |     trunc_ln44_39_fu_317     |    0    |    0    |
|          |     trunc_ln44_18_fu_327     |    0    |    0    |
|          |     trunc_ln44_40_fu_337     |    0    |    0    |
|          |     trunc_ln44_19_fu_347     |    0    |    0    |
|          |     trunc_ln44_41_fu_357     |    0    |    0    |
|          |     trunc_ln44_20_fu_367     |    0    |    0    |
|          |     trunc_ln44_42_fu_377     |    0    |    0    |
|          |     trunc_ln44_21_fu_387     |    0    |    0    |
|          |     trunc_ln44_43_fu_397     |    0    |    0    |
|partselect|     trunc_ln44_22_fu_407     |    0    |    0    |
|          |     trunc_ln44_44_fu_417     |    0    |    0    |
|          |     trunc_ln44_23_fu_427     |    0    |    0    |
|          |     trunc_ln44_45_fu_437     |    0    |    0    |
|          |     trunc_ln44_24_fu_447     |    0    |    0    |
|          |     trunc_ln44_46_fu_457     |    0    |    0    |
|          |     trunc_ln44_25_fu_467     |    0    |    0    |
|          |     trunc_ln44_47_fu_477     |    0    |    0    |
|          |     trunc_ln44_26_fu_487     |    0    |    0    |
|          |     trunc_ln44_48_fu_497     |    0    |    0    |
|          |     trunc_ln44_27_fu_507     |    0    |    0    |
|          |     trunc_ln44_49_fu_517     |    0    |    0    |
|          |     trunc_ln44_28_fu_527     |    0    |    0    |
|          |     trunc_ln44_50_fu_537     |    0    |    0    |
|          |     trunc_ln44_29_fu_547     |    0    |    0    |
|          |     trunc_ln44_51_fu_557     |    0    |    0    |
|          |     trunc_ln44_30_fu_567     |    0    |    0    |
|          |     trunc_ln44_52_fu_577     |    0    |    0    |
|          |     trunc_ln44_31_fu_587     |    0    |    0    |
|          |     trunc_ln44_53_fu_597     |    0    |    0    |
|          |     trunc_ln44_32_fu_607     |    0    |    0    |
|          |     trunc_ln44_54_fu_617     |    0    |    0    |
|          |     trunc_ln44_33_fu_627     |    0    |    0    |
|          |       trunc_ln3_fu_637       |    0    |    0    |
|----------|------------------------------|---------|---------|
|          |       zext_ln51_fu_935       |    0    |    0    |
|          |      zext_ln51_9_fu_938      |    0    |    0    |
|          |      zext_ln51_10_fu_941     |    0    |    0    |
|          |      zext_ln51_11_fu_944     |    0    |    0    |
|          |      zext_ln51_12_fu_947     |    0    |    0    |
|          |      zext_ln51_13_fu_950     |    0    |    0    |
|          |      zext_ln51_14_fu_953     |    0    |    0    |
|          |      zext_ln51_15_fu_956     |    0    |    0    |
|          |      zext_ln51_16_fu_959     |    0    |    0    |
|          |      zext_ln51_17_fu_962     |    0    |    0    |
|          |      zext_ln51_18_fu_965     |    0    |    0    |
|   zext   |      zext_ln51_19_fu_968     |    0    |    0    |
|          |      zext_ln51_20_fu_971     |    0    |    0    |
|          |      zext_ln51_21_fu_974     |    0    |    0    |
|          |      zext_ln51_22_fu_977     |    0    |    0    |
|          |      zext_ln51_23_fu_980     |    0    |    0    |
|          |      zext_ln51_24_fu_983     |    0    |    0    |
|          |      zext_ln51_25_fu_986     |    0    |    0    |
|          |      zext_ln51_26_fu_989     |    0    |    0    |
|          |      zext_ln51_27_fu_992     |    0    |    0    |
|          |      zext_ln51_28_fu_995     |    0    |    0    |
|          |      zext_ln51_29_fu_998     |    0    |    0    |
|          |     zext_ln51_30_fu_1001     |    0    |    0    |
|          |       zext_ln57_fu_1055      |    0    |    0    |
|----------|------------------------------|---------|---------|
|bitconcatenate|       or_ln57_s_fu_1004      |    0    |    0    |
|----------|------------------------------|---------|---------|
|   Total  |                              |    0    |   912   |
|----------|------------------------------|---------|---------|

Memories:
N/A

* Register list:
+-----------------------+--------+
|                       |   FF   |
+-----------------------+--------+
|select_ln51_11_reg_1305|   15   |
|select_ln51_12_reg_1310|   15   |
|select_ln51_13_reg_1315|   15   |
|select_ln51_14_reg_1320|   15   |
|select_ln51_15_reg_1325|   15   |
|select_ln51_16_reg_1330|   15   |
|select_ln51_17_reg_1335|   15   |
|select_ln51_18_reg_1340|   15   |
|select_ln51_19_reg_1345|   15   |
|select_ln51_20_reg_1350|   15   |
|select_ln51_21_reg_1355|   15   |
|select_ln51_22_reg_1360|   15   |
|select_ln51_23_reg_1365|   15   |
|select_ln51_24_reg_1370|   15   |
|select_ln51_25_reg_1375|   15   |
|select_ln51_26_reg_1380|   15   |
|select_ln51_27_reg_1385|   15   |
|select_ln51_28_reg_1390|   15   |
|select_ln51_29_reg_1395|   15   |
|select_ln51_30_reg_1400|   15   |
|select_ln51_31_reg_1405|   15   |
|select_ln51_32_reg_1410|   15   |
|select_ln51_33_reg_1415|   15   |
|  select_ln51_reg_1300 |   15   |
|   trunc_ln3_reg_1295  |   15   |
| trunc_ln44_11_reg_1070|   16   |
| trunc_ln44_12_reg_1080|   16   |
| trunc_ln44_13_reg_1090|   16   |
| trunc_ln44_14_reg_1100|   16   |
| trunc_ln44_15_reg_1110|   16   |
| trunc_ln44_16_reg_1120|   16   |
| trunc_ln44_17_reg_1130|   16   |
| trunc_ln44_18_reg_1140|   16   |
| trunc_ln44_19_reg_1150|   16   |
| trunc_ln44_20_reg_1160|   16   |
| trunc_ln44_21_reg_1170|   16   |
| trunc_ln44_22_reg_1180|   16   |
| trunc_ln44_23_reg_1190|   16   |
| trunc_ln44_24_reg_1200|   16   |
| trunc_ln44_25_reg_1210|   16   |
| trunc_ln44_26_reg_1220|   16   |
| trunc_ln44_27_reg_1230|   16   |
| trunc_ln44_28_reg_1240|   16   |
| trunc_ln44_29_reg_1250|   16   |
| trunc_ln44_30_reg_1260|   16   |
| trunc_ln44_31_reg_1270|   16   |
| trunc_ln44_32_reg_1280|   16   |
| trunc_ln44_33_reg_1290|   16   |
| trunc_ln44_34_reg_1085|   15   |
| trunc_ln44_35_reg_1095|   15   |
| trunc_ln44_36_reg_1105|   15   |
| trunc_ln44_37_reg_1115|   15   |
| trunc_ln44_38_reg_1125|   15   |
| trunc_ln44_39_reg_1135|   15   |
| trunc_ln44_40_reg_1145|   15   |
| trunc_ln44_41_reg_1155|   15   |
| trunc_ln44_42_reg_1165|   15   |
| trunc_ln44_43_reg_1175|   15   |
| trunc_ln44_44_reg_1185|   15   |
| trunc_ln44_45_reg_1195|   15   |
| trunc_ln44_46_reg_1205|   15   |
| trunc_ln44_47_reg_1215|   15   |
| trunc_ln44_48_reg_1225|   15   |
| trunc_ln44_49_reg_1235|   15   |
| trunc_ln44_50_reg_1245|   15   |
| trunc_ln44_51_reg_1255|   15   |
| trunc_ln44_52_reg_1265|   15   |
| trunc_ln44_53_reg_1275|   15   |
| trunc_ln44_54_reg_1285|   15   |
| trunc_ln44_56_reg_1065|   15   |
|  trunc_ln44_reg_1060  |   16   |
| trunc_ln44_s_reg_1075 |   15   |
+-----------------------+--------+
|         Total         |  1104  |
+-----------------------+--------+

* Multiplexer (MUX) list: 
|--------|------|------|------|--------|
|  Comp  |  Pin | Size |  BW  | S x BW |
|--------|------|------|------|--------|
|  Total |      |      |      |    0   |
|--------|------|------|------|--------|



* Summary:
+-----------+--------+--------+
|           |   FF   |   LUT  |
+-----------+--------+--------+
|  Function |    0   |   912  |
|   Memory  |    -   |    -   |
|Multiplexer|    -   |    -   |
|  Register |  1104  |    -   |
+-----------+--------+--------+
|   Total   |  1104  |   912  |
+-----------+--------+--------+
