

================================================================
== Synthesis Summary Report of 'myproject'
================================================================
+ General Information: 
    * Date:           Tue Oct  6 15:38:55 2026
    * Version:        2026.1 (Build 6493734 on Jun 16 2026)
    * Project:        myproject_prj
    * Solution:       solution1
    * Product family: artix7
    * Target device:  xc7a35t-ftg256-1
    

* Performance & Resource Estimates: 
+----------------------------------------------------------------------------------+--------+---------------+----------+---------+------+----------+---------+-----------+-------+----------+--------+-------------+--------------+-----+
|                                      Modules                                     |  Issue |               | Iteration|         | Trip |          |       Latency       |       |          |        |             |              |     |
|                                      & Loops                                     |  Type  | Violation Type|  Latency | Interval| Count| Pipelined| (cycles)|    (ns)   | Slack |   BRAM   |   DSP  |      FF     |      LUT     | URAM|
+----------------------------------------------------------------------------------+--------+---------------+----------+---------+------+----------+---------+-----------+-------+----------+--------+-------------+--------------+-----+
|+ myproject*                                                                      |  Timing|              -|         -|    50702|     -|  dataflow|    50717|  6.369e+05|  -8.91|  51 (51%)|  4 (4%)|  39333 (94%)|  28039 (134%)|    -|
| + transpose_array_ap_fixed_28u_array_ap_fixed_16_6_5_3_0_1u_config10_s           |  Timing|              -|         -|     1605|     -|        no|     1605|  2.015e+04|  -1.43|         -|       -|  12613 (30%)|    2924 (14%)|    -|
|  + transpose_array_array_ap_fixed_1u_config10_Pipeline_VITIS_LOOP_45_1           |       -|              -|         -|       30|     -|       yes|       30|    376.716|   0.18|         -|       -|  12562 (30%)|      79 (~0%)|    -|
|   o VITIS_LOOP_45_1                                                              |       -|              -|         2|        1|    28|       yes|       28|    351.602|   3.65|         -|       -|            -|             -|    -|
|  + transpose_array_array_ap_fixed_1u_config10_Pipeline_VITIS_LOOP_54_3           |  Timing|              -|         -|     1571|     -|       yes|     1571|  1.973e+04|  -1.36|         -|       -|     42 (~0%)|    2791 (13%)|    -|
|   o VITIS_LOOP_54_3                                                              |       -|              -|         3|        2|   784|       yes|     1569|  1.970e+04|   3.65|         -|       -|            -|             -|    -|
| + conv_2d_cl_array_ap_fixed_1u_array_ap_fixed_16_6_5_3_0_4u_config27_s           |  Timing|              -|         -|    37633|     -|        no|    37633|  4.726e+05|  -6.55|    1 (1%)|  1 (1%)|    1159 (2%)|     1630 (7%)|    -|
|  o ReadInputHeight_ReadInputWidth                                                |       -|              -|        48|        -|   784|        no|    37632|  4.726e+05|   3.65|         -|       -|            -|             -|    -|
|   + compute_output_buffer_2d_array_array_ap_fixed_16_6_5_3_0_4u_config27_s       |  Timing|              -|         -|       45|     -|        no|       45|    565.074|  -6.55|    1 (1%)|  1 (1%)|    1116 (2%)|     1537 (7%)|    -|
|    + shift_line_buffer_array_ap_fixed_16_6_5_3_0_1u_config27_s                   |       -|              -|         -|        1|     -|       yes|        0|      0.000|   0.42|         -|       -|    129 (~0%)|     118 (~0%)|    -|
|    + dense_resource_rf_gt_nin_rem0_ap_fixed_ap_fixed_16_6_5_3_0_config27_mult_s  |  Timing|              -|         -|       36|     -|    rewind|       39|    489.731|  -6.55|    1 (1%)|  1 (1%)|     509 (1%)|      834 (4%)|    -|
|     o ReuseLoop                                                                  |       -|              -|         4|        1|    36|       yes|       38|    477.174|   3.65|         -|       -|            -|             -|    -|
| + relu_array_ap_fixed_4u_array_ap_fixed_16_6_5_3_0_4u_ReLU_config12_s            |       -|              -|         -|     1352|     -|    rewind|     1354|  1.700e+04|   0.51|         -|       -|    216 (~0%)|      283 (1%)|    -|
|  o ReLUActLoop                                                                   |       -|              -|         3|        2|   676|       yes|     1352|  1.698e+04|   3.65|         -|       -|            -|             -|    -|
| + pooling2d_cl_array_ap_fixed_4u_array_ap_fixed_16_6_5_3_0_4u_config13_s         |       -|              -|         -|     2031|     -|        no|     2031|  2.550e+04|   0.15|         -|       -|    1078 (2%)|     1351 (6%)|    -|
|  o ReadInputHeight_ReadInputWidth                                                |       -|              -|         5|        3|   676|       yes|     2029|  2.548e+04|   3.65|         -|       -|            -|             -|    -|
| + conv_2d_cl_array_ap_fixed_4u_array_ap_fixed_16_6_5_3_0_8u_config28_s           |  Timing|              -|         -|    50701|     -|        no|    50701|  6.367e+05|  -6.68|    1 (1%)|  1 (1%)|    2636 (6%)|    3036 (14%)|    -|
|  o ReadInputHeight_ReadInputWidth                                                |       -|              -|       300|        -|   169|        no|    50700|  6.367e+05|   3.65|         -|       -|            -|             -|    -|
|   + compute_output_buffer_2d_array_array_ap_fixed_16_6_5_3_0_8u_config28_s       |  Timing|              -|         -|      297|     -|        no|      297|  3.729e+03|  -6.68|    1 (1%)|  1 (1%)|    2549 (6%)|    2947 (14%)|    -|
|    + shift_line_buffer_array_ap_fixed_16_6_5_3_0_4u_config28_s                   |       -|              -|         -|        1|     -|       yes|        0|      0.000|   0.42|         -|       -|     513 (1%)|      472 (2%)|    -|
|    + dense_resource_rf_gt_nin_rem0_ap_fixed_ap_fixed_16_6_5_3_0_config28_mult_s  |  Timing|              -|         -|      288|     -|    rewind|      291|  3.654e+03|  -6.68|    1 (1%)|  1 (1%)|    1062 (2%)|     1890 (9%)|    -|
|     o ReuseLoop                                                                  |       -|              -|         4|        1|   288|       yes|      290|  3.642e+03|   3.65|         -|       -|            -|             -|    -|
| + relu_array_ap_fixed_8u_array_ap_fixed_16_6_5_3_0_8u_ReLU_config15_s            |       -|              -|         -|      121|     -|    rewind|      125|  1.570e+03|   0.01|         -|       -|    383 (~0%)|      392 (1%)|    -|
|  o ReLUActLoop                                                                   |       -|              -|         4|        1|   121|       yes|      123|  1.545e+03|   3.65|         -|       -|            -|             -|    -|
| + pooling2d_cl_array_ap_fixed_8u_array_ap_fixed_16_6_5_3_0_8u_config16_s         |       -|              -|         -|      366|     -|        no|      366|  4.596e+03|   0.01|         -|       -|    1832 (4%)|     2008 (9%)|    -|
|  o ReadInputHeight_ReadInputWidth                                                |       -|              -|         5|        3|   121|       yes|      364|  4.571e+03|   3.65|         -|       -|            -|             -|    -|
| + dense_array_ap_fixed_8u_array_ap_fixed_16_6_5_3_0_24u_config25_s               |  Timing|              -|         -|     4834|     -|        no|     4834|  6.070e+04|  -8.79|    9 (9%)|  1 (1%)|   8976 (21%)|    8416 (40%)|    -|
|  + dense_array_array_ap_fixed_16_6_5_3_0_24u_config25_Pipeline_DataPrepare       |       -|              -|         -|       27|     -|       yes|       27|    339.045|   0.18|         -|       -|    3208 (7%)|      66 (~0%)|    -|
|   o DataPrepare                                                                  |       -|              -|         2|        1|    25|       yes|       25|    313.930|   3.65|         -|       -|            -|             -|    -|
|  + dense_resource_rf_gt_nin_rem0_ap_fixed_ap_fixed_16_6_5_3_0_config25_s         |  Timing|              -|         -|     4800|     -|    rewind|     4803|  6.031e+04|  -8.79|    9 (9%)|  1 (1%)|   5375 (12%)|    8296 (39%)|    -|
|   o ReuseLoop                                                                    |       -|              -|         4|        1|  4800|       yes|     4802|  6.030e+04|   3.65|         -|       -|            -|             -|    -|
| + normalize_array_ap_fixed_24u_array_ap_fixed_16_6_5_3_0_24u_config23_s          |       -|              -|         -|        2|     -|        no|        2|     25.114|   1.50|         -|       -|     757 (1%)|      584 (2%)|    -|
| + relu_array_ap_fixed_24u_array_ap_fixed_16_6_5_3_0_24u_ReLU_config20_s          |       -|              -|         -|        2|     -|        no|        2|     25.114|   0.51|         -|       -|    1109 (2%)|      967 (4%)|    -|
| + dense_array_ap_fixed_24u_array_ap_fixed_16_6_5_3_0_47u_config26_s              |  Timing|              -|         -|     1134|     -|        no|     1134|  1.424e+04|  -8.91|    3 (3%)|  1 (1%)|   5540 (13%)|    4438 (21%)|    -|
|  + dense_resource_rf_gt_nin_rem0_ap_fixed_ap_fixed_16_6_5_3_0_config26_s         |  Timing|              -|         -|     1128|     -|    rewind|     1131|  1.420e+04|  -8.91|    3 (3%)|  1 (1%)|   4397 (10%)|    4379 (21%)|    -|
|   o ReuseLoop                                                                    |       -|              -|         4|        1|  1128|       yes|     1130|  1.419e+04|   3.65|         -|       -|            -|             -|    -|
| + normalize_array_ap_fixed_47u_array_ap_fixed_16_6_5_3_0_47u_config24_s          |       -|              -|         -|        3|     -|        no|        3|     37.672|   1.50|         -|       -|    1509 (3%)|     1133 (5%)|    -|
+----------------------------------------------------------------------------------+--------+---------------+----------+---------+------+----------+---------+-----------+-------+----------+--------+-------------+--------------+-----+
    Name Prefix: '+' for module, 'o' for loop, '*' for dataflow


================================================================
== HW Interfaces
================================================================
* AXIS
+-------------+-----------+---------------+-------+--------+--------+
| Interface   | Direction | Register Mode | TDATA | TREADY | TVALID |
+-------------+-----------+---------------+-------+--------+--------+
| global_in   | in        | both          | 448   | 1      | 1      |
| layer24_out | out       | both          | 752   | 1      | 1      |
+-------------+-----------+---------------+-------+--------+--------+

* TOP LEVEL CONTROL
+-----------+------------+-----------------------------------+
| Interface | Type       | Ports                             |
+-----------+------------+-----------------------------------+
| ap_clk    | clock      | ap_clk                            |
| ap_rst_n  | reset      | ap_rst_n                          |
| ap_ctrl   | ap_ctrl_hs | ap_done ap_idle ap_ready ap_start |
+-----------+------------+-----------------------------------+


================================================================
== SW I/O Information
================================================================
* Top Function Arguments
+-------------+-----------+------------------------------------------------------------------------------+
| Argument    | Direction | Datatype                                                                     |
+-------------+-----------+------------------------------------------------------------------------------+
| global_in   | in        | stream<nnet::array<ap_fixed<16, 6, (ap_q_mode)5, (ap_o_mode)3, 0>, 28U>, 0>& |
| layer24_out | out       | stream<nnet::array<ap_fixed<16, 6, (ap_q_mode)5, (ap_o_mode)3, 0>, 47U>, 0>& |
+-------------+-----------+------------------------------------------------------------------------------+

* SW-to-HW Mapping
+-------------+--------------+-----------+
| Argument    | HW Interface | HW Type   |
+-------------+--------------+-----------+
| global_in   | global_in    | interface |
| layer24_out | layer24_out  | interface |
+-------------+--------------+-----------+


================================================================
== Bind Op Report
================================================================
+---------------------------------------------------------------------------------+-----+--------+----------------+-----------+--------------------------+---------+
| Name                                                                            | DSP | Pragma | Variable       | Op        | Impl                     | Latency |
+---------------------------------------------------------------------------------+-----+--------+----------------+-----------+--------------------------+---------+
| + myproject                                                                     | 4   |        |                |           |                          |         |
|  + transpose_array_ap_fixed_28u_array_ap_fixed_16_6_5_3_0_1u_config10_s         | 0   |        |                |           |                          |         |
|   + transpose_array_array_ap_fixed_1u_config10_Pipeline_VITIS_LOOP_45_1         | 0   |        |                |           |                          |         |
|     icmp_ln45_fu_10352_p2                                                       |     |        | icmp_ln45      | seteq     | auto                     | 0       |
|     add_ln45_fu_10358_p2                                                        |     |        | add_ln45       | add       | fabric                   | 0       |
|   + transpose_array_array_ap_fixed_1u_config10_Pipeline_VITIS_LOOP_54_3         | 0   |        |                |           |                          |         |
|     icmp_ln54_fu_7893_p2                                                        |     |        | icmp_ln54      | seteq     | auto                     | 0       |
|     i_fu_7899_p2                                                                |     |        | i              | add       | fabric                   | 0       |
|     sparsemux_1569_10_16_1_1_U786                                               |     |        | p_0            | sparsemux | compactencoding_dontcare | 0       |
|  + conv_2d_cl_array_ap_fixed_1u_array_ap_fixed_16_6_5_3_0_4u_config27_s         | 1   |        |                |           |                          |         |
|    icmp_ln52_fu_128_p2                                                          |     |        | icmp_ln52      | seteq     | auto                     | 0       |
|    add_ln52_fu_134_p2                                                           |     |        | add_ln52       | add       | fabric                   | 0       |
|   + compute_output_buffer_2d_array_array_ap_fixed_16_6_5_3_0_4u_config27_s      | 1   |        |                |           |                          |         |
|     icmp_ln284_fu_151_p2                                                        |     |        | icmp_ln284     | seteq     | auto                     | 0       |
|     icmp_ln284_4_fu_169_p2                                                      |     |        | icmp_ln284_4   | seteq     | auto                     | 0       |
|     icmp_ln284_5_fu_184_p2                                                      |     |        | icmp_ln284_5   | setgt     | auto                     | 0       |
|     icmp_ln284_6_fu_199_p2                                                      |     |        | icmp_ln284_6   | setgt     | auto                     | 0       |
|     and_ln284_fu_205_p2                                                         |     |        | and_ln284      | and       | auto                     | 0       |
|     and_ln284_2_fu_211_p2                                                       |     |        | and_ln284_2    | and       | auto                     | 0       |
|     add_ln303_fu_241_p2                                                         |     |        | add_ln303      | add       | fabric                   | 0       |
|     icmp_ln303_fu_246_p2                                                        |     |        | icmp_ln303     | seteq     | auto                     | 0       |
|     add_ln318_fu_251_p2                                                         |     |        | add_ln318      | add       | fabric                   | 0       |
|     select_ln318_fu_256_p3                                                      |     |        | select_ln318   | select    | auto_sel                 | 0       |
|     add_ln307_fu_263_p2                                                         |     |        | add_ln307      | add       | fabric                   | 0       |
|     icmp_ln307_fu_290_p2                                                        |     |        | icmp_ln307     | seteq     | auto                     | 0       |
|     icmp_ln313_fu_295_p2                                                        |     |        | icmp_ln313     | seteq     | auto                     | 0       |
|     add_ln313_fu_300_p2                                                         |     |        | add_ln313      | add       | fabric                   | 0       |
|     select_ln313_fu_305_p3                                                      |     |        | select_ln313   | select    | auto_sel                 | 0       |
|    + dense_resource_rf_gt_nin_rem0_ap_fixed_ap_fixed_16_6_5_3_0_config27_mult_s | 1   |        |                |           |                          |         |
|      sparsemux_19_4_16_1_1_U1587                                                |     |        | a              | sparsemux | compactencoding_dontcare | 0       |
|      mul_16s_12s_26_2_1_U1588                                                   | 1   |        | mul_ln144      | mul       | auto                     | 1       |
|      sparsemux_9_2_16_1_1_U1589                                                 |     |        | tmp_i          | sparsemux | compactencoding_dontcare | 0       |
|      acc_26_fu_660_p2                                                           |     |        | acc_26         | add       | fabric                   | 0       |
|      sub_ln144_fu_666_p2                                                        |     |        | sub_ln144      | sub       | fabric                   | 0       |
|      icmp_ln144_fu_672_p2                                                       |     |        | icmp_ln144     | seteq     | auto                     | 0       |
|      icmp_ln144_8_fu_677_p2                                                     |     |        | icmp_ln144_8   | seteq     | auto                     | 0       |
|      icmp_ln144_9_fu_682_p2                                                     |     |        | icmp_ln144_9   | seteq     | auto                     | 0       |
|      icmp_ln144_10_fu_687_p2                                                    |     |        | icmp_ln144_10  | setne     | auto                     | 0       |
|      or_ln144_fu_723_p2                                                         |     |        | or_ln144       | or        | auto                     | 0       |
|      or_ln144_9_fu_693_p2                                                       |     |        | or_ln144_9     | or        | auto                     | 0       |
|      or_ln144_10_fu_727_p2                                                      |     |        | or_ln144_10    | or        | auto                     | 0       |
|      acc_21_fu_732_p3                                                           |     |        | acc_21         | select    | auto_sel                 | 0       |
|      or_ln144_11_fu_740_p2                                                      |     |        | or_ln144_11    | or        | auto                     | 0       |
|      acc_23_fu_744_p3                                                           |     |        | acc_23         | select    | auto_sel                 | 0       |
|      acc_24_fu_699_p3                                                           |     |        | acc_24         | select    | auto_sel                 | 0       |
|      acc_25_fu_707_p3                                                           |     |        | acc_25         | select    | auto_sel                 | 0       |
|      acc_20_fu_715_p3                                                           |     |        | acc_20         | select    | auto_sel                 | 0       |
|      in_index_5_fu_574_p2                                                       |     |        | in_index_5     | add       | fabric                   | 0       |
|      icmp_ln154_fu_580_p2                                                       |     |        | icmp_ln154     | setgt     | auto                     | 0       |
|      in_index_6_fu_586_p3                                                       |     |        | in_index_6     | select    | auto_sel                 | 0       |
|      w_index_fu_594_p2                                                          |     |        | w_index        | add       | fabric                   | 0       |
|      icmp_ln135_fu_600_p2                                                       |     |        | icmp_ln135     | seteq     | auto                     | 0       |
|  + relu_array_ap_fixed_4u_array_ap_fixed_16_6_5_3_0_4u_ReLU_config12_s          | 0   |        |                |           |                          |         |
|    icmp_ln51_fu_157_p2                                                          |     |        | icmp_ln51      | setgt     | auto                     | 0       |
|    select_ln51_fu_162_p3                                                        |     |        | select_ln51    | select    | auto_sel                 | 0       |
|    icmp_ln51_8_fu_169_p2                                                        |     |        | icmp_ln51_8    | setgt     | auto                     | 0       |
|    select_ln51_8_fu_174_p3                                                      |     |        | select_ln51_8  | select    | auto_sel                 | 0       |
|    icmp_ln51_9_fu_181_p2                                                        |     |        | icmp_ln51_9    | setgt     | auto                     | 0       |
|    select_ln51_9_fu_186_p3                                                      |     |        | select_ln51_9  | select    | auto_sel                 | 0       |
|    icmp_ln51_10_fu_193_p2                                                       |     |        | icmp_ln51_10   | setgt     | auto                     | 0       |
|    select_ln51_10_fu_198_p3                                                     |     |        | select_ln51_10 | select    | auto_sel                 | 0       |
|    i_7_fu_205_p2                                                                |     |        | i_7            | add       | fabric                   | 0       |
|    icmp_ln41_fu_211_p2                                                          |     |        | icmp_ln41      | seteq     | auto                     | 0       |
|  + pooling2d_cl_array_ap_fixed_4u_array_ap_fixed_16_6_5_3_0_4u_config13_s       | 0   |        |                |           |                          |         |
|    select_ln109_fu_347_p3                                                       |     |        | select_ln109   | select    | auto_sel                 | 0       |
|    select_ln109_7_fu_355_p3                                                     |     |        | select_ln109_7 | select    | auto_sel                 | 0       |
|    select_ln109_8_fu_363_p3                                                     |     |        | select_ln109_8 | select    | auto_sel                 | 0       |
|    icmp_ln55_fu_409_p2                                                          |     |        | icmp_ln55      | seteq     | auto                     | 0       |
|    add_ln109_fu_415_p2                                                          |     |        | add_ln109      | add       | fabric                   | 0       |
|    grp_fu_197_p2                                                                |     |        | icmp_ln55_4    | seteq     | auto                     | 0       |
|    icmp_ln55_5_fu_425_p2                                                        |     |        | icmp_ln55_5    | setgt     | auto                     | 0       |
|    icmp_ln55_6_fu_431_p2                                                        |     |        | icmp_ln55_6    | setgt     | auto                     | 0       |
|    and_ln55_fu_518_p2                                                           |     |        | and_ln55       | and       | auto                     | 0       |
|    and_ln55_2_fu_522_p2                                                         |     |        | and_ln55_2     | and       | auto                     | 0       |
|    icmp_ln66_fu_542_p2                                                          |     |        | icmp_ln66      | setlt     | auto                     | 0       |
|    xor_ln66_fu_548_p2                                                           |     |        | xor_ln66       | xor       | auto                     | 0       |
|    select_ln0_fu_554_p3                                                         |     |        | select_ln0     | select    | auto_sel                 | 0       |
|    select_ln10927_fu_562_p3                                                     |     |        | select_ln10927 | select    | auto_sel                 | 0       |
|    icmp_ln66_24_fu_570_p2                                                       |     |        | icmp_ln66_24   | setlt     | auto                     | 0       |
|    xor_ln66_24_fu_752_p2                                                        |     |        | xor_ln66_24    | xor       | auto                     | 0       |
|    select_ln0_16_fu_757_p3                                                      |     |        | select_ln0_16  | select    | auto_sel                 | 0       |
|    icmp_ln66_25_fu_763_p2                                                       |     |        | icmp_ln66_25   | setlt     | auto                     | 0       |
|    xor_ln66_25_fu_833_p2                                                        |     |        | xor_ln66_25    | xor       | auto                     | 0       |
|    res_pack_fu_838_p3                                                           |     |        | res_pack       | select    | auto_sel                 | 0       |
|    icmp_ln66_26_fu_575_p2                                                       |     |        | icmp_ln66_26   | setlt     | auto                     | 0       |
|    xor_ln66_26_fu_580_p2                                                        |     |        | xor_ln66_26    | xor       | auto                     | 0       |
|    select_ln0_17_fu_586_p3                                                      |     |        | select_ln0_17  | select    | auto_sel                 | 0       |
|    icmp_ln66_27_fu_593_p2                                                       |     |        | icmp_ln66_27   | setlt     | auto                     | 0       |
|    xor_ln66_27_fu_597_p2                                                        |     |        | xor_ln66_27    | xor       | auto                     | 0       |
|    select_ln0_18_fu_603_p3                                                      |     |        | select_ln0_18  | select    | auto_sel                 | 0       |
|    icmp_ln66_28_fu_768_p2                                                       |     |        | icmp_ln66_28   | setlt     | auto                     | 0       |
|    xor_ln66_28_fu_772_p2                                                        |     |        | xor_ln66_28    | xor       | auto                     | 0       |
|    res_pack_8_fu_778_p3                                                         |     |        | res_pack_8     | select    | auto_sel                 | 0       |
|    icmp_ln66_29_fu_609_p2                                                       |     |        | icmp_ln66_29   | setlt     | auto                     | 0       |
|    xor_ln66_29_fu_614_p2                                                        |     |        | xor_ln66_29    | xor       | auto                     | 0       |
|    select_ln0_19_fu_620_p3                                                      |     |        | select_ln0_19  | select    | auto_sel                 | 0       |
|    icmp_ln66_30_fu_627_p2                                                       |     |        | icmp_ln66_30   | setlt     | auto                     | 0       |
|    xor_ln66_30_fu_631_p2                                                        |     |        | xor_ln66_30    | xor       | auto                     | 0       |
|    select_ln0_20_fu_637_p3                                                      |     |        | select_ln0_20  | select    | auto_sel                 | 0       |
|    icmp_ln66_31_fu_784_p2                                                       |     |        | icmp_ln66_31   | setlt     | auto                     | 0       |
|    xor_ln66_31_fu_788_p2                                                        |     |        | xor_ln66_31    | xor       | auto                     | 0       |
|    res_pack_9_fu_794_p3                                                         |     |        | res_pack_9     | select    | auto_sel                 | 0       |
|    icmp_ln66_32_fu_643_p2                                                       |     |        | icmp_ln66_32   | setlt     | auto                     | 0       |
|    xor_ln66_32_fu_648_p2                                                        |     |        | xor_ln66_32    | xor       | auto                     | 0       |
|    select_ln0_21_fu_654_p3                                                      |     |        | select_ln0_21  | select    | auto_sel                 | 0       |
|    icmp_ln66_33_fu_661_p2                                                       |     |        | icmp_ln66_33   | setlt     | auto                     | 0       |
|    xor_ln66_33_fu_665_p2                                                        |     |        | xor_ln66_33    | xor       | auto                     | 0       |
|    select_ln0_22_fu_671_p3                                                      |     |        | select_ln0_22  | select    | auto_sel                 | 0       |
|    icmp_ln66_34_fu_800_p2                                                       |     |        | icmp_ln66_34   | setlt     | auto                     | 0       |
|    xor_ln66_34_fu_804_p2                                                        |     |        | xor_ln66_34    | xor       | auto                     | 0       |
|    res_pack_10_fu_810_p3                                                        |     |        | res_pack_10    | select    | auto_sel                 | 0       |
|    add_ln76_fu_320_p2                                                           |     |        | add_ln76       | add       | fabric                   | 0       |
|    icmp_ln76_fu_436_p2                                                          |     |        | icmp_ln76      | seteq     | auto                     | 0       |
|    add_ln91_fu_441_p2                                                           |     |        | add_ln91       | add       | fabric                   | 0       |
|    select_ln91_fu_447_p3                                                        |     |        | select_ln91    | select    | auto_sel                 | 0       |
|    add_ln80_fu_459_p2                                                           |     |        | add_ln80       | add       | fabric                   | 0       |
|    icmp_ln80_fu_699_p2                                                          |     |        | icmp_ln80      | seteq     | auto                     | 0       |
|    grp_fu_197_p2                                                                |     |        | icmp_ln86      | seteq     | auto                     | 0       |
|    add_ln86_fu_704_p2                                                           |     |        | add_ln86       | add       | fabric                   | 0       |
|    select_ln86_fu_710_p3                                                        |     |        | select_ln86    | select    | auto_sel                 | 0       |
|    add_ln111_fu_468_p2                                                          |     |        | add_ln111      | add       | fabric                   | 0       |
|    i_iw_3_fu_474_p3                                                             |     |        | i_iw_3         | select    | auto_sel                 | 0       |
|    icmp_ln111_fu_718_p2                                                         |     |        | icmp_ln111     | seteq     | auto                     | 0       |
|    icmp_ln109_fu_482_p2                                                         |     |        | icmp_ln109     | seteq     | auto                     | 0       |
|  + conv_2d_cl_array_ap_fixed_4u_array_ap_fixed_16_6_5_3_0_8u_config28_s         | 1   |        |                |           |                          |         |
|    icmp_ln52_fu_276_p2                                                          |     |        | icmp_ln52      | seteq     | auto                     | 0       |
|    add_ln52_fu_282_p2                                                           |     |        | add_ln52       | add       | fabric                   | 0       |
|   + compute_output_buffer_2d_array_array_ap_fixed_16_6_5_3_0_8u_config28_s      | 1   |        |                |           |                          |         |
|     icmp_ln284_fu_367_p2                                                        |     |        | icmp_ln284     | seteq     | auto                     | 0       |
|     icmp_ln284_1_fu_385_p2                                                      |     |        | icmp_ln284_1   | seteq     | auto                     | 0       |
|     icmp_ln284_2_fu_400_p2                                                      |     |        | icmp_ln284_2   | setgt     | auto                     | 0       |
|     icmp_ln284_3_fu_415_p2                                                      |     |        | icmp_ln284_3   | setgt     | auto                     | 0       |
|     and_ln284_fu_421_p2                                                         |     |        | and_ln284      | and       | auto                     | 0       |
|     and_ln284_1_fu_427_p2                                                       |     |        | and_ln284_1    | and       | auto                     | 0       |
|     add_ln303_fu_477_p2                                                         |     |        | add_ln303      | add       | fabric                   | 0       |
|     icmp_ln303_fu_482_p2                                                        |     |        | icmp_ln303     | seteq     | auto                     | 0       |
|     add_ln318_fu_487_p2                                                         |     |        | add_ln318      | add       | fabric                   | 0       |
|     select_ln318_fu_492_p3                                                      |     |        | select_ln318   | select    | auto_sel                 | 0       |
|     add_ln307_fu_499_p2                                                         |     |        | add_ln307      | add       | fabric                   | 0       |
|     icmp_ln307_fu_526_p2                                                        |     |        | icmp_ln307     | seteq     | auto                     | 0       |
|     icmp_ln313_fu_531_p2                                                        |     |        | icmp_ln313     | seteq     | auto                     | 0       |
|     add_ln313_fu_536_p2                                                         |     |        | add_ln313      | add       | fabric                   | 0       |
|     select_ln313_fu_541_p3                                                      |     |        | select_ln313   | select    | auto_sel                 | 0       |
|    + dense_resource_rf_gt_nin_rem0_ap_fixed_ap_fixed_16_6_5_3_0_config28_mult_s | 1   |        |                |           |                          |         |
|      sparsemux_73_6_16_1_1_U1653                                                |     |        | a              | sparsemux | compactencoding_dontcare | 0       |
|      mul_16s_12s_26_2_1_U1654                                                   | 1   |        | mul_ln144      | mul       | auto                     | 1       |
|      sparsemux_17_3_16_1_1_U1655                                                |     |        | tmp_i          | sparsemux | compactencoding_dontcare | 0       |
|      acc_17_fu_1802_p2                                                          |     |        | acc_17         | add       | fabric                   | 0       |
|      sub_ln144_fu_1808_p2                                                       |     |        | sub_ln144      | sub       | fabric                   | 0       |
|      icmp_ln144_fu_1814_p2                                                      |     |        | icmp_ln144     | seteq     | auto                     | 0       |
|      icmp_ln144_1_fu_1819_p2                                                    |     |        | icmp_ln144_1   | seteq     | auto                     | 0       |
|      icmp_ln144_2_fu_1824_p2                                                    |     |        | icmp_ln144_2   | seteq     | auto                     | 0       |
|      icmp_ln144_3_fu_1829_p2                                                    |     |        | icmp_ln144_3   | seteq     | auto                     | 0       |
|      icmp_ln144_4_fu_1834_p2                                                    |     |        | icmp_ln144_4   | seteq     | auto                     | 0       |
|      icmp_ln144_5_fu_1839_p2                                                    |     |        | icmp_ln144_5   | seteq     | auto                     | 0       |
|      icmp_ln144_6_fu_1844_p2                                                    |     |        | icmp_ln144_6   | seteq     | auto                     | 0       |
|      icmp_ln144_7_fu_1849_p2                                                    |     |        | icmp_ln144_7   | setne     | auto                     | 0       |
|      or_ln144_fu_1935_p2                                                        |     |        | or_ln144       | or        | auto                     | 0       |
|      or_ln144_1_fu_1855_p2                                                      |     |        | or_ln144_1     | or        | auto                     | 0       |
|      or_ln144_2_fu_1939_p2                                                      |     |        | or_ln144_2     | or        | auto                     | 0       |
|      or_ln144_3_fu_1861_p2                                                      |     |        | or_ln144_3     | or        | auto                     | 0       |
|      or_ln144_4_fu_1867_p2                                                      |     |        | or_ln144_4     | or        | auto                     | 0       |
|      or_ln144_5_fu_1873_p2                                                      |     |        | or_ln144_5     | or        | auto                     | 0       |
|      or_ln144_6_fu_1944_p2                                                      |     |        | or_ln144_6     | or        | auto                     | 0       |
|      acc_8_fu_1949_p3                                                           |     |        | acc_8          | select    | auto_sel                 | 0       |
|      or_ln144_7_fu_1957_p2                                                      |     |        | or_ln144_7     | or        | auto                     | 0       |
|      or_ln144_8_fu_1961_p2                                                      |     |        | or_ln144_8     | or        | auto                     | 0       |
|      acc_10_fu_1966_p3                                                          |     |        | acc_10         | select    | auto_sel                 | 0       |
|      acc_11_fu_1879_p3                                                          |     |        | acc_11         | select    | auto_sel                 | 0       |
|      acc_12_fu_1887_p3                                                          |     |        | acc_12         | select    | auto_sel                 | 0       |
|      acc_13_fu_1895_p3                                                          |     |        | acc_13         | select    | auto_sel                 | 0       |
|      acc_14_fu_1903_p3                                                          |     |        | acc_14         | select    | auto_sel                 | 0       |
|      acc_15_fu_1911_p3                                                          |     |        | acc_15         | select    | auto_sel                 | 0       |
|      acc_16_fu_1919_p3                                                          |     |        | acc_16         | select    | auto_sel                 | 0       |
|      acc_7_fu_1927_p3                                                           |     |        | acc_7          | select    | auto_sel                 | 0       |
|      in_index_3_fu_1725_p2                                                      |     |        | in_index_3     | add       | fabric                   | 0       |
|      icmp_ln154_fu_1731_p2                                                      |     |        | icmp_ln154     | setgt     | auto                     | 0       |
|      in_index_4_fu_1737_p3                                                      |     |        | in_index_4     | select    | auto_sel                 | 0       |
|      w_index_fu_1363_p2                                                         |     |        | w_index        | add       | fabric                   | 0       |
|      icmp_ln135_fu_1369_p2                                                      |     |        | icmp_ln135     | seteq     | auto                     | 0       |
|  + relu_array_ap_fixed_8u_array_ap_fixed_16_6_5_3_0_8u_ReLU_config15_s          | 0   |        |                |           |                          |         |
|    icmp_ln51_fu_278_p2                                                          |     |        | icmp_ln51      | setgt     | auto                     | 0       |
|    select_ln51_fu_283_p3                                                        |     |        | select_ln51    | select    | auto_sel                 | 0       |
|    icmp_ln51_1_fu_290_p2                                                        |     |        | icmp_ln51_1    | setgt     | auto                     | 0       |
|    select_ln51_1_fu_295_p3                                                      |     |        | select_ln51_1  | select    | auto_sel                 | 0       |
|    icmp_ln51_2_fu_302_p2                                                        |     |        | icmp_ln51_2    | setgt     | auto                     | 0       |
|    select_ln51_2_fu_307_p3                                                      |     |        | select_ln51_2  | select    | auto_sel                 | 0       |
|    icmp_ln51_3_fu_314_p2                                                        |     |        | icmp_ln51_3    | setgt     | auto                     | 0       |
|    select_ln51_3_fu_319_p3                                                      |     |        | select_ln51_3  | select    | auto_sel                 | 0       |
|    icmp_ln51_4_fu_326_p2                                                        |     |        | icmp_ln51_4    | setgt     | auto                     | 0       |
|    select_ln51_4_fu_331_p3                                                      |     |        | select_ln51_4  | select    | auto_sel                 | 0       |
|    icmp_ln51_5_fu_338_p2                                                        |     |        | icmp_ln51_5    | setgt     | auto                     | 0       |
|    select_ln51_5_fu_343_p3                                                      |     |        | select_ln51_5  | select    | auto_sel                 | 0       |
|    icmp_ln51_6_fu_350_p2                                                        |     |        | icmp_ln51_6    | setgt     | auto                     | 0       |
|    select_ln51_6_fu_355_p3                                                      |     |        | select_ln51_6  | select    | auto_sel                 | 0       |
|    icmp_ln51_7_fu_362_p2                                                        |     |        | icmp_ln51_7    | setgt     | auto                     | 0       |
|    select_ln51_7_fu_367_p3                                                      |     |        | select_ln51_7  | select    | auto_sel                 | 0       |
|    i_5_fu_261_p2                                                                |     |        | i_5            | add       | fabric                   | 0       |
|    icmp_ln41_fu_267_p2                                                          |     |        | icmp_ln41      | seteq     | auto                     | 0       |
|  + pooling2d_cl_array_ap_fixed_8u_array_ap_fixed_16_6_5_3_0_8u_config16_s       | 0   |        |                |           |                          |         |
|    select_ln109_fu_564_p3                                                       |     |        | select_ln109   | select    | auto_sel                 | 0       |
|    select_ln109_1_fu_572_p3                                                     |     |        | select_ln109_1 | select    | auto_sel                 | 0       |
|    select_ln109_2_fu_580_p3                                                     |     |        | select_ln109_2 | select    | auto_sel                 | 0       |
|    select_ln109_3_fu_588_p3                                                     |     |        | select_ln109_3 | select    | auto_sel                 | 0       |
|    select_ln109_4_fu_596_p3                                                     |     |        | select_ln109_4 | select    | auto_sel                 | 0       |
|    select_ln109_5_fu_604_p3                                                     |     |        | select_ln109_5 | select    | auto_sel                 | 0       |
|    select_ln109_6_fu_612_p3                                                     |     |        | select_ln109_6 | select    | auto_sel                 | 0       |
|    icmp_ln55_fu_698_p2                                                          |     |        | icmp_ln55      | seteq     | auto                     | 0       |
|    add_ln109_fu_838_p2                                                          |     |        | add_ln109      | add       | fabric                   | 0       |
|    grp_fu_285_p2                                                                |     |        | icmp_ln55_1    | seteq     | auto                     | 0       |
|    icmp_ln55_2_fu_708_p2                                                        |     |        | icmp_ln55_2    | setgt     | auto                     | 0       |
|    icmp_ln55_3_fu_714_p2                                                        |     |        | icmp_ln55_3    | setgt     | auto                     | 0       |
|    and_ln55_fu_844_p2                                                           |     |        | and_ln55       | and       | auto                     | 0       |
|    and_ln55_1_fu_848_p2                                                         |     |        | and_ln55_1     | and       | auto                     | 0       |
|    icmp_ln66_fu_880_p2                                                          |     |        | icmp_ln66      | setlt     | auto                     | 0       |
|    xor_ln66_fu_886_p2                                                           |     |        | xor_ln66       | xor       | auto                     | 0       |
|    select_ln0_fu_892_p3                                                         |     |        | select_ln0     | select    | auto_sel                 | 0       |
|    select_ln10952_fu_900_p3                                                     |     |        | select_ln10952 | select    | auto_sel                 | 0       |
|    icmp_ln66_1_fu_908_p2                                                        |     |        | icmp_ln66_1    | setlt     | auto                     | 0       |
|    xor_ln66_1_fu_1249_p2                                                        |     |        | xor_ln66_1     | xor       | auto                     | 0       |
|    select_ln0_1_fu_1254_p3                                                      |     |        | select_ln0_1   | select    | auto_sel                 | 0       |
|    icmp_ln66_2_fu_1260_p2                                                       |     |        | icmp_ln66_2    | setlt     | auto                     | 0       |
|    xor_ln66_2_fu_1394_p2                                                        |     |        | xor_ln66_2     | xor       | auto                     | 0       |
|    res_pack_fu_1399_p3                                                          |     |        | res_pack       | select    | auto_sel                 | 0       |
|    icmp_ln66_3_fu_913_p2                                                        |     |        | icmp_ln66_3    | setlt     | auto                     | 0       |
|    xor_ln66_3_fu_918_p2                                                         |     |        | xor_ln66_3     | xor       | auto                     | 0       |
|    select_ln0_2_fu_924_p3                                                       |     |        | select_ln0_2   | select    | auto_sel                 | 0       |
|    icmp_ln66_4_fu_931_p2                                                        |     |        | icmp_ln66_4    | setlt     | auto                     | 0       |
|    xor_ln66_4_fu_935_p2                                                         |     |        | xor_ln66_4     | xor       | auto                     | 0       |
|    select_ln0_3_fu_941_p3                                                       |     |        | select_ln0_3   | select    | auto_sel                 | 0       |
|    icmp_ln66_5_fu_1265_p2                                                       |     |        | icmp_ln66_5    | setlt     | auto                     | 0       |
|    xor_ln66_5_fu_1269_p2                                                        |     |        | xor_ln66_5     | xor       | auto                     | 0       |
|    res_pack_1_fu_1275_p3                                                        |     |        | res_pack_1     | select    | auto_sel                 | 0       |
|    icmp_ln66_6_fu_947_p2                                                        |     |        | icmp_ln66_6    | setlt     | auto                     | 0       |
|    xor_ln66_6_fu_952_p2                                                         |     |        | xor_ln66_6     | xor       | auto                     | 0       |
|    select_ln0_4_fu_958_p3                                                       |     |        | select_ln0_4   | select    | auto_sel                 | 0       |
|    icmp_ln66_7_fu_965_p2                                                        |     |        | icmp_ln66_7    | setlt     | auto                     | 0       |
|    xor_ln66_7_fu_969_p2                                                         |     |        | xor_ln66_7     | xor       | auto                     | 0       |
|    select_ln0_5_fu_975_p3                                                       |     |        | select_ln0_5   | select    | auto_sel                 | 0       |
|    icmp_ln66_8_fu_1281_p2                                                       |     |        | icmp_ln66_8    | setlt     | auto                     | 0       |
|    xor_ln66_8_fu_1285_p2                                                        |     |        | xor_ln66_8     | xor       | auto                     | 0       |
|    res_pack_2_fu_1291_p3                                                        |     |        | res_pack_2     | select    | auto_sel                 | 0       |
|    icmp_ln66_9_fu_981_p2                                                        |     |        | icmp_ln66_9    | setlt     | auto                     | 0       |
|    xor_ln66_9_fu_986_p2                                                         |     |        | xor_ln66_9     | xor       | auto                     | 0       |
|    select_ln0_6_fu_992_p3                                                       |     |        | select_ln0_6   | select    | auto_sel                 | 0       |
|    icmp_ln66_10_fu_999_p2                                                       |     |        | icmp_ln66_10   | setlt     | auto                     | 0       |
|    xor_ln66_10_fu_1003_p2                                                       |     |        | xor_ln66_10    | xor       | auto                     | 0       |
|    select_ln0_7_fu_1009_p3                                                      |     |        | select_ln0_7   | select    | auto_sel                 | 0       |
|    icmp_ln66_11_fu_1297_p2                                                      |     |        | icmp_ln66_11   | setlt     | auto                     | 0       |
|    xor_ln66_11_fu_1301_p2                                                       |     |        | xor_ln66_11    | xor       | auto                     | 0       |
|    res_pack_3_fu_1307_p3                                                        |     |        | res_pack_3     | select    | auto_sel                 | 0       |
|    icmp_ln66_12_fu_1015_p2                                                      |     |        | icmp_ln66_12   | setlt     | auto                     | 0       |
|    xor_ln66_12_fu_1020_p2                                                       |     |        | xor_ln66_12    | xor       | auto                     | 0       |
|    select_ln0_8_fu_1026_p3                                                      |     |        | select_ln0_8   | select    | auto_sel                 | 0       |
|    icmp_ln66_13_fu_1033_p2                                                      |     |        | icmp_ln66_13   | setlt     | auto                     | 0       |
|    xor_ln66_13_fu_1037_p2                                                       |     |        | xor_ln66_13    | xor       | auto                     | 0       |
|    select_ln0_9_fu_1043_p3                                                      |     |        | select_ln0_9   | select    | auto_sel                 | 0       |
|    icmp_ln66_14_fu_1313_p2                                                      |     |        | icmp_ln66_14   | setlt     | auto                     | 0       |
|    xor_ln66_14_fu_1317_p2                                                       |     |        | xor_ln66_14    | xor       | auto                     | 0       |
|    res_pack_4_fu_1323_p3                                                        |     |        | res_pack_4     | select    | auto_sel                 | 0       |
|    icmp_ln66_15_fu_1049_p2                                                      |     |        | icmp_ln66_15   | setlt     | auto                     | 0       |
|    xor_ln66_15_fu_1054_p2                                                       |     |        | xor_ln66_15    | xor       | auto                     | 0       |
|    select_ln0_10_fu_1060_p3                                                     |     |        | select_ln0_10  | select    | auto_sel                 | 0       |
|    icmp_ln66_16_fu_1067_p2                                                      |     |        | icmp_ln66_16   | setlt     | auto                     | 0       |
|    xor_ln66_16_fu_1071_p2                                                       |     |        | xor_ln66_16    | xor       | auto                     | 0       |
|    select_ln0_11_fu_1077_p3                                                     |     |        | select_ln0_11  | select    | auto_sel                 | 0       |
|    icmp_ln66_17_fu_1329_p2                                                      |     |        | icmp_ln66_17   | setlt     | auto                     | 0       |
|    xor_ln66_17_fu_1333_p2                                                       |     |        | xor_ln66_17    | xor       | auto                     | 0       |
|    res_pack_5_fu_1339_p3                                                        |     |        | res_pack_5     | select    | auto_sel                 | 0       |
|    icmp_ln66_18_fu_1083_p2                                                      |     |        | icmp_ln66_18   | setlt     | auto                     | 0       |
|    xor_ln66_18_fu_1088_p2                                                       |     |        | xor_ln66_18    | xor       | auto                     | 0       |
|    select_ln0_12_fu_1094_p3                                                     |     |        | select_ln0_12  | select    | auto_sel                 | 0       |
|    icmp_ln66_19_fu_1101_p2                                                      |     |        | icmp_ln66_19   | setlt     | auto                     | 0       |
|    xor_ln66_19_fu_1105_p2                                                       |     |        | xor_ln66_19    | xor       | auto                     | 0       |
|    select_ln0_13_fu_1111_p3                                                     |     |        | select_ln0_13  | select    | auto_sel                 | 0       |
|    icmp_ln66_20_fu_1345_p2                                                      |     |        | icmp_ln66_20   | setlt     | auto                     | 0       |
|    xor_ln66_20_fu_1349_p2                                                       |     |        | xor_ln66_20    | xor       | auto                     | 0       |
|    res_pack_6_fu_1355_p3                                                        |     |        | res_pack_6     | select    | auto_sel                 | 0       |
|    icmp_ln66_21_fu_1117_p2                                                      |     |        | icmp_ln66_21   | setlt     | auto                     | 0       |
|    xor_ln66_21_fu_1122_p2                                                       |     |        | xor_ln66_21    | xor       | auto                     | 0       |
|    select_ln0_14_fu_1128_p3                                                     |     |        | select_ln0_14  | select    | auto_sel                 | 0       |
|    icmp_ln66_22_fu_1135_p2                                                      |     |        | icmp_ln66_22   | setlt     | auto                     | 0       |
|    xor_ln66_22_fu_1139_p2                                                       |     |        | xor_ln66_22    | xor       | auto                     | 0       |
|    select_ln0_15_fu_1145_p3                                                     |     |        | select_ln0_15  | select    | auto_sel                 | 0       |
|    icmp_ln66_23_fu_1361_p2                                                      |     |        | icmp_ln66_23   | setlt     | auto                     | 0       |
|    xor_ln66_23_fu_1365_p2                                                       |     |        | xor_ln66_23    | xor       | auto                     | 0       |
|    res_pack_7_fu_1371_p3                                                        |     |        | res_pack_7     | select    | auto_sel                 | 0       |
|    add_ln76_fu_516_p2                                                           |     |        | add_ln76       | add       | fabric                   | 0       |
|    icmp_ln76_fu_719_p2                                                          |     |        | icmp_ln76      | seteq     | auto                     | 0       |
|    add_ln91_fu_724_p2                                                           |     |        | add_ln91       | add       | fabric                   | 0       |
|    select_ln91_fu_730_p3                                                        |     |        | select_ln91    | select    | auto_sel                 | 0       |
|    add_ln80_fu_742_p2                                                           |     |        | add_ln80       | add       | fabric                   | 0       |
|    icmp_ln80_fu_1173_p2                                                         |     |        | icmp_ln80      | seteq     | auto                     | 0       |
|    grp_fu_285_p2                                                                |     |        | icmp_ln86      | seteq     | auto                     | 0       |
|    add_ln86_fu_1178_p2                                                          |     |        | add_ln86       | add       | fabric                   | 0       |
|    select_ln86_fu_1184_p3                                                       |     |        | select_ln86    | select    | auto_sel                 | 0       |
|    add_ln111_fu_751_p2                                                          |     |        | add_ln111      | add       | fabric                   | 0       |
|    i_iw_2_fu_757_p3                                                             |     |        | i_iw_2         | select    | auto_sel                 | 0       |
|    icmp_ln111_fu_1192_p2                                                        |     |        | icmp_ln111     | seteq     | auto                     | 0       |
|    icmp_ln109_fu_1197_p2                                                        |     |        | icmp_ln109     | seteq     | auto                     | 0       |
|  + dense_array_ap_fixed_8u_array_ap_fixed_16_6_5_3_0_24u_config25_s             | 1   |        |                |           |                          |         |
|   + dense_array_array_ap_fixed_16_6_5_3_0_24u_config25_Pipeline_DataPrepare     | 0   |        |                |           |                          |         |
|     i_in_3_fu_2800_p2                                                           |     |        | i_in_3         | add       | fabric                   | 0       |
|     icmp_ln33_fu_3858_p2                                                        |     |        | icmp_ln33      | seteq     | auto                     | 0       |
|   + dense_resource_rf_gt_nin_rem0_ap_fixed_ap_fixed_16_6_5_3_0_config25_s       | 1   |        |                |           |                          |         |
|     sparsemux_401_8_16_1_1_U1908                                                |     |        | a              | sparsemux | compactencoding_dontcare | 0       |
|     mul_16s_12s_26_2_1_U1909                                                    | 1   |        | mul_ln144      | mul       | auto                     | 1       |
|     sparsemux_49_5_16_1_1_U1910                                                 |     |        | tmp            | sparsemux | compactencoding_dontcare | 0       |
|     acc_239_fu_12720_p2                                                         |     |        | acc_239        | add       | fabric                   | 0       |
|     sub_ln144_fu_12726_p2                                                       |     |        | sub_ln144      | sub       | fabric                   | 0       |
|     icmp_ln144_fu_12732_p2                                                      |     |        | icmp_ln144     | seteq     | auto                     | 0       |
|     w_index_fu_11741_p2                                                         |     |        | w_index        | add       | fabric                   | 0       |
|     in_index_fu_12579_p2                                                        |     |        | in_index       | add       | fabric                   | 0       |
|     icmp_ln154_fu_12585_p2                                                      |     |        | icmp_ln154     | setgt     | auto                     | 0       |
|     in_index_10_fu_12591_p3                                                     |     |        | in_index_10    | select    | auto_sel                 | 0       |
|     icmp_ln135_fu_11747_p2                                                      |     |        | icmp_ln135     | seteq     | auto                     | 0       |
|  + normalize_array_ap_fixed_24u_array_ap_fixed_16_6_5_3_0_24u_config23_s        | 0   |        |                |           |                          |         |
|    add_ln42_fu_413_p2                                                           |     |        | add_ln42       | add       | fabric                   | 0       |
|    add_ln42_47_fu_418_p2                                                        |     |        | add_ln42_47    | add       | fabric                   | 0       |
|    add_ln42_48_fu_423_p2                                                        |     |        | add_ln42_48    | add       | fabric                   | 0       |
|    add_ln42_49_fu_428_p2                                                        |     |        | add_ln42_49    | add       | fabric                   | 0       |
|    add_ln42_50_fu_433_p2                                                        |     |        | add_ln42_50    | add       | fabric                   | 0       |
|    add_ln42_51_fu_438_p2                                                        |     |        | add_ln42_51    | add       | fabric                   | 0       |
|    add_ln42_52_fu_443_p2                                                        |     |        | add_ln42_52    | add       | fabric                   | 0       |
|    add_ln42_53_fu_448_p2                                                        |     |        | add_ln42_53    | add       | fabric                   | 0       |
|    add_ln42_54_fu_453_p2                                                        |     |        | add_ln42_54    | add       | fabric                   | 0       |
|    add_ln42_55_fu_458_p2                                                        |     |        | add_ln42_55    | add       | fabric                   | 0       |
|    add_ln42_56_fu_463_p2                                                        |     |        | add_ln42_56    | add       | fabric                   | 0       |
|    add_ln42_57_fu_468_p2                                                        |     |        | add_ln42_57    | add       | fabric                   | 0       |
|    add_ln42_58_fu_473_p2                                                        |     |        | add_ln42_58    | add       | fabric                   | 0       |
|    add_ln42_59_fu_478_p2                                                        |     |        | add_ln42_59    | add       | fabric                   | 0       |
|    add_ln42_60_fu_483_p2                                                        |     |        | add_ln42_60    | add       | fabric                   | 0       |
|    add_ln42_61_fu_488_p2                                                        |     |        | add_ln42_61    | add       | fabric                   | 0       |
|    add_ln42_62_fu_493_p2                                                        |     |        | add_ln42_62    | add       | fabric                   | 0       |
|    add_ln42_63_fu_498_p2                                                        |     |        | add_ln42_63    | add       | fabric                   | 0       |
|    add_ln42_64_fu_503_p2                                                        |     |        | add_ln42_64    | add       | fabric                   | 0       |
|    add_ln42_65_fu_508_p2                                                        |     |        | add_ln42_65    | add       | fabric                   | 0       |
|    add_ln42_66_fu_513_p2                                                        |     |        | add_ln42_66    | add       | fabric                   | 0       |
|    add_ln42_67_fu_518_p2                                                        |     |        | add_ln42_67    | add       | fabric                   | 0       |
|    add_ln42_68_fu_523_p2                                                        |     |        | add_ln42_68    | add       | fabric                   | 0       |
|  + relu_array_ap_fixed_24u_array_ap_fixed_16_6_5_3_0_24u_ReLU_config20_s        | 0   |        |                |           |                          |         |
|    icmp_ln51_fu_647_p2                                                          |     |        | icmp_ln51      | setgt     | auto                     | 0       |
|    select_ln51_fu_652_p3                                                        |     |        | select_ln51    | select    | auto_sel                 | 0       |
|    icmp_ln51_11_fu_659_p2                                                       |     |        | icmp_ln51_11   | setgt     | auto                     | 0       |
|    select_ln51_11_fu_664_p3                                                     |     |        | select_ln51_11 | select    | auto_sel                 | 0       |
|    icmp_ln51_12_fu_671_p2                                                       |     |        | icmp_ln51_12   | setgt     | auto                     | 0       |
|    select_ln51_12_fu_676_p3                                                     |     |        | select_ln51_12 | select    | auto_sel                 | 0       |
|    icmp_ln51_13_fu_683_p2                                                       |     |        | icmp_ln51_13   | setgt     | auto                     | 0       |
|    select_ln51_13_fu_688_p3                                                     |     |        | select_ln51_13 | select    | auto_sel                 | 0       |
|    icmp_ln51_14_fu_695_p2                                                       |     |        | icmp_ln51_14   | setgt     | auto                     | 0       |
|    select_ln51_14_fu_700_p3                                                     |     |        | select_ln51_14 | select    | auto_sel                 | 0       |
|    icmp_ln51_15_fu_707_p2                                                       |     |        | icmp_ln51_15   | setgt     | auto                     | 0       |
|    select_ln51_15_fu_712_p3                                                     |     |        | select_ln51_15 | select    | auto_sel                 | 0       |
|    icmp_ln51_16_fu_719_p2                                                       |     |        | icmp_ln51_16   | setgt     | auto                     | 0       |
|    select_ln51_16_fu_724_p3                                                     |     |        | select_ln51_16 | select    | auto_sel                 | 0       |
|    icmp_ln51_17_fu_731_p2                                                       |     |        | icmp_ln51_17   | setgt     | auto                     | 0       |
|    select_ln51_17_fu_736_p3                                                     |     |        | select_ln51_17 | select    | auto_sel                 | 0       |
|    icmp_ln51_18_fu_743_p2                                                       |     |        | icmp_ln51_18   | setgt     | auto                     | 0       |
|    select_ln51_18_fu_748_p3                                                     |     |        | select_ln51_18 | select    | auto_sel                 | 0       |
|    icmp_ln51_19_fu_755_p2                                                       |     |        | icmp_ln51_19   | setgt     | auto                     | 0       |
|    select_ln51_19_fu_760_p3                                                     |     |        | select_ln51_19 | select    | auto_sel                 | 0       |
|    icmp_ln51_20_fu_767_p2                                                       |     |        | icmp_ln51_20   | setgt     | auto                     | 0       |
|    select_ln51_20_fu_772_p3                                                     |     |        | select_ln51_20 | select    | auto_sel                 | 0       |
|    icmp_ln51_21_fu_779_p2                                                       |     |        | icmp_ln51_21   | setgt     | auto                     | 0       |
|    select_ln51_21_fu_784_p3                                                     |     |        | select_ln51_21 | select    | auto_sel                 | 0       |
|    icmp_ln51_22_fu_791_p2                                                       |     |        | icmp_ln51_22   | setgt     | auto                     | 0       |
|    select_ln51_22_fu_796_p3                                                     |     |        | select_ln51_22 | select    | auto_sel                 | 0       |
|    icmp_ln51_23_fu_803_p2                                                       |     |        | icmp_ln51_23   | setgt     | auto                     | 0       |
|    select_ln51_23_fu_808_p3                                                     |     |        | select_ln51_23 | select    | auto_sel                 | 0       |
|    icmp_ln51_24_fu_815_p2                                                       |     |        | icmp_ln51_24   | setgt     | auto                     | 0       |
|    select_ln51_24_fu_820_p3                                                     |     |        | select_ln51_24 | select    | auto_sel                 | 0       |
|    icmp_ln51_25_fu_827_p2                                                       |     |        | icmp_ln51_25   | setgt     | auto                     | 0       |
|    select_ln51_25_fu_832_p3                                                     |     |        | select_ln51_25 | select    | auto_sel                 | 0       |
|    icmp_ln51_26_fu_839_p2                                                       |     |        | icmp_ln51_26   | setgt     | auto                     | 0       |
|    select_ln51_26_fu_844_p3                                                     |     |        | select_ln51_26 | select    | auto_sel                 | 0       |
|    icmp_ln51_27_fu_851_p2                                                       |     |        | icmp_ln51_27   | setgt     | auto                     | 0       |
|    select_ln51_27_fu_856_p3                                                     |     |        | select_ln51_27 | select    | auto_sel                 | 0       |
|    icmp_ln51_28_fu_863_p2                                                       |     |        | icmp_ln51_28   | setgt     | auto                     | 0       |
|    select_ln51_28_fu_868_p3                                                     |     |        | select_ln51_28 | select    | auto_sel                 | 0       |
|    icmp_ln51_29_fu_875_p2                                                       |     |        | icmp_ln51_29   | setgt     | auto                     | 0       |
|    select_ln51_29_fu_880_p3                                                     |     |        | select_ln51_29 | select    | auto_sel                 | 0       |
|    icmp_ln51_30_fu_887_p2                                                       |     |        | icmp_ln51_30   | setgt     | auto                     | 0       |
|    select_ln51_30_fu_892_p3                                                     |     |        | select_ln51_30 | select    | auto_sel                 | 0       |
|    icmp_ln51_31_fu_899_p2                                                       |     |        | icmp_ln51_31   | setgt     | auto                     | 0       |
|    select_ln51_31_fu_904_p3                                                     |     |        | select_ln51_31 | select    | auto_sel                 | 0       |
|    icmp_ln51_32_fu_911_p2                                                       |     |        | icmp_ln51_32   | setgt     | auto                     | 0       |
|    select_ln51_32_fu_916_p3                                                     |     |        | select_ln51_32 | select    | auto_sel                 | 0       |
|    icmp_ln51_33_fu_923_p2                                                       |     |        | icmp_ln51_33   | setgt     | auto                     | 0       |
|    select_ln51_33_fu_928_p3                                                     |     |        | select_ln51_33 | select    | auto_sel                 | 0       |
|  + dense_array_ap_fixed_24u_array_ap_fixed_16_6_5_3_0_47u_config26_s            | 1   |        |                |           |                          |         |
|   + dense_resource_rf_gt_nin_rem0_ap_fixed_ap_fixed_16_6_5_3_0_config26_s       | 1   |        |                |           |                          |         |
|     sparsemux_49_5_16_1_1_U2121                                                 |     |        | a              | sparsemux | compactencoding_dontcare | 0       |
|     mul_16s_12s_26_2_1_U2122                                                    | 1   |        | mul_ln144      | mul       | auto                     | 1       |
|     sparsemux_95_6_16_1_1_U2123                                                 |     |        | tmp            | sparsemux | compactencoding_dontcare | 0       |
|     acc_167_fu_16107_p2                                                         |     |        | acc_167        | add       | fabric                   | 0       |
|     sub_ln144_fu_16113_p2                                                       |     |        | sub_ln144      | sub       | fabric                   | 0       |
|     icmp_ln144_fu_16119_p2                                                      |     |        | icmp_ln144     | seteq     | auto                     | 0       |
|     w_index_fu_15740_p2                                                         |     |        | w_index        | add       | fabric                   | 0       |
|     in_index_fu_15874_p2                                                        |     |        | in_index       | add       | fabric                   | 0       |
|     icmp_ln154_fu_15880_p2                                                      |     |        | icmp_ln154     | setgt     | auto                     | 0       |
|     in_index_8_fu_15886_p3                                                      |     |        | in_index_8     | select    | auto_sel                 | 0       |
|     icmp_ln135_fu_15746_p2                                                      |     |        | icmp_ln135     | seteq     | auto                     | 0       |
|  + normalize_array_ap_fixed_47u_array_ap_fixed_16_6_5_3_0_47u_config24_s        | 0   |        |                |           |                          |         |
|    add_ln42_fu_783_p2                                                           |     |        | add_ln42       | add       | fabric                   | 0       |
|    add_ln42_1_fu_788_p2                                                         |     |        | add_ln42_1     | add       | fabric                   | 0       |
|    add_ln42_2_fu_793_p2                                                         |     |        | add_ln42_2     | add       | fabric                   | 0       |
|    add_ln42_3_fu_798_p2                                                         |     |        | add_ln42_3     | add       | fabric                   | 0       |
|    add_ln42_4_fu_803_p2                                                         |     |        | add_ln42_4     | add       | fabric                   | 0       |
|    add_ln42_5_fu_808_p2                                                         |     |        | add_ln42_5     | add       | fabric                   | 0       |
|    add_ln42_6_fu_813_p2                                                         |     |        | add_ln42_6     | add       | fabric                   | 0       |
|    add_ln42_7_fu_818_p2                                                         |     |        | add_ln42_7     | add       | fabric                   | 0       |
|    add_ln42_8_fu_823_p2                                                         |     |        | add_ln42_8     | add       | fabric                   | 0       |
|    add_ln42_9_fu_828_p2                                                         |     |        | add_ln42_9     | add       | fabric                   | 0       |
|    add_ln42_10_fu_833_p2                                                        |     |        | add_ln42_10    | add       | fabric                   | 0       |
|    add_ln42_11_fu_838_p2                                                        |     |        | add_ln42_11    | add       | fabric                   | 0       |
|    add_ln42_12_fu_843_p2                                                        |     |        | add_ln42_12    | add       | fabric                   | 0       |
|    add_ln42_13_fu_848_p2                                                        |     |        | add_ln42_13    | add       | fabric                   | 0       |
|    add_ln42_14_fu_853_p2                                                        |     |        | add_ln42_14    | add       | fabric                   | 0       |
|    add_ln42_15_fu_858_p2                                                        |     |        | add_ln42_15    | add       | fabric                   | 0       |
|    add_ln42_16_fu_863_p2                                                        |     |        | add_ln42_16    | add       | fabric                   | 0       |
|    add_ln42_17_fu_868_p2                                                        |     |        | add_ln42_17    | add       | fabric                   | 0       |
|    add_ln42_18_fu_873_p2                                                        |     |        | add_ln42_18    | add       | fabric                   | 0       |
|    add_ln42_19_fu_878_p2                                                        |     |        | add_ln42_19    | add       | fabric                   | 0       |
|    add_ln42_20_fu_883_p2                                                        |     |        | add_ln42_20    | add       | fabric                   | 0       |
|    add_ln42_21_fu_888_p2                                                        |     |        | add_ln42_21    | add       | fabric                   | 0       |
|    add_ln42_22_fu_893_p2                                                        |     |        | add_ln42_22    | add       | fabric                   | 0       |
|    add_ln42_23_fu_898_p2                                                        |     |        | add_ln42_23    | add       | fabric                   | 0       |
|    add_ln42_24_fu_903_p2                                                        |     |        | add_ln42_24    | add       | fabric                   | 0       |
|    add_ln42_25_fu_908_p2                                                        |     |        | add_ln42_25    | add       | fabric                   | 0       |
|    add_ln42_26_fu_913_p2                                                        |     |        | add_ln42_26    | add       | fabric                   | 0       |
|    add_ln42_27_fu_918_p2                                                        |     |        | add_ln42_27    | add       | fabric                   | 0       |
|    add_ln42_28_fu_923_p2                                                        |     |        | add_ln42_28    | add       | fabric                   | 0       |
|    add_ln42_29_fu_928_p2                                                        |     |        | add_ln42_29    | add       | fabric                   | 0       |
|    add_ln42_30_fu_933_p2                                                        |     |        | add_ln42_30    | add       | fabric                   | 0       |
|    add_ln42_31_fu_938_p2                                                        |     |        | add_ln42_31    | add       | fabric                   | 0       |
|    add_ln42_32_fu_943_p2                                                        |     |        | add_ln42_32    | add       | fabric                   | 0       |
|    add_ln42_33_fu_948_p2                                                        |     |        | add_ln42_33    | add       | fabric                   | 0       |
|    add_ln42_34_fu_953_p2                                                        |     |        | add_ln42_34    | add       | fabric                   | 0       |
|    add_ln42_35_fu_958_p2                                                        |     |        | add_ln42_35    | add       | fabric                   | 0       |
|    add_ln42_36_fu_963_p2                                                        |     |        | add_ln42_36    | add       | fabric                   | 0       |
|    add_ln42_37_fu_968_p2                                                        |     |        | add_ln42_37    | add       | fabric                   | 0       |
|    add_ln42_38_fu_973_p2                                                        |     |        | add_ln42_38    | add       | fabric                   | 0       |
|    add_ln42_39_fu_978_p2                                                        |     |        | add_ln42_39    | add       | fabric                   | 0       |
|    add_ln42_40_fu_983_p2                                                        |     |        | add_ln42_40    | add       | fabric                   | 0       |
|    add_ln42_41_fu_988_p2                                                        |     |        | add_ln42_41    | add       | fabric                   | 0       |
|    add_ln42_42_fu_993_p2                                                        |     |        | add_ln42_42    | add       | fabric                   | 0       |
|    add_ln42_43_fu_998_p2                                                        |     |        | add_ln42_43    | add       | fabric                   | 0       |
|    add_ln42_44_fu_1003_p2                                                       |     |        | add_ln42_44    | add       | fabric                   | 0       |
|    add_ln42_45_fu_1008_p2                                                       |     |        | add_ln42_45    | add       | fabric                   | 0       |
|    add_ln42_46_fu_1013_p2                                                       |     |        | add_ln42_46    | add       | fabric                   | 0       |
+---------------------------------------------------------------------------------+-----+--------+----------------+-----------+--------------------------+---------+


================================================================
== Storage Report
================================================================
+--------------------------------------------------------------------------------------------+--------------+--------+------+------+--------+--------+-------------------------------------------------------------------------------------+--------+---------+------------------+
| Name                                                                                       | Usage        | Type   | BRAM | URAM | CE_REG | Pragma | Variable                                                                            | Impl   | Latency | Bitwidth, Depth, |
|                                                                                            |              |        |      |      |        |        |                                                                                     |        |         | Banks            |
+--------------------------------------------------------------------------------------------+--------------+--------+------+------+--------+--------+-------------------------------------------------------------------------------------+--------+---------+------------------+
| + myproject                                                                                |              |        | 51   | 0    |        |        |                                                                                     |        |         |                  |
|   layer10_out_U                                                                            | fifo channel | stream | 1    |      | N      |        | layer10_out                                                                         | memory | 0       | 16, 784, 1       |
|   layer27_out_U                                                                            | fifo channel | stream | 4    |      | N      |        | layer27_out                                                                         | memory | 0       | 64, 676, 1       |
|   layer12_out_U                                                                            | fifo channel | stream | 4    |      | N      |        | layer12_out                                                                         | memory | 0       | 64, 676, 1       |
|   layer13_out_U                                                                            | fifo channel | stream | 4    |      | N      |        | layer13_out                                                                         | memory | 0       | 64, 169, 1       |
|   layer28_out_U                                                                            | fifo channel | stream | 8    |      | N      |        | layer28_out                                                                         | memory | 0       | 128, 121, 1      |
|   layer15_out_U                                                                            | fifo channel | stream | 8    |      | N      |        | layer15_out                                                                         | memory | 0       | 128, 121, 1      |
|   layer16_out_U                                                                            | fifo channel | stream | 8    |      | N      |        | layer16_out                                                                         | memory | 0       | 128, 25, 1       |
|   layer25_out_U                                                                            | fifo channel | stream |      |      | N      |        | layer25_out                                                                         | srl    | 0       | 384, 1, 1        |
|   layer23_out_U                                                                            | fifo channel | stream |      |      | N      |        | layer23_out                                                                         | srl    | 0       | 384, 1, 1        |
|   layer20_out_U                                                                            | fifo channel | stream |      |      | N      |        | layer20_out                                                                         | srl    | 0       | 384, 1, 1        |
|   layer26_out_U                                                                            | fifo channel | stream |      |      | N      |        | layer26_out                                                                         | srl    | 0       | 752, 1, 1        |
|  + conv_2d_cl_array_ap_fixed_1u_array_ap_fixed_16_6_5_3_0_4u_config27_s                    |              |        | 1    | 0    |        |        |                                                                                     |        |         |                  |
|   + compute_output_buffer_2d_array_array_ap_fixed_16_6_5_3_0_4u_config27_s                 |              |        | 1    | 0    |        |        |                                                                                     |        |         |                  |
|    + shift_line_buffer_array_ap_fixed_16_6_5_3_0_1u_config27_s                             |              |        | 0    | 0    |        |        |                                                                                     |        |         |                  |
|      void_conv_2d_buffer_resource_cl_stream_stream_weight_t_bias_t_line_buffer_1_U         | ram_1p       |        |      |      | N      |        | void_conv_2d_buffer_resource_cl_stream_stream_weight_t_bias_t_line_buffer_1         | auto   | 0       | 16, 28, 1        |
|      void_conv_2d_buffer_resource_cl_stream_stream_weight_t_bias_t_line_buffer_U           | ram_1p       |        |      |      | N      |        | void_conv_2d_buffer_resource_cl_stream_stream_weight_t_bias_t_line_buffer           | auto   | 0       | 16, 28, 1        |
|    + dense_resource_rf_gt_nin_rem0_ap_fixed_ap_fixed_16_6_5_3_0_config27_mult_s            |              |        | 1    | 0    |        |        |                                                                                     |        |         |                  |
|      outidx_U                                                                              | rom_1p       |        |      |      | N      |        | outidx                                                                              | auto   | 1       | 2, 36, 1         |
|      w27_U                                                                                 | rom_np       |        | 1    |      | N      | pragma | w27                                                                                 | bram   | 1       | 12, 36, 1        |
|  + conv_2d_cl_array_ap_fixed_4u_array_ap_fixed_16_6_5_3_0_8u_config28_s                    |              |        | 1    | 0    |        |        |                                                                                     |        |         |                  |
|   + compute_output_buffer_2d_array_array_ap_fixed_16_6_5_3_0_8u_config28_s                 |              |        | 1    | 0    |        |        |                                                                                     |        |         |                  |
|    + shift_line_buffer_array_ap_fixed_16_6_5_3_0_4u_config28_s                             |              |        | 0    | 0    |        |        |                                                                                     |        |         |                  |
|      p_ZZN4nnet26conv_2d_buffer_resource_clINS_5arrayI8ap_fixedILi16ELi6EL9ap_q_mode5E_7_U | ram_1p       |        |      |      | N      |        | p_ZZN4nnet26conv_2d_buffer_resource_clINS_5arrayI8ap_fixedILi16ELi6EL9ap_q_mode5E_7 | auto   | 0       | 16, 13, 1        |
|      p_ZZN4nnet26conv_2d_buffer_resource_clINS_5arrayI8ap_fixedILi16ELi6EL9ap_q_mode5E_3_U | ram_1p       |        |      |      | N      |        | p_ZZN4nnet26conv_2d_buffer_resource_clINS_5arrayI8ap_fixedILi16ELi6EL9ap_q_mode5E_3 | auto   | 0       | 16, 13, 1        |
|      p_ZZN4nnet26conv_2d_buffer_resource_clINS_5arrayI8ap_fixedILi16ELi6EL9ap_q_mode5E_6_U | ram_1p       |        |      |      | N      |        | p_ZZN4nnet26conv_2d_buffer_resource_clINS_5arrayI8ap_fixedILi16ELi6EL9ap_q_mode5E_6 | auto   | 0       | 16, 13, 1        |
|      p_ZZN4nnet26conv_2d_buffer_resource_clINS_5arrayI8ap_fixedILi16ELi6EL9ap_q_mode5E_2_U | ram_1p       |        |      |      | N      |        | p_ZZN4nnet26conv_2d_buffer_resource_clINS_5arrayI8ap_fixedILi16ELi6EL9ap_q_mode5E_2 | auto   | 0       | 16, 13, 1        |
|      p_ZZN4nnet26conv_2d_buffer_resource_clINS_5arrayI8ap_fixedILi16ELi6EL9ap_q_mode5E_5_U | ram_1p       |        |      |      | N      |        | p_ZZN4nnet26conv_2d_buffer_resource_clINS_5arrayI8ap_fixedILi16ELi6EL9ap_q_mode5E_5 | auto   | 0       | 16, 13, 1        |
|      p_ZZN4nnet26conv_2d_buffer_resource_clINS_5arrayI8ap_fixedILi16ELi6EL9ap_q_mode5E_1_U | ram_1p       |        |      |      | N      |        | p_ZZN4nnet26conv_2d_buffer_resource_clINS_5arrayI8ap_fixedILi16ELi6EL9ap_q_mode5E_1 | auto   | 0       | 16, 13, 1        |
|      p_ZZN4nnet26conv_2d_buffer_resource_clINS_5arrayI8ap_fixedILi16ELi6EL9ap_q_mode5E_4_U | ram_1p       |        |      |      | N      |        | p_ZZN4nnet26conv_2d_buffer_resource_clINS_5arrayI8ap_fixedILi16ELi6EL9ap_q_mode5E_4 | auto   | 0       | 16, 13, 1        |
|      p_ZZN4nnet26conv_2d_buffer_resource_clINS_5arrayI8ap_fixedILi16ELi6EL9ap_q_mode5E_U   | ram_1p       |        |      |      | N      |        | p_ZZN4nnet26conv_2d_buffer_resource_clINS_5arrayI8ap_fixedILi16ELi6EL9ap_q_mode5E   | auto   | 0       | 16, 13, 1        |
|    + dense_resource_rf_gt_nin_rem0_ap_fixed_ap_fixed_16_6_5_3_0_config28_mult_s            |              |        | 1    | 0    |        |        |                                                                                     |        |         |                  |
|      outidx_50_U                                                                           | rom_1p       |        |      |      | N      |        | outidx_50                                                                           | auto   | 1       | 3, 288, 1        |
|      w28_U                                                                                 | rom_np       |        | 1    |      | N      | pragma | w28                                                                                 | bram   | 1       | 12, 288, 1       |
|  + dense_array_ap_fixed_8u_array_ap_fixed_16_6_5_3_0_24u_config25_s                        |              |        | 9    | 0    |        |        |                                                                                     |        |         |                  |
|   + dense_resource_rf_gt_nin_rem0_ap_fixed_ap_fixed_16_6_5_3_0_config25_s                  |              |        | 9    | 0    |        |        |                                                                                     |        |         |                  |
|     outidx_57_U                                                                            | rom_1p       |        | 3    |      | N      |        | outidx_57                                                                           | auto   | 1       | 5, 4800, 1       |
|     w25_U                                                                                  | rom_np       |        | 6    |      | N      | pragma | w25                                                                                 | bram   | 1       | 12, 4800, 1      |
|  + dense_array_ap_fixed_24u_array_ap_fixed_16_6_5_3_0_47u_config26_s                       |              |        | 3    | 0    |        |        |                                                                                     |        |         |                  |
|   + dense_resource_rf_gt_nin_rem0_ap_fixed_ap_fixed_16_6_5_3_0_config26_s                  |              |        | 3    | 0    |        |        |                                                                                     |        |         |                  |
|     outidx_65_U                                                                            | rom_1p       |        | 1    |      | N      |        | outidx_65                                                                           | auto   | 1       | 6, 1128, 1       |
|     w26_U                                                                                  | rom_np       |        | 2    |      | N      | pragma | w26                                                                                 | bram   | 1       | 12, 1128, 1      |
+--------------------------------------------------------------------------------------------+--------------+--------+------+------+--------+--------+-------------------------------------------------------------------------------------+--------+---------+------------------+


================================================================
== Pragma Report
================================================================
* Ignored Pragmas
+-----------------+---------------------------------------------------------------------------------+----------------------------------------------------------------------------------+------------------------------------------------------------------+
| Type            | Options                                                                         | Location                                                                         | Messages                                                         |
+-----------------+---------------------------------------------------------------------------------+----------------------------------------------------------------------------------+------------------------------------------------------------------+
| ARRAY_PARTITION | variable=exp_res complete                                                       | in softmax_latency (firmware/nnet_utils/nnet_activation.h:198)                   | Not implemented                                                  |
| UNROLL          |                                                                                 | in softmax_latency (firmware/nnet_utils/nnet_activation.h:201)                   | Not implemented                                                  |
| UNROLL          |                                                                                 | in softmax_latency (firmware/nnet_utils/nnet_activation.h:214)                   | Not implemented                                                  |
| UNROLL          |                                                                                 | in softmax_stable (firmware/nnet_utils/nnet_activation.h:247)                    | Not implemented                                                  |
| ARRAY_PARTITION | variable=exp_res complete                                                       | in softmax_stable (firmware/nnet_utils/nnet_activation.h:253)                    | Not implemented                                                  |
| UNROLL          |                                                                                 | in softmax_stable (firmware/nnet_utils/nnet_activation.h:256)                    | Not implemented                                                  |
| UNROLL          |                                                                                 | in softmax_stable (firmware/nnet_utils/nnet_activation.h:269)                    | Not implemented                                                  |
| UNROLL          |                                                                                 | in softmax_argmax (firmware/nnet_utils/nnet_activation.h:362)                    | Not implemented                                                  |
| INLINE          |                                                                                 | in softmax (firmware/nnet_utils/nnet_activation.h:382)                           | Not implemented                                                  |
| INLINE          |                                                                                 | in softmax_multidim (firmware/nnet_utils/nnet_activation.h:401)                  | Not implemented                                                  |
| ALLOCATION      | instances = softmax<CONFIG_T> limit = CONFIG_T::parallelization_factor function | in softmax_multidim (firmware/nnet_utils/nnet_activation.h:402)                  | unexpected pragma argument 'softmax', expects function/operation |
| UNROLL          |                                                                                 | in softmax_multidim (firmware/nnet_utils/nnet_activation.h:406)                  | Not implemented                                                  |
| UNROLL          |                                                                                 | in softmax_multidim (firmware/nnet_utils/nnet_activation.h:408)                  | Not implemented                                                  |
| UNROLL          |                                                                                 | in softmax_multidim (firmware/nnet_utils/nnet_activation.h:410)                  | Not implemented                                                  |
| UNROLL          |                                                                                 | in softmax_multidim (firmware/nnet_utils/nnet_activation.h:415)                  | Not implemented                                                  |
| ARRAY_PARTITION | variable=table                                                                  | in unary_lut (firmware/nnet_utils/nnet_activation.h:482)                         | Not implemented                                                  |
| UNROLL          |                                                                                 | in unary_lut (firmware/nnet_utils/nnet_activation.h:485)                         | Not implemented                                                  |
| UNROLL          |                                                                                 | in linear (firmware/nnet_utils/nnet_activation_stream.h:28)                      | Not implemented                                                  |
| UNROLL          |                                                                                 | in relu (firmware/nnet_utils/nnet_activation_stream.h:50)                        | Not implemented                                                  |
| UNROLL          |                                                                                 | in sigmoid (firmware/nnet_utils/nnet_activation_stream.h:89)                     | Not implemented                                                  |
| ARRAY_PARTITION | variable=exp_res complete                                                       | in softmax_latency (firmware/nnet_utils/nnet_activation_stream.h:133)            | Not implemented                                                  |
| UNROLL          |                                                                                 | in softmax_latency (firmware/nnet_utils/nnet_activation_stream.h:142)            | Not implemented                                                  |
| UNROLL          |                                                                                 | in softmax_latency (firmware/nnet_utils/nnet_activation_stream.h:160)            | Not implemented                                                  |
| ARRAY_PARTITION | variable=data_array complete                                                    | in softmax_stable (firmware/nnet_utils/nnet_activation_stream.h:193)             | Not implemented                                                  |
| UNROLL          |                                                                                 | in softmax_stable (firmware/nnet_utils/nnet_activation_stream.h:201)             | Not implemented                                                  |
| UNROLL          |                                                                                 | in softmax_stable (firmware/nnet_utils/nnet_activation_stream.h:212)             | Not implemented                                                  |
| ARRAY_PARTITION | variable=exp_res complete                                                       | in softmax_stable (firmware/nnet_utils/nnet_activation_stream.h:218)             | Not implemented                                                  |
| UNROLL          |                                                                                 | in softmax_stable (firmware/nnet_utils/nnet_activation_stream.h:221)             | Not implemented                                                  |
| UNROLL          |                                                                                 | in softmax_stable (firmware/nnet_utils/nnet_activation_stream.h:239)             | Not implemented                                                  |
| UNROLL          |                                                                                 | in softmax_legacy (firmware/nnet_utils/nnet_activation_stream.h:276)             | Not implemented                                                  |
| UNROLL          |                                                                                 | in softmax_legacy (firmware/nnet_utils/nnet_activation_stream.h:283)             | Not implemented                                                  |
| UNROLL          |                                                                                 | in softmax_legacy (firmware/nnet_utils/nnet_activation_stream.h:286)             | Not implemented                                                  |
| UNROLL          |                                                                                 | in softmax_legacy (firmware/nnet_utils/nnet_activation_stream.h:309)             | Not implemented                                                  |
| UNROLL          |                                                                                 | in softmax_argmax (firmware/nnet_utils/nnet_activation_stream.h:331)             | Not implemented                                                  |
| UNROLL          |                                                                                 | in tanh (firmware/nnet_utils/nnet_activation_stream.h:398)                       | Not implemented                                                  |
| ARRAY_PARTITION | variable=table complete                                                         | in unary_lut (firmware/nnet_utils/nnet_activation_stream.h:419)                  | Not implemented                                                  |
| UNROLL          |                                                                                 | in unary_lut (firmware/nnet_utils/nnet_activation_stream.h:431)                  | Not implemented                                                  |
| UNROLL          |                                                                                 | in hard_sigmoid (firmware/nnet_utils/nnet_activation_stream.h:457)               | Not implemented                                                  |
| UNROLL          |                                                                                 | in hard_tanh (firmware/nnet_utils/nnet_activation_stream.h:482)                  | Not implemented                                                  |
| UNROLL          |                                                                                 | in leaky_relu (firmware/nnet_utils/nnet_activation_stream.h:511)                 | Not implemented                                                  |
| UNROLL          |                                                                                 | in thresholded_relu (firmware/nnet_utils/nnet_activation_stream.h:537)           | Not implemented                                                  |
| UNROLL          |                                                                                 | in softplus (firmware/nnet_utils/nnet_activation_stream.h:576)                   | Not implemented                                                  |
| UNROLL          |                                                                                 | in softsign (firmware/nnet_utils/nnet_activation_stream.h:617)                   | Not implemented                                                  |
| UNROLL          |                                                                                 | in elu (firmware/nnet_utils/nnet_activation_stream.h:658)                        | Not implemented                                                  |
| UNROLL          |                                                                                 | in selu (firmware/nnet_utils/nnet_activation_stream.h:706)                       | Not implemented                                                  |
| UNROLL          |                                                                                 | in prelu (firmware/nnet_utils/nnet_activation_stream.h:738)                      | Not implemented                                                  |
| UNROLL          |                                                                                 | in binary_tanh (firmware/nnet_utils/nnet_activation_stream.h:765)                | Not implemented                                                  |
| UNROLL          |                                                                                 | in ternary_tanh (firmware/nnet_utils/nnet_activation_stream.h:792)               | Not implemented                                                  |
| ARRAY_PARTITION | variable=scale complete                                                         | in normalize (firmware/nnet_utils/nnet_batchnorm.h:45)                           | Not implemented                                                  |
| ARRAY_PARTITION | variable=bias complete                                                          | in normalize (firmware/nnet_utils/nnet_batchnorm.h:46)                           | Not implemented                                                  |
| ARRAY_PARTITION | variable=res complete                                                           | in normalize_binary_tanh (firmware/nnet_utils/nnet_batchnorm.h:84)               | Not implemented                                                  |
| ARRAY_PARTITION | variable=res complete                                                           | in normalize_ternary_tanh (firmware/nnet_utils/nnet_batchnorm.h:104)             | Not implemented                                                  |
| ARRAY_PARTITION | variable=scale complete                                                         | in normalize (firmware/nnet_utils/nnet_batchnorm_stream.h:18)                    | Not implemented                                                  |
| ARRAY_PARTITION | variable=bias complete                                                          | in normalize (firmware/nnet_utils/nnet_batchnorm_stream.h:19)                    | Not implemented                                                  |
| UNROLL          |                                                                                 | in normalize (firmware/nnet_utils/nnet_batchnorm_stream.h:34)                    | Not implemented                                                  |
| ARRAY_PARTITION | variable=threshold complete                                                     | in normalize_binary_tanh (firmware/nnet_utils/nnet_batchnorm_stream.h:56)        | Not implemented                                                  |
| UNROLL          |                                                                                 | in normalize_binary_tanh (firmware/nnet_utils/nnet_batchnorm_stream.h:68)        | Not implemented                                                  |
| ARRAY_PARTITION | variable=threshold_hi complete                                                  | in normalize_ternary_tanh (firmware/nnet_utils/nnet_batchnorm_stream.h:86)       | Not implemented                                                  |
| ARRAY_PARTITION | variable=threshold_lo complete                                                  | in normalize_ternary_tanh (firmware/nnet_utils/nnet_batchnorm_stream.h:87)       | Not implemented                                                  |
| UNROLL          |                                                                                 | in normalize_ternary_tanh (firmware/nnet_utils/nnet_batchnorm_stream.h:99)       | Not implemented                                                  |
| ARRAY_PARTITION | variable=data_buf complete dim=0                                                | in conv_1d_latency_cl (firmware/nnet_utils/nnet_conv1d_latency.h:19)             | Not implemented                                                  |
| ARRAY_PARTITION | variable=mult complete                                                          | in conv_1d_latency_cl (firmware/nnet_utils/nnet_conv1d_latency.h:22)             | Not implemented                                                  |
| ARRAY_PARTITION | variable=acc complete                                                           | in conv_1d_latency_cl (firmware/nnet_utils/nnet_conv1d_latency.h:25)             | Not implemented                                                  |
| ARRAY_PARTITION | variable=weights complete                                                       | in conv_1d_latency_cl (firmware/nnet_utils/nnet_conv1d_latency.h:27)             | Not implemented                                                  |
| ARRAY_PARTITION | variable=biases complete                                                        | in conv_1d_latency_cl (firmware/nnet_utils/nnet_conv1d_latency.h:28)             | Not implemented                                                  |
| UNROLL          |                                                                                 | in conv_1d_latency_cl (firmware/nnet_utils/nnet_conv1d_latency.h:41)             | Not implemented                                                  |
| UNROLL          |                                                                                 | in conv_1d_latency_cl (firmware/nnet_utils/nnet_conv1d_latency.h:48)             | Not implemented                                                  |
| UNROLL          |                                                                                 | in conv_1d_latency_cl (firmware/nnet_utils/nnet_conv1d_latency.h:52)             | Not implemented                                                  |
| UNROLL          |                                                                                 | in conv_1d_latency_cl (firmware/nnet_utils/nnet_conv1d_latency.h:62)             | Not implemented                                                  |
| UNROLL          |                                                                                 | in conv_1d_latency_cl (firmware/nnet_utils/nnet_conv1d_latency.h:69)             | Not implemented                                                  |
| UNROLL          |                                                                                 | in conv_1d_latency_cl (firmware/nnet_utils/nnet_conv1d_latency.h:72)             | Not implemented                                                  |
| UNROLL          |                                                                                 | in conv_1d_latency_cl (firmware/nnet_utils/nnet_conv1d_latency.h:80)             | Not implemented                                                  |
| ARRAY_PARTITION | variable=mult complete dim=0                                                    | in pointwise_conv_1d_latency_cl (firmware/nnet_utils/nnet_conv1d_latency.h:98)   | Not implemented                                                  |
| ARRAY_PARTITION | variable=acc complete dim=0                                                     | in pointwise_conv_1d_latency_cl (firmware/nnet_utils/nnet_conv1d_latency.h:99)   | Not implemented                                                  |
| ARRAY_PARTITION | variable=weights complete dim=0                                                 | in pointwise_conv_1d_latency_cl (firmware/nnet_utils/nnet_conv1d_latency.h:106)  | Not implemented                                                  |
| ARRAY_PARTITION | variable=biases complete dim=0                                                  | in pointwise_conv_1d_latency_cl (firmware/nnet_utils/nnet_conv1d_latency.h:107)  | Not implemented                                                  |
| UNROLL          |                                                                                 | in pointwise_conv_1d_latency_cl (firmware/nnet_utils/nnet_conv1d_latency.h:119)  | Not implemented                                                  |
| UNROLL          |                                                                                 | in pointwise_conv_1d_latency_cl (firmware/nnet_utils/nnet_conv1d_latency.h:138)  | Not implemented                                                  |
| UNROLL          |                                                                                 | in pointwise_conv_1d_latency_cl (firmware/nnet_utils/nnet_conv1d_latency.h:160)  | Not implemented                                                  |
| INLINE          | recursive                                                                       | in conv_2d_cl (firmware/nnet_utils/nnet_conv2d.h:51)                             | Not implemented                                                  |
| INLINE          | recursive                                                                       | in pointwise_conv_2d_cl (firmware/nnet_utils/nnet_conv2d.h:73)                   | Not implemented                                                  |
| ARRAY_PARTITION | variable=data_buf complete dim=0                                                | in conv_2d_latency_cl (firmware/nnet_utils/nnet_conv2d_latency.h:20)             | Not implemented                                                  |
| ARRAY_PARTITION | variable=mult complete                                                          | in conv_2d_latency_cl (firmware/nnet_utils/nnet_conv2d_latency.h:23)             | Not implemented                                                  |
| ARRAY_PARTITION | variable=acc complete                                                           | in conv_2d_latency_cl (firmware/nnet_utils/nnet_conv2d_latency.h:26)             | Not implemented                                                  |
| ARRAY_PARTITION | variable=weights complete                                                       | in conv_2d_latency_cl (firmware/nnet_utils/nnet_conv2d_latency.h:28)             | Not implemented                                                  |
| ARRAY_PARTITION | variable=biases complete                                                        | in conv_2d_latency_cl (firmware/nnet_utils/nnet_conv2d_latency.h:29)             | Not implemented                                                  |
| UNROLL          |                                                                                 | in conv_2d_latency_cl (firmware/nnet_utils/nnet_conv2d_latency.h:42)             | Not implemented                                                  |
| UNROLL          |                                                                                 | in conv_2d_latency_cl (firmware/nnet_utils/nnet_conv2d_latency.h:49)             | Not implemented                                                  |
| UNROLL          |                                                                                 | in conv_2d_latency_cl (firmware/nnet_utils/nnet_conv2d_latency.h:53)             | Not implemented                                                  |
| UNROLL          |                                                                                 | in conv_2d_latency_cl (firmware/nnet_utils/nnet_conv2d_latency.h:63)             | Not implemented                                                  |
| UNROLL          |                                                                                 | in conv_2d_latency_cl (firmware/nnet_utils/nnet_conv2d_latency.h:70)             | Not implemented                                                  |
| UNROLL          |                                                                                 | in conv_2d_latency_cl (firmware/nnet_utils/nnet_conv2d_latency.h:73)             | Not implemented                                                  |
| UNROLL          |                                                                                 | in conv_2d_latency_cl (firmware/nnet_utils/nnet_conv2d_latency.h:81)             | Not implemented                                                  |
| ARRAY_PARTITION | variable=data_buf complete dim=0                                                | in conv_2d_resource_cl (firmware/nnet_utils/nnet_conv2d_resource.h:33)           | Not implemented                                                  |
| ARRAY_PARTITION | variable=biases complete                                                        | in conv_2d_resource_cl (firmware/nnet_utils/nnet_conv2d_resource.h:35)           | Not implemented                                                  |
| ARRAY_PARTITION | variable=acc complete dim=0                                                     | in conv_2d_resource_cl (firmware/nnet_utils/nnet_conv2d_resource.h:38)           | Not implemented                                                  |
| UNROLL          |                                                                                 | in conv_2d_resource_cl (firmware/nnet_utils/nnet_conv2d_resource.h:48)           | Not implemented                                                  |
| UNROLL          |                                                                                 | in conv_2d_resource_cl (firmware/nnet_utils/nnet_conv2d_resource.h:52)           | Not implemented                                                  |
| UNROLL          |                                                                                 | in conv_2d_resource_cl (firmware/nnet_utils/nnet_conv2d_resource.h:67)           | Not implemented                                                  |
| UNROLL          |                                                                                 | in conv_2d_resource_cl (firmware/nnet_utils/nnet_conv2d_resource.h:71)           | Not implemented                                                  |
| UNROLL          |                                                                                 | in conv_2d_resource_cl (firmware/nnet_utils/nnet_conv2d_resource.h:95)           | Not implemented                                                  |
| UNROLL          |                                                                                 | in conv_2d_resource_cl (firmware/nnet_utils/nnet_conv2d_resource.h:99)           | Not implemented                                                  |
| ARRAY_PARTITION | variable = line_buffer complete dim = 2                                         | in conv_2d_buffer_latency_cl (firmware/nnet_utils/nnet_conv2d_stream.h:22)       | Not implemented                                                  |
| LOOP_FLATTEN    |                                                                                 | in conv_2d_buffer_latency_cl (firmware/nnet_utils/nnet_conv2d_stream.h:28)       | Not implemented                                                  |
| INLINE          | recursive                                                                       | in conv_2d_cl (firmware/nnet_utils/nnet_conv2d_stream.h:74)                      | Not implemented                                                  |
| INLINE          |                                                                                 | in scale_index_k_gte_s (firmware/nnet_utils/nnet_conv_stream.h:17)               | Not implemented                                                  |
| INLINE          |                                                                                 | in scale_index_k_lt_s (firmware/nnet_utils/nnet_conv_stream.h:38)                | Not implemented                                                  |
| INLINE          |                                                                                 | in scale_index (firmware/nnet_utils/nnet_conv_stream.h:61)                       | Not implemented                                                  |
| INLINE          |                                                                                 | in scale_index (firmware/nnet_utils/nnet_conv_stream.h:74)                       | Not implemented                                                  |
| INLINE          |                                                                                 | in mult_buffer (firmware/nnet_utils/nnet_conv_stream.h:84)                       | Not implemented                                                  |
| ARRAY_PARTITION | variable = data complete                                                        | in mult_buffer (firmware/nnet_utils/nnet_conv_stream.h:87)                       | Not implemented                                                  |
| ARRAY_PARTITION | variable = res complete                                                         | in mult_buffer (firmware/nnet_utils/nnet_conv_stream.h:89)                       | Not implemented                                                  |
| UNROLL          |                                                                                 | in mult_buffer (firmware/nnet_utils/nnet_conv_stream.h:93)                       | Not implemented                                                  |
| INLINE          | recursive                                                                       | in mult_buffer (firmware/nnet_utils/nnet_conv_stream.h:97)                       | Not implemented                                                  |
| UNROLL          |                                                                                 | in mult_buffer (firmware/nnet_utils/nnet_conv_stream.h:103)                      | Not implemented                                                  |
| INLINE          |                                                                                 | in compute_output_encoded (firmware/nnet_utils/nnet_conv_stream.h:129)           | Not implemented                                                  |
| UNROLL          |                                                                                 | in compute_output_encoded (firmware/nnet_utils/nnet_conv_stream.h:136)           | Not implemented                                                  |
| UNROLL          |                                                                                 | in compute_output_encoded (firmware/nnet_utils/nnet_conv_stream.h:139)           | Not implemented                                                  |
| INLINE          |                                                                                 | in kernel_shift_1d (firmware/nnet_utils/nnet_conv_stream.h:156)                  | Not implemented                                                  |
| UNROLL          |                                                                                 | in kernel_shift_1d (firmware/nnet_utils/nnet_conv_stream.h:165)                  | Not implemented                                                  |
| UNROLL          |                                                                                 | in kernel_shift_1d (firmware/nnet_utils/nnet_conv_stream.h:175)                  | Not implemented                                                  |
| UNROLL          |                                                                                 | in kernel_shift_2d (firmware/nnet_utils/nnet_conv_stream.h:206)                  | Not implemented                                                  |
| ARRAY_PARTITION | variable = shift_buffer complete dim = 0                                        | in shift_line_buffer (firmware/nnet_utils/nnet_conv_stream.h:225)                | Not implemented                                                  |
| UNROLL          |                                                                                 | in shift_line_buffer (firmware/nnet_utils/nnet_conv_stream.h:229)                | Not implemented                                                  |
| UNROLL          |                                                                                 | in shift_line_buffer (firmware/nnet_utils/nnet_conv_stream.h:240)                | Not implemented                                                  |
| INLINE          | OFF                                                                             | in compute_output_buffer_1d (firmware/nnet_utils/nnet_conv_stream.h:328)         | Not implemented                                                  |
| ARRAY_PARTITION | variable = kernel_data complete                                                 | in compute_output_buffer_1d (firmware/nnet_utils/nnet_conv_stream.h:338)         | Not implemented                                                  |
| ARRAY_PARTITION | variable = res_out complete dim = 0                                             | in compute_output_buffer_1d (firmware/nnet_utils/nnet_conv_stream.h:341)         | Not implemented                                                  |
| UNROLL          |                                                                                 | in compute_output_buffer_1d (firmware/nnet_utils/nnet_conv_stream.h:360)         | Not implemented                                                  |
| INLINE          |                                                                                 | in dense (firmware/nnet_utils/nnet_dense.h:44)                                   | Not implemented                                                  |
| INLINE          |                                                                                 | in dense (firmware/nnet_utils/nnet_dense.h:53)                                   | Not implemented                                                  |
| INLINE          |                                                                                 | in dense (firmware/nnet_utils/nnet_dense.h:64)                                   | Not implemented                                                  |
| UNROLL          |                                                                                 | in fill_mult (firmware/nnet_utils/nnet_dense_compressed.h:15)                    | Not implemented                                                  |
| ARRAY_PARTITION | variable=acc complete                                                           | in dense_compressed (firmware/nnet_utils/nnet_dense_compressed.h:29)             | Not implemented                                                  |
| ARRAY_PARTITION | variable=biases complete                                                        | in dense_compressed (firmware/nnet_utils/nnet_dense_compressed.h:30)             | Not implemented                                                  |
| ARRAY_RESHAPE   | variable=weights block factor=multiplier_limit                                  | in dense_compressed (firmware/nnet_utils/nnet_dense_compressed.h:31)             | Not implemented                                                  |
| AGGREGATE       | variable=weights                                                                | in dense_compressed (firmware/nnet_utils/nnet_dense_compressed.h:34)             | Not implemented                                                  |
| UNROLL          |                                                                                 | in dense_compressed (firmware/nnet_utils/nnet_dense_compressed.h:41)             | Not implemented                                                  |
| ARRAY_PARTITION | variable=mult complete                                                          | in dense_compressed (firmware/nnet_utils/nnet_dense_compressed.h:52)             | Not implemented                                                  |
| UNROLL          |                                                                                 | in dense_compressed (firmware/nnet_utils/nnet_dense_compressed.h:56)             | Not implemented                                                  |
| UNROLL          |                                                                                 | in dense_compressed (firmware/nnet_utils/nnet_dense_compressed.h:62)             | Not implemented                                                  |
| UNROLL          |                                                                                 | in dense_compressed (firmware/nnet_utils/nnet_dense_compressed.h:82)             | Not implemented                                                  |
| ARRAY_PARTITION | variable=biases complete                                                        | in dense_latency (firmware/nnet_utils/nnet_dense_latency.h:29)                   | Not implemented                                                  |
| ARRAY_PARTITION | variable=mult complete                                                          | in dense_latency (firmware/nnet_utils/nnet_dense_latency.h:30)                   | Not implemented                                                  |
| ARRAY_PARTITION | variable=acc complete                                                           | in dense_latency (firmware/nnet_utils/nnet_dense_latency.h:31)                   | Not implemented                                                  |
| ARRAY_RESHAPE   | variable=weights block factor=block_factor                                      | in dense_resource_rf_leq_nin (firmware/nnet_utils/nnet_dense_resource.h:29)      | Not implemented                                                  |
| ARRAY_PARTITION | variable=biases complete                                                        | in dense_resource_rf_leq_nin (firmware/nnet_utils/nnet_dense_resource.h:30)      | Not implemented                                                  |
| ARRAY_PARTITION | variable=acc complete                                                           | in dense_resource_rf_leq_nin (firmware/nnet_utils/nnet_dense_resource.h:37)      | Not implemented                                                  |
| UNROLL          |                                                                                 | in dense_resource_rf_leq_nin (firmware/nnet_utils/nnet_dense_resource.h:41)      | Not implemented                                                  |
| UNROLL          |                                                                                 | in dense_resource_rf_leq_nin (firmware/nnet_utils/nnet_dense_resource.h:56)      | Not implemented                                                  |
| UNROLL          |                                                                                 | in dense_resource_rf_leq_nin (firmware/nnet_utils/nnet_dense_resource.h:81)      | Not implemented                                                  |
| ARRAY_RESHAPE   | variable=weights block factor=block_factor                                      | in dense_resource_rf_gt_nin_rem0 (firmware/nnet_utils/nnet_dense_resource.h:103) | Not implemented                                                  |
| ARRAY_PARTITION | variable=biases complete                                                        | in dense_resource_rf_gt_nin_rem0 (firmware/nnet_utils/nnet_dense_resource.h:104) | Not implemented                                                  |
| UNROLL          |                                                                                 | in dense_resource_rf_gt_nin_rem0 (firmware/nnet_utils/nnet_dense_resource.h:143) | Not implemented                                                  |
| ARRAY_RESHAPE   | variable=weights block factor=block_factor                                      | in dense_resource_rf_gt_nin (firmware/nnet_utils/nnet_dense_resource.h:185)      | Not implemented                                                  |
| ARRAY_PARTITION | variable=biases complete                                                        | in dense_resource_rf_gt_nin (firmware/nnet_utils/nnet_dense_resource.h:186)      | Not implemented                                                  |
| ARRAY_PARTITION | variable=acc complete                                                           | in dense_resource_rf_gt_nin (firmware/nnet_utils/nnet_dense_resource.h:193)      | Not implemented                                                  |
| UNROLL          |                                                                                 | in dense_resource_rf_gt_nin (firmware/nnet_utils/nnet_dense_resource.h:197)      | Not implemented                                                  |
| ARRAY_PARTITION | variable=tmpmult complete                                                       | in dense_resource_rf_gt_nin (firmware/nnet_utils/nnet_dense_resource.h:205)      | Not implemented                                                  |
| UNROLL          |                                                                                 | in dense_resource_rf_gt_nin (firmware/nnet_utils/nnet_dense_resource.h:209)      | Not implemented                                                  |
| ARRAY_PARTITION | variable=mult complete                                                          | in dense_resource_rf_gt_nin (firmware/nnet_utils/nnet_dense_resource.h:219)      | Not implemented                                                  |
| UNROLL          |                                                                                 | in dense_resource_rf_gt_nin (firmware/nnet_utils/nnet_dense_resource.h:223)      | Not implemented                                                  |
| UNROLL          |                                                                                 | in dense_resource_rf_gt_nin (firmware/nnet_utils/nnet_dense_resource.h:229)      | Not implemented                                                  |
| UNROLL          |                                                                                 | in dense_resource_rf_gt_nin (firmware/nnet_utils/nnet_dense_resource.h:239)      | Not implemented                                                  |
| UNROLL          |                                                                                 | in dense_resource_rf_gt_nin (firmware/nnet_utils/nnet_dense_resource.h:249)      | Not implemented                                                  |
| UNROLL          |                                                                                 | in data_prepare (firmware/nnet_utils/nnet_dense_stream.h:38)                     | Not implemented                                                  |
| UNROLL          |                                                                                 | in res_write (firmware/nnet_utils/nnet_dense_stream.h:64)                        | Not implemented                                                  |
| INLINE          | recursive                                                                       | in dense (firmware/nnet_utils/nnet_dense_stream.h:85)                            | Not implemented                                                  |
| INLINE          |                                                                                 | in bit_shift (firmware/nnet_utils/nnet_function_stubs.h:59)                      | Not implemented                                                  |
| INLINE          |                                                                                 | in bit_shift (firmware/nnet_utils/nnet_function_stubs.h:66)                      | Not implemented                                                  |
| INLINE          |                                                                                 | in bit_shift (firmware/nnet_utils/nnet_function_stubs.h:73)                      | Not implemented                                                  |
| INLINE          |                                                                                 | in bit_shift (firmware/nnet_utils/nnet_function_stubs.h:80)                      | Not implemented                                                  |
| INLINE          |                                                                                 | in product (firmware/nnet_utils/nnet_mult.h:25)                                  | Not implemented                                                  |
| INLINE          |                                                                                 | in product (firmware/nnet_utils/nnet_mult.h:34)                                  | Not implemented                                                  |
| INLINE          |                                                                                 | in product (firmware/nnet_utils/nnet_mult.h:46)                                  | Not implemented                                                  |
| INLINE          |                                                                                 | in product (firmware/nnet_utils/nnet_mult.h:58)                                  | Not implemented                                                  |
| INLINE          |                                                                                 | in product (firmware/nnet_utils/nnet_mult.h:82)                                  | Not implemented                                                  |
| ARRAY_PARTITION | variable=pool complete dim=0                                                    | in pooling1d_cl (firmware/nnet_utils/nnet_pooling.h:102)                         | Not implemented                                                  |
| ARRAY_PARTITION | variable=pool complete dim=0                                                    | in global_pooling1d_cl (firmware/nnet_utils/nnet_pooling.h:134)                  | Not implemented                                                  |
| ARRAY_PARTITION | variable=pool complete dim=0                                                    | in pooling2d_cl (firmware/nnet_utils/nnet_pooling.h:196)                         | Not implemented                                                  |
| ARRAY_PARTITION | variable=pool complete dim=0                                                    | in pooling2d_cf (firmware/nnet_utils/nnet_pooling.h:250)                         | Not implemented                                                  |
| ARRAY_PARTITION | variable=pool_window complete                                                   | in compute_pool_buffer_2d (firmware/nnet_utils/nnet_pooling_stream.h:43)         | Not implemented                                                  |
| INLINE          | recursive                                                                       | in pooling2d_cl (firmware/nnet_utils/nnet_pooling_stream.h:100)                  | Not implemented                                                  |
| INLINE          |                                                                                 | in compute_pool_buffer_1d (firmware/nnet_utils/nnet_pooling_stream.h:125)        | Not implemented                                                  |
| ARRAY_PARTITION | variable=pool_window complete                                                   | in compute_pool_buffer_1d (firmware/nnet_utils/nnet_pooling_stream.h:132)        | Not implemented                                                  |
| ARRAY_PARTITION | variable = kernel_data complete dim = 0                                         | in compute_pool_buffer_1d (firmware/nnet_utils/nnet_pooling_stream.h:135)        | Not implemented                                                  |
| INLINE          | recursive                                                                       | in pooling1d_cl (firmware/nnet_utils/nnet_pooling_stream.h:182)                  | Not implemented                                                  |
| INLINE          |                                                                                 | in reduce_global_pool (firmware/nnet_utils/nnet_pooling_stream.h:196)            | Not implemented                                                  |
| UNROLL          |                                                                                 | in compute_global_pool (firmware/nnet_utils/nnet_pooling_stream.h:212)           | Not implemented                                                  |
| ARRAY_PARTITION | variable=data_pack complete dim=0                                               | in compute_global_pool (firmware/nnet_utils/nnet_pooling_stream.h:215)           | Not implemented                                                  |
| UNROLL          |                                                                                 | in compute_global_pool (firmware/nnet_utils/nnet_pooling_stream.h:219)           | Not implemented                                                  |
| ARRAY_PARTITION | variable=data_window complete                                                   | in global_pooling2d_cl (firmware/nnet_utils/nnet_pooling_stream.h:233)           | Not implemented                                                  |
| UNROLL          |                                                                                 | in global_pooling2d_cl (firmware/nnet_utils/nnet_pooling_stream.h:242)           | Not implemented                                                  |
| LOOP_FLATTEN    |                                                                                 | in global_pooling2d_cl (firmware/nnet_utils/nnet_pooling_stream.h:250)           | Not implemented                                                  |
| UNROLL          |                                                                                 | in global_pooling2d_cl (firmware/nnet_utils/nnet_pooling_stream.h:264)           | Not implemented                                                  |
| UNROLL          |                                                                                 | in global_pooling2d_cl (firmware/nnet_utils/nnet_pooling_stream.h:278)           | Not implemented                                                  |
| ARRAY_PARTITION | variable=data_window complete                                                   | in global_pooling1d_cl (firmware/nnet_utils/nnet_pooling_stream.h:292)           | Not implemented                                                  |
| UNROLL          |                                                                                 | in global_pooling1d_cl (firmware/nnet_utils/nnet_pooling_stream.h:301)           | Not implemented                                                  |
| LOOP_FLATTEN    |                                                                                 | in global_pooling1d_cl (firmware/nnet_utils/nnet_pooling_stream.h:307)           | Not implemented                                                  |
| UNROLL          |                                                                                 | in global_pooling1d_cl (firmware/nnet_utils/nnet_pooling_stream.h:320)           | Not implemented                                                  |
| UNROLL          |                                                                                 | in global_pooling1d_cl (firmware/nnet_utils/nnet_pooling_stream.h:334)           | Not implemented                                                  |
| UNROLL          |                                                                                 | in clone_stream (firmware/nnet_utils/nnet_stream.h:33)                           | Not implemented                                                  |
| UNROLL          |                                                                                 | in clone_stream (firmware/nnet_utils/nnet_stream.h:59)                           | Not implemented                                                  |
| UNROLL          |                                                                                 | in clone_stream (firmware/nnet_utils/nnet_stream.h:90)                           | Not implemented                                                  |
| UNROLL          |                                                                                 | in clone_stream (firmware/nnet_utils/nnet_stream.h:125)                          | Not implemented                                                  |
| UNROLL          |                                                                                 | in clone_stream (firmware/nnet_utils/nnet_stream.h:164)                          | Not implemented                                                  |
| UNROLL          |                                                                                 | in clone_stream (firmware/nnet_utils/nnet_stream.h:207)                          | Not implemented                                                  |
| UNROLL          |                                                                                 | in repack_stream (firmware/nnet_utils/nnet_stream.h:237)                         | Not implemented                                                  |
| UNROLL          |                                                                                 | in repack_stream (firmware/nnet_utils/nnet_stream.h:259)                         | Not implemented                                                  |
| UNROLL          |                                                                                 | in repack_stream (firmware/nnet_utils/nnet_stream.h:274)                         | Not implemented                                                  |
| UNROLL          |                                                                                 | in broadcast_stream_1x1xc (firmware/nnet_utils/nnet_stream.h:302)                | Not implemented                                                  |
| UNROLL          |                                                                                 | in broadcast_stream_hxwx1 (firmware/nnet_utils/nnet_stream.h:321)                | Not implemented                                                  |
| UNROLL          |                                                                                 | in transpose (firmware/nnet_utils/nnet_transpose.h:31)                           | Not implemented                                                  |
| ARRAY_PARTITION | variable=data_array complete                                                    | in transpose (firmware/nnet_utils/nnet_transpose_stream.h:14)                    | Not implemented                                                  |
| UNROLL          |                                                                                 | in transpose (firmware/nnet_utils/nnet_transpose_stream.h:20)                    | Not implemented                                                  |
| UNROLL          |                                                                                 | in transpose (firmware/nnet_utils/nnet_transpose_stream.h:30)                    | Not implemented                                                  |
| UNROLL          |                                                                                 | in transpose (firmware/nnet_utils/nnet_transpose_stream.h:49)                    | Not implemented                                                  |
| UNROLL          |                                                                                 | in transpose (firmware/nnet_utils/nnet_transpose_stream.h:59)                    | Not implemented                                                  |
| UNROLL          |                                                                                 | in operator= (firmware/nnet_utils/nnet_types.h:28)                               | Not implemented                                                  |
+-----------------+---------------------------------------------------------------------------------+----------------------------------------------------------------------------------+------------------------------------------------------------------+

* Pragmas with Warnings
+----------+-----------------------------------+----------------------------------------------------------------------------------+-------------------------------------------------------------------------------------------------------------------------------------------------------------------------------------------------------------------------------------------------------------------------------------------------------------------------------------+
| Type     | Options                           | Location                                                                         | Messages                                                                                                                                                                                                                                                                                                                            |
+----------+-----------------------------------+----------------------------------------------------------------------------------+-------------------------------------------------------------------------------------------------------------------------------------------------------------------------------------------------------------------------------------------------------------------------------------------------------------------------------------+
| PIPELINE | II = 1                            | in kernel_shift_2d (firmware/nnet_utils/nnet_conv_stream.h:190)                  | Pipeline directive for loop 'KernelShiftWidth' (firmware/nnet_utils/nnet_conv_stream.h:189:5) in function 'nnet::pooling2d_cl<nnet::array<ap_fixed<16, 6, (ap_q_mode)5, (ap_o_mode)3, 0>, 8u>, nnet::array<ap_fixed<16, 6, (ap_q_mode)5, (ap_o_mode)3, 0>, 8u>, config16>' has been removed because the loop is unrolled completely |
|          |                                   |                                                                                  | Pipeline directive for loop 'KernelShiftWidth' (firmware/nnet_utils/nnet_conv_stream.h:189:5) in function 'nnet::shift_line_buffer<nnet::array<ap_fixed<16, 6, (ap_q_mode)5, (ap_o_mode)3, 0>, 4u>, config28>' has been removed because the loop is unrolled completely                                                             |
|          |                                   |                                                                                  | Pipeline directive for loop 'KernelShiftWidth' (firmware/nnet_utils/nnet_conv_stream.h:189:5) in function 'nnet::pooling2d_cl<nnet::array<ap_fixed<16, 6, (ap_q_mode)5, (ap_o_mode)3, 0>, 4u>, nnet::array<ap_fixed<16, 6, (ap_q_mode)5, (ap_o_mode)3, 0>, 4u>, config13>' has been removed because the loop is unrolled completely |
|          |                                   |                                                                                  | Pipeline directive for loop 'KernelShiftWidth' (firmware/nnet_utils/nnet_conv_stream.h:189:5) in function 'nnet::shift_line_buffer<nnet::array<ap_fixed<16, 6, (ap_q_mode)5, (ap_o_mode)3, 0>, 1u>, config27>' has been removed because the loop is unrolled completely                                                             |
| RESOURCE | variable=weights core=ROM_nP_BRAM | in dense_resource_rf_leq_nin (firmware/nnet_utils/nnet_dense_resource.h:33)      | 'Resource pragma' is deprecated, use 'bind_op/bind_storage pragma' instead                                                                                                                                                                                                                                                          |
| RESOURCE | variable=weights core=ROM_nP_BRAM | in dense_resource_rf_gt_nin_rem0 (firmware/nnet_utils/nnet_dense_resource.h:107) | 'Resource pragma' is deprecated, use 'bind_op/bind_storage pragma' instead                                                                                                                                                                                                                                                          |
| RESOURCE | variable=weights core=ROM_nP_BRAM | in dense_resource_rf_gt_nin (firmware/nnet_utils/nnet_dense_resource.h:189)      | 'Resource pragma' is deprecated, use 'bind_op/bind_storage pragma' instead                                                                                                                                                                                                                                                          |
| PIPELINE |                                   | in compute_pool_buffer_2d (firmware/nnet_utils/nnet_pooling_stream.h:58)         | Pipeline directive for loop 'FiltLoop' (firmware/nnet_utils/nnet_pooling_stream.h:57:9) in function 'nnet::pooling2d_cl<nnet::array<ap_fixed<16, 6, (ap_q_mode)5, (ap_o_mode)3, 0>, 8u>, nnet::array<ap_fixed<16, 6, (ap_q_mode)5, (ap_o_mode)3, 0>, 8u>, config16>' has been removed because the loop is unrolled completely       |
|          |                                   |                                                                                  | Pipeline directive for loop 'FiltLoop' (firmware/nnet_utils/nnet_pooling_stream.h:57:9) in function 'nnet::pooling2d_cl<nnet::array<ap_fixed<16, 6, (ap_q_mode)5, (ap_o_mode)3, 0>, 4u>, nnet::array<ap_fixed<16, 6, (ap_q_mode)5, (ap_o_mode)3, 0>, 4u>, config13>' has been removed because the loop is unrolled completely       |
+----------+-----------------------------------+----------------------------------------------------------------------------------+-------------------------------------------------------------------------------------------------------------------------------------------------------------------------------------------------------------------------------------------------------------------------------------------------------------------------------------+

* Implemented Pragmas
+-----------------+-------------------------------------------------------------------------------------------------------------------------------------------------------------------------------------------------------------------------------------------------------------------------------------------------------------------------------------------------------------------------------------------------------------------------------------------------------------------------------------------------------------------------------------------------------------------+--------------------------------------------------------------------------------------------------------------------------------------------------------------------------------------------------------------------------------------------------------------------+
| Type            | Options                                                                                                                                                                                                                                                                                                                                                                                                                                                                                                                                                           | Location                                                                                                                                                                                                                                                           |
+-----------------+-------------------------------------------------------------------------------------------------------------------------------------------------------------------------------------------------------------------------------------------------------------------------------------------------------------------------------------------------------------------------------------------------------------------------------------------------------------------------------------------------------------------------------------------------------------------+--------------------------------------------------------------------------------------------------------------------------------------------------------------------------------------------------------------------------------------------------------------------+
| DATAFLOW        |                                                                                                                                                                                                                                                                                                                                                                                                                                                                                                                                                                   | in myproject (firmware/myproject.cpp:14)                                                                                                                                                                                                                           |
| STREAM          | variable=layer10_out type=fifo depth=784                                                                                                                                                                                                                                                                                                                                                                                                                                                                                                                          | in myproject (firmware/myproject.cpp:41)                                                                                                                                                                                                                           |
| STREAM          | variable=layer27_out type=fifo depth=676                                                                                                                                                                                                                                                                                                                                                                                                                                                                                                                          | in myproject (firmware/myproject.cpp:44)                                                                                                                                                                                                                           |
| STREAM          | variable=layer12_out type=fifo depth=676                                                                                                                                                                                                                                                                                                                                                                                                                                                                                                                          | in myproject (firmware/myproject.cpp:47)                                                                                                                                                                                                                           |
| STREAM          | variable=layer13_out type=fifo depth=169                                                                                                                                                                                                                                                                                                                                                                                                                                                                                                                          | in myproject (firmware/myproject.cpp:50)                                                                                                                                                                                                                           |
| STREAM          | variable=layer28_out type=fifo depth=121                                                                                                                                                                                                                                                                                                                                                                                                                                                                                                                          | in myproject (firmware/myproject.cpp:53)                                                                                                                                                                                                                           |
| STREAM          | variable=layer15_out type=fifo depth=121                                                                                                                                                                                                                                                                                                                                                                                                                                                                                                                          | in myproject (firmware/myproject.cpp:56)                                                                                                                                                                                                                           |
| STREAM          | variable=layer16_out type=fifo depth=25                                                                                                                                                                                                                                                                                                                                                                                                                                                                                                                           | in myproject (firmware/myproject.cpp:59)                                                                                                                                                                                                                           |
| STREAM          | variable=layer25_out type=fifo depth=1                                                                                                                                                                                                                                                                                                                                                                                                                                                                                                                            | in myproject (firmware/myproject.cpp:63)                                                                                                                                                                                                                           |
| STREAM          | variable=layer23_out type=fifo depth=1                                                                                                                                                                                                                                                                                                                                                                                                                                                                                                                            | in myproject (firmware/myproject.cpp:66)                                                                                                                                                                                                                           |
| STREAM          | variable=layer20_out type=fifo depth=1                                                                                                                                                                                                                                                                                                                                                                                                                                                                                                                            | in myproject (firmware/myproject.cpp:69)                                                                                                                                                                                                                           |
| STREAM          | variable=layer26_out type=fifo depth=1                                                                                                                                                                                                                                                                                                                                                                                                                                                                                                                            | in myproject (firmware/myproject.cpp:72)                                                                                                                                                                                                                           |
| INLINE          |                                                                                                                                                                                                                                                                                                                                                                                                                                                                                                                                                                   | in _zn4nnet6reducei8ap_fixedili16eli6el9ap_q_mode5el9ap_o_mode3eli0eeli4ens_6op_maxis4_eeeet_pks7_t1_.21 (firmware/nnet_utils/nnet_common.h:37)                                                                                                                    |
| INLINE          |                                                                                                                                                                                                                                                                                                                                                                                                                                                                                                                                                                   | in _zn4nnet6op_maxi8ap_fixedili16eli6el9ap_q_mode5el9ap_o_mode3eli0eeecles4_s4_.22 (firmware/nnet_utils/nnet_common.h:66)                                                                                                                                          |
| INLINE          |                                                                                                                                                                                                                                                                                                                                                                                                                                                                                                                                                                   | in _zn4nnet26conv_2d_buffer_resource_clins_5arrayi8ap_fixedili16eli6el9ap_q_mode5el9ap_o_mode3eli0eelj4eeens1_is5_lj8eee8config28eevrn3hls6streamit_li0eeernsa_it0_li0eeepnt1_8weight_tepnsh_6bias_te.30 (firmware/nnet_utils/nnet_conv2d_stream.h:44)             |
| AGGREGATE       | variable=_ZZN4nnet26conv_2d_buffer_resource_clINS_5arrayI8ap_fixedILi16ELi6EL9ap_q_mode5EL9ap_o_mode3ELi0EELj4EEENS1_IS5_Lj8EEE8config28EEvRN3hls6streamIT_Li0EEERNSA_IT0_Li0EEEPNT1_8weight_tEPNSH_6bias_tEE11line_buffer_1_3 compact=bit                                                                                                                                                                                                                                                                                                                        | in nnet::conv_2d_cl<nnet::array<ap_fixed<16, 6, (ap_q_mode)5, (ap_o_mode)3, 0>, 4u>, nnet::array<ap_fixed<16, 6, (ap_q_mode)5, (ap_o_mode)3, 0>, 8u>, config28> (firmware/nnet_utils/nnet_conv2d_stream.h:47)                                                      |
| ARRAY_PARTITION | dim=2 type=complete variable=void nnet::conv_2d_buffer_resource_cl<nnet::array<ap_fixed<16, 6, (ap_q_mode)5, (ap_o_mode)3, 0>, 4u>, nnet::array<ap_fixed<16, 6, (ap_q_mode)5, (ap_o_mode)3, 0>, 8u>, config28>(hls::stream<nnet::array<ap_fixed<16, 6, (ap_q_mode)5, (ap_o_mode)3, 0>, 4u>, 0>&, hls::stream<nnet::array<ap_fixed<16, 6, (ap_q_mode)5, (ap_o_mode)3, 0>, 8u>, 0>&, config28::weight_t*, config28::bias_t*)::line_buffer                                                                                                                           | in nnet::conv_2d_cl<nnet::array<ap_fixed<16, 6, (ap_q_mode)5, (ap_o_mode)3, 0>, 4u>, nnet::array<ap_fixed<16, 6, (ap_q_mode)5, (ap_o_mode)3, 0>, 8u>, config28> (firmware/nnet_utils/nnet_conv2d_stream.h:49)                                                      |
| LOOP_FLATTEN    |                                                                                                                                                                                                                                                                                                                                                                                                                                                                                                                                                                   | in nnet::conv_2d_cl<nnet::array<ap_fixed<16, 6, (ap_q_mode)5, (ap_o_mode)3, 0>, 1u>, nnet::array<ap_fixed<16, 6, (ap_q_mode)5, (ap_o_mode)3, 0>, 4u>, config27> (firmware/nnet_utils/nnet_conv2d_stream.h:55)                                                      |
| INLINE          |                                                                                                                                                                                                                                                                                                                                                                                                                                                                                                                                                                   | in _zn4nnet15kernel_shift_2dins_5arrayi8ap_fixedili16eli6el9ap_q_mode5el9ap_o_mode3eli0eelj8eee8config16eevpasrt0_6n_chan_nt_10value_typeepsa_.26 (firmware/nnet_utils/nnet_conv_stream.h:184)                                                                     |
| INLINE          |                                                                                                                                                                                                                                                                                                                                                                                                                                                                                                                                                                   | in _zn4nnet17shift_line_bufferins_5arrayi8ap_fixedili16eli6el9ap_q_mode5el9ap_o_mode3eli0eelj8eee8config16eevrkt_pasrt0_6n_chan_12ap_shift_regins8_10value_typeexsrsb_8in_widtheepsd_.25 (firmware/nnet_utils/nnet_conv_stream.h:219)                              |
| INLINE          | off                                                                                                                                                                                                                                                                                                                                                                                                                                                                                                                                                               | in nnet::compute_output_buffer_2d<nnet::array<ap_fixed<16, 6, (ap_q_mode)5, (ap_o_mode)3, 0>, 4u>, nnet::array<ap_fixed<16, 6, (ap_q_mode)5, (ap_o_mode)3, 0>, 8u>, config28> (firmware/nnet_utils/nnet_conv_stream.h:258)                                         |
| ARRAY_PARTITION | dim=1 type=complete variable=void nnet::compute_output_buffer_2d<nnet::array<ap_fixed<16, 6, (ap_q_mode)5, (ap_o_mode)3, 0>, 1u>, nnet::array<ap_fixed<16, 6, (ap_q_mode)5, (ap_o_mode)3, 0>, 4u>, config27>(nnet::array<ap_fixed<16, 6, (ap_q_mode)5, (ap_o_mode)3, 0>, 1u> const&, ap_shift_reg<nnet::array<ap_fixed<16, 6, (ap_q_mode)5, (ap_o_mode)3, 0>, 1u>::value_type, config27::in_width> (*) [config27::n_chan], hls::stream<nnet::array<ap_fixed<16, 6, (ap_q_mode)5, (ap_o_mode)3, 0>, 4u>, 0>&, config27::weight_t*, config27::bias_t*)::kernel_data | in nnet::compute_output_buffer_2d<nnet::array<ap_fixed<16, 6, (ap_q_mode)5, (ap_o_mode)3, 0>, 1u>, nnet::array<ap_fixed<16, 6, (ap_q_mode)5, (ap_o_mode)3, 0>, 4u>, config27> (firmware/nnet_utils/nnet_conv_stream.h:272)                                         |
| ARRAY_PARTITION | dim=0 type=complete variable=res_out                                                                                                                                                                                                                                                                                                                                                                                                                                                                                                                              | in nnet::compute_output_buffer_2d<nnet::array<ap_fixed<16, 6, (ap_q_mode)5, (ap_o_mode)3, 0>, 4u>, nnet::array<ap_fixed<16, 6, (ap_q_mode)5, (ap_o_mode)3, 0>, 8u>, config28> (firmware/nnet_utils/nnet_conv_stream.h:275)                                         |
| UNROLL          |                                                                                                                                                                                                                                                                                                                                                                                                                                                                                                                                                                   | in nnet::compute_output_buffer_2d<nnet::array<ap_fixed<16, 6, (ap_q_mode)5, (ap_o_mode)3, 0>, 1u>, nnet::array<ap_fixed<16, 6, (ap_q_mode)5, (ap_o_mode)3, 0>, 4u>, config27> (firmware/nnet_utils/nnet_conv_stream.h:294)                                         |
| INLINE          |                                                                                                                                                                                                                                                                                                                                                                                                                                                                                                                                                                   | in _zn4nnet28denseresource_rf_gt_nin_rem0i8ap_fixedili16eli6el9ap_q_mode5el9ap_o_mode3eli0ees4_13config28_multe5denseeps4_s7_s7_s7_ (firmware/nnet_utils/nnet_dense.h:75)                                                                                          |
| ARRAY_PARTITION | dim=1 type=complete variable=acc                                                                                                                                                                                                                                                                                                                                                                                                                                                                                                                                  | in nnet::dense_resource_rf_gt_nin_rem0<ap_fixed<16, 6, (ap_q_mode)5, (ap_o_mode)3, 0>, ap_fixed<16, 6, (ap_q_mode)5, (ap_o_mode)3, 0>, config26> (firmware/nnet_utils/nnet_dense_resource.h:111)                                                                   |
| UNROLL          |                                                                                                                                                                                                                                                                                                                                                                                                                                                                                                                                                                   | in nnet::dense_resource_rf_gt_nin_rem0<ap_fixed<16, 6, (ap_q_mode)5, (ap_o_mode)3, 0>, ap_fixed<16, 6, (ap_q_mode)5, (ap_o_mode)3, 0>, config27_mult> (firmware/nnet_utils/nnet_dense_resource.h:115)                                                              |
| UNROLL          |                                                                                                                                                                                                                                                                                                                                                                                                                                                                                                                                                                   | in nnet::dense_resource_rf_gt_nin_rem0<ap_fixed<16, 6, (ap_q_mode)5, (ap_o_mode)3, 0>, ap_fixed<16, 6, (ap_q_mode)5, (ap_o_mode)3, 0>, config27_mult> (firmware/nnet_utils/nnet_dense_resource.h:163)                                                              |
| INLINE          |                                                                                                                                                                                                                                                                                                                                                                                                                                                                                                                                                                   | in _zn4nnet14dense_resourcei8ap_fixedili16eli6el9ap_q_mode5el9ap_o_mode3eli0ees4_8config26eevpt_pt0_pnt1_8weight_tepnsa_6bias_te.5 (firmware/nnet_utils/nnet_dense_resource.h:259)                                                                                 |
| INLINE          |                                                                                                                                                                                                                                                                                                                                                                                                                                                                                                                                                                   | in _zn4nnet22dense_resource_wrapperi8ap_fixedili16eli6el9ap_q_mode5el9ap_o_mode3eli0ees4_8config26eevpt_pt0_pnt1_8weight_tepnsa_6bias_te.4 (firmware/nnet_utils/nnet_dense_stream.h:23)                                                                            |
| INLINE          |                                                                                                                                                                                                                                                                                                                                                                                                                                                                                                                                                                   | in _zn4nnet12data_prepareins_5arrayi8ap_fixedili16eli6el9ap_q_mode5el9ap_o_mode3eli0eelj24eee8config26eevrn3hls6streamit_li0eeepnsa_10value_typee.6 (firmware/nnet_utils/nnet_dense_stream.h:29)                                                                   |
| UNROLL          |                                                                                                                                                                                                                                                                                                                                                                                                                                                                                                                                                                   | in nnet::dense<nnet::array<ap_fixed<16, 6, (ap_q_mode)5, (ap_o_mode)3, 0>, 24u>, nnet::array<ap_fixed<16, 6, (ap_q_mode)5, (ap_o_mode)3, 0>, 47u>, config26> (firmware/nnet_utils/nnet_dense_stream.h:46)                                                          |
| INLINE          |                                                                                                                                                                                                                                                                                                                                                                                                                                                                                                                                                                   | in _zn4nnet9res_writeins_5arrayi8ap_fixedili16eli6el9ap_q_mode5el9ap_o_mode3eli0eelj47eee8config26eevpnt_10value_typeern3hls6streamis8_li0eee.1 (firmware/nnet_utils/nnet_dense_stream.h:54)                                                                       |
| UNROLL          |                                                                                                                                                                                                                                                                                                                                                                                                                                                                                                                                                                   | in nnet::dense<nnet::array<ap_fixed<16, 6, (ap_q_mode)5, (ap_o_mode)3, 0>, 8u>, nnet::array<ap_fixed<16, 6, (ap_q_mode)5, (ap_o_mode)3, 0>, 24u>, config25> (firmware/nnet_utils/nnet_dense_stream.h:74)                                                           |
| ARRAY_PARTITION | dim=1 type=complete variable=data                                                                                                                                                                                                                                                                                                                                                                                                                                                                                                                                 | in nnet::dense<nnet::array<ap_fixed<16, 6, (ap_q_mode)5, (ap_o_mode)3, 0>, 24u>, nnet::array<ap_fixed<16, 6, (ap_q_mode)5, (ap_o_mode)3, 0>, 47u>, config26> (firmware/nnet_utils/nnet_dense_stream.h:88)                                                          |
| ARRAY_PARTITION | dim=1 type=complete variable=res                                                                                                                                                                                                                                                                                                                                                                                                                                                                                                                                  | in nnet::dense<nnet::array<ap_fixed<16, 6, (ap_q_mode)5, (ap_o_mode)3, 0>, 24u>, nnet::array<ap_fixed<16, 6, (ap_q_mode)5, (ap_o_mode)3, 0>, 47u>, config26> (firmware/nnet_utils/nnet_dense_stream.h:91)                                                          |
| INLINE          |                                                                                                                                                                                                                                                                                                                                                                                                                                                                                                                                                                   | in _zn4nnet7product4multi8ap_fixedili16eli6el9ap_q_mode5el9ap_o_mode3eli0ee7ap_uintili1eee7productes5_s7_ (firmware/nnet_utils/nnet_mult.h:72)                                                                                                                     |
| INLINE          |                                                                                                                                                                                                                                                                                                                                                                                                                                                                                                                                                                   | in _zn4nnet11reduce_pooli8ap_fixedili16eli6el9ap_q_mode5el9ap_o_mode3eli0eeli4e8config16eet_ps6_.20 (firmware/nnet_utils/nnet_pooling_stream.h:18)                                                                                                                 |
| INLINE          |                                                                                                                                                                                                                                                                                                                                                                                                                                                                                                                                                                   | in _zn4nnet22compute_pool_buffer_2dins_5arrayi8ap_fixedili16eli6el9ap_q_mode5el9ap_o_mode3eli0eelj8eees6_8config16eevrkt_pasrt1_6n_filt_12ap_shift_regins8_10value_typeexsrsb_8in_widtheern3hls6streamit0_li0eee.18 (firmware/nnet_utils/nnet_pooling_stream.h:34) |
| ARRAY_PARTITION | dim=0 type=complete variable=void nnet::compute_pool_buffer_2d<nnet::array<ap_fixed<16, 6, (ap_q_mode)5, (ap_o_mode)3, 0>, 4u>, nnet::array<ap_fixed<16, 6, (ap_q_mode)5, (ap_o_mode)3, 0>, 4u>, config13>(nnet::array<ap_fixed<16, 6, (ap_q_mode)5, (ap_o_mode)3, 0>, 4u> const&, ap_shift_reg<nnet::array<ap_fixed<16, 6, (ap_q_mode)5, (ap_o_mode)3, 0>, 4u>::value_type, config13::in_width> (*) [config13::n_filt], hls::stream<nnet::array<ap_fixed<16, 6, (ap_q_mode)5, (ap_o_mode)3, 0>, 4u>, 0>&)::kernel_data                                           | in nnet::pooling2d_cl<nnet::array<ap_fixed<16, 6, (ap_q_mode)5, (ap_o_mode)3, 0>, 4u>, nnet::array<ap_fixed<16, 6, (ap_q_mode)5, (ap_o_mode)3, 0>, 4u>, config13> (firmware/nnet_utils/nnet_pooling_stream.h:46)                                                   |
| LOOP_FLATTEN    |                                                                                                                                                                                                                                                                                                                                                                                                                                                                                                                                                                   | in nnet::pooling2d_cl<nnet::array<ap_fixed<16, 6, (ap_q_mode)5, (ap_o_mode)3, 0>, 4u>, nnet::array<ap_fixed<16, 6, (ap_q_mode)5, (ap_o_mode)3, 0>, 4u>, config13> (firmware/nnet_utils/nnet_pooling_stream.h:112)                                                  |
| ARRAY_PARTITION | dim=1 type=complete variable=data_array                                                                                                                                                                                                                                                                                                                                                                                                                                                                                                                           | in nnet::transpose<nnet::array<ap_fixed<16, 6, (ap_q_mode)5, (ap_o_mode)3, 0>, 28u>, nnet::array<ap_fixed<16, 6, (ap_q_mode)5, (ap_o_mode)3, 0>, 1u>, config10> (firmware/nnet_utils/nnet_transpose_stream.h:43)                                                   |
| INLINE          |                                                                                                                                                                                                                                                                                                                                                                                                                                                                                                                                                                   | in _zn4nnet5arrayi8ap_fixedili16eli6el9ap_q_mode5el9ap_o_mode3eli0eelj47eeixem.3 (firmware/nnet_utils/nnet_types.h:17)                                                                                                                                             |
| INLINE          |                                                                                                                                                                                                                                                                                                                                                                                                                                                                                                                                                                   | in _znk4nnet5arrayi8ap_fixedili16eli6el9ap_q_mode5el9ap_o_mode3eli0eelj8eeixem.28 (firmware/nnet_utils/nnet_types.h:19)                                                                                                                                            |
+-----------------+-------------------------------------------------------------------------------------------------------------------------------------------------------------------------------------------------------------------------------------------------------------------------------------------------------------------------------------------------------------------------------------------------------------------------------------------------------------------------------------------------------------------------------------------------------------------+--------------------------------------------------------------------------------------------------------------------------------------------------------------------------------------------------------------------------------------------------------------------+

* Valid Pragma Syntax
+----------------------+---------------------------------------------------------------------------------------------------------------------------------------------+----------------------------------------------------------------------------------+
| Type                 | Options                                                                                                                                     | Location                                                                         |
+----------------------+---------------------------------------------------------------------------------------------------------------------------------------------+----------------------------------------------------------------------------------+
| INTERFACE            | axis port=global_in,layer24_out                                                                                                             | in myproject (firmware/myproject.cpp:13)                                         |
| DATAFLOW             |                                                                                                                                             | in myproject (firmware/myproject.cpp:14)                                         |
| STREAM               | variable=layer10_out depth=784                                                                                                              | in myproject (firmware/myproject.cpp:41)                                         |
| STREAM               | variable=layer27_out depth=676                                                                                                              | in myproject (firmware/myproject.cpp:44)                                         |
| STREAM               | variable=layer12_out depth=676                                                                                                              | in myproject (firmware/myproject.cpp:47)                                         |
| STREAM               | variable=layer13_out depth=169                                                                                                              | in myproject (firmware/myproject.cpp:50)                                         |
| STREAM               | variable=layer28_out depth=121                                                                                                              | in myproject (firmware/myproject.cpp:53)                                         |
| STREAM               | variable=layer15_out depth=121                                                                                                              | in myproject (firmware/myproject.cpp:56)                                         |
| STREAM               | variable=layer16_out depth=25                                                                                                               | in myproject (firmware/myproject.cpp:59)                                         |
| STREAM               | variable=layer25_out depth=1                                                                                                                | in myproject (firmware/myproject.cpp:63)                                         |
| STREAM               | variable=layer23_out depth=1                                                                                                                | in myproject (firmware/myproject.cpp:66)                                         |
| STREAM               | variable=layer20_out depth=1                                                                                                                | in myproject (firmware/myproject.cpp:69)                                         |
| STREAM               | variable=layer26_out depth=1                                                                                                                | in myproject (firmware/myproject.cpp:72)                                         |
| PIPELINE             |                                                                                                                                             | in linear (firmware/nnet_utils/nnet_activation.h:29)                             |
| PIPELINE             |                                                                                                                                             | in relu (firmware/nnet_utils/nnet_activation.h:40)                               |
| PIPELINE             |                                                                                                                                             | in relu_max (firmware/nnet_utils/nnet_activation.h:54)                           |
| PIPELINE             |                                                                                                                                             | in sigmoid (firmware/nnet_utils/nnet_activation.h:109)                           |
| PIPELINE             |                                                                                                                                             | in softmax_latency (firmware/nnet_utils/nnet_activation.h:176)                   |
| PIPELINE             |                                                                                                                                             | in softmax_stable (firmware/nnet_utils/nnet_activation.h:221)                    |
| PIPELINE             |                                                                                                                                             | in softmax_legacy (firmware/nnet_utils/nnet_activation.h:317)                    |
| PIPELINE             |                                                                                                                                             | in softmax_argmax (firmware/nnet_utils/nnet_activation.h:370)                    |
| PIPELINE             |                                                                                                                                             | in tanh (firmware/nnet_utils/nnet_activation.h:452)                              |
| FUNCTION_INSTANTIATE | variable=table                                                                                                                              | in unary_lut (firmware/nnet_utils/nnet_activation.h:481)                         |
| PIPELINE             |                                                                                                                                             | in hard_sigmoid (firmware/nnet_utils/nnet_activation.h:496)                      |
| PIPELINE             |                                                                                                                                             | in hard_tanh (firmware/nnet_utils/nnet_activation.h:511)                         |
| PIPELINE             |                                                                                                                                             | in leaky_relu (firmware/nnet_utils/nnet_activation.h:529)                        |
| PIPELINE             |                                                                                                                                             | in thresholded_relu (firmware/nnet_utils/nnet_activation.h:546)                  |
| PIPELINE             |                                                                                                                                             | in softplus (firmware/nnet_utils/nnet_activation.h:591)                          |
| PIPELINE             |                                                                                                                                             | in softsign (firmware/nnet_utils/nnet_activation.h:640)                          |
| PIPELINE             |                                                                                                                                             | in elu (firmware/nnet_utils/nnet_activation.h:689)                               |
| PIPELINE             |                                                                                                                                             | in selu (firmware/nnet_utils/nnet_activation.h:748)                              |
| PIPELINE             |                                                                                                                                             | in prelu (firmware/nnet_utils/nnet_activation.h:776)                             |
| PIPELINE             |                                                                                                                                             | in binary_tanh (firmware/nnet_utils/nnet_activation.h:804)                       |
| PIPELINE             |                                                                                                                                             | in ternary_tanh (firmware/nnet_utils/nnet_activation.h:824)                      |
| PIPELINE             |                                                                                                                                             | in linear (firmware/nnet_utils/nnet_activation_stream.h:20)                      |
| PIPELINE             |                                                                                                                                             | in relu (firmware/nnet_utils/nnet_activation_stream.h:42)                        |
| PIPELINE             |                                                                                                                                             | in sigmoid (firmware/nnet_utils/nnet_activation_stream.h:81)                     |
| PIPELINE             | ii=ii                                                                                                                                       | in softmax_latency (firmware/nnet_utils/nnet_activation_stream.h:137)            |
| ALLOCATION           | operation instances=mul limit=multiplier_limit                                                                                              | in softmax_latency (firmware/nnet_utils/nnet_activation_stream.h:161)            |
| PIPELINE             | ii=ii                                                                                                                                       | in softmax_stable (firmware/nnet_utils/nnet_activation_stream.h:196)             |
| ALLOCATION           | operation instances=mul limit=multiplier_limit                                                                                              | in softmax_stable (firmware/nnet_utils/nnet_activation_stream.h:240)             |
| PIPELINE             |                                                                                                                                             | in softmax_legacy (firmware/nnet_utils/nnet_activation_stream.h:272)             |
| PIPELINE             |                                                                                                                                             | in softmax_argmax (firmware/nnet_utils/nnet_activation_stream.h:326)             |
| PIPELINE             |                                                                                                                                             | in softmax_argmax (firmware/nnet_utils/nnet_activation_stream.h:339)             |
| PIPELINE             |                                                                                                                                             | in tanh (firmware/nnet_utils/nnet_activation_stream.h:390)                       |
| FUNCTION_INSTANTIATE | variable=table                                                                                                                              | in unary_lut (firmware/nnet_utils/nnet_activation_stream.h:418)                  |
| PIPELINE             | ii=CONFIG_T::reuse_factor rewind                                                                                                            | in unary_lut (firmware/nnet_utils/nnet_activation_stream.h:423)                  |
| PIPELINE             |                                                                                                                                             | in hard_sigmoid (firmware/nnet_utils/nnet_activation_stream.h:449)               |
| PIPELINE             |                                                                                                                                             | in hard_tanh (firmware/nnet_utils/nnet_activation_stream.h:474)                  |
| PIPELINE             |                                                                                                                                             | in leaky_relu (firmware/nnet_utils/nnet_activation_stream.h:503)                 |
| PIPELINE             |                                                                                                                                             | in thresholded_relu (firmware/nnet_utils/nnet_activation_stream.h:529)           |
| PIPELINE             |                                                                                                                                             | in softplus (firmware/nnet_utils/nnet_activation_stream.h:568)                   |
| PIPELINE             |                                                                                                                                             | in softsign (firmware/nnet_utils/nnet_activation_stream.h:609)                   |
| PIPELINE             |                                                                                                                                             | in elu (firmware/nnet_utils/nnet_activation_stream.h:650)                        |
| PIPELINE             |                                                                                                                                             | in selu (firmware/nnet_utils/nnet_activation_stream.h:698)                       |
| PIPELINE             |                                                                                                                                             | in prelu (firmware/nnet_utils/nnet_activation_stream.h:730)                      |
| PIPELINE             |                                                                                                                                             | in binary_tanh (firmware/nnet_utils/nnet_activation_stream.h:756)                |
| PIPELINE             |                                                                                                                                             | in ternary_tanh (firmware/nnet_utils/nnet_activation_stream.h:784)               |
| FUNCTION_INSTANTIATE | variable=scale,bias                                                                                                                         | in normalize (firmware/nnet_utils/nnet_batchnorm.h:37)                           |
| PIPELINE             | ii=CONFIG_T::reuse_factor                                                                                                                   | in normalize (firmware/nnet_utils/nnet_batchnorm.h:42)                           |
| ALLOCATION           | operation instances=mul limit=CONFIG_T::multiplier_limit                                                                                    | in normalize (firmware/nnet_utils/nnet_batchnorm.h:48)                           |
| PIPELINE             |                                                                                                                                             | in normalize_binary_tanh (firmware/nnet_utils/nnet_batchnorm.h:83)               |
| PIPELINE             |                                                                                                                                             | in normalize_ternary_tanh (firmware/nnet_utils/nnet_batchnorm.h:103)             |
| ALLOCATION           | operation instances=mul limit=CONFIG_T::multiplier_limit                                                                                    | in normalize (firmware/nnet_utils/nnet_batchnorm_stream.h:22)                    |
| PIPELINE             | ii=ii                                                                                                                                       | in normalize (firmware/nnet_utils/nnet_batchnorm_stream.h:26)                    |
| PIPELINE             |                                                                                                                                             | in normalize_binary_tanh (firmware/nnet_utils/nnet_batchnorm_stream.h:60)        |
| PIPELINE             |                                                                                                                                             | in normalize_ternary_tanh (firmware/nnet_utils/nnet_batchnorm_stream.h:91)       |
| ALLOCATION           | operation instances=mul limit=CONFIG_T::mult_config::multiplier_limit                                                                       | in conv_1d_latency_cl (firmware/nnet_utils/nnet_conv1d_latency.h:31)             |
| PIPELINE             | ii=CONFIG_T::reuse_factor rewind                                                                                                            | in conv_1d_latency_cl (firmware/nnet_utils/nnet_conv1d_latency.h:35)             |
| FUNCTION_INSTANTIATE | variable=weights,biases                                                                                                                     | in pointwise_conv_1d_latency_cl (firmware/nnet_utils/nnet_conv1d_latency.h:102)  |
| PIPELINE             | ii=CONFIG_T::reuse_factor                                                                                                                   | in pointwise_conv_1d_latency_cl (firmware/nnet_utils/nnet_conv1d_latency.h:105)  |
| ALLOCATION           | operation instances=mul limit=CONFIG_T::mult_config::multiplier_limit                                                                       | in pointwise_conv_1d_latency_cl (firmware/nnet_utils/nnet_conv1d_latency.h:110)  |
| ALLOCATION           | operation instances=mul limit=CONFIG_T::mult_config::multiplier_limit                                                                       | in conv_2d_latency_cl (firmware/nnet_utils/nnet_conv2d_latency.h:32)             |
| PIPELINE             | ii=CONFIG_T::reuse_factor rewind                                                                                                            | in conv_2d_latency_cl (firmware/nnet_utils/nnet_conv2d_latency.h:36)             |
| PIPELINE             | ii=1 rewind                                                                                                                                 | in conv_2d_resource_cl (firmware/nnet_utils/nnet_conv2d_resource.h:59)           |
| PIPELINE             | ii=CONFIG_T::reuse_factor                                                                                                                   | in conv_2d_buffer_latency_cl (firmware/nnet_utils/nnet_conv2d_stream.h:29)       |
| ARRAY_PARTITION      | variable = line_buffer complete dim = 2                                                                                                     | in conv_2d_buffer_resource_cl (firmware/nnet_utils/nnet_conv2d_stream.h:49)      |
| LOOP_FLATTEN         |                                                                                                                                             | in conv_2d_buffer_resource_cl (firmware/nnet_utils/nnet_conv2d_stream.h:55)      |
| PIPELINE             | II = CONFIG_T::reuse_factor                                                                                                                 | in compute_output_encoded (firmware/nnet_utils/nnet_conv_stream.h:133)           |
| PIPELINE             | II = 1                                                                                                                                      | in kernel_shift_1d (firmware/nnet_utils/nnet_conv_stream.h:162)                  |
| INLINE               |                                                                                                                                             | in kernel_shift_2d (firmware/nnet_utils/nnet_conv_stream.h:184)                  |
| PIPELINE             |                                                                                                                                             | in shift_line_buffer (firmware/nnet_utils/nnet_conv_stream.h:221)                |
| INLINE               | OFF                                                                                                                                         | in compute_output_buffer_2d (firmware/nnet_utils/nnet_conv_stream.h:258)         |
| ARRAY_PARTITION      | variable = kernel_data complete                                                                                                             | in compute_output_buffer_2d (firmware/nnet_utils/nnet_conv_stream.h:272)         |
| ARRAY_PARTITION      | variable = res_out complete dim = 0                                                                                                         | in compute_output_buffer_2d (firmware/nnet_utils/nnet_conv_stream.h:275)         |
| UNROLL               |                                                                                                                                             | in compute_output_buffer_2d (firmware/nnet_utils/nnet_conv_stream.h:294)         |
| INLINE               |                                                                                                                                             | in dense (firmware/nnet_utils/nnet_dense.h:75)                                   |
| PIPELINE             | ii=1 rewind                                                                                                                                 | in dense_compressed (firmware/nnet_utils/nnet_dense_compressed.h:49)             |
| FUNCTION_INSTANTIATE | variable=weights,biases                                                                                                                     | in dense_latency (firmware/nnet_utils/nnet_dense_latency.h:21)                   |
| PIPELINE             | ii=CONFIG_T::reuse_factor                                                                                                                   | in dense_latency (firmware/nnet_utils/nnet_dense_latency.h:26)                   |
| ALLOCATION           | operation instances=mul limit=CONFIG_T::multiplier_limit                                                                                    | in dense_latency (firmware/nnet_utils/nnet_dense_latency.h:33)                   |
| FUNCTION_INSTANTIATE | variable=weights,biases                                                                                                                     | in dense_resource_rf_leq_nin (firmware/nnet_utils/nnet_dense_resource.h:28)      |
| PIPELINE             | ii=1 rewind                                                                                                                                 | in dense_resource_rf_leq_nin (firmware/nnet_utils/nnet_dense_resource.h:47)      |
| FUNCTION_INSTANTIATE | variable=weights,biases                                                                                                                     | in dense_resource_rf_gt_nin_rem0 (firmware/nnet_utils/nnet_dense_resource.h:102) |
| ARRAY_PARTITION      | variable=acc complete                                                                                                                       | in dense_resource_rf_gt_nin_rem0 (firmware/nnet_utils/nnet_dense_resource.h:111) |
| UNROLL               |                                                                                                                                             | in dense_resource_rf_gt_nin_rem0 (firmware/nnet_utils/nnet_dense_resource.h:115) |
| PIPELINE             | ii=1 rewind                                                                                                                                 | in dense_resource_rf_gt_nin_rem0 (firmware/nnet_utils/nnet_dense_resource.h:136) |
| UNROLL               |                                                                                                                                             | in dense_resource_rf_gt_nin_rem0 (firmware/nnet_utils/nnet_dense_resource.h:163) |
| FUNCTION_INSTANTIATE | variable=weights,biases                                                                                                                     | in dense_resource_rf_gt_nin (firmware/nnet_utils/nnet_dense_resource.h:184)      |
| PIPELINE             | ii=1 rewind                                                                                                                                 | in dense_resource_rf_gt_nin (firmware/nnet_utils/nnet_dense_resource.h:203)      |
| INLINE               | recursive                                                                                                                                   | in dense_resource (firmware/nnet_utils/nnet_dense_resource.h:259)                |
| PIPELINE             | ii=CONFIG_T::reuse_factor                                                                                                                   | in dense_latency_wrapper (firmware/nnet_utils/nnet_dense_stream.h:16)            |
| INLINE               |                                                                                                                                             | in data_prepare (firmware/nnet_utils/nnet_dense_stream.h:29)                     |
| PIPELINE             |                                                                                                                                             | in data_prepare (firmware/nnet_utils/nnet_dense_stream.h:34)                     |
| UNROLL               |                                                                                                                                             | in data_prepare (firmware/nnet_utils/nnet_dense_stream.h:46)                     |
| INLINE               |                                                                                                                                             | in res_write (firmware/nnet_utils/nnet_dense_stream.h:54)                        |
| PIPELINE             |                                                                                                                                             | in res_write (firmware/nnet_utils/nnet_dense_stream.h:59)                        |
| UNROLL               |                                                                                                                                             | in res_write (firmware/nnet_utils/nnet_dense_stream.h:74)                        |
| ARRAY_PARTITION      | variable=data complete                                                                                                                      | in dense (firmware/nnet_utils/nnet_dense_stream.h:88)                            |
| ARRAY_PARTITION      | variable=res complete                                                                                                                       | in dense (firmware/nnet_utils/nnet_dense_stream.h:91)                            |
| INLINE               |                                                                                                                                             | in product (firmware/nnet_utils/nnet_mult.h:72)                                  |
| PIPELINE             | ii=CONFIG_T::reuse_factor                                                                                                                   | in pooling1d_cl (firmware/nnet_utils/nnet_pooling.h:84)                          |
| ALLOCATION           | function instances=pool_op<data_T, CONFIG_T::pool_width, CONFIG_T::pool_op, typename CONFIG_T::accum_t> limit=limit                         | in pooling1d_cl (firmware/nnet_utils/nnet_pooling.h:88)                          |
| PIPELINE             | ii=CONFIG_T::reuse_factor                                                                                                                   | in global_pooling1d_cl (firmware/nnet_utils/nnet_pooling.h:122)                  |
| ALLOCATION           | function instances=pool_op<data_T, CONFIG_T::pool_width, CONFIG_T::pool_op, typename CONFIG_T::accum_t> limit=limit                         | in global_pooling1d_cl (firmware/nnet_utils/nnet_pooling.h:129)                  |
| PIPELINE             | ii=CONFIG_T::reuse_factor                                                                                                                   | in pooling2d_cl (firmware/nnet_utils/nnet_pooling.h:176)                         |
| ALLOCATION           | function instances=pool_op<data_T, CONFIG_T::pool_height*CONFIG_T::pool_width, CONFIG_T::pool_op, typename CONFIG_T::accum_t> limit=limit   | in pooling2d_cl (firmware/nnet_utils/nnet_pooling.h:180)                         |
| PIPELINE             | ii=CONFIG_T::reuse_factor                                                                                                                   | in pooling2d_cf (firmware/nnet_utils/nnet_pooling.h:232)                         |
| ALLOCATION           | function instances=pool_op<data_T, CONFIG_T::pool_height*CONFIG_T::pool_width, CONFIG_T::pool_op, typename CONFIG_T::accum_t> limit=limit   | in pooling2d_cf (firmware/nnet_utils/nnet_pooling.h:236)                         |
| PIPELINE             | ii=CONFIG_T::reuse_factor                                                                                                                   | in global_pooling2d_cl (firmware/nnet_utils/nnet_pooling.h:298)                  |
| ALLOCATION           | function instances=pool_op<data_T, CONFIG_T::pool_width * CONFIG_T::pool_height, CONFIG_T::pool_op, typename CONFIG_T::accum_t> limit=limit | in global_pooling2d_cl (firmware/nnet_utils/nnet_pooling.h:301)                  |
| INLINE               |                                                                                                                                             | in reduce_pool (firmware/nnet_utils/nnet_pooling_stream.h:18)                    |
| INLINE               |                                                                                                                                             | in compute_pool_buffer_2d (firmware/nnet_utils/nnet_pooling_stream.h:34)         |
| ARRAY_PARTITION      | variable = kernel_data complete dim = 0                                                                                                     | in compute_pool_buffer_2d (firmware/nnet_utils/nnet_pooling_stream.h:46)         |
| ARRAY_PARTITION      | variable = line_buffer complete dim = 2                                                                                                     | in pooling2d_cl (firmware/nnet_utils/nnet_pooling_stream.h:106)                  |
| LOOP_FLATTEN         |                                                                                                                                             | in pooling2d_cl (firmware/nnet_utils/nnet_pooling_stream.h:112)                  |
| PIPELINE             |                                                                                                                                             | in pooling2d_cl (firmware/nnet_utils/nnet_pooling_stream.h:113)                  |
| PIPELINE             |                                                                                                                                             | in compute_pool_buffer_1d (firmware/nnet_utils/nnet_pooling_stream.h:148)        |
| PIPELINE             |                                                                                                                                             | in pooling1d_cl (firmware/nnet_utils/nnet_pooling_stream.h:186)                  |
| PIPELINE             |                                                                                                                                             | in global_pooling2d_cl (firmware/nnet_utils/nnet_pooling_stream.h:258)           |
| PIPELINE             |                                                                                                                                             | in global_pooling2d_cl (firmware/nnet_utils/nnet_pooling_stream.h:272)           |
| PIPELINE             |                                                                                                                                             | in global_pooling1d_cl (firmware/nnet_utils/nnet_pooling_stream.h:314)           |
| PIPELINE             |                                                                                                                                             | in global_pooling1d_cl (firmware/nnet_utils/nnet_pooling_stream.h:328)           |
| PIPELINE             |                                                                                                                                             | in clone_stream (firmware/nnet_utils/nnet_stream.h:23)                           |
| PIPELINE             |                                                                                                                                             | in clone_stream (firmware/nnet_utils/nnet_stream.h:47)                           |
| PIPELINE             |                                                                                                                                             | in clone_stream (firmware/nnet_utils/nnet_stream.h:76)                           |
| PIPELINE             |                                                                                                                                             | in clone_stream (firmware/nnet_utils/nnet_stream.h:109)                          |
| PIPELINE             |                                                                                                                                             | in clone_stream (firmware/nnet_utils/nnet_stream.h:146)                          |
| PIPELINE             |                                                                                                                                             | in clone_stream (firmware/nnet_utils/nnet_stream.h:187)                          |
| PIPELINE             |                                                                                                                                             | in repack_stream (firmware/nnet_utils/nnet_stream.h:230)                         |
| PIPELINE             |                                                                                                                                             | in repack_stream (firmware/nnet_utils/nnet_stream.h:247)                         |
| PIPELINE             |                                                                                                                                             | in repack_stream (firmware/nnet_utils/nnet_stream.h:255)                         |
| PIPELINE             |                                                                                                                                             | in repack_stream (firmware/nnet_utils/nnet_stream.h:270)                         |
| PIPELINE             |                                                                                                                                             | in broadcast_stream_1x1xc (firmware/nnet_utils/nnet_stream.h:295)                |
| PIPELINE             |                                                                                                                                             | in broadcast_stream_1x1xc (firmware/nnet_utils/nnet_stream.h:298)                |
| PIPELINE             |                                                                                                                                             | in broadcast_stream_hxwx1 (firmware/nnet_utils/nnet_stream.h:316)                |
| PIPELINE             |                                                                                                                                             | in transpose (firmware/nnet_utils/nnet_transpose_stream.h:17)                    |
| PIPELINE             |                                                                                                                                             | in transpose (firmware/nnet_utils/nnet_transpose_stream.h:26)                    |
| ARRAY_PARTITION      | variable=data_array complete                                                                                                                | in transpose (firmware/nnet_utils/nnet_transpose_stream.h:43)                    |
| PIPELINE             |                                                                                                                                             | in transpose (firmware/nnet_utils/nnet_transpose_stream.h:46)                    |
| PIPELINE             |                                                                                                                                             | in transpose (firmware/nnet_utils/nnet_transpose_stream.h:55)                    |
+----------------------+---------------------------------------------------------------------------------------------------------------------------------------------+----------------------------------------------------------------------------------+


