

================================================================
== Vitis HLS Report for 'dense_array_array_ap_fixed_16_6_5_3_0_24u_config25_Pipeline_DataPrepare'
================================================================
* Date:           Tue Oct  6 15:38:21 2026

* Version:        2026.1 (Build 6493734 on Jun 16 2026)
* Project:        myproject_prj
* Solution:       solution1
* Product family: artix7
* Target device:  xc7a35t-ftg256-1


================================================================
== Performance Estimates
================================================================
+ Timing: 
    * Summary: 
    +--------+---------+----------+------------+
    |  Clock |  Target | Estimated| Uncertainty|
    +--------+---------+----------+------------+
    |ap_clk  |  5.00 ns|  3.471 ns|     1.35 ns|
    +--------+---------+----------+------------+

+ Latency: 
    * Summary: 
    +---------+---------+----------+----------+-----+-----+-------------------+
    |  Latency (cycles) |  Latency (absolute) |  Interval |      Pipeline     |
    |   min   |   max   |    min   |    max   | min | max |        Type       |
    +---------+---------+----------+----------+-----+-----+-------------------+
    |       27|       27|  0.135 us|  0.135 us|    0|    0|  loop pipeline stp|
    +---------+---------+----------+----------+-----+-----+-------------------+

    + Detail: 
        * Instance: 
        N/A

        * Loop: 
        +---------------+---------+---------+----------+-----------+-----------+------+----------+
        |               |  Latency (cycles) | Iteration|  Initiation Interval  | Trip |          |
        |   Loop Name   |   min   |   max   |  Latency |  achieved |   target  | Count| Pipelined|
        +---------------+---------+---------+----------+-----------+-----------+------+----------+
        |- DataPrepare  |       25|       25|         2|          1|        N/A|    25|       yes|
        +---------------+---------+---------+----------+-----------+-----------+------+----------+

============================================================
+ Verbose Summary: Synthesis Manager
============================================================
InlineROM: 1
ExposeGlobal: 0
============================================================
+ Verbose Summary: CDFG Model
============================================================
IsTopModel: 0
ResetActiveHigh: 1
IsCombinational: 0
IsDatapathOnly: 0
HasWiredReturn: 1
HasMFsm: 2
HasVarLatency: 1
IsPipeline: 0
IsRtlPipelined: 0
IsInstanceOverlapped: 0
IsDontTouch: 0
HasImplIP: 0
IsGatedGlobalClock: 0

+ Individual pipeline summary: 
  * Pipeline-0: initiation interval (II) = 1, depth = 2


============================================================
+ Verbose Summary: Schedule
============================================================
* Number of FSM states : 2
* Pipeline : 1
  Pipeline-0 : II = 1, D = 2, States = { 1 2 }
* Dataflow Pipeline: 0

* FSM state transitions: 
1 --> 2 
2 --> 

* FSM state operations: 

State 1 <SV = 0> <Delay = 1.61>
ST_1 : Operation 5 [1/1] (0.00ns)   --->   "%i_in = alloca i32 1" [firmware/nnet_utils/nnet_dense_stream.h:33->firmware/nnet_utils/nnet_dense_stream.h:93]   --->   Operation 5 'alloca' 'i_in' <Predicate = true> <Delay = 0.00>
ST_1 : Operation 6 [1/1] (0.00ns)   --->   "%p_0_7_0_0_03992 = alloca i32 1"   --->   Operation 6 'alloca' 'p_0_7_0_0_03992' <Predicate = true> <Delay = 0.00>
ST_1 : Operation 7 [1/1] (0.00ns)   --->   "%p_0_6_0_0_03974 = alloca i32 1"   --->   Operation 7 'alloca' 'p_0_6_0_0_03974' <Predicate = true> <Delay = 0.00>
ST_1 : Operation 8 [1/1] (0.00ns)   --->   "%p_0_5_0_0_03956 = alloca i32 1"   --->   Operation 8 'alloca' 'p_0_5_0_0_03956' <Predicate = true> <Delay = 0.00>
ST_1 : Operation 9 [1/1] (0.00ns)   --->   "%p_0_4_0_0_03938 = alloca i32 1"   --->   Operation 9 'alloca' 'p_0_4_0_0_03938' <Predicate = true> <Delay = 0.00>
ST_1 : Operation 10 [1/1] (0.00ns)   --->   "%p_0_3_0_0_039110 = alloca i32 1"   --->   Operation 10 'alloca' 'p_0_3_0_0_039110' <Predicate = true> <Delay = 0.00>
ST_1 : Operation 11 [1/1] (0.00ns)   --->   "%p_0_2_0_0_038912 = alloca i32 1"   --->   Operation 11 'alloca' 'p_0_2_0_0_038912' <Predicate = true> <Delay = 0.00>
ST_1 : Operation 12 [1/1] (0.00ns)   --->   "%p_0_1_0_0_038714 = alloca i32 1"   --->   Operation 12 'alloca' 'p_0_1_0_0_038714' <Predicate = true> <Delay = 0.00>
ST_1 : Operation 13 [1/1] (0.00ns)   --->   "%p_0_0_0_0_038516 = alloca i32 1"   --->   Operation 13 'alloca' 'p_0_0_0_0_038516' <Predicate = true> <Delay = 0.00>
ST_1 : Operation 14 [1/1] (0.00ns)   --->   "%p_0_7_0_0_038318 = alloca i32 1"   --->   Operation 14 'alloca' 'p_0_7_0_0_038318' <Predicate = true> <Delay = 0.00>
ST_1 : Operation 15 [1/1] (0.00ns)   --->   "%p_0_6_0_0_038120 = alloca i32 1"   --->   Operation 15 'alloca' 'p_0_6_0_0_038120' <Predicate = true> <Delay = 0.00>
ST_1 : Operation 16 [1/1] (0.00ns)   --->   "%p_0_5_0_0_037922 = alloca i32 1"   --->   Operation 16 'alloca' 'p_0_5_0_0_037922' <Predicate = true> <Delay = 0.00>
ST_1 : Operation 17 [1/1] (0.00ns)   --->   "%p_0_4_0_0_037724 = alloca i32 1"   --->   Operation 17 'alloca' 'p_0_4_0_0_037724' <Predicate = true> <Delay = 0.00>
ST_1 : Operation 18 [1/1] (0.00ns)   --->   "%p_0_3_0_0_037526 = alloca i32 1"   --->   Operation 18 'alloca' 'p_0_3_0_0_037526' <Predicate = true> <Delay = 0.00>
ST_1 : Operation 19 [1/1] (0.00ns)   --->   "%p_0_2_0_0_037328 = alloca i32 1"   --->   Operation 19 'alloca' 'p_0_2_0_0_037328' <Predicate = true> <Delay = 0.00>
ST_1 : Operation 20 [1/1] (0.00ns)   --->   "%p_0_1_0_0_037130 = alloca i32 1"   --->   Operation 20 'alloca' 'p_0_1_0_0_037130' <Predicate = true> <Delay = 0.00>
ST_1 : Operation 21 [1/1] (0.00ns)   --->   "%p_0_0_0_0_036932 = alloca i32 1"   --->   Operation 21 'alloca' 'p_0_0_0_0_036932' <Predicate = true> <Delay = 0.00>
ST_1 : Operation 22 [1/1] (0.00ns)   --->   "%p_0_7_0_0_036734 = alloca i32 1"   --->   Operation 22 'alloca' 'p_0_7_0_0_036734' <Predicate = true> <Delay = 0.00>
ST_1 : Operation 23 [1/1] (0.00ns)   --->   "%p_0_6_0_0_036536 = alloca i32 1"   --->   Operation 23 'alloca' 'p_0_6_0_0_036536' <Predicate = true> <Delay = 0.00>
ST_1 : Operation 24 [1/1] (0.00ns)   --->   "%p_0_5_0_0_036338 = alloca i32 1"   --->   Operation 24 'alloca' 'p_0_5_0_0_036338' <Predicate = true> <Delay = 0.00>
ST_1 : Operation 25 [1/1] (0.00ns)   --->   "%p_0_4_0_0_036140 = alloca i32 1"   --->   Operation 25 'alloca' 'p_0_4_0_0_036140' <Predicate = true> <Delay = 0.00>
ST_1 : Operation 26 [1/1] (0.00ns)   --->   "%p_0_3_0_0_035942 = alloca i32 1"   --->   Operation 26 'alloca' 'p_0_3_0_0_035942' <Predicate = true> <Delay = 0.00>
ST_1 : Operation 27 [1/1] (0.00ns)   --->   "%p_0_2_0_0_035744 = alloca i32 1"   --->   Operation 27 'alloca' 'p_0_2_0_0_035744' <Predicate = true> <Delay = 0.00>
ST_1 : Operation 28 [1/1] (0.00ns)   --->   "%p_0_1_0_0_035546 = alloca i32 1"   --->   Operation 28 'alloca' 'p_0_1_0_0_035546' <Predicate = true> <Delay = 0.00>
ST_1 : Operation 29 [1/1] (0.00ns)   --->   "%p_0_0_0_0_035348 = alloca i32 1"   --->   Operation 29 'alloca' 'p_0_0_0_0_035348' <Predicate = true> <Delay = 0.00>
ST_1 : Operation 30 [1/1] (0.00ns)   --->   "%p_0_7_0_0_035150 = alloca i32 1"   --->   Operation 30 'alloca' 'p_0_7_0_0_035150' <Predicate = true> <Delay = 0.00>
ST_1 : Operation 31 [1/1] (0.00ns)   --->   "%p_0_6_0_0_034952 = alloca i32 1"   --->   Operation 31 'alloca' 'p_0_6_0_0_034952' <Predicate = true> <Delay = 0.00>
ST_1 : Operation 32 [1/1] (0.00ns)   --->   "%p_0_5_0_0_034754 = alloca i32 1"   --->   Operation 32 'alloca' 'p_0_5_0_0_034754' <Predicate = true> <Delay = 0.00>
ST_1 : Operation 33 [1/1] (0.00ns)   --->   "%p_0_4_0_0_034556 = alloca i32 1"   --->   Operation 33 'alloca' 'p_0_4_0_0_034556' <Predicate = true> <Delay = 0.00>
ST_1 : Operation 34 [1/1] (0.00ns)   --->   "%p_0_3_0_0_034358 = alloca i32 1"   --->   Operation 34 'alloca' 'p_0_3_0_0_034358' <Predicate = true> <Delay = 0.00>
ST_1 : Operation 35 [1/1] (0.00ns)   --->   "%p_0_2_0_0_034160 = alloca i32 1"   --->   Operation 35 'alloca' 'p_0_2_0_0_034160' <Predicate = true> <Delay = 0.00>
ST_1 : Operation 36 [1/1] (0.00ns)   --->   "%p_0_1_0_0_033962 = alloca i32 1"   --->   Operation 36 'alloca' 'p_0_1_0_0_033962' <Predicate = true> <Delay = 0.00>
ST_1 : Operation 37 [1/1] (0.00ns)   --->   "%p_0_0_0_0_033764 = alloca i32 1"   --->   Operation 37 'alloca' 'p_0_0_0_0_033764' <Predicate = true> <Delay = 0.00>
ST_1 : Operation 38 [1/1] (0.00ns)   --->   "%p_0_7_0_0_033566 = alloca i32 1"   --->   Operation 38 'alloca' 'p_0_7_0_0_033566' <Predicate = true> <Delay = 0.00>
ST_1 : Operation 39 [1/1] (0.00ns)   --->   "%p_0_6_0_0_033368 = alloca i32 1"   --->   Operation 39 'alloca' 'p_0_6_0_0_033368' <Predicate = true> <Delay = 0.00>
ST_1 : Operation 40 [1/1] (0.00ns)   --->   "%p_0_5_0_0_033170 = alloca i32 1"   --->   Operation 40 'alloca' 'p_0_5_0_0_033170' <Predicate = true> <Delay = 0.00>
ST_1 : Operation 41 [1/1] (0.00ns)   --->   "%p_0_4_0_0_032972 = alloca i32 1"   --->   Operation 41 'alloca' 'p_0_4_0_0_032972' <Predicate = true> <Delay = 0.00>
ST_1 : Operation 42 [1/1] (0.00ns)   --->   "%p_0_3_0_0_032774 = alloca i32 1"   --->   Operation 42 'alloca' 'p_0_3_0_0_032774' <Predicate = true> <Delay = 0.00>
ST_1 : Operation 43 [1/1] (0.00ns)   --->   "%p_0_2_0_0_032576 = alloca i32 1"   --->   Operation 43 'alloca' 'p_0_2_0_0_032576' <Predicate = true> <Delay = 0.00>
ST_1 : Operation 44 [1/1] (0.00ns)   --->   "%p_0_1_0_0_032378 = alloca i32 1"   --->   Operation 44 'alloca' 'p_0_1_0_0_032378' <Predicate = true> <Delay = 0.00>
ST_1 : Operation 45 [1/1] (0.00ns)   --->   "%p_0_0_0_0_032180 = alloca i32 1"   --->   Operation 45 'alloca' 'p_0_0_0_0_032180' <Predicate = true> <Delay = 0.00>
ST_1 : Operation 46 [1/1] (0.00ns)   --->   "%p_0_7_0_0_031982 = alloca i32 1"   --->   Operation 46 'alloca' 'p_0_7_0_0_031982' <Predicate = true> <Delay = 0.00>
ST_1 : Operation 47 [1/1] (0.00ns)   --->   "%p_0_6_0_0_031784 = alloca i32 1"   --->   Operation 47 'alloca' 'p_0_6_0_0_031784' <Predicate = true> <Delay = 0.00>
ST_1 : Operation 48 [1/1] (0.00ns)   --->   "%p_0_5_0_0_031586 = alloca i32 1"   --->   Operation 48 'alloca' 'p_0_5_0_0_031586' <Predicate = true> <Delay = 0.00>
ST_1 : Operation 49 [1/1] (0.00ns)   --->   "%p_0_4_0_0_031388 = alloca i32 1"   --->   Operation 49 'alloca' 'p_0_4_0_0_031388' <Predicate = true> <Delay = 0.00>
ST_1 : Operation 50 [1/1] (0.00ns)   --->   "%p_0_3_0_0_031190 = alloca i32 1"   --->   Operation 50 'alloca' 'p_0_3_0_0_031190' <Predicate = true> <Delay = 0.00>
ST_1 : Operation 51 [1/1] (0.00ns)   --->   "%p_0_2_0_0_030992 = alloca i32 1"   --->   Operation 51 'alloca' 'p_0_2_0_0_030992' <Predicate = true> <Delay = 0.00>
ST_1 : Operation 52 [1/1] (0.00ns)   --->   "%p_0_1_0_0_030794 = alloca i32 1"   --->   Operation 52 'alloca' 'p_0_1_0_0_030794' <Predicate = true> <Delay = 0.00>
ST_1 : Operation 53 [1/1] (0.00ns)   --->   "%p_0_0_0_0_030596 = alloca i32 1"   --->   Operation 53 'alloca' 'p_0_0_0_0_030596' <Predicate = true> <Delay = 0.00>
ST_1 : Operation 54 [1/1] (0.00ns)   --->   "%p_0_7_0_0_030398 = alloca i32 1"   --->   Operation 54 'alloca' 'p_0_7_0_0_030398' <Predicate = true> <Delay = 0.00>
ST_1 : Operation 55 [1/1] (0.00ns)   --->   "%p_0_6_0_0_0301100 = alloca i32 1"   --->   Operation 55 'alloca' 'p_0_6_0_0_0301100' <Predicate = true> <Delay = 0.00>
ST_1 : Operation 56 [1/1] (0.00ns)   --->   "%p_0_5_0_0_0299102 = alloca i32 1"   --->   Operation 56 'alloca' 'p_0_5_0_0_0299102' <Predicate = true> <Delay = 0.00>
ST_1 : Operation 57 [1/1] (0.00ns)   --->   "%p_0_4_0_0_0297104 = alloca i32 1"   --->   Operation 57 'alloca' 'p_0_4_0_0_0297104' <Predicate = true> <Delay = 0.00>
ST_1 : Operation 58 [1/1] (0.00ns)   --->   "%p_0_3_0_0_0295106 = alloca i32 1"   --->   Operation 58 'alloca' 'p_0_3_0_0_0295106' <Predicate = true> <Delay = 0.00>
ST_1 : Operation 59 [1/1] (0.00ns)   --->   "%p_0_2_0_0_0293108 = alloca i32 1"   --->   Operation 59 'alloca' 'p_0_2_0_0_0293108' <Predicate = true> <Delay = 0.00>
ST_1 : Operation 60 [1/1] (0.00ns)   --->   "%p_0_1_0_0_0291110 = alloca i32 1"   --->   Operation 60 'alloca' 'p_0_1_0_0_0291110' <Predicate = true> <Delay = 0.00>
ST_1 : Operation 61 [1/1] (0.00ns)   --->   "%p_0_0_0_0_0289112 = alloca i32 1"   --->   Operation 61 'alloca' 'p_0_0_0_0_0289112' <Predicate = true> <Delay = 0.00>
ST_1 : Operation 62 [1/1] (0.00ns)   --->   "%p_0_7_0_0_0287114 = alloca i32 1"   --->   Operation 62 'alloca' 'p_0_7_0_0_0287114' <Predicate = true> <Delay = 0.00>
ST_1 : Operation 63 [1/1] (0.00ns)   --->   "%p_0_6_0_0_0285116 = alloca i32 1"   --->   Operation 63 'alloca' 'p_0_6_0_0_0285116' <Predicate = true> <Delay = 0.00>
ST_1 : Operation 64 [1/1] (0.00ns)   --->   "%p_0_5_0_0_0283118 = alloca i32 1"   --->   Operation 64 'alloca' 'p_0_5_0_0_0283118' <Predicate = true> <Delay = 0.00>
ST_1 : Operation 65 [1/1] (0.00ns)   --->   "%p_0_4_0_0_0281120 = alloca i32 1"   --->   Operation 65 'alloca' 'p_0_4_0_0_0281120' <Predicate = true> <Delay = 0.00>
ST_1 : Operation 66 [1/1] (0.00ns)   --->   "%p_0_3_0_0_0279122 = alloca i32 1"   --->   Operation 66 'alloca' 'p_0_3_0_0_0279122' <Predicate = true> <Delay = 0.00>
ST_1 : Operation 67 [1/1] (0.00ns)   --->   "%p_0_2_0_0_0277124 = alloca i32 1"   --->   Operation 67 'alloca' 'p_0_2_0_0_0277124' <Predicate = true> <Delay = 0.00>
ST_1 : Operation 68 [1/1] (0.00ns)   --->   "%p_0_1_0_0_0275126 = alloca i32 1"   --->   Operation 68 'alloca' 'p_0_1_0_0_0275126' <Predicate = true> <Delay = 0.00>
ST_1 : Operation 69 [1/1] (0.00ns)   --->   "%p_0_0_0_0_0273128 = alloca i32 1"   --->   Operation 69 'alloca' 'p_0_0_0_0_0273128' <Predicate = true> <Delay = 0.00>
ST_1 : Operation 70 [1/1] (0.00ns)   --->   "%p_0_7_0_0_0271130 = alloca i32 1"   --->   Operation 70 'alloca' 'p_0_7_0_0_0271130' <Predicate = true> <Delay = 0.00>
ST_1 : Operation 71 [1/1] (0.00ns)   --->   "%p_0_6_0_0_0269132 = alloca i32 1"   --->   Operation 71 'alloca' 'p_0_6_0_0_0269132' <Predicate = true> <Delay = 0.00>
ST_1 : Operation 72 [1/1] (0.00ns)   --->   "%p_0_5_0_0_0267134 = alloca i32 1"   --->   Operation 72 'alloca' 'p_0_5_0_0_0267134' <Predicate = true> <Delay = 0.00>
ST_1 : Operation 73 [1/1] (0.00ns)   --->   "%p_0_4_0_0_0265136 = alloca i32 1"   --->   Operation 73 'alloca' 'p_0_4_0_0_0265136' <Predicate = true> <Delay = 0.00>
ST_1 : Operation 74 [1/1] (0.00ns)   --->   "%p_0_3_0_0_0263138 = alloca i32 1"   --->   Operation 74 'alloca' 'p_0_3_0_0_0263138' <Predicate = true> <Delay = 0.00>
ST_1 : Operation 75 [1/1] (0.00ns)   --->   "%p_0_2_0_0_0261140 = alloca i32 1"   --->   Operation 75 'alloca' 'p_0_2_0_0_0261140' <Predicate = true> <Delay = 0.00>
ST_1 : Operation 76 [1/1] (0.00ns)   --->   "%p_0_1_0_0_0259142 = alloca i32 1"   --->   Operation 76 'alloca' 'p_0_1_0_0_0259142' <Predicate = true> <Delay = 0.00>
ST_1 : Operation 77 [1/1] (0.00ns)   --->   "%p_0_0_0_0_0257144 = alloca i32 1"   --->   Operation 77 'alloca' 'p_0_0_0_0_0257144' <Predicate = true> <Delay = 0.00>
ST_1 : Operation 78 [1/1] (0.00ns)   --->   "%p_0_7_0_0_0255146 = alloca i32 1"   --->   Operation 78 'alloca' 'p_0_7_0_0_0255146' <Predicate = true> <Delay = 0.00>
ST_1 : Operation 79 [1/1] (0.00ns)   --->   "%p_0_6_0_0_0253148 = alloca i32 1"   --->   Operation 79 'alloca' 'p_0_6_0_0_0253148' <Predicate = true> <Delay = 0.00>
ST_1 : Operation 80 [1/1] (0.00ns)   --->   "%p_0_5_0_0_0251150 = alloca i32 1"   --->   Operation 80 'alloca' 'p_0_5_0_0_0251150' <Predicate = true> <Delay = 0.00>
ST_1 : Operation 81 [1/1] (0.00ns)   --->   "%p_0_4_0_0_0249152 = alloca i32 1"   --->   Operation 81 'alloca' 'p_0_4_0_0_0249152' <Predicate = true> <Delay = 0.00>
ST_1 : Operation 82 [1/1] (0.00ns)   --->   "%p_0_3_0_0_0247154 = alloca i32 1"   --->   Operation 82 'alloca' 'p_0_3_0_0_0247154' <Predicate = true> <Delay = 0.00>
ST_1 : Operation 83 [1/1] (0.00ns)   --->   "%p_0_2_0_0_0245156 = alloca i32 1"   --->   Operation 83 'alloca' 'p_0_2_0_0_0245156' <Predicate = true> <Delay = 0.00>
ST_1 : Operation 84 [1/1] (0.00ns)   --->   "%p_0_1_0_0_0243158 = alloca i32 1"   --->   Operation 84 'alloca' 'p_0_1_0_0_0243158' <Predicate = true> <Delay = 0.00>
ST_1 : Operation 85 [1/1] (0.00ns)   --->   "%p_0_0_0_0_0241160 = alloca i32 1"   --->   Operation 85 'alloca' 'p_0_0_0_0_0241160' <Predicate = true> <Delay = 0.00>
ST_1 : Operation 86 [1/1] (0.00ns)   --->   "%p_0_7_0_0_0239162 = alloca i32 1"   --->   Operation 86 'alloca' 'p_0_7_0_0_0239162' <Predicate = true> <Delay = 0.00>
ST_1 : Operation 87 [1/1] (0.00ns)   --->   "%p_0_6_0_0_0237164 = alloca i32 1"   --->   Operation 87 'alloca' 'p_0_6_0_0_0237164' <Predicate = true> <Delay = 0.00>
ST_1 : Operation 88 [1/1] (0.00ns)   --->   "%p_0_5_0_0_0235166 = alloca i32 1"   --->   Operation 88 'alloca' 'p_0_5_0_0_0235166' <Predicate = true> <Delay = 0.00>
ST_1 : Operation 89 [1/1] (0.00ns)   --->   "%p_0_4_0_0_0233168 = alloca i32 1"   --->   Operation 89 'alloca' 'p_0_4_0_0_0233168' <Predicate = true> <Delay = 0.00>
ST_1 : Operation 90 [1/1] (0.00ns)   --->   "%p_0_3_0_0_0231170 = alloca i32 1"   --->   Operation 90 'alloca' 'p_0_3_0_0_0231170' <Predicate = true> <Delay = 0.00>
ST_1 : Operation 91 [1/1] (0.00ns)   --->   "%p_0_2_0_0_0229172 = alloca i32 1"   --->   Operation 91 'alloca' 'p_0_2_0_0_0229172' <Predicate = true> <Delay = 0.00>
ST_1 : Operation 92 [1/1] (0.00ns)   --->   "%p_0_1_0_0_0227174 = alloca i32 1"   --->   Operation 92 'alloca' 'p_0_1_0_0_0227174' <Predicate = true> <Delay = 0.00>
ST_1 : Operation 93 [1/1] (0.00ns)   --->   "%p_0_0_0_0_0225176 = alloca i32 1"   --->   Operation 93 'alloca' 'p_0_0_0_0_0225176' <Predicate = true> <Delay = 0.00>
ST_1 : Operation 94 [1/1] (0.00ns)   --->   "%p_0_7_0_0_0223178 = alloca i32 1"   --->   Operation 94 'alloca' 'p_0_7_0_0_0223178' <Predicate = true> <Delay = 0.00>
ST_1 : Operation 95 [1/1] (0.00ns)   --->   "%p_0_6_0_0_0221180 = alloca i32 1"   --->   Operation 95 'alloca' 'p_0_6_0_0_0221180' <Predicate = true> <Delay = 0.00>
ST_1 : Operation 96 [1/1] (0.00ns)   --->   "%p_0_5_0_0_0219182 = alloca i32 1"   --->   Operation 96 'alloca' 'p_0_5_0_0_0219182' <Predicate = true> <Delay = 0.00>
ST_1 : Operation 97 [1/1] (0.00ns)   --->   "%p_0_4_0_0_0217184 = alloca i32 1"   --->   Operation 97 'alloca' 'p_0_4_0_0_0217184' <Predicate = true> <Delay = 0.00>
ST_1 : Operation 98 [1/1] (0.00ns)   --->   "%p_0_3_0_0_0215186 = alloca i32 1"   --->   Operation 98 'alloca' 'p_0_3_0_0_0215186' <Predicate = true> <Delay = 0.00>
ST_1 : Operation 99 [1/1] (0.00ns)   --->   "%p_0_2_0_0_0213188 = alloca i32 1"   --->   Operation 99 'alloca' 'p_0_2_0_0_0213188' <Predicate = true> <Delay = 0.00>
ST_1 : Operation 100 [1/1] (0.00ns)   --->   "%p_0_1_0_0_0211190 = alloca i32 1"   --->   Operation 100 'alloca' 'p_0_1_0_0_0211190' <Predicate = true> <Delay = 0.00>
ST_1 : Operation 101 [1/1] (0.00ns)   --->   "%p_0_0_0_0_0209192 = alloca i32 1"   --->   Operation 101 'alloca' 'p_0_0_0_0_0209192' <Predicate = true> <Delay = 0.00>
ST_1 : Operation 102 [1/1] (0.00ns)   --->   "%p_0_7_0_0_0207194 = alloca i32 1"   --->   Operation 102 'alloca' 'p_0_7_0_0_0207194' <Predicate = true> <Delay = 0.00>
ST_1 : Operation 103 [1/1] (0.00ns)   --->   "%p_0_6_0_0_0205196 = alloca i32 1"   --->   Operation 103 'alloca' 'p_0_6_0_0_0205196' <Predicate = true> <Delay = 0.00>
ST_1 : Operation 104 [1/1] (0.00ns)   --->   "%p_0_5_0_0_0203198 = alloca i32 1"   --->   Operation 104 'alloca' 'p_0_5_0_0_0203198' <Predicate = true> <Delay = 0.00>
ST_1 : Operation 105 [1/1] (0.00ns)   --->   "%p_0_4_0_0_0201200 = alloca i32 1"   --->   Operation 105 'alloca' 'p_0_4_0_0_0201200' <Predicate = true> <Delay = 0.00>
ST_1 : Operation 106 [1/1] (0.00ns)   --->   "%p_0_3_0_0_0199202 = alloca i32 1"   --->   Operation 106 'alloca' 'p_0_3_0_0_0199202' <Predicate = true> <Delay = 0.00>
ST_1 : Operation 107 [1/1] (0.00ns)   --->   "%p_0_2_0_0_0197204 = alloca i32 1"   --->   Operation 107 'alloca' 'p_0_2_0_0_0197204' <Predicate = true> <Delay = 0.00>
ST_1 : Operation 108 [1/1] (0.00ns)   --->   "%p_0_1_0_0_0195206 = alloca i32 1"   --->   Operation 108 'alloca' 'p_0_1_0_0_0195206' <Predicate = true> <Delay = 0.00>
ST_1 : Operation 109 [1/1] (0.00ns)   --->   "%p_0_0_0_0_0193208 = alloca i32 1"   --->   Operation 109 'alloca' 'p_0_0_0_0_0193208' <Predicate = true> <Delay = 0.00>
ST_1 : Operation 110 [1/1] (0.00ns)   --->   "%p_0_7_0_0_0191210 = alloca i32 1"   --->   Operation 110 'alloca' 'p_0_7_0_0_0191210' <Predicate = true> <Delay = 0.00>
ST_1 : Operation 111 [1/1] (0.00ns)   --->   "%p_0_6_0_0_0189212 = alloca i32 1"   --->   Operation 111 'alloca' 'p_0_6_0_0_0189212' <Predicate = true> <Delay = 0.00>
ST_1 : Operation 112 [1/1] (0.00ns)   --->   "%p_0_5_0_0_0187214 = alloca i32 1"   --->   Operation 112 'alloca' 'p_0_5_0_0_0187214' <Predicate = true> <Delay = 0.00>
ST_1 : Operation 113 [1/1] (0.00ns)   --->   "%p_0_4_0_0_0185216 = alloca i32 1"   --->   Operation 113 'alloca' 'p_0_4_0_0_0185216' <Predicate = true> <Delay = 0.00>
ST_1 : Operation 114 [1/1] (0.00ns)   --->   "%p_0_3_0_0_0183218 = alloca i32 1"   --->   Operation 114 'alloca' 'p_0_3_0_0_0183218' <Predicate = true> <Delay = 0.00>
ST_1 : Operation 115 [1/1] (0.00ns)   --->   "%p_0_2_0_0_0181220 = alloca i32 1"   --->   Operation 115 'alloca' 'p_0_2_0_0_0181220' <Predicate = true> <Delay = 0.00>
ST_1 : Operation 116 [1/1] (0.00ns)   --->   "%p_0_1_0_0_0179222 = alloca i32 1"   --->   Operation 116 'alloca' 'p_0_1_0_0_0179222' <Predicate = true> <Delay = 0.00>
ST_1 : Operation 117 [1/1] (0.00ns)   --->   "%p_0_0_0_0_0177224 = alloca i32 1"   --->   Operation 117 'alloca' 'p_0_0_0_0_0177224' <Predicate = true> <Delay = 0.00>
ST_1 : Operation 118 [1/1] (0.00ns)   --->   "%p_0_7_0_0_0175226 = alloca i32 1"   --->   Operation 118 'alloca' 'p_0_7_0_0_0175226' <Predicate = true> <Delay = 0.00>
ST_1 : Operation 119 [1/1] (0.00ns)   --->   "%p_0_6_0_0_0173228 = alloca i32 1"   --->   Operation 119 'alloca' 'p_0_6_0_0_0173228' <Predicate = true> <Delay = 0.00>
ST_1 : Operation 120 [1/1] (0.00ns)   --->   "%p_0_5_0_0_0171230 = alloca i32 1"   --->   Operation 120 'alloca' 'p_0_5_0_0_0171230' <Predicate = true> <Delay = 0.00>
ST_1 : Operation 121 [1/1] (0.00ns)   --->   "%p_0_4_0_0_0169232 = alloca i32 1"   --->   Operation 121 'alloca' 'p_0_4_0_0_0169232' <Predicate = true> <Delay = 0.00>
ST_1 : Operation 122 [1/1] (0.00ns)   --->   "%p_0_3_0_0_0167234 = alloca i32 1"   --->   Operation 122 'alloca' 'p_0_3_0_0_0167234' <Predicate = true> <Delay = 0.00>
ST_1 : Operation 123 [1/1] (0.00ns)   --->   "%p_0_2_0_0_0165236 = alloca i32 1"   --->   Operation 123 'alloca' 'p_0_2_0_0_0165236' <Predicate = true> <Delay = 0.00>
ST_1 : Operation 124 [1/1] (0.00ns)   --->   "%p_0_1_0_0_0163238 = alloca i32 1"   --->   Operation 124 'alloca' 'p_0_1_0_0_0163238' <Predicate = true> <Delay = 0.00>
ST_1 : Operation 125 [1/1] (0.00ns)   --->   "%p_0_0_0_0_0161240 = alloca i32 1"   --->   Operation 125 'alloca' 'p_0_0_0_0_0161240' <Predicate = true> <Delay = 0.00>
ST_1 : Operation 126 [1/1] (0.00ns)   --->   "%p_0_7_0_0_0159242 = alloca i32 1"   --->   Operation 126 'alloca' 'p_0_7_0_0_0159242' <Predicate = true> <Delay = 0.00>
ST_1 : Operation 127 [1/1] (0.00ns)   --->   "%p_0_6_0_0_0157244 = alloca i32 1"   --->   Operation 127 'alloca' 'p_0_6_0_0_0157244' <Predicate = true> <Delay = 0.00>
ST_1 : Operation 128 [1/1] (0.00ns)   --->   "%p_0_5_0_0_0155246 = alloca i32 1"   --->   Operation 128 'alloca' 'p_0_5_0_0_0155246' <Predicate = true> <Delay = 0.00>
ST_1 : Operation 129 [1/1] (0.00ns)   --->   "%p_0_4_0_0_0153248 = alloca i32 1"   --->   Operation 129 'alloca' 'p_0_4_0_0_0153248' <Predicate = true> <Delay = 0.00>
ST_1 : Operation 130 [1/1] (0.00ns)   --->   "%p_0_3_0_0_0151250 = alloca i32 1"   --->   Operation 130 'alloca' 'p_0_3_0_0_0151250' <Predicate = true> <Delay = 0.00>
ST_1 : Operation 131 [1/1] (0.00ns)   --->   "%p_0_2_0_0_0149252 = alloca i32 1"   --->   Operation 131 'alloca' 'p_0_2_0_0_0149252' <Predicate = true> <Delay = 0.00>
ST_1 : Operation 132 [1/1] (0.00ns)   --->   "%p_0_1_0_0_0147254 = alloca i32 1"   --->   Operation 132 'alloca' 'p_0_1_0_0_0147254' <Predicate = true> <Delay = 0.00>
ST_1 : Operation 133 [1/1] (0.00ns)   --->   "%p_0_0_0_0_0145256 = alloca i32 1"   --->   Operation 133 'alloca' 'p_0_0_0_0_0145256' <Predicate = true> <Delay = 0.00>
ST_1 : Operation 134 [1/1] (0.00ns)   --->   "%p_0_7_0_0_0143258 = alloca i32 1"   --->   Operation 134 'alloca' 'p_0_7_0_0_0143258' <Predicate = true> <Delay = 0.00>
ST_1 : Operation 135 [1/1] (0.00ns)   --->   "%p_0_6_0_0_0141260 = alloca i32 1"   --->   Operation 135 'alloca' 'p_0_6_0_0_0141260' <Predicate = true> <Delay = 0.00>
ST_1 : Operation 136 [1/1] (0.00ns)   --->   "%p_0_5_0_0_0139262 = alloca i32 1"   --->   Operation 136 'alloca' 'p_0_5_0_0_0139262' <Predicate = true> <Delay = 0.00>
ST_1 : Operation 137 [1/1] (0.00ns)   --->   "%p_0_4_0_0_0137264 = alloca i32 1"   --->   Operation 137 'alloca' 'p_0_4_0_0_0137264' <Predicate = true> <Delay = 0.00>
ST_1 : Operation 138 [1/1] (0.00ns)   --->   "%p_0_3_0_0_0135266 = alloca i32 1"   --->   Operation 138 'alloca' 'p_0_3_0_0_0135266' <Predicate = true> <Delay = 0.00>
ST_1 : Operation 139 [1/1] (0.00ns)   --->   "%p_0_2_0_0_0133268 = alloca i32 1"   --->   Operation 139 'alloca' 'p_0_2_0_0_0133268' <Predicate = true> <Delay = 0.00>
ST_1 : Operation 140 [1/1] (0.00ns)   --->   "%p_0_1_0_0_0131270 = alloca i32 1"   --->   Operation 140 'alloca' 'p_0_1_0_0_0131270' <Predicate = true> <Delay = 0.00>
ST_1 : Operation 141 [1/1] (0.00ns)   --->   "%p_0_0_0_0_0129272 = alloca i32 1"   --->   Operation 141 'alloca' 'p_0_0_0_0_0129272' <Predicate = true> <Delay = 0.00>
ST_1 : Operation 142 [1/1] (0.00ns)   --->   "%p_0_7_0_0_0127274 = alloca i32 1"   --->   Operation 142 'alloca' 'p_0_7_0_0_0127274' <Predicate = true> <Delay = 0.00>
ST_1 : Operation 143 [1/1] (0.00ns)   --->   "%p_0_6_0_0_0125276 = alloca i32 1"   --->   Operation 143 'alloca' 'p_0_6_0_0_0125276' <Predicate = true> <Delay = 0.00>
ST_1 : Operation 144 [1/1] (0.00ns)   --->   "%p_0_5_0_0_0123278 = alloca i32 1"   --->   Operation 144 'alloca' 'p_0_5_0_0_0123278' <Predicate = true> <Delay = 0.00>
ST_1 : Operation 145 [1/1] (0.00ns)   --->   "%p_0_4_0_0_0121280 = alloca i32 1"   --->   Operation 145 'alloca' 'p_0_4_0_0_0121280' <Predicate = true> <Delay = 0.00>
ST_1 : Operation 146 [1/1] (0.00ns)   --->   "%p_0_3_0_0_0119282 = alloca i32 1"   --->   Operation 146 'alloca' 'p_0_3_0_0_0119282' <Predicate = true> <Delay = 0.00>
ST_1 : Operation 147 [1/1] (0.00ns)   --->   "%p_0_2_0_0_0117284 = alloca i32 1"   --->   Operation 147 'alloca' 'p_0_2_0_0_0117284' <Predicate = true> <Delay = 0.00>
ST_1 : Operation 148 [1/1] (0.00ns)   --->   "%p_0_1_0_0_0115286 = alloca i32 1"   --->   Operation 148 'alloca' 'p_0_1_0_0_0115286' <Predicate = true> <Delay = 0.00>
ST_1 : Operation 149 [1/1] (0.00ns)   --->   "%p_0_0_0_0_0113288 = alloca i32 1"   --->   Operation 149 'alloca' 'p_0_0_0_0_0113288' <Predicate = true> <Delay = 0.00>
ST_1 : Operation 150 [1/1] (0.00ns)   --->   "%p_0_7_0_0_0111290 = alloca i32 1"   --->   Operation 150 'alloca' 'p_0_7_0_0_0111290' <Predicate = true> <Delay = 0.00>
ST_1 : Operation 151 [1/1] (0.00ns)   --->   "%p_0_6_0_0_0109292 = alloca i32 1"   --->   Operation 151 'alloca' 'p_0_6_0_0_0109292' <Predicate = true> <Delay = 0.00>
ST_1 : Operation 152 [1/1] (0.00ns)   --->   "%p_0_5_0_0_0107294 = alloca i32 1"   --->   Operation 152 'alloca' 'p_0_5_0_0_0107294' <Predicate = true> <Delay = 0.00>
ST_1 : Operation 153 [1/1] (0.00ns)   --->   "%p_0_4_0_0_0105296 = alloca i32 1"   --->   Operation 153 'alloca' 'p_0_4_0_0_0105296' <Predicate = true> <Delay = 0.00>
ST_1 : Operation 154 [1/1] (0.00ns)   --->   "%p_0_3_0_0_0103298 = alloca i32 1"   --->   Operation 154 'alloca' 'p_0_3_0_0_0103298' <Predicate = true> <Delay = 0.00>
ST_1 : Operation 155 [1/1] (0.00ns)   --->   "%p_0_2_0_0_0101300 = alloca i32 1"   --->   Operation 155 'alloca' 'p_0_2_0_0_0101300' <Predicate = true> <Delay = 0.00>
ST_1 : Operation 156 [1/1] (0.00ns)   --->   "%p_0_1_0_0_099302 = alloca i32 1"   --->   Operation 156 'alloca' 'p_0_1_0_0_099302' <Predicate = true> <Delay = 0.00>
ST_1 : Operation 157 [1/1] (0.00ns)   --->   "%p_0_0_0_0_097304 = alloca i32 1"   --->   Operation 157 'alloca' 'p_0_0_0_0_097304' <Predicate = true> <Delay = 0.00>
ST_1 : Operation 158 [1/1] (0.00ns)   --->   "%p_0_7_0_0_095306 = alloca i32 1"   --->   Operation 158 'alloca' 'p_0_7_0_0_095306' <Predicate = true> <Delay = 0.00>
ST_1 : Operation 159 [1/1] (0.00ns)   --->   "%p_0_6_0_0_093308 = alloca i32 1"   --->   Operation 159 'alloca' 'p_0_6_0_0_093308' <Predicate = true> <Delay = 0.00>
ST_1 : Operation 160 [1/1] (0.00ns)   --->   "%p_0_5_0_0_091310 = alloca i32 1"   --->   Operation 160 'alloca' 'p_0_5_0_0_091310' <Predicate = true> <Delay = 0.00>
ST_1 : Operation 161 [1/1] (0.00ns)   --->   "%p_0_4_0_0_089312 = alloca i32 1"   --->   Operation 161 'alloca' 'p_0_4_0_0_089312' <Predicate = true> <Delay = 0.00>
ST_1 : Operation 162 [1/1] (0.00ns)   --->   "%p_0_3_0_0_087314 = alloca i32 1"   --->   Operation 162 'alloca' 'p_0_3_0_0_087314' <Predicate = true> <Delay = 0.00>
ST_1 : Operation 163 [1/1] (0.00ns)   --->   "%p_0_2_0_0_085316 = alloca i32 1"   --->   Operation 163 'alloca' 'p_0_2_0_0_085316' <Predicate = true> <Delay = 0.00>
ST_1 : Operation 164 [1/1] (0.00ns)   --->   "%p_0_1_0_0_083318 = alloca i32 1"   --->   Operation 164 'alloca' 'p_0_1_0_0_083318' <Predicate = true> <Delay = 0.00>
ST_1 : Operation 165 [1/1] (0.00ns)   --->   "%p_0_0_0_0_081320 = alloca i32 1"   --->   Operation 165 'alloca' 'p_0_0_0_0_081320' <Predicate = true> <Delay = 0.00>
ST_1 : Operation 166 [1/1] (0.00ns)   --->   "%p_0_7_0_0_079322 = alloca i32 1"   --->   Operation 166 'alloca' 'p_0_7_0_0_079322' <Predicate = true> <Delay = 0.00>
ST_1 : Operation 167 [1/1] (0.00ns)   --->   "%p_0_6_0_0_077324 = alloca i32 1"   --->   Operation 167 'alloca' 'p_0_6_0_0_077324' <Predicate = true> <Delay = 0.00>
ST_1 : Operation 168 [1/1] (0.00ns)   --->   "%p_0_5_0_0_075326 = alloca i32 1"   --->   Operation 168 'alloca' 'p_0_5_0_0_075326' <Predicate = true> <Delay = 0.00>
ST_1 : Operation 169 [1/1] (0.00ns)   --->   "%p_0_4_0_0_073328 = alloca i32 1"   --->   Operation 169 'alloca' 'p_0_4_0_0_073328' <Predicate = true> <Delay = 0.00>
ST_1 : Operation 170 [1/1] (0.00ns)   --->   "%p_0_3_0_0_071330 = alloca i32 1"   --->   Operation 170 'alloca' 'p_0_3_0_0_071330' <Predicate = true> <Delay = 0.00>
ST_1 : Operation 171 [1/1] (0.00ns)   --->   "%p_0_2_0_0_069332 = alloca i32 1"   --->   Operation 171 'alloca' 'p_0_2_0_0_069332' <Predicate = true> <Delay = 0.00>
ST_1 : Operation 172 [1/1] (0.00ns)   --->   "%p_0_1_0_0_067334 = alloca i32 1"   --->   Operation 172 'alloca' 'p_0_1_0_0_067334' <Predicate = true> <Delay = 0.00>
ST_1 : Operation 173 [1/1] (0.00ns)   --->   "%p_0_0_0_0_065336 = alloca i32 1"   --->   Operation 173 'alloca' 'p_0_0_0_0_065336' <Predicate = true> <Delay = 0.00>
ST_1 : Operation 174 [1/1] (0.00ns)   --->   "%p_0_7_0_0_063338 = alloca i32 1"   --->   Operation 174 'alloca' 'p_0_7_0_0_063338' <Predicate = true> <Delay = 0.00>
ST_1 : Operation 175 [1/1] (0.00ns)   --->   "%p_0_6_0_0_061340 = alloca i32 1"   --->   Operation 175 'alloca' 'p_0_6_0_0_061340' <Predicate = true> <Delay = 0.00>
ST_1 : Operation 176 [1/1] (0.00ns)   --->   "%p_0_5_0_0_059342 = alloca i32 1"   --->   Operation 176 'alloca' 'p_0_5_0_0_059342' <Predicate = true> <Delay = 0.00>
ST_1 : Operation 177 [1/1] (0.00ns)   --->   "%p_0_4_0_0_057344 = alloca i32 1"   --->   Operation 177 'alloca' 'p_0_4_0_0_057344' <Predicate = true> <Delay = 0.00>
ST_1 : Operation 178 [1/1] (0.00ns)   --->   "%p_0_3_0_0_055346 = alloca i32 1"   --->   Operation 178 'alloca' 'p_0_3_0_0_055346' <Predicate = true> <Delay = 0.00>
ST_1 : Operation 179 [1/1] (0.00ns)   --->   "%p_0_2_0_0_053348 = alloca i32 1"   --->   Operation 179 'alloca' 'p_0_2_0_0_053348' <Predicate = true> <Delay = 0.00>
ST_1 : Operation 180 [1/1] (0.00ns)   --->   "%p_0_1_0_0_051350 = alloca i32 1"   --->   Operation 180 'alloca' 'p_0_1_0_0_051350' <Predicate = true> <Delay = 0.00>
ST_1 : Operation 181 [1/1] (0.00ns)   --->   "%p_0_0_0_0_049352 = alloca i32 1"   --->   Operation 181 'alloca' 'p_0_0_0_0_049352' <Predicate = true> <Delay = 0.00>
ST_1 : Operation 182 [1/1] (0.00ns)   --->   "%p_0_7_0_0_047354 = alloca i32 1"   --->   Operation 182 'alloca' 'p_0_7_0_0_047354' <Predicate = true> <Delay = 0.00>
ST_1 : Operation 183 [1/1] (0.00ns)   --->   "%p_0_6_0_0_045356 = alloca i32 1"   --->   Operation 183 'alloca' 'p_0_6_0_0_045356' <Predicate = true> <Delay = 0.00>
ST_1 : Operation 184 [1/1] (0.00ns)   --->   "%p_0_5_0_0_043358 = alloca i32 1"   --->   Operation 184 'alloca' 'p_0_5_0_0_043358' <Predicate = true> <Delay = 0.00>
ST_1 : Operation 185 [1/1] (0.00ns)   --->   "%p_0_4_0_0_041360 = alloca i32 1"   --->   Operation 185 'alloca' 'p_0_4_0_0_041360' <Predicate = true> <Delay = 0.00>
ST_1 : Operation 186 [1/1] (0.00ns)   --->   "%p_0_3_0_0_039362 = alloca i32 1"   --->   Operation 186 'alloca' 'p_0_3_0_0_039362' <Predicate = true> <Delay = 0.00>
ST_1 : Operation 187 [1/1] (0.00ns)   --->   "%p_0_2_0_0_037364 = alloca i32 1"   --->   Operation 187 'alloca' 'p_0_2_0_0_037364' <Predicate = true> <Delay = 0.00>
ST_1 : Operation 188 [1/1] (0.00ns)   --->   "%p_0_1_0_0_035366 = alloca i32 1"   --->   Operation 188 'alloca' 'p_0_1_0_0_035366' <Predicate = true> <Delay = 0.00>
ST_1 : Operation 189 [1/1] (0.00ns)   --->   "%p_0_0_0_0_033368 = alloca i32 1"   --->   Operation 189 'alloca' 'p_0_0_0_0_033368' <Predicate = true> <Delay = 0.00>
ST_1 : Operation 190 [1/1] (0.00ns)   --->   "%p_0_7_0_0_031370 = alloca i32 1"   --->   Operation 190 'alloca' 'p_0_7_0_0_031370' <Predicate = true> <Delay = 0.00>
ST_1 : Operation 191 [1/1] (0.00ns)   --->   "%p_0_6_0_0_029372 = alloca i32 1"   --->   Operation 191 'alloca' 'p_0_6_0_0_029372' <Predicate = true> <Delay = 0.00>
ST_1 : Operation 192 [1/1] (0.00ns)   --->   "%p_0_5_0_0_027374 = alloca i32 1"   --->   Operation 192 'alloca' 'p_0_5_0_0_027374' <Predicate = true> <Delay = 0.00>
ST_1 : Operation 193 [1/1] (0.00ns)   --->   "%p_0_4_0_0_025376 = alloca i32 1"   --->   Operation 193 'alloca' 'p_0_4_0_0_025376' <Predicate = true> <Delay = 0.00>
ST_1 : Operation 194 [1/1] (0.00ns)   --->   "%p_0_3_0_0_023378 = alloca i32 1"   --->   Operation 194 'alloca' 'p_0_3_0_0_023378' <Predicate = true> <Delay = 0.00>
ST_1 : Operation 195 [1/1] (0.00ns)   --->   "%p_0_2_0_0_021380 = alloca i32 1"   --->   Operation 195 'alloca' 'p_0_2_0_0_021380' <Predicate = true> <Delay = 0.00>
ST_1 : Operation 196 [1/1] (0.00ns)   --->   "%p_0_1_0_0_019382 = alloca i32 1"   --->   Operation 196 'alloca' 'p_0_1_0_0_019382' <Predicate = true> <Delay = 0.00>
ST_1 : Operation 197 [1/1] (0.00ns)   --->   "%p_0_0_0_0_017384 = alloca i32 1"   --->   Operation 197 'alloca' 'p_0_0_0_0_017384' <Predicate = true> <Delay = 0.00>
ST_1 : Operation 198 [1/1] (0.00ns)   --->   "%p_0_7_0_0_015386 = alloca i32 1"   --->   Operation 198 'alloca' 'p_0_7_0_0_015386' <Predicate = true> <Delay = 0.00>
ST_1 : Operation 199 [1/1] (0.00ns)   --->   "%p_0_6_0_0_013388 = alloca i32 1"   --->   Operation 199 'alloca' 'p_0_6_0_0_013388' <Predicate = true> <Delay = 0.00>
ST_1 : Operation 200 [1/1] (0.00ns)   --->   "%p_0_5_0_0_011390 = alloca i32 1"   --->   Operation 200 'alloca' 'p_0_5_0_0_011390' <Predicate = true> <Delay = 0.00>
ST_1 : Operation 201 [1/1] (0.00ns)   --->   "%p_0_4_0_0_09392 = alloca i32 1"   --->   Operation 201 'alloca' 'p_0_4_0_0_09392' <Predicate = true> <Delay = 0.00>
ST_1 : Operation 202 [1/1] (0.00ns)   --->   "%p_0_3_0_0_07394 = alloca i32 1"   --->   Operation 202 'alloca' 'p_0_3_0_0_07394' <Predicate = true> <Delay = 0.00>
ST_1 : Operation 203 [1/1] (0.00ns)   --->   "%p_0_2_0_0_05396 = alloca i32 1"   --->   Operation 203 'alloca' 'p_0_2_0_0_05396' <Predicate = true> <Delay = 0.00>
ST_1 : Operation 204 [1/1] (0.00ns)   --->   "%p_0_1_0_0_03398 = alloca i32 1"   --->   Operation 204 'alloca' 'p_0_1_0_0_03398' <Predicate = true> <Delay = 0.00>
ST_1 : Operation 205 [1/1] (0.00ns)   --->   "%p_0_0_0_0_01400 = alloca i32 1"   --->   Operation 205 'alloca' 'p_0_0_0_0_01400' <Predicate = true> <Delay = 0.00>
ST_1 : Operation 206 [1/1] (0.00ns)   --->   "%specinterface_ln0 = specinterface void @_ssdm_op_SpecInterface, i128 %layer16_out, void @empty, i32 0, i32 0, void @empty_7, i32 0, i32 0, void @empty_7, void @empty_7, void @empty_7, i32 0, i32 0, i32 0, i32 0, void @empty_7, void @empty_7, i32 4294967295, i32 0, i32 0, i32 0"   --->   Operation 206 'specinterface' 'specinterface_ln0' <Predicate = true> <Delay = 0.00>
ST_1 : Operation 207 [1/1] (1.61ns)   --->   "%store_ln33 = store i5 0, i5 %i_in" [firmware/nnet_utils/nnet_dense_stream.h:33->firmware/nnet_utils/nnet_dense_stream.h:93]   --->   Operation 207 'store' 'store_ln33' <Predicate = true> <Delay = 1.61>
ST_1 : Operation 208 [1/1] (0.00ns)   --->   "%br_ln33 = br void %for.body.i.split" [firmware/nnet_utils/nnet_dense_stream.h:33->firmware/nnet_utils/nnet_dense_stream.h:93]   --->   Operation 208 'br' 'br_ln33' <Predicate = true> <Delay = 0.00>

State 2 <SV = 1> <Delay = 3.47>
ST_2 : Operation 209 [1/1] (0.00ns)   --->   "%i_in_1 = load i5 %i_in" [firmware/nnet_utils/nnet_dense_stream.h:33->firmware/nnet_utils/nnet_dense_stream.h:93]   --->   Operation 209 'load' 'i_in_1' <Predicate = true> <Delay = 0.00>
ST_2 : Operation 210 [1/1] (0.00ns)   --->   "%specpipeline_ln34 = specpipeline void @_ssdm_op_SpecPipeline, i32 4294967295, i32 0, i32 0, i32 0, i32 4294967295, void @empty_7" [firmware/nnet_utils/nnet_dense_stream.h:34->firmware/nnet_utils/nnet_dense_stream.h:93]   --->   Operation 210 'specpipeline' 'specpipeline_ln34' <Predicate = true> <Delay = 0.00>
ST_2 : Operation 211 [1/1] (0.00ns)   --->   "%speclooptripcount_ln33 = speclooptripcount void @_ssdm_op_SpecLoopTripCount, i64 25, i64 25, i64 25" [firmware/nnet_utils/nnet_dense_stream.h:33->firmware/nnet_utils/nnet_dense_stream.h:93]   --->   Operation 211 'speclooptripcount' 'speclooptripcount_ln33' <Predicate = true> <Delay = 0.00>
ST_2 : Operation 212 [1/1] (0.00ns)   --->   "%specloopname_ln33 = specloopname void @_ssdm_op_SpecLoopName, void @empty_1" [firmware/nnet_utils/nnet_dense_stream.h:33->firmware/nnet_utils/nnet_dense_stream.h:93]   --->   Operation 212 'specloopname' 'specloopname_ln33' <Predicate = true> <Delay = 0.00>
ST_2 : Operation 213 [1/1] ( I:1.82ns O:1.82ns )   --->   "%layer16_out_read = read i128 @_ssdm_op_Read.ap_fifo.volatile.i128P0A, i128 %layer16_out" [firmware/nnet_utils/nnet_dense_stream.h:35->firmware/nnet_utils/nnet_dense_stream.h:93]   --->   Operation 213 'read' 'layer16_out_read' <Predicate = true> <Delay = 1.82> <CoreInst = "FIFO">   --->   Core 77 'FIFO' <Latency = 0> <II = 1> <Delay = 3.62> <Storage> <Opcode : 'read' 'write' 'nbread' 'nbwrite'> <Ports = 0> <Width = 128> <Depth = 25> <FIFO>
ST_2 : Operation 214 [1/1] (0.00ns)   --->   "%trunc_ln35 = trunc i128 %layer16_out_read" [firmware/nnet_utils/nnet_dense_stream.h:35->firmware/nnet_utils/nnet_dense_stream.h:93]   --->   Operation 214 'trunc' 'trunc_ln35' <Predicate = true> <Delay = 0.00>
ST_2 : Operation 215 [1/1] (0.00ns)   --->   "%trunc_ln35_1 = partselect i16 @_ssdm_op_PartSelect.i16.i128.i32.i32, i128 %layer16_out_read, i32 16, i32 31" [firmware/nnet_utils/nnet_dense_stream.h:35->firmware/nnet_utils/nnet_dense_stream.h:93]   --->   Operation 215 'partselect' 'trunc_ln35_1' <Predicate = true> <Delay = 0.00>
ST_2 : Operation 216 [1/1] (0.00ns)   --->   "%trunc_ln35_2 = partselect i16 @_ssdm_op_PartSelect.i16.i128.i32.i32, i128 %layer16_out_read, i32 32, i32 47" [firmware/nnet_utils/nnet_dense_stream.h:35->firmware/nnet_utils/nnet_dense_stream.h:93]   --->   Operation 216 'partselect' 'trunc_ln35_2' <Predicate = true> <Delay = 0.00>
ST_2 : Operation 217 [1/1] (0.00ns)   --->   "%trunc_ln35_3 = partselect i16 @_ssdm_op_PartSelect.i16.i128.i32.i32, i128 %layer16_out_read, i32 48, i32 63" [firmware/nnet_utils/nnet_dense_stream.h:35->firmware/nnet_utils/nnet_dense_stream.h:93]   --->   Operation 217 'partselect' 'trunc_ln35_3' <Predicate = true> <Delay = 0.00>
ST_2 : Operation 218 [1/1] (0.00ns)   --->   "%trunc_ln35_4 = partselect i16 @_ssdm_op_PartSelect.i16.i128.i32.i32, i128 %layer16_out_read, i32 64, i32 79" [firmware/nnet_utils/nnet_dense_stream.h:35->firmware/nnet_utils/nnet_dense_stream.h:93]   --->   Operation 218 'partselect' 'trunc_ln35_4' <Predicate = true> <Delay = 0.00>
ST_2 : Operation 219 [1/1] (0.00ns)   --->   "%trunc_ln35_5 = partselect i16 @_ssdm_op_PartSelect.i16.i128.i32.i32, i128 %layer16_out_read, i32 80, i32 95" [firmware/nnet_utils/nnet_dense_stream.h:35->firmware/nnet_utils/nnet_dense_stream.h:93]   --->   Operation 219 'partselect' 'trunc_ln35_5' <Predicate = true> <Delay = 0.00>
ST_2 : Operation 220 [1/1] (0.00ns)   --->   "%trunc_ln35_6 = partselect i16 @_ssdm_op_PartSelect.i16.i128.i32.i32, i128 %layer16_out_read, i32 96, i32 111" [firmware/nnet_utils/nnet_dense_stream.h:35->firmware/nnet_utils/nnet_dense_stream.h:93]   --->   Operation 220 'partselect' 'trunc_ln35_6' <Predicate = true> <Delay = 0.00>
ST_2 : Operation 221 [1/1] (0.00ns)   --->   "%trunc_ln35_7 = partselect i16 @_ssdm_op_PartSelect.i16.i128.i32.i32, i128 %layer16_out_read, i32 112, i32 127" [firmware/nnet_utils/nnet_dense_stream.h:35->firmware/nnet_utils/nnet_dense_stream.h:93]   --->   Operation 221 'partselect' 'trunc_ln35_7' <Predicate = true> <Delay = 0.00>
ST_2 : Operation 222 [1/1] (1.86ns)   --->   "%i_in_3 = add i5 %i_in_1, i5 1" [firmware/nnet_utils/nnet_dense_stream.h:33->firmware/nnet_utils/nnet_dense_stream.h:93]   --->   Operation 222 'add' 'i_in_3' <Predicate = true> <Delay = 1.86> <CoreInst = "Adder">   --->   Core 1 'Adder' <Latency = 0> <II = 1> <Delay = 1.86> <FuncUnit> <Opcode : 'add' 'sub'> <InPorts = 2> <OutPorts = 1>
ST_2 : Operation 223 [1/1] (1.86ns)   --->   "%switch_ln39 = switch i5 %i_in_1, void %arrayidx.i3.7.case.199, i5 0, void %arrayidx.i3.7.case.7, i5 1, void %arrayidx.i3.7.case.15, i5 2, void %arrayidx.i3.7.case.23, i5 3, void %arrayidx.i3.7.case.31, i5 4, void %arrayidx.i3.7.case.39, i5 5, void %arrayidx.i3.7.case.47, i5 6, void %arrayidx.i3.7.case.55, i5 7, void %arrayidx.i3.7.case.63, i5 8, void %arrayidx.i3.7.case.71, i5 9, void %arrayidx.i3.7.case.79, i5 10, void %arrayidx.i3.7.case.87, i5 11, void %arrayidx.i3.7.case.95, i5 12, void %arrayidx.i3.7.case.103, i5 13, void %arrayidx.i3.7.case.111, i5 14, void %arrayidx.i3.7.case.119, i5 15, void %arrayidx.i3.7.case.127, i5 16, void %arrayidx.i3.7.case.135, i5 17, void %arrayidx.i3.7.case.143, i5 18, void %arrayidx.i3.7.case.151, i5 19, void %arrayidx.i3.7.case.159, i5 20, void %arrayidx.i3.7.case.167, i5 21, void %arrayidx.i3.7.case.175, i5 22, void %arrayidx.i3.7.case.183, i5 23, void %for.body.i.split.arrayidx.i3.7.exit_crit_edge" [firmware/nnet_utils/nnet_dense_stream.h:39->firmware/nnet_utils/nnet_dense_stream.h:93]   --->   Operation 223 'switch' 'switch_ln39' <Predicate = true> <Delay = 1.86>
ST_2 : Operation 224 [1/1] (0.00ns)   --->   "%store_ln35 = store i16 %trunc_ln35, i16 %p_0_0_0_0_01400" [firmware/nnet_utils/nnet_dense_stream.h:35->firmware/nnet_utils/nnet_dense_stream.h:93]   --->   Operation 224 'store' 'store_ln35' <Predicate = (i_in_1 == 23)> <Delay = 0.00>
ST_2 : Operation 225 [1/1] (0.00ns)   --->   "%store_ln35 = store i16 %trunc_ln35_1, i16 %p_0_1_0_0_03398" [firmware/nnet_utils/nnet_dense_stream.h:35->firmware/nnet_utils/nnet_dense_stream.h:93]   --->   Operation 225 'store' 'store_ln35' <Predicate = (i_in_1 == 23)> <Delay = 0.00>
ST_2 : Operation 226 [1/1] (0.00ns)   --->   "%store_ln35 = store i16 %trunc_ln35_2, i16 %p_0_2_0_0_05396" [firmware/nnet_utils/nnet_dense_stream.h:35->firmware/nnet_utils/nnet_dense_stream.h:93]   --->   Operation 226 'store' 'store_ln35' <Predicate = (i_in_1 == 23)> <Delay = 0.00>
ST_2 : Operation 227 [1/1] (0.00ns)   --->   "%store_ln35 = store i16 %trunc_ln35_3, i16 %p_0_3_0_0_07394" [firmware/nnet_utils/nnet_dense_stream.h:35->firmware/nnet_utils/nnet_dense_stream.h:93]   --->   Operation 227 'store' 'store_ln35' <Predicate = (i_in_1 == 23)> <Delay = 0.00>
ST_2 : Operation 228 [1/1] (0.00ns)   --->   "%store_ln35 = store i16 %trunc_ln35_4, i16 %p_0_4_0_0_09392" [firmware/nnet_utils/nnet_dense_stream.h:35->firmware/nnet_utils/nnet_dense_stream.h:93]   --->   Operation 228 'store' 'store_ln35' <Predicate = (i_in_1 == 23)> <Delay = 0.00>
ST_2 : Operation 229 [1/1] (0.00ns)   --->   "%store_ln35 = store i16 %trunc_ln35_5, i16 %p_0_5_0_0_011390" [firmware/nnet_utils/nnet_dense_stream.h:35->firmware/nnet_utils/nnet_dense_stream.h:93]   --->   Operation 229 'store' 'store_ln35' <Predicate = (i_in_1 == 23)> <Delay = 0.00>
ST_2 : Operation 230 [1/1] (0.00ns)   --->   "%store_ln35 = store i16 %trunc_ln35_6, i16 %p_0_6_0_0_013388" [firmware/nnet_utils/nnet_dense_stream.h:35->firmware/nnet_utils/nnet_dense_stream.h:93]   --->   Operation 230 'store' 'store_ln35' <Predicate = (i_in_1 == 23)> <Delay = 0.00>
ST_2 : Operation 231 [1/1] (0.00ns)   --->   "%store_ln35 = store i16 %trunc_ln35_7, i16 %p_0_7_0_0_015386" [firmware/nnet_utils/nnet_dense_stream.h:35->firmware/nnet_utils/nnet_dense_stream.h:93]   --->   Operation 231 'store' 'store_ln35' <Predicate = (i_in_1 == 23)> <Delay = 0.00>
ST_2 : Operation 232 [1/1] (0.00ns)   --->   "%br_ln39 = br void %arrayidx.i3.7.exit" [firmware/nnet_utils/nnet_dense_stream.h:39->firmware/nnet_utils/nnet_dense_stream.h:93]   --->   Operation 232 'br' 'br_ln39' <Predicate = (i_in_1 == 23)> <Delay = 0.00>
ST_2 : Operation 233 [1/1] (0.00ns)   --->   "%store_ln35 = store i16 %trunc_ln35, i16 %p_0_0_0_0_017384" [firmware/nnet_utils/nnet_dense_stream.h:35->firmware/nnet_utils/nnet_dense_stream.h:93]   --->   Operation 233 'store' 'store_ln35' <Predicate = (i_in_1 == 22)> <Delay = 0.00>
ST_2 : Operation 234 [1/1] (0.00ns)   --->   "%store_ln35 = store i16 %trunc_ln35_1, i16 %p_0_1_0_0_019382" [firmware/nnet_utils/nnet_dense_stream.h:35->firmware/nnet_utils/nnet_dense_stream.h:93]   --->   Operation 234 'store' 'store_ln35' <Predicate = (i_in_1 == 22)> <Delay = 0.00>
ST_2 : Operation 235 [1/1] (0.00ns)   --->   "%store_ln35 = store i16 %trunc_ln35_2, i16 %p_0_2_0_0_021380" [firmware/nnet_utils/nnet_dense_stream.h:35->firmware/nnet_utils/nnet_dense_stream.h:93]   --->   Operation 235 'store' 'store_ln35' <Predicate = (i_in_1 == 22)> <Delay = 0.00>
ST_2 : Operation 236 [1/1] (0.00ns)   --->   "%store_ln35 = store i16 %trunc_ln35_3, i16 %p_0_3_0_0_023378" [firmware/nnet_utils/nnet_dense_stream.h:35->firmware/nnet_utils/nnet_dense_stream.h:93]   --->   Operation 236 'store' 'store_ln35' <Predicate = (i_in_1 == 22)> <Delay = 0.00>
ST_2 : Operation 237 [1/1] (0.00ns)   --->   "%store_ln35 = store i16 %trunc_ln35_4, i16 %p_0_4_0_0_025376" [firmware/nnet_utils/nnet_dense_stream.h:35->firmware/nnet_utils/nnet_dense_stream.h:93]   --->   Operation 237 'store' 'store_ln35' <Predicate = (i_in_1 == 22)> <Delay = 0.00>
ST_2 : Operation 238 [1/1] (0.00ns)   --->   "%store_ln35 = store i16 %trunc_ln35_5, i16 %p_0_5_0_0_027374" [firmware/nnet_utils/nnet_dense_stream.h:35->firmware/nnet_utils/nnet_dense_stream.h:93]   --->   Operation 238 'store' 'store_ln35' <Predicate = (i_in_1 == 22)> <Delay = 0.00>
ST_2 : Operation 239 [1/1] (0.00ns)   --->   "%store_ln35 = store i16 %trunc_ln35_6, i16 %p_0_6_0_0_029372" [firmware/nnet_utils/nnet_dense_stream.h:35->firmware/nnet_utils/nnet_dense_stream.h:93]   --->   Operation 239 'store' 'store_ln35' <Predicate = (i_in_1 == 22)> <Delay = 0.00>
ST_2 : Operation 240 [1/1] (0.00ns)   --->   "%store_ln35 = store i16 %trunc_ln35_7, i16 %p_0_7_0_0_031370" [firmware/nnet_utils/nnet_dense_stream.h:35->firmware/nnet_utils/nnet_dense_stream.h:93]   --->   Operation 240 'store' 'store_ln35' <Predicate = (i_in_1 == 22)> <Delay = 0.00>
ST_2 : Operation 241 [1/1] (0.00ns)   --->   "%br_ln39 = br void %arrayidx.i3.7.exit" [firmware/nnet_utils/nnet_dense_stream.h:39->firmware/nnet_utils/nnet_dense_stream.h:93]   --->   Operation 241 'br' 'br_ln39' <Predicate = (i_in_1 == 22)> <Delay = 0.00>
ST_2 : Operation 242 [1/1] (0.00ns)   --->   "%store_ln35 = store i16 %trunc_ln35, i16 %p_0_0_0_0_033368" [firmware/nnet_utils/nnet_dense_stream.h:35->firmware/nnet_utils/nnet_dense_stream.h:93]   --->   Operation 242 'store' 'store_ln35' <Predicate = (i_in_1 == 21)> <Delay = 0.00>
ST_2 : Operation 243 [1/1] (0.00ns)   --->   "%store_ln35 = store i16 %trunc_ln35_1, i16 %p_0_1_0_0_035366" [firmware/nnet_utils/nnet_dense_stream.h:35->firmware/nnet_utils/nnet_dense_stream.h:93]   --->   Operation 243 'store' 'store_ln35' <Predicate = (i_in_1 == 21)> <Delay = 0.00>
ST_2 : Operation 244 [1/1] (0.00ns)   --->   "%store_ln35 = store i16 %trunc_ln35_2, i16 %p_0_2_0_0_037364" [firmware/nnet_utils/nnet_dense_stream.h:35->firmware/nnet_utils/nnet_dense_stream.h:93]   --->   Operation 244 'store' 'store_ln35' <Predicate = (i_in_1 == 21)> <Delay = 0.00>
ST_2 : Operation 245 [1/1] (0.00ns)   --->   "%store_ln35 = store i16 %trunc_ln35_3, i16 %p_0_3_0_0_039362" [firmware/nnet_utils/nnet_dense_stream.h:35->firmware/nnet_utils/nnet_dense_stream.h:93]   --->   Operation 245 'store' 'store_ln35' <Predicate = (i_in_1 == 21)> <Delay = 0.00>
ST_2 : Operation 246 [1/1] (0.00ns)   --->   "%store_ln35 = store i16 %trunc_ln35_4, i16 %p_0_4_0_0_041360" [firmware/nnet_utils/nnet_dense_stream.h:35->firmware/nnet_utils/nnet_dense_stream.h:93]   --->   Operation 246 'store' 'store_ln35' <Predicate = (i_in_1 == 21)> <Delay = 0.00>
ST_2 : Operation 247 [1/1] (0.00ns)   --->   "%store_ln35 = store i16 %trunc_ln35_5, i16 %p_0_5_0_0_043358" [firmware/nnet_utils/nnet_dense_stream.h:35->firmware/nnet_utils/nnet_dense_stream.h:93]   --->   Operation 247 'store' 'store_ln35' <Predicate = (i_in_1 == 21)> <Delay = 0.00>
ST_2 : Operation 248 [1/1] (0.00ns)   --->   "%store_ln35 = store i16 %trunc_ln35_6, i16 %p_0_6_0_0_045356" [firmware/nnet_utils/nnet_dense_stream.h:35->firmware/nnet_utils/nnet_dense_stream.h:93]   --->   Operation 248 'store' 'store_ln35' <Predicate = (i_in_1 == 21)> <Delay = 0.00>
ST_2 : Operation 249 [1/1] (0.00ns)   --->   "%store_ln35 = store i16 %trunc_ln35_7, i16 %p_0_7_0_0_047354" [firmware/nnet_utils/nnet_dense_stream.h:35->firmware/nnet_utils/nnet_dense_stream.h:93]   --->   Operation 249 'store' 'store_ln35' <Predicate = (i_in_1 == 21)> <Delay = 0.00>
ST_2 : Operation 250 [1/1] (0.00ns)   --->   "%br_ln39 = br void %arrayidx.i3.7.exit" [firmware/nnet_utils/nnet_dense_stream.h:39->firmware/nnet_utils/nnet_dense_stream.h:93]   --->   Operation 250 'br' 'br_ln39' <Predicate = (i_in_1 == 21)> <Delay = 0.00>
ST_2 : Operation 251 [1/1] (0.00ns)   --->   "%store_ln35 = store i16 %trunc_ln35, i16 %p_0_0_0_0_049352" [firmware/nnet_utils/nnet_dense_stream.h:35->firmware/nnet_utils/nnet_dense_stream.h:93]   --->   Operation 251 'store' 'store_ln35' <Predicate = (i_in_1 == 20)> <Delay = 0.00>
ST_2 : Operation 252 [1/1] (0.00ns)   --->   "%store_ln35 = store i16 %trunc_ln35_1, i16 %p_0_1_0_0_051350" [firmware/nnet_utils/nnet_dense_stream.h:35->firmware/nnet_utils/nnet_dense_stream.h:93]   --->   Operation 252 'store' 'store_ln35' <Predicate = (i_in_1 == 20)> <Delay = 0.00>
ST_2 : Operation 253 [1/1] (0.00ns)   --->   "%store_ln35 = store i16 %trunc_ln35_2, i16 %p_0_2_0_0_053348" [firmware/nnet_utils/nnet_dense_stream.h:35->firmware/nnet_utils/nnet_dense_stream.h:93]   --->   Operation 253 'store' 'store_ln35' <Predicate = (i_in_1 == 20)> <Delay = 0.00>
ST_2 : Operation 254 [1/1] (0.00ns)   --->   "%store_ln35 = store i16 %trunc_ln35_3, i16 %p_0_3_0_0_055346" [firmware/nnet_utils/nnet_dense_stream.h:35->firmware/nnet_utils/nnet_dense_stream.h:93]   --->   Operation 254 'store' 'store_ln35' <Predicate = (i_in_1 == 20)> <Delay = 0.00>
ST_2 : Operation 255 [1/1] (0.00ns)   --->   "%store_ln35 = store i16 %trunc_ln35_4, i16 %p_0_4_0_0_057344" [firmware/nnet_utils/nnet_dense_stream.h:35->firmware/nnet_utils/nnet_dense_stream.h:93]   --->   Operation 255 'store' 'store_ln35' <Predicate = (i_in_1 == 20)> <Delay = 0.00>
ST_2 : Operation 256 [1/1] (0.00ns)   --->   "%store_ln35 = store i16 %trunc_ln35_5, i16 %p_0_5_0_0_059342" [firmware/nnet_utils/nnet_dense_stream.h:35->firmware/nnet_utils/nnet_dense_stream.h:93]   --->   Operation 256 'store' 'store_ln35' <Predicate = (i_in_1 == 20)> <Delay = 0.00>
ST_2 : Operation 257 [1/1] (0.00ns)   --->   "%store_ln35 = store i16 %trunc_ln35_6, i16 %p_0_6_0_0_061340" [firmware/nnet_utils/nnet_dense_stream.h:35->firmware/nnet_utils/nnet_dense_stream.h:93]   --->   Operation 257 'store' 'store_ln35' <Predicate = (i_in_1 == 20)> <Delay = 0.00>
ST_2 : Operation 258 [1/1] (0.00ns)   --->   "%store_ln35 = store i16 %trunc_ln35_7, i16 %p_0_7_0_0_063338" [firmware/nnet_utils/nnet_dense_stream.h:35->firmware/nnet_utils/nnet_dense_stream.h:93]   --->   Operation 258 'store' 'store_ln35' <Predicate = (i_in_1 == 20)> <Delay = 0.00>
ST_2 : Operation 259 [1/1] (0.00ns)   --->   "%br_ln39 = br void %arrayidx.i3.7.exit" [firmware/nnet_utils/nnet_dense_stream.h:39->firmware/nnet_utils/nnet_dense_stream.h:93]   --->   Operation 259 'br' 'br_ln39' <Predicate = (i_in_1 == 20)> <Delay = 0.00>
ST_2 : Operation 260 [1/1] (0.00ns)   --->   "%store_ln35 = store i16 %trunc_ln35, i16 %p_0_0_0_0_065336" [firmware/nnet_utils/nnet_dense_stream.h:35->firmware/nnet_utils/nnet_dense_stream.h:93]   --->   Operation 260 'store' 'store_ln35' <Predicate = (i_in_1 == 19)> <Delay = 0.00>
ST_2 : Operation 261 [1/1] (0.00ns)   --->   "%store_ln35 = store i16 %trunc_ln35_1, i16 %p_0_1_0_0_067334" [firmware/nnet_utils/nnet_dense_stream.h:35->firmware/nnet_utils/nnet_dense_stream.h:93]   --->   Operation 261 'store' 'store_ln35' <Predicate = (i_in_1 == 19)> <Delay = 0.00>
ST_2 : Operation 262 [1/1] (0.00ns)   --->   "%store_ln35 = store i16 %trunc_ln35_2, i16 %p_0_2_0_0_069332" [firmware/nnet_utils/nnet_dense_stream.h:35->firmware/nnet_utils/nnet_dense_stream.h:93]   --->   Operation 262 'store' 'store_ln35' <Predicate = (i_in_1 == 19)> <Delay = 0.00>
ST_2 : Operation 263 [1/1] (0.00ns)   --->   "%store_ln35 = store i16 %trunc_ln35_3, i16 %p_0_3_0_0_071330" [firmware/nnet_utils/nnet_dense_stream.h:35->firmware/nnet_utils/nnet_dense_stream.h:93]   --->   Operation 263 'store' 'store_ln35' <Predicate = (i_in_1 == 19)> <Delay = 0.00>
ST_2 : Operation 264 [1/1] (0.00ns)   --->   "%store_ln35 = store i16 %trunc_ln35_4, i16 %p_0_4_0_0_073328" [firmware/nnet_utils/nnet_dense_stream.h:35->firmware/nnet_utils/nnet_dense_stream.h:93]   --->   Operation 264 'store' 'store_ln35' <Predicate = (i_in_1 == 19)> <Delay = 0.00>
ST_2 : Operation 265 [1/1] (0.00ns)   --->   "%store_ln35 = store i16 %trunc_ln35_5, i16 %p_0_5_0_0_075326" [firmware/nnet_utils/nnet_dense_stream.h:35->firmware/nnet_utils/nnet_dense_stream.h:93]   --->   Operation 265 'store' 'store_ln35' <Predicate = (i_in_1 == 19)> <Delay = 0.00>
ST_2 : Operation 266 [1/1] (0.00ns)   --->   "%store_ln35 = store i16 %trunc_ln35_6, i16 %p_0_6_0_0_077324" [firmware/nnet_utils/nnet_dense_stream.h:35->firmware/nnet_utils/nnet_dense_stream.h:93]   --->   Operation 266 'store' 'store_ln35' <Predicate = (i_in_1 == 19)> <Delay = 0.00>
ST_2 : Operation 267 [1/1] (0.00ns)   --->   "%store_ln35 = store i16 %trunc_ln35_7, i16 %p_0_7_0_0_079322" [firmware/nnet_utils/nnet_dense_stream.h:35->firmware/nnet_utils/nnet_dense_stream.h:93]   --->   Operation 267 'store' 'store_ln35' <Predicate = (i_in_1 == 19)> <Delay = 0.00>
ST_2 : Operation 268 [1/1] (0.00ns)   --->   "%br_ln39 = br void %arrayidx.i3.7.exit" [firmware/nnet_utils/nnet_dense_stream.h:39->firmware/nnet_utils/nnet_dense_stream.h:93]   --->   Operation 268 'br' 'br_ln39' <Predicate = (i_in_1 == 19)> <Delay = 0.00>
ST_2 : Operation 269 [1/1] (0.00ns)   --->   "%store_ln35 = store i16 %trunc_ln35, i16 %p_0_0_0_0_081320" [firmware/nnet_utils/nnet_dense_stream.h:35->firmware/nnet_utils/nnet_dense_stream.h:93]   --->   Operation 269 'store' 'store_ln35' <Predicate = (i_in_1 == 18)> <Delay = 0.00>
ST_2 : Operation 270 [1/1] (0.00ns)   --->   "%store_ln35 = store i16 %trunc_ln35_1, i16 %p_0_1_0_0_083318" [firmware/nnet_utils/nnet_dense_stream.h:35->firmware/nnet_utils/nnet_dense_stream.h:93]   --->   Operation 270 'store' 'store_ln35' <Predicate = (i_in_1 == 18)> <Delay = 0.00>
ST_2 : Operation 271 [1/1] (0.00ns)   --->   "%store_ln35 = store i16 %trunc_ln35_2, i16 %p_0_2_0_0_085316" [firmware/nnet_utils/nnet_dense_stream.h:35->firmware/nnet_utils/nnet_dense_stream.h:93]   --->   Operation 271 'store' 'store_ln35' <Predicate = (i_in_1 == 18)> <Delay = 0.00>
ST_2 : Operation 272 [1/1] (0.00ns)   --->   "%store_ln35 = store i16 %trunc_ln35_3, i16 %p_0_3_0_0_087314" [firmware/nnet_utils/nnet_dense_stream.h:35->firmware/nnet_utils/nnet_dense_stream.h:93]   --->   Operation 272 'store' 'store_ln35' <Predicate = (i_in_1 == 18)> <Delay = 0.00>
ST_2 : Operation 273 [1/1] (0.00ns)   --->   "%store_ln35 = store i16 %trunc_ln35_4, i16 %p_0_4_0_0_089312" [firmware/nnet_utils/nnet_dense_stream.h:35->firmware/nnet_utils/nnet_dense_stream.h:93]   --->   Operation 273 'store' 'store_ln35' <Predicate = (i_in_1 == 18)> <Delay = 0.00>
ST_2 : Operation 274 [1/1] (0.00ns)   --->   "%store_ln35 = store i16 %trunc_ln35_5, i16 %p_0_5_0_0_091310" [firmware/nnet_utils/nnet_dense_stream.h:35->firmware/nnet_utils/nnet_dense_stream.h:93]   --->   Operation 274 'store' 'store_ln35' <Predicate = (i_in_1 == 18)> <Delay = 0.00>
ST_2 : Operation 275 [1/1] (0.00ns)   --->   "%store_ln35 = store i16 %trunc_ln35_6, i16 %p_0_6_0_0_093308" [firmware/nnet_utils/nnet_dense_stream.h:35->firmware/nnet_utils/nnet_dense_stream.h:93]   --->   Operation 275 'store' 'store_ln35' <Predicate = (i_in_1 == 18)> <Delay = 0.00>
ST_2 : Operation 276 [1/1] (0.00ns)   --->   "%store_ln35 = store i16 %trunc_ln35_7, i16 %p_0_7_0_0_095306" [firmware/nnet_utils/nnet_dense_stream.h:35->firmware/nnet_utils/nnet_dense_stream.h:93]   --->   Operation 276 'store' 'store_ln35' <Predicate = (i_in_1 == 18)> <Delay = 0.00>
ST_2 : Operation 277 [1/1] (0.00ns)   --->   "%br_ln39 = br void %arrayidx.i3.7.exit" [firmware/nnet_utils/nnet_dense_stream.h:39->firmware/nnet_utils/nnet_dense_stream.h:93]   --->   Operation 277 'br' 'br_ln39' <Predicate = (i_in_1 == 18)> <Delay = 0.00>
ST_2 : Operation 278 [1/1] (0.00ns)   --->   "%store_ln35 = store i16 %trunc_ln35, i16 %p_0_0_0_0_097304" [firmware/nnet_utils/nnet_dense_stream.h:35->firmware/nnet_utils/nnet_dense_stream.h:93]   --->   Operation 278 'store' 'store_ln35' <Predicate = (i_in_1 == 17)> <Delay = 0.00>
ST_2 : Operation 279 [1/1] (0.00ns)   --->   "%store_ln35 = store i16 %trunc_ln35_1, i16 %p_0_1_0_0_099302" [firmware/nnet_utils/nnet_dense_stream.h:35->firmware/nnet_utils/nnet_dense_stream.h:93]   --->   Operation 279 'store' 'store_ln35' <Predicate = (i_in_1 == 17)> <Delay = 0.00>
ST_2 : Operation 280 [1/1] (0.00ns)   --->   "%store_ln35 = store i16 %trunc_ln35_2, i16 %p_0_2_0_0_0101300" [firmware/nnet_utils/nnet_dense_stream.h:35->firmware/nnet_utils/nnet_dense_stream.h:93]   --->   Operation 280 'store' 'store_ln35' <Predicate = (i_in_1 == 17)> <Delay = 0.00>
ST_2 : Operation 281 [1/1] (0.00ns)   --->   "%store_ln35 = store i16 %trunc_ln35_3, i16 %p_0_3_0_0_0103298" [firmware/nnet_utils/nnet_dense_stream.h:35->firmware/nnet_utils/nnet_dense_stream.h:93]   --->   Operation 281 'store' 'store_ln35' <Predicate = (i_in_1 == 17)> <Delay = 0.00>
ST_2 : Operation 282 [1/1] (0.00ns)   --->   "%store_ln35 = store i16 %trunc_ln35_4, i16 %p_0_4_0_0_0105296" [firmware/nnet_utils/nnet_dense_stream.h:35->firmware/nnet_utils/nnet_dense_stream.h:93]   --->   Operation 282 'store' 'store_ln35' <Predicate = (i_in_1 == 17)> <Delay = 0.00>
ST_2 : Operation 283 [1/1] (0.00ns)   --->   "%store_ln35 = store i16 %trunc_ln35_5, i16 %p_0_5_0_0_0107294" [firmware/nnet_utils/nnet_dense_stream.h:35->firmware/nnet_utils/nnet_dense_stream.h:93]   --->   Operation 283 'store' 'store_ln35' <Predicate = (i_in_1 == 17)> <Delay = 0.00>
ST_2 : Operation 284 [1/1] (0.00ns)   --->   "%store_ln35 = store i16 %trunc_ln35_6, i16 %p_0_6_0_0_0109292" [firmware/nnet_utils/nnet_dense_stream.h:35->firmware/nnet_utils/nnet_dense_stream.h:93]   --->   Operation 284 'store' 'store_ln35' <Predicate = (i_in_1 == 17)> <Delay = 0.00>
ST_2 : Operation 285 [1/1] (0.00ns)   --->   "%store_ln35 = store i16 %trunc_ln35_7, i16 %p_0_7_0_0_0111290" [firmware/nnet_utils/nnet_dense_stream.h:35->firmware/nnet_utils/nnet_dense_stream.h:93]   --->   Operation 285 'store' 'store_ln35' <Predicate = (i_in_1 == 17)> <Delay = 0.00>
ST_2 : Operation 286 [1/1] (0.00ns)   --->   "%br_ln39 = br void %arrayidx.i3.7.exit" [firmware/nnet_utils/nnet_dense_stream.h:39->firmware/nnet_utils/nnet_dense_stream.h:93]   --->   Operation 286 'br' 'br_ln39' <Predicate = (i_in_1 == 17)> <Delay = 0.00>
ST_2 : Operation 287 [1/1] (0.00ns)   --->   "%store_ln35 = store i16 %trunc_ln35, i16 %p_0_0_0_0_0113288" [firmware/nnet_utils/nnet_dense_stream.h:35->firmware/nnet_utils/nnet_dense_stream.h:93]   --->   Operation 287 'store' 'store_ln35' <Predicate = (i_in_1 == 16)> <Delay = 0.00>
ST_2 : Operation 288 [1/1] (0.00ns)   --->   "%store_ln35 = store i16 %trunc_ln35_1, i16 %p_0_1_0_0_0115286" [firmware/nnet_utils/nnet_dense_stream.h:35->firmware/nnet_utils/nnet_dense_stream.h:93]   --->   Operation 288 'store' 'store_ln35' <Predicate = (i_in_1 == 16)> <Delay = 0.00>
ST_2 : Operation 289 [1/1] (0.00ns)   --->   "%store_ln35 = store i16 %trunc_ln35_2, i16 %p_0_2_0_0_0117284" [firmware/nnet_utils/nnet_dense_stream.h:35->firmware/nnet_utils/nnet_dense_stream.h:93]   --->   Operation 289 'store' 'store_ln35' <Predicate = (i_in_1 == 16)> <Delay = 0.00>
ST_2 : Operation 290 [1/1] (0.00ns)   --->   "%store_ln35 = store i16 %trunc_ln35_3, i16 %p_0_3_0_0_0119282" [firmware/nnet_utils/nnet_dense_stream.h:35->firmware/nnet_utils/nnet_dense_stream.h:93]   --->   Operation 290 'store' 'store_ln35' <Predicate = (i_in_1 == 16)> <Delay = 0.00>
ST_2 : Operation 291 [1/1] (0.00ns)   --->   "%store_ln35 = store i16 %trunc_ln35_4, i16 %p_0_4_0_0_0121280" [firmware/nnet_utils/nnet_dense_stream.h:35->firmware/nnet_utils/nnet_dense_stream.h:93]   --->   Operation 291 'store' 'store_ln35' <Predicate = (i_in_1 == 16)> <Delay = 0.00>
ST_2 : Operation 292 [1/1] (0.00ns)   --->   "%store_ln35 = store i16 %trunc_ln35_5, i16 %p_0_5_0_0_0123278" [firmware/nnet_utils/nnet_dense_stream.h:35->firmware/nnet_utils/nnet_dense_stream.h:93]   --->   Operation 292 'store' 'store_ln35' <Predicate = (i_in_1 == 16)> <Delay = 0.00>
ST_2 : Operation 293 [1/1] (0.00ns)   --->   "%store_ln35 = store i16 %trunc_ln35_6, i16 %p_0_6_0_0_0125276" [firmware/nnet_utils/nnet_dense_stream.h:35->firmware/nnet_utils/nnet_dense_stream.h:93]   --->   Operation 293 'store' 'store_ln35' <Predicate = (i_in_1 == 16)> <Delay = 0.00>
ST_2 : Operation 294 [1/1] (0.00ns)   --->   "%store_ln35 = store i16 %trunc_ln35_7, i16 %p_0_7_0_0_0127274" [firmware/nnet_utils/nnet_dense_stream.h:35->firmware/nnet_utils/nnet_dense_stream.h:93]   --->   Operation 294 'store' 'store_ln35' <Predicate = (i_in_1 == 16)> <Delay = 0.00>
ST_2 : Operation 295 [1/1] (0.00ns)   --->   "%br_ln39 = br void %arrayidx.i3.7.exit" [firmware/nnet_utils/nnet_dense_stream.h:39->firmware/nnet_utils/nnet_dense_stream.h:93]   --->   Operation 295 'br' 'br_ln39' <Predicate = (i_in_1 == 16)> <Delay = 0.00>
ST_2 : Operation 296 [1/1] (0.00ns)   --->   "%store_ln35 = store i16 %trunc_ln35, i16 %p_0_0_0_0_0129272" [firmware/nnet_utils/nnet_dense_stream.h:35->firmware/nnet_utils/nnet_dense_stream.h:93]   --->   Operation 296 'store' 'store_ln35' <Predicate = (i_in_1 == 15)> <Delay = 0.00>
ST_2 : Operation 297 [1/1] (0.00ns)   --->   "%store_ln35 = store i16 %trunc_ln35_1, i16 %p_0_1_0_0_0131270" [firmware/nnet_utils/nnet_dense_stream.h:35->firmware/nnet_utils/nnet_dense_stream.h:93]   --->   Operation 297 'store' 'store_ln35' <Predicate = (i_in_1 == 15)> <Delay = 0.00>
ST_2 : Operation 298 [1/1] (0.00ns)   --->   "%store_ln35 = store i16 %trunc_ln35_2, i16 %p_0_2_0_0_0133268" [firmware/nnet_utils/nnet_dense_stream.h:35->firmware/nnet_utils/nnet_dense_stream.h:93]   --->   Operation 298 'store' 'store_ln35' <Predicate = (i_in_1 == 15)> <Delay = 0.00>
ST_2 : Operation 299 [1/1] (0.00ns)   --->   "%store_ln35 = store i16 %trunc_ln35_3, i16 %p_0_3_0_0_0135266" [firmware/nnet_utils/nnet_dense_stream.h:35->firmware/nnet_utils/nnet_dense_stream.h:93]   --->   Operation 299 'store' 'store_ln35' <Predicate = (i_in_1 == 15)> <Delay = 0.00>
ST_2 : Operation 300 [1/1] (0.00ns)   --->   "%store_ln35 = store i16 %trunc_ln35_4, i16 %p_0_4_0_0_0137264" [firmware/nnet_utils/nnet_dense_stream.h:35->firmware/nnet_utils/nnet_dense_stream.h:93]   --->   Operation 300 'store' 'store_ln35' <Predicate = (i_in_1 == 15)> <Delay = 0.00>
ST_2 : Operation 301 [1/1] (0.00ns)   --->   "%store_ln35 = store i16 %trunc_ln35_5, i16 %p_0_5_0_0_0139262" [firmware/nnet_utils/nnet_dense_stream.h:35->firmware/nnet_utils/nnet_dense_stream.h:93]   --->   Operation 301 'store' 'store_ln35' <Predicate = (i_in_1 == 15)> <Delay = 0.00>
ST_2 : Operation 302 [1/1] (0.00ns)   --->   "%store_ln35 = store i16 %trunc_ln35_6, i16 %p_0_6_0_0_0141260" [firmware/nnet_utils/nnet_dense_stream.h:35->firmware/nnet_utils/nnet_dense_stream.h:93]   --->   Operation 302 'store' 'store_ln35' <Predicate = (i_in_1 == 15)> <Delay = 0.00>
ST_2 : Operation 303 [1/1] (0.00ns)   --->   "%store_ln35 = store i16 %trunc_ln35_7, i16 %p_0_7_0_0_0143258" [firmware/nnet_utils/nnet_dense_stream.h:35->firmware/nnet_utils/nnet_dense_stream.h:93]   --->   Operation 303 'store' 'store_ln35' <Predicate = (i_in_1 == 15)> <Delay = 0.00>
ST_2 : Operation 304 [1/1] (0.00ns)   --->   "%br_ln39 = br void %arrayidx.i3.7.exit" [firmware/nnet_utils/nnet_dense_stream.h:39->firmware/nnet_utils/nnet_dense_stream.h:93]   --->   Operation 304 'br' 'br_ln39' <Predicate = (i_in_1 == 15)> <Delay = 0.00>
ST_2 : Operation 305 [1/1] (0.00ns)   --->   "%store_ln35 = store i16 %trunc_ln35, i16 %p_0_0_0_0_0145256" [firmware/nnet_utils/nnet_dense_stream.h:35->firmware/nnet_utils/nnet_dense_stream.h:93]   --->   Operation 305 'store' 'store_ln35' <Predicate = (i_in_1 == 14)> <Delay = 0.00>
ST_2 : Operation 306 [1/1] (0.00ns)   --->   "%store_ln35 = store i16 %trunc_ln35_1, i16 %p_0_1_0_0_0147254" [firmware/nnet_utils/nnet_dense_stream.h:35->firmware/nnet_utils/nnet_dense_stream.h:93]   --->   Operation 306 'store' 'store_ln35' <Predicate = (i_in_1 == 14)> <Delay = 0.00>
ST_2 : Operation 307 [1/1] (0.00ns)   --->   "%store_ln35 = store i16 %trunc_ln35_2, i16 %p_0_2_0_0_0149252" [firmware/nnet_utils/nnet_dense_stream.h:35->firmware/nnet_utils/nnet_dense_stream.h:93]   --->   Operation 307 'store' 'store_ln35' <Predicate = (i_in_1 == 14)> <Delay = 0.00>
ST_2 : Operation 308 [1/1] (0.00ns)   --->   "%store_ln35 = store i16 %trunc_ln35_3, i16 %p_0_3_0_0_0151250" [firmware/nnet_utils/nnet_dense_stream.h:35->firmware/nnet_utils/nnet_dense_stream.h:93]   --->   Operation 308 'store' 'store_ln35' <Predicate = (i_in_1 == 14)> <Delay = 0.00>
ST_2 : Operation 309 [1/1] (0.00ns)   --->   "%store_ln35 = store i16 %trunc_ln35_4, i16 %p_0_4_0_0_0153248" [firmware/nnet_utils/nnet_dense_stream.h:35->firmware/nnet_utils/nnet_dense_stream.h:93]   --->   Operation 309 'store' 'store_ln35' <Predicate = (i_in_1 == 14)> <Delay = 0.00>
ST_2 : Operation 310 [1/1] (0.00ns)   --->   "%store_ln35 = store i16 %trunc_ln35_5, i16 %p_0_5_0_0_0155246" [firmware/nnet_utils/nnet_dense_stream.h:35->firmware/nnet_utils/nnet_dense_stream.h:93]   --->   Operation 310 'store' 'store_ln35' <Predicate = (i_in_1 == 14)> <Delay = 0.00>
ST_2 : Operation 311 [1/1] (0.00ns)   --->   "%store_ln35 = store i16 %trunc_ln35_6, i16 %p_0_6_0_0_0157244" [firmware/nnet_utils/nnet_dense_stream.h:35->firmware/nnet_utils/nnet_dense_stream.h:93]   --->   Operation 311 'store' 'store_ln35' <Predicate = (i_in_1 == 14)> <Delay = 0.00>
ST_2 : Operation 312 [1/1] (0.00ns)   --->   "%store_ln35 = store i16 %trunc_ln35_7, i16 %p_0_7_0_0_0159242" [firmware/nnet_utils/nnet_dense_stream.h:35->firmware/nnet_utils/nnet_dense_stream.h:93]   --->   Operation 312 'store' 'store_ln35' <Predicate = (i_in_1 == 14)> <Delay = 0.00>
ST_2 : Operation 313 [1/1] (0.00ns)   --->   "%br_ln39 = br void %arrayidx.i3.7.exit" [firmware/nnet_utils/nnet_dense_stream.h:39->firmware/nnet_utils/nnet_dense_stream.h:93]   --->   Operation 313 'br' 'br_ln39' <Predicate = (i_in_1 == 14)> <Delay = 0.00>
ST_2 : Operation 314 [1/1] (0.00ns)   --->   "%store_ln35 = store i16 %trunc_ln35, i16 %p_0_0_0_0_0161240" [firmware/nnet_utils/nnet_dense_stream.h:35->firmware/nnet_utils/nnet_dense_stream.h:93]   --->   Operation 314 'store' 'store_ln35' <Predicate = (i_in_1 == 13)> <Delay = 0.00>
ST_2 : Operation 315 [1/1] (0.00ns)   --->   "%store_ln35 = store i16 %trunc_ln35_1, i16 %p_0_1_0_0_0163238" [firmware/nnet_utils/nnet_dense_stream.h:35->firmware/nnet_utils/nnet_dense_stream.h:93]   --->   Operation 315 'store' 'store_ln35' <Predicate = (i_in_1 == 13)> <Delay = 0.00>
ST_2 : Operation 316 [1/1] (0.00ns)   --->   "%store_ln35 = store i16 %trunc_ln35_2, i16 %p_0_2_0_0_0165236" [firmware/nnet_utils/nnet_dense_stream.h:35->firmware/nnet_utils/nnet_dense_stream.h:93]   --->   Operation 316 'store' 'store_ln35' <Predicate = (i_in_1 == 13)> <Delay = 0.00>
ST_2 : Operation 317 [1/1] (0.00ns)   --->   "%store_ln35 = store i16 %trunc_ln35_3, i16 %p_0_3_0_0_0167234" [firmware/nnet_utils/nnet_dense_stream.h:35->firmware/nnet_utils/nnet_dense_stream.h:93]   --->   Operation 317 'store' 'store_ln35' <Predicate = (i_in_1 == 13)> <Delay = 0.00>
ST_2 : Operation 318 [1/1] (0.00ns)   --->   "%store_ln35 = store i16 %trunc_ln35_4, i16 %p_0_4_0_0_0169232" [firmware/nnet_utils/nnet_dense_stream.h:35->firmware/nnet_utils/nnet_dense_stream.h:93]   --->   Operation 318 'store' 'store_ln35' <Predicate = (i_in_1 == 13)> <Delay = 0.00>
ST_2 : Operation 319 [1/1] (0.00ns)   --->   "%store_ln35 = store i16 %trunc_ln35_5, i16 %p_0_5_0_0_0171230" [firmware/nnet_utils/nnet_dense_stream.h:35->firmware/nnet_utils/nnet_dense_stream.h:93]   --->   Operation 319 'store' 'store_ln35' <Predicate = (i_in_1 == 13)> <Delay = 0.00>
ST_2 : Operation 320 [1/1] (0.00ns)   --->   "%store_ln35 = store i16 %trunc_ln35_6, i16 %p_0_6_0_0_0173228" [firmware/nnet_utils/nnet_dense_stream.h:35->firmware/nnet_utils/nnet_dense_stream.h:93]   --->   Operation 320 'store' 'store_ln35' <Predicate = (i_in_1 == 13)> <Delay = 0.00>
ST_2 : Operation 321 [1/1] (0.00ns)   --->   "%store_ln35 = store i16 %trunc_ln35_7, i16 %p_0_7_0_0_0175226" [firmware/nnet_utils/nnet_dense_stream.h:35->firmware/nnet_utils/nnet_dense_stream.h:93]   --->   Operation 321 'store' 'store_ln35' <Predicate = (i_in_1 == 13)> <Delay = 0.00>
ST_2 : Operation 322 [1/1] (0.00ns)   --->   "%br_ln39 = br void %arrayidx.i3.7.exit" [firmware/nnet_utils/nnet_dense_stream.h:39->firmware/nnet_utils/nnet_dense_stream.h:93]   --->   Operation 322 'br' 'br_ln39' <Predicate = (i_in_1 == 13)> <Delay = 0.00>
ST_2 : Operation 323 [1/1] (0.00ns)   --->   "%store_ln35 = store i16 %trunc_ln35, i16 %p_0_0_0_0_0177224" [firmware/nnet_utils/nnet_dense_stream.h:35->firmware/nnet_utils/nnet_dense_stream.h:93]   --->   Operation 323 'store' 'store_ln35' <Predicate = (i_in_1 == 12)> <Delay = 0.00>
ST_2 : Operation 324 [1/1] (0.00ns)   --->   "%store_ln35 = store i16 %trunc_ln35_1, i16 %p_0_1_0_0_0179222" [firmware/nnet_utils/nnet_dense_stream.h:35->firmware/nnet_utils/nnet_dense_stream.h:93]   --->   Operation 324 'store' 'store_ln35' <Predicate = (i_in_1 == 12)> <Delay = 0.00>
ST_2 : Operation 325 [1/1] (0.00ns)   --->   "%store_ln35 = store i16 %trunc_ln35_2, i16 %p_0_2_0_0_0181220" [firmware/nnet_utils/nnet_dense_stream.h:35->firmware/nnet_utils/nnet_dense_stream.h:93]   --->   Operation 325 'store' 'store_ln35' <Predicate = (i_in_1 == 12)> <Delay = 0.00>
ST_2 : Operation 326 [1/1] (0.00ns)   --->   "%store_ln35 = store i16 %trunc_ln35_3, i16 %p_0_3_0_0_0183218" [firmware/nnet_utils/nnet_dense_stream.h:35->firmware/nnet_utils/nnet_dense_stream.h:93]   --->   Operation 326 'store' 'store_ln35' <Predicate = (i_in_1 == 12)> <Delay = 0.00>
ST_2 : Operation 327 [1/1] (0.00ns)   --->   "%store_ln35 = store i16 %trunc_ln35_4, i16 %p_0_4_0_0_0185216" [firmware/nnet_utils/nnet_dense_stream.h:35->firmware/nnet_utils/nnet_dense_stream.h:93]   --->   Operation 327 'store' 'store_ln35' <Predicate = (i_in_1 == 12)> <Delay = 0.00>
ST_2 : Operation 328 [1/1] (0.00ns)   --->   "%store_ln35 = store i16 %trunc_ln35_5, i16 %p_0_5_0_0_0187214" [firmware/nnet_utils/nnet_dense_stream.h:35->firmware/nnet_utils/nnet_dense_stream.h:93]   --->   Operation 328 'store' 'store_ln35' <Predicate = (i_in_1 == 12)> <Delay = 0.00>
ST_2 : Operation 329 [1/1] (0.00ns)   --->   "%store_ln35 = store i16 %trunc_ln35_6, i16 %p_0_6_0_0_0189212" [firmware/nnet_utils/nnet_dense_stream.h:35->firmware/nnet_utils/nnet_dense_stream.h:93]   --->   Operation 329 'store' 'store_ln35' <Predicate = (i_in_1 == 12)> <Delay = 0.00>
ST_2 : Operation 330 [1/1] (0.00ns)   --->   "%store_ln35 = store i16 %trunc_ln35_7, i16 %p_0_7_0_0_0191210" [firmware/nnet_utils/nnet_dense_stream.h:35->firmware/nnet_utils/nnet_dense_stream.h:93]   --->   Operation 330 'store' 'store_ln35' <Predicate = (i_in_1 == 12)> <Delay = 0.00>
ST_2 : Operation 331 [1/1] (0.00ns)   --->   "%br_ln39 = br void %arrayidx.i3.7.exit" [firmware/nnet_utils/nnet_dense_stream.h:39->firmware/nnet_utils/nnet_dense_stream.h:93]   --->   Operation 331 'br' 'br_ln39' <Predicate = (i_in_1 == 12)> <Delay = 0.00>
ST_2 : Operation 332 [1/1] (0.00ns)   --->   "%store_ln35 = store i16 %trunc_ln35, i16 %p_0_0_0_0_0193208" [firmware/nnet_utils/nnet_dense_stream.h:35->firmware/nnet_utils/nnet_dense_stream.h:93]   --->   Operation 332 'store' 'store_ln35' <Predicate = (i_in_1 == 11)> <Delay = 0.00>
ST_2 : Operation 333 [1/1] (0.00ns)   --->   "%store_ln35 = store i16 %trunc_ln35_1, i16 %p_0_1_0_0_0195206" [firmware/nnet_utils/nnet_dense_stream.h:35->firmware/nnet_utils/nnet_dense_stream.h:93]   --->   Operation 333 'store' 'store_ln35' <Predicate = (i_in_1 == 11)> <Delay = 0.00>
ST_2 : Operation 334 [1/1] (0.00ns)   --->   "%store_ln35 = store i16 %trunc_ln35_2, i16 %p_0_2_0_0_0197204" [firmware/nnet_utils/nnet_dense_stream.h:35->firmware/nnet_utils/nnet_dense_stream.h:93]   --->   Operation 334 'store' 'store_ln35' <Predicate = (i_in_1 == 11)> <Delay = 0.00>
ST_2 : Operation 335 [1/1] (0.00ns)   --->   "%store_ln35 = store i16 %trunc_ln35_3, i16 %p_0_3_0_0_0199202" [firmware/nnet_utils/nnet_dense_stream.h:35->firmware/nnet_utils/nnet_dense_stream.h:93]   --->   Operation 335 'store' 'store_ln35' <Predicate = (i_in_1 == 11)> <Delay = 0.00>
ST_2 : Operation 336 [1/1] (0.00ns)   --->   "%store_ln35 = store i16 %trunc_ln35_4, i16 %p_0_4_0_0_0201200" [firmware/nnet_utils/nnet_dense_stream.h:35->firmware/nnet_utils/nnet_dense_stream.h:93]   --->   Operation 336 'store' 'store_ln35' <Predicate = (i_in_1 == 11)> <Delay = 0.00>
ST_2 : Operation 337 [1/1] (0.00ns)   --->   "%store_ln35 = store i16 %trunc_ln35_5, i16 %p_0_5_0_0_0203198" [firmware/nnet_utils/nnet_dense_stream.h:35->firmware/nnet_utils/nnet_dense_stream.h:93]   --->   Operation 337 'store' 'store_ln35' <Predicate = (i_in_1 == 11)> <Delay = 0.00>
ST_2 : Operation 338 [1/1] (0.00ns)   --->   "%store_ln35 = store i16 %trunc_ln35_6, i16 %p_0_6_0_0_0205196" [firmware/nnet_utils/nnet_dense_stream.h:35->firmware/nnet_utils/nnet_dense_stream.h:93]   --->   Operation 338 'store' 'store_ln35' <Predicate = (i_in_1 == 11)> <Delay = 0.00>
ST_2 : Operation 339 [1/1] (0.00ns)   --->   "%store_ln35 = store i16 %trunc_ln35_7, i16 %p_0_7_0_0_0207194" [firmware/nnet_utils/nnet_dense_stream.h:35->firmware/nnet_utils/nnet_dense_stream.h:93]   --->   Operation 339 'store' 'store_ln35' <Predicate = (i_in_1 == 11)> <Delay = 0.00>
ST_2 : Operation 340 [1/1] (0.00ns)   --->   "%br_ln39 = br void %arrayidx.i3.7.exit" [firmware/nnet_utils/nnet_dense_stream.h:39->firmware/nnet_utils/nnet_dense_stream.h:93]   --->   Operation 340 'br' 'br_ln39' <Predicate = (i_in_1 == 11)> <Delay = 0.00>
ST_2 : Operation 341 [1/1] (0.00ns)   --->   "%store_ln35 = store i16 %trunc_ln35, i16 %p_0_0_0_0_0209192" [firmware/nnet_utils/nnet_dense_stream.h:35->firmware/nnet_utils/nnet_dense_stream.h:93]   --->   Operation 341 'store' 'store_ln35' <Predicate = (i_in_1 == 10)> <Delay = 0.00>
ST_2 : Operation 342 [1/1] (0.00ns)   --->   "%store_ln35 = store i16 %trunc_ln35_1, i16 %p_0_1_0_0_0211190" [firmware/nnet_utils/nnet_dense_stream.h:35->firmware/nnet_utils/nnet_dense_stream.h:93]   --->   Operation 342 'store' 'store_ln35' <Predicate = (i_in_1 == 10)> <Delay = 0.00>
ST_2 : Operation 343 [1/1] (0.00ns)   --->   "%store_ln35 = store i16 %trunc_ln35_2, i16 %p_0_2_0_0_0213188" [firmware/nnet_utils/nnet_dense_stream.h:35->firmware/nnet_utils/nnet_dense_stream.h:93]   --->   Operation 343 'store' 'store_ln35' <Predicate = (i_in_1 == 10)> <Delay = 0.00>
ST_2 : Operation 344 [1/1] (0.00ns)   --->   "%store_ln35 = store i16 %trunc_ln35_3, i16 %p_0_3_0_0_0215186" [firmware/nnet_utils/nnet_dense_stream.h:35->firmware/nnet_utils/nnet_dense_stream.h:93]   --->   Operation 344 'store' 'store_ln35' <Predicate = (i_in_1 == 10)> <Delay = 0.00>
ST_2 : Operation 345 [1/1] (0.00ns)   --->   "%store_ln35 = store i16 %trunc_ln35_4, i16 %p_0_4_0_0_0217184" [firmware/nnet_utils/nnet_dense_stream.h:35->firmware/nnet_utils/nnet_dense_stream.h:93]   --->   Operation 345 'store' 'store_ln35' <Predicate = (i_in_1 == 10)> <Delay = 0.00>
ST_2 : Operation 346 [1/1] (0.00ns)   --->   "%store_ln35 = store i16 %trunc_ln35_5, i16 %p_0_5_0_0_0219182" [firmware/nnet_utils/nnet_dense_stream.h:35->firmware/nnet_utils/nnet_dense_stream.h:93]   --->   Operation 346 'store' 'store_ln35' <Predicate = (i_in_1 == 10)> <Delay = 0.00>
ST_2 : Operation 347 [1/1] (0.00ns)   --->   "%store_ln35 = store i16 %trunc_ln35_6, i16 %p_0_6_0_0_0221180" [firmware/nnet_utils/nnet_dense_stream.h:35->firmware/nnet_utils/nnet_dense_stream.h:93]   --->   Operation 347 'store' 'store_ln35' <Predicate = (i_in_1 == 10)> <Delay = 0.00>
ST_2 : Operation 348 [1/1] (0.00ns)   --->   "%store_ln35 = store i16 %trunc_ln35_7, i16 %p_0_7_0_0_0223178" [firmware/nnet_utils/nnet_dense_stream.h:35->firmware/nnet_utils/nnet_dense_stream.h:93]   --->   Operation 348 'store' 'store_ln35' <Predicate = (i_in_1 == 10)> <Delay = 0.00>
ST_2 : Operation 349 [1/1] (0.00ns)   --->   "%br_ln39 = br void %arrayidx.i3.7.exit" [firmware/nnet_utils/nnet_dense_stream.h:39->firmware/nnet_utils/nnet_dense_stream.h:93]   --->   Operation 349 'br' 'br_ln39' <Predicate = (i_in_1 == 10)> <Delay = 0.00>
ST_2 : Operation 350 [1/1] (0.00ns)   --->   "%store_ln35 = store i16 %trunc_ln35, i16 %p_0_0_0_0_0225176" [firmware/nnet_utils/nnet_dense_stream.h:35->firmware/nnet_utils/nnet_dense_stream.h:93]   --->   Operation 350 'store' 'store_ln35' <Predicate = (i_in_1 == 9)> <Delay = 0.00>
ST_2 : Operation 351 [1/1] (0.00ns)   --->   "%store_ln35 = store i16 %trunc_ln35_1, i16 %p_0_1_0_0_0227174" [firmware/nnet_utils/nnet_dense_stream.h:35->firmware/nnet_utils/nnet_dense_stream.h:93]   --->   Operation 351 'store' 'store_ln35' <Predicate = (i_in_1 == 9)> <Delay = 0.00>
ST_2 : Operation 352 [1/1] (0.00ns)   --->   "%store_ln35 = store i16 %trunc_ln35_2, i16 %p_0_2_0_0_0229172" [firmware/nnet_utils/nnet_dense_stream.h:35->firmware/nnet_utils/nnet_dense_stream.h:93]   --->   Operation 352 'store' 'store_ln35' <Predicate = (i_in_1 == 9)> <Delay = 0.00>
ST_2 : Operation 353 [1/1] (0.00ns)   --->   "%store_ln35 = store i16 %trunc_ln35_3, i16 %p_0_3_0_0_0231170" [firmware/nnet_utils/nnet_dense_stream.h:35->firmware/nnet_utils/nnet_dense_stream.h:93]   --->   Operation 353 'store' 'store_ln35' <Predicate = (i_in_1 == 9)> <Delay = 0.00>
ST_2 : Operation 354 [1/1] (0.00ns)   --->   "%store_ln35 = store i16 %trunc_ln35_4, i16 %p_0_4_0_0_0233168" [firmware/nnet_utils/nnet_dense_stream.h:35->firmware/nnet_utils/nnet_dense_stream.h:93]   --->   Operation 354 'store' 'store_ln35' <Predicate = (i_in_1 == 9)> <Delay = 0.00>
ST_2 : Operation 355 [1/1] (0.00ns)   --->   "%store_ln35 = store i16 %trunc_ln35_5, i16 %p_0_5_0_0_0235166" [firmware/nnet_utils/nnet_dense_stream.h:35->firmware/nnet_utils/nnet_dense_stream.h:93]   --->   Operation 355 'store' 'store_ln35' <Predicate = (i_in_1 == 9)> <Delay = 0.00>
ST_2 : Operation 356 [1/1] (0.00ns)   --->   "%store_ln35 = store i16 %trunc_ln35_6, i16 %p_0_6_0_0_0237164" [firmware/nnet_utils/nnet_dense_stream.h:35->firmware/nnet_utils/nnet_dense_stream.h:93]   --->   Operation 356 'store' 'store_ln35' <Predicate = (i_in_1 == 9)> <Delay = 0.00>
ST_2 : Operation 357 [1/1] (0.00ns)   --->   "%store_ln35 = store i16 %trunc_ln35_7, i16 %p_0_7_0_0_0239162" [firmware/nnet_utils/nnet_dense_stream.h:35->firmware/nnet_utils/nnet_dense_stream.h:93]   --->   Operation 357 'store' 'store_ln35' <Predicate = (i_in_1 == 9)> <Delay = 0.00>
ST_2 : Operation 358 [1/1] (0.00ns)   --->   "%br_ln39 = br void %arrayidx.i3.7.exit" [firmware/nnet_utils/nnet_dense_stream.h:39->firmware/nnet_utils/nnet_dense_stream.h:93]   --->   Operation 358 'br' 'br_ln39' <Predicate = (i_in_1 == 9)> <Delay = 0.00>
ST_2 : Operation 359 [1/1] (0.00ns)   --->   "%store_ln35 = store i16 %trunc_ln35, i16 %p_0_0_0_0_0241160" [firmware/nnet_utils/nnet_dense_stream.h:35->firmware/nnet_utils/nnet_dense_stream.h:93]   --->   Operation 359 'store' 'store_ln35' <Predicate = (i_in_1 == 8)> <Delay = 0.00>
ST_2 : Operation 360 [1/1] (0.00ns)   --->   "%store_ln35 = store i16 %trunc_ln35_1, i16 %p_0_1_0_0_0243158" [firmware/nnet_utils/nnet_dense_stream.h:35->firmware/nnet_utils/nnet_dense_stream.h:93]   --->   Operation 360 'store' 'store_ln35' <Predicate = (i_in_1 == 8)> <Delay = 0.00>
ST_2 : Operation 361 [1/1] (0.00ns)   --->   "%store_ln35 = store i16 %trunc_ln35_2, i16 %p_0_2_0_0_0245156" [firmware/nnet_utils/nnet_dense_stream.h:35->firmware/nnet_utils/nnet_dense_stream.h:93]   --->   Operation 361 'store' 'store_ln35' <Predicate = (i_in_1 == 8)> <Delay = 0.00>
ST_2 : Operation 362 [1/1] (0.00ns)   --->   "%store_ln35 = store i16 %trunc_ln35_3, i16 %p_0_3_0_0_0247154" [firmware/nnet_utils/nnet_dense_stream.h:35->firmware/nnet_utils/nnet_dense_stream.h:93]   --->   Operation 362 'store' 'store_ln35' <Predicate = (i_in_1 == 8)> <Delay = 0.00>
ST_2 : Operation 363 [1/1] (0.00ns)   --->   "%store_ln35 = store i16 %trunc_ln35_4, i16 %p_0_4_0_0_0249152" [firmware/nnet_utils/nnet_dense_stream.h:35->firmware/nnet_utils/nnet_dense_stream.h:93]   --->   Operation 363 'store' 'store_ln35' <Predicate = (i_in_1 == 8)> <Delay = 0.00>
ST_2 : Operation 364 [1/1] (0.00ns)   --->   "%store_ln35 = store i16 %trunc_ln35_5, i16 %p_0_5_0_0_0251150" [firmware/nnet_utils/nnet_dense_stream.h:35->firmware/nnet_utils/nnet_dense_stream.h:93]   --->   Operation 364 'store' 'store_ln35' <Predicate = (i_in_1 == 8)> <Delay = 0.00>
ST_2 : Operation 365 [1/1] (0.00ns)   --->   "%store_ln35 = store i16 %trunc_ln35_6, i16 %p_0_6_0_0_0253148" [firmware/nnet_utils/nnet_dense_stream.h:35->firmware/nnet_utils/nnet_dense_stream.h:93]   --->   Operation 365 'store' 'store_ln35' <Predicate = (i_in_1 == 8)> <Delay = 0.00>
ST_2 : Operation 366 [1/1] (0.00ns)   --->   "%store_ln35 = store i16 %trunc_ln35_7, i16 %p_0_7_0_0_0255146" [firmware/nnet_utils/nnet_dense_stream.h:35->firmware/nnet_utils/nnet_dense_stream.h:93]   --->   Operation 366 'store' 'store_ln35' <Predicate = (i_in_1 == 8)> <Delay = 0.00>
ST_2 : Operation 367 [1/1] (0.00ns)   --->   "%br_ln39 = br void %arrayidx.i3.7.exit" [firmware/nnet_utils/nnet_dense_stream.h:39->firmware/nnet_utils/nnet_dense_stream.h:93]   --->   Operation 367 'br' 'br_ln39' <Predicate = (i_in_1 == 8)> <Delay = 0.00>
ST_2 : Operation 368 [1/1] (0.00ns)   --->   "%store_ln35 = store i16 %trunc_ln35, i16 %p_0_0_0_0_0257144" [firmware/nnet_utils/nnet_dense_stream.h:35->firmware/nnet_utils/nnet_dense_stream.h:93]   --->   Operation 368 'store' 'store_ln35' <Predicate = (i_in_1 == 7)> <Delay = 0.00>
ST_2 : Operation 369 [1/1] (0.00ns)   --->   "%store_ln35 = store i16 %trunc_ln35_1, i16 %p_0_1_0_0_0259142" [firmware/nnet_utils/nnet_dense_stream.h:35->firmware/nnet_utils/nnet_dense_stream.h:93]   --->   Operation 369 'store' 'store_ln35' <Predicate = (i_in_1 == 7)> <Delay = 0.00>
ST_2 : Operation 370 [1/1] (0.00ns)   --->   "%store_ln35 = store i16 %trunc_ln35_2, i16 %p_0_2_0_0_0261140" [firmware/nnet_utils/nnet_dense_stream.h:35->firmware/nnet_utils/nnet_dense_stream.h:93]   --->   Operation 370 'store' 'store_ln35' <Predicate = (i_in_1 == 7)> <Delay = 0.00>
ST_2 : Operation 371 [1/1] (0.00ns)   --->   "%store_ln35 = store i16 %trunc_ln35_3, i16 %p_0_3_0_0_0263138" [firmware/nnet_utils/nnet_dense_stream.h:35->firmware/nnet_utils/nnet_dense_stream.h:93]   --->   Operation 371 'store' 'store_ln35' <Predicate = (i_in_1 == 7)> <Delay = 0.00>
ST_2 : Operation 372 [1/1] (0.00ns)   --->   "%store_ln35 = store i16 %trunc_ln35_4, i16 %p_0_4_0_0_0265136" [firmware/nnet_utils/nnet_dense_stream.h:35->firmware/nnet_utils/nnet_dense_stream.h:93]   --->   Operation 372 'store' 'store_ln35' <Predicate = (i_in_1 == 7)> <Delay = 0.00>
ST_2 : Operation 373 [1/1] (0.00ns)   --->   "%store_ln35 = store i16 %trunc_ln35_5, i16 %p_0_5_0_0_0267134" [firmware/nnet_utils/nnet_dense_stream.h:35->firmware/nnet_utils/nnet_dense_stream.h:93]   --->   Operation 373 'store' 'store_ln35' <Predicate = (i_in_1 == 7)> <Delay = 0.00>
ST_2 : Operation 374 [1/1] (0.00ns)   --->   "%store_ln35 = store i16 %trunc_ln35_6, i16 %p_0_6_0_0_0269132" [firmware/nnet_utils/nnet_dense_stream.h:35->firmware/nnet_utils/nnet_dense_stream.h:93]   --->   Operation 374 'store' 'store_ln35' <Predicate = (i_in_1 == 7)> <Delay = 0.00>
ST_2 : Operation 375 [1/1] (0.00ns)   --->   "%store_ln35 = store i16 %trunc_ln35_7, i16 %p_0_7_0_0_0271130" [firmware/nnet_utils/nnet_dense_stream.h:35->firmware/nnet_utils/nnet_dense_stream.h:93]   --->   Operation 375 'store' 'store_ln35' <Predicate = (i_in_1 == 7)> <Delay = 0.00>
ST_2 : Operation 376 [1/1] (0.00ns)   --->   "%br_ln39 = br void %arrayidx.i3.7.exit" [firmware/nnet_utils/nnet_dense_stream.h:39->firmware/nnet_utils/nnet_dense_stream.h:93]   --->   Operation 376 'br' 'br_ln39' <Predicate = (i_in_1 == 7)> <Delay = 0.00>
ST_2 : Operation 377 [1/1] (0.00ns)   --->   "%store_ln35 = store i16 %trunc_ln35, i16 %p_0_0_0_0_0273128" [firmware/nnet_utils/nnet_dense_stream.h:35->firmware/nnet_utils/nnet_dense_stream.h:93]   --->   Operation 377 'store' 'store_ln35' <Predicate = (i_in_1 == 6)> <Delay = 0.00>
ST_2 : Operation 378 [1/1] (0.00ns)   --->   "%store_ln35 = store i16 %trunc_ln35_1, i16 %p_0_1_0_0_0275126" [firmware/nnet_utils/nnet_dense_stream.h:35->firmware/nnet_utils/nnet_dense_stream.h:93]   --->   Operation 378 'store' 'store_ln35' <Predicate = (i_in_1 == 6)> <Delay = 0.00>
ST_2 : Operation 379 [1/1] (0.00ns)   --->   "%store_ln35 = store i16 %trunc_ln35_2, i16 %p_0_2_0_0_0277124" [firmware/nnet_utils/nnet_dense_stream.h:35->firmware/nnet_utils/nnet_dense_stream.h:93]   --->   Operation 379 'store' 'store_ln35' <Predicate = (i_in_1 == 6)> <Delay = 0.00>
ST_2 : Operation 380 [1/1] (0.00ns)   --->   "%store_ln35 = store i16 %trunc_ln35_3, i16 %p_0_3_0_0_0279122" [firmware/nnet_utils/nnet_dense_stream.h:35->firmware/nnet_utils/nnet_dense_stream.h:93]   --->   Operation 380 'store' 'store_ln35' <Predicate = (i_in_1 == 6)> <Delay = 0.00>
ST_2 : Operation 381 [1/1] (0.00ns)   --->   "%store_ln35 = store i16 %trunc_ln35_4, i16 %p_0_4_0_0_0281120" [firmware/nnet_utils/nnet_dense_stream.h:35->firmware/nnet_utils/nnet_dense_stream.h:93]   --->   Operation 381 'store' 'store_ln35' <Predicate = (i_in_1 == 6)> <Delay = 0.00>
ST_2 : Operation 382 [1/1] (0.00ns)   --->   "%store_ln35 = store i16 %trunc_ln35_5, i16 %p_0_5_0_0_0283118" [firmware/nnet_utils/nnet_dense_stream.h:35->firmware/nnet_utils/nnet_dense_stream.h:93]   --->   Operation 382 'store' 'store_ln35' <Predicate = (i_in_1 == 6)> <Delay = 0.00>
ST_2 : Operation 383 [1/1] (0.00ns)   --->   "%store_ln35 = store i16 %trunc_ln35_6, i16 %p_0_6_0_0_0285116" [firmware/nnet_utils/nnet_dense_stream.h:35->firmware/nnet_utils/nnet_dense_stream.h:93]   --->   Operation 383 'store' 'store_ln35' <Predicate = (i_in_1 == 6)> <Delay = 0.00>
ST_2 : Operation 384 [1/1] (0.00ns)   --->   "%store_ln35 = store i16 %trunc_ln35_7, i16 %p_0_7_0_0_0287114" [firmware/nnet_utils/nnet_dense_stream.h:35->firmware/nnet_utils/nnet_dense_stream.h:93]   --->   Operation 384 'store' 'store_ln35' <Predicate = (i_in_1 == 6)> <Delay = 0.00>
ST_2 : Operation 385 [1/1] (0.00ns)   --->   "%br_ln39 = br void %arrayidx.i3.7.exit" [firmware/nnet_utils/nnet_dense_stream.h:39->firmware/nnet_utils/nnet_dense_stream.h:93]   --->   Operation 385 'br' 'br_ln39' <Predicate = (i_in_1 == 6)> <Delay = 0.00>
ST_2 : Operation 386 [1/1] (0.00ns)   --->   "%store_ln35 = store i16 %trunc_ln35, i16 %p_0_0_0_0_0289112" [firmware/nnet_utils/nnet_dense_stream.h:35->firmware/nnet_utils/nnet_dense_stream.h:93]   --->   Operation 386 'store' 'store_ln35' <Predicate = (i_in_1 == 5)> <Delay = 0.00>
ST_2 : Operation 387 [1/1] (0.00ns)   --->   "%store_ln35 = store i16 %trunc_ln35_1, i16 %p_0_1_0_0_0291110" [firmware/nnet_utils/nnet_dense_stream.h:35->firmware/nnet_utils/nnet_dense_stream.h:93]   --->   Operation 387 'store' 'store_ln35' <Predicate = (i_in_1 == 5)> <Delay = 0.00>
ST_2 : Operation 388 [1/1] (0.00ns)   --->   "%store_ln35 = store i16 %trunc_ln35_2, i16 %p_0_2_0_0_0293108" [firmware/nnet_utils/nnet_dense_stream.h:35->firmware/nnet_utils/nnet_dense_stream.h:93]   --->   Operation 388 'store' 'store_ln35' <Predicate = (i_in_1 == 5)> <Delay = 0.00>
ST_2 : Operation 389 [1/1] (0.00ns)   --->   "%store_ln35 = store i16 %trunc_ln35_3, i16 %p_0_3_0_0_0295106" [firmware/nnet_utils/nnet_dense_stream.h:35->firmware/nnet_utils/nnet_dense_stream.h:93]   --->   Operation 389 'store' 'store_ln35' <Predicate = (i_in_1 == 5)> <Delay = 0.00>
ST_2 : Operation 390 [1/1] (0.00ns)   --->   "%store_ln35 = store i16 %trunc_ln35_4, i16 %p_0_4_0_0_0297104" [firmware/nnet_utils/nnet_dense_stream.h:35->firmware/nnet_utils/nnet_dense_stream.h:93]   --->   Operation 390 'store' 'store_ln35' <Predicate = (i_in_1 == 5)> <Delay = 0.00>
ST_2 : Operation 391 [1/1] (0.00ns)   --->   "%store_ln35 = store i16 %trunc_ln35_5, i16 %p_0_5_0_0_0299102" [firmware/nnet_utils/nnet_dense_stream.h:35->firmware/nnet_utils/nnet_dense_stream.h:93]   --->   Operation 391 'store' 'store_ln35' <Predicate = (i_in_1 == 5)> <Delay = 0.00>
ST_2 : Operation 392 [1/1] (0.00ns)   --->   "%store_ln35 = store i16 %trunc_ln35_6, i16 %p_0_6_0_0_0301100" [firmware/nnet_utils/nnet_dense_stream.h:35->firmware/nnet_utils/nnet_dense_stream.h:93]   --->   Operation 392 'store' 'store_ln35' <Predicate = (i_in_1 == 5)> <Delay = 0.00>
ST_2 : Operation 393 [1/1] (0.00ns)   --->   "%store_ln35 = store i16 %trunc_ln35_7, i16 %p_0_7_0_0_030398" [firmware/nnet_utils/nnet_dense_stream.h:35->firmware/nnet_utils/nnet_dense_stream.h:93]   --->   Operation 393 'store' 'store_ln35' <Predicate = (i_in_1 == 5)> <Delay = 0.00>
ST_2 : Operation 394 [1/1] (0.00ns)   --->   "%br_ln39 = br void %arrayidx.i3.7.exit" [firmware/nnet_utils/nnet_dense_stream.h:39->firmware/nnet_utils/nnet_dense_stream.h:93]   --->   Operation 394 'br' 'br_ln39' <Predicate = (i_in_1 == 5)> <Delay = 0.00>
ST_2 : Operation 395 [1/1] (0.00ns)   --->   "%store_ln35 = store i16 %trunc_ln35, i16 %p_0_0_0_0_030596" [firmware/nnet_utils/nnet_dense_stream.h:35->firmware/nnet_utils/nnet_dense_stream.h:93]   --->   Operation 395 'store' 'store_ln35' <Predicate = (i_in_1 == 4)> <Delay = 0.00>
ST_2 : Operation 396 [1/1] (0.00ns)   --->   "%store_ln35 = store i16 %trunc_ln35_1, i16 %p_0_1_0_0_030794" [firmware/nnet_utils/nnet_dense_stream.h:35->firmware/nnet_utils/nnet_dense_stream.h:93]   --->   Operation 396 'store' 'store_ln35' <Predicate = (i_in_1 == 4)> <Delay = 0.00>
ST_2 : Operation 397 [1/1] (0.00ns)   --->   "%store_ln35 = store i16 %trunc_ln35_2, i16 %p_0_2_0_0_030992" [firmware/nnet_utils/nnet_dense_stream.h:35->firmware/nnet_utils/nnet_dense_stream.h:93]   --->   Operation 397 'store' 'store_ln35' <Predicate = (i_in_1 == 4)> <Delay = 0.00>
ST_2 : Operation 398 [1/1] (0.00ns)   --->   "%store_ln35 = store i16 %trunc_ln35_3, i16 %p_0_3_0_0_031190" [firmware/nnet_utils/nnet_dense_stream.h:35->firmware/nnet_utils/nnet_dense_stream.h:93]   --->   Operation 398 'store' 'store_ln35' <Predicate = (i_in_1 == 4)> <Delay = 0.00>
ST_2 : Operation 399 [1/1] (0.00ns)   --->   "%store_ln35 = store i16 %trunc_ln35_4, i16 %p_0_4_0_0_031388" [firmware/nnet_utils/nnet_dense_stream.h:35->firmware/nnet_utils/nnet_dense_stream.h:93]   --->   Operation 399 'store' 'store_ln35' <Predicate = (i_in_1 == 4)> <Delay = 0.00>
ST_2 : Operation 400 [1/1] (0.00ns)   --->   "%store_ln35 = store i16 %trunc_ln35_5, i16 %p_0_5_0_0_031586" [firmware/nnet_utils/nnet_dense_stream.h:35->firmware/nnet_utils/nnet_dense_stream.h:93]   --->   Operation 400 'store' 'store_ln35' <Predicate = (i_in_1 == 4)> <Delay = 0.00>
ST_2 : Operation 401 [1/1] (0.00ns)   --->   "%store_ln35 = store i16 %trunc_ln35_6, i16 %p_0_6_0_0_031784" [firmware/nnet_utils/nnet_dense_stream.h:35->firmware/nnet_utils/nnet_dense_stream.h:93]   --->   Operation 401 'store' 'store_ln35' <Predicate = (i_in_1 == 4)> <Delay = 0.00>
ST_2 : Operation 402 [1/1] (0.00ns)   --->   "%store_ln35 = store i16 %trunc_ln35_7, i16 %p_0_7_0_0_031982" [firmware/nnet_utils/nnet_dense_stream.h:35->firmware/nnet_utils/nnet_dense_stream.h:93]   --->   Operation 402 'store' 'store_ln35' <Predicate = (i_in_1 == 4)> <Delay = 0.00>
ST_2 : Operation 403 [1/1] (0.00ns)   --->   "%br_ln39 = br void %arrayidx.i3.7.exit" [firmware/nnet_utils/nnet_dense_stream.h:39->firmware/nnet_utils/nnet_dense_stream.h:93]   --->   Operation 403 'br' 'br_ln39' <Predicate = (i_in_1 == 4)> <Delay = 0.00>
ST_2 : Operation 404 [1/1] (0.00ns)   --->   "%store_ln35 = store i16 %trunc_ln35, i16 %p_0_0_0_0_032180" [firmware/nnet_utils/nnet_dense_stream.h:35->firmware/nnet_utils/nnet_dense_stream.h:93]   --->   Operation 404 'store' 'store_ln35' <Predicate = (i_in_1 == 3)> <Delay = 0.00>
ST_2 : Operation 405 [1/1] (0.00ns)   --->   "%store_ln35 = store i16 %trunc_ln35_1, i16 %p_0_1_0_0_032378" [firmware/nnet_utils/nnet_dense_stream.h:35->firmware/nnet_utils/nnet_dense_stream.h:93]   --->   Operation 405 'store' 'store_ln35' <Predicate = (i_in_1 == 3)> <Delay = 0.00>
ST_2 : Operation 406 [1/1] (0.00ns)   --->   "%store_ln35 = store i16 %trunc_ln35_2, i16 %p_0_2_0_0_032576" [firmware/nnet_utils/nnet_dense_stream.h:35->firmware/nnet_utils/nnet_dense_stream.h:93]   --->   Operation 406 'store' 'store_ln35' <Predicate = (i_in_1 == 3)> <Delay = 0.00>
ST_2 : Operation 407 [1/1] (0.00ns)   --->   "%store_ln35 = store i16 %trunc_ln35_3, i16 %p_0_3_0_0_032774" [firmware/nnet_utils/nnet_dense_stream.h:35->firmware/nnet_utils/nnet_dense_stream.h:93]   --->   Operation 407 'store' 'store_ln35' <Predicate = (i_in_1 == 3)> <Delay = 0.00>
ST_2 : Operation 408 [1/1] (0.00ns)   --->   "%store_ln35 = store i16 %trunc_ln35_4, i16 %p_0_4_0_0_032972" [firmware/nnet_utils/nnet_dense_stream.h:35->firmware/nnet_utils/nnet_dense_stream.h:93]   --->   Operation 408 'store' 'store_ln35' <Predicate = (i_in_1 == 3)> <Delay = 0.00>
ST_2 : Operation 409 [1/1] (0.00ns)   --->   "%store_ln35 = store i16 %trunc_ln35_5, i16 %p_0_5_0_0_033170" [firmware/nnet_utils/nnet_dense_stream.h:35->firmware/nnet_utils/nnet_dense_stream.h:93]   --->   Operation 409 'store' 'store_ln35' <Predicate = (i_in_1 == 3)> <Delay = 0.00>
ST_2 : Operation 410 [1/1] (0.00ns)   --->   "%store_ln35 = store i16 %trunc_ln35_6, i16 %p_0_6_0_0_033368" [firmware/nnet_utils/nnet_dense_stream.h:35->firmware/nnet_utils/nnet_dense_stream.h:93]   --->   Operation 410 'store' 'store_ln35' <Predicate = (i_in_1 == 3)> <Delay = 0.00>
ST_2 : Operation 411 [1/1] (0.00ns)   --->   "%store_ln35 = store i16 %trunc_ln35_7, i16 %p_0_7_0_0_033566" [firmware/nnet_utils/nnet_dense_stream.h:35->firmware/nnet_utils/nnet_dense_stream.h:93]   --->   Operation 411 'store' 'store_ln35' <Predicate = (i_in_1 == 3)> <Delay = 0.00>
ST_2 : Operation 412 [1/1] (0.00ns)   --->   "%br_ln39 = br void %arrayidx.i3.7.exit" [firmware/nnet_utils/nnet_dense_stream.h:39->firmware/nnet_utils/nnet_dense_stream.h:93]   --->   Operation 412 'br' 'br_ln39' <Predicate = (i_in_1 == 3)> <Delay = 0.00>
ST_2 : Operation 413 [1/1] (0.00ns)   --->   "%store_ln35 = store i16 %trunc_ln35, i16 %p_0_0_0_0_033764" [firmware/nnet_utils/nnet_dense_stream.h:35->firmware/nnet_utils/nnet_dense_stream.h:93]   --->   Operation 413 'store' 'store_ln35' <Predicate = (i_in_1 == 2)> <Delay = 0.00>
ST_2 : Operation 414 [1/1] (0.00ns)   --->   "%store_ln35 = store i16 %trunc_ln35_1, i16 %p_0_1_0_0_033962" [firmware/nnet_utils/nnet_dense_stream.h:35->firmware/nnet_utils/nnet_dense_stream.h:93]   --->   Operation 414 'store' 'store_ln35' <Predicate = (i_in_1 == 2)> <Delay = 0.00>
ST_2 : Operation 415 [1/1] (0.00ns)   --->   "%store_ln35 = store i16 %trunc_ln35_2, i16 %p_0_2_0_0_034160" [firmware/nnet_utils/nnet_dense_stream.h:35->firmware/nnet_utils/nnet_dense_stream.h:93]   --->   Operation 415 'store' 'store_ln35' <Predicate = (i_in_1 == 2)> <Delay = 0.00>
ST_2 : Operation 416 [1/1] (0.00ns)   --->   "%store_ln35 = store i16 %trunc_ln35_3, i16 %p_0_3_0_0_034358" [firmware/nnet_utils/nnet_dense_stream.h:35->firmware/nnet_utils/nnet_dense_stream.h:93]   --->   Operation 416 'store' 'store_ln35' <Predicate = (i_in_1 == 2)> <Delay = 0.00>
ST_2 : Operation 417 [1/1] (0.00ns)   --->   "%store_ln35 = store i16 %trunc_ln35_4, i16 %p_0_4_0_0_034556" [firmware/nnet_utils/nnet_dense_stream.h:35->firmware/nnet_utils/nnet_dense_stream.h:93]   --->   Operation 417 'store' 'store_ln35' <Predicate = (i_in_1 == 2)> <Delay = 0.00>
ST_2 : Operation 418 [1/1] (0.00ns)   --->   "%store_ln35 = store i16 %trunc_ln35_5, i16 %p_0_5_0_0_034754" [firmware/nnet_utils/nnet_dense_stream.h:35->firmware/nnet_utils/nnet_dense_stream.h:93]   --->   Operation 418 'store' 'store_ln35' <Predicate = (i_in_1 == 2)> <Delay = 0.00>
ST_2 : Operation 419 [1/1] (0.00ns)   --->   "%store_ln35 = store i16 %trunc_ln35_6, i16 %p_0_6_0_0_034952" [firmware/nnet_utils/nnet_dense_stream.h:35->firmware/nnet_utils/nnet_dense_stream.h:93]   --->   Operation 419 'store' 'store_ln35' <Predicate = (i_in_1 == 2)> <Delay = 0.00>
ST_2 : Operation 420 [1/1] (0.00ns)   --->   "%store_ln35 = store i16 %trunc_ln35_7, i16 %p_0_7_0_0_035150" [firmware/nnet_utils/nnet_dense_stream.h:35->firmware/nnet_utils/nnet_dense_stream.h:93]   --->   Operation 420 'store' 'store_ln35' <Predicate = (i_in_1 == 2)> <Delay = 0.00>
ST_2 : Operation 421 [1/1] (0.00ns)   --->   "%br_ln39 = br void %arrayidx.i3.7.exit" [firmware/nnet_utils/nnet_dense_stream.h:39->firmware/nnet_utils/nnet_dense_stream.h:93]   --->   Operation 421 'br' 'br_ln39' <Predicate = (i_in_1 == 2)> <Delay = 0.00>
ST_2 : Operation 422 [1/1] (0.00ns)   --->   "%store_ln35 = store i16 %trunc_ln35, i16 %p_0_0_0_0_035348" [firmware/nnet_utils/nnet_dense_stream.h:35->firmware/nnet_utils/nnet_dense_stream.h:93]   --->   Operation 422 'store' 'store_ln35' <Predicate = (i_in_1 == 1)> <Delay = 0.00>
ST_2 : Operation 423 [1/1] (0.00ns)   --->   "%store_ln35 = store i16 %trunc_ln35_1, i16 %p_0_1_0_0_035546" [firmware/nnet_utils/nnet_dense_stream.h:35->firmware/nnet_utils/nnet_dense_stream.h:93]   --->   Operation 423 'store' 'store_ln35' <Predicate = (i_in_1 == 1)> <Delay = 0.00>
ST_2 : Operation 424 [1/1] (0.00ns)   --->   "%store_ln35 = store i16 %trunc_ln35_2, i16 %p_0_2_0_0_035744" [firmware/nnet_utils/nnet_dense_stream.h:35->firmware/nnet_utils/nnet_dense_stream.h:93]   --->   Operation 424 'store' 'store_ln35' <Predicate = (i_in_1 == 1)> <Delay = 0.00>
ST_2 : Operation 425 [1/1] (0.00ns)   --->   "%store_ln35 = store i16 %trunc_ln35_3, i16 %p_0_3_0_0_035942" [firmware/nnet_utils/nnet_dense_stream.h:35->firmware/nnet_utils/nnet_dense_stream.h:93]   --->   Operation 425 'store' 'store_ln35' <Predicate = (i_in_1 == 1)> <Delay = 0.00>
ST_2 : Operation 426 [1/1] (0.00ns)   --->   "%store_ln35 = store i16 %trunc_ln35_4, i16 %p_0_4_0_0_036140" [firmware/nnet_utils/nnet_dense_stream.h:35->firmware/nnet_utils/nnet_dense_stream.h:93]   --->   Operation 426 'store' 'store_ln35' <Predicate = (i_in_1 == 1)> <Delay = 0.00>
ST_2 : Operation 427 [1/1] (0.00ns)   --->   "%store_ln35 = store i16 %trunc_ln35_5, i16 %p_0_5_0_0_036338" [firmware/nnet_utils/nnet_dense_stream.h:35->firmware/nnet_utils/nnet_dense_stream.h:93]   --->   Operation 427 'store' 'store_ln35' <Predicate = (i_in_1 == 1)> <Delay = 0.00>
ST_2 : Operation 428 [1/1] (0.00ns)   --->   "%store_ln35 = store i16 %trunc_ln35_6, i16 %p_0_6_0_0_036536" [firmware/nnet_utils/nnet_dense_stream.h:35->firmware/nnet_utils/nnet_dense_stream.h:93]   --->   Operation 428 'store' 'store_ln35' <Predicate = (i_in_1 == 1)> <Delay = 0.00>
ST_2 : Operation 429 [1/1] (0.00ns)   --->   "%store_ln35 = store i16 %trunc_ln35_7, i16 %p_0_7_0_0_036734" [firmware/nnet_utils/nnet_dense_stream.h:35->firmware/nnet_utils/nnet_dense_stream.h:93]   --->   Operation 429 'store' 'store_ln35' <Predicate = (i_in_1 == 1)> <Delay = 0.00>
ST_2 : Operation 430 [1/1] (0.00ns)   --->   "%br_ln39 = br void %arrayidx.i3.7.exit" [firmware/nnet_utils/nnet_dense_stream.h:39->firmware/nnet_utils/nnet_dense_stream.h:93]   --->   Operation 430 'br' 'br_ln39' <Predicate = (i_in_1 == 1)> <Delay = 0.00>
ST_2 : Operation 431 [1/1] (0.00ns)   --->   "%store_ln35 = store i16 %trunc_ln35, i16 %p_0_0_0_0_036932" [firmware/nnet_utils/nnet_dense_stream.h:35->firmware/nnet_utils/nnet_dense_stream.h:93]   --->   Operation 431 'store' 'store_ln35' <Predicate = (i_in_1 == 0)> <Delay = 0.00>
ST_2 : Operation 432 [1/1] (0.00ns)   --->   "%store_ln35 = store i16 %trunc_ln35_1, i16 %p_0_1_0_0_037130" [firmware/nnet_utils/nnet_dense_stream.h:35->firmware/nnet_utils/nnet_dense_stream.h:93]   --->   Operation 432 'store' 'store_ln35' <Predicate = (i_in_1 == 0)> <Delay = 0.00>
ST_2 : Operation 433 [1/1] (0.00ns)   --->   "%store_ln35 = store i16 %trunc_ln35_2, i16 %p_0_2_0_0_037328" [firmware/nnet_utils/nnet_dense_stream.h:35->firmware/nnet_utils/nnet_dense_stream.h:93]   --->   Operation 433 'store' 'store_ln35' <Predicate = (i_in_1 == 0)> <Delay = 0.00>
ST_2 : Operation 434 [1/1] (0.00ns)   --->   "%store_ln35 = store i16 %trunc_ln35_3, i16 %p_0_3_0_0_037526" [firmware/nnet_utils/nnet_dense_stream.h:35->firmware/nnet_utils/nnet_dense_stream.h:93]   --->   Operation 434 'store' 'store_ln35' <Predicate = (i_in_1 == 0)> <Delay = 0.00>
ST_2 : Operation 435 [1/1] (0.00ns)   --->   "%store_ln35 = store i16 %trunc_ln35_4, i16 %p_0_4_0_0_037724" [firmware/nnet_utils/nnet_dense_stream.h:35->firmware/nnet_utils/nnet_dense_stream.h:93]   --->   Operation 435 'store' 'store_ln35' <Predicate = (i_in_1 == 0)> <Delay = 0.00>
ST_2 : Operation 436 [1/1] (0.00ns)   --->   "%store_ln35 = store i16 %trunc_ln35_5, i16 %p_0_5_0_0_037922" [firmware/nnet_utils/nnet_dense_stream.h:35->firmware/nnet_utils/nnet_dense_stream.h:93]   --->   Operation 436 'store' 'store_ln35' <Predicate = (i_in_1 == 0)> <Delay = 0.00>
ST_2 : Operation 437 [1/1] (0.00ns)   --->   "%store_ln35 = store i16 %trunc_ln35_6, i16 %p_0_6_0_0_038120" [firmware/nnet_utils/nnet_dense_stream.h:35->firmware/nnet_utils/nnet_dense_stream.h:93]   --->   Operation 437 'store' 'store_ln35' <Predicate = (i_in_1 == 0)> <Delay = 0.00>
ST_2 : Operation 438 [1/1] (0.00ns)   --->   "%store_ln35 = store i16 %trunc_ln35_7, i16 %p_0_7_0_0_038318" [firmware/nnet_utils/nnet_dense_stream.h:35->firmware/nnet_utils/nnet_dense_stream.h:93]   --->   Operation 438 'store' 'store_ln35' <Predicate = (i_in_1 == 0)> <Delay = 0.00>
ST_2 : Operation 439 [1/1] (0.00ns)   --->   "%br_ln39 = br void %arrayidx.i3.7.exit" [firmware/nnet_utils/nnet_dense_stream.h:39->firmware/nnet_utils/nnet_dense_stream.h:93]   --->   Operation 439 'br' 'br_ln39' <Predicate = (i_in_1 == 0)> <Delay = 0.00>
ST_2 : Operation 440 [1/1] (0.00ns)   --->   "%store_ln35 = store i16 %trunc_ln35, i16 %p_0_0_0_0_038516" [firmware/nnet_utils/nnet_dense_stream.h:35->firmware/nnet_utils/nnet_dense_stream.h:93]   --->   Operation 440 'store' 'store_ln35' <Predicate = (i_in_1 == 31) | (i_in_1 == 30) | (i_in_1 == 29) | (i_in_1 == 28) | (i_in_1 == 27) | (i_in_1 == 26) | (i_in_1 == 25) | (i_in_1 == 24)> <Delay = 0.00>
ST_2 : Operation 441 [1/1] (0.00ns)   --->   "%store_ln35 = store i16 %trunc_ln35_1, i16 %p_0_1_0_0_038714" [firmware/nnet_utils/nnet_dense_stream.h:35->firmware/nnet_utils/nnet_dense_stream.h:93]   --->   Operation 441 'store' 'store_ln35' <Predicate = (i_in_1 == 31) | (i_in_1 == 30) | (i_in_1 == 29) | (i_in_1 == 28) | (i_in_1 == 27) | (i_in_1 == 26) | (i_in_1 == 25) | (i_in_1 == 24)> <Delay = 0.00>
ST_2 : Operation 442 [1/1] (0.00ns)   --->   "%store_ln35 = store i16 %trunc_ln35_2, i16 %p_0_2_0_0_038912" [firmware/nnet_utils/nnet_dense_stream.h:35->firmware/nnet_utils/nnet_dense_stream.h:93]   --->   Operation 442 'store' 'store_ln35' <Predicate = (i_in_1 == 31) | (i_in_1 == 30) | (i_in_1 == 29) | (i_in_1 == 28) | (i_in_1 == 27) | (i_in_1 == 26) | (i_in_1 == 25) | (i_in_1 == 24)> <Delay = 0.00>
ST_2 : Operation 443 [1/1] (0.00ns)   --->   "%store_ln35 = store i16 %trunc_ln35_3, i16 %p_0_3_0_0_039110" [firmware/nnet_utils/nnet_dense_stream.h:35->firmware/nnet_utils/nnet_dense_stream.h:93]   --->   Operation 443 'store' 'store_ln35' <Predicate = (i_in_1 == 31) | (i_in_1 == 30) | (i_in_1 == 29) | (i_in_1 == 28) | (i_in_1 == 27) | (i_in_1 == 26) | (i_in_1 == 25) | (i_in_1 == 24)> <Delay = 0.00>
ST_2 : Operation 444 [1/1] (0.00ns)   --->   "%store_ln35 = store i16 %trunc_ln35_4, i16 %p_0_4_0_0_03938" [firmware/nnet_utils/nnet_dense_stream.h:35->firmware/nnet_utils/nnet_dense_stream.h:93]   --->   Operation 444 'store' 'store_ln35' <Predicate = (i_in_1 == 31) | (i_in_1 == 30) | (i_in_1 == 29) | (i_in_1 == 28) | (i_in_1 == 27) | (i_in_1 == 26) | (i_in_1 == 25) | (i_in_1 == 24)> <Delay = 0.00>
ST_2 : Operation 445 [1/1] (0.00ns)   --->   "%store_ln35 = store i16 %trunc_ln35_5, i16 %p_0_5_0_0_03956" [firmware/nnet_utils/nnet_dense_stream.h:35->firmware/nnet_utils/nnet_dense_stream.h:93]   --->   Operation 445 'store' 'store_ln35' <Predicate = (i_in_1 == 31) | (i_in_1 == 30) | (i_in_1 == 29) | (i_in_1 == 28) | (i_in_1 == 27) | (i_in_1 == 26) | (i_in_1 == 25) | (i_in_1 == 24)> <Delay = 0.00>
ST_2 : Operation 446 [1/1] (0.00ns)   --->   "%store_ln35 = store i16 %trunc_ln35_6, i16 %p_0_6_0_0_03974" [firmware/nnet_utils/nnet_dense_stream.h:35->firmware/nnet_utils/nnet_dense_stream.h:93]   --->   Operation 446 'store' 'store_ln35' <Predicate = (i_in_1 == 31) | (i_in_1 == 30) | (i_in_1 == 29) | (i_in_1 == 28) | (i_in_1 == 27) | (i_in_1 == 26) | (i_in_1 == 25) | (i_in_1 == 24)> <Delay = 0.00>
ST_2 : Operation 447 [1/1] (0.00ns)   --->   "%store_ln35 = store i16 %trunc_ln35_7, i16 %p_0_7_0_0_03992" [firmware/nnet_utils/nnet_dense_stream.h:35->firmware/nnet_utils/nnet_dense_stream.h:93]   --->   Operation 447 'store' 'store_ln35' <Predicate = (i_in_1 == 31) | (i_in_1 == 30) | (i_in_1 == 29) | (i_in_1 == 28) | (i_in_1 == 27) | (i_in_1 == 26) | (i_in_1 == 25) | (i_in_1 == 24)> <Delay = 0.00>
ST_2 : Operation 448 [1/1] (0.00ns)   --->   "%br_ln39 = br void %arrayidx.i3.7.exit" [firmware/nnet_utils/nnet_dense_stream.h:39->firmware/nnet_utils/nnet_dense_stream.h:93]   --->   Operation 448 'br' 'br_ln39' <Predicate = (i_in_1 == 31) | (i_in_1 == 30) | (i_in_1 == 29) | (i_in_1 == 28) | (i_in_1 == 27) | (i_in_1 == 26) | (i_in_1 == 25) | (i_in_1 == 24)> <Delay = 0.00>
ST_2 : Operation 449 [1/1] (1.86ns)   --->   "%icmp_ln33 = icmp_eq  i5 %i_in_1, i5 24" [firmware/nnet_utils/nnet_dense_stream.h:33->firmware/nnet_utils/nnet_dense_stream.h:93]   --->   Operation 449 'icmp' 'icmp_ln33' <Predicate = true> <Delay = 1.86> <CoreInst = "Cmp">   --->   Core 9 'Cmp' <Latency = 0> <II = 1> <Delay = 1.86> <FuncUnit> <Opcode : 'seteq' 'setne' 'setle' 'setge' 'setlt' 'setgt'> <InPorts = 2> <OutPorts = 1>
ST_2 : Operation 450 [1/1] (1.61ns)   --->   "%store_ln33 = store i5 %i_in_3, i5 %i_in" [firmware/nnet_utils/nnet_dense_stream.h:33->firmware/nnet_utils/nnet_dense_stream.h:93]   --->   Operation 450 'store' 'store_ln33' <Predicate = true> <Delay = 1.61>
ST_2 : Operation 451 [1/1] (0.00ns)   --->   "%br_ln33 = br i1 %icmp_ln33, void %for.body.i.split, void %_ZN4nnet12data_prepareINS_5arrayI8ap_fixedILi16ELi6EL9ap_q_mode5EL9ap_o_mode3ELi0EELj8EEE8config25EEvRN3hls6streamIT_Li0EEEPNSA_10value_typeE.14.exit.exitStub" [firmware/nnet_utils/nnet_dense_stream.h:33->firmware/nnet_utils/nnet_dense_stream.h:93]   --->   Operation 451 'br' 'br_ln33' <Predicate = true> <Delay = 0.00>
ST_2 : Operation 452 [1/1] (0.00ns)   --->   "%p_0_7_0_0_03992_load = load i16 %p_0_7_0_0_03992"   --->   Operation 452 'load' 'p_0_7_0_0_03992_load' <Predicate = (icmp_ln33)> <Delay = 0.00>
ST_2 : Operation 453 [1/1] (0.00ns)   --->   "%p_0_6_0_0_03974_load = load i16 %p_0_6_0_0_03974"   --->   Operation 453 'load' 'p_0_6_0_0_03974_load' <Predicate = (icmp_ln33)> <Delay = 0.00>
ST_2 : Operation 454 [1/1] (0.00ns)   --->   "%p_0_5_0_0_03956_load = load i16 %p_0_5_0_0_03956"   --->   Operation 454 'load' 'p_0_5_0_0_03956_load' <Predicate = (icmp_ln33)> <Delay = 0.00>
ST_2 : Operation 455 [1/1] (0.00ns)   --->   "%p_0_4_0_0_03938_load = load i16 %p_0_4_0_0_03938"   --->   Operation 455 'load' 'p_0_4_0_0_03938_load' <Predicate = (icmp_ln33)> <Delay = 0.00>
ST_2 : Operation 456 [1/1] (0.00ns)   --->   "%p_0_3_0_0_039110_load = load i16 %p_0_3_0_0_039110"   --->   Operation 456 'load' 'p_0_3_0_0_039110_load' <Predicate = (icmp_ln33)> <Delay = 0.00>
ST_2 : Operation 457 [1/1] (0.00ns)   --->   "%p_0_2_0_0_038912_load = load i16 %p_0_2_0_0_038912"   --->   Operation 457 'load' 'p_0_2_0_0_038912_load' <Predicate = (icmp_ln33)> <Delay = 0.00>
ST_2 : Operation 458 [1/1] (0.00ns)   --->   "%p_0_1_0_0_038714_load = load i16 %p_0_1_0_0_038714"   --->   Operation 458 'load' 'p_0_1_0_0_038714_load' <Predicate = (icmp_ln33)> <Delay = 0.00>
ST_2 : Operation 459 [1/1] (0.00ns)   --->   "%p_0_0_0_0_038516_load = load i16 %p_0_0_0_0_038516"   --->   Operation 459 'load' 'p_0_0_0_0_038516_load' <Predicate = (icmp_ln33)> <Delay = 0.00>
ST_2 : Operation 460 [1/1] (0.00ns)   --->   "%p_0_7_0_0_038318_load = load i16 %p_0_7_0_0_038318"   --->   Operation 460 'load' 'p_0_7_0_0_038318_load' <Predicate = (icmp_ln33)> <Delay = 0.00>
ST_2 : Operation 461 [1/1] (0.00ns)   --->   "%p_0_6_0_0_038120_load = load i16 %p_0_6_0_0_038120"   --->   Operation 461 'load' 'p_0_6_0_0_038120_load' <Predicate = (icmp_ln33)> <Delay = 0.00>
ST_2 : Operation 462 [1/1] (0.00ns)   --->   "%p_0_5_0_0_037922_load = load i16 %p_0_5_0_0_037922"   --->   Operation 462 'load' 'p_0_5_0_0_037922_load' <Predicate = (icmp_ln33)> <Delay = 0.00>
ST_2 : Operation 463 [1/1] (0.00ns)   --->   "%p_0_4_0_0_037724_load = load i16 %p_0_4_0_0_037724"   --->   Operation 463 'load' 'p_0_4_0_0_037724_load' <Predicate = (icmp_ln33)> <Delay = 0.00>
ST_2 : Operation 464 [1/1] (0.00ns)   --->   "%p_0_3_0_0_037526_load = load i16 %p_0_3_0_0_037526"   --->   Operation 464 'load' 'p_0_3_0_0_037526_load' <Predicate = (icmp_ln33)> <Delay = 0.00>
ST_2 : Operation 465 [1/1] (0.00ns)   --->   "%p_0_2_0_0_037328_load = load i16 %p_0_2_0_0_037328"   --->   Operation 465 'load' 'p_0_2_0_0_037328_load' <Predicate = (icmp_ln33)> <Delay = 0.00>
ST_2 : Operation 466 [1/1] (0.00ns)   --->   "%p_0_1_0_0_037130_load = load i16 %p_0_1_0_0_037130"   --->   Operation 466 'load' 'p_0_1_0_0_037130_load' <Predicate = (icmp_ln33)> <Delay = 0.00>
ST_2 : Operation 467 [1/1] (0.00ns)   --->   "%p_0_0_0_0_036932_load = load i16 %p_0_0_0_0_036932"   --->   Operation 467 'load' 'p_0_0_0_0_036932_load' <Predicate = (icmp_ln33)> <Delay = 0.00>
ST_2 : Operation 468 [1/1] (0.00ns)   --->   "%p_0_7_0_0_036734_load = load i16 %p_0_7_0_0_036734"   --->   Operation 468 'load' 'p_0_7_0_0_036734_load' <Predicate = (icmp_ln33)> <Delay = 0.00>
ST_2 : Operation 469 [1/1] (0.00ns)   --->   "%p_0_6_0_0_036536_load = load i16 %p_0_6_0_0_036536"   --->   Operation 469 'load' 'p_0_6_0_0_036536_load' <Predicate = (icmp_ln33)> <Delay = 0.00>
ST_2 : Operation 470 [1/1] (0.00ns)   --->   "%p_0_5_0_0_036338_load = load i16 %p_0_5_0_0_036338"   --->   Operation 470 'load' 'p_0_5_0_0_036338_load' <Predicate = (icmp_ln33)> <Delay = 0.00>
ST_2 : Operation 471 [1/1] (0.00ns)   --->   "%p_0_4_0_0_036140_load = load i16 %p_0_4_0_0_036140"   --->   Operation 471 'load' 'p_0_4_0_0_036140_load' <Predicate = (icmp_ln33)> <Delay = 0.00>
ST_2 : Operation 472 [1/1] (0.00ns)   --->   "%p_0_3_0_0_035942_load = load i16 %p_0_3_0_0_035942"   --->   Operation 472 'load' 'p_0_3_0_0_035942_load' <Predicate = (icmp_ln33)> <Delay = 0.00>
ST_2 : Operation 473 [1/1] (0.00ns)   --->   "%p_0_2_0_0_035744_load = load i16 %p_0_2_0_0_035744"   --->   Operation 473 'load' 'p_0_2_0_0_035744_load' <Predicate = (icmp_ln33)> <Delay = 0.00>
ST_2 : Operation 474 [1/1] (0.00ns)   --->   "%p_0_1_0_0_035546_load = load i16 %p_0_1_0_0_035546"   --->   Operation 474 'load' 'p_0_1_0_0_035546_load' <Predicate = (icmp_ln33)> <Delay = 0.00>
ST_2 : Operation 475 [1/1] (0.00ns)   --->   "%p_0_0_0_0_035348_load = load i16 %p_0_0_0_0_035348"   --->   Operation 475 'load' 'p_0_0_0_0_035348_load' <Predicate = (icmp_ln33)> <Delay = 0.00>
ST_2 : Operation 476 [1/1] (0.00ns)   --->   "%p_0_7_0_0_035150_load = load i16 %p_0_7_0_0_035150"   --->   Operation 476 'load' 'p_0_7_0_0_035150_load' <Predicate = (icmp_ln33)> <Delay = 0.00>
ST_2 : Operation 477 [1/1] (0.00ns)   --->   "%p_0_6_0_0_034952_load = load i16 %p_0_6_0_0_034952"   --->   Operation 477 'load' 'p_0_6_0_0_034952_load' <Predicate = (icmp_ln33)> <Delay = 0.00>
ST_2 : Operation 478 [1/1] (0.00ns)   --->   "%p_0_5_0_0_034754_load = load i16 %p_0_5_0_0_034754"   --->   Operation 478 'load' 'p_0_5_0_0_034754_load' <Predicate = (icmp_ln33)> <Delay = 0.00>
ST_2 : Operation 479 [1/1] (0.00ns)   --->   "%p_0_4_0_0_034556_load = load i16 %p_0_4_0_0_034556"   --->   Operation 479 'load' 'p_0_4_0_0_034556_load' <Predicate = (icmp_ln33)> <Delay = 0.00>
ST_2 : Operation 480 [1/1] (0.00ns)   --->   "%p_0_3_0_0_034358_load = load i16 %p_0_3_0_0_034358"   --->   Operation 480 'load' 'p_0_3_0_0_034358_load' <Predicate = (icmp_ln33)> <Delay = 0.00>
ST_2 : Operation 481 [1/1] (0.00ns)   --->   "%p_0_2_0_0_034160_load = load i16 %p_0_2_0_0_034160"   --->   Operation 481 'load' 'p_0_2_0_0_034160_load' <Predicate = (icmp_ln33)> <Delay = 0.00>
ST_2 : Operation 482 [1/1] (0.00ns)   --->   "%p_0_1_0_0_033962_load = load i16 %p_0_1_0_0_033962"   --->   Operation 482 'load' 'p_0_1_0_0_033962_load' <Predicate = (icmp_ln33)> <Delay = 0.00>
ST_2 : Operation 483 [1/1] (0.00ns)   --->   "%p_0_0_0_0_033764_load = load i16 %p_0_0_0_0_033764"   --->   Operation 483 'load' 'p_0_0_0_0_033764_load' <Predicate = (icmp_ln33)> <Delay = 0.00>
ST_2 : Operation 484 [1/1] (0.00ns)   --->   "%p_0_7_0_0_033566_load = load i16 %p_0_7_0_0_033566"   --->   Operation 484 'load' 'p_0_7_0_0_033566_load' <Predicate = (icmp_ln33)> <Delay = 0.00>
ST_2 : Operation 485 [1/1] (0.00ns)   --->   "%p_0_6_0_0_033368_load = load i16 %p_0_6_0_0_033368"   --->   Operation 485 'load' 'p_0_6_0_0_033368_load' <Predicate = (icmp_ln33)> <Delay = 0.00>
ST_2 : Operation 486 [1/1] (0.00ns)   --->   "%p_0_5_0_0_033170_load = load i16 %p_0_5_0_0_033170"   --->   Operation 486 'load' 'p_0_5_0_0_033170_load' <Predicate = (icmp_ln33)> <Delay = 0.00>
ST_2 : Operation 487 [1/1] (0.00ns)   --->   "%p_0_4_0_0_032972_load = load i16 %p_0_4_0_0_032972"   --->   Operation 487 'load' 'p_0_4_0_0_032972_load' <Predicate = (icmp_ln33)> <Delay = 0.00>
ST_2 : Operation 488 [1/1] (0.00ns)   --->   "%p_0_3_0_0_032774_load = load i16 %p_0_3_0_0_032774"   --->   Operation 488 'load' 'p_0_3_0_0_032774_load' <Predicate = (icmp_ln33)> <Delay = 0.00>
ST_2 : Operation 489 [1/1] (0.00ns)   --->   "%p_0_2_0_0_032576_load = load i16 %p_0_2_0_0_032576"   --->   Operation 489 'load' 'p_0_2_0_0_032576_load' <Predicate = (icmp_ln33)> <Delay = 0.00>
ST_2 : Operation 490 [1/1] (0.00ns)   --->   "%p_0_1_0_0_032378_load = load i16 %p_0_1_0_0_032378"   --->   Operation 490 'load' 'p_0_1_0_0_032378_load' <Predicate = (icmp_ln33)> <Delay = 0.00>
ST_2 : Operation 491 [1/1] (0.00ns)   --->   "%p_0_0_0_0_032180_load = load i16 %p_0_0_0_0_032180"   --->   Operation 491 'load' 'p_0_0_0_0_032180_load' <Predicate = (icmp_ln33)> <Delay = 0.00>
ST_2 : Operation 492 [1/1] (0.00ns)   --->   "%p_0_7_0_0_031982_load = load i16 %p_0_7_0_0_031982"   --->   Operation 492 'load' 'p_0_7_0_0_031982_load' <Predicate = (icmp_ln33)> <Delay = 0.00>
ST_2 : Operation 493 [1/1] (0.00ns)   --->   "%p_0_6_0_0_031784_load = load i16 %p_0_6_0_0_031784"   --->   Operation 493 'load' 'p_0_6_0_0_031784_load' <Predicate = (icmp_ln33)> <Delay = 0.00>
ST_2 : Operation 494 [1/1] (0.00ns)   --->   "%p_0_5_0_0_031586_load = load i16 %p_0_5_0_0_031586"   --->   Operation 494 'load' 'p_0_5_0_0_031586_load' <Predicate = (icmp_ln33)> <Delay = 0.00>
ST_2 : Operation 495 [1/1] (0.00ns)   --->   "%p_0_4_0_0_031388_load = load i16 %p_0_4_0_0_031388"   --->   Operation 495 'load' 'p_0_4_0_0_031388_load' <Predicate = (icmp_ln33)> <Delay = 0.00>
ST_2 : Operation 496 [1/1] (0.00ns)   --->   "%p_0_3_0_0_031190_load = load i16 %p_0_3_0_0_031190"   --->   Operation 496 'load' 'p_0_3_0_0_031190_load' <Predicate = (icmp_ln33)> <Delay = 0.00>
ST_2 : Operation 497 [1/1] (0.00ns)   --->   "%p_0_2_0_0_030992_load = load i16 %p_0_2_0_0_030992"   --->   Operation 497 'load' 'p_0_2_0_0_030992_load' <Predicate = (icmp_ln33)> <Delay = 0.00>
ST_2 : Operation 498 [1/1] (0.00ns)   --->   "%p_0_1_0_0_030794_load = load i16 %p_0_1_0_0_030794"   --->   Operation 498 'load' 'p_0_1_0_0_030794_load' <Predicate = (icmp_ln33)> <Delay = 0.00>
ST_2 : Operation 499 [1/1] (0.00ns)   --->   "%p_0_0_0_0_030596_load = load i16 %p_0_0_0_0_030596"   --->   Operation 499 'load' 'p_0_0_0_0_030596_load' <Predicate = (icmp_ln33)> <Delay = 0.00>
ST_2 : Operation 500 [1/1] (0.00ns)   --->   "%p_0_7_0_0_030398_load = load i16 %p_0_7_0_0_030398"   --->   Operation 500 'load' 'p_0_7_0_0_030398_load' <Predicate = (icmp_ln33)> <Delay = 0.00>
ST_2 : Operation 501 [1/1] (0.00ns)   --->   "%p_0_6_0_0_0301100_load = load i16 %p_0_6_0_0_0301100"   --->   Operation 501 'load' 'p_0_6_0_0_0301100_load' <Predicate = (icmp_ln33)> <Delay = 0.00>
ST_2 : Operation 502 [1/1] (0.00ns)   --->   "%p_0_5_0_0_0299102_load = load i16 %p_0_5_0_0_0299102"   --->   Operation 502 'load' 'p_0_5_0_0_0299102_load' <Predicate = (icmp_ln33)> <Delay = 0.00>
ST_2 : Operation 503 [1/1] (0.00ns)   --->   "%p_0_4_0_0_0297104_load = load i16 %p_0_4_0_0_0297104"   --->   Operation 503 'load' 'p_0_4_0_0_0297104_load' <Predicate = (icmp_ln33)> <Delay = 0.00>
ST_2 : Operation 504 [1/1] (0.00ns)   --->   "%p_0_3_0_0_0295106_load = load i16 %p_0_3_0_0_0295106"   --->   Operation 504 'load' 'p_0_3_0_0_0295106_load' <Predicate = (icmp_ln33)> <Delay = 0.00>
ST_2 : Operation 505 [1/1] (0.00ns)   --->   "%p_0_2_0_0_0293108_load = load i16 %p_0_2_0_0_0293108"   --->   Operation 505 'load' 'p_0_2_0_0_0293108_load' <Predicate = (icmp_ln33)> <Delay = 0.00>
ST_2 : Operation 506 [1/1] (0.00ns)   --->   "%p_0_1_0_0_0291110_load = load i16 %p_0_1_0_0_0291110"   --->   Operation 506 'load' 'p_0_1_0_0_0291110_load' <Predicate = (icmp_ln33)> <Delay = 0.00>
ST_2 : Operation 507 [1/1] (0.00ns)   --->   "%p_0_0_0_0_0289112_load = load i16 %p_0_0_0_0_0289112"   --->   Operation 507 'load' 'p_0_0_0_0_0289112_load' <Predicate = (icmp_ln33)> <Delay = 0.00>
ST_2 : Operation 508 [1/1] (0.00ns)   --->   "%p_0_7_0_0_0287114_load = load i16 %p_0_7_0_0_0287114"   --->   Operation 508 'load' 'p_0_7_0_0_0287114_load' <Predicate = (icmp_ln33)> <Delay = 0.00>
ST_2 : Operation 509 [1/1] (0.00ns)   --->   "%p_0_6_0_0_0285116_load = load i16 %p_0_6_0_0_0285116"   --->   Operation 509 'load' 'p_0_6_0_0_0285116_load' <Predicate = (icmp_ln33)> <Delay = 0.00>
ST_2 : Operation 510 [1/1] (0.00ns)   --->   "%p_0_5_0_0_0283118_load = load i16 %p_0_5_0_0_0283118"   --->   Operation 510 'load' 'p_0_5_0_0_0283118_load' <Predicate = (icmp_ln33)> <Delay = 0.00>
ST_2 : Operation 511 [1/1] (0.00ns)   --->   "%p_0_4_0_0_0281120_load = load i16 %p_0_4_0_0_0281120"   --->   Operation 511 'load' 'p_0_4_0_0_0281120_load' <Predicate = (icmp_ln33)> <Delay = 0.00>
ST_2 : Operation 512 [1/1] (0.00ns)   --->   "%p_0_3_0_0_0279122_load = load i16 %p_0_3_0_0_0279122"   --->   Operation 512 'load' 'p_0_3_0_0_0279122_load' <Predicate = (icmp_ln33)> <Delay = 0.00>
ST_2 : Operation 513 [1/1] (0.00ns)   --->   "%p_0_2_0_0_0277124_load = load i16 %p_0_2_0_0_0277124"   --->   Operation 513 'load' 'p_0_2_0_0_0277124_load' <Predicate = (icmp_ln33)> <Delay = 0.00>
ST_2 : Operation 514 [1/1] (0.00ns)   --->   "%p_0_1_0_0_0275126_load = load i16 %p_0_1_0_0_0275126"   --->   Operation 514 'load' 'p_0_1_0_0_0275126_load' <Predicate = (icmp_ln33)> <Delay = 0.00>
ST_2 : Operation 515 [1/1] (0.00ns)   --->   "%p_0_0_0_0_0273128_load = load i16 %p_0_0_0_0_0273128"   --->   Operation 515 'load' 'p_0_0_0_0_0273128_load' <Predicate = (icmp_ln33)> <Delay = 0.00>
ST_2 : Operation 516 [1/1] (0.00ns)   --->   "%p_0_7_0_0_0271130_load = load i16 %p_0_7_0_0_0271130"   --->   Operation 516 'load' 'p_0_7_0_0_0271130_load' <Predicate = (icmp_ln33)> <Delay = 0.00>
ST_2 : Operation 517 [1/1] (0.00ns)   --->   "%p_0_6_0_0_0269132_load = load i16 %p_0_6_0_0_0269132"   --->   Operation 517 'load' 'p_0_6_0_0_0269132_load' <Predicate = (icmp_ln33)> <Delay = 0.00>
ST_2 : Operation 518 [1/1] (0.00ns)   --->   "%p_0_5_0_0_0267134_load = load i16 %p_0_5_0_0_0267134"   --->   Operation 518 'load' 'p_0_5_0_0_0267134_load' <Predicate = (icmp_ln33)> <Delay = 0.00>
ST_2 : Operation 519 [1/1] (0.00ns)   --->   "%p_0_4_0_0_0265136_load = load i16 %p_0_4_0_0_0265136"   --->   Operation 519 'load' 'p_0_4_0_0_0265136_load' <Predicate = (icmp_ln33)> <Delay = 0.00>
ST_2 : Operation 520 [1/1] (0.00ns)   --->   "%p_0_3_0_0_0263138_load = load i16 %p_0_3_0_0_0263138"   --->   Operation 520 'load' 'p_0_3_0_0_0263138_load' <Predicate = (icmp_ln33)> <Delay = 0.00>
ST_2 : Operation 521 [1/1] (0.00ns)   --->   "%p_0_2_0_0_0261140_load = load i16 %p_0_2_0_0_0261140"   --->   Operation 521 'load' 'p_0_2_0_0_0261140_load' <Predicate = (icmp_ln33)> <Delay = 0.00>
ST_2 : Operation 522 [1/1] (0.00ns)   --->   "%p_0_1_0_0_0259142_load = load i16 %p_0_1_0_0_0259142"   --->   Operation 522 'load' 'p_0_1_0_0_0259142_load' <Predicate = (icmp_ln33)> <Delay = 0.00>
ST_2 : Operation 523 [1/1] (0.00ns)   --->   "%p_0_0_0_0_0257144_load = load i16 %p_0_0_0_0_0257144"   --->   Operation 523 'load' 'p_0_0_0_0_0257144_load' <Predicate = (icmp_ln33)> <Delay = 0.00>
ST_2 : Operation 524 [1/1] (0.00ns)   --->   "%p_0_7_0_0_0255146_load = load i16 %p_0_7_0_0_0255146"   --->   Operation 524 'load' 'p_0_7_0_0_0255146_load' <Predicate = (icmp_ln33)> <Delay = 0.00>
ST_2 : Operation 525 [1/1] (0.00ns)   --->   "%p_0_6_0_0_0253148_load = load i16 %p_0_6_0_0_0253148"   --->   Operation 525 'load' 'p_0_6_0_0_0253148_load' <Predicate = (icmp_ln33)> <Delay = 0.00>
ST_2 : Operation 526 [1/1] (0.00ns)   --->   "%p_0_5_0_0_0251150_load = load i16 %p_0_5_0_0_0251150"   --->   Operation 526 'load' 'p_0_5_0_0_0251150_load' <Predicate = (icmp_ln33)> <Delay = 0.00>
ST_2 : Operation 527 [1/1] (0.00ns)   --->   "%p_0_4_0_0_0249152_load = load i16 %p_0_4_0_0_0249152"   --->   Operation 527 'load' 'p_0_4_0_0_0249152_load' <Predicate = (icmp_ln33)> <Delay = 0.00>
ST_2 : Operation 528 [1/1] (0.00ns)   --->   "%p_0_3_0_0_0247154_load = load i16 %p_0_3_0_0_0247154"   --->   Operation 528 'load' 'p_0_3_0_0_0247154_load' <Predicate = (icmp_ln33)> <Delay = 0.00>
ST_2 : Operation 529 [1/1] (0.00ns)   --->   "%p_0_2_0_0_0245156_load = load i16 %p_0_2_0_0_0245156"   --->   Operation 529 'load' 'p_0_2_0_0_0245156_load' <Predicate = (icmp_ln33)> <Delay = 0.00>
ST_2 : Operation 530 [1/1] (0.00ns)   --->   "%p_0_1_0_0_0243158_load = load i16 %p_0_1_0_0_0243158"   --->   Operation 530 'load' 'p_0_1_0_0_0243158_load' <Predicate = (icmp_ln33)> <Delay = 0.00>
ST_2 : Operation 531 [1/1] (0.00ns)   --->   "%p_0_0_0_0_0241160_load = load i16 %p_0_0_0_0_0241160"   --->   Operation 531 'load' 'p_0_0_0_0_0241160_load' <Predicate = (icmp_ln33)> <Delay = 0.00>
ST_2 : Operation 532 [1/1] (0.00ns)   --->   "%p_0_7_0_0_0239162_load = load i16 %p_0_7_0_0_0239162"   --->   Operation 532 'load' 'p_0_7_0_0_0239162_load' <Predicate = (icmp_ln33)> <Delay = 0.00>
ST_2 : Operation 533 [1/1] (0.00ns)   --->   "%p_0_6_0_0_0237164_load = load i16 %p_0_6_0_0_0237164"   --->   Operation 533 'load' 'p_0_6_0_0_0237164_load' <Predicate = (icmp_ln33)> <Delay = 0.00>
ST_2 : Operation 534 [1/1] (0.00ns)   --->   "%p_0_5_0_0_0235166_load = load i16 %p_0_5_0_0_0235166"   --->   Operation 534 'load' 'p_0_5_0_0_0235166_load' <Predicate = (icmp_ln33)> <Delay = 0.00>
ST_2 : Operation 535 [1/1] (0.00ns)   --->   "%p_0_4_0_0_0233168_load = load i16 %p_0_4_0_0_0233168"   --->   Operation 535 'load' 'p_0_4_0_0_0233168_load' <Predicate = (icmp_ln33)> <Delay = 0.00>
ST_2 : Operation 536 [1/1] (0.00ns)   --->   "%p_0_3_0_0_0231170_load = load i16 %p_0_3_0_0_0231170"   --->   Operation 536 'load' 'p_0_3_0_0_0231170_load' <Predicate = (icmp_ln33)> <Delay = 0.00>
ST_2 : Operation 537 [1/1] (0.00ns)   --->   "%p_0_2_0_0_0229172_load = load i16 %p_0_2_0_0_0229172"   --->   Operation 537 'load' 'p_0_2_0_0_0229172_load' <Predicate = (icmp_ln33)> <Delay = 0.00>
ST_2 : Operation 538 [1/1] (0.00ns)   --->   "%p_0_1_0_0_0227174_load = load i16 %p_0_1_0_0_0227174"   --->   Operation 538 'load' 'p_0_1_0_0_0227174_load' <Predicate = (icmp_ln33)> <Delay = 0.00>
ST_2 : Operation 539 [1/1] (0.00ns)   --->   "%p_0_0_0_0_0225176_load = load i16 %p_0_0_0_0_0225176"   --->   Operation 539 'load' 'p_0_0_0_0_0225176_load' <Predicate = (icmp_ln33)> <Delay = 0.00>
ST_2 : Operation 540 [1/1] (0.00ns)   --->   "%p_0_7_0_0_0223178_load = load i16 %p_0_7_0_0_0223178"   --->   Operation 540 'load' 'p_0_7_0_0_0223178_load' <Predicate = (icmp_ln33)> <Delay = 0.00>
ST_2 : Operation 541 [1/1] (0.00ns)   --->   "%p_0_6_0_0_0221180_load = load i16 %p_0_6_0_0_0221180"   --->   Operation 541 'load' 'p_0_6_0_0_0221180_load' <Predicate = (icmp_ln33)> <Delay = 0.00>
ST_2 : Operation 542 [1/1] (0.00ns)   --->   "%p_0_5_0_0_0219182_load = load i16 %p_0_5_0_0_0219182"   --->   Operation 542 'load' 'p_0_5_0_0_0219182_load' <Predicate = (icmp_ln33)> <Delay = 0.00>
ST_2 : Operation 543 [1/1] (0.00ns)   --->   "%p_0_4_0_0_0217184_load = load i16 %p_0_4_0_0_0217184"   --->   Operation 543 'load' 'p_0_4_0_0_0217184_load' <Predicate = (icmp_ln33)> <Delay = 0.00>
ST_2 : Operation 544 [1/1] (0.00ns)   --->   "%p_0_3_0_0_0215186_load = load i16 %p_0_3_0_0_0215186"   --->   Operation 544 'load' 'p_0_3_0_0_0215186_load' <Predicate = (icmp_ln33)> <Delay = 0.00>
ST_2 : Operation 545 [1/1] (0.00ns)   --->   "%p_0_2_0_0_0213188_load = load i16 %p_0_2_0_0_0213188"   --->   Operation 545 'load' 'p_0_2_0_0_0213188_load' <Predicate = (icmp_ln33)> <Delay = 0.00>
ST_2 : Operation 546 [1/1] (0.00ns)   --->   "%p_0_1_0_0_0211190_load = load i16 %p_0_1_0_0_0211190"   --->   Operation 546 'load' 'p_0_1_0_0_0211190_load' <Predicate = (icmp_ln33)> <Delay = 0.00>
ST_2 : Operation 547 [1/1] (0.00ns)   --->   "%p_0_0_0_0_0209192_load = load i16 %p_0_0_0_0_0209192"   --->   Operation 547 'load' 'p_0_0_0_0_0209192_load' <Predicate = (icmp_ln33)> <Delay = 0.00>
ST_2 : Operation 548 [1/1] (0.00ns)   --->   "%p_0_7_0_0_0207194_load = load i16 %p_0_7_0_0_0207194"   --->   Operation 548 'load' 'p_0_7_0_0_0207194_load' <Predicate = (icmp_ln33)> <Delay = 0.00>
ST_2 : Operation 549 [1/1] (0.00ns)   --->   "%p_0_6_0_0_0205196_load = load i16 %p_0_6_0_0_0205196"   --->   Operation 549 'load' 'p_0_6_0_0_0205196_load' <Predicate = (icmp_ln33)> <Delay = 0.00>
ST_2 : Operation 550 [1/1] (0.00ns)   --->   "%p_0_5_0_0_0203198_load = load i16 %p_0_5_0_0_0203198"   --->   Operation 550 'load' 'p_0_5_0_0_0203198_load' <Predicate = (icmp_ln33)> <Delay = 0.00>
ST_2 : Operation 551 [1/1] (0.00ns)   --->   "%p_0_4_0_0_0201200_load = load i16 %p_0_4_0_0_0201200"   --->   Operation 551 'load' 'p_0_4_0_0_0201200_load' <Predicate = (icmp_ln33)> <Delay = 0.00>
ST_2 : Operation 552 [1/1] (0.00ns)   --->   "%p_0_3_0_0_0199202_load = load i16 %p_0_3_0_0_0199202"   --->   Operation 552 'load' 'p_0_3_0_0_0199202_load' <Predicate = (icmp_ln33)> <Delay = 0.00>
ST_2 : Operation 553 [1/1] (0.00ns)   --->   "%p_0_2_0_0_0197204_load = load i16 %p_0_2_0_0_0197204"   --->   Operation 553 'load' 'p_0_2_0_0_0197204_load' <Predicate = (icmp_ln33)> <Delay = 0.00>
ST_2 : Operation 554 [1/1] (0.00ns)   --->   "%p_0_1_0_0_0195206_load = load i16 %p_0_1_0_0_0195206"   --->   Operation 554 'load' 'p_0_1_0_0_0195206_load' <Predicate = (icmp_ln33)> <Delay = 0.00>
ST_2 : Operation 555 [1/1] (0.00ns)   --->   "%p_0_0_0_0_0193208_load = load i16 %p_0_0_0_0_0193208"   --->   Operation 555 'load' 'p_0_0_0_0_0193208_load' <Predicate = (icmp_ln33)> <Delay = 0.00>
ST_2 : Operation 556 [1/1] (0.00ns)   --->   "%p_0_7_0_0_0191210_load = load i16 %p_0_7_0_0_0191210"   --->   Operation 556 'load' 'p_0_7_0_0_0191210_load' <Predicate = (icmp_ln33)> <Delay = 0.00>
ST_2 : Operation 557 [1/1] (0.00ns)   --->   "%p_0_6_0_0_0189212_load = load i16 %p_0_6_0_0_0189212"   --->   Operation 557 'load' 'p_0_6_0_0_0189212_load' <Predicate = (icmp_ln33)> <Delay = 0.00>
ST_2 : Operation 558 [1/1] (0.00ns)   --->   "%p_0_5_0_0_0187214_load = load i16 %p_0_5_0_0_0187214"   --->   Operation 558 'load' 'p_0_5_0_0_0187214_load' <Predicate = (icmp_ln33)> <Delay = 0.00>
ST_2 : Operation 559 [1/1] (0.00ns)   --->   "%p_0_4_0_0_0185216_load = load i16 %p_0_4_0_0_0185216"   --->   Operation 559 'load' 'p_0_4_0_0_0185216_load' <Predicate = (icmp_ln33)> <Delay = 0.00>
ST_2 : Operation 560 [1/1] (0.00ns)   --->   "%p_0_3_0_0_0183218_load = load i16 %p_0_3_0_0_0183218"   --->   Operation 560 'load' 'p_0_3_0_0_0183218_load' <Predicate = (icmp_ln33)> <Delay = 0.00>
ST_2 : Operation 561 [1/1] (0.00ns)   --->   "%p_0_2_0_0_0181220_load = load i16 %p_0_2_0_0_0181220"   --->   Operation 561 'load' 'p_0_2_0_0_0181220_load' <Predicate = (icmp_ln33)> <Delay = 0.00>
ST_2 : Operation 562 [1/1] (0.00ns)   --->   "%p_0_1_0_0_0179222_load = load i16 %p_0_1_0_0_0179222"   --->   Operation 562 'load' 'p_0_1_0_0_0179222_load' <Predicate = (icmp_ln33)> <Delay = 0.00>
ST_2 : Operation 563 [1/1] (0.00ns)   --->   "%p_0_0_0_0_0177224_load = load i16 %p_0_0_0_0_0177224"   --->   Operation 563 'load' 'p_0_0_0_0_0177224_load' <Predicate = (icmp_ln33)> <Delay = 0.00>
ST_2 : Operation 564 [1/1] (0.00ns)   --->   "%p_0_7_0_0_0175226_load = load i16 %p_0_7_0_0_0175226"   --->   Operation 564 'load' 'p_0_7_0_0_0175226_load' <Predicate = (icmp_ln33)> <Delay = 0.00>
ST_2 : Operation 565 [1/1] (0.00ns)   --->   "%p_0_6_0_0_0173228_load = load i16 %p_0_6_0_0_0173228"   --->   Operation 565 'load' 'p_0_6_0_0_0173228_load' <Predicate = (icmp_ln33)> <Delay = 0.00>
ST_2 : Operation 566 [1/1] (0.00ns)   --->   "%p_0_5_0_0_0171230_load = load i16 %p_0_5_0_0_0171230"   --->   Operation 566 'load' 'p_0_5_0_0_0171230_load' <Predicate = (icmp_ln33)> <Delay = 0.00>
ST_2 : Operation 567 [1/1] (0.00ns)   --->   "%p_0_4_0_0_0169232_load = load i16 %p_0_4_0_0_0169232"   --->   Operation 567 'load' 'p_0_4_0_0_0169232_load' <Predicate = (icmp_ln33)> <Delay = 0.00>
ST_2 : Operation 568 [1/1] (0.00ns)   --->   "%p_0_3_0_0_0167234_load = load i16 %p_0_3_0_0_0167234"   --->   Operation 568 'load' 'p_0_3_0_0_0167234_load' <Predicate = (icmp_ln33)> <Delay = 0.00>
ST_2 : Operation 569 [1/1] (0.00ns)   --->   "%p_0_2_0_0_0165236_load = load i16 %p_0_2_0_0_0165236"   --->   Operation 569 'load' 'p_0_2_0_0_0165236_load' <Predicate = (icmp_ln33)> <Delay = 0.00>
ST_2 : Operation 570 [1/1] (0.00ns)   --->   "%p_0_1_0_0_0163238_load = load i16 %p_0_1_0_0_0163238"   --->   Operation 570 'load' 'p_0_1_0_0_0163238_load' <Predicate = (icmp_ln33)> <Delay = 0.00>
ST_2 : Operation 571 [1/1] (0.00ns)   --->   "%p_0_0_0_0_0161240_load = load i16 %p_0_0_0_0_0161240"   --->   Operation 571 'load' 'p_0_0_0_0_0161240_load' <Predicate = (icmp_ln33)> <Delay = 0.00>
ST_2 : Operation 572 [1/1] (0.00ns)   --->   "%p_0_7_0_0_0159242_load = load i16 %p_0_7_0_0_0159242"   --->   Operation 572 'load' 'p_0_7_0_0_0159242_load' <Predicate = (icmp_ln33)> <Delay = 0.00>
ST_2 : Operation 573 [1/1] (0.00ns)   --->   "%p_0_6_0_0_0157244_load = load i16 %p_0_6_0_0_0157244"   --->   Operation 573 'load' 'p_0_6_0_0_0157244_load' <Predicate = (icmp_ln33)> <Delay = 0.00>
ST_2 : Operation 574 [1/1] (0.00ns)   --->   "%p_0_5_0_0_0155246_load = load i16 %p_0_5_0_0_0155246"   --->   Operation 574 'load' 'p_0_5_0_0_0155246_load' <Predicate = (icmp_ln33)> <Delay = 0.00>
ST_2 : Operation 575 [1/1] (0.00ns)   --->   "%p_0_4_0_0_0153248_load = load i16 %p_0_4_0_0_0153248"   --->   Operation 575 'load' 'p_0_4_0_0_0153248_load' <Predicate = (icmp_ln33)> <Delay = 0.00>
ST_2 : Operation 576 [1/1] (0.00ns)   --->   "%p_0_3_0_0_0151250_load = load i16 %p_0_3_0_0_0151250"   --->   Operation 576 'load' 'p_0_3_0_0_0151250_load' <Predicate = (icmp_ln33)> <Delay = 0.00>
ST_2 : Operation 577 [1/1] (0.00ns)   --->   "%p_0_2_0_0_0149252_load = load i16 %p_0_2_0_0_0149252"   --->   Operation 577 'load' 'p_0_2_0_0_0149252_load' <Predicate = (icmp_ln33)> <Delay = 0.00>
ST_2 : Operation 578 [1/1] (0.00ns)   --->   "%p_0_1_0_0_0147254_load = load i16 %p_0_1_0_0_0147254"   --->   Operation 578 'load' 'p_0_1_0_0_0147254_load' <Predicate = (icmp_ln33)> <Delay = 0.00>
ST_2 : Operation 579 [1/1] (0.00ns)   --->   "%p_0_0_0_0_0145256_load = load i16 %p_0_0_0_0_0145256"   --->   Operation 579 'load' 'p_0_0_0_0_0145256_load' <Predicate = (icmp_ln33)> <Delay = 0.00>
ST_2 : Operation 580 [1/1] (0.00ns)   --->   "%p_0_7_0_0_0143258_load = load i16 %p_0_7_0_0_0143258"   --->   Operation 580 'load' 'p_0_7_0_0_0143258_load' <Predicate = (icmp_ln33)> <Delay = 0.00>
ST_2 : Operation 581 [1/1] (0.00ns)   --->   "%p_0_6_0_0_0141260_load = load i16 %p_0_6_0_0_0141260"   --->   Operation 581 'load' 'p_0_6_0_0_0141260_load' <Predicate = (icmp_ln33)> <Delay = 0.00>
ST_2 : Operation 582 [1/1] (0.00ns)   --->   "%p_0_5_0_0_0139262_load = load i16 %p_0_5_0_0_0139262"   --->   Operation 582 'load' 'p_0_5_0_0_0139262_load' <Predicate = (icmp_ln33)> <Delay = 0.00>
ST_2 : Operation 583 [1/1] (0.00ns)   --->   "%p_0_4_0_0_0137264_load = load i16 %p_0_4_0_0_0137264"   --->   Operation 583 'load' 'p_0_4_0_0_0137264_load' <Predicate = (icmp_ln33)> <Delay = 0.00>
ST_2 : Operation 584 [1/1] (0.00ns)   --->   "%p_0_3_0_0_0135266_load = load i16 %p_0_3_0_0_0135266"   --->   Operation 584 'load' 'p_0_3_0_0_0135266_load' <Predicate = (icmp_ln33)> <Delay = 0.00>
ST_2 : Operation 585 [1/1] (0.00ns)   --->   "%p_0_2_0_0_0133268_load = load i16 %p_0_2_0_0_0133268"   --->   Operation 585 'load' 'p_0_2_0_0_0133268_load' <Predicate = (icmp_ln33)> <Delay = 0.00>
ST_2 : Operation 586 [1/1] (0.00ns)   --->   "%p_0_1_0_0_0131270_load = load i16 %p_0_1_0_0_0131270"   --->   Operation 586 'load' 'p_0_1_0_0_0131270_load' <Predicate = (icmp_ln33)> <Delay = 0.00>
ST_2 : Operation 587 [1/1] (0.00ns)   --->   "%p_0_0_0_0_0129272_load = load i16 %p_0_0_0_0_0129272"   --->   Operation 587 'load' 'p_0_0_0_0_0129272_load' <Predicate = (icmp_ln33)> <Delay = 0.00>
ST_2 : Operation 588 [1/1] (0.00ns)   --->   "%p_0_7_0_0_0127274_load = load i16 %p_0_7_0_0_0127274"   --->   Operation 588 'load' 'p_0_7_0_0_0127274_load' <Predicate = (icmp_ln33)> <Delay = 0.00>
ST_2 : Operation 589 [1/1] (0.00ns)   --->   "%p_0_6_0_0_0125276_load = load i16 %p_0_6_0_0_0125276"   --->   Operation 589 'load' 'p_0_6_0_0_0125276_load' <Predicate = (icmp_ln33)> <Delay = 0.00>
ST_2 : Operation 590 [1/1] (0.00ns)   --->   "%p_0_5_0_0_0123278_load = load i16 %p_0_5_0_0_0123278"   --->   Operation 590 'load' 'p_0_5_0_0_0123278_load' <Predicate = (icmp_ln33)> <Delay = 0.00>
ST_2 : Operation 591 [1/1] (0.00ns)   --->   "%p_0_4_0_0_0121280_load = load i16 %p_0_4_0_0_0121280"   --->   Operation 591 'load' 'p_0_4_0_0_0121280_load' <Predicate = (icmp_ln33)> <Delay = 0.00>
ST_2 : Operation 592 [1/1] (0.00ns)   --->   "%p_0_3_0_0_0119282_load = load i16 %p_0_3_0_0_0119282"   --->   Operation 592 'load' 'p_0_3_0_0_0119282_load' <Predicate = (icmp_ln33)> <Delay = 0.00>
ST_2 : Operation 593 [1/1] (0.00ns)   --->   "%p_0_2_0_0_0117284_load = load i16 %p_0_2_0_0_0117284"   --->   Operation 593 'load' 'p_0_2_0_0_0117284_load' <Predicate = (icmp_ln33)> <Delay = 0.00>
ST_2 : Operation 594 [1/1] (0.00ns)   --->   "%p_0_1_0_0_0115286_load = load i16 %p_0_1_0_0_0115286"   --->   Operation 594 'load' 'p_0_1_0_0_0115286_load' <Predicate = (icmp_ln33)> <Delay = 0.00>
ST_2 : Operation 595 [1/1] (0.00ns)   --->   "%p_0_0_0_0_0113288_load = load i16 %p_0_0_0_0_0113288"   --->   Operation 595 'load' 'p_0_0_0_0_0113288_load' <Predicate = (icmp_ln33)> <Delay = 0.00>
ST_2 : Operation 596 [1/1] (0.00ns)   --->   "%p_0_7_0_0_0111290_load = load i16 %p_0_7_0_0_0111290"   --->   Operation 596 'load' 'p_0_7_0_0_0111290_load' <Predicate = (icmp_ln33)> <Delay = 0.00>
ST_2 : Operation 597 [1/1] (0.00ns)   --->   "%p_0_6_0_0_0109292_load = load i16 %p_0_6_0_0_0109292"   --->   Operation 597 'load' 'p_0_6_0_0_0109292_load' <Predicate = (icmp_ln33)> <Delay = 0.00>
ST_2 : Operation 598 [1/1] (0.00ns)   --->   "%p_0_5_0_0_0107294_load = load i16 %p_0_5_0_0_0107294"   --->   Operation 598 'load' 'p_0_5_0_0_0107294_load' <Predicate = (icmp_ln33)> <Delay = 0.00>
ST_2 : Operation 599 [1/1] (0.00ns)   --->   "%p_0_4_0_0_0105296_load = load i16 %p_0_4_0_0_0105296"   --->   Operation 599 'load' 'p_0_4_0_0_0105296_load' <Predicate = (icmp_ln33)> <Delay = 0.00>
ST_2 : Operation 600 [1/1] (0.00ns)   --->   "%p_0_3_0_0_0103298_load = load i16 %p_0_3_0_0_0103298"   --->   Operation 600 'load' 'p_0_3_0_0_0103298_load' <Predicate = (icmp_ln33)> <Delay = 0.00>
ST_2 : Operation 601 [1/1] (0.00ns)   --->   "%p_0_2_0_0_0101300_load = load i16 %p_0_2_0_0_0101300"   --->   Operation 601 'load' 'p_0_2_0_0_0101300_load' <Predicate = (icmp_ln33)> <Delay = 0.00>
ST_2 : Operation 602 [1/1] (0.00ns)   --->   "%p_0_1_0_0_099302_load = load i16 %p_0_1_0_0_099302"   --->   Operation 602 'load' 'p_0_1_0_0_099302_load' <Predicate = (icmp_ln33)> <Delay = 0.00>
ST_2 : Operation 603 [1/1] (0.00ns)   --->   "%p_0_0_0_0_097304_load = load i16 %p_0_0_0_0_097304"   --->   Operation 603 'load' 'p_0_0_0_0_097304_load' <Predicate = (icmp_ln33)> <Delay = 0.00>
ST_2 : Operation 604 [1/1] (0.00ns)   --->   "%p_0_7_0_0_095306_load = load i16 %p_0_7_0_0_095306"   --->   Operation 604 'load' 'p_0_7_0_0_095306_load' <Predicate = (icmp_ln33)> <Delay = 0.00>
ST_2 : Operation 605 [1/1] (0.00ns)   --->   "%p_0_6_0_0_093308_load = load i16 %p_0_6_0_0_093308"   --->   Operation 605 'load' 'p_0_6_0_0_093308_load' <Predicate = (icmp_ln33)> <Delay = 0.00>
ST_2 : Operation 606 [1/1] (0.00ns)   --->   "%p_0_5_0_0_091310_load = load i16 %p_0_5_0_0_091310"   --->   Operation 606 'load' 'p_0_5_0_0_091310_load' <Predicate = (icmp_ln33)> <Delay = 0.00>
ST_2 : Operation 607 [1/1] (0.00ns)   --->   "%p_0_4_0_0_089312_load = load i16 %p_0_4_0_0_089312"   --->   Operation 607 'load' 'p_0_4_0_0_089312_load' <Predicate = (icmp_ln33)> <Delay = 0.00>
ST_2 : Operation 608 [1/1] (0.00ns)   --->   "%p_0_3_0_0_087314_load = load i16 %p_0_3_0_0_087314"   --->   Operation 608 'load' 'p_0_3_0_0_087314_load' <Predicate = (icmp_ln33)> <Delay = 0.00>
ST_2 : Operation 609 [1/1] (0.00ns)   --->   "%p_0_2_0_0_085316_load = load i16 %p_0_2_0_0_085316"   --->   Operation 609 'load' 'p_0_2_0_0_085316_load' <Predicate = (icmp_ln33)> <Delay = 0.00>
ST_2 : Operation 610 [1/1] (0.00ns)   --->   "%p_0_1_0_0_083318_load = load i16 %p_0_1_0_0_083318"   --->   Operation 610 'load' 'p_0_1_0_0_083318_load' <Predicate = (icmp_ln33)> <Delay = 0.00>
ST_2 : Operation 611 [1/1] (0.00ns)   --->   "%p_0_0_0_0_081320_load = load i16 %p_0_0_0_0_081320"   --->   Operation 611 'load' 'p_0_0_0_0_081320_load' <Predicate = (icmp_ln33)> <Delay = 0.00>
ST_2 : Operation 612 [1/1] (0.00ns)   --->   "%p_0_7_0_0_079322_load = load i16 %p_0_7_0_0_079322"   --->   Operation 612 'load' 'p_0_7_0_0_079322_load' <Predicate = (icmp_ln33)> <Delay = 0.00>
ST_2 : Operation 613 [1/1] (0.00ns)   --->   "%p_0_6_0_0_077324_load = load i16 %p_0_6_0_0_077324"   --->   Operation 613 'load' 'p_0_6_0_0_077324_load' <Predicate = (icmp_ln33)> <Delay = 0.00>
ST_2 : Operation 614 [1/1] (0.00ns)   --->   "%p_0_5_0_0_075326_load = load i16 %p_0_5_0_0_075326"   --->   Operation 614 'load' 'p_0_5_0_0_075326_load' <Predicate = (icmp_ln33)> <Delay = 0.00>
ST_2 : Operation 615 [1/1] (0.00ns)   --->   "%p_0_4_0_0_073328_load = load i16 %p_0_4_0_0_073328"   --->   Operation 615 'load' 'p_0_4_0_0_073328_load' <Predicate = (icmp_ln33)> <Delay = 0.00>
ST_2 : Operation 616 [1/1] (0.00ns)   --->   "%p_0_3_0_0_071330_load = load i16 %p_0_3_0_0_071330"   --->   Operation 616 'load' 'p_0_3_0_0_071330_load' <Predicate = (icmp_ln33)> <Delay = 0.00>
ST_2 : Operation 617 [1/1] (0.00ns)   --->   "%p_0_2_0_0_069332_load = load i16 %p_0_2_0_0_069332"   --->   Operation 617 'load' 'p_0_2_0_0_069332_load' <Predicate = (icmp_ln33)> <Delay = 0.00>
ST_2 : Operation 618 [1/1] (0.00ns)   --->   "%p_0_1_0_0_067334_load = load i16 %p_0_1_0_0_067334"   --->   Operation 618 'load' 'p_0_1_0_0_067334_load' <Predicate = (icmp_ln33)> <Delay = 0.00>
ST_2 : Operation 619 [1/1] (0.00ns)   --->   "%p_0_0_0_0_065336_load = load i16 %p_0_0_0_0_065336"   --->   Operation 619 'load' 'p_0_0_0_0_065336_load' <Predicate = (icmp_ln33)> <Delay = 0.00>
ST_2 : Operation 620 [1/1] (0.00ns)   --->   "%p_0_7_0_0_063338_load = load i16 %p_0_7_0_0_063338"   --->   Operation 620 'load' 'p_0_7_0_0_063338_load' <Predicate = (icmp_ln33)> <Delay = 0.00>
ST_2 : Operation 621 [1/1] (0.00ns)   --->   "%p_0_6_0_0_061340_load = load i16 %p_0_6_0_0_061340"   --->   Operation 621 'load' 'p_0_6_0_0_061340_load' <Predicate = (icmp_ln33)> <Delay = 0.00>
ST_2 : Operation 622 [1/1] (0.00ns)   --->   "%p_0_5_0_0_059342_load = load i16 %p_0_5_0_0_059342"   --->   Operation 622 'load' 'p_0_5_0_0_059342_load' <Predicate = (icmp_ln33)> <Delay = 0.00>
ST_2 : Operation 623 [1/1] (0.00ns)   --->   "%p_0_4_0_0_057344_load = load i16 %p_0_4_0_0_057344"   --->   Operation 623 'load' 'p_0_4_0_0_057344_load' <Predicate = (icmp_ln33)> <Delay = 0.00>
ST_2 : Operation 624 [1/1] (0.00ns)   --->   "%p_0_3_0_0_055346_load = load i16 %p_0_3_0_0_055346"   --->   Operation 624 'load' 'p_0_3_0_0_055346_load' <Predicate = (icmp_ln33)> <Delay = 0.00>
ST_2 : Operation 625 [1/1] (0.00ns)   --->   "%p_0_2_0_0_053348_load = load i16 %p_0_2_0_0_053348"   --->   Operation 625 'load' 'p_0_2_0_0_053348_load' <Predicate = (icmp_ln33)> <Delay = 0.00>
ST_2 : Operation 626 [1/1] (0.00ns)   --->   "%p_0_1_0_0_051350_load = load i16 %p_0_1_0_0_051350"   --->   Operation 626 'load' 'p_0_1_0_0_051350_load' <Predicate = (icmp_ln33)> <Delay = 0.00>
ST_2 : Operation 627 [1/1] (0.00ns)   --->   "%p_0_0_0_0_049352_load = load i16 %p_0_0_0_0_049352"   --->   Operation 627 'load' 'p_0_0_0_0_049352_load' <Predicate = (icmp_ln33)> <Delay = 0.00>
ST_2 : Operation 628 [1/1] (0.00ns)   --->   "%p_0_7_0_0_047354_load = load i16 %p_0_7_0_0_047354"   --->   Operation 628 'load' 'p_0_7_0_0_047354_load' <Predicate = (icmp_ln33)> <Delay = 0.00>
ST_2 : Operation 629 [1/1] (0.00ns)   --->   "%p_0_6_0_0_045356_load = load i16 %p_0_6_0_0_045356"   --->   Operation 629 'load' 'p_0_6_0_0_045356_load' <Predicate = (icmp_ln33)> <Delay = 0.00>
ST_2 : Operation 630 [1/1] (0.00ns)   --->   "%p_0_5_0_0_043358_load = load i16 %p_0_5_0_0_043358"   --->   Operation 630 'load' 'p_0_5_0_0_043358_load' <Predicate = (icmp_ln33)> <Delay = 0.00>
ST_2 : Operation 631 [1/1] (0.00ns)   --->   "%p_0_4_0_0_041360_load = load i16 %p_0_4_0_0_041360"   --->   Operation 631 'load' 'p_0_4_0_0_041360_load' <Predicate = (icmp_ln33)> <Delay = 0.00>
ST_2 : Operation 632 [1/1] (0.00ns)   --->   "%p_0_3_0_0_039362_load = load i16 %p_0_3_0_0_039362"   --->   Operation 632 'load' 'p_0_3_0_0_039362_load' <Predicate = (icmp_ln33)> <Delay = 0.00>
ST_2 : Operation 633 [1/1] (0.00ns)   --->   "%p_0_2_0_0_037364_load = load i16 %p_0_2_0_0_037364"   --->   Operation 633 'load' 'p_0_2_0_0_037364_load' <Predicate = (icmp_ln33)> <Delay = 0.00>
ST_2 : Operation 634 [1/1] (0.00ns)   --->   "%p_0_1_0_0_035366_load = load i16 %p_0_1_0_0_035366"   --->   Operation 634 'load' 'p_0_1_0_0_035366_load' <Predicate = (icmp_ln33)> <Delay = 0.00>
ST_2 : Operation 635 [1/1] (0.00ns)   --->   "%p_0_0_0_0_033368_load = load i16 %p_0_0_0_0_033368"   --->   Operation 635 'load' 'p_0_0_0_0_033368_load' <Predicate = (icmp_ln33)> <Delay = 0.00>
ST_2 : Operation 636 [1/1] (0.00ns)   --->   "%p_0_7_0_0_031370_load = load i16 %p_0_7_0_0_031370"   --->   Operation 636 'load' 'p_0_7_0_0_031370_load' <Predicate = (icmp_ln33)> <Delay = 0.00>
ST_2 : Operation 637 [1/1] (0.00ns)   --->   "%p_0_6_0_0_029372_load = load i16 %p_0_6_0_0_029372"   --->   Operation 637 'load' 'p_0_6_0_0_029372_load' <Predicate = (icmp_ln33)> <Delay = 0.00>
ST_2 : Operation 638 [1/1] (0.00ns)   --->   "%p_0_5_0_0_027374_load = load i16 %p_0_5_0_0_027374"   --->   Operation 638 'load' 'p_0_5_0_0_027374_load' <Predicate = (icmp_ln33)> <Delay = 0.00>
ST_2 : Operation 639 [1/1] (0.00ns)   --->   "%p_0_4_0_0_025376_load = load i16 %p_0_4_0_0_025376"   --->   Operation 639 'load' 'p_0_4_0_0_025376_load' <Predicate = (icmp_ln33)> <Delay = 0.00>
ST_2 : Operation 640 [1/1] (0.00ns)   --->   "%p_0_3_0_0_023378_load = load i16 %p_0_3_0_0_023378"   --->   Operation 640 'load' 'p_0_3_0_0_023378_load' <Predicate = (icmp_ln33)> <Delay = 0.00>
ST_2 : Operation 641 [1/1] (0.00ns)   --->   "%p_0_2_0_0_021380_load = load i16 %p_0_2_0_0_021380"   --->   Operation 641 'load' 'p_0_2_0_0_021380_load' <Predicate = (icmp_ln33)> <Delay = 0.00>
ST_2 : Operation 642 [1/1] (0.00ns)   --->   "%p_0_1_0_0_019382_load = load i16 %p_0_1_0_0_019382"   --->   Operation 642 'load' 'p_0_1_0_0_019382_load' <Predicate = (icmp_ln33)> <Delay = 0.00>
ST_2 : Operation 643 [1/1] (0.00ns)   --->   "%p_0_0_0_0_017384_load = load i16 %p_0_0_0_0_017384"   --->   Operation 643 'load' 'p_0_0_0_0_017384_load' <Predicate = (icmp_ln33)> <Delay = 0.00>
ST_2 : Operation 644 [1/1] (0.00ns)   --->   "%p_0_7_0_0_015386_load = load i16 %p_0_7_0_0_015386"   --->   Operation 644 'load' 'p_0_7_0_0_015386_load' <Predicate = (icmp_ln33)> <Delay = 0.00>
ST_2 : Operation 645 [1/1] (0.00ns)   --->   "%p_0_6_0_0_013388_load = load i16 %p_0_6_0_0_013388"   --->   Operation 645 'load' 'p_0_6_0_0_013388_load' <Predicate = (icmp_ln33)> <Delay = 0.00>
ST_2 : Operation 646 [1/1] (0.00ns)   --->   "%p_0_5_0_0_011390_load = load i16 %p_0_5_0_0_011390"   --->   Operation 646 'load' 'p_0_5_0_0_011390_load' <Predicate = (icmp_ln33)> <Delay = 0.00>
ST_2 : Operation 647 [1/1] (0.00ns)   --->   "%p_0_4_0_0_09392_load = load i16 %p_0_4_0_0_09392"   --->   Operation 647 'load' 'p_0_4_0_0_09392_load' <Predicate = (icmp_ln33)> <Delay = 0.00>
ST_2 : Operation 648 [1/1] (0.00ns)   --->   "%p_0_3_0_0_07394_load = load i16 %p_0_3_0_0_07394"   --->   Operation 648 'load' 'p_0_3_0_0_07394_load' <Predicate = (icmp_ln33)> <Delay = 0.00>
ST_2 : Operation 649 [1/1] (0.00ns)   --->   "%p_0_2_0_0_05396_load = load i16 %p_0_2_0_0_05396"   --->   Operation 649 'load' 'p_0_2_0_0_05396_load' <Predicate = (icmp_ln33)> <Delay = 0.00>
ST_2 : Operation 650 [1/1] (0.00ns)   --->   "%p_0_1_0_0_03398_load = load i16 %p_0_1_0_0_03398"   --->   Operation 650 'load' 'p_0_1_0_0_03398_load' <Predicate = (icmp_ln33)> <Delay = 0.00>
ST_2 : Operation 651 [1/1] (0.00ns)   --->   "%p_0_0_0_0_01400_load = load i16 %p_0_0_0_0_01400"   --->   Operation 651 'load' 'p_0_0_0_0_01400_load' <Predicate = (icmp_ln33)> <Delay = 0.00>
ST_2 : Operation 652 [1/1] (0.00ns)   --->   "%write_ln0 = write void @_ssdm_op_Write.ap_auto.i16P0A, i16 %data_199_out, i16 %p_0_7_0_0_03992_load"   --->   Operation 652 'write' 'write_ln0' <Predicate = (icmp_ln33)> <Delay = 0.00>
ST_2 : Operation 653 [1/1] (0.00ns)   --->   "%write_ln0 = write void @_ssdm_op_Write.ap_auto.i16P0A, i16 %data_198_out, i16 %p_0_6_0_0_03974_load"   --->   Operation 653 'write' 'write_ln0' <Predicate = (icmp_ln33)> <Delay = 0.00>
ST_2 : Operation 654 [1/1] (0.00ns)   --->   "%write_ln0 = write void @_ssdm_op_Write.ap_auto.i16P0A, i16 %data_197_out, i16 %p_0_5_0_0_03956_load"   --->   Operation 654 'write' 'write_ln0' <Predicate = (icmp_ln33)> <Delay = 0.00>
ST_2 : Operation 655 [1/1] (0.00ns)   --->   "%write_ln0 = write void @_ssdm_op_Write.ap_auto.i16P0A, i16 %data_196_out, i16 %p_0_4_0_0_03938_load"   --->   Operation 655 'write' 'write_ln0' <Predicate = (icmp_ln33)> <Delay = 0.00>
ST_2 : Operation 656 [1/1] (0.00ns)   --->   "%write_ln0 = write void @_ssdm_op_Write.ap_auto.i16P0A, i16 %data_195_out, i16 %p_0_3_0_0_039110_load"   --->   Operation 656 'write' 'write_ln0' <Predicate = (icmp_ln33)> <Delay = 0.00>
ST_2 : Operation 657 [1/1] (0.00ns)   --->   "%write_ln0 = write void @_ssdm_op_Write.ap_auto.i16P0A, i16 %data_194_out, i16 %p_0_2_0_0_038912_load"   --->   Operation 657 'write' 'write_ln0' <Predicate = (icmp_ln33)> <Delay = 0.00>
ST_2 : Operation 658 [1/1] (0.00ns)   --->   "%write_ln0 = write void @_ssdm_op_Write.ap_auto.i16P0A, i16 %data_193_out, i16 %p_0_1_0_0_038714_load"   --->   Operation 658 'write' 'write_ln0' <Predicate = (icmp_ln33)> <Delay = 0.00>
ST_2 : Operation 659 [1/1] (0.00ns)   --->   "%write_ln0 = write void @_ssdm_op_Write.ap_auto.i16P0A, i16 %data_192_out, i16 %p_0_0_0_0_038516_load"   --->   Operation 659 'write' 'write_ln0' <Predicate = (icmp_ln33)> <Delay = 0.00>
ST_2 : Operation 660 [1/1] (0.00ns)   --->   "%write_ln0 = write void @_ssdm_op_Write.ap_auto.i16P0A, i16 %data_191_out, i16 %p_0_7_0_0_038318_load"   --->   Operation 660 'write' 'write_ln0' <Predicate = (icmp_ln33)> <Delay = 0.00>
ST_2 : Operation 661 [1/1] (0.00ns)   --->   "%write_ln0 = write void @_ssdm_op_Write.ap_auto.i16P0A, i16 %data_190_out, i16 %p_0_6_0_0_038120_load"   --->   Operation 661 'write' 'write_ln0' <Predicate = (icmp_ln33)> <Delay = 0.00>
ST_2 : Operation 662 [1/1] (0.00ns)   --->   "%write_ln0 = write void @_ssdm_op_Write.ap_auto.i16P0A, i16 %data_189_out, i16 %p_0_5_0_0_037922_load"   --->   Operation 662 'write' 'write_ln0' <Predicate = (icmp_ln33)> <Delay = 0.00>
ST_2 : Operation 663 [1/1] (0.00ns)   --->   "%write_ln0 = write void @_ssdm_op_Write.ap_auto.i16P0A, i16 %data_188_out, i16 %p_0_4_0_0_037724_load"   --->   Operation 663 'write' 'write_ln0' <Predicate = (icmp_ln33)> <Delay = 0.00>
ST_2 : Operation 664 [1/1] (0.00ns)   --->   "%write_ln0 = write void @_ssdm_op_Write.ap_auto.i16P0A, i16 %data_187_out, i16 %p_0_3_0_0_037526_load"   --->   Operation 664 'write' 'write_ln0' <Predicate = (icmp_ln33)> <Delay = 0.00>
ST_2 : Operation 665 [1/1] (0.00ns)   --->   "%write_ln0 = write void @_ssdm_op_Write.ap_auto.i16P0A, i16 %data_186_out, i16 %p_0_2_0_0_037328_load"   --->   Operation 665 'write' 'write_ln0' <Predicate = (icmp_ln33)> <Delay = 0.00>
ST_2 : Operation 666 [1/1] (0.00ns)   --->   "%write_ln0 = write void @_ssdm_op_Write.ap_auto.i16P0A, i16 %data_185_out, i16 %p_0_1_0_0_037130_load"   --->   Operation 666 'write' 'write_ln0' <Predicate = (icmp_ln33)> <Delay = 0.00>
ST_2 : Operation 667 [1/1] (0.00ns)   --->   "%write_ln0 = write void @_ssdm_op_Write.ap_auto.i16P0A, i16 %data_184_out, i16 %p_0_0_0_0_036932_load"   --->   Operation 667 'write' 'write_ln0' <Predicate = (icmp_ln33)> <Delay = 0.00>
ST_2 : Operation 668 [1/1] (0.00ns)   --->   "%write_ln0 = write void @_ssdm_op_Write.ap_auto.i16P0A, i16 %data_183_out, i16 %p_0_7_0_0_036734_load"   --->   Operation 668 'write' 'write_ln0' <Predicate = (icmp_ln33)> <Delay = 0.00>
ST_2 : Operation 669 [1/1] (0.00ns)   --->   "%write_ln0 = write void @_ssdm_op_Write.ap_auto.i16P0A, i16 %data_182_out, i16 %p_0_6_0_0_036536_load"   --->   Operation 669 'write' 'write_ln0' <Predicate = (icmp_ln33)> <Delay = 0.00>
ST_2 : Operation 670 [1/1] (0.00ns)   --->   "%write_ln0 = write void @_ssdm_op_Write.ap_auto.i16P0A, i16 %data_181_out, i16 %p_0_5_0_0_036338_load"   --->   Operation 670 'write' 'write_ln0' <Predicate = (icmp_ln33)> <Delay = 0.00>
ST_2 : Operation 671 [1/1] (0.00ns)   --->   "%write_ln0 = write void @_ssdm_op_Write.ap_auto.i16P0A, i16 %data_180_out, i16 %p_0_4_0_0_036140_load"   --->   Operation 671 'write' 'write_ln0' <Predicate = (icmp_ln33)> <Delay = 0.00>
ST_2 : Operation 672 [1/1] (0.00ns)   --->   "%write_ln0 = write void @_ssdm_op_Write.ap_auto.i16P0A, i16 %data_179_out, i16 %p_0_3_0_0_035942_load"   --->   Operation 672 'write' 'write_ln0' <Predicate = (icmp_ln33)> <Delay = 0.00>
ST_2 : Operation 673 [1/1] (0.00ns)   --->   "%write_ln0 = write void @_ssdm_op_Write.ap_auto.i16P0A, i16 %data_178_out, i16 %p_0_2_0_0_035744_load"   --->   Operation 673 'write' 'write_ln0' <Predicate = (icmp_ln33)> <Delay = 0.00>
ST_2 : Operation 674 [1/1] (0.00ns)   --->   "%write_ln0 = write void @_ssdm_op_Write.ap_auto.i16P0A, i16 %data_177_out, i16 %p_0_1_0_0_035546_load"   --->   Operation 674 'write' 'write_ln0' <Predicate = (icmp_ln33)> <Delay = 0.00>
ST_2 : Operation 675 [1/1] (0.00ns)   --->   "%write_ln0 = write void @_ssdm_op_Write.ap_auto.i16P0A, i16 %data_176_out, i16 %p_0_0_0_0_035348_load"   --->   Operation 675 'write' 'write_ln0' <Predicate = (icmp_ln33)> <Delay = 0.00>
ST_2 : Operation 676 [1/1] (0.00ns)   --->   "%write_ln0 = write void @_ssdm_op_Write.ap_auto.i16P0A, i16 %data_175_out, i16 %p_0_7_0_0_035150_load"   --->   Operation 676 'write' 'write_ln0' <Predicate = (icmp_ln33)> <Delay = 0.00>
ST_2 : Operation 677 [1/1] (0.00ns)   --->   "%write_ln0 = write void @_ssdm_op_Write.ap_auto.i16P0A, i16 %data_174_out, i16 %p_0_6_0_0_034952_load"   --->   Operation 677 'write' 'write_ln0' <Predicate = (icmp_ln33)> <Delay = 0.00>
ST_2 : Operation 678 [1/1] (0.00ns)   --->   "%write_ln0 = write void @_ssdm_op_Write.ap_auto.i16P0A, i16 %data_173_out, i16 %p_0_5_0_0_034754_load"   --->   Operation 678 'write' 'write_ln0' <Predicate = (icmp_ln33)> <Delay = 0.00>
ST_2 : Operation 679 [1/1] (0.00ns)   --->   "%write_ln0 = write void @_ssdm_op_Write.ap_auto.i16P0A, i16 %data_172_out, i16 %p_0_4_0_0_034556_load"   --->   Operation 679 'write' 'write_ln0' <Predicate = (icmp_ln33)> <Delay = 0.00>
ST_2 : Operation 680 [1/1] (0.00ns)   --->   "%write_ln0 = write void @_ssdm_op_Write.ap_auto.i16P0A, i16 %data_171_out, i16 %p_0_3_0_0_034358_load"   --->   Operation 680 'write' 'write_ln0' <Predicate = (icmp_ln33)> <Delay = 0.00>
ST_2 : Operation 681 [1/1] (0.00ns)   --->   "%write_ln0 = write void @_ssdm_op_Write.ap_auto.i16P0A, i16 %data_170_out, i16 %p_0_2_0_0_034160_load"   --->   Operation 681 'write' 'write_ln0' <Predicate = (icmp_ln33)> <Delay = 0.00>
ST_2 : Operation 682 [1/1] (0.00ns)   --->   "%write_ln0 = write void @_ssdm_op_Write.ap_auto.i16P0A, i16 %data_169_out, i16 %p_0_1_0_0_033962_load"   --->   Operation 682 'write' 'write_ln0' <Predicate = (icmp_ln33)> <Delay = 0.00>
ST_2 : Operation 683 [1/1] (0.00ns)   --->   "%write_ln0 = write void @_ssdm_op_Write.ap_auto.i16P0A, i16 %data_168_out, i16 %p_0_0_0_0_033764_load"   --->   Operation 683 'write' 'write_ln0' <Predicate = (icmp_ln33)> <Delay = 0.00>
ST_2 : Operation 684 [1/1] (0.00ns)   --->   "%write_ln0 = write void @_ssdm_op_Write.ap_auto.i16P0A, i16 %data_167_out, i16 %p_0_7_0_0_033566_load"   --->   Operation 684 'write' 'write_ln0' <Predicate = (icmp_ln33)> <Delay = 0.00>
ST_2 : Operation 685 [1/1] (0.00ns)   --->   "%write_ln0 = write void @_ssdm_op_Write.ap_auto.i16P0A, i16 %data_166_out, i16 %p_0_6_0_0_033368_load"   --->   Operation 685 'write' 'write_ln0' <Predicate = (icmp_ln33)> <Delay = 0.00>
ST_2 : Operation 686 [1/1] (0.00ns)   --->   "%write_ln0 = write void @_ssdm_op_Write.ap_auto.i16P0A, i16 %data_165_out, i16 %p_0_5_0_0_033170_load"   --->   Operation 686 'write' 'write_ln0' <Predicate = (icmp_ln33)> <Delay = 0.00>
ST_2 : Operation 687 [1/1] (0.00ns)   --->   "%write_ln0 = write void @_ssdm_op_Write.ap_auto.i16P0A, i16 %data_164_out, i16 %p_0_4_0_0_032972_load"   --->   Operation 687 'write' 'write_ln0' <Predicate = (icmp_ln33)> <Delay = 0.00>
ST_2 : Operation 688 [1/1] (0.00ns)   --->   "%write_ln0 = write void @_ssdm_op_Write.ap_auto.i16P0A, i16 %data_163_out, i16 %p_0_3_0_0_032774_load"   --->   Operation 688 'write' 'write_ln0' <Predicate = (icmp_ln33)> <Delay = 0.00>
ST_2 : Operation 689 [1/1] (0.00ns)   --->   "%write_ln0 = write void @_ssdm_op_Write.ap_auto.i16P0A, i16 %data_162_out, i16 %p_0_2_0_0_032576_load"   --->   Operation 689 'write' 'write_ln0' <Predicate = (icmp_ln33)> <Delay = 0.00>
ST_2 : Operation 690 [1/1] (0.00ns)   --->   "%write_ln0 = write void @_ssdm_op_Write.ap_auto.i16P0A, i16 %data_161_out, i16 %p_0_1_0_0_032378_load"   --->   Operation 690 'write' 'write_ln0' <Predicate = (icmp_ln33)> <Delay = 0.00>
ST_2 : Operation 691 [1/1] (0.00ns)   --->   "%write_ln0 = write void @_ssdm_op_Write.ap_auto.i16P0A, i16 %data_160_out, i16 %p_0_0_0_0_032180_load"   --->   Operation 691 'write' 'write_ln0' <Predicate = (icmp_ln33)> <Delay = 0.00>
ST_2 : Operation 692 [1/1] (0.00ns)   --->   "%write_ln0 = write void @_ssdm_op_Write.ap_auto.i16P0A, i16 %data_159_out, i16 %p_0_7_0_0_031982_load"   --->   Operation 692 'write' 'write_ln0' <Predicate = (icmp_ln33)> <Delay = 0.00>
ST_2 : Operation 693 [1/1] (0.00ns)   --->   "%write_ln0 = write void @_ssdm_op_Write.ap_auto.i16P0A, i16 %data_158_out, i16 %p_0_6_0_0_031784_load"   --->   Operation 693 'write' 'write_ln0' <Predicate = (icmp_ln33)> <Delay = 0.00>
ST_2 : Operation 694 [1/1] (0.00ns)   --->   "%write_ln0 = write void @_ssdm_op_Write.ap_auto.i16P0A, i16 %data_157_out, i16 %p_0_5_0_0_031586_load"   --->   Operation 694 'write' 'write_ln0' <Predicate = (icmp_ln33)> <Delay = 0.00>
ST_2 : Operation 695 [1/1] (0.00ns)   --->   "%write_ln0 = write void @_ssdm_op_Write.ap_auto.i16P0A, i16 %data_156_out, i16 %p_0_4_0_0_031388_load"   --->   Operation 695 'write' 'write_ln0' <Predicate = (icmp_ln33)> <Delay = 0.00>
ST_2 : Operation 696 [1/1] (0.00ns)   --->   "%write_ln0 = write void @_ssdm_op_Write.ap_auto.i16P0A, i16 %data_155_out, i16 %p_0_3_0_0_031190_load"   --->   Operation 696 'write' 'write_ln0' <Predicate = (icmp_ln33)> <Delay = 0.00>
ST_2 : Operation 697 [1/1] (0.00ns)   --->   "%write_ln0 = write void @_ssdm_op_Write.ap_auto.i16P0A, i16 %data_154_out, i16 %p_0_2_0_0_030992_load"   --->   Operation 697 'write' 'write_ln0' <Predicate = (icmp_ln33)> <Delay = 0.00>
ST_2 : Operation 698 [1/1] (0.00ns)   --->   "%write_ln0 = write void @_ssdm_op_Write.ap_auto.i16P0A, i16 %data_153_out, i16 %p_0_1_0_0_030794_load"   --->   Operation 698 'write' 'write_ln0' <Predicate = (icmp_ln33)> <Delay = 0.00>
ST_2 : Operation 699 [1/1] (0.00ns)   --->   "%write_ln0 = write void @_ssdm_op_Write.ap_auto.i16P0A, i16 %data_152_out, i16 %p_0_0_0_0_030596_load"   --->   Operation 699 'write' 'write_ln0' <Predicate = (icmp_ln33)> <Delay = 0.00>
ST_2 : Operation 700 [1/1] (0.00ns)   --->   "%write_ln0 = write void @_ssdm_op_Write.ap_auto.i16P0A, i16 %data_151_out, i16 %p_0_7_0_0_030398_load"   --->   Operation 700 'write' 'write_ln0' <Predicate = (icmp_ln33)> <Delay = 0.00>
ST_2 : Operation 701 [1/1] (0.00ns)   --->   "%write_ln0 = write void @_ssdm_op_Write.ap_auto.i16P0A, i16 %data_150_out, i16 %p_0_6_0_0_0301100_load"   --->   Operation 701 'write' 'write_ln0' <Predicate = (icmp_ln33)> <Delay = 0.00>
ST_2 : Operation 702 [1/1] (0.00ns)   --->   "%write_ln0 = write void @_ssdm_op_Write.ap_auto.i16P0A, i16 %data_149_out, i16 %p_0_5_0_0_0299102_load"   --->   Operation 702 'write' 'write_ln0' <Predicate = (icmp_ln33)> <Delay = 0.00>
ST_2 : Operation 703 [1/1] (0.00ns)   --->   "%write_ln0 = write void @_ssdm_op_Write.ap_auto.i16P0A, i16 %data_148_out, i16 %p_0_4_0_0_0297104_load"   --->   Operation 703 'write' 'write_ln0' <Predicate = (icmp_ln33)> <Delay = 0.00>
ST_2 : Operation 704 [1/1] (0.00ns)   --->   "%write_ln0 = write void @_ssdm_op_Write.ap_auto.i16P0A, i16 %data_147_out, i16 %p_0_3_0_0_0295106_load"   --->   Operation 704 'write' 'write_ln0' <Predicate = (icmp_ln33)> <Delay = 0.00>
ST_2 : Operation 705 [1/1] (0.00ns)   --->   "%write_ln0 = write void @_ssdm_op_Write.ap_auto.i16P0A, i16 %data_146_out, i16 %p_0_2_0_0_0293108_load"   --->   Operation 705 'write' 'write_ln0' <Predicate = (icmp_ln33)> <Delay = 0.00>
ST_2 : Operation 706 [1/1] (0.00ns)   --->   "%write_ln0 = write void @_ssdm_op_Write.ap_auto.i16P0A, i16 %data_145_out, i16 %p_0_1_0_0_0291110_load"   --->   Operation 706 'write' 'write_ln0' <Predicate = (icmp_ln33)> <Delay = 0.00>
ST_2 : Operation 707 [1/1] (0.00ns)   --->   "%write_ln0 = write void @_ssdm_op_Write.ap_auto.i16P0A, i16 %data_144_out, i16 %p_0_0_0_0_0289112_load"   --->   Operation 707 'write' 'write_ln0' <Predicate = (icmp_ln33)> <Delay = 0.00>
ST_2 : Operation 708 [1/1] (0.00ns)   --->   "%write_ln0 = write void @_ssdm_op_Write.ap_auto.i16P0A, i16 %data_143_out, i16 %p_0_7_0_0_0287114_load"   --->   Operation 708 'write' 'write_ln0' <Predicate = (icmp_ln33)> <Delay = 0.00>
ST_2 : Operation 709 [1/1] (0.00ns)   --->   "%write_ln0 = write void @_ssdm_op_Write.ap_auto.i16P0A, i16 %data_142_out, i16 %p_0_6_0_0_0285116_load"   --->   Operation 709 'write' 'write_ln0' <Predicate = (icmp_ln33)> <Delay = 0.00>
ST_2 : Operation 710 [1/1] (0.00ns)   --->   "%write_ln0 = write void @_ssdm_op_Write.ap_auto.i16P0A, i16 %data_141_out, i16 %p_0_5_0_0_0283118_load"   --->   Operation 710 'write' 'write_ln0' <Predicate = (icmp_ln33)> <Delay = 0.00>
ST_2 : Operation 711 [1/1] (0.00ns)   --->   "%write_ln0 = write void @_ssdm_op_Write.ap_auto.i16P0A, i16 %data_140_out, i16 %p_0_4_0_0_0281120_load"   --->   Operation 711 'write' 'write_ln0' <Predicate = (icmp_ln33)> <Delay = 0.00>
ST_2 : Operation 712 [1/1] (0.00ns)   --->   "%write_ln0 = write void @_ssdm_op_Write.ap_auto.i16P0A, i16 %data_139_out, i16 %p_0_3_0_0_0279122_load"   --->   Operation 712 'write' 'write_ln0' <Predicate = (icmp_ln33)> <Delay = 0.00>
ST_2 : Operation 713 [1/1] (0.00ns)   --->   "%write_ln0 = write void @_ssdm_op_Write.ap_auto.i16P0A, i16 %data_138_out, i16 %p_0_2_0_0_0277124_load"   --->   Operation 713 'write' 'write_ln0' <Predicate = (icmp_ln33)> <Delay = 0.00>
ST_2 : Operation 714 [1/1] (0.00ns)   --->   "%write_ln0 = write void @_ssdm_op_Write.ap_auto.i16P0A, i16 %data_137_out, i16 %p_0_1_0_0_0275126_load"   --->   Operation 714 'write' 'write_ln0' <Predicate = (icmp_ln33)> <Delay = 0.00>
ST_2 : Operation 715 [1/1] (0.00ns)   --->   "%write_ln0 = write void @_ssdm_op_Write.ap_auto.i16P0A, i16 %data_136_out, i16 %p_0_0_0_0_0273128_load"   --->   Operation 715 'write' 'write_ln0' <Predicate = (icmp_ln33)> <Delay = 0.00>
ST_2 : Operation 716 [1/1] (0.00ns)   --->   "%write_ln0 = write void @_ssdm_op_Write.ap_auto.i16P0A, i16 %data_135_out, i16 %p_0_7_0_0_0271130_load"   --->   Operation 716 'write' 'write_ln0' <Predicate = (icmp_ln33)> <Delay = 0.00>
ST_2 : Operation 717 [1/1] (0.00ns)   --->   "%write_ln0 = write void @_ssdm_op_Write.ap_auto.i16P0A, i16 %data_134_out, i16 %p_0_6_0_0_0269132_load"   --->   Operation 717 'write' 'write_ln0' <Predicate = (icmp_ln33)> <Delay = 0.00>
ST_2 : Operation 718 [1/1] (0.00ns)   --->   "%write_ln0 = write void @_ssdm_op_Write.ap_auto.i16P0A, i16 %data_133_out, i16 %p_0_5_0_0_0267134_load"   --->   Operation 718 'write' 'write_ln0' <Predicate = (icmp_ln33)> <Delay = 0.00>
ST_2 : Operation 719 [1/1] (0.00ns)   --->   "%write_ln0 = write void @_ssdm_op_Write.ap_auto.i16P0A, i16 %data_132_out, i16 %p_0_4_0_0_0265136_load"   --->   Operation 719 'write' 'write_ln0' <Predicate = (icmp_ln33)> <Delay = 0.00>
ST_2 : Operation 720 [1/1] (0.00ns)   --->   "%write_ln0 = write void @_ssdm_op_Write.ap_auto.i16P0A, i16 %data_131_out, i16 %p_0_3_0_0_0263138_load"   --->   Operation 720 'write' 'write_ln0' <Predicate = (icmp_ln33)> <Delay = 0.00>
ST_2 : Operation 721 [1/1] (0.00ns)   --->   "%write_ln0 = write void @_ssdm_op_Write.ap_auto.i16P0A, i16 %data_130_out, i16 %p_0_2_0_0_0261140_load"   --->   Operation 721 'write' 'write_ln0' <Predicate = (icmp_ln33)> <Delay = 0.00>
ST_2 : Operation 722 [1/1] (0.00ns)   --->   "%write_ln0 = write void @_ssdm_op_Write.ap_auto.i16P0A, i16 %data_129_out, i16 %p_0_1_0_0_0259142_load"   --->   Operation 722 'write' 'write_ln0' <Predicate = (icmp_ln33)> <Delay = 0.00>
ST_2 : Operation 723 [1/1] (0.00ns)   --->   "%write_ln0 = write void @_ssdm_op_Write.ap_auto.i16P0A, i16 %data_128_out, i16 %p_0_0_0_0_0257144_load"   --->   Operation 723 'write' 'write_ln0' <Predicate = (icmp_ln33)> <Delay = 0.00>
ST_2 : Operation 724 [1/1] (0.00ns)   --->   "%write_ln0 = write void @_ssdm_op_Write.ap_auto.i16P0A, i16 %data_127_out, i16 %p_0_7_0_0_0255146_load"   --->   Operation 724 'write' 'write_ln0' <Predicate = (icmp_ln33)> <Delay = 0.00>
ST_2 : Operation 725 [1/1] (0.00ns)   --->   "%write_ln0 = write void @_ssdm_op_Write.ap_auto.i16P0A, i16 %data_126_out, i16 %p_0_6_0_0_0253148_load"   --->   Operation 725 'write' 'write_ln0' <Predicate = (icmp_ln33)> <Delay = 0.00>
ST_2 : Operation 726 [1/1] (0.00ns)   --->   "%write_ln0 = write void @_ssdm_op_Write.ap_auto.i16P0A, i16 %data_125_out, i16 %p_0_5_0_0_0251150_load"   --->   Operation 726 'write' 'write_ln0' <Predicate = (icmp_ln33)> <Delay = 0.00>
ST_2 : Operation 727 [1/1] (0.00ns)   --->   "%write_ln0 = write void @_ssdm_op_Write.ap_auto.i16P0A, i16 %data_124_out, i16 %p_0_4_0_0_0249152_load"   --->   Operation 727 'write' 'write_ln0' <Predicate = (icmp_ln33)> <Delay = 0.00>
ST_2 : Operation 728 [1/1] (0.00ns)   --->   "%write_ln0 = write void @_ssdm_op_Write.ap_auto.i16P0A, i16 %data_123_out, i16 %p_0_3_0_0_0247154_load"   --->   Operation 728 'write' 'write_ln0' <Predicate = (icmp_ln33)> <Delay = 0.00>
ST_2 : Operation 729 [1/1] (0.00ns)   --->   "%write_ln0 = write void @_ssdm_op_Write.ap_auto.i16P0A, i16 %data_122_out, i16 %p_0_2_0_0_0245156_load"   --->   Operation 729 'write' 'write_ln0' <Predicate = (icmp_ln33)> <Delay = 0.00>
ST_2 : Operation 730 [1/1] (0.00ns)   --->   "%write_ln0 = write void @_ssdm_op_Write.ap_auto.i16P0A, i16 %data_121_out, i16 %p_0_1_0_0_0243158_load"   --->   Operation 730 'write' 'write_ln0' <Predicate = (icmp_ln33)> <Delay = 0.00>
ST_2 : Operation 731 [1/1] (0.00ns)   --->   "%write_ln0 = write void @_ssdm_op_Write.ap_auto.i16P0A, i16 %data_120_out, i16 %p_0_0_0_0_0241160_load"   --->   Operation 731 'write' 'write_ln0' <Predicate = (icmp_ln33)> <Delay = 0.00>
ST_2 : Operation 732 [1/1] (0.00ns)   --->   "%write_ln0 = write void @_ssdm_op_Write.ap_auto.i16P0A, i16 %data_119_out, i16 %p_0_7_0_0_0239162_load"   --->   Operation 732 'write' 'write_ln0' <Predicate = (icmp_ln33)> <Delay = 0.00>
ST_2 : Operation 733 [1/1] (0.00ns)   --->   "%write_ln0 = write void @_ssdm_op_Write.ap_auto.i16P0A, i16 %data_118_out, i16 %p_0_6_0_0_0237164_load"   --->   Operation 733 'write' 'write_ln0' <Predicate = (icmp_ln33)> <Delay = 0.00>
ST_2 : Operation 734 [1/1] (0.00ns)   --->   "%write_ln0 = write void @_ssdm_op_Write.ap_auto.i16P0A, i16 %data_117_out, i16 %p_0_5_0_0_0235166_load"   --->   Operation 734 'write' 'write_ln0' <Predicate = (icmp_ln33)> <Delay = 0.00>
ST_2 : Operation 735 [1/1] (0.00ns)   --->   "%write_ln0 = write void @_ssdm_op_Write.ap_auto.i16P0A, i16 %data_116_out, i16 %p_0_4_0_0_0233168_load"   --->   Operation 735 'write' 'write_ln0' <Predicate = (icmp_ln33)> <Delay = 0.00>
ST_2 : Operation 736 [1/1] (0.00ns)   --->   "%write_ln0 = write void @_ssdm_op_Write.ap_auto.i16P0A, i16 %data_115_out, i16 %p_0_3_0_0_0231170_load"   --->   Operation 736 'write' 'write_ln0' <Predicate = (icmp_ln33)> <Delay = 0.00>
ST_2 : Operation 737 [1/1] (0.00ns)   --->   "%write_ln0 = write void @_ssdm_op_Write.ap_auto.i16P0A, i16 %data_114_out, i16 %p_0_2_0_0_0229172_load"   --->   Operation 737 'write' 'write_ln0' <Predicate = (icmp_ln33)> <Delay = 0.00>
ST_2 : Operation 738 [1/1] (0.00ns)   --->   "%write_ln0 = write void @_ssdm_op_Write.ap_auto.i16P0A, i16 %data_113_out, i16 %p_0_1_0_0_0227174_load"   --->   Operation 738 'write' 'write_ln0' <Predicate = (icmp_ln33)> <Delay = 0.00>
ST_2 : Operation 739 [1/1] (0.00ns)   --->   "%write_ln0 = write void @_ssdm_op_Write.ap_auto.i16P0A, i16 %data_112_out, i16 %p_0_0_0_0_0225176_load"   --->   Operation 739 'write' 'write_ln0' <Predicate = (icmp_ln33)> <Delay = 0.00>
ST_2 : Operation 740 [1/1] (0.00ns)   --->   "%write_ln0 = write void @_ssdm_op_Write.ap_auto.i16P0A, i16 %data_111_out, i16 %p_0_7_0_0_0223178_load"   --->   Operation 740 'write' 'write_ln0' <Predicate = (icmp_ln33)> <Delay = 0.00>
ST_2 : Operation 741 [1/1] (0.00ns)   --->   "%write_ln0 = write void @_ssdm_op_Write.ap_auto.i16P0A, i16 %data_110_out, i16 %p_0_6_0_0_0221180_load"   --->   Operation 741 'write' 'write_ln0' <Predicate = (icmp_ln33)> <Delay = 0.00>
ST_2 : Operation 742 [1/1] (0.00ns)   --->   "%write_ln0 = write void @_ssdm_op_Write.ap_auto.i16P0A, i16 %data_109_out, i16 %p_0_5_0_0_0219182_load"   --->   Operation 742 'write' 'write_ln0' <Predicate = (icmp_ln33)> <Delay = 0.00>
ST_2 : Operation 743 [1/1] (0.00ns)   --->   "%write_ln0 = write void @_ssdm_op_Write.ap_auto.i16P0A, i16 %data_108_out, i16 %p_0_4_0_0_0217184_load"   --->   Operation 743 'write' 'write_ln0' <Predicate = (icmp_ln33)> <Delay = 0.00>
ST_2 : Operation 744 [1/1] (0.00ns)   --->   "%write_ln0 = write void @_ssdm_op_Write.ap_auto.i16P0A, i16 %data_107_out, i16 %p_0_3_0_0_0215186_load"   --->   Operation 744 'write' 'write_ln0' <Predicate = (icmp_ln33)> <Delay = 0.00>
ST_2 : Operation 745 [1/1] (0.00ns)   --->   "%write_ln0 = write void @_ssdm_op_Write.ap_auto.i16P0A, i16 %data_106_out, i16 %p_0_2_0_0_0213188_load"   --->   Operation 745 'write' 'write_ln0' <Predicate = (icmp_ln33)> <Delay = 0.00>
ST_2 : Operation 746 [1/1] (0.00ns)   --->   "%write_ln0 = write void @_ssdm_op_Write.ap_auto.i16P0A, i16 %data_105_out, i16 %p_0_1_0_0_0211190_load"   --->   Operation 746 'write' 'write_ln0' <Predicate = (icmp_ln33)> <Delay = 0.00>
ST_2 : Operation 747 [1/1] (0.00ns)   --->   "%write_ln0 = write void @_ssdm_op_Write.ap_auto.i16P0A, i16 %data_104_out, i16 %p_0_0_0_0_0209192_load"   --->   Operation 747 'write' 'write_ln0' <Predicate = (icmp_ln33)> <Delay = 0.00>
ST_2 : Operation 748 [1/1] (0.00ns)   --->   "%write_ln0 = write void @_ssdm_op_Write.ap_auto.i16P0A, i16 %data_103_out, i16 %p_0_7_0_0_0207194_load"   --->   Operation 748 'write' 'write_ln0' <Predicate = (icmp_ln33)> <Delay = 0.00>
ST_2 : Operation 749 [1/1] (0.00ns)   --->   "%write_ln0 = write void @_ssdm_op_Write.ap_auto.i16P0A, i16 %data_102_out, i16 %p_0_6_0_0_0205196_load"   --->   Operation 749 'write' 'write_ln0' <Predicate = (icmp_ln33)> <Delay = 0.00>
ST_2 : Operation 750 [1/1] (0.00ns)   --->   "%write_ln0 = write void @_ssdm_op_Write.ap_auto.i16P0A, i16 %data_101_out, i16 %p_0_5_0_0_0203198_load"   --->   Operation 750 'write' 'write_ln0' <Predicate = (icmp_ln33)> <Delay = 0.00>
ST_2 : Operation 751 [1/1] (0.00ns)   --->   "%write_ln0 = write void @_ssdm_op_Write.ap_auto.i16P0A, i16 %data_100_out, i16 %p_0_4_0_0_0201200_load"   --->   Operation 751 'write' 'write_ln0' <Predicate = (icmp_ln33)> <Delay = 0.00>
ST_2 : Operation 752 [1/1] (0.00ns)   --->   "%write_ln0 = write void @_ssdm_op_Write.ap_auto.i16P0A, i16 %data_99_out, i16 %p_0_3_0_0_0199202_load"   --->   Operation 752 'write' 'write_ln0' <Predicate = (icmp_ln33)> <Delay = 0.00>
ST_2 : Operation 753 [1/1] (0.00ns)   --->   "%write_ln0 = write void @_ssdm_op_Write.ap_auto.i16P0A, i16 %data_98_out, i16 %p_0_2_0_0_0197204_load"   --->   Operation 753 'write' 'write_ln0' <Predicate = (icmp_ln33)> <Delay = 0.00>
ST_2 : Operation 754 [1/1] (0.00ns)   --->   "%write_ln0 = write void @_ssdm_op_Write.ap_auto.i16P0A, i16 %data_97_out, i16 %p_0_1_0_0_0195206_load"   --->   Operation 754 'write' 'write_ln0' <Predicate = (icmp_ln33)> <Delay = 0.00>
ST_2 : Operation 755 [1/1] (0.00ns)   --->   "%write_ln0 = write void @_ssdm_op_Write.ap_auto.i16P0A, i16 %data_96_out, i16 %p_0_0_0_0_0193208_load"   --->   Operation 755 'write' 'write_ln0' <Predicate = (icmp_ln33)> <Delay = 0.00>
ST_2 : Operation 756 [1/1] (0.00ns)   --->   "%write_ln0 = write void @_ssdm_op_Write.ap_auto.i16P0A, i16 %data_95_out, i16 %p_0_7_0_0_0191210_load"   --->   Operation 756 'write' 'write_ln0' <Predicate = (icmp_ln33)> <Delay = 0.00>
ST_2 : Operation 757 [1/1] (0.00ns)   --->   "%write_ln0 = write void @_ssdm_op_Write.ap_auto.i16P0A, i16 %data_94_out, i16 %p_0_6_0_0_0189212_load"   --->   Operation 757 'write' 'write_ln0' <Predicate = (icmp_ln33)> <Delay = 0.00>
ST_2 : Operation 758 [1/1] (0.00ns)   --->   "%write_ln0 = write void @_ssdm_op_Write.ap_auto.i16P0A, i16 %data_93_out, i16 %p_0_5_0_0_0187214_load"   --->   Operation 758 'write' 'write_ln0' <Predicate = (icmp_ln33)> <Delay = 0.00>
ST_2 : Operation 759 [1/1] (0.00ns)   --->   "%write_ln0 = write void @_ssdm_op_Write.ap_auto.i16P0A, i16 %data_92_out, i16 %p_0_4_0_0_0185216_load"   --->   Operation 759 'write' 'write_ln0' <Predicate = (icmp_ln33)> <Delay = 0.00>
ST_2 : Operation 760 [1/1] (0.00ns)   --->   "%write_ln0 = write void @_ssdm_op_Write.ap_auto.i16P0A, i16 %data_91_out, i16 %p_0_3_0_0_0183218_load"   --->   Operation 760 'write' 'write_ln0' <Predicate = (icmp_ln33)> <Delay = 0.00>
ST_2 : Operation 761 [1/1] (0.00ns)   --->   "%write_ln0 = write void @_ssdm_op_Write.ap_auto.i16P0A, i16 %data_90_out, i16 %p_0_2_0_0_0181220_load"   --->   Operation 761 'write' 'write_ln0' <Predicate = (icmp_ln33)> <Delay = 0.00>
ST_2 : Operation 762 [1/1] (0.00ns)   --->   "%write_ln0 = write void @_ssdm_op_Write.ap_auto.i16P0A, i16 %data_89_out, i16 %p_0_1_0_0_0179222_load"   --->   Operation 762 'write' 'write_ln0' <Predicate = (icmp_ln33)> <Delay = 0.00>
ST_2 : Operation 763 [1/1] (0.00ns)   --->   "%write_ln0 = write void @_ssdm_op_Write.ap_auto.i16P0A, i16 %data_88_out, i16 %p_0_0_0_0_0177224_load"   --->   Operation 763 'write' 'write_ln0' <Predicate = (icmp_ln33)> <Delay = 0.00>
ST_2 : Operation 764 [1/1] (0.00ns)   --->   "%write_ln0 = write void @_ssdm_op_Write.ap_auto.i16P0A, i16 %data_87_out, i16 %p_0_7_0_0_0175226_load"   --->   Operation 764 'write' 'write_ln0' <Predicate = (icmp_ln33)> <Delay = 0.00>
ST_2 : Operation 765 [1/1] (0.00ns)   --->   "%write_ln0 = write void @_ssdm_op_Write.ap_auto.i16P0A, i16 %data_86_out, i16 %p_0_6_0_0_0173228_load"   --->   Operation 765 'write' 'write_ln0' <Predicate = (icmp_ln33)> <Delay = 0.00>
ST_2 : Operation 766 [1/1] (0.00ns)   --->   "%write_ln0 = write void @_ssdm_op_Write.ap_auto.i16P0A, i16 %data_85_out, i16 %p_0_5_0_0_0171230_load"   --->   Operation 766 'write' 'write_ln0' <Predicate = (icmp_ln33)> <Delay = 0.00>
ST_2 : Operation 767 [1/1] (0.00ns)   --->   "%write_ln0 = write void @_ssdm_op_Write.ap_auto.i16P0A, i16 %data_84_out, i16 %p_0_4_0_0_0169232_load"   --->   Operation 767 'write' 'write_ln0' <Predicate = (icmp_ln33)> <Delay = 0.00>
ST_2 : Operation 768 [1/1] (0.00ns)   --->   "%write_ln0 = write void @_ssdm_op_Write.ap_auto.i16P0A, i16 %data_83_out, i16 %p_0_3_0_0_0167234_load"   --->   Operation 768 'write' 'write_ln0' <Predicate = (icmp_ln33)> <Delay = 0.00>
ST_2 : Operation 769 [1/1] (0.00ns)   --->   "%write_ln0 = write void @_ssdm_op_Write.ap_auto.i16P0A, i16 %data_82_out, i16 %p_0_2_0_0_0165236_load"   --->   Operation 769 'write' 'write_ln0' <Predicate = (icmp_ln33)> <Delay = 0.00>
ST_2 : Operation 770 [1/1] (0.00ns)   --->   "%write_ln0 = write void @_ssdm_op_Write.ap_auto.i16P0A, i16 %data_81_out, i16 %p_0_1_0_0_0163238_load"   --->   Operation 770 'write' 'write_ln0' <Predicate = (icmp_ln33)> <Delay = 0.00>
ST_2 : Operation 771 [1/1] (0.00ns)   --->   "%write_ln0 = write void @_ssdm_op_Write.ap_auto.i16P0A, i16 %data_80_out, i16 %p_0_0_0_0_0161240_load"   --->   Operation 771 'write' 'write_ln0' <Predicate = (icmp_ln33)> <Delay = 0.00>
ST_2 : Operation 772 [1/1] (0.00ns)   --->   "%write_ln0 = write void @_ssdm_op_Write.ap_auto.i16P0A, i16 %data_79_out, i16 %p_0_7_0_0_0159242_load"   --->   Operation 772 'write' 'write_ln0' <Predicate = (icmp_ln33)> <Delay = 0.00>
ST_2 : Operation 773 [1/1] (0.00ns)   --->   "%write_ln0 = write void @_ssdm_op_Write.ap_auto.i16P0A, i16 %data_78_out, i16 %p_0_6_0_0_0157244_load"   --->   Operation 773 'write' 'write_ln0' <Predicate = (icmp_ln33)> <Delay = 0.00>
ST_2 : Operation 774 [1/1] (0.00ns)   --->   "%write_ln0 = write void @_ssdm_op_Write.ap_auto.i16P0A, i16 %data_77_out, i16 %p_0_5_0_0_0155246_load"   --->   Operation 774 'write' 'write_ln0' <Predicate = (icmp_ln33)> <Delay = 0.00>
ST_2 : Operation 775 [1/1] (0.00ns)   --->   "%write_ln0 = write void @_ssdm_op_Write.ap_auto.i16P0A, i16 %data_76_out, i16 %p_0_4_0_0_0153248_load"   --->   Operation 775 'write' 'write_ln0' <Predicate = (icmp_ln33)> <Delay = 0.00>
ST_2 : Operation 776 [1/1] (0.00ns)   --->   "%write_ln0 = write void @_ssdm_op_Write.ap_auto.i16P0A, i16 %data_75_out, i16 %p_0_3_0_0_0151250_load"   --->   Operation 776 'write' 'write_ln0' <Predicate = (icmp_ln33)> <Delay = 0.00>
ST_2 : Operation 777 [1/1] (0.00ns)   --->   "%write_ln0 = write void @_ssdm_op_Write.ap_auto.i16P0A, i16 %data_74_out, i16 %p_0_2_0_0_0149252_load"   --->   Operation 777 'write' 'write_ln0' <Predicate = (icmp_ln33)> <Delay = 0.00>
ST_2 : Operation 778 [1/1] (0.00ns)   --->   "%write_ln0 = write void @_ssdm_op_Write.ap_auto.i16P0A, i16 %data_73_out, i16 %p_0_1_0_0_0147254_load"   --->   Operation 778 'write' 'write_ln0' <Predicate = (icmp_ln33)> <Delay = 0.00>
ST_2 : Operation 779 [1/1] (0.00ns)   --->   "%write_ln0 = write void @_ssdm_op_Write.ap_auto.i16P0A, i16 %data_72_out, i16 %p_0_0_0_0_0145256_load"   --->   Operation 779 'write' 'write_ln0' <Predicate = (icmp_ln33)> <Delay = 0.00>
ST_2 : Operation 780 [1/1] (0.00ns)   --->   "%write_ln0 = write void @_ssdm_op_Write.ap_auto.i16P0A, i16 %data_71_out, i16 %p_0_7_0_0_0143258_load"   --->   Operation 780 'write' 'write_ln0' <Predicate = (icmp_ln33)> <Delay = 0.00>
ST_2 : Operation 781 [1/1] (0.00ns)   --->   "%write_ln0 = write void @_ssdm_op_Write.ap_auto.i16P0A, i16 %data_70_out, i16 %p_0_6_0_0_0141260_load"   --->   Operation 781 'write' 'write_ln0' <Predicate = (icmp_ln33)> <Delay = 0.00>
ST_2 : Operation 782 [1/1] (0.00ns)   --->   "%write_ln0 = write void @_ssdm_op_Write.ap_auto.i16P0A, i16 %data_69_out, i16 %p_0_5_0_0_0139262_load"   --->   Operation 782 'write' 'write_ln0' <Predicate = (icmp_ln33)> <Delay = 0.00>
ST_2 : Operation 783 [1/1] (0.00ns)   --->   "%write_ln0 = write void @_ssdm_op_Write.ap_auto.i16P0A, i16 %data_68_out, i16 %p_0_4_0_0_0137264_load"   --->   Operation 783 'write' 'write_ln0' <Predicate = (icmp_ln33)> <Delay = 0.00>
ST_2 : Operation 784 [1/1] (0.00ns)   --->   "%write_ln0 = write void @_ssdm_op_Write.ap_auto.i16P0A, i16 %data_67_out, i16 %p_0_3_0_0_0135266_load"   --->   Operation 784 'write' 'write_ln0' <Predicate = (icmp_ln33)> <Delay = 0.00>
ST_2 : Operation 785 [1/1] (0.00ns)   --->   "%write_ln0 = write void @_ssdm_op_Write.ap_auto.i16P0A, i16 %data_66_out, i16 %p_0_2_0_0_0133268_load"   --->   Operation 785 'write' 'write_ln0' <Predicate = (icmp_ln33)> <Delay = 0.00>
ST_2 : Operation 786 [1/1] (0.00ns)   --->   "%write_ln0 = write void @_ssdm_op_Write.ap_auto.i16P0A, i16 %data_65_out, i16 %p_0_1_0_0_0131270_load"   --->   Operation 786 'write' 'write_ln0' <Predicate = (icmp_ln33)> <Delay = 0.00>
ST_2 : Operation 787 [1/1] (0.00ns)   --->   "%write_ln0 = write void @_ssdm_op_Write.ap_auto.i16P0A, i16 %data_64_out, i16 %p_0_0_0_0_0129272_load"   --->   Operation 787 'write' 'write_ln0' <Predicate = (icmp_ln33)> <Delay = 0.00>
ST_2 : Operation 788 [1/1] (0.00ns)   --->   "%write_ln0 = write void @_ssdm_op_Write.ap_auto.i16P0A, i16 %data_63_out, i16 %p_0_7_0_0_0127274_load"   --->   Operation 788 'write' 'write_ln0' <Predicate = (icmp_ln33)> <Delay = 0.00>
ST_2 : Operation 789 [1/1] (0.00ns)   --->   "%write_ln0 = write void @_ssdm_op_Write.ap_auto.i16P0A, i16 %data_62_out, i16 %p_0_6_0_0_0125276_load"   --->   Operation 789 'write' 'write_ln0' <Predicate = (icmp_ln33)> <Delay = 0.00>
ST_2 : Operation 790 [1/1] (0.00ns)   --->   "%write_ln0 = write void @_ssdm_op_Write.ap_auto.i16P0A, i16 %data_61_out, i16 %p_0_5_0_0_0123278_load"   --->   Operation 790 'write' 'write_ln0' <Predicate = (icmp_ln33)> <Delay = 0.00>
ST_2 : Operation 791 [1/1] (0.00ns)   --->   "%write_ln0 = write void @_ssdm_op_Write.ap_auto.i16P0A, i16 %data_60_out, i16 %p_0_4_0_0_0121280_load"   --->   Operation 791 'write' 'write_ln0' <Predicate = (icmp_ln33)> <Delay = 0.00>
ST_2 : Operation 792 [1/1] (0.00ns)   --->   "%write_ln0 = write void @_ssdm_op_Write.ap_auto.i16P0A, i16 %data_59_out, i16 %p_0_3_0_0_0119282_load"   --->   Operation 792 'write' 'write_ln0' <Predicate = (icmp_ln33)> <Delay = 0.00>
ST_2 : Operation 793 [1/1] (0.00ns)   --->   "%write_ln0 = write void @_ssdm_op_Write.ap_auto.i16P0A, i16 %data_58_out, i16 %p_0_2_0_0_0117284_load"   --->   Operation 793 'write' 'write_ln0' <Predicate = (icmp_ln33)> <Delay = 0.00>
ST_2 : Operation 794 [1/1] (0.00ns)   --->   "%write_ln0 = write void @_ssdm_op_Write.ap_auto.i16P0A, i16 %data_57_out, i16 %p_0_1_0_0_0115286_load"   --->   Operation 794 'write' 'write_ln0' <Predicate = (icmp_ln33)> <Delay = 0.00>
ST_2 : Operation 795 [1/1] (0.00ns)   --->   "%write_ln0 = write void @_ssdm_op_Write.ap_auto.i16P0A, i16 %data_56_out, i16 %p_0_0_0_0_0113288_load"   --->   Operation 795 'write' 'write_ln0' <Predicate = (icmp_ln33)> <Delay = 0.00>
ST_2 : Operation 796 [1/1] (0.00ns)   --->   "%write_ln0 = write void @_ssdm_op_Write.ap_auto.i16P0A, i16 %data_55_out, i16 %p_0_7_0_0_0111290_load"   --->   Operation 796 'write' 'write_ln0' <Predicate = (icmp_ln33)> <Delay = 0.00>
ST_2 : Operation 797 [1/1] (0.00ns)   --->   "%write_ln0 = write void @_ssdm_op_Write.ap_auto.i16P0A, i16 %data_54_out, i16 %p_0_6_0_0_0109292_load"   --->   Operation 797 'write' 'write_ln0' <Predicate = (icmp_ln33)> <Delay = 0.00>
ST_2 : Operation 798 [1/1] (0.00ns)   --->   "%write_ln0 = write void @_ssdm_op_Write.ap_auto.i16P0A, i16 %data_53_out, i16 %p_0_5_0_0_0107294_load"   --->   Operation 798 'write' 'write_ln0' <Predicate = (icmp_ln33)> <Delay = 0.00>
ST_2 : Operation 799 [1/1] (0.00ns)   --->   "%write_ln0 = write void @_ssdm_op_Write.ap_auto.i16P0A, i16 %data_52_out, i16 %p_0_4_0_0_0105296_load"   --->   Operation 799 'write' 'write_ln0' <Predicate = (icmp_ln33)> <Delay = 0.00>
ST_2 : Operation 800 [1/1] (0.00ns)   --->   "%write_ln0 = write void @_ssdm_op_Write.ap_auto.i16P0A, i16 %data_51_out, i16 %p_0_3_0_0_0103298_load"   --->   Operation 800 'write' 'write_ln0' <Predicate = (icmp_ln33)> <Delay = 0.00>
ST_2 : Operation 801 [1/1] (0.00ns)   --->   "%write_ln0 = write void @_ssdm_op_Write.ap_auto.i16P0A, i16 %data_50_out, i16 %p_0_2_0_0_0101300_load"   --->   Operation 801 'write' 'write_ln0' <Predicate = (icmp_ln33)> <Delay = 0.00>
ST_2 : Operation 802 [1/1] (0.00ns)   --->   "%write_ln0 = write void @_ssdm_op_Write.ap_auto.i16P0A, i16 %data_49_out, i16 %p_0_1_0_0_099302_load"   --->   Operation 802 'write' 'write_ln0' <Predicate = (icmp_ln33)> <Delay = 0.00>
ST_2 : Operation 803 [1/1] (0.00ns)   --->   "%write_ln0 = write void @_ssdm_op_Write.ap_auto.i16P0A, i16 %data_48_out, i16 %p_0_0_0_0_097304_load"   --->   Operation 803 'write' 'write_ln0' <Predicate = (icmp_ln33)> <Delay = 0.00>
ST_2 : Operation 804 [1/1] (0.00ns)   --->   "%write_ln0 = write void @_ssdm_op_Write.ap_auto.i16P0A, i16 %data_47_out, i16 %p_0_7_0_0_095306_load"   --->   Operation 804 'write' 'write_ln0' <Predicate = (icmp_ln33)> <Delay = 0.00>
ST_2 : Operation 805 [1/1] (0.00ns)   --->   "%write_ln0 = write void @_ssdm_op_Write.ap_auto.i16P0A, i16 %data_46_out, i16 %p_0_6_0_0_093308_load"   --->   Operation 805 'write' 'write_ln0' <Predicate = (icmp_ln33)> <Delay = 0.00>
ST_2 : Operation 806 [1/1] (0.00ns)   --->   "%write_ln0 = write void @_ssdm_op_Write.ap_auto.i16P0A, i16 %data_45_out, i16 %p_0_5_0_0_091310_load"   --->   Operation 806 'write' 'write_ln0' <Predicate = (icmp_ln33)> <Delay = 0.00>
ST_2 : Operation 807 [1/1] (0.00ns)   --->   "%write_ln0 = write void @_ssdm_op_Write.ap_auto.i16P0A, i16 %data_44_out, i16 %p_0_4_0_0_089312_load"   --->   Operation 807 'write' 'write_ln0' <Predicate = (icmp_ln33)> <Delay = 0.00>
ST_2 : Operation 808 [1/1] (0.00ns)   --->   "%write_ln0 = write void @_ssdm_op_Write.ap_auto.i16P0A, i16 %data_43_out, i16 %p_0_3_0_0_087314_load"   --->   Operation 808 'write' 'write_ln0' <Predicate = (icmp_ln33)> <Delay = 0.00>
ST_2 : Operation 809 [1/1] (0.00ns)   --->   "%write_ln0 = write void @_ssdm_op_Write.ap_auto.i16P0A, i16 %data_42_out, i16 %p_0_2_0_0_085316_load"   --->   Operation 809 'write' 'write_ln0' <Predicate = (icmp_ln33)> <Delay = 0.00>
ST_2 : Operation 810 [1/1] (0.00ns)   --->   "%write_ln0 = write void @_ssdm_op_Write.ap_auto.i16P0A, i16 %data_41_out, i16 %p_0_1_0_0_083318_load"   --->   Operation 810 'write' 'write_ln0' <Predicate = (icmp_ln33)> <Delay = 0.00>
ST_2 : Operation 811 [1/1] (0.00ns)   --->   "%write_ln0 = write void @_ssdm_op_Write.ap_auto.i16P0A, i16 %data_40_out, i16 %p_0_0_0_0_081320_load"   --->   Operation 811 'write' 'write_ln0' <Predicate = (icmp_ln33)> <Delay = 0.00>
ST_2 : Operation 812 [1/1] (0.00ns)   --->   "%write_ln0 = write void @_ssdm_op_Write.ap_auto.i16P0A, i16 %data_39_out, i16 %p_0_7_0_0_079322_load"   --->   Operation 812 'write' 'write_ln0' <Predicate = (icmp_ln33)> <Delay = 0.00>
ST_2 : Operation 813 [1/1] (0.00ns)   --->   "%write_ln0 = write void @_ssdm_op_Write.ap_auto.i16P0A, i16 %data_38_out, i16 %p_0_6_0_0_077324_load"   --->   Operation 813 'write' 'write_ln0' <Predicate = (icmp_ln33)> <Delay = 0.00>
ST_2 : Operation 814 [1/1] (0.00ns)   --->   "%write_ln0 = write void @_ssdm_op_Write.ap_auto.i16P0A, i16 %data_37_out, i16 %p_0_5_0_0_075326_load"   --->   Operation 814 'write' 'write_ln0' <Predicate = (icmp_ln33)> <Delay = 0.00>
ST_2 : Operation 815 [1/1] (0.00ns)   --->   "%write_ln0 = write void @_ssdm_op_Write.ap_auto.i16P0A, i16 %data_36_out, i16 %p_0_4_0_0_073328_load"   --->   Operation 815 'write' 'write_ln0' <Predicate = (icmp_ln33)> <Delay = 0.00>
ST_2 : Operation 816 [1/1] (0.00ns)   --->   "%write_ln0 = write void @_ssdm_op_Write.ap_auto.i16P0A, i16 %data_35_out, i16 %p_0_3_0_0_071330_load"   --->   Operation 816 'write' 'write_ln0' <Predicate = (icmp_ln33)> <Delay = 0.00>
ST_2 : Operation 817 [1/1] (0.00ns)   --->   "%write_ln0 = write void @_ssdm_op_Write.ap_auto.i16P0A, i16 %data_34_out, i16 %p_0_2_0_0_069332_load"   --->   Operation 817 'write' 'write_ln0' <Predicate = (icmp_ln33)> <Delay = 0.00>
ST_2 : Operation 818 [1/1] (0.00ns)   --->   "%write_ln0 = write void @_ssdm_op_Write.ap_auto.i16P0A, i16 %data_33_out, i16 %p_0_1_0_0_067334_load"   --->   Operation 818 'write' 'write_ln0' <Predicate = (icmp_ln33)> <Delay = 0.00>
ST_2 : Operation 819 [1/1] (0.00ns)   --->   "%write_ln0 = write void @_ssdm_op_Write.ap_auto.i16P0A, i16 %data_32_out, i16 %p_0_0_0_0_065336_load"   --->   Operation 819 'write' 'write_ln0' <Predicate = (icmp_ln33)> <Delay = 0.00>
ST_2 : Operation 820 [1/1] (0.00ns)   --->   "%write_ln0 = write void @_ssdm_op_Write.ap_auto.i16P0A, i16 %data_31_out, i16 %p_0_7_0_0_063338_load"   --->   Operation 820 'write' 'write_ln0' <Predicate = (icmp_ln33)> <Delay = 0.00>
ST_2 : Operation 821 [1/1] (0.00ns)   --->   "%write_ln0 = write void @_ssdm_op_Write.ap_auto.i16P0A, i16 %data_30_out, i16 %p_0_6_0_0_061340_load"   --->   Operation 821 'write' 'write_ln0' <Predicate = (icmp_ln33)> <Delay = 0.00>
ST_2 : Operation 822 [1/1] (0.00ns)   --->   "%write_ln0 = write void @_ssdm_op_Write.ap_auto.i16P0A, i16 %data_29_out, i16 %p_0_5_0_0_059342_load"   --->   Operation 822 'write' 'write_ln0' <Predicate = (icmp_ln33)> <Delay = 0.00>
ST_2 : Operation 823 [1/1] (0.00ns)   --->   "%write_ln0 = write void @_ssdm_op_Write.ap_auto.i16P0A, i16 %data_28_out, i16 %p_0_4_0_0_057344_load"   --->   Operation 823 'write' 'write_ln0' <Predicate = (icmp_ln33)> <Delay = 0.00>
ST_2 : Operation 824 [1/1] (0.00ns)   --->   "%write_ln0 = write void @_ssdm_op_Write.ap_auto.i16P0A, i16 %data_27_out, i16 %p_0_3_0_0_055346_load"   --->   Operation 824 'write' 'write_ln0' <Predicate = (icmp_ln33)> <Delay = 0.00>
ST_2 : Operation 825 [1/1] (0.00ns)   --->   "%write_ln0 = write void @_ssdm_op_Write.ap_auto.i16P0A, i16 %data_26_out, i16 %p_0_2_0_0_053348_load"   --->   Operation 825 'write' 'write_ln0' <Predicate = (icmp_ln33)> <Delay = 0.00>
ST_2 : Operation 826 [1/1] (0.00ns)   --->   "%write_ln0 = write void @_ssdm_op_Write.ap_auto.i16P0A, i16 %data_25_out, i16 %p_0_1_0_0_051350_load"   --->   Operation 826 'write' 'write_ln0' <Predicate = (icmp_ln33)> <Delay = 0.00>
ST_2 : Operation 827 [1/1] (0.00ns)   --->   "%write_ln0 = write void @_ssdm_op_Write.ap_auto.i16P0A, i16 %data_24_out, i16 %p_0_0_0_0_049352_load"   --->   Operation 827 'write' 'write_ln0' <Predicate = (icmp_ln33)> <Delay = 0.00>
ST_2 : Operation 828 [1/1] (0.00ns)   --->   "%write_ln0 = write void @_ssdm_op_Write.ap_auto.i16P0A, i16 %data_23_out, i16 %p_0_7_0_0_047354_load"   --->   Operation 828 'write' 'write_ln0' <Predicate = (icmp_ln33)> <Delay = 0.00>
ST_2 : Operation 829 [1/1] (0.00ns)   --->   "%write_ln0 = write void @_ssdm_op_Write.ap_auto.i16P0A, i16 %data_22_out, i16 %p_0_6_0_0_045356_load"   --->   Operation 829 'write' 'write_ln0' <Predicate = (icmp_ln33)> <Delay = 0.00>
ST_2 : Operation 830 [1/1] (0.00ns)   --->   "%write_ln0 = write void @_ssdm_op_Write.ap_auto.i16P0A, i16 %data_21_out, i16 %p_0_5_0_0_043358_load"   --->   Operation 830 'write' 'write_ln0' <Predicate = (icmp_ln33)> <Delay = 0.00>
ST_2 : Operation 831 [1/1] (0.00ns)   --->   "%write_ln0 = write void @_ssdm_op_Write.ap_auto.i16P0A, i16 %data_20_out, i16 %p_0_4_0_0_041360_load"   --->   Operation 831 'write' 'write_ln0' <Predicate = (icmp_ln33)> <Delay = 0.00>
ST_2 : Operation 832 [1/1] (0.00ns)   --->   "%write_ln0 = write void @_ssdm_op_Write.ap_auto.i16P0A, i16 %data_19_out, i16 %p_0_3_0_0_039362_load"   --->   Operation 832 'write' 'write_ln0' <Predicate = (icmp_ln33)> <Delay = 0.00>
ST_2 : Operation 833 [1/1] (0.00ns)   --->   "%write_ln0 = write void @_ssdm_op_Write.ap_auto.i16P0A, i16 %data_18_out, i16 %p_0_2_0_0_037364_load"   --->   Operation 833 'write' 'write_ln0' <Predicate = (icmp_ln33)> <Delay = 0.00>
ST_2 : Operation 834 [1/1] (0.00ns)   --->   "%write_ln0 = write void @_ssdm_op_Write.ap_auto.i16P0A, i16 %data_17_out, i16 %p_0_1_0_0_035366_load"   --->   Operation 834 'write' 'write_ln0' <Predicate = (icmp_ln33)> <Delay = 0.00>
ST_2 : Operation 835 [1/1] (0.00ns)   --->   "%write_ln0 = write void @_ssdm_op_Write.ap_auto.i16P0A, i16 %data_16_out, i16 %p_0_0_0_0_033368_load"   --->   Operation 835 'write' 'write_ln0' <Predicate = (icmp_ln33)> <Delay = 0.00>
ST_2 : Operation 836 [1/1] (0.00ns)   --->   "%write_ln0 = write void @_ssdm_op_Write.ap_auto.i16P0A, i16 %data_15_out, i16 %p_0_7_0_0_031370_load"   --->   Operation 836 'write' 'write_ln0' <Predicate = (icmp_ln33)> <Delay = 0.00>
ST_2 : Operation 837 [1/1] (0.00ns)   --->   "%write_ln0 = write void @_ssdm_op_Write.ap_auto.i16P0A, i16 %data_14_out, i16 %p_0_6_0_0_029372_load"   --->   Operation 837 'write' 'write_ln0' <Predicate = (icmp_ln33)> <Delay = 0.00>
ST_2 : Operation 838 [1/1] (0.00ns)   --->   "%write_ln0 = write void @_ssdm_op_Write.ap_auto.i16P0A, i16 %data_13_out, i16 %p_0_5_0_0_027374_load"   --->   Operation 838 'write' 'write_ln0' <Predicate = (icmp_ln33)> <Delay = 0.00>
ST_2 : Operation 839 [1/1] (0.00ns)   --->   "%write_ln0 = write void @_ssdm_op_Write.ap_auto.i16P0A, i16 %data_12_out, i16 %p_0_4_0_0_025376_load"   --->   Operation 839 'write' 'write_ln0' <Predicate = (icmp_ln33)> <Delay = 0.00>
ST_2 : Operation 840 [1/1] (0.00ns)   --->   "%write_ln0 = write void @_ssdm_op_Write.ap_auto.i16P0A, i16 %data_11_out, i16 %p_0_3_0_0_023378_load"   --->   Operation 840 'write' 'write_ln0' <Predicate = (icmp_ln33)> <Delay = 0.00>
ST_2 : Operation 841 [1/1] (0.00ns)   --->   "%write_ln0 = write void @_ssdm_op_Write.ap_auto.i16P0A, i16 %data_10_out, i16 %p_0_2_0_0_021380_load"   --->   Operation 841 'write' 'write_ln0' <Predicate = (icmp_ln33)> <Delay = 0.00>
ST_2 : Operation 842 [1/1] (0.00ns)   --->   "%write_ln0 = write void @_ssdm_op_Write.ap_auto.i16P0A, i16 %data_9_out, i16 %p_0_1_0_0_019382_load"   --->   Operation 842 'write' 'write_ln0' <Predicate = (icmp_ln33)> <Delay = 0.00>
ST_2 : Operation 843 [1/1] (0.00ns)   --->   "%write_ln0 = write void @_ssdm_op_Write.ap_auto.i16P0A, i16 %data_8_out, i16 %p_0_0_0_0_017384_load"   --->   Operation 843 'write' 'write_ln0' <Predicate = (icmp_ln33)> <Delay = 0.00>
ST_2 : Operation 844 [1/1] (0.00ns)   --->   "%write_ln0 = write void @_ssdm_op_Write.ap_auto.i16P0A, i16 %data_7_out, i16 %p_0_7_0_0_015386_load"   --->   Operation 844 'write' 'write_ln0' <Predicate = (icmp_ln33)> <Delay = 0.00>
ST_2 : Operation 845 [1/1] (0.00ns)   --->   "%write_ln0 = write void @_ssdm_op_Write.ap_auto.i16P0A, i16 %data_6_out, i16 %p_0_6_0_0_013388_load"   --->   Operation 845 'write' 'write_ln0' <Predicate = (icmp_ln33)> <Delay = 0.00>
ST_2 : Operation 846 [1/1] (0.00ns)   --->   "%write_ln0 = write void @_ssdm_op_Write.ap_auto.i16P0A, i16 %data_5_out, i16 %p_0_5_0_0_011390_load"   --->   Operation 846 'write' 'write_ln0' <Predicate = (icmp_ln33)> <Delay = 0.00>
ST_2 : Operation 847 [1/1] (0.00ns)   --->   "%write_ln0 = write void @_ssdm_op_Write.ap_auto.i16P0A, i16 %data_4_out, i16 %p_0_4_0_0_09392_load"   --->   Operation 847 'write' 'write_ln0' <Predicate = (icmp_ln33)> <Delay = 0.00>
ST_2 : Operation 848 [1/1] (0.00ns)   --->   "%write_ln0 = write void @_ssdm_op_Write.ap_auto.i16P0A, i16 %data_3_out, i16 %p_0_3_0_0_07394_load"   --->   Operation 848 'write' 'write_ln0' <Predicate = (icmp_ln33)> <Delay = 0.00>
ST_2 : Operation 849 [1/1] (0.00ns)   --->   "%write_ln0 = write void @_ssdm_op_Write.ap_auto.i16P0A, i16 %data_2_out, i16 %p_0_2_0_0_05396_load"   --->   Operation 849 'write' 'write_ln0' <Predicate = (icmp_ln33)> <Delay = 0.00>
ST_2 : Operation 850 [1/1] (0.00ns)   --->   "%write_ln0 = write void @_ssdm_op_Write.ap_auto.i16P0A, i16 %data_1_out, i16 %p_0_1_0_0_03398_load"   --->   Operation 850 'write' 'write_ln0' <Predicate = (icmp_ln33)> <Delay = 0.00>
ST_2 : Operation 851 [1/1] (0.00ns)   --->   "%write_ln0 = write void @_ssdm_op_Write.ap_auto.i16P0A, i16 %data_out, i16 %p_0_0_0_0_01400_load"   --->   Operation 851 'write' 'write_ln0' <Predicate = (icmp_ln33)> <Delay = 0.00>
ST_2 : Operation 852 [1/1] (1.61ns)   --->   "%ret_ln0 = ret"   --->   Operation 852 'ret' 'ret_ln0' <Predicate = (icmp_ln33)> <Delay = 1.61>


============================================================
+ Verbose Summary: Binding
============================================================
STG Binding: 
---------------- STG Properties BEGIN ----------------
- Is combinational: 0
- Is one-state seq: 0
- Is datapath-only: 0
- Is pipelined: 0
- Is top level: 0
Port [ Return ] is wired: 1; IO mode=ap_ctrl_hs:ce=0
Port [ layer16_out]:  wired=1; compound=1; hidden=0; nouse=0; global=0; static=0; extern=0; dir=0; type=3; pingpong=0; private_global=0; IO mode=ap_fifo:ce=0
Port [ data_199_out]:  wired=1; compound=0; hidden=0; nouse=0; global=0; static=0; extern=0; dir=1; type=0; pingpong=0; private_global=0; IO mode=ap_vld:ce=0
Port [ data_198_out]:  wired=1; compound=0; hidden=0; nouse=0; global=0; static=0; extern=0; dir=1; type=0; pingpong=0; private_global=0; IO mode=ap_vld:ce=0
Port [ data_197_out]:  wired=1; compound=0; hidden=0; nouse=0; global=0; static=0; extern=0; dir=1; type=0; pingpong=0; private_global=0; IO mode=ap_vld:ce=0
Port [ data_196_out]:  wired=1; compound=0; hidden=0; nouse=0; global=0; static=0; extern=0; dir=1; type=0; pingpong=0; private_global=0; IO mode=ap_vld:ce=0
Port [ data_195_out]:  wired=1; compound=0; hidden=0; nouse=0; global=0; static=0; extern=0; dir=1; type=0; pingpong=0; private_global=0; IO mode=ap_vld:ce=0
Port [ data_194_out]:  wired=1; compound=0; hidden=0; nouse=0; global=0; static=0; extern=0; dir=1; type=0; pingpong=0; private_global=0; IO mode=ap_vld:ce=0
Port [ data_193_out]:  wired=1; compound=0; hidden=0; nouse=0; global=0; static=0; extern=0; dir=1; type=0; pingpong=0; private_global=0; IO mode=ap_vld:ce=0
Port [ data_192_out]:  wired=1; compound=0; hidden=0; nouse=0; global=0; static=0; extern=0; dir=1; type=0; pingpong=0; private_global=0; IO mode=ap_vld:ce=0
Port [ data_191_out]:  wired=1; compound=0; hidden=0; nouse=0; global=0; static=0; extern=0; dir=1; type=0; pingpong=0; private_global=0; IO mode=ap_vld:ce=0
Port [ data_190_out]:  wired=1; compound=0; hidden=0; nouse=0; global=0; static=0; extern=0; dir=1; type=0; pingpong=0; private_global=0; IO mode=ap_vld:ce=0
Port [ data_189_out]:  wired=1; compound=0; hidden=0; nouse=0; global=0; static=0; extern=0; dir=1; type=0; pingpong=0; private_global=0; IO mode=ap_vld:ce=0
Port [ data_188_out]:  wired=1; compound=0; hidden=0; nouse=0; global=0; static=0; extern=0; dir=1; type=0; pingpong=0; private_global=0; IO mode=ap_vld:ce=0
Port [ data_187_out]:  wired=1; compound=0; hidden=0; nouse=0; global=0; static=0; extern=0; dir=1; type=0; pingpong=0; private_global=0; IO mode=ap_vld:ce=0
Port [ data_186_out]:  wired=1; compound=0; hidden=0; nouse=0; global=0; static=0; extern=0; dir=1; type=0; pingpong=0; private_global=0; IO mode=ap_vld:ce=0
Port [ data_185_out]:  wired=1; compound=0; hidden=0; nouse=0; global=0; static=0; extern=0; dir=1; type=0; pingpong=0; private_global=0; IO mode=ap_vld:ce=0
Port [ data_184_out]:  wired=1; compound=0; hidden=0; nouse=0; global=0; static=0; extern=0; dir=1; type=0; pingpong=0; private_global=0; IO mode=ap_vld:ce=0
Port [ data_183_out]:  wired=1; compound=0; hidden=0; nouse=0; global=0; static=0; extern=0; dir=1; type=0; pingpong=0; private_global=0; IO mode=ap_vld:ce=0
Port [ data_182_out]:  wired=1; compound=0; hidden=0; nouse=0; global=0; static=0; extern=0; dir=1; type=0; pingpong=0; private_global=0; IO mode=ap_vld:ce=0
Port [ data_181_out]:  wired=1; compound=0; hidden=0; nouse=0; global=0; static=0; extern=0; dir=1; type=0; pingpong=0; private_global=0; IO mode=ap_vld:ce=0
Port [ data_180_out]:  wired=1; compound=0; hidden=0; nouse=0; global=0; static=0; extern=0; dir=1; type=0; pingpong=0; private_global=0; IO mode=ap_vld:ce=0
Port [ data_179_out]:  wired=1; compound=0; hidden=0; nouse=0; global=0; static=0; extern=0; dir=1; type=0; pingpong=0; private_global=0; IO mode=ap_vld:ce=0
Port [ data_178_out]:  wired=1; compound=0; hidden=0; nouse=0; global=0; static=0; extern=0; dir=1; type=0; pingpong=0; private_global=0; IO mode=ap_vld:ce=0
Port [ data_177_out]:  wired=1; compound=0; hidden=0; nouse=0; global=0; static=0; extern=0; dir=1; type=0; pingpong=0; private_global=0; IO mode=ap_vld:ce=0
Port [ data_176_out]:  wired=1; compound=0; hidden=0; nouse=0; global=0; static=0; extern=0; dir=1; type=0; pingpong=0; private_global=0; IO mode=ap_vld:ce=0
Port [ data_175_out]:  wired=1; compound=0; hidden=0; nouse=0; global=0; static=0; extern=0; dir=1; type=0; pingpong=0; private_global=0; IO mode=ap_vld:ce=0
Port [ data_174_out]:  wired=1; compound=0; hidden=0; nouse=0; global=0; static=0; extern=0; dir=1; type=0; pingpong=0; private_global=0; IO mode=ap_vld:ce=0
Port [ data_173_out]:  wired=1; compound=0; hidden=0; nouse=0; global=0; static=0; extern=0; dir=1; type=0; pingpong=0; private_global=0; IO mode=ap_vld:ce=0
Port [ data_172_out]:  wired=1; compound=0; hidden=0; nouse=0; global=0; static=0; extern=0; dir=1; type=0; pingpong=0; private_global=0; IO mode=ap_vld:ce=0
Port [ data_171_out]:  wired=1; compound=0; hidden=0; nouse=0; global=0; static=0; extern=0; dir=1; type=0; pingpong=0; private_global=0; IO mode=ap_vld:ce=0
Port [ data_170_out]:  wired=1; compound=0; hidden=0; nouse=0; global=0; static=0; extern=0; dir=1; type=0; pingpong=0; private_global=0; IO mode=ap_vld:ce=0
Port [ data_169_out]:  wired=1; compound=0; hidden=0; nouse=0; global=0; static=0; extern=0; dir=1; type=0; pingpong=0; private_global=0; IO mode=ap_vld:ce=0
Port [ data_168_out]:  wired=1; compound=0; hidden=0; nouse=0; global=0; static=0; extern=0; dir=1; type=0; pingpong=0; private_global=0; IO mode=ap_vld:ce=0
Port [ data_167_out]:  wired=1; compound=0; hidden=0; nouse=0; global=0; static=0; extern=0; dir=1; type=0; pingpong=0; private_global=0; IO mode=ap_vld:ce=0
Port [ data_166_out]:  wired=1; compound=0; hidden=0; nouse=0; global=0; static=0; extern=0; dir=1; type=0; pingpong=0; private_global=0; IO mode=ap_vld:ce=0
Port [ data_165_out]:  wired=1; compound=0; hidden=0; nouse=0; global=0; static=0; extern=0; dir=1; type=0; pingpong=0; private_global=0; IO mode=ap_vld:ce=0
Port [ data_164_out]:  wired=1; compound=0; hidden=0; nouse=0; global=0; static=0; extern=0; dir=1; type=0; pingpong=0; private_global=0; IO mode=ap_vld:ce=0
Port [ data_163_out]:  wired=1; compound=0; hidden=0; nouse=0; global=0; static=0; extern=0; dir=1; type=0; pingpong=0; private_global=0; IO mode=ap_vld:ce=0
Port [ data_162_out]:  wired=1; compound=0; hidden=0; nouse=0; global=0; static=0; extern=0; dir=1; type=0; pingpong=0; private_global=0; IO mode=ap_vld:ce=0
Port [ data_161_out]:  wired=1; compound=0; hidden=0; nouse=0; global=0; static=0; extern=0; dir=1; type=0; pingpong=0; private_global=0; IO mode=ap_vld:ce=0
Port [ data_160_out]:  wired=1; compound=0; hidden=0; nouse=0; global=0; static=0; extern=0; dir=1; type=0; pingpong=0; private_global=0; IO mode=ap_vld:ce=0
Port [ data_159_out]:  wired=1; compound=0; hidden=0; nouse=0; global=0; static=0; extern=0; dir=1; type=0; pingpong=0; private_global=0; IO mode=ap_vld:ce=0
Port [ data_158_out]:  wired=1; compound=0; hidden=0; nouse=0; global=0; static=0; extern=0; dir=1; type=0; pingpong=0; private_global=0; IO mode=ap_vld:ce=0
Port [ data_157_out]:  wired=1; compound=0; hidden=0; nouse=0; global=0; static=0; extern=0; dir=1; type=0; pingpong=0; private_global=0; IO mode=ap_vld:ce=0
Port [ data_156_out]:  wired=1; compound=0; hidden=0; nouse=0; global=0; static=0; extern=0; dir=1; type=0; pingpong=0; private_global=0; IO mode=ap_vld:ce=0
Port [ data_155_out]:  wired=1; compound=0; hidden=0; nouse=0; global=0; static=0; extern=0; dir=1; type=0; pingpong=0; private_global=0; IO mode=ap_vld:ce=0
Port [ data_154_out]:  wired=1; compound=0; hidden=0; nouse=0; global=0; static=0; extern=0; dir=1; type=0; pingpong=0; private_global=0; IO mode=ap_vld:ce=0
Port [ data_153_out]:  wired=1; compound=0; hidden=0; nouse=0; global=0; static=0; extern=0; dir=1; type=0; pingpong=0; private_global=0; IO mode=ap_vld:ce=0
Port [ data_152_out]:  wired=1; compound=0; hidden=0; nouse=0; global=0; static=0; extern=0; dir=1; type=0; pingpong=0; private_global=0; IO mode=ap_vld:ce=0
Port [ data_151_out]:  wired=1; compound=0; hidden=0; nouse=0; global=0; static=0; extern=0; dir=1; type=0; pingpong=0; private_global=0; IO mode=ap_vld:ce=0
Port [ data_150_out]:  wired=1; compound=0; hidden=0; nouse=0; global=0; static=0; extern=0; dir=1; type=0; pingpong=0; private_global=0; IO mode=ap_vld:ce=0
Port [ data_149_out]:  wired=1; compound=0; hidden=0; nouse=0; global=0; static=0; extern=0; dir=1; type=0; pingpong=0; private_global=0; IO mode=ap_vld:ce=0
Port [ data_148_out]:  wired=1; compound=0; hidden=0; nouse=0; global=0; static=0; extern=0; dir=1; type=0; pingpong=0; private_global=0; IO mode=ap_vld:ce=0
Port [ data_147_out]:  wired=1; compound=0; hidden=0; nouse=0; global=0; static=0; extern=0; dir=1; type=0; pingpong=0; private_global=0; IO mode=ap_vld:ce=0
Port [ data_146_out]:  wired=1; compound=0; hidden=0; nouse=0; global=0; static=0; extern=0; dir=1; type=0; pingpong=0; private_global=0; IO mode=ap_vld:ce=0
Port [ data_145_out]:  wired=1; compound=0; hidden=0; nouse=0; global=0; static=0; extern=0; dir=1; type=0; pingpong=0; private_global=0; IO mode=ap_vld:ce=0
Port [ data_144_out]:  wired=1; compound=0; hidden=0; nouse=0; global=0; static=0; extern=0; dir=1; type=0; pingpong=0; private_global=0; IO mode=ap_vld:ce=0
Port [ data_143_out]:  wired=1; compound=0; hidden=0; nouse=0; global=0; static=0; extern=0; dir=1; type=0; pingpong=0; private_global=0; IO mode=ap_vld:ce=0
Port [ data_142_out]:  wired=1; compound=0; hidden=0; nouse=0; global=0; static=0; extern=0; dir=1; type=0; pingpong=0; private_global=0; IO mode=ap_vld:ce=0
Port [ data_141_out]:  wired=1; compound=0; hidden=0; nouse=0; global=0; static=0; extern=0; dir=1; type=0; pingpong=0; private_global=0; IO mode=ap_vld:ce=0
Port [ data_140_out]:  wired=1; compound=0; hidden=0; nouse=0; global=0; static=0; extern=0; dir=1; type=0; pingpong=0; private_global=0; IO mode=ap_vld:ce=0
Port [ data_139_out]:  wired=1; compound=0; hidden=0; nouse=0; global=0; static=0; extern=0; dir=1; type=0; pingpong=0; private_global=0; IO mode=ap_vld:ce=0
Port [ data_138_out]:  wired=1; compound=0; hidden=0; nouse=0; global=0; static=0; extern=0; dir=1; type=0; pingpong=0; private_global=0; IO mode=ap_vld:ce=0
Port [ data_137_out]:  wired=1; compound=0; hidden=0; nouse=0; global=0; static=0; extern=0; dir=1; type=0; pingpong=0; private_global=0; IO mode=ap_vld:ce=0
Port [ data_136_out]:  wired=1; compound=0; hidden=0; nouse=0; global=0; static=0; extern=0; dir=1; type=0; pingpong=0; private_global=0; IO mode=ap_vld:ce=0
Port [ data_135_out]:  wired=1; compound=0; hidden=0; nouse=0; global=0; static=0; extern=0; dir=1; type=0; pingpong=0; private_global=0; IO mode=ap_vld:ce=0
Port [ data_134_out]:  wired=1; compound=0; hidden=0; nouse=0; global=0; static=0; extern=0; dir=1; type=0; pingpong=0; private_global=0; IO mode=ap_vld:ce=0
Port [ data_133_out]:  wired=1; compound=0; hidden=0; nouse=0; global=0; static=0; extern=0; dir=1; type=0; pingpong=0; private_global=0; IO mode=ap_vld:ce=0
Port [ data_132_out]:  wired=1; compound=0; hidden=0; nouse=0; global=0; static=0; extern=0; dir=1; type=0; pingpong=0; private_global=0; IO mode=ap_vld:ce=0
Port [ data_131_out]:  wired=1; compound=0; hidden=0; nouse=0; global=0; static=0; extern=0; dir=1; type=0; pingpong=0; private_global=0; IO mode=ap_vld:ce=0
Port [ data_130_out]:  wired=1; compound=0; hidden=0; nouse=0; global=0; static=0; extern=0; dir=1; type=0; pingpong=0; private_global=0; IO mode=ap_vld:ce=0
Port [ data_129_out]:  wired=1; compound=0; hidden=0; nouse=0; global=0; static=0; extern=0; dir=1; type=0; pingpong=0; private_global=0; IO mode=ap_vld:ce=0
Port [ data_128_out]:  wired=1; compound=0; hidden=0; nouse=0; global=0; static=0; extern=0; dir=1; type=0; pingpong=0; private_global=0; IO mode=ap_vld:ce=0
Port [ data_127_out]:  wired=1; compound=0; hidden=0; nouse=0; global=0; static=0; extern=0; dir=1; type=0; pingpong=0; private_global=0; IO mode=ap_vld:ce=0
Port [ data_126_out]:  wired=1; compound=0; hidden=0; nouse=0; global=0; static=0; extern=0; dir=1; type=0; pingpong=0; private_global=0; IO mode=ap_vld:ce=0
Port [ data_125_out]:  wired=1; compound=0; hidden=0; nouse=0; global=0; static=0; extern=0; dir=1; type=0; pingpong=0; private_global=0; IO mode=ap_vld:ce=0
Port [ data_124_out]:  wired=1; compound=0; hidden=0; nouse=0; global=0; static=0; extern=0; dir=1; type=0; pingpong=0; private_global=0; IO mode=ap_vld:ce=0
Port [ data_123_out]:  wired=1; compound=0; hidden=0; nouse=0; global=0; static=0; extern=0; dir=1; type=0; pingpong=0; private_global=0; IO mode=ap_vld:ce=0
Port [ data_122_out]:  wired=1; compound=0; hidden=0; nouse=0; global=0; static=0; extern=0; dir=1; type=0; pingpong=0; private_global=0; IO mode=ap_vld:ce=0
Port [ data_121_out]:  wired=1; compound=0; hidden=0; nouse=0; global=0; static=0; extern=0; dir=1; type=0; pingpong=0; private_global=0; IO mode=ap_vld:ce=0
Port [ data_120_out]:  wired=1; compound=0; hidden=0; nouse=0; global=0; static=0; extern=0; dir=1; type=0; pingpong=0; private_global=0; IO mode=ap_vld:ce=0
Port [ data_119_out]:  wired=1; compound=0; hidden=0; nouse=0; global=0; static=0; extern=0; dir=1; type=0; pingpong=0; private_global=0; IO mode=ap_vld:ce=0
Port [ data_118_out]:  wired=1; compound=0; hidden=0; nouse=0; global=0; static=0; extern=0; dir=1; type=0; pingpong=0; private_global=0; IO mode=ap_vld:ce=0
Port [ data_117_out]:  wired=1; compound=0; hidden=0; nouse=0; global=0; static=0; extern=0; dir=1; type=0; pingpong=0; private_global=0; IO mode=ap_vld:ce=0
Port [ data_116_out]:  wired=1; compound=0; hidden=0; nouse=0; global=0; static=0; extern=0; dir=1; type=0; pingpong=0; private_global=0; IO mode=ap_vld:ce=0
Port [ data_115_out]:  wired=1; compound=0; hidden=0; nouse=0; global=0; static=0; extern=0; dir=1; type=0; pingpong=0; private_global=0; IO mode=ap_vld:ce=0
Port [ data_114_out]:  wired=1; compound=0; hidden=0; nouse=0; global=0; static=0; extern=0; dir=1; type=0; pingpong=0; private_global=0; IO mode=ap_vld:ce=0
Port [ data_113_out]:  wired=1; compound=0; hidden=0; nouse=0; global=0; static=0; extern=0; dir=1; type=0; pingpong=0; private_global=0; IO mode=ap_vld:ce=0
Port [ data_112_out]:  wired=1; compound=0; hidden=0; nouse=0; global=0; static=0; extern=0; dir=1; type=0; pingpong=0; private_global=0; IO mode=ap_vld:ce=0
Port [ data_111_out]:  wired=1; compound=0; hidden=0; nouse=0; global=0; static=0; extern=0; dir=1; type=0; pingpong=0; private_global=0; IO mode=ap_vld:ce=0
Port [ data_110_out]:  wired=1; compound=0; hidden=0; nouse=0; global=0; static=0; extern=0; dir=1; type=0; pingpong=0; private_global=0; IO mode=ap_vld:ce=0
Port [ data_109_out]:  wired=1; compound=0; hidden=0; nouse=0; global=0; static=0; extern=0; dir=1; type=0; pingpong=0; private_global=0; IO mode=ap_vld:ce=0
Port [ data_108_out]:  wired=1; compound=0; hidden=0; nouse=0; global=0; static=0; extern=0; dir=1; type=0; pingpong=0; private_global=0; IO mode=ap_vld:ce=0
Port [ data_107_out]:  wired=1; compound=0; hidden=0; nouse=0; global=0; static=0; extern=0; dir=1; type=0; pingpong=0; private_global=0; IO mode=ap_vld:ce=0
Port [ data_106_out]:  wired=1; compound=0; hidden=0; nouse=0; global=0; static=0; extern=0; dir=1; type=0; pingpong=0; private_global=0; IO mode=ap_vld:ce=0
Port [ data_105_out]:  wired=1; compound=0; hidden=0; nouse=0; global=0; static=0; extern=0; dir=1; type=0; pingpong=0; private_global=0; IO mode=ap_vld:ce=0
Port [ data_104_out]:  wired=1; compound=0; hidden=0; nouse=0; global=0; static=0; extern=0; dir=1; type=0; pingpong=0; private_global=0; IO mode=ap_vld:ce=0
Port [ data_103_out]:  wired=1; compound=0; hidden=0; nouse=0; global=0; static=0; extern=0; dir=1; type=0; pingpong=0; private_global=0; IO mode=ap_vld:ce=0
Port [ data_102_out]:  wired=1; compound=0; hidden=0; nouse=0; global=0; static=0; extern=0; dir=1; type=0; pingpong=0; private_global=0; IO mode=ap_vld:ce=0
Port [ data_101_out]:  wired=1; compound=0; hidden=0; nouse=0; global=0; static=0; extern=0; dir=1; type=0; pingpong=0; private_global=0; IO mode=ap_vld:ce=0
Port [ data_100_out]:  wired=1; compound=0; hidden=0; nouse=0; global=0; static=0; extern=0; dir=1; type=0; pingpong=0; private_global=0; IO mode=ap_vld:ce=0
Port [ data_99_out]:  wired=1; compound=0; hidden=0; nouse=0; global=0; static=0; extern=0; dir=1; type=0; pingpong=0; private_global=0; IO mode=ap_vld:ce=0
Port [ data_98_out]:  wired=1; compound=0; hidden=0; nouse=0; global=0; static=0; extern=0; dir=1; type=0; pingpong=0; private_global=0; IO mode=ap_vld:ce=0
Port [ data_97_out]:  wired=1; compound=0; hidden=0; nouse=0; global=0; static=0; extern=0; dir=1; type=0; pingpong=0; private_global=0; IO mode=ap_vld:ce=0
Port [ data_96_out]:  wired=1; compound=0; hidden=0; nouse=0; global=0; static=0; extern=0; dir=1; type=0; pingpong=0; private_global=0; IO mode=ap_vld:ce=0
Port [ data_95_out]:  wired=1; compound=0; hidden=0; nouse=0; global=0; static=0; extern=0; dir=1; type=0; pingpong=0; private_global=0; IO mode=ap_vld:ce=0
Port [ data_94_out]:  wired=1; compound=0; hidden=0; nouse=0; global=0; static=0; extern=0; dir=1; type=0; pingpong=0; private_global=0; IO mode=ap_vld:ce=0
Port [ data_93_out]:  wired=1; compound=0; hidden=0; nouse=0; global=0; static=0; extern=0; dir=1; type=0; pingpong=0; private_global=0; IO mode=ap_vld:ce=0
Port [ data_92_out]:  wired=1; compound=0; hidden=0; nouse=0; global=0; static=0; extern=0; dir=1; type=0; pingpong=0; private_global=0; IO mode=ap_vld:ce=0
Port [ data_91_out]:  wired=1; compound=0; hidden=0; nouse=0; global=0; static=0; extern=0; dir=1; type=0; pingpong=0; private_global=0; IO mode=ap_vld:ce=0
Port [ data_90_out]:  wired=1; compound=0; hidden=0; nouse=0; global=0; static=0; extern=0; dir=1; type=0; pingpong=0; private_global=0; IO mode=ap_vld:ce=0
Port [ data_89_out]:  wired=1; compound=0; hidden=0; nouse=0; global=0; static=0; extern=0; dir=1; type=0; pingpong=0; private_global=0; IO mode=ap_vld:ce=0
Port [ data_88_out]:  wired=1; compound=0; hidden=0; nouse=0; global=0; static=0; extern=0; dir=1; type=0; pingpong=0; private_global=0; IO mode=ap_vld:ce=0
Port [ data_87_out]:  wired=1; compound=0; hidden=0; nouse=0; global=0; static=0; extern=0; dir=1; type=0; pingpong=0; private_global=0; IO mode=ap_vld:ce=0
Port [ data_86_out]:  wired=1; compound=0; hidden=0; nouse=0; global=0; static=0; extern=0; dir=1; type=0; pingpong=0; private_global=0; IO mode=ap_vld:ce=0
Port [ data_85_out]:  wired=1; compound=0; hidden=0; nouse=0; global=0; static=0; extern=0; dir=1; type=0; pingpong=0; private_global=0; IO mode=ap_vld:ce=0
Port [ data_84_out]:  wired=1; compound=0; hidden=0; nouse=0; global=0; static=0; extern=0; dir=1; type=0; pingpong=0; private_global=0; IO mode=ap_vld:ce=0
Port [ data_83_out]:  wired=1; compound=0; hidden=0; nouse=0; global=0; static=0; extern=0; dir=1; type=0; pingpong=0; private_global=0; IO mode=ap_vld:ce=0
Port [ data_82_out]:  wired=1; compound=0; hidden=0; nouse=0; global=0; static=0; extern=0; dir=1; type=0; pingpong=0; private_global=0; IO mode=ap_vld:ce=0
Port [ data_81_out]:  wired=1; compound=0; hidden=0; nouse=0; global=0; static=0; extern=0; dir=1; type=0; pingpong=0; private_global=0; IO mode=ap_vld:ce=0
Port [ data_80_out]:  wired=1; compound=0; hidden=0; nouse=0; global=0; static=0; extern=0; dir=1; type=0; pingpong=0; private_global=0; IO mode=ap_vld:ce=0
Port [ data_79_out]:  wired=1; compound=0; hidden=0; nouse=0; global=0; static=0; extern=0; dir=1; type=0; pingpong=0; private_global=0; IO mode=ap_vld:ce=0
Port [ data_78_out]:  wired=1; compound=0; hidden=0; nouse=0; global=0; static=0; extern=0; dir=1; type=0; pingpong=0; private_global=0; IO mode=ap_vld:ce=0
Port [ data_77_out]:  wired=1; compound=0; hidden=0; nouse=0; global=0; static=0; extern=0; dir=1; type=0; pingpong=0; private_global=0; IO mode=ap_vld:ce=0
Port [ data_76_out]:  wired=1; compound=0; hidden=0; nouse=0; global=0; static=0; extern=0; dir=1; type=0; pingpong=0; private_global=0; IO mode=ap_vld:ce=0
Port [ data_75_out]:  wired=1; compound=0; hidden=0; nouse=0; global=0; static=0; extern=0; dir=1; type=0; pingpong=0; private_global=0; IO mode=ap_vld:ce=0
Port [ data_74_out]:  wired=1; compound=0; hidden=0; nouse=0; global=0; static=0; extern=0; dir=1; type=0; pingpong=0; private_global=0; IO mode=ap_vld:ce=0
Port [ data_73_out]:  wired=1; compound=0; hidden=0; nouse=0; global=0; static=0; extern=0; dir=1; type=0; pingpong=0; private_global=0; IO mode=ap_vld:ce=0
Port [ data_72_out]:  wired=1; compound=0; hidden=0; nouse=0; global=0; static=0; extern=0; dir=1; type=0; pingpong=0; private_global=0; IO mode=ap_vld:ce=0
Port [ data_71_out]:  wired=1; compound=0; hidden=0; nouse=0; global=0; static=0; extern=0; dir=1; type=0; pingpong=0; private_global=0; IO mode=ap_vld:ce=0
Port [ data_70_out]:  wired=1; compound=0; hidden=0; nouse=0; global=0; static=0; extern=0; dir=1; type=0; pingpong=0; private_global=0; IO mode=ap_vld:ce=0
Port [ data_69_out]:  wired=1; compound=0; hidden=0; nouse=0; global=0; static=0; extern=0; dir=1; type=0; pingpong=0; private_global=0; IO mode=ap_vld:ce=0
Port [ data_68_out]:  wired=1; compound=0; hidden=0; nouse=0; global=0; static=0; extern=0; dir=1; type=0; pingpong=0; private_global=0; IO mode=ap_vld:ce=0
Port [ data_67_out]:  wired=1; compound=0; hidden=0; nouse=0; global=0; static=0; extern=0; dir=1; type=0; pingpong=0; private_global=0; IO mode=ap_vld:ce=0
Port [ data_66_out]:  wired=1; compound=0; hidden=0; nouse=0; global=0; static=0; extern=0; dir=1; type=0; pingpong=0; private_global=0; IO mode=ap_vld:ce=0
Port [ data_65_out]:  wired=1; compound=0; hidden=0; nouse=0; global=0; static=0; extern=0; dir=1; type=0; pingpong=0; private_global=0; IO mode=ap_vld:ce=0
Port [ data_64_out]:  wired=1; compound=0; hidden=0; nouse=0; global=0; static=0; extern=0; dir=1; type=0; pingpong=0; private_global=0; IO mode=ap_vld:ce=0
Port [ data_63_out]:  wired=1; compound=0; hidden=0; nouse=0; global=0; static=0; extern=0; dir=1; type=0; pingpong=0; private_global=0; IO mode=ap_vld:ce=0
Port [ data_62_out]:  wired=1; compound=0; hidden=0; nouse=0; global=0; static=0; extern=0; dir=1; type=0; pingpong=0; private_global=0; IO mode=ap_vld:ce=0
Port [ data_61_out]:  wired=1; compound=0; hidden=0; nouse=0; global=0; static=0; extern=0; dir=1; type=0; pingpong=0; private_global=0; IO mode=ap_vld:ce=0
Port [ data_60_out]:  wired=1; compound=0; hidden=0; nouse=0; global=0; static=0; extern=0; dir=1; type=0; pingpong=0; private_global=0; IO mode=ap_vld:ce=0
Port [ data_59_out]:  wired=1; compound=0; hidden=0; nouse=0; global=0; static=0; extern=0; dir=1; type=0; pingpong=0; private_global=0; IO mode=ap_vld:ce=0
Port [ data_58_out]:  wired=1; compound=0; hidden=0; nouse=0; global=0; static=0; extern=0; dir=1; type=0; pingpong=0; private_global=0; IO mode=ap_vld:ce=0
Port [ data_57_out]:  wired=1; compound=0; hidden=0; nouse=0; global=0; static=0; extern=0; dir=1; type=0; pingpong=0; private_global=0; IO mode=ap_vld:ce=0
Port [ data_56_out]:  wired=1; compound=0; hidden=0; nouse=0; global=0; static=0; extern=0; dir=1; type=0; pingpong=0; private_global=0; IO mode=ap_vld:ce=0
Port [ data_55_out]:  wired=1; compound=0; hidden=0; nouse=0; global=0; static=0; extern=0; dir=1; type=0; pingpong=0; private_global=0; IO mode=ap_vld:ce=0
Port [ data_54_out]:  wired=1; compound=0; hidden=0; nouse=0; global=0; static=0; extern=0; dir=1; type=0; pingpong=0; private_global=0; IO mode=ap_vld:ce=0
Port [ data_53_out]:  wired=1; compound=0; hidden=0; nouse=0; global=0; static=0; extern=0; dir=1; type=0; pingpong=0; private_global=0; IO mode=ap_vld:ce=0
Port [ data_52_out]:  wired=1; compound=0; hidden=0; nouse=0; global=0; static=0; extern=0; dir=1; type=0; pingpong=0; private_global=0; IO mode=ap_vld:ce=0
Port [ data_51_out]:  wired=1; compound=0; hidden=0; nouse=0; global=0; static=0; extern=0; dir=1; type=0; pingpong=0; private_global=0; IO mode=ap_vld:ce=0
Port [ data_50_out]:  wired=1; compound=0; hidden=0; nouse=0; global=0; static=0; extern=0; dir=1; type=0; pingpong=0; private_global=0; IO mode=ap_vld:ce=0
Port [ data_49_out]:  wired=1; compound=0; hidden=0; nouse=0; global=0; static=0; extern=0; dir=1; type=0; pingpong=0; private_global=0; IO mode=ap_vld:ce=0
Port [ data_48_out]:  wired=1; compound=0; hidden=0; nouse=0; global=0; static=0; extern=0; dir=1; type=0; pingpong=0; private_global=0; IO mode=ap_vld:ce=0
Port [ data_47_out]:  wired=1; compound=0; hidden=0; nouse=0; global=0; static=0; extern=0; dir=1; type=0; pingpong=0; private_global=0; IO mode=ap_vld:ce=0
Port [ data_46_out]:  wired=1; compound=0; hidden=0; nouse=0; global=0; static=0; extern=0; dir=1; type=0; pingpong=0; private_global=0; IO mode=ap_vld:ce=0
Port [ data_45_out]:  wired=1; compound=0; hidden=0; nouse=0; global=0; static=0; extern=0; dir=1; type=0; pingpong=0; private_global=0; IO mode=ap_vld:ce=0
Port [ data_44_out]:  wired=1; compound=0; hidden=0; nouse=0; global=0; static=0; extern=0; dir=1; type=0; pingpong=0; private_global=0; IO mode=ap_vld:ce=0
Port [ data_43_out]:  wired=1; compound=0; hidden=0; nouse=0; global=0; static=0; extern=0; dir=1; type=0; pingpong=0; private_global=0; IO mode=ap_vld:ce=0
Port [ data_42_out]:  wired=1; compound=0; hidden=0; nouse=0; global=0; static=0; extern=0; dir=1; type=0; pingpong=0; private_global=0; IO mode=ap_vld:ce=0
Port [ data_41_out]:  wired=1; compound=0; hidden=0; nouse=0; global=0; static=0; extern=0; dir=1; type=0; pingpong=0; private_global=0; IO mode=ap_vld:ce=0
Port [ data_40_out]:  wired=1; compound=0; hidden=0; nouse=0; global=0; static=0; extern=0; dir=1; type=0; pingpong=0; private_global=0; IO mode=ap_vld:ce=0
Port [ data_39_out]:  wired=1; compound=0; hidden=0; nouse=0; global=0; static=0; extern=0; dir=1; type=0; pingpong=0; private_global=0; IO mode=ap_vld:ce=0
Port [ data_38_out]:  wired=1; compound=0; hidden=0; nouse=0; global=0; static=0; extern=0; dir=1; type=0; pingpong=0; private_global=0; IO mode=ap_vld:ce=0
Port [ data_37_out]:  wired=1; compound=0; hidden=0; nouse=0; global=0; static=0; extern=0; dir=1; type=0; pingpong=0; private_global=0; IO mode=ap_vld:ce=0
Port [ data_36_out]:  wired=1; compound=0; hidden=0; nouse=0; global=0; static=0; extern=0; dir=1; type=0; pingpong=0; private_global=0; IO mode=ap_vld:ce=0
Port [ data_35_out]:  wired=1; compound=0; hidden=0; nouse=0; global=0; static=0; extern=0; dir=1; type=0; pingpong=0; private_global=0; IO mode=ap_vld:ce=0
Port [ data_34_out]:  wired=1; compound=0; hidden=0; nouse=0; global=0; static=0; extern=0; dir=1; type=0; pingpong=0; private_global=0; IO mode=ap_vld:ce=0
Port [ data_33_out]:  wired=1; compound=0; hidden=0; nouse=0; global=0; static=0; extern=0; dir=1; type=0; pingpong=0; private_global=0; IO mode=ap_vld:ce=0
Port [ data_32_out]:  wired=1; compound=0; hidden=0; nouse=0; global=0; static=0; extern=0; dir=1; type=0; pingpong=0; private_global=0; IO mode=ap_vld:ce=0
Port [ data_31_out]:  wired=1; compound=0; hidden=0; nouse=0; global=0; static=0; extern=0; dir=1; type=0; pingpong=0; private_global=0; IO mode=ap_vld:ce=0
Port [ data_30_out]:  wired=1; compound=0; hidden=0; nouse=0; global=0; static=0; extern=0; dir=1; type=0; pingpong=0; private_global=0; IO mode=ap_vld:ce=0
Port [ data_29_out]:  wired=1; compound=0; hidden=0; nouse=0; global=0; static=0; extern=0; dir=1; type=0; pingpong=0; private_global=0; IO mode=ap_vld:ce=0
Port [ data_28_out]:  wired=1; compound=0; hidden=0; nouse=0; global=0; static=0; extern=0; dir=1; type=0; pingpong=0; private_global=0; IO mode=ap_vld:ce=0
Port [ data_27_out]:  wired=1; compound=0; hidden=0; nouse=0; global=0; static=0; extern=0; dir=1; type=0; pingpong=0; private_global=0; IO mode=ap_vld:ce=0
Port [ data_26_out]:  wired=1; compound=0; hidden=0; nouse=0; global=0; static=0; extern=0; dir=1; type=0; pingpong=0; private_global=0; IO mode=ap_vld:ce=0
Port [ data_25_out]:  wired=1; compound=0; hidden=0; nouse=0; global=0; static=0; extern=0; dir=1; type=0; pingpong=0; private_global=0; IO mode=ap_vld:ce=0
Port [ data_24_out]:  wired=1; compound=0; hidden=0; nouse=0; global=0; static=0; extern=0; dir=1; type=0; pingpong=0; private_global=0; IO mode=ap_vld:ce=0
Port [ data_23_out]:  wired=1; compound=0; hidden=0; nouse=0; global=0; static=0; extern=0; dir=1; type=0; pingpong=0; private_global=0; IO mode=ap_vld:ce=0
Port [ data_22_out]:  wired=1; compound=0; hidden=0; nouse=0; global=0; static=0; extern=0; dir=1; type=0; pingpong=0; private_global=0; IO mode=ap_vld:ce=0
Port [ data_21_out]:  wired=1; compound=0; hidden=0; nouse=0; global=0; static=0; extern=0; dir=1; type=0; pingpong=0; private_global=0; IO mode=ap_vld:ce=0
Port [ data_20_out]:  wired=1; compound=0; hidden=0; nouse=0; global=0; static=0; extern=0; dir=1; type=0; pingpong=0; private_global=0; IO mode=ap_vld:ce=0
Port [ data_19_out]:  wired=1; compound=0; hidden=0; nouse=0; global=0; static=0; extern=0; dir=1; type=0; pingpong=0; private_global=0; IO mode=ap_vld:ce=0
Port [ data_18_out]:  wired=1; compound=0; hidden=0; nouse=0; global=0; static=0; extern=0; dir=1; type=0; pingpong=0; private_global=0; IO mode=ap_vld:ce=0
Port [ data_17_out]:  wired=1; compound=0; hidden=0; nouse=0; global=0; static=0; extern=0; dir=1; type=0; pingpong=0; private_global=0; IO mode=ap_vld:ce=0
Port [ data_16_out]:  wired=1; compound=0; hidden=0; nouse=0; global=0; static=0; extern=0; dir=1; type=0; pingpong=0; private_global=0; IO mode=ap_vld:ce=0
Port [ data_15_out]:  wired=1; compound=0; hidden=0; nouse=0; global=0; static=0; extern=0; dir=1; type=0; pingpong=0; private_global=0; IO mode=ap_vld:ce=0
Port [ data_14_out]:  wired=1; compound=0; hidden=0; nouse=0; global=0; static=0; extern=0; dir=1; type=0; pingpong=0; private_global=0; IO mode=ap_vld:ce=0
Port [ data_13_out]:  wired=1; compound=0; hidden=0; nouse=0; global=0; static=0; extern=0; dir=1; type=0; pingpong=0; private_global=0; IO mode=ap_vld:ce=0
Port [ data_12_out]:  wired=1; compound=0; hidden=0; nouse=0; global=0; static=0; extern=0; dir=1; type=0; pingpong=0; private_global=0; IO mode=ap_vld:ce=0
Port [ data_11_out]:  wired=1; compound=0; hidden=0; nouse=0; global=0; static=0; extern=0; dir=1; type=0; pingpong=0; private_global=0; IO mode=ap_vld:ce=0
Port [ data_10_out]:  wired=1; compound=0; hidden=0; nouse=0; global=0; static=0; extern=0; dir=1; type=0; pingpong=0; private_global=0; IO mode=ap_vld:ce=0
Port [ data_9_out]:  wired=1; compound=0; hidden=0; nouse=0; global=0; static=0; extern=0; dir=1; type=0; pingpong=0; private_global=0; IO mode=ap_vld:ce=0
Port [ data_8_out]:  wired=1; compound=0; hidden=0; nouse=0; global=0; static=0; extern=0; dir=1; type=0; pingpong=0; private_global=0; IO mode=ap_vld:ce=0
Port [ data_7_out]:  wired=1; compound=0; hidden=0; nouse=0; global=0; static=0; extern=0; dir=1; type=0; pingpong=0; private_global=0; IO mode=ap_vld:ce=0
Port [ data_6_out]:  wired=1; compound=0; hidden=0; nouse=0; global=0; static=0; extern=0; dir=1; type=0; pingpong=0; private_global=0; IO mode=ap_vld:ce=0
Port [ data_5_out]:  wired=1; compound=0; hidden=0; nouse=0; global=0; static=0; extern=0; dir=1; type=0; pingpong=0; private_global=0; IO mode=ap_vld:ce=0
Port [ data_4_out]:  wired=1; compound=0; hidden=0; nouse=0; global=0; static=0; extern=0; dir=1; type=0; pingpong=0; private_global=0; IO mode=ap_vld:ce=0
Port [ data_3_out]:  wired=1; compound=0; hidden=0; nouse=0; global=0; static=0; extern=0; dir=1; type=0; pingpong=0; private_global=0; IO mode=ap_vld:ce=0
Port [ data_2_out]:  wired=1; compound=0; hidden=0; nouse=0; global=0; static=0; extern=0; dir=1; type=0; pingpong=0; private_global=0; IO mode=ap_vld:ce=0
Port [ data_1_out]:  wired=1; compound=0; hidden=0; nouse=0; global=0; static=0; extern=0; dir=1; type=0; pingpong=0; private_global=0; IO mode=ap_vld:ce=0
Port [ data_out]:  wired=1; compound=0; hidden=0; nouse=0; global=0; static=0; extern=0; dir=1; type=0; pingpong=0; private_global=0; IO mode=ap_vld:ce=0
---------------- STG Properties END ------------------

---------------- Datapath Model BEGIN ----------------

<LifeTime>
<method=bitvector/>
i_in                   (alloca           ) [ 011]
p_0_7_0_0_03992        (alloca           ) [ 011]
p_0_6_0_0_03974        (alloca           ) [ 011]
p_0_5_0_0_03956        (alloca           ) [ 011]
p_0_4_0_0_03938        (alloca           ) [ 011]
p_0_3_0_0_039110       (alloca           ) [ 011]
p_0_2_0_0_038912       (alloca           ) [ 011]
p_0_1_0_0_038714       (alloca           ) [ 011]
p_0_0_0_0_038516       (alloca           ) [ 011]
p_0_7_0_0_038318       (alloca           ) [ 011]
p_0_6_0_0_038120       (alloca           ) [ 011]
p_0_5_0_0_037922       (alloca           ) [ 011]
p_0_4_0_0_037724       (alloca           ) [ 011]
p_0_3_0_0_037526       (alloca           ) [ 011]
p_0_2_0_0_037328       (alloca           ) [ 011]
p_0_1_0_0_037130       (alloca           ) [ 011]
p_0_0_0_0_036932       (alloca           ) [ 011]
p_0_7_0_0_036734       (alloca           ) [ 011]
p_0_6_0_0_036536       (alloca           ) [ 011]
p_0_5_0_0_036338       (alloca           ) [ 011]
p_0_4_0_0_036140       (alloca           ) [ 011]
p_0_3_0_0_035942       (alloca           ) [ 011]
p_0_2_0_0_035744       (alloca           ) [ 011]
p_0_1_0_0_035546       (alloca           ) [ 011]
p_0_0_0_0_035348       (alloca           ) [ 011]
p_0_7_0_0_035150       (alloca           ) [ 011]
p_0_6_0_0_034952       (alloca           ) [ 011]
p_0_5_0_0_034754       (alloca           ) [ 011]
p_0_4_0_0_034556       (alloca           ) [ 011]
p_0_3_0_0_034358       (alloca           ) [ 011]
p_0_2_0_0_034160       (alloca           ) [ 011]
p_0_1_0_0_033962       (alloca           ) [ 011]
p_0_0_0_0_033764       (alloca           ) [ 011]
p_0_7_0_0_033566       (alloca           ) [ 011]
p_0_6_0_0_033368       (alloca           ) [ 011]
p_0_5_0_0_033170       (alloca           ) [ 011]
p_0_4_0_0_032972       (alloca           ) [ 011]
p_0_3_0_0_032774       (alloca           ) [ 011]
p_0_2_0_0_032576       (alloca           ) [ 011]
p_0_1_0_0_032378       (alloca           ) [ 011]
p_0_0_0_0_032180       (alloca           ) [ 011]
p_0_7_0_0_031982       (alloca           ) [ 011]
p_0_6_0_0_031784       (alloca           ) [ 011]
p_0_5_0_0_031586       (alloca           ) [ 011]
p_0_4_0_0_031388       (alloca           ) [ 011]
p_0_3_0_0_031190       (alloca           ) [ 011]
p_0_2_0_0_030992       (alloca           ) [ 011]
p_0_1_0_0_030794       (alloca           ) [ 011]
p_0_0_0_0_030596       (alloca           ) [ 011]
p_0_7_0_0_030398       (alloca           ) [ 011]
p_0_6_0_0_0301100      (alloca           ) [ 011]
p_0_5_0_0_0299102      (alloca           ) [ 011]
p_0_4_0_0_0297104      (alloca           ) [ 011]
p_0_3_0_0_0295106      (alloca           ) [ 011]
p_0_2_0_0_0293108      (alloca           ) [ 011]
p_0_1_0_0_0291110      (alloca           ) [ 011]
p_0_0_0_0_0289112      (alloca           ) [ 011]
p_0_7_0_0_0287114      (alloca           ) [ 011]
p_0_6_0_0_0285116      (alloca           ) [ 011]
p_0_5_0_0_0283118      (alloca           ) [ 011]
p_0_4_0_0_0281120      (alloca           ) [ 011]
p_0_3_0_0_0279122      (alloca           ) [ 011]
p_0_2_0_0_0277124      (alloca           ) [ 011]
p_0_1_0_0_0275126      (alloca           ) [ 011]
p_0_0_0_0_0273128      (alloca           ) [ 011]
p_0_7_0_0_0271130      (alloca           ) [ 011]
p_0_6_0_0_0269132      (alloca           ) [ 011]
p_0_5_0_0_0267134      (alloca           ) [ 011]
p_0_4_0_0_0265136      (alloca           ) [ 011]
p_0_3_0_0_0263138      (alloca           ) [ 011]
p_0_2_0_0_0261140      (alloca           ) [ 011]
p_0_1_0_0_0259142      (alloca           ) [ 011]
p_0_0_0_0_0257144      (alloca           ) [ 011]
p_0_7_0_0_0255146      (alloca           ) [ 011]
p_0_6_0_0_0253148      (alloca           ) [ 011]
p_0_5_0_0_0251150      (alloca           ) [ 011]
p_0_4_0_0_0249152      (alloca           ) [ 011]
p_0_3_0_0_0247154      (alloca           ) [ 011]
p_0_2_0_0_0245156      (alloca           ) [ 011]
p_0_1_0_0_0243158      (alloca           ) [ 011]
p_0_0_0_0_0241160      (alloca           ) [ 011]
p_0_7_0_0_0239162      (alloca           ) [ 011]
p_0_6_0_0_0237164      (alloca           ) [ 011]
p_0_5_0_0_0235166      (alloca           ) [ 011]
p_0_4_0_0_0233168      (alloca           ) [ 011]
p_0_3_0_0_0231170      (alloca           ) [ 011]
p_0_2_0_0_0229172      (alloca           ) [ 011]
p_0_1_0_0_0227174      (alloca           ) [ 011]
p_0_0_0_0_0225176      (alloca           ) [ 011]
p_0_7_0_0_0223178      (alloca           ) [ 011]
p_0_6_0_0_0221180      (alloca           ) [ 011]
p_0_5_0_0_0219182      (alloca           ) [ 011]
p_0_4_0_0_0217184      (alloca           ) [ 011]
p_0_3_0_0_0215186      (alloca           ) [ 011]
p_0_2_0_0_0213188      (alloca           ) [ 011]
p_0_1_0_0_0211190      (alloca           ) [ 011]
p_0_0_0_0_0209192      (alloca           ) [ 011]
p_0_7_0_0_0207194      (alloca           ) [ 011]
p_0_6_0_0_0205196      (alloca           ) [ 011]
p_0_5_0_0_0203198      (alloca           ) [ 011]
p_0_4_0_0_0201200      (alloca           ) [ 011]
p_0_3_0_0_0199202      (alloca           ) [ 011]
p_0_2_0_0_0197204      (alloca           ) [ 011]
p_0_1_0_0_0195206      (alloca           ) [ 011]
p_0_0_0_0_0193208      (alloca           ) [ 011]
p_0_7_0_0_0191210      (alloca           ) [ 011]
p_0_6_0_0_0189212      (alloca           ) [ 011]
p_0_5_0_0_0187214      (alloca           ) [ 011]
p_0_4_0_0_0185216      (alloca           ) [ 011]
p_0_3_0_0_0183218      (alloca           ) [ 011]
p_0_2_0_0_0181220      (alloca           ) [ 011]
p_0_1_0_0_0179222      (alloca           ) [ 011]
p_0_0_0_0_0177224      (alloca           ) [ 011]
p_0_7_0_0_0175226      (alloca           ) [ 011]
p_0_6_0_0_0173228      (alloca           ) [ 011]
p_0_5_0_0_0171230      (alloca           ) [ 011]
p_0_4_0_0_0169232      (alloca           ) [ 011]
p_0_3_0_0_0167234      (alloca           ) [ 011]
p_0_2_0_0_0165236      (alloca           ) [ 011]
p_0_1_0_0_0163238      (alloca           ) [ 011]
p_0_0_0_0_0161240      (alloca           ) [ 011]
p_0_7_0_0_0159242      (alloca           ) [ 011]
p_0_6_0_0_0157244      (alloca           ) [ 011]
p_0_5_0_0_0155246      (alloca           ) [ 011]
p_0_4_0_0_0153248      (alloca           ) [ 011]
p_0_3_0_0_0151250      (alloca           ) [ 011]
p_0_2_0_0_0149252      (alloca           ) [ 011]
p_0_1_0_0_0147254      (alloca           ) [ 011]
p_0_0_0_0_0145256      (alloca           ) [ 011]
p_0_7_0_0_0143258      (alloca           ) [ 011]
p_0_6_0_0_0141260      (alloca           ) [ 011]
p_0_5_0_0_0139262      (alloca           ) [ 011]
p_0_4_0_0_0137264      (alloca           ) [ 011]
p_0_3_0_0_0135266      (alloca           ) [ 011]
p_0_2_0_0_0133268      (alloca           ) [ 011]
p_0_1_0_0_0131270      (alloca           ) [ 011]
p_0_0_0_0_0129272      (alloca           ) [ 011]
p_0_7_0_0_0127274      (alloca           ) [ 011]
p_0_6_0_0_0125276      (alloca           ) [ 011]
p_0_5_0_0_0123278      (alloca           ) [ 011]
p_0_4_0_0_0121280      (alloca           ) [ 011]
p_0_3_0_0_0119282      (alloca           ) [ 011]
p_0_2_0_0_0117284      (alloca           ) [ 011]
p_0_1_0_0_0115286      (alloca           ) [ 011]
p_0_0_0_0_0113288      (alloca           ) [ 011]
p_0_7_0_0_0111290      (alloca           ) [ 011]
p_0_6_0_0_0109292      (alloca           ) [ 011]
p_0_5_0_0_0107294      (alloca           ) [ 011]
p_0_4_0_0_0105296      (alloca           ) [ 011]
p_0_3_0_0_0103298      (alloca           ) [ 011]
p_0_2_0_0_0101300      (alloca           ) [ 011]
p_0_1_0_0_099302       (alloca           ) [ 011]
p_0_0_0_0_097304       (alloca           ) [ 011]
p_0_7_0_0_095306       (alloca           ) [ 011]
p_0_6_0_0_093308       (alloca           ) [ 011]
p_0_5_0_0_091310       (alloca           ) [ 011]
p_0_4_0_0_089312       (alloca           ) [ 011]
p_0_3_0_0_087314       (alloca           ) [ 011]
p_0_2_0_0_085316       (alloca           ) [ 011]
p_0_1_0_0_083318       (alloca           ) [ 011]
p_0_0_0_0_081320       (alloca           ) [ 011]
p_0_7_0_0_079322       (alloca           ) [ 011]
p_0_6_0_0_077324       (alloca           ) [ 011]
p_0_5_0_0_075326       (alloca           ) [ 011]
p_0_4_0_0_073328       (alloca           ) [ 011]
p_0_3_0_0_071330       (alloca           ) [ 011]
p_0_2_0_0_069332       (alloca           ) [ 011]
p_0_1_0_0_067334       (alloca           ) [ 011]
p_0_0_0_0_065336       (alloca           ) [ 011]
p_0_7_0_0_063338       (alloca           ) [ 011]
p_0_6_0_0_061340       (alloca           ) [ 011]
p_0_5_0_0_059342       (alloca           ) [ 011]
p_0_4_0_0_057344       (alloca           ) [ 011]
p_0_3_0_0_055346       (alloca           ) [ 011]
p_0_2_0_0_053348       (alloca           ) [ 011]
p_0_1_0_0_051350       (alloca           ) [ 011]
p_0_0_0_0_049352       (alloca           ) [ 011]
p_0_7_0_0_047354       (alloca           ) [ 011]
p_0_6_0_0_045356       (alloca           ) [ 011]
p_0_5_0_0_043358       (alloca           ) [ 011]
p_0_4_0_0_041360       (alloca           ) [ 011]
p_0_3_0_0_039362       (alloca           ) [ 011]
p_0_2_0_0_037364       (alloca           ) [ 011]
p_0_1_0_0_035366       (alloca           ) [ 011]
p_0_0_0_0_033368       (alloca           ) [ 011]
p_0_7_0_0_031370       (alloca           ) [ 011]
p_0_6_0_0_029372       (alloca           ) [ 011]
p_0_5_0_0_027374       (alloca           ) [ 011]
p_0_4_0_0_025376       (alloca           ) [ 011]
p_0_3_0_0_023378       (alloca           ) [ 011]
p_0_2_0_0_021380       (alloca           ) [ 011]
p_0_1_0_0_019382       (alloca           ) [ 011]
p_0_0_0_0_017384       (alloca           ) [ 011]
p_0_7_0_0_015386       (alloca           ) [ 011]
p_0_6_0_0_013388       (alloca           ) [ 011]
p_0_5_0_0_011390       (alloca           ) [ 011]
p_0_4_0_0_09392        (alloca           ) [ 011]
p_0_3_0_0_07394        (alloca           ) [ 011]
p_0_2_0_0_05396        (alloca           ) [ 011]
p_0_1_0_0_03398        (alloca           ) [ 011]
p_0_0_0_0_01400        (alloca           ) [ 011]
specinterface_ln0      (specinterface    ) [ 000]
store_ln33             (store            ) [ 000]
br_ln33                (br               ) [ 000]
i_in_1                 (load             ) [ 011]
specpipeline_ln34      (specpipeline     ) [ 000]
speclooptripcount_ln33 (speclooptripcount) [ 000]
specloopname_ln33      (specloopname     ) [ 000]
layer16_out_read       (read             ) [ 000]
trunc_ln35             (trunc            ) [ 000]
trunc_ln35_1           (partselect       ) [ 000]
trunc_ln35_2           (partselect       ) [ 000]
trunc_ln35_3           (partselect       ) [ 000]
trunc_ln35_4           (partselect       ) [ 000]
trunc_ln35_5           (partselect       ) [ 000]
trunc_ln35_6           (partselect       ) [ 000]
trunc_ln35_7           (partselect       ) [ 000]
i_in_3                 (add              ) [ 000]
switch_ln39            (switch           ) [ 000]
store_ln35             (store            ) [ 000]
store_ln35             (store            ) [ 000]
store_ln35             (store            ) [ 000]
store_ln35             (store            ) [ 000]
store_ln35             (store            ) [ 000]
store_ln35             (store            ) [ 000]
store_ln35             (store            ) [ 000]
store_ln35             (store            ) [ 000]
br_ln39                (br               ) [ 000]
store_ln35             (store            ) [ 000]
store_ln35             (store            ) [ 000]
store_ln35             (store            ) [ 000]
store_ln35             (store            ) [ 000]
store_ln35             (store            ) [ 000]
store_ln35             (store            ) [ 000]
store_ln35             (store            ) [ 000]
store_ln35             (store            ) [ 000]
br_ln39                (br               ) [ 000]
store_ln35             (store            ) [ 000]
store_ln35             (store            ) [ 000]
store_ln35             (store            ) [ 000]
store_ln35             (store            ) [ 000]
store_ln35             (store            ) [ 000]
store_ln35             (store            ) [ 000]
store_ln35             (store            ) [ 000]
store_ln35             (store            ) [ 000]
br_ln39                (br               ) [ 000]
store_ln35             (store            ) [ 000]
store_ln35             (store            ) [ 000]
store_ln35             (store            ) [ 000]
store_ln35             (store            ) [ 000]
store_ln35             (store            ) [ 000]
store_ln35             (store            ) [ 000]
store_ln35             (store            ) [ 000]
store_ln35             (store            ) [ 000]
br_ln39                (br               ) [ 000]
store_ln35             (store            ) [ 000]
store_ln35             (store            ) [ 000]
store_ln35             (store            ) [ 000]
store_ln35             (store            ) [ 000]
store_ln35             (store            ) [ 000]
store_ln35             (store            ) [ 000]
store_ln35             (store            ) [ 000]
store_ln35             (store            ) [ 000]
br_ln39                (br               ) [ 000]
store_ln35             (store            ) [ 000]
store_ln35             (store            ) [ 000]
store_ln35             (store            ) [ 000]
store_ln35             (store            ) [ 000]
store_ln35             (store            ) [ 000]
store_ln35             (store            ) [ 000]
store_ln35             (store            ) [ 000]
store_ln35             (store            ) [ 000]
br_ln39                (br               ) [ 000]
store_ln35             (store            ) [ 000]
store_ln35             (store            ) [ 000]
store_ln35             (store            ) [ 000]
store_ln35             (store            ) [ 000]
store_ln35             (store            ) [ 000]
store_ln35             (store            ) [ 000]
store_ln35             (store            ) [ 000]
store_ln35             (store            ) [ 000]
br_ln39                (br               ) [ 000]
store_ln35             (store            ) [ 000]
store_ln35             (store            ) [ 000]
store_ln35             (store            ) [ 000]
store_ln35             (store            ) [ 000]
store_ln35             (store            ) [ 000]
store_ln35             (store            ) [ 000]
store_ln35             (store            ) [ 000]
store_ln35             (store            ) [ 000]
br_ln39                (br               ) [ 000]
store_ln35             (store            ) [ 000]
store_ln35             (store            ) [ 000]
store_ln35             (store            ) [ 000]
store_ln35             (store            ) [ 000]
store_ln35             (store            ) [ 000]
store_ln35             (store            ) [ 000]
store_ln35             (store            ) [ 000]
store_ln35             (store            ) [ 000]
br_ln39                (br               ) [ 000]
store_ln35             (store            ) [ 000]
store_ln35             (store            ) [ 000]
store_ln35             (store            ) [ 000]
store_ln35             (store            ) [ 000]
store_ln35             (store            ) [ 000]
store_ln35             (store            ) [ 000]
store_ln35             (store            ) [ 000]
store_ln35             (store            ) [ 000]
br_ln39                (br               ) [ 000]
store_ln35             (store            ) [ 000]
store_ln35             (store            ) [ 000]
store_ln35             (store            ) [ 000]
store_ln35             (store            ) [ 000]
store_ln35             (store            ) [ 000]
store_ln35             (store            ) [ 000]
store_ln35             (store            ) [ 000]
store_ln35             (store            ) [ 000]
br_ln39                (br               ) [ 000]
store_ln35             (store            ) [ 000]
store_ln35             (store            ) [ 000]
store_ln35             (store            ) [ 000]
store_ln35             (store            ) [ 000]
store_ln35             (store            ) [ 000]
store_ln35             (store            ) [ 000]
store_ln35             (store            ) [ 000]
store_ln35             (store            ) [ 000]
br_ln39                (br               ) [ 000]
store_ln35             (store            ) [ 000]
store_ln35             (store            ) [ 000]
store_ln35             (store            ) [ 000]
store_ln35             (store            ) [ 000]
store_ln35             (store            ) [ 000]
store_ln35             (store            ) [ 000]
store_ln35             (store            ) [ 000]
store_ln35             (store            ) [ 000]
br_ln39                (br               ) [ 000]
store_ln35             (store            ) [ 000]
store_ln35             (store            ) [ 000]
store_ln35             (store            ) [ 000]
store_ln35             (store            ) [ 000]
store_ln35             (store            ) [ 000]
store_ln35             (store            ) [ 000]
store_ln35             (store            ) [ 000]
store_ln35             (store            ) [ 000]
br_ln39                (br               ) [ 000]
store_ln35             (store            ) [ 000]
store_ln35             (store            ) [ 000]
store_ln35             (store            ) [ 000]
store_ln35             (store            ) [ 000]
store_ln35             (store            ) [ 000]
store_ln35             (store            ) [ 000]
store_ln35             (store            ) [ 000]
store_ln35             (store            ) [ 000]
br_ln39                (br               ) [ 000]
store_ln35             (store            ) [ 000]
store_ln35             (store            ) [ 000]
store_ln35             (store            ) [ 000]
store_ln35             (store            ) [ 000]
store_ln35             (store            ) [ 000]
store_ln35             (store            ) [ 000]
store_ln35             (store            ) [ 000]
store_ln35             (store            ) [ 000]
br_ln39                (br               ) [ 000]
store_ln35             (store            ) [ 000]
store_ln35             (store            ) [ 000]
store_ln35             (store            ) [ 000]
store_ln35             (store            ) [ 000]
store_ln35             (store            ) [ 000]
store_ln35             (store            ) [ 000]
store_ln35             (store            ) [ 000]
store_ln35             (store            ) [ 000]
br_ln39                (br               ) [ 000]
store_ln35             (store            ) [ 000]
store_ln35             (store            ) [ 000]
store_ln35             (store            ) [ 000]
store_ln35             (store            ) [ 000]
store_ln35             (store            ) [ 000]
store_ln35             (store            ) [ 000]
store_ln35             (store            ) [ 000]
store_ln35             (store            ) [ 000]
br_ln39                (br               ) [ 000]
store_ln35             (store            ) [ 000]
store_ln35             (store            ) [ 000]
store_ln35             (store            ) [ 000]
store_ln35             (store            ) [ 000]
store_ln35             (store            ) [ 000]
store_ln35             (store            ) [ 000]
store_ln35             (store            ) [ 000]
store_ln35             (store            ) [ 000]
br_ln39                (br               ) [ 000]
store_ln35             (store            ) [ 000]
store_ln35             (store            ) [ 000]
store_ln35             (store            ) [ 000]
store_ln35             (store            ) [ 000]
store_ln35             (store            ) [ 000]
store_ln35             (store            ) [ 000]
store_ln35             (store            ) [ 000]
store_ln35             (store            ) [ 000]
br_ln39                (br               ) [ 000]
store_ln35             (store            ) [ 000]
store_ln35             (store            ) [ 000]
store_ln35             (store            ) [ 000]
store_ln35             (store            ) [ 000]
store_ln35             (store            ) [ 000]
store_ln35             (store            ) [ 000]
store_ln35             (store            ) [ 000]
store_ln35             (store            ) [ 000]
br_ln39                (br               ) [ 000]
store_ln35             (store            ) [ 000]
store_ln35             (store            ) [ 000]
store_ln35             (store            ) [ 000]
store_ln35             (store            ) [ 000]
store_ln35             (store            ) [ 000]
store_ln35             (store            ) [ 000]
store_ln35             (store            ) [ 000]
store_ln35             (store            ) [ 000]
br_ln39                (br               ) [ 000]
store_ln35             (store            ) [ 000]
store_ln35             (store            ) [ 000]
store_ln35             (store            ) [ 000]
store_ln35             (store            ) [ 000]
store_ln35             (store            ) [ 000]
store_ln35             (store            ) [ 000]
store_ln35             (store            ) [ 000]
store_ln35             (store            ) [ 000]
br_ln39                (br               ) [ 000]
store_ln35             (store            ) [ 000]
store_ln35             (store            ) [ 000]
store_ln35             (store            ) [ 000]
store_ln35             (store            ) [ 000]
store_ln35             (store            ) [ 000]
store_ln35             (store            ) [ 000]
store_ln35             (store            ) [ 000]
store_ln35             (store            ) [ 000]
br_ln39                (br               ) [ 000]
store_ln35             (store            ) [ 000]
store_ln35             (store            ) [ 000]
store_ln35             (store            ) [ 000]
store_ln35             (store            ) [ 000]
store_ln35             (store            ) [ 000]
store_ln35             (store            ) [ 000]
store_ln35             (store            ) [ 000]
store_ln35             (store            ) [ 000]
br_ln39                (br               ) [ 000]
icmp_ln33              (icmp             ) [ 011]
store_ln33             (store            ) [ 000]
br_ln33                (br               ) [ 000]
p_0_7_0_0_03992_load   (load             ) [ 000]
p_0_6_0_0_03974_load   (load             ) [ 000]
p_0_5_0_0_03956_load   (load             ) [ 000]
p_0_4_0_0_03938_load   (load             ) [ 000]
p_0_3_0_0_039110_load  (load             ) [ 000]
p_0_2_0_0_038912_load  (load             ) [ 000]
p_0_1_0_0_038714_load  (load             ) [ 000]
p_0_0_0_0_038516_load  (load             ) [ 000]
p_0_7_0_0_038318_load  (load             ) [ 000]
p_0_6_0_0_038120_load  (load             ) [ 000]
p_0_5_0_0_037922_load  (load             ) [ 000]
p_0_4_0_0_037724_load  (load             ) [ 000]
p_0_3_0_0_037526_load  (load             ) [ 000]
p_0_2_0_0_037328_load  (load             ) [ 000]
p_0_1_0_0_037130_load  (load             ) [ 000]
p_0_0_0_0_036932_load  (load             ) [ 000]
p_0_7_0_0_036734_load  (load             ) [ 000]
p_0_6_0_0_036536_load  (load             ) [ 000]
p_0_5_0_0_036338_load  (load             ) [ 000]
p_0_4_0_0_036140_load  (load             ) [ 000]
p_0_3_0_0_035942_load  (load             ) [ 000]
p_0_2_0_0_035744_load  (load             ) [ 000]
p_0_1_0_0_035546_load  (load             ) [ 000]
p_0_0_0_0_035348_load  (load             ) [ 000]
p_0_7_0_0_035150_load  (load             ) [ 000]
p_0_6_0_0_034952_load  (load             ) [ 000]
p_0_5_0_0_034754_load  (load             ) [ 000]
p_0_4_0_0_034556_load  (load             ) [ 000]
p_0_3_0_0_034358_load  (load             ) [ 000]
p_0_2_0_0_034160_load  (load             ) [ 000]
p_0_1_0_0_033962_load  (load             ) [ 000]
p_0_0_0_0_033764_load  (load             ) [ 000]
p_0_7_0_0_033566_load  (load             ) [ 000]
p_0_6_0_0_033368_load  (load             ) [ 000]
p_0_5_0_0_033170_load  (load             ) [ 000]
p_0_4_0_0_032972_load  (load             ) [ 000]
p_0_3_0_0_032774_load  (load             ) [ 000]
p_0_2_0_0_032576_load  (load             ) [ 000]
p_0_1_0_0_032378_load  (load             ) [ 000]
p_0_0_0_0_032180_load  (load             ) [ 000]
p_0_7_0_0_031982_load  (load             ) [ 000]
p_0_6_0_0_031784_load  (load             ) [ 000]
p_0_5_0_0_031586_load  (load             ) [ 000]
p_0_4_0_0_031388_load  (load             ) [ 000]
p_0_3_0_0_031190_load  (load             ) [ 000]
p_0_2_0_0_030992_load  (load             ) [ 000]
p_0_1_0_0_030794_load  (load             ) [ 000]
p_0_0_0_0_030596_load  (load             ) [ 000]
p_0_7_0_0_030398_load  (load             ) [ 000]
p_0_6_0_0_0301100_load (load             ) [ 000]
p_0_5_0_0_0299102_load (load             ) [ 000]
p_0_4_0_0_0297104_load (load             ) [ 000]
p_0_3_0_0_0295106_load (load             ) [ 000]
p_0_2_0_0_0293108_load (load             ) [ 000]
p_0_1_0_0_0291110_load (load             ) [ 000]
p_0_0_0_0_0289112_load (load             ) [ 000]
p_0_7_0_0_0287114_load (load             ) [ 000]
p_0_6_0_0_0285116_load (load             ) [ 000]
p_0_5_0_0_0283118_load (load             ) [ 000]
p_0_4_0_0_0281120_load (load             ) [ 000]
p_0_3_0_0_0279122_load (load             ) [ 000]
p_0_2_0_0_0277124_load (load             ) [ 000]
p_0_1_0_0_0275126_load (load             ) [ 000]
p_0_0_0_0_0273128_load (load             ) [ 000]
p_0_7_0_0_0271130_load (load             ) [ 000]
p_0_6_0_0_0269132_load (load             ) [ 000]
p_0_5_0_0_0267134_load (load             ) [ 000]
p_0_4_0_0_0265136_load (load             ) [ 000]
p_0_3_0_0_0263138_load (load             ) [ 000]
p_0_2_0_0_0261140_load (load             ) [ 000]
p_0_1_0_0_0259142_load (load             ) [ 000]
p_0_0_0_0_0257144_load (load             ) [ 000]
p_0_7_0_0_0255146_load (load             ) [ 000]
p_0_6_0_0_0253148_load (load             ) [ 000]
p_0_5_0_0_0251150_load (load             ) [ 000]
p_0_4_0_0_0249152_load (load             ) [ 000]
p_0_3_0_0_0247154_load (load             ) [ 000]
p_0_2_0_0_0245156_load (load             ) [ 000]
p_0_1_0_0_0243158_load (load             ) [ 000]
p_0_0_0_0_0241160_load (load             ) [ 000]
p_0_7_0_0_0239162_load (load             ) [ 000]
p_0_6_0_0_0237164_load (load             ) [ 000]
p_0_5_0_0_0235166_load (load             ) [ 000]
p_0_4_0_0_0233168_load (load             ) [ 000]
p_0_3_0_0_0231170_load (load             ) [ 000]
p_0_2_0_0_0229172_load (load             ) [ 000]
p_0_1_0_0_0227174_load (load             ) [ 000]
p_0_0_0_0_0225176_load (load             ) [ 000]
p_0_7_0_0_0223178_load (load             ) [ 000]
p_0_6_0_0_0221180_load (load             ) [ 000]
p_0_5_0_0_0219182_load (load             ) [ 000]
p_0_4_0_0_0217184_load (load             ) [ 000]
p_0_3_0_0_0215186_load (load             ) [ 000]
p_0_2_0_0_0213188_load (load             ) [ 000]
p_0_1_0_0_0211190_load (load             ) [ 000]
p_0_0_0_0_0209192_load (load             ) [ 000]
p_0_7_0_0_0207194_load (load             ) [ 000]
p_0_6_0_0_0205196_load (load             ) [ 000]
p_0_5_0_0_0203198_load (load             ) [ 000]
p_0_4_0_0_0201200_load (load             ) [ 000]
p_0_3_0_0_0199202_load (load             ) [ 000]
p_0_2_0_0_0197204_load (load             ) [ 000]
p_0_1_0_0_0195206_load (load             ) [ 000]
p_0_0_0_0_0193208_load (load             ) [ 000]
p_0_7_0_0_0191210_load (load             ) [ 000]
p_0_6_0_0_0189212_load (load             ) [ 000]
p_0_5_0_0_0187214_load (load             ) [ 000]
p_0_4_0_0_0185216_load (load             ) [ 000]
p_0_3_0_0_0183218_load (load             ) [ 000]
p_0_2_0_0_0181220_load (load             ) [ 000]
p_0_1_0_0_0179222_load (load             ) [ 000]
p_0_0_0_0_0177224_load (load             ) [ 000]
p_0_7_0_0_0175226_load (load             ) [ 000]
p_0_6_0_0_0173228_load (load             ) [ 000]
p_0_5_0_0_0171230_load (load             ) [ 000]
p_0_4_0_0_0169232_load (load             ) [ 000]
p_0_3_0_0_0167234_load (load             ) [ 000]
p_0_2_0_0_0165236_load (load             ) [ 000]
p_0_1_0_0_0163238_load (load             ) [ 000]
p_0_0_0_0_0161240_load (load             ) [ 000]
p_0_7_0_0_0159242_load (load             ) [ 000]
p_0_6_0_0_0157244_load (load             ) [ 000]
p_0_5_0_0_0155246_load (load             ) [ 000]
p_0_4_0_0_0153248_load (load             ) [ 000]
p_0_3_0_0_0151250_load (load             ) [ 000]
p_0_2_0_0_0149252_load (load             ) [ 000]
p_0_1_0_0_0147254_load (load             ) [ 000]
p_0_0_0_0_0145256_load (load             ) [ 000]
p_0_7_0_0_0143258_load (load             ) [ 000]
p_0_6_0_0_0141260_load (load             ) [ 000]
p_0_5_0_0_0139262_load (load             ) [ 000]
p_0_4_0_0_0137264_load (load             ) [ 000]
p_0_3_0_0_0135266_load (load             ) [ 000]
p_0_2_0_0_0133268_load (load             ) [ 000]
p_0_1_0_0_0131270_load (load             ) [ 000]
p_0_0_0_0_0129272_load (load             ) [ 000]
p_0_7_0_0_0127274_load (load             ) [ 000]
p_0_6_0_0_0125276_load (load             ) [ 000]
p_0_5_0_0_0123278_load (load             ) [ 000]
p_0_4_0_0_0121280_load (load             ) [ 000]
p_0_3_0_0_0119282_load (load             ) [ 000]
p_0_2_0_0_0117284_load (load             ) [ 000]
p_0_1_0_0_0115286_load (load             ) [ 000]
p_0_0_0_0_0113288_load (load             ) [ 000]
p_0_7_0_0_0111290_load (load             ) [ 000]
p_0_6_0_0_0109292_load (load             ) [ 000]
p_0_5_0_0_0107294_load (load             ) [ 000]
p_0_4_0_0_0105296_load (load             ) [ 000]
p_0_3_0_0_0103298_load (load             ) [ 000]
p_0_2_0_0_0101300_load (load             ) [ 000]
p_0_1_0_0_099302_load  (load             ) [ 000]
p_0_0_0_0_097304_load  (load             ) [ 000]
p_0_7_0_0_095306_load  (load             ) [ 000]
p_0_6_0_0_093308_load  (load             ) [ 000]
p_0_5_0_0_091310_load  (load             ) [ 000]
p_0_4_0_0_089312_load  (load             ) [ 000]
p_0_3_0_0_087314_load  (load             ) [ 000]
p_0_2_0_0_085316_load  (load             ) [ 000]
p_0_1_0_0_083318_load  (load             ) [ 000]
p_0_0_0_0_081320_load  (load             ) [ 000]
p_0_7_0_0_079322_load  (load             ) [ 000]
p_0_6_0_0_077324_load  (load             ) [ 000]
p_0_5_0_0_075326_load  (load             ) [ 000]
p_0_4_0_0_073328_load  (load             ) [ 000]
p_0_3_0_0_071330_load  (load             ) [ 000]
p_0_2_0_0_069332_load  (load             ) [ 000]
p_0_1_0_0_067334_load  (load             ) [ 000]
p_0_0_0_0_065336_load  (load             ) [ 000]
p_0_7_0_0_063338_load  (load             ) [ 000]
p_0_6_0_0_061340_load  (load             ) [ 000]
p_0_5_0_0_059342_load  (load             ) [ 000]
p_0_4_0_0_057344_load  (load             ) [ 000]
p_0_3_0_0_055346_load  (load             ) [ 000]
p_0_2_0_0_053348_load  (load             ) [ 000]
p_0_1_0_0_051350_load  (load             ) [ 000]
p_0_0_0_0_049352_load  (load             ) [ 000]
p_0_7_0_0_047354_load  (load             ) [ 000]
p_0_6_0_0_045356_load  (load             ) [ 000]
p_0_5_0_0_043358_load  (load             ) [ 000]
p_0_4_0_0_041360_load  (load             ) [ 000]
p_0_3_0_0_039362_load  (load             ) [ 000]
p_0_2_0_0_037364_load  (load             ) [ 000]
p_0_1_0_0_035366_load  (load             ) [ 000]
p_0_0_0_0_033368_load  (load             ) [ 000]
p_0_7_0_0_031370_load  (load             ) [ 000]
p_0_6_0_0_029372_load  (load             ) [ 000]
p_0_5_0_0_027374_load  (load             ) [ 000]
p_0_4_0_0_025376_load  (load             ) [ 000]
p_0_3_0_0_023378_load  (load             ) [ 000]
p_0_2_0_0_021380_load  (load             ) [ 000]
p_0_1_0_0_019382_load  (load             ) [ 000]
p_0_0_0_0_017384_load  (load             ) [ 000]
p_0_7_0_0_015386_load  (load             ) [ 000]
p_0_6_0_0_013388_load  (load             ) [ 000]
p_0_5_0_0_011390_load  (load             ) [ 000]
p_0_4_0_0_09392_load   (load             ) [ 000]
p_0_3_0_0_07394_load   (load             ) [ 000]
p_0_2_0_0_05396_load   (load             ) [ 000]
p_0_1_0_0_03398_load   (load             ) [ 000]
p_0_0_0_0_01400_load   (load             ) [ 000]
write_ln0              (write            ) [ 000]
write_ln0              (write            ) [ 000]
write_ln0              (write            ) [ 000]
write_ln0              (write            ) [ 000]
write_ln0              (write            ) [ 000]
write_ln0              (write            ) [ 000]
write_ln0              (write            ) [ 000]
write_ln0              (write            ) [ 000]
write_ln0              (write            ) [ 000]
write_ln0              (write            ) [ 000]
write_ln0              (write            ) [ 000]
write_ln0              (write            ) [ 000]
write_ln0              (write            ) [ 000]
write_ln0              (write            ) [ 000]
write_ln0              (write            ) [ 000]
write_ln0              (write            ) [ 000]
write_ln0              (write            ) [ 000]
write_ln0              (write            ) [ 000]
write_ln0              (write            ) [ 000]
write_ln0              (write            ) [ 000]
write_ln0              (write            ) [ 000]
write_ln0              (write            ) [ 000]
write_ln0              (write            ) [ 000]
write_ln0              (write            ) [ 000]
write_ln0              (write            ) [ 000]
write_ln0              (write            ) [ 000]
write_ln0              (write            ) [ 000]
write_ln0              (write            ) [ 000]
write_ln0              (write            ) [ 000]
write_ln0              (write            ) [ 000]
write_ln0              (write            ) [ 000]
write_ln0              (write            ) [ 000]
write_ln0              (write            ) [ 000]
write_ln0              (write            ) [ 000]
write_ln0              (write            ) [ 000]
write_ln0              (write            ) [ 000]
write_ln0              (write            ) [ 000]
write_ln0              (write            ) [ 000]
write_ln0              (write            ) [ 000]
write_ln0              (write            ) [ 000]
write_ln0              (write            ) [ 000]
write_ln0              (write            ) [ 000]
write_ln0              (write            ) [ 000]
write_ln0              (write            ) [ 000]
write_ln0              (write            ) [ 000]
write_ln0              (write            ) [ 000]
write_ln0              (write            ) [ 000]
write_ln0              (write            ) [ 000]
write_ln0              (write            ) [ 000]
write_ln0              (write            ) [ 000]
write_ln0              (write            ) [ 000]
write_ln0              (write            ) [ 000]
write_ln0              (write            ) [ 000]
write_ln0              (write            ) [ 000]
write_ln0              (write            ) [ 000]
write_ln0              (write            ) [ 000]
write_ln0              (write            ) [ 000]
write_ln0              (write            ) [ 000]
write_ln0              (write            ) [ 000]
write_ln0              (write            ) [ 000]
write_ln0              (write            ) [ 000]
write_ln0              (write            ) [ 000]
write_ln0              (write            ) [ 000]
write_ln0              (write            ) [ 000]
write_ln0              (write            ) [ 000]
write_ln0              (write            ) [ 000]
write_ln0              (write            ) [ 000]
write_ln0              (write            ) [ 000]
write_ln0              (write            ) [ 000]
write_ln0              (write            ) [ 000]
write_ln0              (write            ) [ 000]
write_ln0              (write            ) [ 000]
write_ln0              (write            ) [ 000]
write_ln0              (write            ) [ 000]
write_ln0              (write            ) [ 000]
write_ln0              (write            ) [ 000]
write_ln0              (write            ) [ 000]
write_ln0              (write            ) [ 000]
write_ln0              (write            ) [ 000]
write_ln0              (write            ) [ 000]
write_ln0              (write            ) [ 000]
write_ln0              (write            ) [ 000]
write_ln0              (write            ) [ 000]
write_ln0              (write            ) [ 000]
write_ln0              (write            ) [ 000]
write_ln0              (write            ) [ 000]
write_ln0              (write            ) [ 000]
write_ln0              (write            ) [ 000]
write_ln0              (write            ) [ 000]
write_ln0              (write            ) [ 000]
write_ln0              (write            ) [ 000]
write_ln0              (write            ) [ 000]
write_ln0              (write            ) [ 000]
write_ln0              (write            ) [ 000]
write_ln0              (write            ) [ 000]
write_ln0              (write            ) [ 000]
write_ln0              (write            ) [ 000]
write_ln0              (write            ) [ 000]
write_ln0              (write            ) [ 000]
write_ln0              (write            ) [ 000]
write_ln0              (write            ) [ 000]
write_ln0              (write            ) [ 000]
write_ln0              (write            ) [ 000]
write_ln0              (write            ) [ 000]
write_ln0              (write            ) [ 000]
write_ln0              (write            ) [ 000]
write_ln0              (write            ) [ 000]
write_ln0              (write            ) [ 000]
write_ln0              (write            ) [ 000]
write_ln0              (write            ) [ 000]
write_ln0              (write            ) [ 000]
write_ln0              (write            ) [ 000]
write_ln0              (write            ) [ 000]
write_ln0              (write            ) [ 000]
write_ln0              (write            ) [ 000]
write_ln0              (write            ) [ 000]
write_ln0              (write            ) [ 000]
write_ln0              (write            ) [ 000]
write_ln0              (write            ) [ 000]
write_ln0              (write            ) [ 000]
write_ln0              (write            ) [ 000]
write_ln0              (write            ) [ 000]
write_ln0              (write            ) [ 000]
write_ln0              (write            ) [ 000]
write_ln0              (write            ) [ 000]
write_ln0              (write            ) [ 000]
write_ln0              (write            ) [ 000]
write_ln0              (write            ) [ 000]
write_ln0              (write            ) [ 000]
write_ln0              (write            ) [ 000]
write_ln0              (write            ) [ 000]
write_ln0              (write            ) [ 000]
write_ln0              (write            ) [ 000]
write_ln0              (write            ) [ 000]
write_ln0              (write            ) [ 000]
write_ln0              (write            ) [ 000]
write_ln0              (write            ) [ 000]
write_ln0              (write            ) [ 000]
write_ln0              (write            ) [ 000]
write_ln0              (write            ) [ 000]
write_ln0              (write            ) [ 000]
write_ln0              (write            ) [ 000]
write_ln0              (write            ) [ 000]
write_ln0              (write            ) [ 000]
write_ln0              (write            ) [ 000]
write_ln0              (write            ) [ 000]
write_ln0              (write            ) [ 000]
write_ln0              (write            ) [ 000]
write_ln0              (write            ) [ 000]
write_ln0              (write            ) [ 000]
write_ln0              (write            ) [ 000]
write_ln0              (write            ) [ 000]
write_ln0              (write            ) [ 000]
write_ln0              (write            ) [ 000]
write_ln0              (write            ) [ 000]
write_ln0              (write            ) [ 000]
write_ln0              (write            ) [ 000]
write_ln0              (write            ) [ 000]
write_ln0              (write            ) [ 000]
write_ln0              (write            ) [ 000]
write_ln0              (write            ) [ 000]
write_ln0              (write            ) [ 000]
write_ln0              (write            ) [ 000]
write_ln0              (write            ) [ 000]
write_ln0              (write            ) [ 000]
write_ln0              (write            ) [ 000]
write_ln0              (write            ) [ 000]
write_ln0              (write            ) [ 000]
write_ln0              (write            ) [ 000]
write_ln0              (write            ) [ 000]
write_ln0              (write            ) [ 000]
write_ln0              (write            ) [ 000]
write_ln0              (write            ) [ 000]
write_ln0              (write            ) [ 000]
write_ln0              (write            ) [ 000]
write_ln0              (write            ) [ 000]
write_ln0              (write            ) [ 000]
write_ln0              (write            ) [ 000]
write_ln0              (write            ) [ 000]
write_ln0              (write            ) [ 000]
write_ln0              (write            ) [ 000]
write_ln0              (write            ) [ 000]
write_ln0              (write            ) [ 000]
write_ln0              (write            ) [ 000]
write_ln0              (write            ) [ 000]
write_ln0              (write            ) [ 000]
write_ln0              (write            ) [ 000]
write_ln0              (write            ) [ 000]
write_ln0              (write            ) [ 000]
write_ln0              (write            ) [ 000]
write_ln0              (write            ) [ 000]
write_ln0              (write            ) [ 000]
write_ln0              (write            ) [ 000]
write_ln0              (write            ) [ 000]
write_ln0              (write            ) [ 000]
write_ln0              (write            ) [ 000]
write_ln0              (write            ) [ 000]
write_ln0              (write            ) [ 000]
write_ln0              (write            ) [ 000]
write_ln0              (write            ) [ 000]
ret_ln0                (ret              ) [ 000]
</LifeTime>

<model>

<comp_list>
<comp id="0" class="1000" name="layer16_out">
<pin_list>
<pin id="1" dir="1" index="0" bw="1" slack="0"/>
</pin_list>
<bind>
<StgValue><ssdm name="layer16_out"/></StgValue>
</bind>
</comp>

<comp id="2" class="1000" name="data_199_out">
<pin_list>
<pin id="3" dir="1" index="0" bw="1" slack="0"/>
</pin_list>
<bind>
<StgValue><ssdm name="data_199_out"/></StgValue>
</bind>
</comp>

<comp id="4" class="1000" name="data_198_out">
<pin_list>
<pin id="5" dir="1" index="0" bw="1" slack="0"/>
</pin_list>
<bind>
<StgValue><ssdm name="data_198_out"/></StgValue>
</bind>
</comp>

<comp id="6" class="1000" name="data_197_out">
<pin_list>
<pin id="7" dir="1" index="0" bw="1" slack="0"/>
</pin_list>
<bind>
<StgValue><ssdm name="data_197_out"/></StgValue>
</bind>
</comp>

<comp id="8" class="1000" name="data_196_out">
<pin_list>
<pin id="9" dir="1" index="0" bw="1" slack="0"/>
</pin_list>
<bind>
<StgValue><ssdm name="data_196_out"/></StgValue>
</bind>
</comp>

<comp id="10" class="1000" name="data_195_out">
<pin_list>
<pin id="11" dir="1" index="0" bw="1" slack="0"/>
</pin_list>
<bind>
<StgValue><ssdm name="data_195_out"/></StgValue>
</bind>
</comp>

<comp id="12" class="1000" name="data_194_out">
<pin_list>
<pin id="13" dir="1" index="0" bw="1" slack="0"/>
</pin_list>
<bind>
<StgValue><ssdm name="data_194_out"/></StgValue>
</bind>
</comp>

<comp id="14" class="1000" name="data_193_out">
<pin_list>
<pin id="15" dir="1" index="0" bw="1" slack="0"/>
</pin_list>
<bind>
<StgValue><ssdm name="data_193_out"/></StgValue>
</bind>
</comp>

<comp id="16" class="1000" name="data_192_out">
<pin_list>
<pin id="17" dir="1" index="0" bw="1" slack="0"/>
</pin_list>
<bind>
<StgValue><ssdm name="data_192_out"/></StgValue>
</bind>
</comp>

<comp id="18" class="1000" name="data_191_out">
<pin_list>
<pin id="19" dir="1" index="0" bw="1" slack="0"/>
</pin_list>
<bind>
<StgValue><ssdm name="data_191_out"/></StgValue>
</bind>
</comp>

<comp id="20" class="1000" name="data_190_out">
<pin_list>
<pin id="21" dir="1" index="0" bw="1" slack="0"/>
</pin_list>
<bind>
<StgValue><ssdm name="data_190_out"/></StgValue>
</bind>
</comp>

<comp id="22" class="1000" name="data_189_out">
<pin_list>
<pin id="23" dir="1" index="0" bw="1" slack="0"/>
</pin_list>
<bind>
<StgValue><ssdm name="data_189_out"/></StgValue>
</bind>
</comp>

<comp id="24" class="1000" name="data_188_out">
<pin_list>
<pin id="25" dir="1" index="0" bw="1" slack="0"/>
</pin_list>
<bind>
<StgValue><ssdm name="data_188_out"/></StgValue>
</bind>
</comp>

<comp id="26" class="1000" name="data_187_out">
<pin_list>
<pin id="27" dir="1" index="0" bw="1" slack="0"/>
</pin_list>
<bind>
<StgValue><ssdm name="data_187_out"/></StgValue>
</bind>
</comp>

<comp id="28" class="1000" name="data_186_out">
<pin_list>
<pin id="29" dir="1" index="0" bw="1" slack="0"/>
</pin_list>
<bind>
<StgValue><ssdm name="data_186_out"/></StgValue>
</bind>
</comp>

<comp id="30" class="1000" name="data_185_out">
<pin_list>
<pin id="31" dir="1" index="0" bw="1" slack="0"/>
</pin_list>
<bind>
<StgValue><ssdm name="data_185_out"/></StgValue>
</bind>
</comp>

<comp id="32" class="1000" name="data_184_out">
<pin_list>
<pin id="33" dir="1" index="0" bw="1" slack="0"/>
</pin_list>
<bind>
<StgValue><ssdm name="data_184_out"/></StgValue>
</bind>
</comp>

<comp id="34" class="1000" name="data_183_out">
<pin_list>
<pin id="35" dir="1" index="0" bw="1" slack="0"/>
</pin_list>
<bind>
<StgValue><ssdm name="data_183_out"/></StgValue>
</bind>
</comp>

<comp id="36" class="1000" name="data_182_out">
<pin_list>
<pin id="37" dir="1" index="0" bw="1" slack="0"/>
</pin_list>
<bind>
<StgValue><ssdm name="data_182_out"/></StgValue>
</bind>
</comp>

<comp id="38" class="1000" name="data_181_out">
<pin_list>
<pin id="39" dir="1" index="0" bw="1" slack="0"/>
</pin_list>
<bind>
<StgValue><ssdm name="data_181_out"/></StgValue>
</bind>
</comp>

<comp id="40" class="1000" name="data_180_out">
<pin_list>
<pin id="41" dir="1" index="0" bw="1" slack="0"/>
</pin_list>
<bind>
<StgValue><ssdm name="data_180_out"/></StgValue>
</bind>
</comp>

<comp id="42" class="1000" name="data_179_out">
<pin_list>
<pin id="43" dir="1" index="0" bw="1" slack="0"/>
</pin_list>
<bind>
<StgValue><ssdm name="data_179_out"/></StgValue>
</bind>
</comp>

<comp id="44" class="1000" name="data_178_out">
<pin_list>
<pin id="45" dir="1" index="0" bw="1" slack="0"/>
</pin_list>
<bind>
<StgValue><ssdm name="data_178_out"/></StgValue>
</bind>
</comp>

<comp id="46" class="1000" name="data_177_out">
<pin_list>
<pin id="47" dir="1" index="0" bw="1" slack="0"/>
</pin_list>
<bind>
<StgValue><ssdm name="data_177_out"/></StgValue>
</bind>
</comp>

<comp id="48" class="1000" name="data_176_out">
<pin_list>
<pin id="49" dir="1" index="0" bw="1" slack="0"/>
</pin_list>
<bind>
<StgValue><ssdm name="data_176_out"/></StgValue>
</bind>
</comp>

<comp id="50" class="1000" name="data_175_out">
<pin_list>
<pin id="51" dir="1" index="0" bw="1" slack="0"/>
</pin_list>
<bind>
<StgValue><ssdm name="data_175_out"/></StgValue>
</bind>
</comp>

<comp id="52" class="1000" name="data_174_out">
<pin_list>
<pin id="53" dir="1" index="0" bw="1" slack="0"/>
</pin_list>
<bind>
<StgValue><ssdm name="data_174_out"/></StgValue>
</bind>
</comp>

<comp id="54" class="1000" name="data_173_out">
<pin_list>
<pin id="55" dir="1" index="0" bw="1" slack="0"/>
</pin_list>
<bind>
<StgValue><ssdm name="data_173_out"/></StgValue>
</bind>
</comp>

<comp id="56" class="1000" name="data_172_out">
<pin_list>
<pin id="57" dir="1" index="0" bw="1" slack="0"/>
</pin_list>
<bind>
<StgValue><ssdm name="data_172_out"/></StgValue>
</bind>
</comp>

<comp id="58" class="1000" name="data_171_out">
<pin_list>
<pin id="59" dir="1" index="0" bw="1" slack="0"/>
</pin_list>
<bind>
<StgValue><ssdm name="data_171_out"/></StgValue>
</bind>
</comp>

<comp id="60" class="1000" name="data_170_out">
<pin_list>
<pin id="61" dir="1" index="0" bw="1" slack="0"/>
</pin_list>
<bind>
<StgValue><ssdm name="data_170_out"/></StgValue>
</bind>
</comp>

<comp id="62" class="1000" name="data_169_out">
<pin_list>
<pin id="63" dir="1" index="0" bw="1" slack="0"/>
</pin_list>
<bind>
<StgValue><ssdm name="data_169_out"/></StgValue>
</bind>
</comp>

<comp id="64" class="1000" name="data_168_out">
<pin_list>
<pin id="65" dir="1" index="0" bw="1" slack="0"/>
</pin_list>
<bind>
<StgValue><ssdm name="data_168_out"/></StgValue>
</bind>
</comp>

<comp id="66" class="1000" name="data_167_out">
<pin_list>
<pin id="67" dir="1" index="0" bw="1" slack="0"/>
</pin_list>
<bind>
<StgValue><ssdm name="data_167_out"/></StgValue>
</bind>
</comp>

<comp id="68" class="1000" name="data_166_out">
<pin_list>
<pin id="69" dir="1" index="0" bw="1" slack="0"/>
</pin_list>
<bind>
<StgValue><ssdm name="data_166_out"/></StgValue>
</bind>
</comp>

<comp id="70" class="1000" name="data_165_out">
<pin_list>
<pin id="71" dir="1" index="0" bw="1" slack="0"/>
</pin_list>
<bind>
<StgValue><ssdm name="data_165_out"/></StgValue>
</bind>
</comp>

<comp id="72" class="1000" name="data_164_out">
<pin_list>
<pin id="73" dir="1" index="0" bw="1" slack="0"/>
</pin_list>
<bind>
<StgValue><ssdm name="data_164_out"/></StgValue>
</bind>
</comp>

<comp id="74" class="1000" name="data_163_out">
<pin_list>
<pin id="75" dir="1" index="0" bw="1" slack="0"/>
</pin_list>
<bind>
<StgValue><ssdm name="data_163_out"/></StgValue>
</bind>
</comp>

<comp id="76" class="1000" name="data_162_out">
<pin_list>
<pin id="77" dir="1" index="0" bw="1" slack="0"/>
</pin_list>
<bind>
<StgValue><ssdm name="data_162_out"/></StgValue>
</bind>
</comp>

<comp id="78" class="1000" name="data_161_out">
<pin_list>
<pin id="79" dir="1" index="0" bw="1" slack="0"/>
</pin_list>
<bind>
<StgValue><ssdm name="data_161_out"/></StgValue>
</bind>
</comp>

<comp id="80" class="1000" name="data_160_out">
<pin_list>
<pin id="81" dir="1" index="0" bw="1" slack="0"/>
</pin_list>
<bind>
<StgValue><ssdm name="data_160_out"/></StgValue>
</bind>
</comp>

<comp id="82" class="1000" name="data_159_out">
<pin_list>
<pin id="83" dir="1" index="0" bw="1" slack="0"/>
</pin_list>
<bind>
<StgValue><ssdm name="data_159_out"/></StgValue>
</bind>
</comp>

<comp id="84" class="1000" name="data_158_out">
<pin_list>
<pin id="85" dir="1" index="0" bw="1" slack="0"/>
</pin_list>
<bind>
<StgValue><ssdm name="data_158_out"/></StgValue>
</bind>
</comp>

<comp id="86" class="1000" name="data_157_out">
<pin_list>
<pin id="87" dir="1" index="0" bw="1" slack="0"/>
</pin_list>
<bind>
<StgValue><ssdm name="data_157_out"/></StgValue>
</bind>
</comp>

<comp id="88" class="1000" name="data_156_out">
<pin_list>
<pin id="89" dir="1" index="0" bw="1" slack="0"/>
</pin_list>
<bind>
<StgValue><ssdm name="data_156_out"/></StgValue>
</bind>
</comp>

<comp id="90" class="1000" name="data_155_out">
<pin_list>
<pin id="91" dir="1" index="0" bw="1" slack="0"/>
</pin_list>
<bind>
<StgValue><ssdm name="data_155_out"/></StgValue>
</bind>
</comp>

<comp id="92" class="1000" name="data_154_out">
<pin_list>
<pin id="93" dir="1" index="0" bw="1" slack="0"/>
</pin_list>
<bind>
<StgValue><ssdm name="data_154_out"/></StgValue>
</bind>
</comp>

<comp id="94" class="1000" name="data_153_out">
<pin_list>
<pin id="95" dir="1" index="0" bw="1" slack="0"/>
</pin_list>
<bind>
<StgValue><ssdm name="data_153_out"/></StgValue>
</bind>
</comp>

<comp id="96" class="1000" name="data_152_out">
<pin_list>
<pin id="97" dir="1" index="0" bw="1" slack="0"/>
</pin_list>
<bind>
<StgValue><ssdm name="data_152_out"/></StgValue>
</bind>
</comp>

<comp id="98" class="1000" name="data_151_out">
<pin_list>
<pin id="99" dir="1" index="0" bw="1" slack="0"/>
</pin_list>
<bind>
<StgValue><ssdm name="data_151_out"/></StgValue>
</bind>
</comp>

<comp id="100" class="1000" name="data_150_out">
<pin_list>
<pin id="101" dir="1" index="0" bw="1" slack="0"/>
</pin_list>
<bind>
<StgValue><ssdm name="data_150_out"/></StgValue>
</bind>
</comp>

<comp id="102" class="1000" name="data_149_out">
<pin_list>
<pin id="103" dir="1" index="0" bw="1" slack="0"/>
</pin_list>
<bind>
<StgValue><ssdm name="data_149_out"/></StgValue>
</bind>
</comp>

<comp id="104" class="1000" name="data_148_out">
<pin_list>
<pin id="105" dir="1" index="0" bw="1" slack="0"/>
</pin_list>
<bind>
<StgValue><ssdm name="data_148_out"/></StgValue>
</bind>
</comp>

<comp id="106" class="1000" name="data_147_out">
<pin_list>
<pin id="107" dir="1" index="0" bw="1" slack="0"/>
</pin_list>
<bind>
<StgValue><ssdm name="data_147_out"/></StgValue>
</bind>
</comp>

<comp id="108" class="1000" name="data_146_out">
<pin_list>
<pin id="109" dir="1" index="0" bw="1" slack="0"/>
</pin_list>
<bind>
<StgValue><ssdm name="data_146_out"/></StgValue>
</bind>
</comp>

<comp id="110" class="1000" name="data_145_out">
<pin_list>
<pin id="111" dir="1" index="0" bw="1" slack="0"/>
</pin_list>
<bind>
<StgValue><ssdm name="data_145_out"/></StgValue>
</bind>
</comp>

<comp id="112" class="1000" name="data_144_out">
<pin_list>
<pin id="113" dir="1" index="0" bw="1" slack="0"/>
</pin_list>
<bind>
<StgValue><ssdm name="data_144_out"/></StgValue>
</bind>
</comp>

<comp id="114" class="1000" name="data_143_out">
<pin_list>
<pin id="115" dir="1" index="0" bw="1" slack="0"/>
</pin_list>
<bind>
<StgValue><ssdm name="data_143_out"/></StgValue>
</bind>
</comp>

<comp id="116" class="1000" name="data_142_out">
<pin_list>
<pin id="117" dir="1" index="0" bw="1" slack="0"/>
</pin_list>
<bind>
<StgValue><ssdm name="data_142_out"/></StgValue>
</bind>
</comp>

<comp id="118" class="1000" name="data_141_out">
<pin_list>
<pin id="119" dir="1" index="0" bw="1" slack="0"/>
</pin_list>
<bind>
<StgValue><ssdm name="data_141_out"/></StgValue>
</bind>
</comp>

<comp id="120" class="1000" name="data_140_out">
<pin_list>
<pin id="121" dir="1" index="0" bw="1" slack="0"/>
</pin_list>
<bind>
<StgValue><ssdm name="data_140_out"/></StgValue>
</bind>
</comp>

<comp id="122" class="1000" name="data_139_out">
<pin_list>
<pin id="123" dir="1" index="0" bw="1" slack="0"/>
</pin_list>
<bind>
<StgValue><ssdm name="data_139_out"/></StgValue>
</bind>
</comp>

<comp id="124" class="1000" name="data_138_out">
<pin_list>
<pin id="125" dir="1" index="0" bw="1" slack="0"/>
</pin_list>
<bind>
<StgValue><ssdm name="data_138_out"/></StgValue>
</bind>
</comp>

<comp id="126" class="1000" name="data_137_out">
<pin_list>
<pin id="127" dir="1" index="0" bw="1" slack="0"/>
</pin_list>
<bind>
<StgValue><ssdm name="data_137_out"/></StgValue>
</bind>
</comp>

<comp id="128" class="1000" name="data_136_out">
<pin_list>
<pin id="129" dir="1" index="0" bw="1" slack="0"/>
</pin_list>
<bind>
<StgValue><ssdm name="data_136_out"/></StgValue>
</bind>
</comp>

<comp id="130" class="1000" name="data_135_out">
<pin_list>
<pin id="131" dir="1" index="0" bw="1" slack="0"/>
</pin_list>
<bind>
<StgValue><ssdm name="data_135_out"/></StgValue>
</bind>
</comp>

<comp id="132" class="1000" name="data_134_out">
<pin_list>
<pin id="133" dir="1" index="0" bw="1" slack="0"/>
</pin_list>
<bind>
<StgValue><ssdm name="data_134_out"/></StgValue>
</bind>
</comp>

<comp id="134" class="1000" name="data_133_out">
<pin_list>
<pin id="135" dir="1" index="0" bw="1" slack="0"/>
</pin_list>
<bind>
<StgValue><ssdm name="data_133_out"/></StgValue>
</bind>
</comp>

<comp id="136" class="1000" name="data_132_out">
<pin_list>
<pin id="137" dir="1" index="0" bw="1" slack="0"/>
</pin_list>
<bind>
<StgValue><ssdm name="data_132_out"/></StgValue>
</bind>
</comp>

<comp id="138" class="1000" name="data_131_out">
<pin_list>
<pin id="139" dir="1" index="0" bw="1" slack="0"/>
</pin_list>
<bind>
<StgValue><ssdm name="data_131_out"/></StgValue>
</bind>
</comp>

<comp id="140" class="1000" name="data_130_out">
<pin_list>
<pin id="141" dir="1" index="0" bw="1" slack="0"/>
</pin_list>
<bind>
<StgValue><ssdm name="data_130_out"/></StgValue>
</bind>
</comp>

<comp id="142" class="1000" name="data_129_out">
<pin_list>
<pin id="143" dir="1" index="0" bw="1" slack="0"/>
</pin_list>
<bind>
<StgValue><ssdm name="data_129_out"/></StgValue>
</bind>
</comp>

<comp id="144" class="1000" name="data_128_out">
<pin_list>
<pin id="145" dir="1" index="0" bw="1" slack="0"/>
</pin_list>
<bind>
<StgValue><ssdm name="data_128_out"/></StgValue>
</bind>
</comp>

<comp id="146" class="1000" name="data_127_out">
<pin_list>
<pin id="147" dir="1" index="0" bw="1" slack="0"/>
</pin_list>
<bind>
<StgValue><ssdm name="data_127_out"/></StgValue>
</bind>
</comp>

<comp id="148" class="1000" name="data_126_out">
<pin_list>
<pin id="149" dir="1" index="0" bw="1" slack="0"/>
</pin_list>
<bind>
<StgValue><ssdm name="data_126_out"/></StgValue>
</bind>
</comp>

<comp id="150" class="1000" name="data_125_out">
<pin_list>
<pin id="151" dir="1" index="0" bw="1" slack="0"/>
</pin_list>
<bind>
<StgValue><ssdm name="data_125_out"/></StgValue>
</bind>
</comp>

<comp id="152" class="1000" name="data_124_out">
<pin_list>
<pin id="153" dir="1" index="0" bw="1" slack="0"/>
</pin_list>
<bind>
<StgValue><ssdm name="data_124_out"/></StgValue>
</bind>
</comp>

<comp id="154" class="1000" name="data_123_out">
<pin_list>
<pin id="155" dir="1" index="0" bw="1" slack="0"/>
</pin_list>
<bind>
<StgValue><ssdm name="data_123_out"/></StgValue>
</bind>
</comp>

<comp id="156" class="1000" name="data_122_out">
<pin_list>
<pin id="157" dir="1" index="0" bw="1" slack="0"/>
</pin_list>
<bind>
<StgValue><ssdm name="data_122_out"/></StgValue>
</bind>
</comp>

<comp id="158" class="1000" name="data_121_out">
<pin_list>
<pin id="159" dir="1" index="0" bw="1" slack="0"/>
</pin_list>
<bind>
<StgValue><ssdm name="data_121_out"/></StgValue>
</bind>
</comp>

<comp id="160" class="1000" name="data_120_out">
<pin_list>
<pin id="161" dir="1" index="0" bw="1" slack="0"/>
</pin_list>
<bind>
<StgValue><ssdm name="data_120_out"/></StgValue>
</bind>
</comp>

<comp id="162" class="1000" name="data_119_out">
<pin_list>
<pin id="163" dir="1" index="0" bw="1" slack="0"/>
</pin_list>
<bind>
<StgValue><ssdm name="data_119_out"/></StgValue>
</bind>
</comp>

<comp id="164" class="1000" name="data_118_out">
<pin_list>
<pin id="165" dir="1" index="0" bw="1" slack="0"/>
</pin_list>
<bind>
<StgValue><ssdm name="data_118_out"/></StgValue>
</bind>
</comp>

<comp id="166" class="1000" name="data_117_out">
<pin_list>
<pin id="167" dir="1" index="0" bw="1" slack="0"/>
</pin_list>
<bind>
<StgValue><ssdm name="data_117_out"/></StgValue>
</bind>
</comp>

<comp id="168" class="1000" name="data_116_out">
<pin_list>
<pin id="169" dir="1" index="0" bw="1" slack="0"/>
</pin_list>
<bind>
<StgValue><ssdm name="data_116_out"/></StgValue>
</bind>
</comp>

<comp id="170" class="1000" name="data_115_out">
<pin_list>
<pin id="171" dir="1" index="0" bw="1" slack="0"/>
</pin_list>
<bind>
<StgValue><ssdm name="data_115_out"/></StgValue>
</bind>
</comp>

<comp id="172" class="1000" name="data_114_out">
<pin_list>
<pin id="173" dir="1" index="0" bw="1" slack="0"/>
</pin_list>
<bind>
<StgValue><ssdm name="data_114_out"/></StgValue>
</bind>
</comp>

<comp id="174" class="1000" name="data_113_out">
<pin_list>
<pin id="175" dir="1" index="0" bw="1" slack="0"/>
</pin_list>
<bind>
<StgValue><ssdm name="data_113_out"/></StgValue>
</bind>
</comp>

<comp id="176" class="1000" name="data_112_out">
<pin_list>
<pin id="177" dir="1" index="0" bw="1" slack="0"/>
</pin_list>
<bind>
<StgValue><ssdm name="data_112_out"/></StgValue>
</bind>
</comp>

<comp id="178" class="1000" name="data_111_out">
<pin_list>
<pin id="179" dir="1" index="0" bw="1" slack="0"/>
</pin_list>
<bind>
<StgValue><ssdm name="data_111_out"/></StgValue>
</bind>
</comp>

<comp id="180" class="1000" name="data_110_out">
<pin_list>
<pin id="181" dir="1" index="0" bw="1" slack="0"/>
</pin_list>
<bind>
<StgValue><ssdm name="data_110_out"/></StgValue>
</bind>
</comp>

<comp id="182" class="1000" name="data_109_out">
<pin_list>
<pin id="183" dir="1" index="0" bw="1" slack="0"/>
</pin_list>
<bind>
<StgValue><ssdm name="data_109_out"/></StgValue>
</bind>
</comp>

<comp id="184" class="1000" name="data_108_out">
<pin_list>
<pin id="185" dir="1" index="0" bw="1" slack="0"/>
</pin_list>
<bind>
<StgValue><ssdm name="data_108_out"/></StgValue>
</bind>
</comp>

<comp id="186" class="1000" name="data_107_out">
<pin_list>
<pin id="187" dir="1" index="0" bw="1" slack="0"/>
</pin_list>
<bind>
<StgValue><ssdm name="data_107_out"/></StgValue>
</bind>
</comp>

<comp id="188" class="1000" name="data_106_out">
<pin_list>
<pin id="189" dir="1" index="0" bw="1" slack="0"/>
</pin_list>
<bind>
<StgValue><ssdm name="data_106_out"/></StgValue>
</bind>
</comp>

<comp id="190" class="1000" name="data_105_out">
<pin_list>
<pin id="191" dir="1" index="0" bw="1" slack="0"/>
</pin_list>
<bind>
<StgValue><ssdm name="data_105_out"/></StgValue>
</bind>
</comp>

<comp id="192" class="1000" name="data_104_out">
<pin_list>
<pin id="193" dir="1" index="0" bw="1" slack="0"/>
</pin_list>
<bind>
<StgValue><ssdm name="data_104_out"/></StgValue>
</bind>
</comp>

<comp id="194" class="1000" name="data_103_out">
<pin_list>
<pin id="195" dir="1" index="0" bw="1" slack="0"/>
</pin_list>
<bind>
<StgValue><ssdm name="data_103_out"/></StgValue>
</bind>
</comp>

<comp id="196" class="1000" name="data_102_out">
<pin_list>
<pin id="197" dir="1" index="0" bw="1" slack="0"/>
</pin_list>
<bind>
<StgValue><ssdm name="data_102_out"/></StgValue>
</bind>
</comp>

<comp id="198" class="1000" name="data_101_out">
<pin_list>
<pin id="199" dir="1" index="0" bw="1" slack="0"/>
</pin_list>
<bind>
<StgValue><ssdm name="data_101_out"/></StgValue>
</bind>
</comp>

<comp id="200" class="1000" name="data_100_out">
<pin_list>
<pin id="201" dir="1" index="0" bw="1" slack="0"/>
</pin_list>
<bind>
<StgValue><ssdm name="data_100_out"/></StgValue>
</bind>
</comp>

<comp id="202" class="1000" name="data_99_out">
<pin_list>
<pin id="203" dir="1" index="0" bw="1" slack="0"/>
</pin_list>
<bind>
<StgValue><ssdm name="data_99_out"/></StgValue>
</bind>
</comp>

<comp id="204" class="1000" name="data_98_out">
<pin_list>
<pin id="205" dir="1" index="0" bw="1" slack="0"/>
</pin_list>
<bind>
<StgValue><ssdm name="data_98_out"/></StgValue>
</bind>
</comp>

<comp id="206" class="1000" name="data_97_out">
<pin_list>
<pin id="207" dir="1" index="0" bw="1" slack="0"/>
</pin_list>
<bind>
<StgValue><ssdm name="data_97_out"/></StgValue>
</bind>
</comp>

<comp id="208" class="1000" name="data_96_out">
<pin_list>
<pin id="209" dir="1" index="0" bw="1" slack="0"/>
</pin_list>
<bind>
<StgValue><ssdm name="data_96_out"/></StgValue>
</bind>
</comp>

<comp id="210" class="1000" name="data_95_out">
<pin_list>
<pin id="211" dir="1" index="0" bw="1" slack="0"/>
</pin_list>
<bind>
<StgValue><ssdm name="data_95_out"/></StgValue>
</bind>
</comp>

<comp id="212" class="1000" name="data_94_out">
<pin_list>
<pin id="213" dir="1" index="0" bw="1" slack="0"/>
</pin_list>
<bind>
<StgValue><ssdm name="data_94_out"/></StgValue>
</bind>
</comp>

<comp id="214" class="1000" name="data_93_out">
<pin_list>
<pin id="215" dir="1" index="0" bw="1" slack="0"/>
</pin_list>
<bind>
<StgValue><ssdm name="data_93_out"/></StgValue>
</bind>
</comp>

<comp id="216" class="1000" name="data_92_out">
<pin_list>
<pin id="217" dir="1" index="0" bw="1" slack="0"/>
</pin_list>
<bind>
<StgValue><ssdm name="data_92_out"/></StgValue>
</bind>
</comp>

<comp id="218" class="1000" name="data_91_out">
<pin_list>
<pin id="219" dir="1" index="0" bw="1" slack="0"/>
</pin_list>
<bind>
<StgValue><ssdm name="data_91_out"/></StgValue>
</bind>
</comp>

<comp id="220" class="1000" name="data_90_out">
<pin_list>
<pin id="221" dir="1" index="0" bw="1" slack="0"/>
</pin_list>
<bind>
<StgValue><ssdm name="data_90_out"/></StgValue>
</bind>
</comp>

<comp id="222" class="1000" name="data_89_out">
<pin_list>
<pin id="223" dir="1" index="0" bw="1" slack="0"/>
</pin_list>
<bind>
<StgValue><ssdm name="data_89_out"/></StgValue>
</bind>
</comp>

<comp id="224" class="1000" name="data_88_out">
<pin_list>
<pin id="225" dir="1" index="0" bw="1" slack="0"/>
</pin_list>
<bind>
<StgValue><ssdm name="data_88_out"/></StgValue>
</bind>
</comp>

<comp id="226" class="1000" name="data_87_out">
<pin_list>
<pin id="227" dir="1" index="0" bw="1" slack="0"/>
</pin_list>
<bind>
<StgValue><ssdm name="data_87_out"/></StgValue>
</bind>
</comp>

<comp id="228" class="1000" name="data_86_out">
<pin_list>
<pin id="229" dir="1" index="0" bw="1" slack="0"/>
</pin_list>
<bind>
<StgValue><ssdm name="data_86_out"/></StgValue>
</bind>
</comp>

<comp id="230" class="1000" name="data_85_out">
<pin_list>
<pin id="231" dir="1" index="0" bw="1" slack="0"/>
</pin_list>
<bind>
<StgValue><ssdm name="data_85_out"/></StgValue>
</bind>
</comp>

<comp id="232" class="1000" name="data_84_out">
<pin_list>
<pin id="233" dir="1" index="0" bw="1" slack="0"/>
</pin_list>
<bind>
<StgValue><ssdm name="data_84_out"/></StgValue>
</bind>
</comp>

<comp id="234" class="1000" name="data_83_out">
<pin_list>
<pin id="235" dir="1" index="0" bw="1" slack="0"/>
</pin_list>
<bind>
<StgValue><ssdm name="data_83_out"/></StgValue>
</bind>
</comp>

<comp id="236" class="1000" name="data_82_out">
<pin_list>
<pin id="237" dir="1" index="0" bw="1" slack="0"/>
</pin_list>
<bind>
<StgValue><ssdm name="data_82_out"/></StgValue>
</bind>
</comp>

<comp id="238" class="1000" name="data_81_out">
<pin_list>
<pin id="239" dir="1" index="0" bw="1" slack="0"/>
</pin_list>
<bind>
<StgValue><ssdm name="data_81_out"/></StgValue>
</bind>
</comp>

<comp id="240" class="1000" name="data_80_out">
<pin_list>
<pin id="241" dir="1" index="0" bw="1" slack="0"/>
</pin_list>
<bind>
<StgValue><ssdm name="data_80_out"/></StgValue>
</bind>
</comp>

<comp id="242" class="1000" name="data_79_out">
<pin_list>
<pin id="243" dir="1" index="0" bw="1" slack="0"/>
</pin_list>
<bind>
<StgValue><ssdm name="data_79_out"/></StgValue>
</bind>
</comp>

<comp id="244" class="1000" name="data_78_out">
<pin_list>
<pin id="245" dir="1" index="0" bw="1" slack="0"/>
</pin_list>
<bind>
<StgValue><ssdm name="data_78_out"/></StgValue>
</bind>
</comp>

<comp id="246" class="1000" name="data_77_out">
<pin_list>
<pin id="247" dir="1" index="0" bw="1" slack="0"/>
</pin_list>
<bind>
<StgValue><ssdm name="data_77_out"/></StgValue>
</bind>
</comp>

<comp id="248" class="1000" name="data_76_out">
<pin_list>
<pin id="249" dir="1" index="0" bw="1" slack="0"/>
</pin_list>
<bind>
<StgValue><ssdm name="data_76_out"/></StgValue>
</bind>
</comp>

<comp id="250" class="1000" name="data_75_out">
<pin_list>
<pin id="251" dir="1" index="0" bw="1" slack="0"/>
</pin_list>
<bind>
<StgValue><ssdm name="data_75_out"/></StgValue>
</bind>
</comp>

<comp id="252" class="1000" name="data_74_out">
<pin_list>
<pin id="253" dir="1" index="0" bw="1" slack="0"/>
</pin_list>
<bind>
<StgValue><ssdm name="data_74_out"/></StgValue>
</bind>
</comp>

<comp id="254" class="1000" name="data_73_out">
<pin_list>
<pin id="255" dir="1" index="0" bw="1" slack="0"/>
</pin_list>
<bind>
<StgValue><ssdm name="data_73_out"/></StgValue>
</bind>
</comp>

<comp id="256" class="1000" name="data_72_out">
<pin_list>
<pin id="257" dir="1" index="0" bw="1" slack="0"/>
</pin_list>
<bind>
<StgValue><ssdm name="data_72_out"/></StgValue>
</bind>
</comp>

<comp id="258" class="1000" name="data_71_out">
<pin_list>
<pin id="259" dir="1" index="0" bw="1" slack="0"/>
</pin_list>
<bind>
<StgValue><ssdm name="data_71_out"/></StgValue>
</bind>
</comp>

<comp id="260" class="1000" name="data_70_out">
<pin_list>
<pin id="261" dir="1" index="0" bw="1" slack="0"/>
</pin_list>
<bind>
<StgValue><ssdm name="data_70_out"/></StgValue>
</bind>
</comp>

<comp id="262" class="1000" name="data_69_out">
<pin_list>
<pin id="263" dir="1" index="0" bw="1" slack="0"/>
</pin_list>
<bind>
<StgValue><ssdm name="data_69_out"/></StgValue>
</bind>
</comp>

<comp id="264" class="1000" name="data_68_out">
<pin_list>
<pin id="265" dir="1" index="0" bw="1" slack="0"/>
</pin_list>
<bind>
<StgValue><ssdm name="data_68_out"/></StgValue>
</bind>
</comp>

<comp id="266" class="1000" name="data_67_out">
<pin_list>
<pin id="267" dir="1" index="0" bw="1" slack="0"/>
</pin_list>
<bind>
<StgValue><ssdm name="data_67_out"/></StgValue>
</bind>
</comp>

<comp id="268" class="1000" name="data_66_out">
<pin_list>
<pin id="269" dir="1" index="0" bw="1" slack="0"/>
</pin_list>
<bind>
<StgValue><ssdm name="data_66_out"/></StgValue>
</bind>
</comp>

<comp id="270" class="1000" name="data_65_out">
<pin_list>
<pin id="271" dir="1" index="0" bw="1" slack="0"/>
</pin_list>
<bind>
<StgValue><ssdm name="data_65_out"/></StgValue>
</bind>
</comp>

<comp id="272" class="1000" name="data_64_out">
<pin_list>
<pin id="273" dir="1" index="0" bw="1" slack="0"/>
</pin_list>
<bind>
<StgValue><ssdm name="data_64_out"/></StgValue>
</bind>
</comp>

<comp id="274" class="1000" name="data_63_out">
<pin_list>
<pin id="275" dir="1" index="0" bw="1" slack="0"/>
</pin_list>
<bind>
<StgValue><ssdm name="data_63_out"/></StgValue>
</bind>
</comp>

<comp id="276" class="1000" name="data_62_out">
<pin_list>
<pin id="277" dir="1" index="0" bw="1" slack="0"/>
</pin_list>
<bind>
<StgValue><ssdm name="data_62_out"/></StgValue>
</bind>
</comp>

<comp id="278" class="1000" name="data_61_out">
<pin_list>
<pin id="279" dir="1" index="0" bw="1" slack="0"/>
</pin_list>
<bind>
<StgValue><ssdm name="data_61_out"/></StgValue>
</bind>
</comp>

<comp id="280" class="1000" name="data_60_out">
<pin_list>
<pin id="281" dir="1" index="0" bw="1" slack="0"/>
</pin_list>
<bind>
<StgValue><ssdm name="data_60_out"/></StgValue>
</bind>
</comp>

<comp id="282" class="1000" name="data_59_out">
<pin_list>
<pin id="283" dir="1" index="0" bw="1" slack="0"/>
</pin_list>
<bind>
<StgValue><ssdm name="data_59_out"/></StgValue>
</bind>
</comp>

<comp id="284" class="1000" name="data_58_out">
<pin_list>
<pin id="285" dir="1" index="0" bw="1" slack="0"/>
</pin_list>
<bind>
<StgValue><ssdm name="data_58_out"/></StgValue>
</bind>
</comp>

<comp id="286" class="1000" name="data_57_out">
<pin_list>
<pin id="287" dir="1" index="0" bw="1" slack="0"/>
</pin_list>
<bind>
<StgValue><ssdm name="data_57_out"/></StgValue>
</bind>
</comp>

<comp id="288" class="1000" name="data_56_out">
<pin_list>
<pin id="289" dir="1" index="0" bw="1" slack="0"/>
</pin_list>
<bind>
<StgValue><ssdm name="data_56_out"/></StgValue>
</bind>
</comp>

<comp id="290" class="1000" name="data_55_out">
<pin_list>
<pin id="291" dir="1" index="0" bw="1" slack="0"/>
</pin_list>
<bind>
<StgValue><ssdm name="data_55_out"/></StgValue>
</bind>
</comp>

<comp id="292" class="1000" name="data_54_out">
<pin_list>
<pin id="293" dir="1" index="0" bw="1" slack="0"/>
</pin_list>
<bind>
<StgValue><ssdm name="data_54_out"/></StgValue>
</bind>
</comp>

<comp id="294" class="1000" name="data_53_out">
<pin_list>
<pin id="295" dir="1" index="0" bw="1" slack="0"/>
</pin_list>
<bind>
<StgValue><ssdm name="data_53_out"/></StgValue>
</bind>
</comp>

<comp id="296" class="1000" name="data_52_out">
<pin_list>
<pin id="297" dir="1" index="0" bw="1" slack="0"/>
</pin_list>
<bind>
<StgValue><ssdm name="data_52_out"/></StgValue>
</bind>
</comp>

<comp id="298" class="1000" name="data_51_out">
<pin_list>
<pin id="299" dir="1" index="0" bw="1" slack="0"/>
</pin_list>
<bind>
<StgValue><ssdm name="data_51_out"/></StgValue>
</bind>
</comp>

<comp id="300" class="1000" name="data_50_out">
<pin_list>
<pin id="301" dir="1" index="0" bw="1" slack="0"/>
</pin_list>
<bind>
<StgValue><ssdm name="data_50_out"/></StgValue>
</bind>
</comp>

<comp id="302" class="1000" name="data_49_out">
<pin_list>
<pin id="303" dir="1" index="0" bw="1" slack="0"/>
</pin_list>
<bind>
<StgValue><ssdm name="data_49_out"/></StgValue>
</bind>
</comp>

<comp id="304" class="1000" name="data_48_out">
<pin_list>
<pin id="305" dir="1" index="0" bw="1" slack="0"/>
</pin_list>
<bind>
<StgValue><ssdm name="data_48_out"/></StgValue>
</bind>
</comp>

<comp id="306" class="1000" name="data_47_out">
<pin_list>
<pin id="307" dir="1" index="0" bw="1" slack="0"/>
</pin_list>
<bind>
<StgValue><ssdm name="data_47_out"/></StgValue>
</bind>
</comp>

<comp id="308" class="1000" name="data_46_out">
<pin_list>
<pin id="309" dir="1" index="0" bw="1" slack="0"/>
</pin_list>
<bind>
<StgValue><ssdm name="data_46_out"/></StgValue>
</bind>
</comp>

<comp id="310" class="1000" name="data_45_out">
<pin_list>
<pin id="311" dir="1" index="0" bw="1" slack="0"/>
</pin_list>
<bind>
<StgValue><ssdm name="data_45_out"/></StgValue>
</bind>
</comp>

<comp id="312" class="1000" name="data_44_out">
<pin_list>
<pin id="313" dir="1" index="0" bw="1" slack="0"/>
</pin_list>
<bind>
<StgValue><ssdm name="data_44_out"/></StgValue>
</bind>
</comp>

<comp id="314" class="1000" name="data_43_out">
<pin_list>
<pin id="315" dir="1" index="0" bw="1" slack="0"/>
</pin_list>
<bind>
<StgValue><ssdm name="data_43_out"/></StgValue>
</bind>
</comp>

<comp id="316" class="1000" name="data_42_out">
<pin_list>
<pin id="317" dir="1" index="0" bw="1" slack="0"/>
</pin_list>
<bind>
<StgValue><ssdm name="data_42_out"/></StgValue>
</bind>
</comp>

<comp id="318" class="1000" name="data_41_out">
<pin_list>
<pin id="319" dir="1" index="0" bw="1" slack="0"/>
</pin_list>
<bind>
<StgValue><ssdm name="data_41_out"/></StgValue>
</bind>
</comp>

<comp id="320" class="1000" name="data_40_out">
<pin_list>
<pin id="321" dir="1" index="0" bw="1" slack="0"/>
</pin_list>
<bind>
<StgValue><ssdm name="data_40_out"/></StgValue>
</bind>
</comp>

<comp id="322" class="1000" name="data_39_out">
<pin_list>
<pin id="323" dir="1" index="0" bw="1" slack="0"/>
</pin_list>
<bind>
<StgValue><ssdm name="data_39_out"/></StgValue>
</bind>
</comp>

<comp id="324" class="1000" name="data_38_out">
<pin_list>
<pin id="325" dir="1" index="0" bw="1" slack="0"/>
</pin_list>
<bind>
<StgValue><ssdm name="data_38_out"/></StgValue>
</bind>
</comp>

<comp id="326" class="1000" name="data_37_out">
<pin_list>
<pin id="327" dir="1" index="0" bw="1" slack="0"/>
</pin_list>
<bind>
<StgValue><ssdm name="data_37_out"/></StgValue>
</bind>
</comp>

<comp id="328" class="1000" name="data_36_out">
<pin_list>
<pin id="329" dir="1" index="0" bw="1" slack="0"/>
</pin_list>
<bind>
<StgValue><ssdm name="data_36_out"/></StgValue>
</bind>
</comp>

<comp id="330" class="1000" name="data_35_out">
<pin_list>
<pin id="331" dir="1" index="0" bw="1" slack="0"/>
</pin_list>
<bind>
<StgValue><ssdm name="data_35_out"/></StgValue>
</bind>
</comp>

<comp id="332" class="1000" name="data_34_out">
<pin_list>
<pin id="333" dir="1" index="0" bw="1" slack="0"/>
</pin_list>
<bind>
<StgValue><ssdm name="data_34_out"/></StgValue>
</bind>
</comp>

<comp id="334" class="1000" name="data_33_out">
<pin_list>
<pin id="335" dir="1" index="0" bw="1" slack="0"/>
</pin_list>
<bind>
<StgValue><ssdm name="data_33_out"/></StgValue>
</bind>
</comp>

<comp id="336" class="1000" name="data_32_out">
<pin_list>
<pin id="337" dir="1" index="0" bw="1" slack="0"/>
</pin_list>
<bind>
<StgValue><ssdm name="data_32_out"/></StgValue>
</bind>
</comp>

<comp id="338" class="1000" name="data_31_out">
<pin_list>
<pin id="339" dir="1" index="0" bw="1" slack="0"/>
</pin_list>
<bind>
<StgValue><ssdm name="data_31_out"/></StgValue>
</bind>
</comp>

<comp id="340" class="1000" name="data_30_out">
<pin_list>
<pin id="341" dir="1" index="0" bw="1" slack="0"/>
</pin_list>
<bind>
<StgValue><ssdm name="data_30_out"/></StgValue>
</bind>
</comp>

<comp id="342" class="1000" name="data_29_out">
<pin_list>
<pin id="343" dir="1" index="0" bw="1" slack="0"/>
</pin_list>
<bind>
<StgValue><ssdm name="data_29_out"/></StgValue>
</bind>
</comp>

<comp id="344" class="1000" name="data_28_out">
<pin_list>
<pin id="345" dir="1" index="0" bw="1" slack="0"/>
</pin_list>
<bind>
<StgValue><ssdm name="data_28_out"/></StgValue>
</bind>
</comp>

<comp id="346" class="1000" name="data_27_out">
<pin_list>
<pin id="347" dir="1" index="0" bw="1" slack="0"/>
</pin_list>
<bind>
<StgValue><ssdm name="data_27_out"/></StgValue>
</bind>
</comp>

<comp id="348" class="1000" name="data_26_out">
<pin_list>
<pin id="349" dir="1" index="0" bw="1" slack="0"/>
</pin_list>
<bind>
<StgValue><ssdm name="data_26_out"/></StgValue>
</bind>
</comp>

<comp id="350" class="1000" name="data_25_out">
<pin_list>
<pin id="351" dir="1" index="0" bw="1" slack="0"/>
</pin_list>
<bind>
<StgValue><ssdm name="data_25_out"/></StgValue>
</bind>
</comp>

<comp id="352" class="1000" name="data_24_out">
<pin_list>
<pin id="353" dir="1" index="0" bw="1" slack="0"/>
</pin_list>
<bind>
<StgValue><ssdm name="data_24_out"/></StgValue>
</bind>
</comp>

<comp id="354" class="1000" name="data_23_out">
<pin_list>
<pin id="355" dir="1" index="0" bw="1" slack="0"/>
</pin_list>
<bind>
<StgValue><ssdm name="data_23_out"/></StgValue>
</bind>
</comp>

<comp id="356" class="1000" name="data_22_out">
<pin_list>
<pin id="357" dir="1" index="0" bw="1" slack="0"/>
</pin_list>
<bind>
<StgValue><ssdm name="data_22_out"/></StgValue>
</bind>
</comp>

<comp id="358" class="1000" name="data_21_out">
<pin_list>
<pin id="359" dir="1" index="0" bw="1" slack="0"/>
</pin_list>
<bind>
<StgValue><ssdm name="data_21_out"/></StgValue>
</bind>
</comp>

<comp id="360" class="1000" name="data_20_out">
<pin_list>
<pin id="361" dir="1" index="0" bw="1" slack="0"/>
</pin_list>
<bind>
<StgValue><ssdm name="data_20_out"/></StgValue>
</bind>
</comp>

<comp id="362" class="1000" name="data_19_out">
<pin_list>
<pin id="363" dir="1" index="0" bw="1" slack="0"/>
</pin_list>
<bind>
<StgValue><ssdm name="data_19_out"/></StgValue>
</bind>
</comp>

<comp id="364" class="1000" name="data_18_out">
<pin_list>
<pin id="365" dir="1" index="0" bw="1" slack="0"/>
</pin_list>
<bind>
<StgValue><ssdm name="data_18_out"/></StgValue>
</bind>
</comp>

<comp id="366" class="1000" name="data_17_out">
<pin_list>
<pin id="367" dir="1" index="0" bw="1" slack="0"/>
</pin_list>
<bind>
<StgValue><ssdm name="data_17_out"/></StgValue>
</bind>
</comp>

<comp id="368" class="1000" name="data_16_out">
<pin_list>
<pin id="369" dir="1" index="0" bw="1" slack="0"/>
</pin_list>
<bind>
<StgValue><ssdm name="data_16_out"/></StgValue>
</bind>
</comp>

<comp id="370" class="1000" name="data_15_out">
<pin_list>
<pin id="371" dir="1" index="0" bw="1" slack="0"/>
</pin_list>
<bind>
<StgValue><ssdm name="data_15_out"/></StgValue>
</bind>
</comp>

<comp id="372" class="1000" name="data_14_out">
<pin_list>
<pin id="373" dir="1" index="0" bw="1" slack="0"/>
</pin_list>
<bind>
<StgValue><ssdm name="data_14_out"/></StgValue>
</bind>
</comp>

<comp id="374" class="1000" name="data_13_out">
<pin_list>
<pin id="375" dir="1" index="0" bw="1" slack="0"/>
</pin_list>
<bind>
<StgValue><ssdm name="data_13_out"/></StgValue>
</bind>
</comp>

<comp id="376" class="1000" name="data_12_out">
<pin_list>
<pin id="377" dir="1" index="0" bw="1" slack="0"/>
</pin_list>
<bind>
<StgValue><ssdm name="data_12_out"/></StgValue>
</bind>
</comp>

<comp id="378" class="1000" name="data_11_out">
<pin_list>
<pin id="379" dir="1" index="0" bw="1" slack="0"/>
</pin_list>
<bind>
<StgValue><ssdm name="data_11_out"/></StgValue>
</bind>
</comp>

<comp id="380" class="1000" name="data_10_out">
<pin_list>
<pin id="381" dir="1" index="0" bw="1" slack="0"/>
</pin_list>
<bind>
<StgValue><ssdm name="data_10_out"/></StgValue>
</bind>
</comp>

<comp id="382" class="1000" name="data_9_out">
<pin_list>
<pin id="383" dir="1" index="0" bw="1" slack="0"/>
</pin_list>
<bind>
<StgValue><ssdm name="data_9_out"/></StgValue>
</bind>
</comp>

<comp id="384" class="1000" name="data_8_out">
<pin_list>
<pin id="385" dir="1" index="0" bw="1" slack="0"/>
</pin_list>
<bind>
<StgValue><ssdm name="data_8_out"/></StgValue>
</bind>
</comp>

<comp id="386" class="1000" name="data_7_out">
<pin_list>
<pin id="387" dir="1" index="0" bw="1" slack="0"/>
</pin_list>
<bind>
<StgValue><ssdm name="data_7_out"/></StgValue>
</bind>
</comp>

<comp id="388" class="1000" name="data_6_out">
<pin_list>
<pin id="389" dir="1" index="0" bw="1" slack="0"/>
</pin_list>
<bind>
<StgValue><ssdm name="data_6_out"/></StgValue>
</bind>
</comp>

<comp id="390" class="1000" name="data_5_out">
<pin_list>
<pin id="391" dir="1" index="0" bw="1" slack="0"/>
</pin_list>
<bind>
<StgValue><ssdm name="data_5_out"/></StgValue>
</bind>
</comp>

<comp id="392" class="1000" name="data_4_out">
<pin_list>
<pin id="393" dir="1" index="0" bw="1" slack="0"/>
</pin_list>
<bind>
<StgValue><ssdm name="data_4_out"/></StgValue>
</bind>
</comp>

<comp id="394" class="1000" name="data_3_out">
<pin_list>
<pin id="395" dir="1" index="0" bw="1" slack="0"/>
</pin_list>
<bind>
<StgValue><ssdm name="data_3_out"/></StgValue>
</bind>
</comp>

<comp id="396" class="1000" name="data_2_out">
<pin_list>
<pin id="397" dir="1" index="0" bw="1" slack="0"/>
</pin_list>
<bind>
<StgValue><ssdm name="data_2_out"/></StgValue>
</bind>
</comp>

<comp id="398" class="1000" name="data_1_out">
<pin_list>
<pin id="399" dir="1" index="0" bw="1" slack="0"/>
</pin_list>
<bind>
<StgValue><ssdm name="data_1_out"/></StgValue>
</bind>
</comp>

<comp id="400" class="1000" name="data_out">
<pin_list>
<pin id="401" dir="1" index="0" bw="1" slack="0"/>
</pin_list>
<bind>
<StgValue><ssdm name="data_out"/></StgValue>
</bind>
</comp>

<comp id="402" class="1001" name="const_402">
<pin_list>
<pin id="403" dir="1" index="0" bw="1" slack="0"/>
</pin_list>
<bind>
<StgValue><ssdm name=""/></StgValue>
</bind>
</comp>

<comp id="404" class="1001" name="const_404">
<pin_list>
<pin id="405" dir="1" index="0" bw="1" slack="2147483647"/>
</pin_list>
<bind>
<StgValue><ssdm name="_ssdm_op_SpecInterface"/></StgValue>
</bind>
</comp>

<comp id="406" class="1001" name="const_406">
<pin_list>
<pin id="407" dir="1" index="0" bw="1" slack="2147483647"/>
</pin_list>
<bind>
<StgValue><ssdm name="empty"/></StgValue>
</bind>
</comp>

<comp id="408" class="1001" name="const_408">
<pin_list>
<pin id="409" dir="1" index="0" bw="1" slack="2147483647"/>
</pin_list>
<bind>
<StgValue><ssdm name=""/></StgValue>
</bind>
</comp>

<comp id="410" class="1001" name="const_410">
<pin_list>
<pin id="411" dir="1" index="0" bw="1" slack="2147483647"/>
</pin_list>
<bind>
<StgValue><ssdm name="empty_7"/></StgValue>
</bind>
</comp>

<comp id="412" class="1001" name="const_412">
<pin_list>
<pin id="413" dir="1" index="0" bw="1" slack="2147483647"/>
</pin_list>
<bind>
<StgValue><ssdm name=""/></StgValue>
</bind>
</comp>

<comp id="414" class="1001" name="const_414">
<pin_list>
<pin id="415" dir="1" index="0" bw="1" slack="0"/>
</pin_list>
<bind>
<StgValue><ssdm name=""/></StgValue>
</bind>
</comp>

<comp id="416" class="1001" name="const_416">
<pin_list>
<pin id="417" dir="1" index="0" bw="1" slack="2147483647"/>
</pin_list>
<bind>
<StgValue><ssdm name="_ssdm_op_SpecPipeline"/></StgValue>
</bind>
</comp>

<comp id="418" class="1001" name="const_418">
<pin_list>
<pin id="419" dir="1" index="0" bw="1" slack="2147483647"/>
</pin_list>
<bind>
<StgValue><ssdm name="_ssdm_op_SpecLoopTripCount"/></StgValue>
</bind>
</comp>

<comp id="420" class="1001" name="const_420">
<pin_list>
<pin id="421" dir="1" index="0" bw="1" slack="2147483647"/>
</pin_list>
<bind>
<StgValue><ssdm name=""/></StgValue>
</bind>
</comp>

<comp id="422" class="1001" name="const_422">
<pin_list>
<pin id="423" dir="1" index="0" bw="1" slack="2147483647"/>
</pin_list>
<bind>
<StgValue><ssdm name="_ssdm_op_SpecLoopName"/></StgValue>
</bind>
</comp>

<comp id="424" class="1001" name="const_424">
<pin_list>
<pin id="425" dir="1" index="0" bw="1" slack="2147483647"/>
</pin_list>
<bind>
<StgValue><ssdm name="empty_1"/></StgValue>
</bind>
</comp>

<comp id="426" class="1001" name="const_426">
<pin_list>
<pin id="427" dir="1" index="0" bw="1" slack="0"/>
</pin_list>
<bind>
<StgValue><ssdm name="_ssdm_op_Read.ap_fifo.volatile.i128P0A"/></StgValue>
</bind>
</comp>

<comp id="428" class="1001" name="const_428">
<pin_list>
<pin id="429" dir="1" index="0" bw="1" slack="0"/>
</pin_list>
<bind>
<StgValue><ssdm name="_ssdm_op_PartSelect.i16.i128.i32.i32"/></StgValue>
</bind>
</comp>

<comp id="430" class="1001" name="const_430">
<pin_list>
<pin id="431" dir="1" index="0" bw="1" slack="0"/>
</pin_list>
<bind>
<StgValue><ssdm name=""/></StgValue>
</bind>
</comp>

<comp id="432" class="1001" name="const_432">
<pin_list>
<pin id="433" dir="1" index="0" bw="1" slack="0"/>
</pin_list>
<bind>
<StgValue><ssdm name=""/></StgValue>
</bind>
</comp>

<comp id="434" class="1001" name="const_434">
<pin_list>
<pin id="435" dir="1" index="0" bw="1" slack="0"/>
</pin_list>
<bind>
<StgValue><ssdm name=""/></StgValue>
</bind>
</comp>

<comp id="436" class="1001" name="const_436">
<pin_list>
<pin id="437" dir="1" index="0" bw="1" slack="0"/>
</pin_list>
<bind>
<StgValue><ssdm name=""/></StgValue>
</bind>
</comp>

<comp id="438" class="1001" name="const_438">
<pin_list>
<pin id="439" dir="1" index="0" bw="1" slack="0"/>
</pin_list>
<bind>
<StgValue><ssdm name=""/></StgValue>
</bind>
</comp>

<comp id="440" class="1001" name="const_440">
<pin_list>
<pin id="441" dir="1" index="0" bw="1" slack="0"/>
</pin_list>
<bind>
<StgValue><ssdm name=""/></StgValue>
</bind>
</comp>

<comp id="442" class="1001" name="const_442">
<pin_list>
<pin id="443" dir="1" index="0" bw="1" slack="0"/>
</pin_list>
<bind>
<StgValue><ssdm name=""/></StgValue>
</bind>
</comp>

<comp id="444" class="1001" name="const_444">
<pin_list>
<pin id="445" dir="1" index="0" bw="1" slack="0"/>
</pin_list>
<bind>
<StgValue><ssdm name=""/></StgValue>
</bind>
</comp>

<comp id="446" class="1001" name="const_446">
<pin_list>
<pin id="447" dir="1" index="0" bw="1" slack="0"/>
</pin_list>
<bind>
<StgValue><ssdm name=""/></StgValue>
</bind>
</comp>

<comp id="448" class="1001" name="const_448">
<pin_list>
<pin id="449" dir="1" index="0" bw="1" slack="0"/>
</pin_list>
<bind>
<StgValue><ssdm name=""/></StgValue>
</bind>
</comp>

<comp id="450" class="1001" name="const_450">
<pin_list>
<pin id="451" dir="1" index="0" bw="1" slack="0"/>
</pin_list>
<bind>
<StgValue><ssdm name=""/></StgValue>
</bind>
</comp>

<comp id="452" class="1001" name="const_452">
<pin_list>
<pin id="453" dir="1" index="0" bw="1" slack="0"/>
</pin_list>
<bind>
<StgValue><ssdm name=""/></StgValue>
</bind>
</comp>

<comp id="454" class="1001" name="const_454">
<pin_list>
<pin id="455" dir="1" index="0" bw="1" slack="0"/>
</pin_list>
<bind>
<StgValue><ssdm name=""/></StgValue>
</bind>
</comp>

<comp id="456" class="1001" name="const_456">
<pin_list>
<pin id="457" dir="1" index="0" bw="1" slack="0"/>
</pin_list>
<bind>
<StgValue><ssdm name=""/></StgValue>
</bind>
</comp>

<comp id="458" class="1001" name="const_458">
<pin_list>
<pin id="459" dir="1" index="0" bw="1" slack="0"/>
</pin_list>
<bind>
<StgValue><ssdm name=""/></StgValue>
</bind>
</comp>

<comp id="460" class="1001" name="const_460">
<pin_list>
<pin id="461" dir="1" index="0" bw="1" slack="0"/>
</pin_list>
<bind>
<StgValue><ssdm name=""/></StgValue>
</bind>
</comp>

<comp id="462" class="1001" name="const_462">
<pin_list>
<pin id="463" dir="1" index="0" bw="1" slack="0"/>
</pin_list>
<bind>
<StgValue><ssdm name=""/></StgValue>
</bind>
</comp>

<comp id="464" class="1001" name="const_464">
<pin_list>
<pin id="465" dir="1" index="0" bw="1" slack="0"/>
</pin_list>
<bind>
<StgValue><ssdm name=""/></StgValue>
</bind>
</comp>

<comp id="466" class="1001" name="const_466">
<pin_list>
<pin id="467" dir="1" index="0" bw="1" slack="0"/>
</pin_list>
<bind>
<StgValue><ssdm name=""/></StgValue>
</bind>
</comp>

<comp id="468" class="1001" name="const_468">
<pin_list>
<pin id="469" dir="1" index="0" bw="1" slack="0"/>
</pin_list>
<bind>
<StgValue><ssdm name=""/></StgValue>
</bind>
</comp>

<comp id="470" class="1001" name="const_470">
<pin_list>
<pin id="471" dir="1" index="0" bw="1" slack="0"/>
</pin_list>
<bind>
<StgValue><ssdm name=""/></StgValue>
</bind>
</comp>

<comp id="472" class="1001" name="const_472">
<pin_list>
<pin id="473" dir="1" index="0" bw="1" slack="0"/>
</pin_list>
<bind>
<StgValue><ssdm name=""/></StgValue>
</bind>
</comp>

<comp id="474" class="1001" name="const_474">
<pin_list>
<pin id="475" dir="1" index="0" bw="1" slack="0"/>
</pin_list>
<bind>
<StgValue><ssdm name=""/></StgValue>
</bind>
</comp>

<comp id="476" class="1001" name="const_476">
<pin_list>
<pin id="477" dir="1" index="0" bw="1" slack="0"/>
</pin_list>
<bind>
<StgValue><ssdm name=""/></StgValue>
</bind>
</comp>

<comp id="478" class="1001" name="const_478">
<pin_list>
<pin id="479" dir="1" index="0" bw="1" slack="0"/>
</pin_list>
<bind>
<StgValue><ssdm name=""/></StgValue>
</bind>
</comp>

<comp id="480" class="1001" name="const_480">
<pin_list>
<pin id="481" dir="1" index="0" bw="1" slack="0"/>
</pin_list>
<bind>
<StgValue><ssdm name=""/></StgValue>
</bind>
</comp>

<comp id="482" class="1001" name="const_482">
<pin_list>
<pin id="483" dir="1" index="0" bw="1" slack="0"/>
</pin_list>
<bind>
<StgValue><ssdm name=""/></StgValue>
</bind>
</comp>

<comp id="484" class="1001" name="const_484">
<pin_list>
<pin id="485" dir="1" index="0" bw="1" slack="0"/>
</pin_list>
<bind>
<StgValue><ssdm name=""/></StgValue>
</bind>
</comp>

<comp id="486" class="1001" name="const_486">
<pin_list>
<pin id="487" dir="1" index="0" bw="1" slack="0"/>
</pin_list>
<bind>
<StgValue><ssdm name=""/></StgValue>
</bind>
</comp>

<comp id="488" class="1001" name="const_488">
<pin_list>
<pin id="489" dir="1" index="0" bw="1" slack="0"/>
</pin_list>
<bind>
<StgValue><ssdm name=""/></StgValue>
</bind>
</comp>

<comp id="490" class="1001" name="const_490">
<pin_list>
<pin id="491" dir="1" index="0" bw="1" slack="0"/>
</pin_list>
<bind>
<StgValue><ssdm name=""/></StgValue>
</bind>
</comp>

<comp id="492" class="1001" name="const_492">
<pin_list>
<pin id="493" dir="1" index="0" bw="1" slack="0"/>
</pin_list>
<bind>
<StgValue><ssdm name=""/></StgValue>
</bind>
</comp>

<comp id="494" class="1001" name="const_494">
<pin_list>
<pin id="495" dir="1" index="0" bw="1" slack="0"/>
</pin_list>
<bind>
<StgValue><ssdm name=""/></StgValue>
</bind>
</comp>

<comp id="496" class="1001" name="const_496">
<pin_list>
<pin id="497" dir="1" index="0" bw="1" slack="0"/>
</pin_list>
<bind>
<StgValue><ssdm name=""/></StgValue>
</bind>
</comp>

<comp id="498" class="1001" name="const_498">
<pin_list>
<pin id="499" dir="1" index="0" bw="1" slack="0"/>
</pin_list>
<bind>
<StgValue><ssdm name=""/></StgValue>
</bind>
</comp>

<comp id="500" class="1001" name="const_500">
<pin_list>
<pin id="501" dir="1" index="0" bw="1" slack="0"/>
</pin_list>
<bind>
<StgValue><ssdm name=""/></StgValue>
</bind>
</comp>

<comp id="502" class="1001" name="const_502">
<pin_list>
<pin id="503" dir="1" index="0" bw="1" slack="0"/>
</pin_list>
<bind>
<StgValue><ssdm name=""/></StgValue>
</bind>
</comp>

<comp id="504" class="1001" name="const_504">
<pin_list>
<pin id="505" dir="1" index="0" bw="1" slack="0"/>
</pin_list>
<bind>
<StgValue><ssdm name=""/></StgValue>
</bind>
</comp>

<comp id="506" class="1001" name="const_506">
<pin_list>
<pin id="507" dir="1" index="0" bw="1" slack="0"/>
</pin_list>
<bind>
<StgValue><ssdm name="_ssdm_op_Write.ap_auto.i16P0A"/></StgValue>
</bind>
</comp>

<comp id="508" class="1004" name="i_in_fu_508">
<pin_list>
<pin id="509" dir="0" index="0" bw="1" slack="0"/>
<pin id="510" dir="1" index="1" bw="5" slack="0"/>
</pin_list>
<bind>
<opcode="alloca(26) " fcode="alloca"/>
<opset="i_in/1 "/>
</bind>
</comp>

<comp id="512" class="1004" name="p_0_7_0_0_03992_fu_512">
<pin_list>
<pin id="513" dir="0" index="0" bw="1" slack="0"/>
<pin id="514" dir="1" index="1" bw="16" slack="1"/>
</pin_list>
<bind>
<opcode="alloca(26) " fcode="alloca"/>
<opset="p_0_7_0_0_03992/1 "/>
</bind>
</comp>

<comp id="516" class="1004" name="p_0_6_0_0_03974_fu_516">
<pin_list>
<pin id="517" dir="0" index="0" bw="1" slack="0"/>
<pin id="518" dir="1" index="1" bw="16" slack="1"/>
</pin_list>
<bind>
<opcode="alloca(26) " fcode="alloca"/>
<opset="p_0_6_0_0_03974/1 "/>
</bind>
</comp>

<comp id="520" class="1004" name="p_0_5_0_0_03956_fu_520">
<pin_list>
<pin id="521" dir="0" index="0" bw="1" slack="0"/>
<pin id="522" dir="1" index="1" bw="16" slack="1"/>
</pin_list>
<bind>
<opcode="alloca(26) " fcode="alloca"/>
<opset="p_0_5_0_0_03956/1 "/>
</bind>
</comp>

<comp id="524" class="1004" name="p_0_4_0_0_03938_fu_524">
<pin_list>
<pin id="525" dir="0" index="0" bw="1" slack="0"/>
<pin id="526" dir="1" index="1" bw="16" slack="1"/>
</pin_list>
<bind>
<opcode="alloca(26) " fcode="alloca"/>
<opset="p_0_4_0_0_03938/1 "/>
</bind>
</comp>

<comp id="528" class="1004" name="p_0_3_0_0_039110_fu_528">
<pin_list>
<pin id="529" dir="0" index="0" bw="1" slack="0"/>
<pin id="530" dir="1" index="1" bw="16" slack="1"/>
</pin_list>
<bind>
<opcode="alloca(26) " fcode="alloca"/>
<opset="p_0_3_0_0_039110/1 "/>
</bind>
</comp>

<comp id="532" class="1004" name="p_0_2_0_0_038912_fu_532">
<pin_list>
<pin id="533" dir="0" index="0" bw="1" slack="0"/>
<pin id="534" dir="1" index="1" bw="16" slack="1"/>
</pin_list>
<bind>
<opcode="alloca(26) " fcode="alloca"/>
<opset="p_0_2_0_0_038912/1 "/>
</bind>
</comp>

<comp id="536" class="1004" name="p_0_1_0_0_038714_fu_536">
<pin_list>
<pin id="537" dir="0" index="0" bw="1" slack="0"/>
<pin id="538" dir="1" index="1" bw="16" slack="1"/>
</pin_list>
<bind>
<opcode="alloca(26) " fcode="alloca"/>
<opset="p_0_1_0_0_038714/1 "/>
</bind>
</comp>

<comp id="540" class="1004" name="p_0_0_0_0_038516_fu_540">
<pin_list>
<pin id="541" dir="0" index="0" bw="1" slack="0"/>
<pin id="542" dir="1" index="1" bw="16" slack="1"/>
</pin_list>
<bind>
<opcode="alloca(26) " fcode="alloca"/>
<opset="p_0_0_0_0_038516/1 "/>
</bind>
</comp>

<comp id="544" class="1004" name="p_0_7_0_0_038318_fu_544">
<pin_list>
<pin id="545" dir="0" index="0" bw="1" slack="0"/>
<pin id="546" dir="1" index="1" bw="16" slack="1"/>
</pin_list>
<bind>
<opcode="alloca(26) " fcode="alloca"/>
<opset="p_0_7_0_0_038318/1 "/>
</bind>
</comp>

<comp id="548" class="1004" name="p_0_6_0_0_038120_fu_548">
<pin_list>
<pin id="549" dir="0" index="0" bw="1" slack="0"/>
<pin id="550" dir="1" index="1" bw="16" slack="1"/>
</pin_list>
<bind>
<opcode="alloca(26) " fcode="alloca"/>
<opset="p_0_6_0_0_038120/1 "/>
</bind>
</comp>

<comp id="552" class="1004" name="p_0_5_0_0_037922_fu_552">
<pin_list>
<pin id="553" dir="0" index="0" bw="1" slack="0"/>
<pin id="554" dir="1" index="1" bw="16" slack="1"/>
</pin_list>
<bind>
<opcode="alloca(26) " fcode="alloca"/>
<opset="p_0_5_0_0_037922/1 "/>
</bind>
</comp>

<comp id="556" class="1004" name="p_0_4_0_0_037724_fu_556">
<pin_list>
<pin id="557" dir="0" index="0" bw="1" slack="0"/>
<pin id="558" dir="1" index="1" bw="16" slack="1"/>
</pin_list>
<bind>
<opcode="alloca(26) " fcode="alloca"/>
<opset="p_0_4_0_0_037724/1 "/>
</bind>
</comp>

<comp id="560" class="1004" name="p_0_3_0_0_037526_fu_560">
<pin_list>
<pin id="561" dir="0" index="0" bw="1" slack="0"/>
<pin id="562" dir="1" index="1" bw="16" slack="1"/>
</pin_list>
<bind>
<opcode="alloca(26) " fcode="alloca"/>
<opset="p_0_3_0_0_037526/1 "/>
</bind>
</comp>

<comp id="564" class="1004" name="p_0_2_0_0_037328_fu_564">
<pin_list>
<pin id="565" dir="0" index="0" bw="1" slack="0"/>
<pin id="566" dir="1" index="1" bw="16" slack="1"/>
</pin_list>
<bind>
<opcode="alloca(26) " fcode="alloca"/>
<opset="p_0_2_0_0_037328/1 "/>
</bind>
</comp>

<comp id="568" class="1004" name="p_0_1_0_0_037130_fu_568">
<pin_list>
<pin id="569" dir="0" index="0" bw="1" slack="0"/>
<pin id="570" dir="1" index="1" bw="16" slack="1"/>
</pin_list>
<bind>
<opcode="alloca(26) " fcode="alloca"/>
<opset="p_0_1_0_0_037130/1 "/>
</bind>
</comp>

<comp id="572" class="1004" name="p_0_0_0_0_036932_fu_572">
<pin_list>
<pin id="573" dir="0" index="0" bw="1" slack="0"/>
<pin id="574" dir="1" index="1" bw="16" slack="1"/>
</pin_list>
<bind>
<opcode="alloca(26) " fcode="alloca"/>
<opset="p_0_0_0_0_036932/1 "/>
</bind>
</comp>

<comp id="576" class="1004" name="p_0_7_0_0_036734_fu_576">
<pin_list>
<pin id="577" dir="0" index="0" bw="1" slack="0"/>
<pin id="578" dir="1" index="1" bw="16" slack="1"/>
</pin_list>
<bind>
<opcode="alloca(26) " fcode="alloca"/>
<opset="p_0_7_0_0_036734/1 "/>
</bind>
</comp>

<comp id="580" class="1004" name="p_0_6_0_0_036536_fu_580">
<pin_list>
<pin id="581" dir="0" index="0" bw="1" slack="0"/>
<pin id="582" dir="1" index="1" bw="16" slack="1"/>
</pin_list>
<bind>
<opcode="alloca(26) " fcode="alloca"/>
<opset="p_0_6_0_0_036536/1 "/>
</bind>
</comp>

<comp id="584" class="1004" name="p_0_5_0_0_036338_fu_584">
<pin_list>
<pin id="585" dir="0" index="0" bw="1" slack="0"/>
<pin id="586" dir="1" index="1" bw="16" slack="1"/>
</pin_list>
<bind>
<opcode="alloca(26) " fcode="alloca"/>
<opset="p_0_5_0_0_036338/1 "/>
</bind>
</comp>

<comp id="588" class="1004" name="p_0_4_0_0_036140_fu_588">
<pin_list>
<pin id="589" dir="0" index="0" bw="1" slack="0"/>
<pin id="590" dir="1" index="1" bw="16" slack="1"/>
</pin_list>
<bind>
<opcode="alloca(26) " fcode="alloca"/>
<opset="p_0_4_0_0_036140/1 "/>
</bind>
</comp>

<comp id="592" class="1004" name="p_0_3_0_0_035942_fu_592">
<pin_list>
<pin id="593" dir="0" index="0" bw="1" slack="0"/>
<pin id="594" dir="1" index="1" bw="16" slack="1"/>
</pin_list>
<bind>
<opcode="alloca(26) " fcode="alloca"/>
<opset="p_0_3_0_0_035942/1 "/>
</bind>
</comp>

<comp id="596" class="1004" name="p_0_2_0_0_035744_fu_596">
<pin_list>
<pin id="597" dir="0" index="0" bw="1" slack="0"/>
<pin id="598" dir="1" index="1" bw="16" slack="1"/>
</pin_list>
<bind>
<opcode="alloca(26) " fcode="alloca"/>
<opset="p_0_2_0_0_035744/1 "/>
</bind>
</comp>

<comp id="600" class="1004" name="p_0_1_0_0_035546_fu_600">
<pin_list>
<pin id="601" dir="0" index="0" bw="1" slack="0"/>
<pin id="602" dir="1" index="1" bw="16" slack="1"/>
</pin_list>
<bind>
<opcode="alloca(26) " fcode="alloca"/>
<opset="p_0_1_0_0_035546/1 "/>
</bind>
</comp>

<comp id="604" class="1004" name="p_0_0_0_0_035348_fu_604">
<pin_list>
<pin id="605" dir="0" index="0" bw="1" slack="0"/>
<pin id="606" dir="1" index="1" bw="16" slack="1"/>
</pin_list>
<bind>
<opcode="alloca(26) " fcode="alloca"/>
<opset="p_0_0_0_0_035348/1 "/>
</bind>
</comp>

<comp id="608" class="1004" name="p_0_7_0_0_035150_fu_608">
<pin_list>
<pin id="609" dir="0" index="0" bw="1" slack="0"/>
<pin id="610" dir="1" index="1" bw="16" slack="1"/>
</pin_list>
<bind>
<opcode="alloca(26) " fcode="alloca"/>
<opset="p_0_7_0_0_035150/1 "/>
</bind>
</comp>

<comp id="612" class="1004" name="p_0_6_0_0_034952_fu_612">
<pin_list>
<pin id="613" dir="0" index="0" bw="1" slack="0"/>
<pin id="614" dir="1" index="1" bw="16" slack="1"/>
</pin_list>
<bind>
<opcode="alloca(26) " fcode="alloca"/>
<opset="p_0_6_0_0_034952/1 "/>
</bind>
</comp>

<comp id="616" class="1004" name="p_0_5_0_0_034754_fu_616">
<pin_list>
<pin id="617" dir="0" index="0" bw="1" slack="0"/>
<pin id="618" dir="1" index="1" bw="16" slack="1"/>
</pin_list>
<bind>
<opcode="alloca(26) " fcode="alloca"/>
<opset="p_0_5_0_0_034754/1 "/>
</bind>
</comp>

<comp id="620" class="1004" name="p_0_4_0_0_034556_fu_620">
<pin_list>
<pin id="621" dir="0" index="0" bw="1" slack="0"/>
<pin id="622" dir="1" index="1" bw="16" slack="1"/>
</pin_list>
<bind>
<opcode="alloca(26) " fcode="alloca"/>
<opset="p_0_4_0_0_034556/1 "/>
</bind>
</comp>

<comp id="624" class="1004" name="p_0_3_0_0_034358_fu_624">
<pin_list>
<pin id="625" dir="0" index="0" bw="1" slack="0"/>
<pin id="626" dir="1" index="1" bw="16" slack="1"/>
</pin_list>
<bind>
<opcode="alloca(26) " fcode="alloca"/>
<opset="p_0_3_0_0_034358/1 "/>
</bind>
</comp>

<comp id="628" class="1004" name="p_0_2_0_0_034160_fu_628">
<pin_list>
<pin id="629" dir="0" index="0" bw="1" slack="0"/>
<pin id="630" dir="1" index="1" bw="16" slack="1"/>
</pin_list>
<bind>
<opcode="alloca(26) " fcode="alloca"/>
<opset="p_0_2_0_0_034160/1 "/>
</bind>
</comp>

<comp id="632" class="1004" name="p_0_1_0_0_033962_fu_632">
<pin_list>
<pin id="633" dir="0" index="0" bw="1" slack="0"/>
<pin id="634" dir="1" index="1" bw="16" slack="1"/>
</pin_list>
<bind>
<opcode="alloca(26) " fcode="alloca"/>
<opset="p_0_1_0_0_033962/1 "/>
</bind>
</comp>

<comp id="636" class="1004" name="p_0_0_0_0_033764_fu_636">
<pin_list>
<pin id="637" dir="0" index="0" bw="1" slack="0"/>
<pin id="638" dir="1" index="1" bw="16" slack="1"/>
</pin_list>
<bind>
<opcode="alloca(26) " fcode="alloca"/>
<opset="p_0_0_0_0_033764/1 "/>
</bind>
</comp>

<comp id="640" class="1004" name="p_0_7_0_0_033566_fu_640">
<pin_list>
<pin id="641" dir="0" index="0" bw="1" slack="0"/>
<pin id="642" dir="1" index="1" bw="16" slack="1"/>
</pin_list>
<bind>
<opcode="alloca(26) " fcode="alloca"/>
<opset="p_0_7_0_0_033566/1 "/>
</bind>
</comp>

<comp id="644" class="1004" name="p_0_6_0_0_033368_fu_644">
<pin_list>
<pin id="645" dir="0" index="0" bw="1" slack="0"/>
<pin id="646" dir="1" index="1" bw="16" slack="1"/>
</pin_list>
<bind>
<opcode="alloca(26) " fcode="alloca"/>
<opset="p_0_6_0_0_033368/1 "/>
</bind>
</comp>

<comp id="648" class="1004" name="p_0_5_0_0_033170_fu_648">
<pin_list>
<pin id="649" dir="0" index="0" bw="1" slack="0"/>
<pin id="650" dir="1" index="1" bw="16" slack="1"/>
</pin_list>
<bind>
<opcode="alloca(26) " fcode="alloca"/>
<opset="p_0_5_0_0_033170/1 "/>
</bind>
</comp>

<comp id="652" class="1004" name="p_0_4_0_0_032972_fu_652">
<pin_list>
<pin id="653" dir="0" index="0" bw="1" slack="0"/>
<pin id="654" dir="1" index="1" bw="16" slack="1"/>
</pin_list>
<bind>
<opcode="alloca(26) " fcode="alloca"/>
<opset="p_0_4_0_0_032972/1 "/>
</bind>
</comp>

<comp id="656" class="1004" name="p_0_3_0_0_032774_fu_656">
<pin_list>
<pin id="657" dir="0" index="0" bw="1" slack="0"/>
<pin id="658" dir="1" index="1" bw="16" slack="1"/>
</pin_list>
<bind>
<opcode="alloca(26) " fcode="alloca"/>
<opset="p_0_3_0_0_032774/1 "/>
</bind>
</comp>

<comp id="660" class="1004" name="p_0_2_0_0_032576_fu_660">
<pin_list>
<pin id="661" dir="0" index="0" bw="1" slack="0"/>
<pin id="662" dir="1" index="1" bw="16" slack="1"/>
</pin_list>
<bind>
<opcode="alloca(26) " fcode="alloca"/>
<opset="p_0_2_0_0_032576/1 "/>
</bind>
</comp>

<comp id="664" class="1004" name="p_0_1_0_0_032378_fu_664">
<pin_list>
<pin id="665" dir="0" index="0" bw="1" slack="0"/>
<pin id="666" dir="1" index="1" bw="16" slack="1"/>
</pin_list>
<bind>
<opcode="alloca(26) " fcode="alloca"/>
<opset="p_0_1_0_0_032378/1 "/>
</bind>
</comp>

<comp id="668" class="1004" name="p_0_0_0_0_032180_fu_668">
<pin_list>
<pin id="669" dir="0" index="0" bw="1" slack="0"/>
<pin id="670" dir="1" index="1" bw="16" slack="1"/>
</pin_list>
<bind>
<opcode="alloca(26) " fcode="alloca"/>
<opset="p_0_0_0_0_032180/1 "/>
</bind>
</comp>

<comp id="672" class="1004" name="p_0_7_0_0_031982_fu_672">
<pin_list>
<pin id="673" dir="0" index="0" bw="1" slack="0"/>
<pin id="674" dir="1" index="1" bw="16" slack="1"/>
</pin_list>
<bind>
<opcode="alloca(26) " fcode="alloca"/>
<opset="p_0_7_0_0_031982/1 "/>
</bind>
</comp>

<comp id="676" class="1004" name="p_0_6_0_0_031784_fu_676">
<pin_list>
<pin id="677" dir="0" index="0" bw="1" slack="0"/>
<pin id="678" dir="1" index="1" bw="16" slack="1"/>
</pin_list>
<bind>
<opcode="alloca(26) " fcode="alloca"/>
<opset="p_0_6_0_0_031784/1 "/>
</bind>
</comp>

<comp id="680" class="1004" name="p_0_5_0_0_031586_fu_680">
<pin_list>
<pin id="681" dir="0" index="0" bw="1" slack="0"/>
<pin id="682" dir="1" index="1" bw="16" slack="1"/>
</pin_list>
<bind>
<opcode="alloca(26) " fcode="alloca"/>
<opset="p_0_5_0_0_031586/1 "/>
</bind>
</comp>

<comp id="684" class="1004" name="p_0_4_0_0_031388_fu_684">
<pin_list>
<pin id="685" dir="0" index="0" bw="1" slack="0"/>
<pin id="686" dir="1" index="1" bw="16" slack="1"/>
</pin_list>
<bind>
<opcode="alloca(26) " fcode="alloca"/>
<opset="p_0_4_0_0_031388/1 "/>
</bind>
</comp>

<comp id="688" class="1004" name="p_0_3_0_0_031190_fu_688">
<pin_list>
<pin id="689" dir="0" index="0" bw="1" slack="0"/>
<pin id="690" dir="1" index="1" bw="16" slack="1"/>
</pin_list>
<bind>
<opcode="alloca(26) " fcode="alloca"/>
<opset="p_0_3_0_0_031190/1 "/>
</bind>
</comp>

<comp id="692" class="1004" name="p_0_2_0_0_030992_fu_692">
<pin_list>
<pin id="693" dir="0" index="0" bw="1" slack="0"/>
<pin id="694" dir="1" index="1" bw="16" slack="1"/>
</pin_list>
<bind>
<opcode="alloca(26) " fcode="alloca"/>
<opset="p_0_2_0_0_030992/1 "/>
</bind>
</comp>

<comp id="696" class="1004" name="p_0_1_0_0_030794_fu_696">
<pin_list>
<pin id="697" dir="0" index="0" bw="1" slack="0"/>
<pin id="698" dir="1" index="1" bw="16" slack="1"/>
</pin_list>
<bind>
<opcode="alloca(26) " fcode="alloca"/>
<opset="p_0_1_0_0_030794/1 "/>
</bind>
</comp>

<comp id="700" class="1004" name="p_0_0_0_0_030596_fu_700">
<pin_list>
<pin id="701" dir="0" index="0" bw="1" slack="0"/>
<pin id="702" dir="1" index="1" bw="16" slack="1"/>
</pin_list>
<bind>
<opcode="alloca(26) " fcode="alloca"/>
<opset="p_0_0_0_0_030596/1 "/>
</bind>
</comp>

<comp id="704" class="1004" name="p_0_7_0_0_030398_fu_704">
<pin_list>
<pin id="705" dir="0" index="0" bw="1" slack="0"/>
<pin id="706" dir="1" index="1" bw="16" slack="1"/>
</pin_list>
<bind>
<opcode="alloca(26) " fcode="alloca"/>
<opset="p_0_7_0_0_030398/1 "/>
</bind>
</comp>

<comp id="708" class="1004" name="p_0_6_0_0_0301100_fu_708">
<pin_list>
<pin id="709" dir="0" index="0" bw="1" slack="0"/>
<pin id="710" dir="1" index="1" bw="16" slack="1"/>
</pin_list>
<bind>
<opcode="alloca(26) " fcode="alloca"/>
<opset="p_0_6_0_0_0301100/1 "/>
</bind>
</comp>

<comp id="712" class="1004" name="p_0_5_0_0_0299102_fu_712">
<pin_list>
<pin id="713" dir="0" index="0" bw="1" slack="0"/>
<pin id="714" dir="1" index="1" bw="16" slack="1"/>
</pin_list>
<bind>
<opcode="alloca(26) " fcode="alloca"/>
<opset="p_0_5_0_0_0299102/1 "/>
</bind>
</comp>

<comp id="716" class="1004" name="p_0_4_0_0_0297104_fu_716">
<pin_list>
<pin id="717" dir="0" index="0" bw="1" slack="0"/>
<pin id="718" dir="1" index="1" bw="16" slack="1"/>
</pin_list>
<bind>
<opcode="alloca(26) " fcode="alloca"/>
<opset="p_0_4_0_0_0297104/1 "/>
</bind>
</comp>

<comp id="720" class="1004" name="p_0_3_0_0_0295106_fu_720">
<pin_list>
<pin id="721" dir="0" index="0" bw="1" slack="0"/>
<pin id="722" dir="1" index="1" bw="16" slack="1"/>
</pin_list>
<bind>
<opcode="alloca(26) " fcode="alloca"/>
<opset="p_0_3_0_0_0295106/1 "/>
</bind>
</comp>

<comp id="724" class="1004" name="p_0_2_0_0_0293108_fu_724">
<pin_list>
<pin id="725" dir="0" index="0" bw="1" slack="0"/>
<pin id="726" dir="1" index="1" bw="16" slack="1"/>
</pin_list>
<bind>
<opcode="alloca(26) " fcode="alloca"/>
<opset="p_0_2_0_0_0293108/1 "/>
</bind>
</comp>

<comp id="728" class="1004" name="p_0_1_0_0_0291110_fu_728">
<pin_list>
<pin id="729" dir="0" index="0" bw="1" slack="0"/>
<pin id="730" dir="1" index="1" bw="16" slack="1"/>
</pin_list>
<bind>
<opcode="alloca(26) " fcode="alloca"/>
<opset="p_0_1_0_0_0291110/1 "/>
</bind>
</comp>

<comp id="732" class="1004" name="p_0_0_0_0_0289112_fu_732">
<pin_list>
<pin id="733" dir="0" index="0" bw="1" slack="0"/>
<pin id="734" dir="1" index="1" bw="16" slack="1"/>
</pin_list>
<bind>
<opcode="alloca(26) " fcode="alloca"/>
<opset="p_0_0_0_0_0289112/1 "/>
</bind>
</comp>

<comp id="736" class="1004" name="p_0_7_0_0_0287114_fu_736">
<pin_list>
<pin id="737" dir="0" index="0" bw="1" slack="0"/>
<pin id="738" dir="1" index="1" bw="16" slack="1"/>
</pin_list>
<bind>
<opcode="alloca(26) " fcode="alloca"/>
<opset="p_0_7_0_0_0287114/1 "/>
</bind>
</comp>

<comp id="740" class="1004" name="p_0_6_0_0_0285116_fu_740">
<pin_list>
<pin id="741" dir="0" index="0" bw="1" slack="0"/>
<pin id="742" dir="1" index="1" bw="16" slack="1"/>
</pin_list>
<bind>
<opcode="alloca(26) " fcode="alloca"/>
<opset="p_0_6_0_0_0285116/1 "/>
</bind>
</comp>

<comp id="744" class="1004" name="p_0_5_0_0_0283118_fu_744">
<pin_list>
<pin id="745" dir="0" index="0" bw="1" slack="0"/>
<pin id="746" dir="1" index="1" bw="16" slack="1"/>
</pin_list>
<bind>
<opcode="alloca(26) " fcode="alloca"/>
<opset="p_0_5_0_0_0283118/1 "/>
</bind>
</comp>

<comp id="748" class="1004" name="p_0_4_0_0_0281120_fu_748">
<pin_list>
<pin id="749" dir="0" index="0" bw="1" slack="0"/>
<pin id="750" dir="1" index="1" bw="16" slack="1"/>
</pin_list>
<bind>
<opcode="alloca(26) " fcode="alloca"/>
<opset="p_0_4_0_0_0281120/1 "/>
</bind>
</comp>

<comp id="752" class="1004" name="p_0_3_0_0_0279122_fu_752">
<pin_list>
<pin id="753" dir="0" index="0" bw="1" slack="0"/>
<pin id="754" dir="1" index="1" bw="16" slack="1"/>
</pin_list>
<bind>
<opcode="alloca(26) " fcode="alloca"/>
<opset="p_0_3_0_0_0279122/1 "/>
</bind>
</comp>

<comp id="756" class="1004" name="p_0_2_0_0_0277124_fu_756">
<pin_list>
<pin id="757" dir="0" index="0" bw="1" slack="0"/>
<pin id="758" dir="1" index="1" bw="16" slack="1"/>
</pin_list>
<bind>
<opcode="alloca(26) " fcode="alloca"/>
<opset="p_0_2_0_0_0277124/1 "/>
</bind>
</comp>

<comp id="760" class="1004" name="p_0_1_0_0_0275126_fu_760">
<pin_list>
<pin id="761" dir="0" index="0" bw="1" slack="0"/>
<pin id="762" dir="1" index="1" bw="16" slack="1"/>
</pin_list>
<bind>
<opcode="alloca(26) " fcode="alloca"/>
<opset="p_0_1_0_0_0275126/1 "/>
</bind>
</comp>

<comp id="764" class="1004" name="p_0_0_0_0_0273128_fu_764">
<pin_list>
<pin id="765" dir="0" index="0" bw="1" slack="0"/>
<pin id="766" dir="1" index="1" bw="16" slack="1"/>
</pin_list>
<bind>
<opcode="alloca(26) " fcode="alloca"/>
<opset="p_0_0_0_0_0273128/1 "/>
</bind>
</comp>

<comp id="768" class="1004" name="p_0_7_0_0_0271130_fu_768">
<pin_list>
<pin id="769" dir="0" index="0" bw="1" slack="0"/>
<pin id="770" dir="1" index="1" bw="16" slack="1"/>
</pin_list>
<bind>
<opcode="alloca(26) " fcode="alloca"/>
<opset="p_0_7_0_0_0271130/1 "/>
</bind>
</comp>

<comp id="772" class="1004" name="p_0_6_0_0_0269132_fu_772">
<pin_list>
<pin id="773" dir="0" index="0" bw="1" slack="0"/>
<pin id="774" dir="1" index="1" bw="16" slack="1"/>
</pin_list>
<bind>
<opcode="alloca(26) " fcode="alloca"/>
<opset="p_0_6_0_0_0269132/1 "/>
</bind>
</comp>

<comp id="776" class="1004" name="p_0_5_0_0_0267134_fu_776">
<pin_list>
<pin id="777" dir="0" index="0" bw="1" slack="0"/>
<pin id="778" dir="1" index="1" bw="16" slack="1"/>
</pin_list>
<bind>
<opcode="alloca(26) " fcode="alloca"/>
<opset="p_0_5_0_0_0267134/1 "/>
</bind>
</comp>

<comp id="780" class="1004" name="p_0_4_0_0_0265136_fu_780">
<pin_list>
<pin id="781" dir="0" index="0" bw="1" slack="0"/>
<pin id="782" dir="1" index="1" bw="16" slack="1"/>
</pin_list>
<bind>
<opcode="alloca(26) " fcode="alloca"/>
<opset="p_0_4_0_0_0265136/1 "/>
</bind>
</comp>

<comp id="784" class="1004" name="p_0_3_0_0_0263138_fu_784">
<pin_list>
<pin id="785" dir="0" index="0" bw="1" slack="0"/>
<pin id="786" dir="1" index="1" bw="16" slack="1"/>
</pin_list>
<bind>
<opcode="alloca(26) " fcode="alloca"/>
<opset="p_0_3_0_0_0263138/1 "/>
</bind>
</comp>

<comp id="788" class="1004" name="p_0_2_0_0_0261140_fu_788">
<pin_list>
<pin id="789" dir="0" index="0" bw="1" slack="0"/>
<pin id="790" dir="1" index="1" bw="16" slack="1"/>
</pin_list>
<bind>
<opcode="alloca(26) " fcode="alloca"/>
<opset="p_0_2_0_0_0261140/1 "/>
</bind>
</comp>

<comp id="792" class="1004" name="p_0_1_0_0_0259142_fu_792">
<pin_list>
<pin id="793" dir="0" index="0" bw="1" slack="0"/>
<pin id="794" dir="1" index="1" bw="16" slack="1"/>
</pin_list>
<bind>
<opcode="alloca(26) " fcode="alloca"/>
<opset="p_0_1_0_0_0259142/1 "/>
</bind>
</comp>

<comp id="796" class="1004" name="p_0_0_0_0_0257144_fu_796">
<pin_list>
<pin id="797" dir="0" index="0" bw="1" slack="0"/>
<pin id="798" dir="1" index="1" bw="16" slack="1"/>
</pin_list>
<bind>
<opcode="alloca(26) " fcode="alloca"/>
<opset="p_0_0_0_0_0257144/1 "/>
</bind>
</comp>

<comp id="800" class="1004" name="p_0_7_0_0_0255146_fu_800">
<pin_list>
<pin id="801" dir="0" index="0" bw="1" slack="0"/>
<pin id="802" dir="1" index="1" bw="16" slack="1"/>
</pin_list>
<bind>
<opcode="alloca(26) " fcode="alloca"/>
<opset="p_0_7_0_0_0255146/1 "/>
</bind>
</comp>

<comp id="804" class="1004" name="p_0_6_0_0_0253148_fu_804">
<pin_list>
<pin id="805" dir="0" index="0" bw="1" slack="0"/>
<pin id="806" dir="1" index="1" bw="16" slack="1"/>
</pin_list>
<bind>
<opcode="alloca(26) " fcode="alloca"/>
<opset="p_0_6_0_0_0253148/1 "/>
</bind>
</comp>

<comp id="808" class="1004" name="p_0_5_0_0_0251150_fu_808">
<pin_list>
<pin id="809" dir="0" index="0" bw="1" slack="0"/>
<pin id="810" dir="1" index="1" bw="16" slack="1"/>
</pin_list>
<bind>
<opcode="alloca(26) " fcode="alloca"/>
<opset="p_0_5_0_0_0251150/1 "/>
</bind>
</comp>

<comp id="812" class="1004" name="p_0_4_0_0_0249152_fu_812">
<pin_list>
<pin id="813" dir="0" index="0" bw="1" slack="0"/>
<pin id="814" dir="1" index="1" bw="16" slack="1"/>
</pin_list>
<bind>
<opcode="alloca(26) " fcode="alloca"/>
<opset="p_0_4_0_0_0249152/1 "/>
</bind>
</comp>

<comp id="816" class="1004" name="p_0_3_0_0_0247154_fu_816">
<pin_list>
<pin id="817" dir="0" index="0" bw="1" slack="0"/>
<pin id="818" dir="1" index="1" bw="16" slack="1"/>
</pin_list>
<bind>
<opcode="alloca(26) " fcode="alloca"/>
<opset="p_0_3_0_0_0247154/1 "/>
</bind>
</comp>

<comp id="820" class="1004" name="p_0_2_0_0_0245156_fu_820">
<pin_list>
<pin id="821" dir="0" index="0" bw="1" slack="0"/>
<pin id="822" dir="1" index="1" bw="16" slack="1"/>
</pin_list>
<bind>
<opcode="alloca(26) " fcode="alloca"/>
<opset="p_0_2_0_0_0245156/1 "/>
</bind>
</comp>

<comp id="824" class="1004" name="p_0_1_0_0_0243158_fu_824">
<pin_list>
<pin id="825" dir="0" index="0" bw="1" slack="0"/>
<pin id="826" dir="1" index="1" bw="16" slack="1"/>
</pin_list>
<bind>
<opcode="alloca(26) " fcode="alloca"/>
<opset="p_0_1_0_0_0243158/1 "/>
</bind>
</comp>

<comp id="828" class="1004" name="p_0_0_0_0_0241160_fu_828">
<pin_list>
<pin id="829" dir="0" index="0" bw="1" slack="0"/>
<pin id="830" dir="1" index="1" bw="16" slack="1"/>
</pin_list>
<bind>
<opcode="alloca(26) " fcode="alloca"/>
<opset="p_0_0_0_0_0241160/1 "/>
</bind>
</comp>

<comp id="832" class="1004" name="p_0_7_0_0_0239162_fu_832">
<pin_list>
<pin id="833" dir="0" index="0" bw="1" slack="0"/>
<pin id="834" dir="1" index="1" bw="16" slack="1"/>
</pin_list>
<bind>
<opcode="alloca(26) " fcode="alloca"/>
<opset="p_0_7_0_0_0239162/1 "/>
</bind>
</comp>

<comp id="836" class="1004" name="p_0_6_0_0_0237164_fu_836">
<pin_list>
<pin id="837" dir="0" index="0" bw="1" slack="0"/>
<pin id="838" dir="1" index="1" bw="16" slack="1"/>
</pin_list>
<bind>
<opcode="alloca(26) " fcode="alloca"/>
<opset="p_0_6_0_0_0237164/1 "/>
</bind>
</comp>

<comp id="840" class="1004" name="p_0_5_0_0_0235166_fu_840">
<pin_list>
<pin id="841" dir="0" index="0" bw="1" slack="0"/>
<pin id="842" dir="1" index="1" bw="16" slack="1"/>
</pin_list>
<bind>
<opcode="alloca(26) " fcode="alloca"/>
<opset="p_0_5_0_0_0235166/1 "/>
</bind>
</comp>

<comp id="844" class="1004" name="p_0_4_0_0_0233168_fu_844">
<pin_list>
<pin id="845" dir="0" index="0" bw="1" slack="0"/>
<pin id="846" dir="1" index="1" bw="16" slack="1"/>
</pin_list>
<bind>
<opcode="alloca(26) " fcode="alloca"/>
<opset="p_0_4_0_0_0233168/1 "/>
</bind>
</comp>

<comp id="848" class="1004" name="p_0_3_0_0_0231170_fu_848">
<pin_list>
<pin id="849" dir="0" index="0" bw="1" slack="0"/>
<pin id="850" dir="1" index="1" bw="16" slack="1"/>
</pin_list>
<bind>
<opcode="alloca(26) " fcode="alloca"/>
<opset="p_0_3_0_0_0231170/1 "/>
</bind>
</comp>

<comp id="852" class="1004" name="p_0_2_0_0_0229172_fu_852">
<pin_list>
<pin id="853" dir="0" index="0" bw="1" slack="0"/>
<pin id="854" dir="1" index="1" bw="16" slack="1"/>
</pin_list>
<bind>
<opcode="alloca(26) " fcode="alloca"/>
<opset="p_0_2_0_0_0229172/1 "/>
</bind>
</comp>

<comp id="856" class="1004" name="p_0_1_0_0_0227174_fu_856">
<pin_list>
<pin id="857" dir="0" index="0" bw="1" slack="0"/>
<pin id="858" dir="1" index="1" bw="16" slack="1"/>
</pin_list>
<bind>
<opcode="alloca(26) " fcode="alloca"/>
<opset="p_0_1_0_0_0227174/1 "/>
</bind>
</comp>

<comp id="860" class="1004" name="p_0_0_0_0_0225176_fu_860">
<pin_list>
<pin id="861" dir="0" index="0" bw="1" slack="0"/>
<pin id="862" dir="1" index="1" bw="16" slack="1"/>
</pin_list>
<bind>
<opcode="alloca(26) " fcode="alloca"/>
<opset="p_0_0_0_0_0225176/1 "/>
</bind>
</comp>

<comp id="864" class="1004" name="p_0_7_0_0_0223178_fu_864">
<pin_list>
<pin id="865" dir="0" index="0" bw="1" slack="0"/>
<pin id="866" dir="1" index="1" bw="16" slack="1"/>
</pin_list>
<bind>
<opcode="alloca(26) " fcode="alloca"/>
<opset="p_0_7_0_0_0223178/1 "/>
</bind>
</comp>

<comp id="868" class="1004" name="p_0_6_0_0_0221180_fu_868">
<pin_list>
<pin id="869" dir="0" index="0" bw="1" slack="0"/>
<pin id="870" dir="1" index="1" bw="16" slack="1"/>
</pin_list>
<bind>
<opcode="alloca(26) " fcode="alloca"/>
<opset="p_0_6_0_0_0221180/1 "/>
</bind>
</comp>

<comp id="872" class="1004" name="p_0_5_0_0_0219182_fu_872">
<pin_list>
<pin id="873" dir="0" index="0" bw="1" slack="0"/>
<pin id="874" dir="1" index="1" bw="16" slack="1"/>
</pin_list>
<bind>
<opcode="alloca(26) " fcode="alloca"/>
<opset="p_0_5_0_0_0219182/1 "/>
</bind>
</comp>

<comp id="876" class="1004" name="p_0_4_0_0_0217184_fu_876">
<pin_list>
<pin id="877" dir="0" index="0" bw="1" slack="0"/>
<pin id="878" dir="1" index="1" bw="16" slack="1"/>
</pin_list>
<bind>
<opcode="alloca(26) " fcode="alloca"/>
<opset="p_0_4_0_0_0217184/1 "/>
</bind>
</comp>

<comp id="880" class="1004" name="p_0_3_0_0_0215186_fu_880">
<pin_list>
<pin id="881" dir="0" index="0" bw="1" slack="0"/>
<pin id="882" dir="1" index="1" bw="16" slack="1"/>
</pin_list>
<bind>
<opcode="alloca(26) " fcode="alloca"/>
<opset="p_0_3_0_0_0215186/1 "/>
</bind>
</comp>

<comp id="884" class="1004" name="p_0_2_0_0_0213188_fu_884">
<pin_list>
<pin id="885" dir="0" index="0" bw="1" slack="0"/>
<pin id="886" dir="1" index="1" bw="16" slack="1"/>
</pin_list>
<bind>
<opcode="alloca(26) " fcode="alloca"/>
<opset="p_0_2_0_0_0213188/1 "/>
</bind>
</comp>

<comp id="888" class="1004" name="p_0_1_0_0_0211190_fu_888">
<pin_list>
<pin id="889" dir="0" index="0" bw="1" slack="0"/>
<pin id="890" dir="1" index="1" bw="16" slack="1"/>
</pin_list>
<bind>
<opcode="alloca(26) " fcode="alloca"/>
<opset="p_0_1_0_0_0211190/1 "/>
</bind>
</comp>

<comp id="892" class="1004" name="p_0_0_0_0_0209192_fu_892">
<pin_list>
<pin id="893" dir="0" index="0" bw="1" slack="0"/>
<pin id="894" dir="1" index="1" bw="16" slack="1"/>
</pin_list>
<bind>
<opcode="alloca(26) " fcode="alloca"/>
<opset="p_0_0_0_0_0209192/1 "/>
</bind>
</comp>

<comp id="896" class="1004" name="p_0_7_0_0_0207194_fu_896">
<pin_list>
<pin id="897" dir="0" index="0" bw="1" slack="0"/>
<pin id="898" dir="1" index="1" bw="16" slack="1"/>
</pin_list>
<bind>
<opcode="alloca(26) " fcode="alloca"/>
<opset="p_0_7_0_0_0207194/1 "/>
</bind>
</comp>

<comp id="900" class="1004" name="p_0_6_0_0_0205196_fu_900">
<pin_list>
<pin id="901" dir="0" index="0" bw="1" slack="0"/>
<pin id="902" dir="1" index="1" bw="16" slack="1"/>
</pin_list>
<bind>
<opcode="alloca(26) " fcode="alloca"/>
<opset="p_0_6_0_0_0205196/1 "/>
</bind>
</comp>

<comp id="904" class="1004" name="p_0_5_0_0_0203198_fu_904">
<pin_list>
<pin id="905" dir="0" index="0" bw="1" slack="0"/>
<pin id="906" dir="1" index="1" bw="16" slack="1"/>
</pin_list>
<bind>
<opcode="alloca(26) " fcode="alloca"/>
<opset="p_0_5_0_0_0203198/1 "/>
</bind>
</comp>

<comp id="908" class="1004" name="p_0_4_0_0_0201200_fu_908">
<pin_list>
<pin id="909" dir="0" index="0" bw="1" slack="0"/>
<pin id="910" dir="1" index="1" bw="16" slack="1"/>
</pin_list>
<bind>
<opcode="alloca(26) " fcode="alloca"/>
<opset="p_0_4_0_0_0201200/1 "/>
</bind>
</comp>

<comp id="912" class="1004" name="p_0_3_0_0_0199202_fu_912">
<pin_list>
<pin id="913" dir="0" index="0" bw="1" slack="0"/>
<pin id="914" dir="1" index="1" bw="16" slack="1"/>
</pin_list>
<bind>
<opcode="alloca(26) " fcode="alloca"/>
<opset="p_0_3_0_0_0199202/1 "/>
</bind>
</comp>

<comp id="916" class="1004" name="p_0_2_0_0_0197204_fu_916">
<pin_list>
<pin id="917" dir="0" index="0" bw="1" slack="0"/>
<pin id="918" dir="1" index="1" bw="16" slack="1"/>
</pin_list>
<bind>
<opcode="alloca(26) " fcode="alloca"/>
<opset="p_0_2_0_0_0197204/1 "/>
</bind>
</comp>

<comp id="920" class="1004" name="p_0_1_0_0_0195206_fu_920">
<pin_list>
<pin id="921" dir="0" index="0" bw="1" slack="0"/>
<pin id="922" dir="1" index="1" bw="16" slack="1"/>
</pin_list>
<bind>
<opcode="alloca(26) " fcode="alloca"/>
<opset="p_0_1_0_0_0195206/1 "/>
</bind>
</comp>

<comp id="924" class="1004" name="p_0_0_0_0_0193208_fu_924">
<pin_list>
<pin id="925" dir="0" index="0" bw="1" slack="0"/>
<pin id="926" dir="1" index="1" bw="16" slack="1"/>
</pin_list>
<bind>
<opcode="alloca(26) " fcode="alloca"/>
<opset="p_0_0_0_0_0193208/1 "/>
</bind>
</comp>

<comp id="928" class="1004" name="p_0_7_0_0_0191210_fu_928">
<pin_list>
<pin id="929" dir="0" index="0" bw="1" slack="0"/>
<pin id="930" dir="1" index="1" bw="16" slack="1"/>
</pin_list>
<bind>
<opcode="alloca(26) " fcode="alloca"/>
<opset="p_0_7_0_0_0191210/1 "/>
</bind>
</comp>

<comp id="932" class="1004" name="p_0_6_0_0_0189212_fu_932">
<pin_list>
<pin id="933" dir="0" index="0" bw="1" slack="0"/>
<pin id="934" dir="1" index="1" bw="16" slack="1"/>
</pin_list>
<bind>
<opcode="alloca(26) " fcode="alloca"/>
<opset="p_0_6_0_0_0189212/1 "/>
</bind>
</comp>

<comp id="936" class="1004" name="p_0_5_0_0_0187214_fu_936">
<pin_list>
<pin id="937" dir="0" index="0" bw="1" slack="0"/>
<pin id="938" dir="1" index="1" bw="16" slack="1"/>
</pin_list>
<bind>
<opcode="alloca(26) " fcode="alloca"/>
<opset="p_0_5_0_0_0187214/1 "/>
</bind>
</comp>

<comp id="940" class="1004" name="p_0_4_0_0_0185216_fu_940">
<pin_list>
<pin id="941" dir="0" index="0" bw="1" slack="0"/>
<pin id="942" dir="1" index="1" bw="16" slack="1"/>
</pin_list>
<bind>
<opcode="alloca(26) " fcode="alloca"/>
<opset="p_0_4_0_0_0185216/1 "/>
</bind>
</comp>

<comp id="944" class="1004" name="p_0_3_0_0_0183218_fu_944">
<pin_list>
<pin id="945" dir="0" index="0" bw="1" slack="0"/>
<pin id="946" dir="1" index="1" bw="16" slack="1"/>
</pin_list>
<bind>
<opcode="alloca(26) " fcode="alloca"/>
<opset="p_0_3_0_0_0183218/1 "/>
</bind>
</comp>

<comp id="948" class="1004" name="p_0_2_0_0_0181220_fu_948">
<pin_list>
<pin id="949" dir="0" index="0" bw="1" slack="0"/>
<pin id="950" dir="1" index="1" bw="16" slack="1"/>
</pin_list>
<bind>
<opcode="alloca(26) " fcode="alloca"/>
<opset="p_0_2_0_0_0181220/1 "/>
</bind>
</comp>

<comp id="952" class="1004" name="p_0_1_0_0_0179222_fu_952">
<pin_list>
<pin id="953" dir="0" index="0" bw="1" slack="0"/>
<pin id="954" dir="1" index="1" bw="16" slack="1"/>
</pin_list>
<bind>
<opcode="alloca(26) " fcode="alloca"/>
<opset="p_0_1_0_0_0179222/1 "/>
</bind>
</comp>

<comp id="956" class="1004" name="p_0_0_0_0_0177224_fu_956">
<pin_list>
<pin id="957" dir="0" index="0" bw="1" slack="0"/>
<pin id="958" dir="1" index="1" bw="16" slack="1"/>
</pin_list>
<bind>
<opcode="alloca(26) " fcode="alloca"/>
<opset="p_0_0_0_0_0177224/1 "/>
</bind>
</comp>

<comp id="960" class="1004" name="p_0_7_0_0_0175226_fu_960">
<pin_list>
<pin id="961" dir="0" index="0" bw="1" slack="0"/>
<pin id="962" dir="1" index="1" bw="16" slack="1"/>
</pin_list>
<bind>
<opcode="alloca(26) " fcode="alloca"/>
<opset="p_0_7_0_0_0175226/1 "/>
</bind>
</comp>

<comp id="964" class="1004" name="p_0_6_0_0_0173228_fu_964">
<pin_list>
<pin id="965" dir="0" index="0" bw="1" slack="0"/>
<pin id="966" dir="1" index="1" bw="16" slack="1"/>
</pin_list>
<bind>
<opcode="alloca(26) " fcode="alloca"/>
<opset="p_0_6_0_0_0173228/1 "/>
</bind>
</comp>

<comp id="968" class="1004" name="p_0_5_0_0_0171230_fu_968">
<pin_list>
<pin id="969" dir="0" index="0" bw="1" slack="0"/>
<pin id="970" dir="1" index="1" bw="16" slack="1"/>
</pin_list>
<bind>
<opcode="alloca(26) " fcode="alloca"/>
<opset="p_0_5_0_0_0171230/1 "/>
</bind>
</comp>

<comp id="972" class="1004" name="p_0_4_0_0_0169232_fu_972">
<pin_list>
<pin id="973" dir="0" index="0" bw="1" slack="0"/>
<pin id="974" dir="1" index="1" bw="16" slack="1"/>
</pin_list>
<bind>
<opcode="alloca(26) " fcode="alloca"/>
<opset="p_0_4_0_0_0169232/1 "/>
</bind>
</comp>

<comp id="976" class="1004" name="p_0_3_0_0_0167234_fu_976">
<pin_list>
<pin id="977" dir="0" index="0" bw="1" slack="0"/>
<pin id="978" dir="1" index="1" bw="16" slack="1"/>
</pin_list>
<bind>
<opcode="alloca(26) " fcode="alloca"/>
<opset="p_0_3_0_0_0167234/1 "/>
</bind>
</comp>

<comp id="980" class="1004" name="p_0_2_0_0_0165236_fu_980">
<pin_list>
<pin id="981" dir="0" index="0" bw="1" slack="0"/>
<pin id="982" dir="1" index="1" bw="16" slack="1"/>
</pin_list>
<bind>
<opcode="alloca(26) " fcode="alloca"/>
<opset="p_0_2_0_0_0165236/1 "/>
</bind>
</comp>

<comp id="984" class="1004" name="p_0_1_0_0_0163238_fu_984">
<pin_list>
<pin id="985" dir="0" index="0" bw="1" slack="0"/>
<pin id="986" dir="1" index="1" bw="16" slack="1"/>
</pin_list>
<bind>
<opcode="alloca(26) " fcode="alloca"/>
<opset="p_0_1_0_0_0163238/1 "/>
</bind>
</comp>

<comp id="988" class="1004" name="p_0_0_0_0_0161240_fu_988">
<pin_list>
<pin id="989" dir="0" index="0" bw="1" slack="0"/>
<pin id="990" dir="1" index="1" bw="16" slack="1"/>
</pin_list>
<bind>
<opcode="alloca(26) " fcode="alloca"/>
<opset="p_0_0_0_0_0161240/1 "/>
</bind>
</comp>

<comp id="992" class="1004" name="p_0_7_0_0_0159242_fu_992">
<pin_list>
<pin id="993" dir="0" index="0" bw="1" slack="0"/>
<pin id="994" dir="1" index="1" bw="16" slack="1"/>
</pin_list>
<bind>
<opcode="alloca(26) " fcode="alloca"/>
<opset="p_0_7_0_0_0159242/1 "/>
</bind>
</comp>

<comp id="996" class="1004" name="p_0_6_0_0_0157244_fu_996">
<pin_list>
<pin id="997" dir="0" index="0" bw="1" slack="0"/>
<pin id="998" dir="1" index="1" bw="16" slack="1"/>
</pin_list>
<bind>
<opcode="alloca(26) " fcode="alloca"/>
<opset="p_0_6_0_0_0157244/1 "/>
</bind>
</comp>

<comp id="1000" class="1004" name="p_0_5_0_0_0155246_fu_1000">
<pin_list>
<pin id="1001" dir="0" index="0" bw="1" slack="0"/>
<pin id="1002" dir="1" index="1" bw="16" slack="1"/>
</pin_list>
<bind>
<opcode="alloca(26) " fcode="alloca"/>
<opset="p_0_5_0_0_0155246/1 "/>
</bind>
</comp>

<comp id="1004" class="1004" name="p_0_4_0_0_0153248_fu_1004">
<pin_list>
<pin id="1005" dir="0" index="0" bw="1" slack="0"/>
<pin id="1006" dir="1" index="1" bw="16" slack="1"/>
</pin_list>
<bind>
<opcode="alloca(26) " fcode="alloca"/>
<opset="p_0_4_0_0_0153248/1 "/>
</bind>
</comp>

<comp id="1008" class="1004" name="p_0_3_0_0_0151250_fu_1008">
<pin_list>
<pin id="1009" dir="0" index="0" bw="1" slack="0"/>
<pin id="1010" dir="1" index="1" bw="16" slack="1"/>
</pin_list>
<bind>
<opcode="alloca(26) " fcode="alloca"/>
<opset="p_0_3_0_0_0151250/1 "/>
</bind>
</comp>

<comp id="1012" class="1004" name="p_0_2_0_0_0149252_fu_1012">
<pin_list>
<pin id="1013" dir="0" index="0" bw="1" slack="0"/>
<pin id="1014" dir="1" index="1" bw="16" slack="1"/>
</pin_list>
<bind>
<opcode="alloca(26) " fcode="alloca"/>
<opset="p_0_2_0_0_0149252/1 "/>
</bind>
</comp>

<comp id="1016" class="1004" name="p_0_1_0_0_0147254_fu_1016">
<pin_list>
<pin id="1017" dir="0" index="0" bw="1" slack="0"/>
<pin id="1018" dir="1" index="1" bw="16" slack="1"/>
</pin_list>
<bind>
<opcode="alloca(26) " fcode="alloca"/>
<opset="p_0_1_0_0_0147254/1 "/>
</bind>
</comp>

<comp id="1020" class="1004" name="p_0_0_0_0_0145256_fu_1020">
<pin_list>
<pin id="1021" dir="0" index="0" bw="1" slack="0"/>
<pin id="1022" dir="1" index="1" bw="16" slack="1"/>
</pin_list>
<bind>
<opcode="alloca(26) " fcode="alloca"/>
<opset="p_0_0_0_0_0145256/1 "/>
</bind>
</comp>

<comp id="1024" class="1004" name="p_0_7_0_0_0143258_fu_1024">
<pin_list>
<pin id="1025" dir="0" index="0" bw="1" slack="0"/>
<pin id="1026" dir="1" index="1" bw="16" slack="1"/>
</pin_list>
<bind>
<opcode="alloca(26) " fcode="alloca"/>
<opset="p_0_7_0_0_0143258/1 "/>
</bind>
</comp>

<comp id="1028" class="1004" name="p_0_6_0_0_0141260_fu_1028">
<pin_list>
<pin id="1029" dir="0" index="0" bw="1" slack="0"/>
<pin id="1030" dir="1" index="1" bw="16" slack="1"/>
</pin_list>
<bind>
<opcode="alloca(26) " fcode="alloca"/>
<opset="p_0_6_0_0_0141260/1 "/>
</bind>
</comp>

<comp id="1032" class="1004" name="p_0_5_0_0_0139262_fu_1032">
<pin_list>
<pin id="1033" dir="0" index="0" bw="1" slack="0"/>
<pin id="1034" dir="1" index="1" bw="16" slack="1"/>
</pin_list>
<bind>
<opcode="alloca(26) " fcode="alloca"/>
<opset="p_0_5_0_0_0139262/1 "/>
</bind>
</comp>

<comp id="1036" class="1004" name="p_0_4_0_0_0137264_fu_1036">
<pin_list>
<pin id="1037" dir="0" index="0" bw="1" slack="0"/>
<pin id="1038" dir="1" index="1" bw="16" slack="1"/>
</pin_list>
<bind>
<opcode="alloca(26) " fcode="alloca"/>
<opset="p_0_4_0_0_0137264/1 "/>
</bind>
</comp>

<comp id="1040" class="1004" name="p_0_3_0_0_0135266_fu_1040">
<pin_list>
<pin id="1041" dir="0" index="0" bw="1" slack="0"/>
<pin id="1042" dir="1" index="1" bw="16" slack="1"/>
</pin_list>
<bind>
<opcode="alloca(26) " fcode="alloca"/>
<opset="p_0_3_0_0_0135266/1 "/>
</bind>
</comp>

<comp id="1044" class="1004" name="p_0_2_0_0_0133268_fu_1044">
<pin_list>
<pin id="1045" dir="0" index="0" bw="1" slack="0"/>
<pin id="1046" dir="1" index="1" bw="16" slack="1"/>
</pin_list>
<bind>
<opcode="alloca(26) " fcode="alloca"/>
<opset="p_0_2_0_0_0133268/1 "/>
</bind>
</comp>

<comp id="1048" class="1004" name="p_0_1_0_0_0131270_fu_1048">
<pin_list>
<pin id="1049" dir="0" index="0" bw="1" slack="0"/>
<pin id="1050" dir="1" index="1" bw="16" slack="1"/>
</pin_list>
<bind>
<opcode="alloca(26) " fcode="alloca"/>
<opset="p_0_1_0_0_0131270/1 "/>
</bind>
</comp>

<comp id="1052" class="1004" name="p_0_0_0_0_0129272_fu_1052">
<pin_list>
<pin id="1053" dir="0" index="0" bw="1" slack="0"/>
<pin id="1054" dir="1" index="1" bw="16" slack="1"/>
</pin_list>
<bind>
<opcode="alloca(26) " fcode="alloca"/>
<opset="p_0_0_0_0_0129272/1 "/>
</bind>
</comp>

<comp id="1056" class="1004" name="p_0_7_0_0_0127274_fu_1056">
<pin_list>
<pin id="1057" dir="0" index="0" bw="1" slack="0"/>
<pin id="1058" dir="1" index="1" bw="16" slack="1"/>
</pin_list>
<bind>
<opcode="alloca(26) " fcode="alloca"/>
<opset="p_0_7_0_0_0127274/1 "/>
</bind>
</comp>

<comp id="1060" class="1004" name="p_0_6_0_0_0125276_fu_1060">
<pin_list>
<pin id="1061" dir="0" index="0" bw="1" slack="0"/>
<pin id="1062" dir="1" index="1" bw="16" slack="1"/>
</pin_list>
<bind>
<opcode="alloca(26) " fcode="alloca"/>
<opset="p_0_6_0_0_0125276/1 "/>
</bind>
</comp>

<comp id="1064" class="1004" name="p_0_5_0_0_0123278_fu_1064">
<pin_list>
<pin id="1065" dir="0" index="0" bw="1" slack="0"/>
<pin id="1066" dir="1" index="1" bw="16" slack="1"/>
</pin_list>
<bind>
<opcode="alloca(26) " fcode="alloca"/>
<opset="p_0_5_0_0_0123278/1 "/>
</bind>
</comp>

<comp id="1068" class="1004" name="p_0_4_0_0_0121280_fu_1068">
<pin_list>
<pin id="1069" dir="0" index="0" bw="1" slack="0"/>
<pin id="1070" dir="1" index="1" bw="16" slack="1"/>
</pin_list>
<bind>
<opcode="alloca(26) " fcode="alloca"/>
<opset="p_0_4_0_0_0121280/1 "/>
</bind>
</comp>

<comp id="1072" class="1004" name="p_0_3_0_0_0119282_fu_1072">
<pin_list>
<pin id="1073" dir="0" index="0" bw="1" slack="0"/>
<pin id="1074" dir="1" index="1" bw="16" slack="1"/>
</pin_list>
<bind>
<opcode="alloca(26) " fcode="alloca"/>
<opset="p_0_3_0_0_0119282/1 "/>
</bind>
</comp>

<comp id="1076" class="1004" name="p_0_2_0_0_0117284_fu_1076">
<pin_list>
<pin id="1077" dir="0" index="0" bw="1" slack="0"/>
<pin id="1078" dir="1" index="1" bw="16" slack="1"/>
</pin_list>
<bind>
<opcode="alloca(26) " fcode="alloca"/>
<opset="p_0_2_0_0_0117284/1 "/>
</bind>
</comp>

<comp id="1080" class="1004" name="p_0_1_0_0_0115286_fu_1080">
<pin_list>
<pin id="1081" dir="0" index="0" bw="1" slack="0"/>
<pin id="1082" dir="1" index="1" bw="16" slack="1"/>
</pin_list>
<bind>
<opcode="alloca(26) " fcode="alloca"/>
<opset="p_0_1_0_0_0115286/1 "/>
</bind>
</comp>

<comp id="1084" class="1004" name="p_0_0_0_0_0113288_fu_1084">
<pin_list>
<pin id="1085" dir="0" index="0" bw="1" slack="0"/>
<pin id="1086" dir="1" index="1" bw="16" slack="1"/>
</pin_list>
<bind>
<opcode="alloca(26) " fcode="alloca"/>
<opset="p_0_0_0_0_0113288/1 "/>
</bind>
</comp>

<comp id="1088" class="1004" name="p_0_7_0_0_0111290_fu_1088">
<pin_list>
<pin id="1089" dir="0" index="0" bw="1" slack="0"/>
<pin id="1090" dir="1" index="1" bw="16" slack="1"/>
</pin_list>
<bind>
<opcode="alloca(26) " fcode="alloca"/>
<opset="p_0_7_0_0_0111290/1 "/>
</bind>
</comp>

<comp id="1092" class="1004" name="p_0_6_0_0_0109292_fu_1092">
<pin_list>
<pin id="1093" dir="0" index="0" bw="1" slack="0"/>
<pin id="1094" dir="1" index="1" bw="16" slack="1"/>
</pin_list>
<bind>
<opcode="alloca(26) " fcode="alloca"/>
<opset="p_0_6_0_0_0109292/1 "/>
</bind>
</comp>

<comp id="1096" class="1004" name="p_0_5_0_0_0107294_fu_1096">
<pin_list>
<pin id="1097" dir="0" index="0" bw="1" slack="0"/>
<pin id="1098" dir="1" index="1" bw="16" slack="1"/>
</pin_list>
<bind>
<opcode="alloca(26) " fcode="alloca"/>
<opset="p_0_5_0_0_0107294/1 "/>
</bind>
</comp>

<comp id="1100" class="1004" name="p_0_4_0_0_0105296_fu_1100">
<pin_list>
<pin id="1101" dir="0" index="0" bw="1" slack="0"/>
<pin id="1102" dir="1" index="1" bw="16" slack="1"/>
</pin_list>
<bind>
<opcode="alloca(26) " fcode="alloca"/>
<opset="p_0_4_0_0_0105296/1 "/>
</bind>
</comp>

<comp id="1104" class="1004" name="p_0_3_0_0_0103298_fu_1104">
<pin_list>
<pin id="1105" dir="0" index="0" bw="1" slack="0"/>
<pin id="1106" dir="1" index="1" bw="16" slack="1"/>
</pin_list>
<bind>
<opcode="alloca(26) " fcode="alloca"/>
<opset="p_0_3_0_0_0103298/1 "/>
</bind>
</comp>

<comp id="1108" class="1004" name="p_0_2_0_0_0101300_fu_1108">
<pin_list>
<pin id="1109" dir="0" index="0" bw="1" slack="0"/>
<pin id="1110" dir="1" index="1" bw="16" slack="1"/>
</pin_list>
<bind>
<opcode="alloca(26) " fcode="alloca"/>
<opset="p_0_2_0_0_0101300/1 "/>
</bind>
</comp>

<comp id="1112" class="1004" name="p_0_1_0_0_099302_fu_1112">
<pin_list>
<pin id="1113" dir="0" index="0" bw="1" slack="0"/>
<pin id="1114" dir="1" index="1" bw="16" slack="1"/>
</pin_list>
<bind>
<opcode="alloca(26) " fcode="alloca"/>
<opset="p_0_1_0_0_099302/1 "/>
</bind>
</comp>

<comp id="1116" class="1004" name="p_0_0_0_0_097304_fu_1116">
<pin_list>
<pin id="1117" dir="0" index="0" bw="1" slack="0"/>
<pin id="1118" dir="1" index="1" bw="16" slack="1"/>
</pin_list>
<bind>
<opcode="alloca(26) " fcode="alloca"/>
<opset="p_0_0_0_0_097304/1 "/>
</bind>
</comp>

<comp id="1120" class="1004" name="p_0_7_0_0_095306_fu_1120">
<pin_list>
<pin id="1121" dir="0" index="0" bw="1" slack="0"/>
<pin id="1122" dir="1" index="1" bw="16" slack="1"/>
</pin_list>
<bind>
<opcode="alloca(26) " fcode="alloca"/>
<opset="p_0_7_0_0_095306/1 "/>
</bind>
</comp>

<comp id="1124" class="1004" name="p_0_6_0_0_093308_fu_1124">
<pin_list>
<pin id="1125" dir="0" index="0" bw="1" slack="0"/>
<pin id="1126" dir="1" index="1" bw="16" slack="1"/>
</pin_list>
<bind>
<opcode="alloca(26) " fcode="alloca"/>
<opset="p_0_6_0_0_093308/1 "/>
</bind>
</comp>

<comp id="1128" class="1004" name="p_0_5_0_0_091310_fu_1128">
<pin_list>
<pin id="1129" dir="0" index="0" bw="1" slack="0"/>
<pin id="1130" dir="1" index="1" bw="16" slack="1"/>
</pin_list>
<bind>
<opcode="alloca(26) " fcode="alloca"/>
<opset="p_0_5_0_0_091310/1 "/>
</bind>
</comp>

<comp id="1132" class="1004" name="p_0_4_0_0_089312_fu_1132">
<pin_list>
<pin id="1133" dir="0" index="0" bw="1" slack="0"/>
<pin id="1134" dir="1" index="1" bw="16" slack="1"/>
</pin_list>
<bind>
<opcode="alloca(26) " fcode="alloca"/>
<opset="p_0_4_0_0_089312/1 "/>
</bind>
</comp>

<comp id="1136" class="1004" name="p_0_3_0_0_087314_fu_1136">
<pin_list>
<pin id="1137" dir="0" index="0" bw="1" slack="0"/>
<pin id="1138" dir="1" index="1" bw="16" slack="1"/>
</pin_list>
<bind>
<opcode="alloca(26) " fcode="alloca"/>
<opset="p_0_3_0_0_087314/1 "/>
</bind>
</comp>

<comp id="1140" class="1004" name="p_0_2_0_0_085316_fu_1140">
<pin_list>
<pin id="1141" dir="0" index="0" bw="1" slack="0"/>
<pin id="1142" dir="1" index="1" bw="16" slack="1"/>
</pin_list>
<bind>
<opcode="alloca(26) " fcode="alloca"/>
<opset="p_0_2_0_0_085316/1 "/>
</bind>
</comp>

<comp id="1144" class="1004" name="p_0_1_0_0_083318_fu_1144">
<pin_list>
<pin id="1145" dir="0" index="0" bw="1" slack="0"/>
<pin id="1146" dir="1" index="1" bw="16" slack="1"/>
</pin_list>
<bind>
<opcode="alloca(26) " fcode="alloca"/>
<opset="p_0_1_0_0_083318/1 "/>
</bind>
</comp>

<comp id="1148" class="1004" name="p_0_0_0_0_081320_fu_1148">
<pin_list>
<pin id="1149" dir="0" index="0" bw="1" slack="0"/>
<pin id="1150" dir="1" index="1" bw="16" slack="1"/>
</pin_list>
<bind>
<opcode="alloca(26) " fcode="alloca"/>
<opset="p_0_0_0_0_081320/1 "/>
</bind>
</comp>

<comp id="1152" class="1004" name="p_0_7_0_0_079322_fu_1152">
<pin_list>
<pin id="1153" dir="0" index="0" bw="1" slack="0"/>
<pin id="1154" dir="1" index="1" bw="16" slack="1"/>
</pin_list>
<bind>
<opcode="alloca(26) " fcode="alloca"/>
<opset="p_0_7_0_0_079322/1 "/>
</bind>
</comp>

<comp id="1156" class="1004" name="p_0_6_0_0_077324_fu_1156">
<pin_list>
<pin id="1157" dir="0" index="0" bw="1" slack="0"/>
<pin id="1158" dir="1" index="1" bw="16" slack="1"/>
</pin_list>
<bind>
<opcode="alloca(26) " fcode="alloca"/>
<opset="p_0_6_0_0_077324/1 "/>
</bind>
</comp>

<comp id="1160" class="1004" name="p_0_5_0_0_075326_fu_1160">
<pin_list>
<pin id="1161" dir="0" index="0" bw="1" slack="0"/>
<pin id="1162" dir="1" index="1" bw="16" slack="1"/>
</pin_list>
<bind>
<opcode="alloca(26) " fcode="alloca"/>
<opset="p_0_5_0_0_075326/1 "/>
</bind>
</comp>

<comp id="1164" class="1004" name="p_0_4_0_0_073328_fu_1164">
<pin_list>
<pin id="1165" dir="0" index="0" bw="1" slack="0"/>
<pin id="1166" dir="1" index="1" bw="16" slack="1"/>
</pin_list>
<bind>
<opcode="alloca(26) " fcode="alloca"/>
<opset="p_0_4_0_0_073328/1 "/>
</bind>
</comp>

<comp id="1168" class="1004" name="p_0_3_0_0_071330_fu_1168">
<pin_list>
<pin id="1169" dir="0" index="0" bw="1" slack="0"/>
<pin id="1170" dir="1" index="1" bw="16" slack="1"/>
</pin_list>
<bind>
<opcode="alloca(26) " fcode="alloca"/>
<opset="p_0_3_0_0_071330/1 "/>
</bind>
</comp>

<comp id="1172" class="1004" name="p_0_2_0_0_069332_fu_1172">
<pin_list>
<pin id="1173" dir="0" index="0" bw="1" slack="0"/>
<pin id="1174" dir="1" index="1" bw="16" slack="1"/>
</pin_list>
<bind>
<opcode="alloca(26) " fcode="alloca"/>
<opset="p_0_2_0_0_069332/1 "/>
</bind>
</comp>

<comp id="1176" class="1004" name="p_0_1_0_0_067334_fu_1176">
<pin_list>
<pin id="1177" dir="0" index="0" bw="1" slack="0"/>
<pin id="1178" dir="1" index="1" bw="16" slack="1"/>
</pin_list>
<bind>
<opcode="alloca(26) " fcode="alloca"/>
<opset="p_0_1_0_0_067334/1 "/>
</bind>
</comp>

<comp id="1180" class="1004" name="p_0_0_0_0_065336_fu_1180">
<pin_list>
<pin id="1181" dir="0" index="0" bw="1" slack="0"/>
<pin id="1182" dir="1" index="1" bw="16" slack="1"/>
</pin_list>
<bind>
<opcode="alloca(26) " fcode="alloca"/>
<opset="p_0_0_0_0_065336/1 "/>
</bind>
</comp>

<comp id="1184" class="1004" name="p_0_7_0_0_063338_fu_1184">
<pin_list>
<pin id="1185" dir="0" index="0" bw="1" slack="0"/>
<pin id="1186" dir="1" index="1" bw="16" slack="1"/>
</pin_list>
<bind>
<opcode="alloca(26) " fcode="alloca"/>
<opset="p_0_7_0_0_063338/1 "/>
</bind>
</comp>

<comp id="1188" class="1004" name="p_0_6_0_0_061340_fu_1188">
<pin_list>
<pin id="1189" dir="0" index="0" bw="1" slack="0"/>
<pin id="1190" dir="1" index="1" bw="16" slack="1"/>
</pin_list>
<bind>
<opcode="alloca(26) " fcode="alloca"/>
<opset="p_0_6_0_0_061340/1 "/>
</bind>
</comp>

<comp id="1192" class="1004" name="p_0_5_0_0_059342_fu_1192">
<pin_list>
<pin id="1193" dir="0" index="0" bw="1" slack="0"/>
<pin id="1194" dir="1" index="1" bw="16" slack="1"/>
</pin_list>
<bind>
<opcode="alloca(26) " fcode="alloca"/>
<opset="p_0_5_0_0_059342/1 "/>
</bind>
</comp>

<comp id="1196" class="1004" name="p_0_4_0_0_057344_fu_1196">
<pin_list>
<pin id="1197" dir="0" index="0" bw="1" slack="0"/>
<pin id="1198" dir="1" index="1" bw="16" slack="1"/>
</pin_list>
<bind>
<opcode="alloca(26) " fcode="alloca"/>
<opset="p_0_4_0_0_057344/1 "/>
</bind>
</comp>

<comp id="1200" class="1004" name="p_0_3_0_0_055346_fu_1200">
<pin_list>
<pin id="1201" dir="0" index="0" bw="1" slack="0"/>
<pin id="1202" dir="1" index="1" bw="16" slack="1"/>
</pin_list>
<bind>
<opcode="alloca(26) " fcode="alloca"/>
<opset="p_0_3_0_0_055346/1 "/>
</bind>
</comp>

<comp id="1204" class="1004" name="p_0_2_0_0_053348_fu_1204">
<pin_list>
<pin id="1205" dir="0" index="0" bw="1" slack="0"/>
<pin id="1206" dir="1" index="1" bw="16" slack="1"/>
</pin_list>
<bind>
<opcode="alloca(26) " fcode="alloca"/>
<opset="p_0_2_0_0_053348/1 "/>
</bind>
</comp>

<comp id="1208" class="1004" name="p_0_1_0_0_051350_fu_1208">
<pin_list>
<pin id="1209" dir="0" index="0" bw="1" slack="0"/>
<pin id="1210" dir="1" index="1" bw="16" slack="1"/>
</pin_list>
<bind>
<opcode="alloca(26) " fcode="alloca"/>
<opset="p_0_1_0_0_051350/1 "/>
</bind>
</comp>

<comp id="1212" class="1004" name="p_0_0_0_0_049352_fu_1212">
<pin_list>
<pin id="1213" dir="0" index="0" bw="1" slack="0"/>
<pin id="1214" dir="1" index="1" bw="16" slack="1"/>
</pin_list>
<bind>
<opcode="alloca(26) " fcode="alloca"/>
<opset="p_0_0_0_0_049352/1 "/>
</bind>
</comp>

<comp id="1216" class="1004" name="p_0_7_0_0_047354_fu_1216">
<pin_list>
<pin id="1217" dir="0" index="0" bw="1" slack="0"/>
<pin id="1218" dir="1" index="1" bw="16" slack="1"/>
</pin_list>
<bind>
<opcode="alloca(26) " fcode="alloca"/>
<opset="p_0_7_0_0_047354/1 "/>
</bind>
</comp>

<comp id="1220" class="1004" name="p_0_6_0_0_045356_fu_1220">
<pin_list>
<pin id="1221" dir="0" index="0" bw="1" slack="0"/>
<pin id="1222" dir="1" index="1" bw="16" slack="1"/>
</pin_list>
<bind>
<opcode="alloca(26) " fcode="alloca"/>
<opset="p_0_6_0_0_045356/1 "/>
</bind>
</comp>

<comp id="1224" class="1004" name="p_0_5_0_0_043358_fu_1224">
<pin_list>
<pin id="1225" dir="0" index="0" bw="1" slack="0"/>
<pin id="1226" dir="1" index="1" bw="16" slack="1"/>
</pin_list>
<bind>
<opcode="alloca(26) " fcode="alloca"/>
<opset="p_0_5_0_0_043358/1 "/>
</bind>
</comp>

<comp id="1228" class="1004" name="p_0_4_0_0_041360_fu_1228">
<pin_list>
<pin id="1229" dir="0" index="0" bw="1" slack="0"/>
<pin id="1230" dir="1" index="1" bw="16" slack="1"/>
</pin_list>
<bind>
<opcode="alloca(26) " fcode="alloca"/>
<opset="p_0_4_0_0_041360/1 "/>
</bind>
</comp>

<comp id="1232" class="1004" name="p_0_3_0_0_039362_fu_1232">
<pin_list>
<pin id="1233" dir="0" index="0" bw="1" slack="0"/>
<pin id="1234" dir="1" index="1" bw="16" slack="1"/>
</pin_list>
<bind>
<opcode="alloca(26) " fcode="alloca"/>
<opset="p_0_3_0_0_039362/1 "/>
</bind>
</comp>

<comp id="1236" class="1004" name="p_0_2_0_0_037364_fu_1236">
<pin_list>
<pin id="1237" dir="0" index="0" bw="1" slack="0"/>
<pin id="1238" dir="1" index="1" bw="16" slack="1"/>
</pin_list>
<bind>
<opcode="alloca(26) " fcode="alloca"/>
<opset="p_0_2_0_0_037364/1 "/>
</bind>
</comp>

<comp id="1240" class="1004" name="p_0_1_0_0_035366_fu_1240">
<pin_list>
<pin id="1241" dir="0" index="0" bw="1" slack="0"/>
<pin id="1242" dir="1" index="1" bw="16" slack="1"/>
</pin_list>
<bind>
<opcode="alloca(26) " fcode="alloca"/>
<opset="p_0_1_0_0_035366/1 "/>
</bind>
</comp>

<comp id="1244" class="1004" name="p_0_0_0_0_033368_fu_1244">
<pin_list>
<pin id="1245" dir="0" index="0" bw="1" slack="0"/>
<pin id="1246" dir="1" index="1" bw="16" slack="1"/>
</pin_list>
<bind>
<opcode="alloca(26) " fcode="alloca"/>
<opset="p_0_0_0_0_033368/1 "/>
</bind>
</comp>

<comp id="1248" class="1004" name="p_0_7_0_0_031370_fu_1248">
<pin_list>
<pin id="1249" dir="0" index="0" bw="1" slack="0"/>
<pin id="1250" dir="1" index="1" bw="16" slack="1"/>
</pin_list>
<bind>
<opcode="alloca(26) " fcode="alloca"/>
<opset="p_0_7_0_0_031370/1 "/>
</bind>
</comp>

<comp id="1252" class="1004" name="p_0_6_0_0_029372_fu_1252">
<pin_list>
<pin id="1253" dir="0" index="0" bw="1" slack="0"/>
<pin id="1254" dir="1" index="1" bw="16" slack="1"/>
</pin_list>
<bind>
<opcode="alloca(26) " fcode="alloca"/>
<opset="p_0_6_0_0_029372/1 "/>
</bind>
</comp>

<comp id="1256" class="1004" name="p_0_5_0_0_027374_fu_1256">
<pin_list>
<pin id="1257" dir="0" index="0" bw="1" slack="0"/>
<pin id="1258" dir="1" index="1" bw="16" slack="1"/>
</pin_list>
<bind>
<opcode="alloca(26) " fcode="alloca"/>
<opset="p_0_5_0_0_027374/1 "/>
</bind>
</comp>

<comp id="1260" class="1004" name="p_0_4_0_0_025376_fu_1260">
<pin_list>
<pin id="1261" dir="0" index="0" bw="1" slack="0"/>
<pin id="1262" dir="1" index="1" bw="16" slack="1"/>
</pin_list>
<bind>
<opcode="alloca(26) " fcode="alloca"/>
<opset="p_0_4_0_0_025376/1 "/>
</bind>
</comp>

<comp id="1264" class="1004" name="p_0_3_0_0_023378_fu_1264">
<pin_list>
<pin id="1265" dir="0" index="0" bw="1" slack="0"/>
<pin id="1266" dir="1" index="1" bw="16" slack="1"/>
</pin_list>
<bind>
<opcode="alloca(26) " fcode="alloca"/>
<opset="p_0_3_0_0_023378/1 "/>
</bind>
</comp>

<comp id="1268" class="1004" name="p_0_2_0_0_021380_fu_1268">
<pin_list>
<pin id="1269" dir="0" index="0" bw="1" slack="0"/>
<pin id="1270" dir="1" index="1" bw="16" slack="1"/>
</pin_list>
<bind>
<opcode="alloca(26) " fcode="alloca"/>
<opset="p_0_2_0_0_021380/1 "/>
</bind>
</comp>

<comp id="1272" class="1004" name="p_0_1_0_0_019382_fu_1272">
<pin_list>
<pin id="1273" dir="0" index="0" bw="1" slack="0"/>
<pin id="1274" dir="1" index="1" bw="16" slack="1"/>
</pin_list>
<bind>
<opcode="alloca(26) " fcode="alloca"/>
<opset="p_0_1_0_0_019382/1 "/>
</bind>
</comp>

<comp id="1276" class="1004" name="p_0_0_0_0_017384_fu_1276">
<pin_list>
<pin id="1277" dir="0" index="0" bw="1" slack="0"/>
<pin id="1278" dir="1" index="1" bw="16" slack="1"/>
</pin_list>
<bind>
<opcode="alloca(26) " fcode="alloca"/>
<opset="p_0_0_0_0_017384/1 "/>
</bind>
</comp>

<comp id="1280" class="1004" name="p_0_7_0_0_015386_fu_1280">
<pin_list>
<pin id="1281" dir="0" index="0" bw="1" slack="0"/>
<pin id="1282" dir="1" index="1" bw="16" slack="1"/>
</pin_list>
<bind>
<opcode="alloca(26) " fcode="alloca"/>
<opset="p_0_7_0_0_015386/1 "/>
</bind>
</comp>

<comp id="1284" class="1004" name="p_0_6_0_0_013388_fu_1284">
<pin_list>
<pin id="1285" dir="0" index="0" bw="1" slack="0"/>
<pin id="1286" dir="1" index="1" bw="16" slack="1"/>
</pin_list>
<bind>
<opcode="alloca(26) " fcode="alloca"/>
<opset="p_0_6_0_0_013388/1 "/>
</bind>
</comp>

<comp id="1288" class="1004" name="p_0_5_0_0_011390_fu_1288">
<pin_list>
<pin id="1289" dir="0" index="0" bw="1" slack="0"/>
<pin id="1290" dir="1" index="1" bw="16" slack="1"/>
</pin_list>
<bind>
<opcode="alloca(26) " fcode="alloca"/>
<opset="p_0_5_0_0_011390/1 "/>
</bind>
</comp>

<comp id="1292" class="1004" name="p_0_4_0_0_09392_fu_1292">
<pin_list>
<pin id="1293" dir="0" index="0" bw="1" slack="0"/>
<pin id="1294" dir="1" index="1" bw="16" slack="1"/>
</pin_list>
<bind>
<opcode="alloca(26) " fcode="alloca"/>
<opset="p_0_4_0_0_09392/1 "/>
</bind>
</comp>

<comp id="1296" class="1004" name="p_0_3_0_0_07394_fu_1296">
<pin_list>
<pin id="1297" dir="0" index="0" bw="1" slack="0"/>
<pin id="1298" dir="1" index="1" bw="16" slack="1"/>
</pin_list>
<bind>
<opcode="alloca(26) " fcode="alloca"/>
<opset="p_0_3_0_0_07394/1 "/>
</bind>
</comp>

<comp id="1300" class="1004" name="p_0_2_0_0_05396_fu_1300">
<pin_list>
<pin id="1301" dir="0" index="0" bw="1" slack="0"/>
<pin id="1302" dir="1" index="1" bw="16" slack="1"/>
</pin_list>
<bind>
<opcode="alloca(26) " fcode="alloca"/>
<opset="p_0_2_0_0_05396/1 "/>
</bind>
</comp>

<comp id="1304" class="1004" name="p_0_1_0_0_03398_fu_1304">
<pin_list>
<pin id="1305" dir="0" index="0" bw="1" slack="0"/>
<pin id="1306" dir="1" index="1" bw="16" slack="1"/>
</pin_list>
<bind>
<opcode="alloca(26) " fcode="alloca"/>
<opset="p_0_1_0_0_03398/1 "/>
</bind>
</comp>

<comp id="1308" class="1004" name="p_0_0_0_0_01400_fu_1308">
<pin_list>
<pin id="1309" dir="0" index="0" bw="1" slack="0"/>
<pin id="1310" dir="1" index="1" bw="16" slack="1"/>
</pin_list>
<bind>
<opcode="alloca(26) " fcode="alloca"/>
<opset="p_0_0_0_0_01400/1 "/>
</bind>
</comp>

<comp id="1312" class="1004" name="layer16_out_read_read_fu_1312">
<pin_list>
<pin id="1313" dir="0" index="0" bw="128" slack="0"/>
<pin id="1314" dir="0" index="1" bw="128" slack="0"/>
<pin id="1315" dir="1" index="2" bw="128" slack="0"/>
</pin_list>
<bind>
<opcode="read(1150) " fcode="read"/>
<opset="layer16_out_read/2 "/>
</bind>
</comp>

<comp id="1318" class="1004" name="write_ln0_write_fu_1318">
<pin_list>
<pin id="1319" dir="0" index="0" bw="0" slack="0"/>
<pin id="1320" dir="0" index="1" bw="16" slack="0"/>
<pin id="1321" dir="0" index="2" bw="16" slack="0"/>
<pin id="1322" dir="1" index="3" bw="0" slack="2147483647"/>
</pin_list>
<bind>
<opcode="write(1151) " fcode="write"/>
<opset="write_ln0/2 "/>
</bind>
</comp>

<comp id="1325" class="1004" name="write_ln0_write_fu_1325">
<pin_list>
<pin id="1326" dir="0" index="0" bw="0" slack="0"/>
<pin id="1327" dir="0" index="1" bw="16" slack="0"/>
<pin id="1328" dir="0" index="2" bw="16" slack="0"/>
<pin id="1329" dir="1" index="3" bw="0" slack="2147483647"/>
</pin_list>
<bind>
<opcode="write(1151) " fcode="write"/>
<opset="write_ln0/2 "/>
</bind>
</comp>

<comp id="1332" class="1004" name="write_ln0_write_fu_1332">
<pin_list>
<pin id="1333" dir="0" index="0" bw="0" slack="0"/>
<pin id="1334" dir="0" index="1" bw="16" slack="0"/>
<pin id="1335" dir="0" index="2" bw="16" slack="0"/>
<pin id="1336" dir="1" index="3" bw="0" slack="2147483647"/>
</pin_list>
<bind>
<opcode="write(1151) " fcode="write"/>
<opset="write_ln0/2 "/>
</bind>
</comp>

<comp id="1339" class="1004" name="write_ln0_write_fu_1339">
<pin_list>
<pin id="1340" dir="0" index="0" bw="0" slack="0"/>
<pin id="1341" dir="0" index="1" bw="16" slack="0"/>
<pin id="1342" dir="0" index="2" bw="16" slack="0"/>
<pin id="1343" dir="1" index="3" bw="0" slack="2147483647"/>
</pin_list>
<bind>
<opcode="write(1151) " fcode="write"/>
<opset="write_ln0/2 "/>
</bind>
</comp>

<comp id="1346" class="1004" name="write_ln0_write_fu_1346">
<pin_list>
<pin id="1347" dir="0" index="0" bw="0" slack="0"/>
<pin id="1348" dir="0" index="1" bw="16" slack="0"/>
<pin id="1349" dir="0" index="2" bw="16" slack="0"/>
<pin id="1350" dir="1" index="3" bw="0" slack="2147483647"/>
</pin_list>
<bind>
<opcode="write(1151) " fcode="write"/>
<opset="write_ln0/2 "/>
</bind>
</comp>

<comp id="1353" class="1004" name="write_ln0_write_fu_1353">
<pin_list>
<pin id="1354" dir="0" index="0" bw="0" slack="0"/>
<pin id="1355" dir="0" index="1" bw="16" slack="0"/>
<pin id="1356" dir="0" index="2" bw="16" slack="0"/>
<pin id="1357" dir="1" index="3" bw="0" slack="2147483647"/>
</pin_list>
<bind>
<opcode="write(1151) " fcode="write"/>
<opset="write_ln0/2 "/>
</bind>
</comp>

<comp id="1360" class="1004" name="write_ln0_write_fu_1360">
<pin_list>
<pin id="1361" dir="0" index="0" bw="0" slack="0"/>
<pin id="1362" dir="0" index="1" bw="16" slack="0"/>
<pin id="1363" dir="0" index="2" bw="16" slack="0"/>
<pin id="1364" dir="1" index="3" bw="0" slack="2147483647"/>
</pin_list>
<bind>
<opcode="write(1151) " fcode="write"/>
<opset="write_ln0/2 "/>
</bind>
</comp>

<comp id="1367" class="1004" name="write_ln0_write_fu_1367">
<pin_list>
<pin id="1368" dir="0" index="0" bw="0" slack="0"/>
<pin id="1369" dir="0" index="1" bw="16" slack="0"/>
<pin id="1370" dir="0" index="2" bw="16" slack="0"/>
<pin id="1371" dir="1" index="3" bw="0" slack="2147483647"/>
</pin_list>
<bind>
<opcode="write(1151) " fcode="write"/>
<opset="write_ln0/2 "/>
</bind>
</comp>

<comp id="1374" class="1004" name="write_ln0_write_fu_1374">
<pin_list>
<pin id="1375" dir="0" index="0" bw="0" slack="0"/>
<pin id="1376" dir="0" index="1" bw="16" slack="0"/>
<pin id="1377" dir="0" index="2" bw="16" slack="0"/>
<pin id="1378" dir="1" index="3" bw="0" slack="2147483647"/>
</pin_list>
<bind>
<opcode="write(1151) " fcode="write"/>
<opset="write_ln0/2 "/>
</bind>
</comp>

<comp id="1381" class="1004" name="write_ln0_write_fu_1381">
<pin_list>
<pin id="1382" dir="0" index="0" bw="0" slack="0"/>
<pin id="1383" dir="0" index="1" bw="16" slack="0"/>
<pin id="1384" dir="0" index="2" bw="16" slack="0"/>
<pin id="1385" dir="1" index="3" bw="0" slack="2147483647"/>
</pin_list>
<bind>
<opcode="write(1151) " fcode="write"/>
<opset="write_ln0/2 "/>
</bind>
</comp>

<comp id="1388" class="1004" name="write_ln0_write_fu_1388">
<pin_list>
<pin id="1389" dir="0" index="0" bw="0" slack="0"/>
<pin id="1390" dir="0" index="1" bw="16" slack="0"/>
<pin id="1391" dir="0" index="2" bw="16" slack="0"/>
<pin id="1392" dir="1" index="3" bw="0" slack="2147483647"/>
</pin_list>
<bind>
<opcode="write(1151) " fcode="write"/>
<opset="write_ln0/2 "/>
</bind>
</comp>

<comp id="1395" class="1004" name="write_ln0_write_fu_1395">
<pin_list>
<pin id="1396" dir="0" index="0" bw="0" slack="0"/>
<pin id="1397" dir="0" index="1" bw="16" slack="0"/>
<pin id="1398" dir="0" index="2" bw="16" slack="0"/>
<pin id="1399" dir="1" index="3" bw="0" slack="2147483647"/>
</pin_list>
<bind>
<opcode="write(1151) " fcode="write"/>
<opset="write_ln0/2 "/>
</bind>
</comp>

<comp id="1402" class="1004" name="write_ln0_write_fu_1402">
<pin_list>
<pin id="1403" dir="0" index="0" bw="0" slack="0"/>
<pin id="1404" dir="0" index="1" bw="16" slack="0"/>
<pin id="1405" dir="0" index="2" bw="16" slack="0"/>
<pin id="1406" dir="1" index="3" bw="0" slack="2147483647"/>
</pin_list>
<bind>
<opcode="write(1151) " fcode="write"/>
<opset="write_ln0/2 "/>
</bind>
</comp>

<comp id="1409" class="1004" name="write_ln0_write_fu_1409">
<pin_list>
<pin id="1410" dir="0" index="0" bw="0" slack="0"/>
<pin id="1411" dir="0" index="1" bw="16" slack="0"/>
<pin id="1412" dir="0" index="2" bw="16" slack="0"/>
<pin id="1413" dir="1" index="3" bw="0" slack="2147483647"/>
</pin_list>
<bind>
<opcode="write(1151) " fcode="write"/>
<opset="write_ln0/2 "/>
</bind>
</comp>

<comp id="1416" class="1004" name="write_ln0_write_fu_1416">
<pin_list>
<pin id="1417" dir="0" index="0" bw="0" slack="0"/>
<pin id="1418" dir="0" index="1" bw="16" slack="0"/>
<pin id="1419" dir="0" index="2" bw="16" slack="0"/>
<pin id="1420" dir="1" index="3" bw="0" slack="2147483647"/>
</pin_list>
<bind>
<opcode="write(1151) " fcode="write"/>
<opset="write_ln0/2 "/>
</bind>
</comp>

<comp id="1423" class="1004" name="write_ln0_write_fu_1423">
<pin_list>
<pin id="1424" dir="0" index="0" bw="0" slack="0"/>
<pin id="1425" dir="0" index="1" bw="16" slack="0"/>
<pin id="1426" dir="0" index="2" bw="16" slack="0"/>
<pin id="1427" dir="1" index="3" bw="0" slack="2147483647"/>
</pin_list>
<bind>
<opcode="write(1151) " fcode="write"/>
<opset="write_ln0/2 "/>
</bind>
</comp>

<comp id="1430" class="1004" name="write_ln0_write_fu_1430">
<pin_list>
<pin id="1431" dir="0" index="0" bw="0" slack="0"/>
<pin id="1432" dir="0" index="1" bw="16" slack="0"/>
<pin id="1433" dir="0" index="2" bw="16" slack="0"/>
<pin id="1434" dir="1" index="3" bw="0" slack="2147483647"/>
</pin_list>
<bind>
<opcode="write(1151) " fcode="write"/>
<opset="write_ln0/2 "/>
</bind>
</comp>

<comp id="1437" class="1004" name="write_ln0_write_fu_1437">
<pin_list>
<pin id="1438" dir="0" index="0" bw="0" slack="0"/>
<pin id="1439" dir="0" index="1" bw="16" slack="0"/>
<pin id="1440" dir="0" index="2" bw="16" slack="0"/>
<pin id="1441" dir="1" index="3" bw="0" slack="2147483647"/>
</pin_list>
<bind>
<opcode="write(1151) " fcode="write"/>
<opset="write_ln0/2 "/>
</bind>
</comp>

<comp id="1444" class="1004" name="write_ln0_write_fu_1444">
<pin_list>
<pin id="1445" dir="0" index="0" bw="0" slack="0"/>
<pin id="1446" dir="0" index="1" bw="16" slack="0"/>
<pin id="1447" dir="0" index="2" bw="16" slack="0"/>
<pin id="1448" dir="1" index="3" bw="0" slack="2147483647"/>
</pin_list>
<bind>
<opcode="write(1151) " fcode="write"/>
<opset="write_ln0/2 "/>
</bind>
</comp>

<comp id="1451" class="1004" name="write_ln0_write_fu_1451">
<pin_list>
<pin id="1452" dir="0" index="0" bw="0" slack="0"/>
<pin id="1453" dir="0" index="1" bw="16" slack="0"/>
<pin id="1454" dir="0" index="2" bw="16" slack="0"/>
<pin id="1455" dir="1" index="3" bw="0" slack="2147483647"/>
</pin_list>
<bind>
<opcode="write(1151) " fcode="write"/>
<opset="write_ln0/2 "/>
</bind>
</comp>

<comp id="1458" class="1004" name="write_ln0_write_fu_1458">
<pin_list>
<pin id="1459" dir="0" index="0" bw="0" slack="0"/>
<pin id="1460" dir="0" index="1" bw="16" slack="0"/>
<pin id="1461" dir="0" index="2" bw="16" slack="0"/>
<pin id="1462" dir="1" index="3" bw="0" slack="2147483647"/>
</pin_list>
<bind>
<opcode="write(1151) " fcode="write"/>
<opset="write_ln0/2 "/>
</bind>
</comp>

<comp id="1465" class="1004" name="write_ln0_write_fu_1465">
<pin_list>
<pin id="1466" dir="0" index="0" bw="0" slack="0"/>
<pin id="1467" dir="0" index="1" bw="16" slack="0"/>
<pin id="1468" dir="0" index="2" bw="16" slack="0"/>
<pin id="1469" dir="1" index="3" bw="0" slack="2147483647"/>
</pin_list>
<bind>
<opcode="write(1151) " fcode="write"/>
<opset="write_ln0/2 "/>
</bind>
</comp>

<comp id="1472" class="1004" name="write_ln0_write_fu_1472">
<pin_list>
<pin id="1473" dir="0" index="0" bw="0" slack="0"/>
<pin id="1474" dir="0" index="1" bw="16" slack="0"/>
<pin id="1475" dir="0" index="2" bw="16" slack="0"/>
<pin id="1476" dir="1" index="3" bw="0" slack="2147483647"/>
</pin_list>
<bind>
<opcode="write(1151) " fcode="write"/>
<opset="write_ln0/2 "/>
</bind>
</comp>

<comp id="1479" class="1004" name="write_ln0_write_fu_1479">
<pin_list>
<pin id="1480" dir="0" index="0" bw="0" slack="0"/>
<pin id="1481" dir="0" index="1" bw="16" slack="0"/>
<pin id="1482" dir="0" index="2" bw="16" slack="0"/>
<pin id="1483" dir="1" index="3" bw="0" slack="2147483647"/>
</pin_list>
<bind>
<opcode="write(1151) " fcode="write"/>
<opset="write_ln0/2 "/>
</bind>
</comp>

<comp id="1486" class="1004" name="write_ln0_write_fu_1486">
<pin_list>
<pin id="1487" dir="0" index="0" bw="0" slack="0"/>
<pin id="1488" dir="0" index="1" bw="16" slack="0"/>
<pin id="1489" dir="0" index="2" bw="16" slack="0"/>
<pin id="1490" dir="1" index="3" bw="0" slack="2147483647"/>
</pin_list>
<bind>
<opcode="write(1151) " fcode="write"/>
<opset="write_ln0/2 "/>
</bind>
</comp>

<comp id="1493" class="1004" name="write_ln0_write_fu_1493">
<pin_list>
<pin id="1494" dir="0" index="0" bw="0" slack="0"/>
<pin id="1495" dir="0" index="1" bw="16" slack="0"/>
<pin id="1496" dir="0" index="2" bw="16" slack="0"/>
<pin id="1497" dir="1" index="3" bw="0" slack="2147483647"/>
</pin_list>
<bind>
<opcode="write(1151) " fcode="write"/>
<opset="write_ln0/2 "/>
</bind>
</comp>

<comp id="1500" class="1004" name="write_ln0_write_fu_1500">
<pin_list>
<pin id="1501" dir="0" index="0" bw="0" slack="0"/>
<pin id="1502" dir="0" index="1" bw="16" slack="0"/>
<pin id="1503" dir="0" index="2" bw="16" slack="0"/>
<pin id="1504" dir="1" index="3" bw="0" slack="2147483647"/>
</pin_list>
<bind>
<opcode="write(1151) " fcode="write"/>
<opset="write_ln0/2 "/>
</bind>
</comp>

<comp id="1507" class="1004" name="write_ln0_write_fu_1507">
<pin_list>
<pin id="1508" dir="0" index="0" bw="0" slack="0"/>
<pin id="1509" dir="0" index="1" bw="16" slack="0"/>
<pin id="1510" dir="0" index="2" bw="16" slack="0"/>
<pin id="1511" dir="1" index="3" bw="0" slack="2147483647"/>
</pin_list>
<bind>
<opcode="write(1151) " fcode="write"/>
<opset="write_ln0/2 "/>
</bind>
</comp>

<comp id="1514" class="1004" name="write_ln0_write_fu_1514">
<pin_list>
<pin id="1515" dir="0" index="0" bw="0" slack="0"/>
<pin id="1516" dir="0" index="1" bw="16" slack="0"/>
<pin id="1517" dir="0" index="2" bw="16" slack="0"/>
<pin id="1518" dir="1" index="3" bw="0" slack="2147483647"/>
</pin_list>
<bind>
<opcode="write(1151) " fcode="write"/>
<opset="write_ln0/2 "/>
</bind>
</comp>

<comp id="1521" class="1004" name="write_ln0_write_fu_1521">
<pin_list>
<pin id="1522" dir="0" index="0" bw="0" slack="0"/>
<pin id="1523" dir="0" index="1" bw="16" slack="0"/>
<pin id="1524" dir="0" index="2" bw="16" slack="0"/>
<pin id="1525" dir="1" index="3" bw="0" slack="2147483647"/>
</pin_list>
<bind>
<opcode="write(1151) " fcode="write"/>
<opset="write_ln0/2 "/>
</bind>
</comp>

<comp id="1528" class="1004" name="write_ln0_write_fu_1528">
<pin_list>
<pin id="1529" dir="0" index="0" bw="0" slack="0"/>
<pin id="1530" dir="0" index="1" bw="16" slack="0"/>
<pin id="1531" dir="0" index="2" bw="16" slack="0"/>
<pin id="1532" dir="1" index="3" bw="0" slack="2147483647"/>
</pin_list>
<bind>
<opcode="write(1151) " fcode="write"/>
<opset="write_ln0/2 "/>
</bind>
</comp>

<comp id="1535" class="1004" name="write_ln0_write_fu_1535">
<pin_list>
<pin id="1536" dir="0" index="0" bw="0" slack="0"/>
<pin id="1537" dir="0" index="1" bw="16" slack="0"/>
<pin id="1538" dir="0" index="2" bw="16" slack="0"/>
<pin id="1539" dir="1" index="3" bw="0" slack="2147483647"/>
</pin_list>
<bind>
<opcode="write(1151) " fcode="write"/>
<opset="write_ln0/2 "/>
</bind>
</comp>

<comp id="1542" class="1004" name="write_ln0_write_fu_1542">
<pin_list>
<pin id="1543" dir="0" index="0" bw="0" slack="0"/>
<pin id="1544" dir="0" index="1" bw="16" slack="0"/>
<pin id="1545" dir="0" index="2" bw="16" slack="0"/>
<pin id="1546" dir="1" index="3" bw="0" slack="2147483647"/>
</pin_list>
<bind>
<opcode="write(1151) " fcode="write"/>
<opset="write_ln0/2 "/>
</bind>
</comp>

<comp id="1549" class="1004" name="write_ln0_write_fu_1549">
<pin_list>
<pin id="1550" dir="0" index="0" bw="0" slack="0"/>
<pin id="1551" dir="0" index="1" bw="16" slack="0"/>
<pin id="1552" dir="0" index="2" bw="16" slack="0"/>
<pin id="1553" dir="1" index="3" bw="0" slack="2147483647"/>
</pin_list>
<bind>
<opcode="write(1151) " fcode="write"/>
<opset="write_ln0/2 "/>
</bind>
</comp>

<comp id="1556" class="1004" name="write_ln0_write_fu_1556">
<pin_list>
<pin id="1557" dir="0" index="0" bw="0" slack="0"/>
<pin id="1558" dir="0" index="1" bw="16" slack="0"/>
<pin id="1559" dir="0" index="2" bw="16" slack="0"/>
<pin id="1560" dir="1" index="3" bw="0" slack="2147483647"/>
</pin_list>
<bind>
<opcode="write(1151) " fcode="write"/>
<opset="write_ln0/2 "/>
</bind>
</comp>

<comp id="1563" class="1004" name="write_ln0_write_fu_1563">
<pin_list>
<pin id="1564" dir="0" index="0" bw="0" slack="0"/>
<pin id="1565" dir="0" index="1" bw="16" slack="0"/>
<pin id="1566" dir="0" index="2" bw="16" slack="0"/>
<pin id="1567" dir="1" index="3" bw="0" slack="2147483647"/>
</pin_list>
<bind>
<opcode="write(1151) " fcode="write"/>
<opset="write_ln0/2 "/>
</bind>
</comp>

<comp id="1570" class="1004" name="write_ln0_write_fu_1570">
<pin_list>
<pin id="1571" dir="0" index="0" bw="0" slack="0"/>
<pin id="1572" dir="0" index="1" bw="16" slack="0"/>
<pin id="1573" dir="0" index="2" bw="16" slack="0"/>
<pin id="1574" dir="1" index="3" bw="0" slack="2147483647"/>
</pin_list>
<bind>
<opcode="write(1151) " fcode="write"/>
<opset="write_ln0/2 "/>
</bind>
</comp>

<comp id="1577" class="1004" name="write_ln0_write_fu_1577">
<pin_list>
<pin id="1578" dir="0" index="0" bw="0" slack="0"/>
<pin id="1579" dir="0" index="1" bw="16" slack="0"/>
<pin id="1580" dir="0" index="2" bw="16" slack="0"/>
<pin id="1581" dir="1" index="3" bw="0" slack="2147483647"/>
</pin_list>
<bind>
<opcode="write(1151) " fcode="write"/>
<opset="write_ln0/2 "/>
</bind>
</comp>

<comp id="1584" class="1004" name="write_ln0_write_fu_1584">
<pin_list>
<pin id="1585" dir="0" index="0" bw="0" slack="0"/>
<pin id="1586" dir="0" index="1" bw="16" slack="0"/>
<pin id="1587" dir="0" index="2" bw="16" slack="0"/>
<pin id="1588" dir="1" index="3" bw="0" slack="2147483647"/>
</pin_list>
<bind>
<opcode="write(1151) " fcode="write"/>
<opset="write_ln0/2 "/>
</bind>
</comp>

<comp id="1591" class="1004" name="write_ln0_write_fu_1591">
<pin_list>
<pin id="1592" dir="0" index="0" bw="0" slack="0"/>
<pin id="1593" dir="0" index="1" bw="16" slack="0"/>
<pin id="1594" dir="0" index="2" bw="16" slack="0"/>
<pin id="1595" dir="1" index="3" bw="0" slack="2147483647"/>
</pin_list>
<bind>
<opcode="write(1151) " fcode="write"/>
<opset="write_ln0/2 "/>
</bind>
</comp>

<comp id="1598" class="1004" name="write_ln0_write_fu_1598">
<pin_list>
<pin id="1599" dir="0" index="0" bw="0" slack="0"/>
<pin id="1600" dir="0" index="1" bw="16" slack="0"/>
<pin id="1601" dir="0" index="2" bw="16" slack="0"/>
<pin id="1602" dir="1" index="3" bw="0" slack="2147483647"/>
</pin_list>
<bind>
<opcode="write(1151) " fcode="write"/>
<opset="write_ln0/2 "/>
</bind>
</comp>

<comp id="1605" class="1004" name="write_ln0_write_fu_1605">
<pin_list>
<pin id="1606" dir="0" index="0" bw="0" slack="0"/>
<pin id="1607" dir="0" index="1" bw="16" slack="0"/>
<pin id="1608" dir="0" index="2" bw="16" slack="0"/>
<pin id="1609" dir="1" index="3" bw="0" slack="2147483647"/>
</pin_list>
<bind>
<opcode="write(1151) " fcode="write"/>
<opset="write_ln0/2 "/>
</bind>
</comp>

<comp id="1612" class="1004" name="write_ln0_write_fu_1612">
<pin_list>
<pin id="1613" dir="0" index="0" bw="0" slack="0"/>
<pin id="1614" dir="0" index="1" bw="16" slack="0"/>
<pin id="1615" dir="0" index="2" bw="16" slack="0"/>
<pin id="1616" dir="1" index="3" bw="0" slack="2147483647"/>
</pin_list>
<bind>
<opcode="write(1151) " fcode="write"/>
<opset="write_ln0/2 "/>
</bind>
</comp>

<comp id="1619" class="1004" name="write_ln0_write_fu_1619">
<pin_list>
<pin id="1620" dir="0" index="0" bw="0" slack="0"/>
<pin id="1621" dir="0" index="1" bw="16" slack="0"/>
<pin id="1622" dir="0" index="2" bw="16" slack="0"/>
<pin id="1623" dir="1" index="3" bw="0" slack="2147483647"/>
</pin_list>
<bind>
<opcode="write(1151) " fcode="write"/>
<opset="write_ln0/2 "/>
</bind>
</comp>

<comp id="1626" class="1004" name="write_ln0_write_fu_1626">
<pin_list>
<pin id="1627" dir="0" index="0" bw="0" slack="0"/>
<pin id="1628" dir="0" index="1" bw="16" slack="0"/>
<pin id="1629" dir="0" index="2" bw="16" slack="0"/>
<pin id="1630" dir="1" index="3" bw="0" slack="2147483647"/>
</pin_list>
<bind>
<opcode="write(1151) " fcode="write"/>
<opset="write_ln0/2 "/>
</bind>
</comp>

<comp id="1633" class="1004" name="write_ln0_write_fu_1633">
<pin_list>
<pin id="1634" dir="0" index="0" bw="0" slack="0"/>
<pin id="1635" dir="0" index="1" bw="16" slack="0"/>
<pin id="1636" dir="0" index="2" bw="16" slack="0"/>
<pin id="1637" dir="1" index="3" bw="0" slack="2147483647"/>
</pin_list>
<bind>
<opcode="write(1151) " fcode="write"/>
<opset="write_ln0/2 "/>
</bind>
</comp>

<comp id="1640" class="1004" name="write_ln0_write_fu_1640">
<pin_list>
<pin id="1641" dir="0" index="0" bw="0" slack="0"/>
<pin id="1642" dir="0" index="1" bw="16" slack="0"/>
<pin id="1643" dir="0" index="2" bw="16" slack="0"/>
<pin id="1644" dir="1" index="3" bw="0" slack="2147483647"/>
</pin_list>
<bind>
<opcode="write(1151) " fcode="write"/>
<opset="write_ln0/2 "/>
</bind>
</comp>

<comp id="1647" class="1004" name="write_ln0_write_fu_1647">
<pin_list>
<pin id="1648" dir="0" index="0" bw="0" slack="0"/>
<pin id="1649" dir="0" index="1" bw="16" slack="0"/>
<pin id="1650" dir="0" index="2" bw="16" slack="0"/>
<pin id="1651" dir="1" index="3" bw="0" slack="2147483647"/>
</pin_list>
<bind>
<opcode="write(1151) " fcode="write"/>
<opset="write_ln0/2 "/>
</bind>
</comp>

<comp id="1654" class="1004" name="write_ln0_write_fu_1654">
<pin_list>
<pin id="1655" dir="0" index="0" bw="0" slack="0"/>
<pin id="1656" dir="0" index="1" bw="16" slack="0"/>
<pin id="1657" dir="0" index="2" bw="16" slack="0"/>
<pin id="1658" dir="1" index="3" bw="0" slack="2147483647"/>
</pin_list>
<bind>
<opcode="write(1151) " fcode="write"/>
<opset="write_ln0/2 "/>
</bind>
</comp>

<comp id="1661" class="1004" name="write_ln0_write_fu_1661">
<pin_list>
<pin id="1662" dir="0" index="0" bw="0" slack="0"/>
<pin id="1663" dir="0" index="1" bw="16" slack="0"/>
<pin id="1664" dir="0" index="2" bw="16" slack="0"/>
<pin id="1665" dir="1" index="3" bw="0" slack="2147483647"/>
</pin_list>
<bind>
<opcode="write(1151) " fcode="write"/>
<opset="write_ln0/2 "/>
</bind>
</comp>

<comp id="1668" class="1004" name="write_ln0_write_fu_1668">
<pin_list>
<pin id="1669" dir="0" index="0" bw="0" slack="0"/>
<pin id="1670" dir="0" index="1" bw="16" slack="0"/>
<pin id="1671" dir="0" index="2" bw="16" slack="0"/>
<pin id="1672" dir="1" index="3" bw="0" slack="2147483647"/>
</pin_list>
<bind>
<opcode="write(1151) " fcode="write"/>
<opset="write_ln0/2 "/>
</bind>
</comp>

<comp id="1675" class="1004" name="write_ln0_write_fu_1675">
<pin_list>
<pin id="1676" dir="0" index="0" bw="0" slack="0"/>
<pin id="1677" dir="0" index="1" bw="16" slack="0"/>
<pin id="1678" dir="0" index="2" bw="16" slack="0"/>
<pin id="1679" dir="1" index="3" bw="0" slack="2147483647"/>
</pin_list>
<bind>
<opcode="write(1151) " fcode="write"/>
<opset="write_ln0/2 "/>
</bind>
</comp>

<comp id="1682" class="1004" name="write_ln0_write_fu_1682">
<pin_list>
<pin id="1683" dir="0" index="0" bw="0" slack="0"/>
<pin id="1684" dir="0" index="1" bw="16" slack="0"/>
<pin id="1685" dir="0" index="2" bw="16" slack="0"/>
<pin id="1686" dir="1" index="3" bw="0" slack="2147483647"/>
</pin_list>
<bind>
<opcode="write(1151) " fcode="write"/>
<opset="write_ln0/2 "/>
</bind>
</comp>

<comp id="1689" class="1004" name="write_ln0_write_fu_1689">
<pin_list>
<pin id="1690" dir="0" index="0" bw="0" slack="0"/>
<pin id="1691" dir="0" index="1" bw="16" slack="0"/>
<pin id="1692" dir="0" index="2" bw="16" slack="0"/>
<pin id="1693" dir="1" index="3" bw="0" slack="2147483647"/>
</pin_list>
<bind>
<opcode="write(1151) " fcode="write"/>
<opset="write_ln0/2 "/>
</bind>
</comp>

<comp id="1696" class="1004" name="write_ln0_write_fu_1696">
<pin_list>
<pin id="1697" dir="0" index="0" bw="0" slack="0"/>
<pin id="1698" dir="0" index="1" bw="16" slack="0"/>
<pin id="1699" dir="0" index="2" bw="16" slack="0"/>
<pin id="1700" dir="1" index="3" bw="0" slack="2147483647"/>
</pin_list>
<bind>
<opcode="write(1151) " fcode="write"/>
<opset="write_ln0/2 "/>
</bind>
</comp>

<comp id="1703" class="1004" name="write_ln0_write_fu_1703">
<pin_list>
<pin id="1704" dir="0" index="0" bw="0" slack="0"/>
<pin id="1705" dir="0" index="1" bw="16" slack="0"/>
<pin id="1706" dir="0" index="2" bw="16" slack="0"/>
<pin id="1707" dir="1" index="3" bw="0" slack="2147483647"/>
</pin_list>
<bind>
<opcode="write(1151) " fcode="write"/>
<opset="write_ln0/2 "/>
</bind>
</comp>

<comp id="1710" class="1004" name="write_ln0_write_fu_1710">
<pin_list>
<pin id="1711" dir="0" index="0" bw="0" slack="0"/>
<pin id="1712" dir="0" index="1" bw="16" slack="0"/>
<pin id="1713" dir="0" index="2" bw="16" slack="0"/>
<pin id="1714" dir="1" index="3" bw="0" slack="2147483647"/>
</pin_list>
<bind>
<opcode="write(1151) " fcode="write"/>
<opset="write_ln0/2 "/>
</bind>
</comp>

<comp id="1717" class="1004" name="write_ln0_write_fu_1717">
<pin_list>
<pin id="1718" dir="0" index="0" bw="0" slack="0"/>
<pin id="1719" dir="0" index="1" bw="16" slack="0"/>
<pin id="1720" dir="0" index="2" bw="16" slack="0"/>
<pin id="1721" dir="1" index="3" bw="0" slack="2147483647"/>
</pin_list>
<bind>
<opcode="write(1151) " fcode="write"/>
<opset="write_ln0/2 "/>
</bind>
</comp>

<comp id="1724" class="1004" name="write_ln0_write_fu_1724">
<pin_list>
<pin id="1725" dir="0" index="0" bw="0" slack="0"/>
<pin id="1726" dir="0" index="1" bw="16" slack="0"/>
<pin id="1727" dir="0" index="2" bw="16" slack="0"/>
<pin id="1728" dir="1" index="3" bw="0" slack="2147483647"/>
</pin_list>
<bind>
<opcode="write(1151) " fcode="write"/>
<opset="write_ln0/2 "/>
</bind>
</comp>

<comp id="1731" class="1004" name="write_ln0_write_fu_1731">
<pin_list>
<pin id="1732" dir="0" index="0" bw="0" slack="0"/>
<pin id="1733" dir="0" index="1" bw="16" slack="0"/>
<pin id="1734" dir="0" index="2" bw="16" slack="0"/>
<pin id="1735" dir="1" index="3" bw="0" slack="2147483647"/>
</pin_list>
<bind>
<opcode="write(1151) " fcode="write"/>
<opset="write_ln0/2 "/>
</bind>
</comp>

<comp id="1738" class="1004" name="write_ln0_write_fu_1738">
<pin_list>
<pin id="1739" dir="0" index="0" bw="0" slack="0"/>
<pin id="1740" dir="0" index="1" bw="16" slack="0"/>
<pin id="1741" dir="0" index="2" bw="16" slack="0"/>
<pin id="1742" dir="1" index="3" bw="0" slack="2147483647"/>
</pin_list>
<bind>
<opcode="write(1151) " fcode="write"/>
<opset="write_ln0/2 "/>
</bind>
</comp>

<comp id="1745" class="1004" name="write_ln0_write_fu_1745">
<pin_list>
<pin id="1746" dir="0" index="0" bw="0" slack="0"/>
<pin id="1747" dir="0" index="1" bw="16" slack="0"/>
<pin id="1748" dir="0" index="2" bw="16" slack="0"/>
<pin id="1749" dir="1" index="3" bw="0" slack="2147483647"/>
</pin_list>
<bind>
<opcode="write(1151) " fcode="write"/>
<opset="write_ln0/2 "/>
</bind>
</comp>

<comp id="1752" class="1004" name="write_ln0_write_fu_1752">
<pin_list>
<pin id="1753" dir="0" index="0" bw="0" slack="0"/>
<pin id="1754" dir="0" index="1" bw="16" slack="0"/>
<pin id="1755" dir="0" index="2" bw="16" slack="0"/>
<pin id="1756" dir="1" index="3" bw="0" slack="2147483647"/>
</pin_list>
<bind>
<opcode="write(1151) " fcode="write"/>
<opset="write_ln0/2 "/>
</bind>
</comp>

<comp id="1759" class="1004" name="write_ln0_write_fu_1759">
<pin_list>
<pin id="1760" dir="0" index="0" bw="0" slack="0"/>
<pin id="1761" dir="0" index="1" bw="16" slack="0"/>
<pin id="1762" dir="0" index="2" bw="16" slack="0"/>
<pin id="1763" dir="1" index="3" bw="0" slack="2147483647"/>
</pin_list>
<bind>
<opcode="write(1151) " fcode="write"/>
<opset="write_ln0/2 "/>
</bind>
</comp>

<comp id="1766" class="1004" name="write_ln0_write_fu_1766">
<pin_list>
<pin id="1767" dir="0" index="0" bw="0" slack="0"/>
<pin id="1768" dir="0" index="1" bw="16" slack="0"/>
<pin id="1769" dir="0" index="2" bw="16" slack="0"/>
<pin id="1770" dir="1" index="3" bw="0" slack="2147483647"/>
</pin_list>
<bind>
<opcode="write(1151) " fcode="write"/>
<opset="write_ln0/2 "/>
</bind>
</comp>

<comp id="1773" class="1004" name="write_ln0_write_fu_1773">
<pin_list>
<pin id="1774" dir="0" index="0" bw="0" slack="0"/>
<pin id="1775" dir="0" index="1" bw="16" slack="0"/>
<pin id="1776" dir="0" index="2" bw="16" slack="0"/>
<pin id="1777" dir="1" index="3" bw="0" slack="2147483647"/>
</pin_list>
<bind>
<opcode="write(1151) " fcode="write"/>
<opset="write_ln0/2 "/>
</bind>
</comp>

<comp id="1780" class="1004" name="write_ln0_write_fu_1780">
<pin_list>
<pin id="1781" dir="0" index="0" bw="0" slack="0"/>
<pin id="1782" dir="0" index="1" bw="16" slack="0"/>
<pin id="1783" dir="0" index="2" bw="16" slack="0"/>
<pin id="1784" dir="1" index="3" bw="0" slack="2147483647"/>
</pin_list>
<bind>
<opcode="write(1151) " fcode="write"/>
<opset="write_ln0/2 "/>
</bind>
</comp>

<comp id="1787" class="1004" name="write_ln0_write_fu_1787">
<pin_list>
<pin id="1788" dir="0" index="0" bw="0" slack="0"/>
<pin id="1789" dir="0" index="1" bw="16" slack="0"/>
<pin id="1790" dir="0" index="2" bw="16" slack="0"/>
<pin id="1791" dir="1" index="3" bw="0" slack="2147483647"/>
</pin_list>
<bind>
<opcode="write(1151) " fcode="write"/>
<opset="write_ln0/2 "/>
</bind>
</comp>

<comp id="1794" class="1004" name="write_ln0_write_fu_1794">
<pin_list>
<pin id="1795" dir="0" index="0" bw="0" slack="0"/>
<pin id="1796" dir="0" index="1" bw="16" slack="0"/>
<pin id="1797" dir="0" index="2" bw="16" slack="0"/>
<pin id="1798" dir="1" index="3" bw="0" slack="2147483647"/>
</pin_list>
<bind>
<opcode="write(1151) " fcode="write"/>
<opset="write_ln0/2 "/>
</bind>
</comp>

<comp id="1801" class="1004" name="write_ln0_write_fu_1801">
<pin_list>
<pin id="1802" dir="0" index="0" bw="0" slack="0"/>
<pin id="1803" dir="0" index="1" bw="16" slack="0"/>
<pin id="1804" dir="0" index="2" bw="16" slack="0"/>
<pin id="1805" dir="1" index="3" bw="0" slack="2147483647"/>
</pin_list>
<bind>
<opcode="write(1151) " fcode="write"/>
<opset="write_ln0/2 "/>
</bind>
</comp>

<comp id="1808" class="1004" name="write_ln0_write_fu_1808">
<pin_list>
<pin id="1809" dir="0" index="0" bw="0" slack="0"/>
<pin id="1810" dir="0" index="1" bw="16" slack="0"/>
<pin id="1811" dir="0" index="2" bw="16" slack="0"/>
<pin id="1812" dir="1" index="3" bw="0" slack="2147483647"/>
</pin_list>
<bind>
<opcode="write(1151) " fcode="write"/>
<opset="write_ln0/2 "/>
</bind>
</comp>

<comp id="1815" class="1004" name="write_ln0_write_fu_1815">
<pin_list>
<pin id="1816" dir="0" index="0" bw="0" slack="0"/>
<pin id="1817" dir="0" index="1" bw="16" slack="0"/>
<pin id="1818" dir="0" index="2" bw="16" slack="0"/>
<pin id="1819" dir="1" index="3" bw="0" slack="2147483647"/>
</pin_list>
<bind>
<opcode="write(1151) " fcode="write"/>
<opset="write_ln0/2 "/>
</bind>
</comp>

<comp id="1822" class="1004" name="write_ln0_write_fu_1822">
<pin_list>
<pin id="1823" dir="0" index="0" bw="0" slack="0"/>
<pin id="1824" dir="0" index="1" bw="16" slack="0"/>
<pin id="1825" dir="0" index="2" bw="16" slack="0"/>
<pin id="1826" dir="1" index="3" bw="0" slack="2147483647"/>
</pin_list>
<bind>
<opcode="write(1151) " fcode="write"/>
<opset="write_ln0/2 "/>
</bind>
</comp>

<comp id="1829" class="1004" name="write_ln0_write_fu_1829">
<pin_list>
<pin id="1830" dir="0" index="0" bw="0" slack="0"/>
<pin id="1831" dir="0" index="1" bw="16" slack="0"/>
<pin id="1832" dir="0" index="2" bw="16" slack="0"/>
<pin id="1833" dir="1" index="3" bw="0" slack="2147483647"/>
</pin_list>
<bind>
<opcode="write(1151) " fcode="write"/>
<opset="write_ln0/2 "/>
</bind>
</comp>

<comp id="1836" class="1004" name="write_ln0_write_fu_1836">
<pin_list>
<pin id="1837" dir="0" index="0" bw="0" slack="0"/>
<pin id="1838" dir="0" index="1" bw="16" slack="0"/>
<pin id="1839" dir="0" index="2" bw="16" slack="0"/>
<pin id="1840" dir="1" index="3" bw="0" slack="2147483647"/>
</pin_list>
<bind>
<opcode="write(1151) " fcode="write"/>
<opset="write_ln0/2 "/>
</bind>
</comp>

<comp id="1843" class="1004" name="write_ln0_write_fu_1843">
<pin_list>
<pin id="1844" dir="0" index="0" bw="0" slack="0"/>
<pin id="1845" dir="0" index="1" bw="16" slack="0"/>
<pin id="1846" dir="0" index="2" bw="16" slack="0"/>
<pin id="1847" dir="1" index="3" bw="0" slack="2147483647"/>
</pin_list>
<bind>
<opcode="write(1151) " fcode="write"/>
<opset="write_ln0/2 "/>
</bind>
</comp>

<comp id="1850" class="1004" name="write_ln0_write_fu_1850">
<pin_list>
<pin id="1851" dir="0" index="0" bw="0" slack="0"/>
<pin id="1852" dir="0" index="1" bw="16" slack="0"/>
<pin id="1853" dir="0" index="2" bw="16" slack="0"/>
<pin id="1854" dir="1" index="3" bw="0" slack="2147483647"/>
</pin_list>
<bind>
<opcode="write(1151) " fcode="write"/>
<opset="write_ln0/2 "/>
</bind>
</comp>

<comp id="1857" class="1004" name="write_ln0_write_fu_1857">
<pin_list>
<pin id="1858" dir="0" index="0" bw="0" slack="0"/>
<pin id="1859" dir="0" index="1" bw="16" slack="0"/>
<pin id="1860" dir="0" index="2" bw="16" slack="0"/>
<pin id="1861" dir="1" index="3" bw="0" slack="2147483647"/>
</pin_list>
<bind>
<opcode="write(1151) " fcode="write"/>
<opset="write_ln0/2 "/>
</bind>
</comp>

<comp id="1864" class="1004" name="write_ln0_write_fu_1864">
<pin_list>
<pin id="1865" dir="0" index="0" bw="0" slack="0"/>
<pin id="1866" dir="0" index="1" bw="16" slack="0"/>
<pin id="1867" dir="0" index="2" bw="16" slack="0"/>
<pin id="1868" dir="1" index="3" bw="0" slack="2147483647"/>
</pin_list>
<bind>
<opcode="write(1151) " fcode="write"/>
<opset="write_ln0/2 "/>
</bind>
</comp>

<comp id="1871" class="1004" name="write_ln0_write_fu_1871">
<pin_list>
<pin id="1872" dir="0" index="0" bw="0" slack="0"/>
<pin id="1873" dir="0" index="1" bw="16" slack="0"/>
<pin id="1874" dir="0" index="2" bw="16" slack="0"/>
<pin id="1875" dir="1" index="3" bw="0" slack="2147483647"/>
</pin_list>
<bind>
<opcode="write(1151) " fcode="write"/>
<opset="write_ln0/2 "/>
</bind>
</comp>

<comp id="1878" class="1004" name="write_ln0_write_fu_1878">
<pin_list>
<pin id="1879" dir="0" index="0" bw="0" slack="0"/>
<pin id="1880" dir="0" index="1" bw="16" slack="0"/>
<pin id="1881" dir="0" index="2" bw="16" slack="0"/>
<pin id="1882" dir="1" index="3" bw="0" slack="2147483647"/>
</pin_list>
<bind>
<opcode="write(1151) " fcode="write"/>
<opset="write_ln0/2 "/>
</bind>
</comp>

<comp id="1885" class="1004" name="write_ln0_write_fu_1885">
<pin_list>
<pin id="1886" dir="0" index="0" bw="0" slack="0"/>
<pin id="1887" dir="0" index="1" bw="16" slack="0"/>
<pin id="1888" dir="0" index="2" bw="16" slack="0"/>
<pin id="1889" dir="1" index="3" bw="0" slack="2147483647"/>
</pin_list>
<bind>
<opcode="write(1151) " fcode="write"/>
<opset="write_ln0/2 "/>
</bind>
</comp>

<comp id="1892" class="1004" name="write_ln0_write_fu_1892">
<pin_list>
<pin id="1893" dir="0" index="0" bw="0" slack="0"/>
<pin id="1894" dir="0" index="1" bw="16" slack="0"/>
<pin id="1895" dir="0" index="2" bw="16" slack="0"/>
<pin id="1896" dir="1" index="3" bw="0" slack="2147483647"/>
</pin_list>
<bind>
<opcode="write(1151) " fcode="write"/>
<opset="write_ln0/2 "/>
</bind>
</comp>

<comp id="1899" class="1004" name="write_ln0_write_fu_1899">
<pin_list>
<pin id="1900" dir="0" index="0" bw="0" slack="0"/>
<pin id="1901" dir="0" index="1" bw="16" slack="0"/>
<pin id="1902" dir="0" index="2" bw="16" slack="0"/>
<pin id="1903" dir="1" index="3" bw="0" slack="2147483647"/>
</pin_list>
<bind>
<opcode="write(1151) " fcode="write"/>
<opset="write_ln0/2 "/>
</bind>
</comp>

<comp id="1906" class="1004" name="write_ln0_write_fu_1906">
<pin_list>
<pin id="1907" dir="0" index="0" bw="0" slack="0"/>
<pin id="1908" dir="0" index="1" bw="16" slack="0"/>
<pin id="1909" dir="0" index="2" bw="16" slack="0"/>
<pin id="1910" dir="1" index="3" bw="0" slack="2147483647"/>
</pin_list>
<bind>
<opcode="write(1151) " fcode="write"/>
<opset="write_ln0/2 "/>
</bind>
</comp>

<comp id="1913" class="1004" name="write_ln0_write_fu_1913">
<pin_list>
<pin id="1914" dir="0" index="0" bw="0" slack="0"/>
<pin id="1915" dir="0" index="1" bw="16" slack="0"/>
<pin id="1916" dir="0" index="2" bw="16" slack="0"/>
<pin id="1917" dir="1" index="3" bw="0" slack="2147483647"/>
</pin_list>
<bind>
<opcode="write(1151) " fcode="write"/>
<opset="write_ln0/2 "/>
</bind>
</comp>

<comp id="1920" class="1004" name="write_ln0_write_fu_1920">
<pin_list>
<pin id="1921" dir="0" index="0" bw="0" slack="0"/>
<pin id="1922" dir="0" index="1" bw="16" slack="0"/>
<pin id="1923" dir="0" index="2" bw="16" slack="0"/>
<pin id="1924" dir="1" index="3" bw="0" slack="2147483647"/>
</pin_list>
<bind>
<opcode="write(1151) " fcode="write"/>
<opset="write_ln0/2 "/>
</bind>
</comp>

<comp id="1927" class="1004" name="write_ln0_write_fu_1927">
<pin_list>
<pin id="1928" dir="0" index="0" bw="0" slack="0"/>
<pin id="1929" dir="0" index="1" bw="16" slack="0"/>
<pin id="1930" dir="0" index="2" bw="16" slack="0"/>
<pin id="1931" dir="1" index="3" bw="0" slack="2147483647"/>
</pin_list>
<bind>
<opcode="write(1151) " fcode="write"/>
<opset="write_ln0/2 "/>
</bind>
</comp>

<comp id="1934" class="1004" name="write_ln0_write_fu_1934">
<pin_list>
<pin id="1935" dir="0" index="0" bw="0" slack="0"/>
<pin id="1936" dir="0" index="1" bw="16" slack="0"/>
<pin id="1937" dir="0" index="2" bw="16" slack="0"/>
<pin id="1938" dir="1" index="3" bw="0" slack="2147483647"/>
</pin_list>
<bind>
<opcode="write(1151) " fcode="write"/>
<opset="write_ln0/2 "/>
</bind>
</comp>

<comp id="1941" class="1004" name="write_ln0_write_fu_1941">
<pin_list>
<pin id="1942" dir="0" index="0" bw="0" slack="0"/>
<pin id="1943" dir="0" index="1" bw="16" slack="0"/>
<pin id="1944" dir="0" index="2" bw="16" slack="0"/>
<pin id="1945" dir="1" index="3" bw="0" slack="2147483647"/>
</pin_list>
<bind>
<opcode="write(1151) " fcode="write"/>
<opset="write_ln0/2 "/>
</bind>
</comp>

<comp id="1948" class="1004" name="write_ln0_write_fu_1948">
<pin_list>
<pin id="1949" dir="0" index="0" bw="0" slack="0"/>
<pin id="1950" dir="0" index="1" bw="16" slack="0"/>
<pin id="1951" dir="0" index="2" bw="16" slack="0"/>
<pin id="1952" dir="1" index="3" bw="0" slack="2147483647"/>
</pin_list>
<bind>
<opcode="write(1151) " fcode="write"/>
<opset="write_ln0/2 "/>
</bind>
</comp>

<comp id="1955" class="1004" name="write_ln0_write_fu_1955">
<pin_list>
<pin id="1956" dir="0" index="0" bw="0" slack="0"/>
<pin id="1957" dir="0" index="1" bw="16" slack="0"/>
<pin id="1958" dir="0" index="2" bw="16" slack="0"/>
<pin id="1959" dir="1" index="3" bw="0" slack="2147483647"/>
</pin_list>
<bind>
<opcode="write(1151) " fcode="write"/>
<opset="write_ln0/2 "/>
</bind>
</comp>

<comp id="1962" class="1004" name="write_ln0_write_fu_1962">
<pin_list>
<pin id="1963" dir="0" index="0" bw="0" slack="0"/>
<pin id="1964" dir="0" index="1" bw="16" slack="0"/>
<pin id="1965" dir="0" index="2" bw="16" slack="0"/>
<pin id="1966" dir="1" index="3" bw="0" slack="2147483647"/>
</pin_list>
<bind>
<opcode="write(1151) " fcode="write"/>
<opset="write_ln0/2 "/>
</bind>
</comp>

<comp id="1969" class="1004" name="write_ln0_write_fu_1969">
<pin_list>
<pin id="1970" dir="0" index="0" bw="0" slack="0"/>
<pin id="1971" dir="0" index="1" bw="16" slack="0"/>
<pin id="1972" dir="0" index="2" bw="16" slack="0"/>
<pin id="1973" dir="1" index="3" bw="0" slack="2147483647"/>
</pin_list>
<bind>
<opcode="write(1151) " fcode="write"/>
<opset="write_ln0/2 "/>
</bind>
</comp>

<comp id="1976" class="1004" name="write_ln0_write_fu_1976">
<pin_list>
<pin id="1977" dir="0" index="0" bw="0" slack="0"/>
<pin id="1978" dir="0" index="1" bw="16" slack="0"/>
<pin id="1979" dir="0" index="2" bw="16" slack="0"/>
<pin id="1980" dir="1" index="3" bw="0" slack="2147483647"/>
</pin_list>
<bind>
<opcode="write(1151) " fcode="write"/>
<opset="write_ln0/2 "/>
</bind>
</comp>

<comp id="1983" class="1004" name="write_ln0_write_fu_1983">
<pin_list>
<pin id="1984" dir="0" index="0" bw="0" slack="0"/>
<pin id="1985" dir="0" index="1" bw="16" slack="0"/>
<pin id="1986" dir="0" index="2" bw="16" slack="0"/>
<pin id="1987" dir="1" index="3" bw="0" slack="2147483647"/>
</pin_list>
<bind>
<opcode="write(1151) " fcode="write"/>
<opset="write_ln0/2 "/>
</bind>
</comp>

<comp id="1990" class="1004" name="write_ln0_write_fu_1990">
<pin_list>
<pin id="1991" dir="0" index="0" bw="0" slack="0"/>
<pin id="1992" dir="0" index="1" bw="16" slack="0"/>
<pin id="1993" dir="0" index="2" bw="16" slack="0"/>
<pin id="1994" dir="1" index="3" bw="0" slack="2147483647"/>
</pin_list>
<bind>
<opcode="write(1151) " fcode="write"/>
<opset="write_ln0/2 "/>
</bind>
</comp>

<comp id="1997" class="1004" name="write_ln0_write_fu_1997">
<pin_list>
<pin id="1998" dir="0" index="0" bw="0" slack="0"/>
<pin id="1999" dir="0" index="1" bw="16" slack="0"/>
<pin id="2000" dir="0" index="2" bw="16" slack="0"/>
<pin id="2001" dir="1" index="3" bw="0" slack="2147483647"/>
</pin_list>
<bind>
<opcode="write(1151) " fcode="write"/>
<opset="write_ln0/2 "/>
</bind>
</comp>

<comp id="2004" class="1004" name="write_ln0_write_fu_2004">
<pin_list>
<pin id="2005" dir="0" index="0" bw="0" slack="0"/>
<pin id="2006" dir="0" index="1" bw="16" slack="0"/>
<pin id="2007" dir="0" index="2" bw="16" slack="0"/>
<pin id="2008" dir="1" index="3" bw="0" slack="2147483647"/>
</pin_list>
<bind>
<opcode="write(1151) " fcode="write"/>
<opset="write_ln0/2 "/>
</bind>
</comp>

<comp id="2011" class="1004" name="write_ln0_write_fu_2011">
<pin_list>
<pin id="2012" dir="0" index="0" bw="0" slack="0"/>
<pin id="2013" dir="0" index="1" bw="16" slack="0"/>
<pin id="2014" dir="0" index="2" bw="16" slack="0"/>
<pin id="2015" dir="1" index="3" bw="0" slack="2147483647"/>
</pin_list>
<bind>
<opcode="write(1151) " fcode="write"/>
<opset="write_ln0/2 "/>
</bind>
</comp>

<comp id="2018" class="1004" name="write_ln0_write_fu_2018">
<pin_list>
<pin id="2019" dir="0" index="0" bw="0" slack="0"/>
<pin id="2020" dir="0" index="1" bw="16" slack="0"/>
<pin id="2021" dir="0" index="2" bw="16" slack="0"/>
<pin id="2022" dir="1" index="3" bw="0" slack="2147483647"/>
</pin_list>
<bind>
<opcode="write(1151) " fcode="write"/>
<opset="write_ln0/2 "/>
</bind>
</comp>

<comp id="2025" class="1004" name="write_ln0_write_fu_2025">
<pin_list>
<pin id="2026" dir="0" index="0" bw="0" slack="0"/>
<pin id="2027" dir="0" index="1" bw="16" slack="0"/>
<pin id="2028" dir="0" index="2" bw="16" slack="0"/>
<pin id="2029" dir="1" index="3" bw="0" slack="2147483647"/>
</pin_list>
<bind>
<opcode="write(1151) " fcode="write"/>
<opset="write_ln0/2 "/>
</bind>
</comp>

<comp id="2032" class="1004" name="write_ln0_write_fu_2032">
<pin_list>
<pin id="2033" dir="0" index="0" bw="0" slack="0"/>
<pin id="2034" dir="0" index="1" bw="16" slack="0"/>
<pin id="2035" dir="0" index="2" bw="16" slack="0"/>
<pin id="2036" dir="1" index="3" bw="0" slack="2147483647"/>
</pin_list>
<bind>
<opcode="write(1151) " fcode="write"/>
<opset="write_ln0/2 "/>
</bind>
</comp>

<comp id="2039" class="1004" name="write_ln0_write_fu_2039">
<pin_list>
<pin id="2040" dir="0" index="0" bw="0" slack="0"/>
<pin id="2041" dir="0" index="1" bw="16" slack="0"/>
<pin id="2042" dir="0" index="2" bw="16" slack="0"/>
<pin id="2043" dir="1" index="3" bw="0" slack="2147483647"/>
</pin_list>
<bind>
<opcode="write(1151) " fcode="write"/>
<opset="write_ln0/2 "/>
</bind>
</comp>

<comp id="2046" class="1004" name="write_ln0_write_fu_2046">
<pin_list>
<pin id="2047" dir="0" index="0" bw="0" slack="0"/>
<pin id="2048" dir="0" index="1" bw="16" slack="0"/>
<pin id="2049" dir="0" index="2" bw="16" slack="0"/>
<pin id="2050" dir="1" index="3" bw="0" slack="2147483647"/>
</pin_list>
<bind>
<opcode="write(1151) " fcode="write"/>
<opset="write_ln0/2 "/>
</bind>
</comp>

<comp id="2053" class="1004" name="write_ln0_write_fu_2053">
<pin_list>
<pin id="2054" dir="0" index="0" bw="0" slack="0"/>
<pin id="2055" dir="0" index="1" bw="16" slack="0"/>
<pin id="2056" dir="0" index="2" bw="16" slack="0"/>
<pin id="2057" dir="1" index="3" bw="0" slack="2147483647"/>
</pin_list>
<bind>
<opcode="write(1151) " fcode="write"/>
<opset="write_ln0/2 "/>
</bind>
</comp>

<comp id="2060" class="1004" name="write_ln0_write_fu_2060">
<pin_list>
<pin id="2061" dir="0" index="0" bw="0" slack="0"/>
<pin id="2062" dir="0" index="1" bw="16" slack="0"/>
<pin id="2063" dir="0" index="2" bw="16" slack="0"/>
<pin id="2064" dir="1" index="3" bw="0" slack="2147483647"/>
</pin_list>
<bind>
<opcode="write(1151) " fcode="write"/>
<opset="write_ln0/2 "/>
</bind>
</comp>

<comp id="2067" class="1004" name="write_ln0_write_fu_2067">
<pin_list>
<pin id="2068" dir="0" index="0" bw="0" slack="0"/>
<pin id="2069" dir="0" index="1" bw="16" slack="0"/>
<pin id="2070" dir="0" index="2" bw="16" slack="0"/>
<pin id="2071" dir="1" index="3" bw="0" slack="2147483647"/>
</pin_list>
<bind>
<opcode="write(1151) " fcode="write"/>
<opset="write_ln0/2 "/>
</bind>
</comp>

<comp id="2074" class="1004" name="write_ln0_write_fu_2074">
<pin_list>
<pin id="2075" dir="0" index="0" bw="0" slack="0"/>
<pin id="2076" dir="0" index="1" bw="16" slack="0"/>
<pin id="2077" dir="0" index="2" bw="16" slack="0"/>
<pin id="2078" dir="1" index="3" bw="0" slack="2147483647"/>
</pin_list>
<bind>
<opcode="write(1151) " fcode="write"/>
<opset="write_ln0/2 "/>
</bind>
</comp>

<comp id="2081" class="1004" name="write_ln0_write_fu_2081">
<pin_list>
<pin id="2082" dir="0" index="0" bw="0" slack="0"/>
<pin id="2083" dir="0" index="1" bw="16" slack="0"/>
<pin id="2084" dir="0" index="2" bw="16" slack="0"/>
<pin id="2085" dir="1" index="3" bw="0" slack="2147483647"/>
</pin_list>
<bind>
<opcode="write(1151) " fcode="write"/>
<opset="write_ln0/2 "/>
</bind>
</comp>

<comp id="2088" class="1004" name="write_ln0_write_fu_2088">
<pin_list>
<pin id="2089" dir="0" index="0" bw="0" slack="0"/>
<pin id="2090" dir="0" index="1" bw="16" slack="0"/>
<pin id="2091" dir="0" index="2" bw="16" slack="0"/>
<pin id="2092" dir="1" index="3" bw="0" slack="2147483647"/>
</pin_list>
<bind>
<opcode="write(1151) " fcode="write"/>
<opset="write_ln0/2 "/>
</bind>
</comp>

<comp id="2095" class="1004" name="write_ln0_write_fu_2095">
<pin_list>
<pin id="2096" dir="0" index="0" bw="0" slack="0"/>
<pin id="2097" dir="0" index="1" bw="16" slack="0"/>
<pin id="2098" dir="0" index="2" bw="16" slack="0"/>
<pin id="2099" dir="1" index="3" bw="0" slack="2147483647"/>
</pin_list>
<bind>
<opcode="write(1151) " fcode="write"/>
<opset="write_ln0/2 "/>
</bind>
</comp>

<comp id="2102" class="1004" name="write_ln0_write_fu_2102">
<pin_list>
<pin id="2103" dir="0" index="0" bw="0" slack="0"/>
<pin id="2104" dir="0" index="1" bw="16" slack="0"/>
<pin id="2105" dir="0" index="2" bw="16" slack="0"/>
<pin id="2106" dir="1" index="3" bw="0" slack="2147483647"/>
</pin_list>
<bind>
<opcode="write(1151) " fcode="write"/>
<opset="write_ln0/2 "/>
</bind>
</comp>

<comp id="2109" class="1004" name="write_ln0_write_fu_2109">
<pin_list>
<pin id="2110" dir="0" index="0" bw="0" slack="0"/>
<pin id="2111" dir="0" index="1" bw="16" slack="0"/>
<pin id="2112" dir="0" index="2" bw="16" slack="0"/>
<pin id="2113" dir="1" index="3" bw="0" slack="2147483647"/>
</pin_list>
<bind>
<opcode="write(1151) " fcode="write"/>
<opset="write_ln0/2 "/>
</bind>
</comp>

<comp id="2116" class="1004" name="write_ln0_write_fu_2116">
<pin_list>
<pin id="2117" dir="0" index="0" bw="0" slack="0"/>
<pin id="2118" dir="0" index="1" bw="16" slack="0"/>
<pin id="2119" dir="0" index="2" bw="16" slack="0"/>
<pin id="2120" dir="1" index="3" bw="0" slack="2147483647"/>
</pin_list>
<bind>
<opcode="write(1151) " fcode="write"/>
<opset="write_ln0/2 "/>
</bind>
</comp>

<comp id="2123" class="1004" name="write_ln0_write_fu_2123">
<pin_list>
<pin id="2124" dir="0" index="0" bw="0" slack="0"/>
<pin id="2125" dir="0" index="1" bw="16" slack="0"/>
<pin id="2126" dir="0" index="2" bw="16" slack="0"/>
<pin id="2127" dir="1" index="3" bw="0" slack="2147483647"/>
</pin_list>
<bind>
<opcode="write(1151) " fcode="write"/>
<opset="write_ln0/2 "/>
</bind>
</comp>

<comp id="2130" class="1004" name="write_ln0_write_fu_2130">
<pin_list>
<pin id="2131" dir="0" index="0" bw="0" slack="0"/>
<pin id="2132" dir="0" index="1" bw="16" slack="0"/>
<pin id="2133" dir="0" index="2" bw="16" slack="0"/>
<pin id="2134" dir="1" index="3" bw="0" slack="2147483647"/>
</pin_list>
<bind>
<opcode="write(1151) " fcode="write"/>
<opset="write_ln0/2 "/>
</bind>
</comp>

<comp id="2137" class="1004" name="write_ln0_write_fu_2137">
<pin_list>
<pin id="2138" dir="0" index="0" bw="0" slack="0"/>
<pin id="2139" dir="0" index="1" bw="16" slack="0"/>
<pin id="2140" dir="0" index="2" bw="16" slack="0"/>
<pin id="2141" dir="1" index="3" bw="0" slack="2147483647"/>
</pin_list>
<bind>
<opcode="write(1151) " fcode="write"/>
<opset="write_ln0/2 "/>
</bind>
</comp>

<comp id="2144" class="1004" name="write_ln0_write_fu_2144">
<pin_list>
<pin id="2145" dir="0" index="0" bw="0" slack="0"/>
<pin id="2146" dir="0" index="1" bw="16" slack="0"/>
<pin id="2147" dir="0" index="2" bw="16" slack="0"/>
<pin id="2148" dir="1" index="3" bw="0" slack="2147483647"/>
</pin_list>
<bind>
<opcode="write(1151) " fcode="write"/>
<opset="write_ln0/2 "/>
</bind>
</comp>

<comp id="2151" class="1004" name="write_ln0_write_fu_2151">
<pin_list>
<pin id="2152" dir="0" index="0" bw="0" slack="0"/>
<pin id="2153" dir="0" index="1" bw="16" slack="0"/>
<pin id="2154" dir="0" index="2" bw="16" slack="0"/>
<pin id="2155" dir="1" index="3" bw="0" slack="2147483647"/>
</pin_list>
<bind>
<opcode="write(1151) " fcode="write"/>
<opset="write_ln0/2 "/>
</bind>
</comp>

<comp id="2158" class="1004" name="write_ln0_write_fu_2158">
<pin_list>
<pin id="2159" dir="0" index="0" bw="0" slack="0"/>
<pin id="2160" dir="0" index="1" bw="16" slack="0"/>
<pin id="2161" dir="0" index="2" bw="16" slack="0"/>
<pin id="2162" dir="1" index="3" bw="0" slack="2147483647"/>
</pin_list>
<bind>
<opcode="write(1151) " fcode="write"/>
<opset="write_ln0/2 "/>
</bind>
</comp>

<comp id="2165" class="1004" name="write_ln0_write_fu_2165">
<pin_list>
<pin id="2166" dir="0" index="0" bw="0" slack="0"/>
<pin id="2167" dir="0" index="1" bw="16" slack="0"/>
<pin id="2168" dir="0" index="2" bw="16" slack="0"/>
<pin id="2169" dir="1" index="3" bw="0" slack="2147483647"/>
</pin_list>
<bind>
<opcode="write(1151) " fcode="write"/>
<opset="write_ln0/2 "/>
</bind>
</comp>

<comp id="2172" class="1004" name="write_ln0_write_fu_2172">
<pin_list>
<pin id="2173" dir="0" index="0" bw="0" slack="0"/>
<pin id="2174" dir="0" index="1" bw="16" slack="0"/>
<pin id="2175" dir="0" index="2" bw="16" slack="0"/>
<pin id="2176" dir="1" index="3" bw="0" slack="2147483647"/>
</pin_list>
<bind>
<opcode="write(1151) " fcode="write"/>
<opset="write_ln0/2 "/>
</bind>
</comp>

<comp id="2179" class="1004" name="write_ln0_write_fu_2179">
<pin_list>
<pin id="2180" dir="0" index="0" bw="0" slack="0"/>
<pin id="2181" dir="0" index="1" bw="16" slack="0"/>
<pin id="2182" dir="0" index="2" bw="16" slack="0"/>
<pin id="2183" dir="1" index="3" bw="0" slack="2147483647"/>
</pin_list>
<bind>
<opcode="write(1151) " fcode="write"/>
<opset="write_ln0/2 "/>
</bind>
</comp>

<comp id="2186" class="1004" name="write_ln0_write_fu_2186">
<pin_list>
<pin id="2187" dir="0" index="0" bw="0" slack="0"/>
<pin id="2188" dir="0" index="1" bw="16" slack="0"/>
<pin id="2189" dir="0" index="2" bw="16" slack="0"/>
<pin id="2190" dir="1" index="3" bw="0" slack="2147483647"/>
</pin_list>
<bind>
<opcode="write(1151) " fcode="write"/>
<opset="write_ln0/2 "/>
</bind>
</comp>

<comp id="2193" class="1004" name="write_ln0_write_fu_2193">
<pin_list>
<pin id="2194" dir="0" index="0" bw="0" slack="0"/>
<pin id="2195" dir="0" index="1" bw="16" slack="0"/>
<pin id="2196" dir="0" index="2" bw="16" slack="0"/>
<pin id="2197" dir="1" index="3" bw="0" slack="2147483647"/>
</pin_list>
<bind>
<opcode="write(1151) " fcode="write"/>
<opset="write_ln0/2 "/>
</bind>
</comp>

<comp id="2200" class="1004" name="write_ln0_write_fu_2200">
<pin_list>
<pin id="2201" dir="0" index="0" bw="0" slack="0"/>
<pin id="2202" dir="0" index="1" bw="16" slack="0"/>
<pin id="2203" dir="0" index="2" bw="16" slack="0"/>
<pin id="2204" dir="1" index="3" bw="0" slack="2147483647"/>
</pin_list>
<bind>
<opcode="write(1151) " fcode="write"/>
<opset="write_ln0/2 "/>
</bind>
</comp>

<comp id="2207" class="1004" name="write_ln0_write_fu_2207">
<pin_list>
<pin id="2208" dir="0" index="0" bw="0" slack="0"/>
<pin id="2209" dir="0" index="1" bw="16" slack="0"/>
<pin id="2210" dir="0" index="2" bw="16" slack="0"/>
<pin id="2211" dir="1" index="3" bw="0" slack="2147483647"/>
</pin_list>
<bind>
<opcode="write(1151) " fcode="write"/>
<opset="write_ln0/2 "/>
</bind>
</comp>

<comp id="2214" class="1004" name="write_ln0_write_fu_2214">
<pin_list>
<pin id="2215" dir="0" index="0" bw="0" slack="0"/>
<pin id="2216" dir="0" index="1" bw="16" slack="0"/>
<pin id="2217" dir="0" index="2" bw="16" slack="0"/>
<pin id="2218" dir="1" index="3" bw="0" slack="2147483647"/>
</pin_list>
<bind>
<opcode="write(1151) " fcode="write"/>
<opset="write_ln0/2 "/>
</bind>
</comp>

<comp id="2221" class="1004" name="write_ln0_write_fu_2221">
<pin_list>
<pin id="2222" dir="0" index="0" bw="0" slack="0"/>
<pin id="2223" dir="0" index="1" bw="16" slack="0"/>
<pin id="2224" dir="0" index="2" bw="16" slack="0"/>
<pin id="2225" dir="1" index="3" bw="0" slack="2147483647"/>
</pin_list>
<bind>
<opcode="write(1151) " fcode="write"/>
<opset="write_ln0/2 "/>
</bind>
</comp>

<comp id="2228" class="1004" name="write_ln0_write_fu_2228">
<pin_list>
<pin id="2229" dir="0" index="0" bw="0" slack="0"/>
<pin id="2230" dir="0" index="1" bw="16" slack="0"/>
<pin id="2231" dir="0" index="2" bw="16" slack="0"/>
<pin id="2232" dir="1" index="3" bw="0" slack="2147483647"/>
</pin_list>
<bind>
<opcode="write(1151) " fcode="write"/>
<opset="write_ln0/2 "/>
</bind>
</comp>

<comp id="2235" class="1004" name="write_ln0_write_fu_2235">
<pin_list>
<pin id="2236" dir="0" index="0" bw="0" slack="0"/>
<pin id="2237" dir="0" index="1" bw="16" slack="0"/>
<pin id="2238" dir="0" index="2" bw="16" slack="0"/>
<pin id="2239" dir="1" index="3" bw="0" slack="2147483647"/>
</pin_list>
<bind>
<opcode="write(1151) " fcode="write"/>
<opset="write_ln0/2 "/>
</bind>
</comp>

<comp id="2242" class="1004" name="write_ln0_write_fu_2242">
<pin_list>
<pin id="2243" dir="0" index="0" bw="0" slack="0"/>
<pin id="2244" dir="0" index="1" bw="16" slack="0"/>
<pin id="2245" dir="0" index="2" bw="16" slack="0"/>
<pin id="2246" dir="1" index="3" bw="0" slack="2147483647"/>
</pin_list>
<bind>
<opcode="write(1151) " fcode="write"/>
<opset="write_ln0/2 "/>
</bind>
</comp>

<comp id="2249" class="1004" name="write_ln0_write_fu_2249">
<pin_list>
<pin id="2250" dir="0" index="0" bw="0" slack="0"/>
<pin id="2251" dir="0" index="1" bw="16" slack="0"/>
<pin id="2252" dir="0" index="2" bw="16" slack="0"/>
<pin id="2253" dir="1" index="3" bw="0" slack="2147483647"/>
</pin_list>
<bind>
<opcode="write(1151) " fcode="write"/>
<opset="write_ln0/2 "/>
</bind>
</comp>

<comp id="2256" class="1004" name="write_ln0_write_fu_2256">
<pin_list>
<pin id="2257" dir="0" index="0" bw="0" slack="0"/>
<pin id="2258" dir="0" index="1" bw="16" slack="0"/>
<pin id="2259" dir="0" index="2" bw="16" slack="0"/>
<pin id="2260" dir="1" index="3" bw="0" slack="2147483647"/>
</pin_list>
<bind>
<opcode="write(1151) " fcode="write"/>
<opset="write_ln0/2 "/>
</bind>
</comp>

<comp id="2263" class="1004" name="write_ln0_write_fu_2263">
<pin_list>
<pin id="2264" dir="0" index="0" bw="0" slack="0"/>
<pin id="2265" dir="0" index="1" bw="16" slack="0"/>
<pin id="2266" dir="0" index="2" bw="16" slack="0"/>
<pin id="2267" dir="1" index="3" bw="0" slack="2147483647"/>
</pin_list>
<bind>
<opcode="write(1151) " fcode="write"/>
<opset="write_ln0/2 "/>
</bind>
</comp>

<comp id="2270" class="1004" name="write_ln0_write_fu_2270">
<pin_list>
<pin id="2271" dir="0" index="0" bw="0" slack="0"/>
<pin id="2272" dir="0" index="1" bw="16" slack="0"/>
<pin id="2273" dir="0" index="2" bw="16" slack="0"/>
<pin id="2274" dir="1" index="3" bw="0" slack="2147483647"/>
</pin_list>
<bind>
<opcode="write(1151) " fcode="write"/>
<opset="write_ln0/2 "/>
</bind>
</comp>

<comp id="2277" class="1004" name="write_ln0_write_fu_2277">
<pin_list>
<pin id="2278" dir="0" index="0" bw="0" slack="0"/>
<pin id="2279" dir="0" index="1" bw="16" slack="0"/>
<pin id="2280" dir="0" index="2" bw="16" slack="0"/>
<pin id="2281" dir="1" index="3" bw="0" slack="2147483647"/>
</pin_list>
<bind>
<opcode="write(1151) " fcode="write"/>
<opset="write_ln0/2 "/>
</bind>
</comp>

<comp id="2284" class="1004" name="write_ln0_write_fu_2284">
<pin_list>
<pin id="2285" dir="0" index="0" bw="0" slack="0"/>
<pin id="2286" dir="0" index="1" bw="16" slack="0"/>
<pin id="2287" dir="0" index="2" bw="16" slack="0"/>
<pin id="2288" dir="1" index="3" bw="0" slack="2147483647"/>
</pin_list>
<bind>
<opcode="write(1151) " fcode="write"/>
<opset="write_ln0/2 "/>
</bind>
</comp>

<comp id="2291" class="1004" name="write_ln0_write_fu_2291">
<pin_list>
<pin id="2292" dir="0" index="0" bw="0" slack="0"/>
<pin id="2293" dir="0" index="1" bw="16" slack="0"/>
<pin id="2294" dir="0" index="2" bw="16" slack="0"/>
<pin id="2295" dir="1" index="3" bw="0" slack="2147483647"/>
</pin_list>
<bind>
<opcode="write(1151) " fcode="write"/>
<opset="write_ln0/2 "/>
</bind>
</comp>

<comp id="2298" class="1004" name="write_ln0_write_fu_2298">
<pin_list>
<pin id="2299" dir="0" index="0" bw="0" slack="0"/>
<pin id="2300" dir="0" index="1" bw="16" slack="0"/>
<pin id="2301" dir="0" index="2" bw="16" slack="0"/>
<pin id="2302" dir="1" index="3" bw="0" slack="2147483647"/>
</pin_list>
<bind>
<opcode="write(1151) " fcode="write"/>
<opset="write_ln0/2 "/>
</bind>
</comp>

<comp id="2305" class="1004" name="write_ln0_write_fu_2305">
<pin_list>
<pin id="2306" dir="0" index="0" bw="0" slack="0"/>
<pin id="2307" dir="0" index="1" bw="16" slack="0"/>
<pin id="2308" dir="0" index="2" bw="16" slack="0"/>
<pin id="2309" dir="1" index="3" bw="0" slack="2147483647"/>
</pin_list>
<bind>
<opcode="write(1151) " fcode="write"/>
<opset="write_ln0/2 "/>
</bind>
</comp>

<comp id="2312" class="1004" name="write_ln0_write_fu_2312">
<pin_list>
<pin id="2313" dir="0" index="0" bw="0" slack="0"/>
<pin id="2314" dir="0" index="1" bw="16" slack="0"/>
<pin id="2315" dir="0" index="2" bw="16" slack="0"/>
<pin id="2316" dir="1" index="3" bw="0" slack="2147483647"/>
</pin_list>
<bind>
<opcode="write(1151) " fcode="write"/>
<opset="write_ln0/2 "/>
</bind>
</comp>

<comp id="2319" class="1004" name="write_ln0_write_fu_2319">
<pin_list>
<pin id="2320" dir="0" index="0" bw="0" slack="0"/>
<pin id="2321" dir="0" index="1" bw="16" slack="0"/>
<pin id="2322" dir="0" index="2" bw="16" slack="0"/>
<pin id="2323" dir="1" index="3" bw="0" slack="2147483647"/>
</pin_list>
<bind>
<opcode="write(1151) " fcode="write"/>
<opset="write_ln0/2 "/>
</bind>
</comp>

<comp id="2326" class="1004" name="write_ln0_write_fu_2326">
<pin_list>
<pin id="2327" dir="0" index="0" bw="0" slack="0"/>
<pin id="2328" dir="0" index="1" bw="16" slack="0"/>
<pin id="2329" dir="0" index="2" bw="16" slack="0"/>
<pin id="2330" dir="1" index="3" bw="0" slack="2147483647"/>
</pin_list>
<bind>
<opcode="write(1151) " fcode="write"/>
<opset="write_ln0/2 "/>
</bind>
</comp>

<comp id="2333" class="1004" name="write_ln0_write_fu_2333">
<pin_list>
<pin id="2334" dir="0" index="0" bw="0" slack="0"/>
<pin id="2335" dir="0" index="1" bw="16" slack="0"/>
<pin id="2336" dir="0" index="2" bw="16" slack="0"/>
<pin id="2337" dir="1" index="3" bw="0" slack="2147483647"/>
</pin_list>
<bind>
<opcode="write(1151) " fcode="write"/>
<opset="write_ln0/2 "/>
</bind>
</comp>

<comp id="2340" class="1004" name="write_ln0_write_fu_2340">
<pin_list>
<pin id="2341" dir="0" index="0" bw="0" slack="0"/>
<pin id="2342" dir="0" index="1" bw="16" slack="0"/>
<pin id="2343" dir="0" index="2" bw="16" slack="0"/>
<pin id="2344" dir="1" index="3" bw="0" slack="2147483647"/>
</pin_list>
<bind>
<opcode="write(1151) " fcode="write"/>
<opset="write_ln0/2 "/>
</bind>
</comp>

<comp id="2347" class="1004" name="write_ln0_write_fu_2347">
<pin_list>
<pin id="2348" dir="0" index="0" bw="0" slack="0"/>
<pin id="2349" dir="0" index="1" bw="16" slack="0"/>
<pin id="2350" dir="0" index="2" bw="16" slack="0"/>
<pin id="2351" dir="1" index="3" bw="0" slack="2147483647"/>
</pin_list>
<bind>
<opcode="write(1151) " fcode="write"/>
<opset="write_ln0/2 "/>
</bind>
</comp>

<comp id="2354" class="1004" name="write_ln0_write_fu_2354">
<pin_list>
<pin id="2355" dir="0" index="0" bw="0" slack="0"/>
<pin id="2356" dir="0" index="1" bw="16" slack="0"/>
<pin id="2357" dir="0" index="2" bw="16" slack="0"/>
<pin id="2358" dir="1" index="3" bw="0" slack="2147483647"/>
</pin_list>
<bind>
<opcode="write(1151) " fcode="write"/>
<opset="write_ln0/2 "/>
</bind>
</comp>

<comp id="2361" class="1004" name="write_ln0_write_fu_2361">
<pin_list>
<pin id="2362" dir="0" index="0" bw="0" slack="0"/>
<pin id="2363" dir="0" index="1" bw="16" slack="0"/>
<pin id="2364" dir="0" index="2" bw="16" slack="0"/>
<pin id="2365" dir="1" index="3" bw="0" slack="2147483647"/>
</pin_list>
<bind>
<opcode="write(1151) " fcode="write"/>
<opset="write_ln0/2 "/>
</bind>
</comp>

<comp id="2368" class="1004" name="write_ln0_write_fu_2368">
<pin_list>
<pin id="2369" dir="0" index="0" bw="0" slack="0"/>
<pin id="2370" dir="0" index="1" bw="16" slack="0"/>
<pin id="2371" dir="0" index="2" bw="16" slack="0"/>
<pin id="2372" dir="1" index="3" bw="0" slack="2147483647"/>
</pin_list>
<bind>
<opcode="write(1151) " fcode="write"/>
<opset="write_ln0/2 "/>
</bind>
</comp>

<comp id="2375" class="1004" name="write_ln0_write_fu_2375">
<pin_list>
<pin id="2376" dir="0" index="0" bw="0" slack="0"/>
<pin id="2377" dir="0" index="1" bw="16" slack="0"/>
<pin id="2378" dir="0" index="2" bw="16" slack="0"/>
<pin id="2379" dir="1" index="3" bw="0" slack="2147483647"/>
</pin_list>
<bind>
<opcode="write(1151) " fcode="write"/>
<opset="write_ln0/2 "/>
</bind>
</comp>

<comp id="2382" class="1004" name="write_ln0_write_fu_2382">
<pin_list>
<pin id="2383" dir="0" index="0" bw="0" slack="0"/>
<pin id="2384" dir="0" index="1" bw="16" slack="0"/>
<pin id="2385" dir="0" index="2" bw="16" slack="0"/>
<pin id="2386" dir="1" index="3" bw="0" slack="2147483647"/>
</pin_list>
<bind>
<opcode="write(1151) " fcode="write"/>
<opset="write_ln0/2 "/>
</bind>
</comp>

<comp id="2389" class="1004" name="write_ln0_write_fu_2389">
<pin_list>
<pin id="2390" dir="0" index="0" bw="0" slack="0"/>
<pin id="2391" dir="0" index="1" bw="16" slack="0"/>
<pin id="2392" dir="0" index="2" bw="16" slack="0"/>
<pin id="2393" dir="1" index="3" bw="0" slack="2147483647"/>
</pin_list>
<bind>
<opcode="write(1151) " fcode="write"/>
<opset="write_ln0/2 "/>
</bind>
</comp>

<comp id="2396" class="1004" name="write_ln0_write_fu_2396">
<pin_list>
<pin id="2397" dir="0" index="0" bw="0" slack="0"/>
<pin id="2398" dir="0" index="1" bw="16" slack="0"/>
<pin id="2399" dir="0" index="2" bw="16" slack="0"/>
<pin id="2400" dir="1" index="3" bw="0" slack="2147483647"/>
</pin_list>
<bind>
<opcode="write(1151) " fcode="write"/>
<opset="write_ln0/2 "/>
</bind>
</comp>

<comp id="2403" class="1004" name="write_ln0_write_fu_2403">
<pin_list>
<pin id="2404" dir="0" index="0" bw="0" slack="0"/>
<pin id="2405" dir="0" index="1" bw="16" slack="0"/>
<pin id="2406" dir="0" index="2" bw="16" slack="0"/>
<pin id="2407" dir="1" index="3" bw="0" slack="2147483647"/>
</pin_list>
<bind>
<opcode="write(1151) " fcode="write"/>
<opset="write_ln0/2 "/>
</bind>
</comp>

<comp id="2410" class="1004" name="write_ln0_write_fu_2410">
<pin_list>
<pin id="2411" dir="0" index="0" bw="0" slack="0"/>
<pin id="2412" dir="0" index="1" bw="16" slack="0"/>
<pin id="2413" dir="0" index="2" bw="16" slack="0"/>
<pin id="2414" dir="1" index="3" bw="0" slack="2147483647"/>
</pin_list>
<bind>
<opcode="write(1151) " fcode="write"/>
<opset="write_ln0/2 "/>
</bind>
</comp>

<comp id="2417" class="1004" name="write_ln0_write_fu_2417">
<pin_list>
<pin id="2418" dir="0" index="0" bw="0" slack="0"/>
<pin id="2419" dir="0" index="1" bw="16" slack="0"/>
<pin id="2420" dir="0" index="2" bw="16" slack="0"/>
<pin id="2421" dir="1" index="3" bw="0" slack="2147483647"/>
</pin_list>
<bind>
<opcode="write(1151) " fcode="write"/>
<opset="write_ln0/2 "/>
</bind>
</comp>

<comp id="2424" class="1004" name="write_ln0_write_fu_2424">
<pin_list>
<pin id="2425" dir="0" index="0" bw="0" slack="0"/>
<pin id="2426" dir="0" index="1" bw="16" slack="0"/>
<pin id="2427" dir="0" index="2" bw="16" slack="0"/>
<pin id="2428" dir="1" index="3" bw="0" slack="2147483647"/>
</pin_list>
<bind>
<opcode="write(1151) " fcode="write"/>
<opset="write_ln0/2 "/>
</bind>
</comp>

<comp id="2431" class="1004" name="write_ln0_write_fu_2431">
<pin_list>
<pin id="2432" dir="0" index="0" bw="0" slack="0"/>
<pin id="2433" dir="0" index="1" bw="16" slack="0"/>
<pin id="2434" dir="0" index="2" bw="16" slack="0"/>
<pin id="2435" dir="1" index="3" bw="0" slack="2147483647"/>
</pin_list>
<bind>
<opcode="write(1151) " fcode="write"/>
<opset="write_ln0/2 "/>
</bind>
</comp>

<comp id="2438" class="1004" name="write_ln0_write_fu_2438">
<pin_list>
<pin id="2439" dir="0" index="0" bw="0" slack="0"/>
<pin id="2440" dir="0" index="1" bw="16" slack="0"/>
<pin id="2441" dir="0" index="2" bw="16" slack="0"/>
<pin id="2442" dir="1" index="3" bw="0" slack="2147483647"/>
</pin_list>
<bind>
<opcode="write(1151) " fcode="write"/>
<opset="write_ln0/2 "/>
</bind>
</comp>

<comp id="2445" class="1004" name="write_ln0_write_fu_2445">
<pin_list>
<pin id="2446" dir="0" index="0" bw="0" slack="0"/>
<pin id="2447" dir="0" index="1" bw="16" slack="0"/>
<pin id="2448" dir="0" index="2" bw="16" slack="0"/>
<pin id="2449" dir="1" index="3" bw="0" slack="2147483647"/>
</pin_list>
<bind>
<opcode="write(1151) " fcode="write"/>
<opset="write_ln0/2 "/>
</bind>
</comp>

<comp id="2452" class="1004" name="write_ln0_write_fu_2452">
<pin_list>
<pin id="2453" dir="0" index="0" bw="0" slack="0"/>
<pin id="2454" dir="0" index="1" bw="16" slack="0"/>
<pin id="2455" dir="0" index="2" bw="16" slack="0"/>
<pin id="2456" dir="1" index="3" bw="0" slack="2147483647"/>
</pin_list>
<bind>
<opcode="write(1151) " fcode="write"/>
<opset="write_ln0/2 "/>
</bind>
</comp>

<comp id="2459" class="1004" name="write_ln0_write_fu_2459">
<pin_list>
<pin id="2460" dir="0" index="0" bw="0" slack="0"/>
<pin id="2461" dir="0" index="1" bw="16" slack="0"/>
<pin id="2462" dir="0" index="2" bw="16" slack="0"/>
<pin id="2463" dir="1" index="3" bw="0" slack="2147483647"/>
</pin_list>
<bind>
<opcode="write(1151) " fcode="write"/>
<opset="write_ln0/2 "/>
</bind>
</comp>

<comp id="2466" class="1004" name="write_ln0_write_fu_2466">
<pin_list>
<pin id="2467" dir="0" index="0" bw="0" slack="0"/>
<pin id="2468" dir="0" index="1" bw="16" slack="0"/>
<pin id="2469" dir="0" index="2" bw="16" slack="0"/>
<pin id="2470" dir="1" index="3" bw="0" slack="2147483647"/>
</pin_list>
<bind>
<opcode="write(1151) " fcode="write"/>
<opset="write_ln0/2 "/>
</bind>
</comp>

<comp id="2473" class="1004" name="write_ln0_write_fu_2473">
<pin_list>
<pin id="2474" dir="0" index="0" bw="0" slack="0"/>
<pin id="2475" dir="0" index="1" bw="16" slack="0"/>
<pin id="2476" dir="0" index="2" bw="16" slack="0"/>
<pin id="2477" dir="1" index="3" bw="0" slack="2147483647"/>
</pin_list>
<bind>
<opcode="write(1151) " fcode="write"/>
<opset="write_ln0/2 "/>
</bind>
</comp>

<comp id="2480" class="1004" name="write_ln0_write_fu_2480">
<pin_list>
<pin id="2481" dir="0" index="0" bw="0" slack="0"/>
<pin id="2482" dir="0" index="1" bw="16" slack="0"/>
<pin id="2483" dir="0" index="2" bw="16" slack="0"/>
<pin id="2484" dir="1" index="3" bw="0" slack="2147483647"/>
</pin_list>
<bind>
<opcode="write(1151) " fcode="write"/>
<opset="write_ln0/2 "/>
</bind>
</comp>

<comp id="2487" class="1004" name="write_ln0_write_fu_2487">
<pin_list>
<pin id="2488" dir="0" index="0" bw="0" slack="0"/>
<pin id="2489" dir="0" index="1" bw="16" slack="0"/>
<pin id="2490" dir="0" index="2" bw="16" slack="0"/>
<pin id="2491" dir="1" index="3" bw="0" slack="2147483647"/>
</pin_list>
<bind>
<opcode="write(1151) " fcode="write"/>
<opset="write_ln0/2 "/>
</bind>
</comp>

<comp id="2494" class="1004" name="write_ln0_write_fu_2494">
<pin_list>
<pin id="2495" dir="0" index="0" bw="0" slack="0"/>
<pin id="2496" dir="0" index="1" bw="16" slack="0"/>
<pin id="2497" dir="0" index="2" bw="16" slack="0"/>
<pin id="2498" dir="1" index="3" bw="0" slack="2147483647"/>
</pin_list>
<bind>
<opcode="write(1151) " fcode="write"/>
<opset="write_ln0/2 "/>
</bind>
</comp>

<comp id="2501" class="1004" name="write_ln0_write_fu_2501">
<pin_list>
<pin id="2502" dir="0" index="0" bw="0" slack="0"/>
<pin id="2503" dir="0" index="1" bw="16" slack="0"/>
<pin id="2504" dir="0" index="2" bw="16" slack="0"/>
<pin id="2505" dir="1" index="3" bw="0" slack="2147483647"/>
</pin_list>
<bind>
<opcode="write(1151) " fcode="write"/>
<opset="write_ln0/2 "/>
</bind>
</comp>

<comp id="2508" class="1004" name="write_ln0_write_fu_2508">
<pin_list>
<pin id="2509" dir="0" index="0" bw="0" slack="0"/>
<pin id="2510" dir="0" index="1" bw="16" slack="0"/>
<pin id="2511" dir="0" index="2" bw="16" slack="0"/>
<pin id="2512" dir="1" index="3" bw="0" slack="2147483647"/>
</pin_list>
<bind>
<opcode="write(1151) " fcode="write"/>
<opset="write_ln0/2 "/>
</bind>
</comp>

<comp id="2515" class="1004" name="write_ln0_write_fu_2515">
<pin_list>
<pin id="2516" dir="0" index="0" bw="0" slack="0"/>
<pin id="2517" dir="0" index="1" bw="16" slack="0"/>
<pin id="2518" dir="0" index="2" bw="16" slack="0"/>
<pin id="2519" dir="1" index="3" bw="0" slack="2147483647"/>
</pin_list>
<bind>
<opcode="write(1151) " fcode="write"/>
<opset="write_ln0/2 "/>
</bind>
</comp>

<comp id="2522" class="1004" name="write_ln0_write_fu_2522">
<pin_list>
<pin id="2523" dir="0" index="0" bw="0" slack="0"/>
<pin id="2524" dir="0" index="1" bw="16" slack="0"/>
<pin id="2525" dir="0" index="2" bw="16" slack="0"/>
<pin id="2526" dir="1" index="3" bw="0" slack="2147483647"/>
</pin_list>
<bind>
<opcode="write(1151) " fcode="write"/>
<opset="write_ln0/2 "/>
</bind>
</comp>

<comp id="2529" class="1004" name="write_ln0_write_fu_2529">
<pin_list>
<pin id="2530" dir="0" index="0" bw="0" slack="0"/>
<pin id="2531" dir="0" index="1" bw="16" slack="0"/>
<pin id="2532" dir="0" index="2" bw="16" slack="0"/>
<pin id="2533" dir="1" index="3" bw="0" slack="2147483647"/>
</pin_list>
<bind>
<opcode="write(1151) " fcode="write"/>
<opset="write_ln0/2 "/>
</bind>
</comp>

<comp id="2536" class="1004" name="write_ln0_write_fu_2536">
<pin_list>
<pin id="2537" dir="0" index="0" bw="0" slack="0"/>
<pin id="2538" dir="0" index="1" bw="16" slack="0"/>
<pin id="2539" dir="0" index="2" bw="16" slack="0"/>
<pin id="2540" dir="1" index="3" bw="0" slack="2147483647"/>
</pin_list>
<bind>
<opcode="write(1151) " fcode="write"/>
<opset="write_ln0/2 "/>
</bind>
</comp>

<comp id="2543" class="1004" name="write_ln0_write_fu_2543">
<pin_list>
<pin id="2544" dir="0" index="0" bw="0" slack="0"/>
<pin id="2545" dir="0" index="1" bw="16" slack="0"/>
<pin id="2546" dir="0" index="2" bw="16" slack="0"/>
<pin id="2547" dir="1" index="3" bw="0" slack="2147483647"/>
</pin_list>
<bind>
<opcode="write(1151) " fcode="write"/>
<opset="write_ln0/2 "/>
</bind>
</comp>

<comp id="2550" class="1004" name="write_ln0_write_fu_2550">
<pin_list>
<pin id="2551" dir="0" index="0" bw="0" slack="0"/>
<pin id="2552" dir="0" index="1" bw="16" slack="0"/>
<pin id="2553" dir="0" index="2" bw="16" slack="0"/>
<pin id="2554" dir="1" index="3" bw="0" slack="2147483647"/>
</pin_list>
<bind>
<opcode="write(1151) " fcode="write"/>
<opset="write_ln0/2 "/>
</bind>
</comp>

<comp id="2557" class="1004" name="write_ln0_write_fu_2557">
<pin_list>
<pin id="2558" dir="0" index="0" bw="0" slack="0"/>
<pin id="2559" dir="0" index="1" bw="16" slack="0"/>
<pin id="2560" dir="0" index="2" bw="16" slack="0"/>
<pin id="2561" dir="1" index="3" bw="0" slack="2147483647"/>
</pin_list>
<bind>
<opcode="write(1151) " fcode="write"/>
<opset="write_ln0/2 "/>
</bind>
</comp>

<comp id="2564" class="1004" name="write_ln0_write_fu_2564">
<pin_list>
<pin id="2565" dir="0" index="0" bw="0" slack="0"/>
<pin id="2566" dir="0" index="1" bw="16" slack="0"/>
<pin id="2567" dir="0" index="2" bw="16" slack="0"/>
<pin id="2568" dir="1" index="3" bw="0" slack="2147483647"/>
</pin_list>
<bind>
<opcode="write(1151) " fcode="write"/>
<opset="write_ln0/2 "/>
</bind>
</comp>

<comp id="2571" class="1004" name="write_ln0_write_fu_2571">
<pin_list>
<pin id="2572" dir="0" index="0" bw="0" slack="0"/>
<pin id="2573" dir="0" index="1" bw="16" slack="0"/>
<pin id="2574" dir="0" index="2" bw="16" slack="0"/>
<pin id="2575" dir="1" index="3" bw="0" slack="2147483647"/>
</pin_list>
<bind>
<opcode="write(1151) " fcode="write"/>
<opset="write_ln0/2 "/>
</bind>
</comp>

<comp id="2578" class="1004" name="write_ln0_write_fu_2578">
<pin_list>
<pin id="2579" dir="0" index="0" bw="0" slack="0"/>
<pin id="2580" dir="0" index="1" bw="16" slack="0"/>
<pin id="2581" dir="0" index="2" bw="16" slack="0"/>
<pin id="2582" dir="1" index="3" bw="0" slack="2147483647"/>
</pin_list>
<bind>
<opcode="write(1151) " fcode="write"/>
<opset="write_ln0/2 "/>
</bind>
</comp>

<comp id="2585" class="1004" name="write_ln0_write_fu_2585">
<pin_list>
<pin id="2586" dir="0" index="0" bw="0" slack="0"/>
<pin id="2587" dir="0" index="1" bw="16" slack="0"/>
<pin id="2588" dir="0" index="2" bw="16" slack="0"/>
<pin id="2589" dir="1" index="3" bw="0" slack="2147483647"/>
</pin_list>
<bind>
<opcode="write(1151) " fcode="write"/>
<opset="write_ln0/2 "/>
</bind>
</comp>

<comp id="2592" class="1004" name="write_ln0_write_fu_2592">
<pin_list>
<pin id="2593" dir="0" index="0" bw="0" slack="0"/>
<pin id="2594" dir="0" index="1" bw="16" slack="0"/>
<pin id="2595" dir="0" index="2" bw="16" slack="0"/>
<pin id="2596" dir="1" index="3" bw="0" slack="2147483647"/>
</pin_list>
<bind>
<opcode="write(1151) " fcode="write"/>
<opset="write_ln0/2 "/>
</bind>
</comp>

<comp id="2599" class="1004" name="write_ln0_write_fu_2599">
<pin_list>
<pin id="2600" dir="0" index="0" bw="0" slack="0"/>
<pin id="2601" dir="0" index="1" bw="16" slack="0"/>
<pin id="2602" dir="0" index="2" bw="16" slack="0"/>
<pin id="2603" dir="1" index="3" bw="0" slack="2147483647"/>
</pin_list>
<bind>
<opcode="write(1151) " fcode="write"/>
<opset="write_ln0/2 "/>
</bind>
</comp>

<comp id="2606" class="1004" name="write_ln0_write_fu_2606">
<pin_list>
<pin id="2607" dir="0" index="0" bw="0" slack="0"/>
<pin id="2608" dir="0" index="1" bw="16" slack="0"/>
<pin id="2609" dir="0" index="2" bw="16" slack="0"/>
<pin id="2610" dir="1" index="3" bw="0" slack="2147483647"/>
</pin_list>
<bind>
<opcode="write(1151) " fcode="write"/>
<opset="write_ln0/2 "/>
</bind>
</comp>

<comp id="2613" class="1004" name="write_ln0_write_fu_2613">
<pin_list>
<pin id="2614" dir="0" index="0" bw="0" slack="0"/>
<pin id="2615" dir="0" index="1" bw="16" slack="0"/>
<pin id="2616" dir="0" index="2" bw="16" slack="0"/>
<pin id="2617" dir="1" index="3" bw="0" slack="2147483647"/>
</pin_list>
<bind>
<opcode="write(1151) " fcode="write"/>
<opset="write_ln0/2 "/>
</bind>
</comp>

<comp id="2620" class="1004" name="write_ln0_write_fu_2620">
<pin_list>
<pin id="2621" dir="0" index="0" bw="0" slack="0"/>
<pin id="2622" dir="0" index="1" bw="16" slack="0"/>
<pin id="2623" dir="0" index="2" bw="16" slack="0"/>
<pin id="2624" dir="1" index="3" bw="0" slack="2147483647"/>
</pin_list>
<bind>
<opcode="write(1151) " fcode="write"/>
<opset="write_ln0/2 "/>
</bind>
</comp>

<comp id="2627" class="1004" name="write_ln0_write_fu_2627">
<pin_list>
<pin id="2628" dir="0" index="0" bw="0" slack="0"/>
<pin id="2629" dir="0" index="1" bw="16" slack="0"/>
<pin id="2630" dir="0" index="2" bw="16" slack="0"/>
<pin id="2631" dir="1" index="3" bw="0" slack="2147483647"/>
</pin_list>
<bind>
<opcode="write(1151) " fcode="write"/>
<opset="write_ln0/2 "/>
</bind>
</comp>

<comp id="2634" class="1004" name="write_ln0_write_fu_2634">
<pin_list>
<pin id="2635" dir="0" index="0" bw="0" slack="0"/>
<pin id="2636" dir="0" index="1" bw="16" slack="0"/>
<pin id="2637" dir="0" index="2" bw="16" slack="0"/>
<pin id="2638" dir="1" index="3" bw="0" slack="2147483647"/>
</pin_list>
<bind>
<opcode="write(1151) " fcode="write"/>
<opset="write_ln0/2 "/>
</bind>
</comp>

<comp id="2641" class="1004" name="write_ln0_write_fu_2641">
<pin_list>
<pin id="2642" dir="0" index="0" bw="0" slack="0"/>
<pin id="2643" dir="0" index="1" bw="16" slack="0"/>
<pin id="2644" dir="0" index="2" bw="16" slack="0"/>
<pin id="2645" dir="1" index="3" bw="0" slack="2147483647"/>
</pin_list>
<bind>
<opcode="write(1151) " fcode="write"/>
<opset="write_ln0/2 "/>
</bind>
</comp>

<comp id="2648" class="1004" name="write_ln0_write_fu_2648">
<pin_list>
<pin id="2649" dir="0" index="0" bw="0" slack="0"/>
<pin id="2650" dir="0" index="1" bw="16" slack="0"/>
<pin id="2651" dir="0" index="2" bw="16" slack="0"/>
<pin id="2652" dir="1" index="3" bw="0" slack="2147483647"/>
</pin_list>
<bind>
<opcode="write(1151) " fcode="write"/>
<opset="write_ln0/2 "/>
</bind>
</comp>

<comp id="2655" class="1004" name="write_ln0_write_fu_2655">
<pin_list>
<pin id="2656" dir="0" index="0" bw="0" slack="0"/>
<pin id="2657" dir="0" index="1" bw="16" slack="0"/>
<pin id="2658" dir="0" index="2" bw="16" slack="0"/>
<pin id="2659" dir="1" index="3" bw="0" slack="2147483647"/>
</pin_list>
<bind>
<opcode="write(1151) " fcode="write"/>
<opset="write_ln0/2 "/>
</bind>
</comp>

<comp id="2662" class="1004" name="write_ln0_write_fu_2662">
<pin_list>
<pin id="2663" dir="0" index="0" bw="0" slack="0"/>
<pin id="2664" dir="0" index="1" bw="16" slack="0"/>
<pin id="2665" dir="0" index="2" bw="16" slack="0"/>
<pin id="2666" dir="1" index="3" bw="0" slack="2147483647"/>
</pin_list>
<bind>
<opcode="write(1151) " fcode="write"/>
<opset="write_ln0/2 "/>
</bind>
</comp>

<comp id="2669" class="1004" name="write_ln0_write_fu_2669">
<pin_list>
<pin id="2670" dir="0" index="0" bw="0" slack="0"/>
<pin id="2671" dir="0" index="1" bw="16" slack="0"/>
<pin id="2672" dir="0" index="2" bw="16" slack="0"/>
<pin id="2673" dir="1" index="3" bw="0" slack="2147483647"/>
</pin_list>
<bind>
<opcode="write(1151) " fcode="write"/>
<opset="write_ln0/2 "/>
</bind>
</comp>

<comp id="2676" class="1004" name="write_ln0_write_fu_2676">
<pin_list>
<pin id="2677" dir="0" index="0" bw="0" slack="0"/>
<pin id="2678" dir="0" index="1" bw="16" slack="0"/>
<pin id="2679" dir="0" index="2" bw="16" slack="0"/>
<pin id="2680" dir="1" index="3" bw="0" slack="2147483647"/>
</pin_list>
<bind>
<opcode="write(1151) " fcode="write"/>
<opset="write_ln0/2 "/>
</bind>
</comp>

<comp id="2683" class="1004" name="write_ln0_write_fu_2683">
<pin_list>
<pin id="2684" dir="0" index="0" bw="0" slack="0"/>
<pin id="2685" dir="0" index="1" bw="16" slack="0"/>
<pin id="2686" dir="0" index="2" bw="16" slack="0"/>
<pin id="2687" dir="1" index="3" bw="0" slack="2147483647"/>
</pin_list>
<bind>
<opcode="write(1151) " fcode="write"/>
<opset="write_ln0/2 "/>
</bind>
</comp>

<comp id="2690" class="1004" name="write_ln0_write_fu_2690">
<pin_list>
<pin id="2691" dir="0" index="0" bw="0" slack="0"/>
<pin id="2692" dir="0" index="1" bw="16" slack="0"/>
<pin id="2693" dir="0" index="2" bw="16" slack="0"/>
<pin id="2694" dir="1" index="3" bw="0" slack="2147483647"/>
</pin_list>
<bind>
<opcode="write(1151) " fcode="write"/>
<opset="write_ln0/2 "/>
</bind>
</comp>

<comp id="2697" class="1004" name="write_ln0_write_fu_2697">
<pin_list>
<pin id="2698" dir="0" index="0" bw="0" slack="0"/>
<pin id="2699" dir="0" index="1" bw="16" slack="0"/>
<pin id="2700" dir="0" index="2" bw="16" slack="0"/>
<pin id="2701" dir="1" index="3" bw="0" slack="2147483647"/>
</pin_list>
<bind>
<opcode="write(1151) " fcode="write"/>
<opset="write_ln0/2 "/>
</bind>
</comp>

<comp id="2704" class="1004" name="write_ln0_write_fu_2704">
<pin_list>
<pin id="2705" dir="0" index="0" bw="0" slack="0"/>
<pin id="2706" dir="0" index="1" bw="16" slack="0"/>
<pin id="2707" dir="0" index="2" bw="16" slack="0"/>
<pin id="2708" dir="1" index="3" bw="0" slack="2147483647"/>
</pin_list>
<bind>
<opcode="write(1151) " fcode="write"/>
<opset="write_ln0/2 "/>
</bind>
</comp>

<comp id="2711" class="1004" name="write_ln0_write_fu_2711">
<pin_list>
<pin id="2712" dir="0" index="0" bw="0" slack="0"/>
<pin id="2713" dir="0" index="1" bw="16" slack="0"/>
<pin id="2714" dir="0" index="2" bw="16" slack="0"/>
<pin id="2715" dir="1" index="3" bw="0" slack="2147483647"/>
</pin_list>
<bind>
<opcode="write(1151) " fcode="write"/>
<opset="write_ln0/2 "/>
</bind>
</comp>

<comp id="2718" class="1004" name="store_ln33_store_fu_2718">
<pin_list>
<pin id="2719" dir="0" index="0" bw="1" slack="0"/>
<pin id="2720" dir="0" index="1" bw="5" slack="0"/>
<pin id="2721" dir="1" index="2" bw="0" slack="2147483647"/>
</pin_list>
<bind>
<opcode="store(28) " fcode="store"/>
<opset="store_ln33/1 "/>
</bind>
</comp>

<comp id="2723" class="1004" name="i_in_1_load_fu_2723">
<pin_list>
<pin id="2724" dir="0" index="0" bw="5" slack="1"/>
<pin id="2725" dir="1" index="1" bw="5" slack="0"/>
</pin_list>
<bind>
<opcode="load(27) " fcode="load"/>
<opset="i_in_1/2 "/>
</bind>
</comp>

<comp id="2726" class="1004" name="trunc_ln35_fu_2726">
<pin_list>
<pin id="2727" dir="0" index="0" bw="128" slack="0"/>
<pin id="2728" dir="1" index="1" bw="16" slack="0"/>
</pin_list>
<bind>
<opcode="trunc(33) " fcode="trunc"/>
<opset="trunc_ln35/2 "/>
</bind>
</comp>

<comp id="2730" class="1004" name="trunc_ln35_1_fu_2730">
<pin_list>
<pin id="2731" dir="0" index="0" bw="16" slack="0"/>
<pin id="2732" dir="0" index="1" bw="128" slack="0"/>
<pin id="2733" dir="0" index="2" bw="6" slack="0"/>
<pin id="2734" dir="0" index="3" bw="6" slack="0"/>
<pin id="2735" dir="1" index="4" bw="16" slack="0"/>
</pin_list>
<bind>
<opcode="partselect(1002) " fcode="partselect"/>
<opset="trunc_ln35_1/2 "/>
</bind>
</comp>

<comp id="2740" class="1004" name="trunc_ln35_2_fu_2740">
<pin_list>
<pin id="2741" dir="0" index="0" bw="16" slack="0"/>
<pin id="2742" dir="0" index="1" bw="128" slack="0"/>
<pin id="2743" dir="0" index="2" bw="7" slack="0"/>
<pin id="2744" dir="0" index="3" bw="7" slack="0"/>
<pin id="2745" dir="1" index="4" bw="16" slack="0"/>
</pin_list>
<bind>
<opcode="partselect(1002) " fcode="partselect"/>
<opset="trunc_ln35_2/2 "/>
</bind>
</comp>

<comp id="2750" class="1004" name="trunc_ln35_3_fu_2750">
<pin_list>
<pin id="2751" dir="0" index="0" bw="16" slack="0"/>
<pin id="2752" dir="0" index="1" bw="128" slack="0"/>
<pin id="2753" dir="0" index="2" bw="7" slack="0"/>
<pin id="2754" dir="0" index="3" bw="7" slack="0"/>
<pin id="2755" dir="1" index="4" bw="16" slack="0"/>
</pin_list>
<bind>
<opcode="partselect(1002) " fcode="partselect"/>
<opset="trunc_ln35_3/2 "/>
</bind>
</comp>

<comp id="2760" class="1004" name="trunc_ln35_4_fu_2760">
<pin_list>
<pin id="2761" dir="0" index="0" bw="16" slack="0"/>
<pin id="2762" dir="0" index="1" bw="128" slack="0"/>
<pin id="2763" dir="0" index="2" bw="8" slack="0"/>
<pin id="2764" dir="0" index="3" bw="8" slack="0"/>
<pin id="2765" dir="1" index="4" bw="16" slack="0"/>
</pin_list>
<bind>
<opcode="partselect(1002) " fcode="partselect"/>
<opset="trunc_ln35_4/2 "/>
</bind>
</comp>

<comp id="2770" class="1004" name="trunc_ln35_5_fu_2770">
<pin_list>
<pin id="2771" dir="0" index="0" bw="16" slack="0"/>
<pin id="2772" dir="0" index="1" bw="128" slack="0"/>
<pin id="2773" dir="0" index="2" bw="8" slack="0"/>
<pin id="2774" dir="0" index="3" bw="8" slack="0"/>
<pin id="2775" dir="1" index="4" bw="16" slack="0"/>
</pin_list>
<bind>
<opcode="partselect(1002) " fcode="partselect"/>
<opset="trunc_ln35_5/2 "/>
</bind>
</comp>

<comp id="2780" class="1004" name="trunc_ln35_6_fu_2780">
<pin_list>
<pin id="2781" dir="0" index="0" bw="16" slack="0"/>
<pin id="2782" dir="0" index="1" bw="128" slack="0"/>
<pin id="2783" dir="0" index="2" bw="8" slack="0"/>
<pin id="2784" dir="0" index="3" bw="8" slack="0"/>
<pin id="2785" dir="1" index="4" bw="16" slack="0"/>
</pin_list>
<bind>
<opcode="partselect(1002) " fcode="partselect"/>
<opset="trunc_ln35_6/2 "/>
</bind>
</comp>

<comp id="2790" class="1004" name="trunc_ln35_7_fu_2790">
<pin_list>
<pin id="2791" dir="0" index="0" bw="16" slack="0"/>
<pin id="2792" dir="0" index="1" bw="128" slack="0"/>
<pin id="2793" dir="0" index="2" bw="8" slack="0"/>
<pin id="2794" dir="0" index="3" bw="8" slack="0"/>
<pin id="2795" dir="1" index="4" bw="16" slack="0"/>
</pin_list>
<bind>
<opcode="partselect(1002) " fcode="partselect"/>
<opset="trunc_ln35_7/2 "/>
</bind>
</comp>

<comp id="2800" class="1004" name="i_in_3_fu_2800">
<pin_list>
<pin id="2801" dir="0" index="0" bw="5" slack="0"/>
<pin id="2802" dir="0" index="1" bw="1" slack="0"/>
<pin id="2803" dir="1" index="2" bw="5" slack="0"/>
</pin_list>
<bind>
<opcode="add(8) " fcode="add"/>
<opset="i_in_3/2 "/>
</bind>
</comp>

<comp id="2806" class="1004" name="switch_ln39_fu_2806">
<pin_list>
<pin id="2807" dir="0" index="0" bw="5" slack="0"/>
<pin id="2808" dir="0" index="1" bw="1" slack="0"/>
<pin id="2809" dir="0" index="2" bw="1" slack="0"/>
<pin id="2810" dir="0" index="3" bw="3" slack="0"/>
<pin id="2811" dir="0" index="4" bw="3" slack="0"/>
<pin id="2812" dir="0" index="5" bw="4" slack="0"/>
<pin id="2813" dir="0" index="6" bw="4" slack="0"/>
<pin id="2814" dir="0" index="7" bw="4" slack="0"/>
<pin id="2815" dir="0" index="8" bw="4" slack="0"/>
<pin id="2816" dir="0" index="9" bw="5" slack="0"/>
<pin id="2817" dir="0" index="10" bw="5" slack="0"/>
<pin id="2818" dir="0" index="11" bw="5" slack="0"/>
<pin id="2819" dir="0" index="12" bw="5" slack="0"/>
<pin id="2820" dir="0" index="13" bw="5" slack="0"/>
<pin id="2821" dir="0" index="14" bw="5" slack="0"/>
<pin id="2822" dir="0" index="15" bw="5" slack="0"/>
<pin id="2823" dir="0" index="16" bw="5" slack="0"/>
<pin id="2824" dir="0" index="17" bw="5" slack="0"/>
<pin id="2825" dir="0" index="18" bw="5" slack="0"/>
<pin id="2826" dir="0" index="19" bw="5" slack="0"/>
<pin id="2827" dir="0" index="20" bw="5" slack="0"/>
<pin id="2828" dir="0" index="21" bw="5" slack="0"/>
<pin id="2829" dir="0" index="22" bw="5" slack="0"/>
<pin id="2830" dir="0" index="23" bw="5" slack="0"/>
<pin id="2831" dir="0" index="24" bw="5" slack="0"/>
<pin id="2832" dir="1" index="25" bw="0" slack="2147483647"/>
</pin_list>
<bind>
<opcode="switch(3) " fcode="switch"/>
<opset="switch_ln39/2 "/>
</bind>
</comp>

<comp id="2858" class="1004" name="store_ln35_store_fu_2858">
<pin_list>
<pin id="2859" dir="0" index="0" bw="16" slack="0"/>
<pin id="2860" dir="0" index="1" bw="16" slack="1"/>
<pin id="2861" dir="1" index="2" bw="0" slack="2147483647"/>
</pin_list>
<bind>
<opcode="store(28) " fcode="store"/>
<opset="store_ln35/2 "/>
</bind>
</comp>

<comp id="2863" class="1004" name="store_ln35_store_fu_2863">
<pin_list>
<pin id="2864" dir="0" index="0" bw="16" slack="0"/>
<pin id="2865" dir="0" index="1" bw="16" slack="1"/>
<pin id="2866" dir="1" index="2" bw="0" slack="2147483647"/>
</pin_list>
<bind>
<opcode="store(28) " fcode="store"/>
<opset="store_ln35/2 "/>
</bind>
</comp>

<comp id="2868" class="1004" name="store_ln35_store_fu_2868">
<pin_list>
<pin id="2869" dir="0" index="0" bw="16" slack="0"/>
<pin id="2870" dir="0" index="1" bw="16" slack="1"/>
<pin id="2871" dir="1" index="2" bw="0" slack="2147483647"/>
</pin_list>
<bind>
<opcode="store(28) " fcode="store"/>
<opset="store_ln35/2 "/>
</bind>
</comp>

<comp id="2873" class="1004" name="store_ln35_store_fu_2873">
<pin_list>
<pin id="2874" dir="0" index="0" bw="16" slack="0"/>
<pin id="2875" dir="0" index="1" bw="16" slack="1"/>
<pin id="2876" dir="1" index="2" bw="0" slack="2147483647"/>
</pin_list>
<bind>
<opcode="store(28) " fcode="store"/>
<opset="store_ln35/2 "/>
</bind>
</comp>

<comp id="2878" class="1004" name="store_ln35_store_fu_2878">
<pin_list>
<pin id="2879" dir="0" index="0" bw="16" slack="0"/>
<pin id="2880" dir="0" index="1" bw="16" slack="1"/>
<pin id="2881" dir="1" index="2" bw="0" slack="2147483647"/>
</pin_list>
<bind>
<opcode="store(28) " fcode="store"/>
<opset="store_ln35/2 "/>
</bind>
</comp>

<comp id="2883" class="1004" name="store_ln35_store_fu_2883">
<pin_list>
<pin id="2884" dir="0" index="0" bw="16" slack="0"/>
<pin id="2885" dir="0" index="1" bw="16" slack="1"/>
<pin id="2886" dir="1" index="2" bw="0" slack="2147483647"/>
</pin_list>
<bind>
<opcode="store(28) " fcode="store"/>
<opset="store_ln35/2 "/>
</bind>
</comp>

<comp id="2888" class="1004" name="store_ln35_store_fu_2888">
<pin_list>
<pin id="2889" dir="0" index="0" bw="16" slack="0"/>
<pin id="2890" dir="0" index="1" bw="16" slack="1"/>
<pin id="2891" dir="1" index="2" bw="0" slack="2147483647"/>
</pin_list>
<bind>
<opcode="store(28) " fcode="store"/>
<opset="store_ln35/2 "/>
</bind>
</comp>

<comp id="2893" class="1004" name="store_ln35_store_fu_2893">
<pin_list>
<pin id="2894" dir="0" index="0" bw="16" slack="0"/>
<pin id="2895" dir="0" index="1" bw="16" slack="1"/>
<pin id="2896" dir="1" index="2" bw="0" slack="2147483647"/>
</pin_list>
<bind>
<opcode="store(28) " fcode="store"/>
<opset="store_ln35/2 "/>
</bind>
</comp>

<comp id="2898" class="1004" name="store_ln35_store_fu_2898">
<pin_list>
<pin id="2899" dir="0" index="0" bw="16" slack="0"/>
<pin id="2900" dir="0" index="1" bw="16" slack="1"/>
<pin id="2901" dir="1" index="2" bw="0" slack="2147483647"/>
</pin_list>
<bind>
<opcode="store(28) " fcode="store"/>
<opset="store_ln35/2 "/>
</bind>
</comp>

<comp id="2903" class="1004" name="store_ln35_store_fu_2903">
<pin_list>
<pin id="2904" dir="0" index="0" bw="16" slack="0"/>
<pin id="2905" dir="0" index="1" bw="16" slack="1"/>
<pin id="2906" dir="1" index="2" bw="0" slack="2147483647"/>
</pin_list>
<bind>
<opcode="store(28) " fcode="store"/>
<opset="store_ln35/2 "/>
</bind>
</comp>

<comp id="2908" class="1004" name="store_ln35_store_fu_2908">
<pin_list>
<pin id="2909" dir="0" index="0" bw="16" slack="0"/>
<pin id="2910" dir="0" index="1" bw="16" slack="1"/>
<pin id="2911" dir="1" index="2" bw="0" slack="2147483647"/>
</pin_list>
<bind>
<opcode="store(28) " fcode="store"/>
<opset="store_ln35/2 "/>
</bind>
</comp>

<comp id="2913" class="1004" name="store_ln35_store_fu_2913">
<pin_list>
<pin id="2914" dir="0" index="0" bw="16" slack="0"/>
<pin id="2915" dir="0" index="1" bw="16" slack="1"/>
<pin id="2916" dir="1" index="2" bw="0" slack="2147483647"/>
</pin_list>
<bind>
<opcode="store(28) " fcode="store"/>
<opset="store_ln35/2 "/>
</bind>
</comp>

<comp id="2918" class="1004" name="store_ln35_store_fu_2918">
<pin_list>
<pin id="2919" dir="0" index="0" bw="16" slack="0"/>
<pin id="2920" dir="0" index="1" bw="16" slack="1"/>
<pin id="2921" dir="1" index="2" bw="0" slack="2147483647"/>
</pin_list>
<bind>
<opcode="store(28) " fcode="store"/>
<opset="store_ln35/2 "/>
</bind>
</comp>

<comp id="2923" class="1004" name="store_ln35_store_fu_2923">
<pin_list>
<pin id="2924" dir="0" index="0" bw="16" slack="0"/>
<pin id="2925" dir="0" index="1" bw="16" slack="1"/>
<pin id="2926" dir="1" index="2" bw="0" slack="2147483647"/>
</pin_list>
<bind>
<opcode="store(28) " fcode="store"/>
<opset="store_ln35/2 "/>
</bind>
</comp>

<comp id="2928" class="1004" name="store_ln35_store_fu_2928">
<pin_list>
<pin id="2929" dir="0" index="0" bw="16" slack="0"/>
<pin id="2930" dir="0" index="1" bw="16" slack="1"/>
<pin id="2931" dir="1" index="2" bw="0" slack="2147483647"/>
</pin_list>
<bind>
<opcode="store(28) " fcode="store"/>
<opset="store_ln35/2 "/>
</bind>
</comp>

<comp id="2933" class="1004" name="store_ln35_store_fu_2933">
<pin_list>
<pin id="2934" dir="0" index="0" bw="16" slack="0"/>
<pin id="2935" dir="0" index="1" bw="16" slack="1"/>
<pin id="2936" dir="1" index="2" bw="0" slack="2147483647"/>
</pin_list>
<bind>
<opcode="store(28) " fcode="store"/>
<opset="store_ln35/2 "/>
</bind>
</comp>

<comp id="2938" class="1004" name="store_ln35_store_fu_2938">
<pin_list>
<pin id="2939" dir="0" index="0" bw="16" slack="0"/>
<pin id="2940" dir="0" index="1" bw="16" slack="1"/>
<pin id="2941" dir="1" index="2" bw="0" slack="2147483647"/>
</pin_list>
<bind>
<opcode="store(28) " fcode="store"/>
<opset="store_ln35/2 "/>
</bind>
</comp>

<comp id="2943" class="1004" name="store_ln35_store_fu_2943">
<pin_list>
<pin id="2944" dir="0" index="0" bw="16" slack="0"/>
<pin id="2945" dir="0" index="1" bw="16" slack="1"/>
<pin id="2946" dir="1" index="2" bw="0" slack="2147483647"/>
</pin_list>
<bind>
<opcode="store(28) " fcode="store"/>
<opset="store_ln35/2 "/>
</bind>
</comp>

<comp id="2948" class="1004" name="store_ln35_store_fu_2948">
<pin_list>
<pin id="2949" dir="0" index="0" bw="16" slack="0"/>
<pin id="2950" dir="0" index="1" bw="16" slack="1"/>
<pin id="2951" dir="1" index="2" bw="0" slack="2147483647"/>
</pin_list>
<bind>
<opcode="store(28) " fcode="store"/>
<opset="store_ln35/2 "/>
</bind>
</comp>

<comp id="2953" class="1004" name="store_ln35_store_fu_2953">
<pin_list>
<pin id="2954" dir="0" index="0" bw="16" slack="0"/>
<pin id="2955" dir="0" index="1" bw="16" slack="1"/>
<pin id="2956" dir="1" index="2" bw="0" slack="2147483647"/>
</pin_list>
<bind>
<opcode="store(28) " fcode="store"/>
<opset="store_ln35/2 "/>
</bind>
</comp>

<comp id="2958" class="1004" name="store_ln35_store_fu_2958">
<pin_list>
<pin id="2959" dir="0" index="0" bw="16" slack="0"/>
<pin id="2960" dir="0" index="1" bw="16" slack="1"/>
<pin id="2961" dir="1" index="2" bw="0" slack="2147483647"/>
</pin_list>
<bind>
<opcode="store(28) " fcode="store"/>
<opset="store_ln35/2 "/>
</bind>
</comp>

<comp id="2963" class="1004" name="store_ln35_store_fu_2963">
<pin_list>
<pin id="2964" dir="0" index="0" bw="16" slack="0"/>
<pin id="2965" dir="0" index="1" bw="16" slack="1"/>
<pin id="2966" dir="1" index="2" bw="0" slack="2147483647"/>
</pin_list>
<bind>
<opcode="store(28) " fcode="store"/>
<opset="store_ln35/2 "/>
</bind>
</comp>

<comp id="2968" class="1004" name="store_ln35_store_fu_2968">
<pin_list>
<pin id="2969" dir="0" index="0" bw="16" slack="0"/>
<pin id="2970" dir="0" index="1" bw="16" slack="1"/>
<pin id="2971" dir="1" index="2" bw="0" slack="2147483647"/>
</pin_list>
<bind>
<opcode="store(28) " fcode="store"/>
<opset="store_ln35/2 "/>
</bind>
</comp>

<comp id="2973" class="1004" name="store_ln35_store_fu_2973">
<pin_list>
<pin id="2974" dir="0" index="0" bw="16" slack="0"/>
<pin id="2975" dir="0" index="1" bw="16" slack="1"/>
<pin id="2976" dir="1" index="2" bw="0" slack="2147483647"/>
</pin_list>
<bind>
<opcode="store(28) " fcode="store"/>
<opset="store_ln35/2 "/>
</bind>
</comp>

<comp id="2978" class="1004" name="store_ln35_store_fu_2978">
<pin_list>
<pin id="2979" dir="0" index="0" bw="16" slack="0"/>
<pin id="2980" dir="0" index="1" bw="16" slack="1"/>
<pin id="2981" dir="1" index="2" bw="0" slack="2147483647"/>
</pin_list>
<bind>
<opcode="store(28) " fcode="store"/>
<opset="store_ln35/2 "/>
</bind>
</comp>

<comp id="2983" class="1004" name="store_ln35_store_fu_2983">
<pin_list>
<pin id="2984" dir="0" index="0" bw="16" slack="0"/>
<pin id="2985" dir="0" index="1" bw="16" slack="1"/>
<pin id="2986" dir="1" index="2" bw="0" slack="2147483647"/>
</pin_list>
<bind>
<opcode="store(28) " fcode="store"/>
<opset="store_ln35/2 "/>
</bind>
</comp>

<comp id="2988" class="1004" name="store_ln35_store_fu_2988">
<pin_list>
<pin id="2989" dir="0" index="0" bw="16" slack="0"/>
<pin id="2990" dir="0" index="1" bw="16" slack="1"/>
<pin id="2991" dir="1" index="2" bw="0" slack="2147483647"/>
</pin_list>
<bind>
<opcode="store(28) " fcode="store"/>
<opset="store_ln35/2 "/>
</bind>
</comp>

<comp id="2993" class="1004" name="store_ln35_store_fu_2993">
<pin_list>
<pin id="2994" dir="0" index="0" bw="16" slack="0"/>
<pin id="2995" dir="0" index="1" bw="16" slack="1"/>
<pin id="2996" dir="1" index="2" bw="0" slack="2147483647"/>
</pin_list>
<bind>
<opcode="store(28) " fcode="store"/>
<opset="store_ln35/2 "/>
</bind>
</comp>

<comp id="2998" class="1004" name="store_ln35_store_fu_2998">
<pin_list>
<pin id="2999" dir="0" index="0" bw="16" slack="0"/>
<pin id="3000" dir="0" index="1" bw="16" slack="1"/>
<pin id="3001" dir="1" index="2" bw="0" slack="2147483647"/>
</pin_list>
<bind>
<opcode="store(28) " fcode="store"/>
<opset="store_ln35/2 "/>
</bind>
</comp>

<comp id="3003" class="1004" name="store_ln35_store_fu_3003">
<pin_list>
<pin id="3004" dir="0" index="0" bw="16" slack="0"/>
<pin id="3005" dir="0" index="1" bw="16" slack="1"/>
<pin id="3006" dir="1" index="2" bw="0" slack="2147483647"/>
</pin_list>
<bind>
<opcode="store(28) " fcode="store"/>
<opset="store_ln35/2 "/>
</bind>
</comp>

<comp id="3008" class="1004" name="store_ln35_store_fu_3008">
<pin_list>
<pin id="3009" dir="0" index="0" bw="16" slack="0"/>
<pin id="3010" dir="0" index="1" bw="16" slack="1"/>
<pin id="3011" dir="1" index="2" bw="0" slack="2147483647"/>
</pin_list>
<bind>
<opcode="store(28) " fcode="store"/>
<opset="store_ln35/2 "/>
</bind>
</comp>

<comp id="3013" class="1004" name="store_ln35_store_fu_3013">
<pin_list>
<pin id="3014" dir="0" index="0" bw="16" slack="0"/>
<pin id="3015" dir="0" index="1" bw="16" slack="1"/>
<pin id="3016" dir="1" index="2" bw="0" slack="2147483647"/>
</pin_list>
<bind>
<opcode="store(28) " fcode="store"/>
<opset="store_ln35/2 "/>
</bind>
</comp>

<comp id="3018" class="1004" name="store_ln35_store_fu_3018">
<pin_list>
<pin id="3019" dir="0" index="0" bw="16" slack="0"/>
<pin id="3020" dir="0" index="1" bw="16" slack="1"/>
<pin id="3021" dir="1" index="2" bw="0" slack="2147483647"/>
</pin_list>
<bind>
<opcode="store(28) " fcode="store"/>
<opset="store_ln35/2 "/>
</bind>
</comp>

<comp id="3023" class="1004" name="store_ln35_store_fu_3023">
<pin_list>
<pin id="3024" dir="0" index="0" bw="16" slack="0"/>
<pin id="3025" dir="0" index="1" bw="16" slack="1"/>
<pin id="3026" dir="1" index="2" bw="0" slack="2147483647"/>
</pin_list>
<bind>
<opcode="store(28) " fcode="store"/>
<opset="store_ln35/2 "/>
</bind>
</comp>

<comp id="3028" class="1004" name="store_ln35_store_fu_3028">
<pin_list>
<pin id="3029" dir="0" index="0" bw="16" slack="0"/>
<pin id="3030" dir="0" index="1" bw="16" slack="1"/>
<pin id="3031" dir="1" index="2" bw="0" slack="2147483647"/>
</pin_list>
<bind>
<opcode="store(28) " fcode="store"/>
<opset="store_ln35/2 "/>
</bind>
</comp>

<comp id="3033" class="1004" name="store_ln35_store_fu_3033">
<pin_list>
<pin id="3034" dir="0" index="0" bw="16" slack="0"/>
<pin id="3035" dir="0" index="1" bw="16" slack="1"/>
<pin id="3036" dir="1" index="2" bw="0" slack="2147483647"/>
</pin_list>
<bind>
<opcode="store(28) " fcode="store"/>
<opset="store_ln35/2 "/>
</bind>
</comp>

<comp id="3038" class="1004" name="store_ln35_store_fu_3038">
<pin_list>
<pin id="3039" dir="0" index="0" bw="16" slack="0"/>
<pin id="3040" dir="0" index="1" bw="16" slack="1"/>
<pin id="3041" dir="1" index="2" bw="0" slack="2147483647"/>
</pin_list>
<bind>
<opcode="store(28) " fcode="store"/>
<opset="store_ln35/2 "/>
</bind>
</comp>

<comp id="3043" class="1004" name="store_ln35_store_fu_3043">
<pin_list>
<pin id="3044" dir="0" index="0" bw="16" slack="0"/>
<pin id="3045" dir="0" index="1" bw="16" slack="1"/>
<pin id="3046" dir="1" index="2" bw="0" slack="2147483647"/>
</pin_list>
<bind>
<opcode="store(28) " fcode="store"/>
<opset="store_ln35/2 "/>
</bind>
</comp>

<comp id="3048" class="1004" name="store_ln35_store_fu_3048">
<pin_list>
<pin id="3049" dir="0" index="0" bw="16" slack="0"/>
<pin id="3050" dir="0" index="1" bw="16" slack="1"/>
<pin id="3051" dir="1" index="2" bw="0" slack="2147483647"/>
</pin_list>
<bind>
<opcode="store(28) " fcode="store"/>
<opset="store_ln35/2 "/>
</bind>
</comp>

<comp id="3053" class="1004" name="store_ln35_store_fu_3053">
<pin_list>
<pin id="3054" dir="0" index="0" bw="16" slack="0"/>
<pin id="3055" dir="0" index="1" bw="16" slack="1"/>
<pin id="3056" dir="1" index="2" bw="0" slack="2147483647"/>
</pin_list>
<bind>
<opcode="store(28) " fcode="store"/>
<opset="store_ln35/2 "/>
</bind>
</comp>

<comp id="3058" class="1004" name="store_ln35_store_fu_3058">
<pin_list>
<pin id="3059" dir="0" index="0" bw="16" slack="0"/>
<pin id="3060" dir="0" index="1" bw="16" slack="1"/>
<pin id="3061" dir="1" index="2" bw="0" slack="2147483647"/>
</pin_list>
<bind>
<opcode="store(28) " fcode="store"/>
<opset="store_ln35/2 "/>
</bind>
</comp>

<comp id="3063" class="1004" name="store_ln35_store_fu_3063">
<pin_list>
<pin id="3064" dir="0" index="0" bw="16" slack="0"/>
<pin id="3065" dir="0" index="1" bw="16" slack="1"/>
<pin id="3066" dir="1" index="2" bw="0" slack="2147483647"/>
</pin_list>
<bind>
<opcode="store(28) " fcode="store"/>
<opset="store_ln35/2 "/>
</bind>
</comp>

<comp id="3068" class="1004" name="store_ln35_store_fu_3068">
<pin_list>
<pin id="3069" dir="0" index="0" bw="16" slack="0"/>
<pin id="3070" dir="0" index="1" bw="16" slack="1"/>
<pin id="3071" dir="1" index="2" bw="0" slack="2147483647"/>
</pin_list>
<bind>
<opcode="store(28) " fcode="store"/>
<opset="store_ln35/2 "/>
</bind>
</comp>

<comp id="3073" class="1004" name="store_ln35_store_fu_3073">
<pin_list>
<pin id="3074" dir="0" index="0" bw="16" slack="0"/>
<pin id="3075" dir="0" index="1" bw="16" slack="1"/>
<pin id="3076" dir="1" index="2" bw="0" slack="2147483647"/>
</pin_list>
<bind>
<opcode="store(28) " fcode="store"/>
<opset="store_ln35/2 "/>
</bind>
</comp>

<comp id="3078" class="1004" name="store_ln35_store_fu_3078">
<pin_list>
<pin id="3079" dir="0" index="0" bw="16" slack="0"/>
<pin id="3080" dir="0" index="1" bw="16" slack="1"/>
<pin id="3081" dir="1" index="2" bw="0" slack="2147483647"/>
</pin_list>
<bind>
<opcode="store(28) " fcode="store"/>
<opset="store_ln35/2 "/>
</bind>
</comp>

<comp id="3083" class="1004" name="store_ln35_store_fu_3083">
<pin_list>
<pin id="3084" dir="0" index="0" bw="16" slack="0"/>
<pin id="3085" dir="0" index="1" bw="16" slack="1"/>
<pin id="3086" dir="1" index="2" bw="0" slack="2147483647"/>
</pin_list>
<bind>
<opcode="store(28) " fcode="store"/>
<opset="store_ln35/2 "/>
</bind>
</comp>

<comp id="3088" class="1004" name="store_ln35_store_fu_3088">
<pin_list>
<pin id="3089" dir="0" index="0" bw="16" slack="0"/>
<pin id="3090" dir="0" index="1" bw="16" slack="1"/>
<pin id="3091" dir="1" index="2" bw="0" slack="2147483647"/>
</pin_list>
<bind>
<opcode="store(28) " fcode="store"/>
<opset="store_ln35/2 "/>
</bind>
</comp>

<comp id="3093" class="1004" name="store_ln35_store_fu_3093">
<pin_list>
<pin id="3094" dir="0" index="0" bw="16" slack="0"/>
<pin id="3095" dir="0" index="1" bw="16" slack="1"/>
<pin id="3096" dir="1" index="2" bw="0" slack="2147483647"/>
</pin_list>
<bind>
<opcode="store(28) " fcode="store"/>
<opset="store_ln35/2 "/>
</bind>
</comp>

<comp id="3098" class="1004" name="store_ln35_store_fu_3098">
<pin_list>
<pin id="3099" dir="0" index="0" bw="16" slack="0"/>
<pin id="3100" dir="0" index="1" bw="16" slack="1"/>
<pin id="3101" dir="1" index="2" bw="0" slack="2147483647"/>
</pin_list>
<bind>
<opcode="store(28) " fcode="store"/>
<opset="store_ln35/2 "/>
</bind>
</comp>

<comp id="3103" class="1004" name="store_ln35_store_fu_3103">
<pin_list>
<pin id="3104" dir="0" index="0" bw="16" slack="0"/>
<pin id="3105" dir="0" index="1" bw="16" slack="1"/>
<pin id="3106" dir="1" index="2" bw="0" slack="2147483647"/>
</pin_list>
<bind>
<opcode="store(28) " fcode="store"/>
<opset="store_ln35/2 "/>
</bind>
</comp>

<comp id="3108" class="1004" name="store_ln35_store_fu_3108">
<pin_list>
<pin id="3109" dir="0" index="0" bw="16" slack="0"/>
<pin id="3110" dir="0" index="1" bw="16" slack="1"/>
<pin id="3111" dir="1" index="2" bw="0" slack="2147483647"/>
</pin_list>
<bind>
<opcode="store(28) " fcode="store"/>
<opset="store_ln35/2 "/>
</bind>
</comp>

<comp id="3113" class="1004" name="store_ln35_store_fu_3113">
<pin_list>
<pin id="3114" dir="0" index="0" bw="16" slack="0"/>
<pin id="3115" dir="0" index="1" bw="16" slack="1"/>
<pin id="3116" dir="1" index="2" bw="0" slack="2147483647"/>
</pin_list>
<bind>
<opcode="store(28) " fcode="store"/>
<opset="store_ln35/2 "/>
</bind>
</comp>

<comp id="3118" class="1004" name="store_ln35_store_fu_3118">
<pin_list>
<pin id="3119" dir="0" index="0" bw="16" slack="0"/>
<pin id="3120" dir="0" index="1" bw="16" slack="1"/>
<pin id="3121" dir="1" index="2" bw="0" slack="2147483647"/>
</pin_list>
<bind>
<opcode="store(28) " fcode="store"/>
<opset="store_ln35/2 "/>
</bind>
</comp>

<comp id="3123" class="1004" name="store_ln35_store_fu_3123">
<pin_list>
<pin id="3124" dir="0" index="0" bw="16" slack="0"/>
<pin id="3125" dir="0" index="1" bw="16" slack="1"/>
<pin id="3126" dir="1" index="2" bw="0" slack="2147483647"/>
</pin_list>
<bind>
<opcode="store(28) " fcode="store"/>
<opset="store_ln35/2 "/>
</bind>
</comp>

<comp id="3128" class="1004" name="store_ln35_store_fu_3128">
<pin_list>
<pin id="3129" dir="0" index="0" bw="16" slack="0"/>
<pin id="3130" dir="0" index="1" bw="16" slack="1"/>
<pin id="3131" dir="1" index="2" bw="0" slack="2147483647"/>
</pin_list>
<bind>
<opcode="store(28) " fcode="store"/>
<opset="store_ln35/2 "/>
</bind>
</comp>

<comp id="3133" class="1004" name="store_ln35_store_fu_3133">
<pin_list>
<pin id="3134" dir="0" index="0" bw="16" slack="0"/>
<pin id="3135" dir="0" index="1" bw="16" slack="1"/>
<pin id="3136" dir="1" index="2" bw="0" slack="2147483647"/>
</pin_list>
<bind>
<opcode="store(28) " fcode="store"/>
<opset="store_ln35/2 "/>
</bind>
</comp>

<comp id="3138" class="1004" name="store_ln35_store_fu_3138">
<pin_list>
<pin id="3139" dir="0" index="0" bw="16" slack="0"/>
<pin id="3140" dir="0" index="1" bw="16" slack="1"/>
<pin id="3141" dir="1" index="2" bw="0" slack="2147483647"/>
</pin_list>
<bind>
<opcode="store(28) " fcode="store"/>
<opset="store_ln35/2 "/>
</bind>
</comp>

<comp id="3143" class="1004" name="store_ln35_store_fu_3143">
<pin_list>
<pin id="3144" dir="0" index="0" bw="16" slack="0"/>
<pin id="3145" dir="0" index="1" bw="16" slack="1"/>
<pin id="3146" dir="1" index="2" bw="0" slack="2147483647"/>
</pin_list>
<bind>
<opcode="store(28) " fcode="store"/>
<opset="store_ln35/2 "/>
</bind>
</comp>

<comp id="3148" class="1004" name="store_ln35_store_fu_3148">
<pin_list>
<pin id="3149" dir="0" index="0" bw="16" slack="0"/>
<pin id="3150" dir="0" index="1" bw="16" slack="1"/>
<pin id="3151" dir="1" index="2" bw="0" slack="2147483647"/>
</pin_list>
<bind>
<opcode="store(28) " fcode="store"/>
<opset="store_ln35/2 "/>
</bind>
</comp>

<comp id="3153" class="1004" name="store_ln35_store_fu_3153">
<pin_list>
<pin id="3154" dir="0" index="0" bw="16" slack="0"/>
<pin id="3155" dir="0" index="1" bw="16" slack="1"/>
<pin id="3156" dir="1" index="2" bw="0" slack="2147483647"/>
</pin_list>
<bind>
<opcode="store(28) " fcode="store"/>
<opset="store_ln35/2 "/>
</bind>
</comp>

<comp id="3158" class="1004" name="store_ln35_store_fu_3158">
<pin_list>
<pin id="3159" dir="0" index="0" bw="16" slack="0"/>
<pin id="3160" dir="0" index="1" bw="16" slack="1"/>
<pin id="3161" dir="1" index="2" bw="0" slack="2147483647"/>
</pin_list>
<bind>
<opcode="store(28) " fcode="store"/>
<opset="store_ln35/2 "/>
</bind>
</comp>

<comp id="3163" class="1004" name="store_ln35_store_fu_3163">
<pin_list>
<pin id="3164" dir="0" index="0" bw="16" slack="0"/>
<pin id="3165" dir="0" index="1" bw="16" slack="1"/>
<pin id="3166" dir="1" index="2" bw="0" slack="2147483647"/>
</pin_list>
<bind>
<opcode="store(28) " fcode="store"/>
<opset="store_ln35/2 "/>
</bind>
</comp>

<comp id="3168" class="1004" name="store_ln35_store_fu_3168">
<pin_list>
<pin id="3169" dir="0" index="0" bw="16" slack="0"/>
<pin id="3170" dir="0" index="1" bw="16" slack="1"/>
<pin id="3171" dir="1" index="2" bw="0" slack="2147483647"/>
</pin_list>
<bind>
<opcode="store(28) " fcode="store"/>
<opset="store_ln35/2 "/>
</bind>
</comp>

<comp id="3173" class="1004" name="store_ln35_store_fu_3173">
<pin_list>
<pin id="3174" dir="0" index="0" bw="16" slack="0"/>
<pin id="3175" dir="0" index="1" bw="16" slack="1"/>
<pin id="3176" dir="1" index="2" bw="0" slack="2147483647"/>
</pin_list>
<bind>
<opcode="store(28) " fcode="store"/>
<opset="store_ln35/2 "/>
</bind>
</comp>

<comp id="3178" class="1004" name="store_ln35_store_fu_3178">
<pin_list>
<pin id="3179" dir="0" index="0" bw="16" slack="0"/>
<pin id="3180" dir="0" index="1" bw="16" slack="1"/>
<pin id="3181" dir="1" index="2" bw="0" slack="2147483647"/>
</pin_list>
<bind>
<opcode="store(28) " fcode="store"/>
<opset="store_ln35/2 "/>
</bind>
</comp>

<comp id="3183" class="1004" name="store_ln35_store_fu_3183">
<pin_list>
<pin id="3184" dir="0" index="0" bw="16" slack="0"/>
<pin id="3185" dir="0" index="1" bw="16" slack="1"/>
<pin id="3186" dir="1" index="2" bw="0" slack="2147483647"/>
</pin_list>
<bind>
<opcode="store(28) " fcode="store"/>
<opset="store_ln35/2 "/>
</bind>
</comp>

<comp id="3188" class="1004" name="store_ln35_store_fu_3188">
<pin_list>
<pin id="3189" dir="0" index="0" bw="16" slack="0"/>
<pin id="3190" dir="0" index="1" bw="16" slack="1"/>
<pin id="3191" dir="1" index="2" bw="0" slack="2147483647"/>
</pin_list>
<bind>
<opcode="store(28) " fcode="store"/>
<opset="store_ln35/2 "/>
</bind>
</comp>

<comp id="3193" class="1004" name="store_ln35_store_fu_3193">
<pin_list>
<pin id="3194" dir="0" index="0" bw="16" slack="0"/>
<pin id="3195" dir="0" index="1" bw="16" slack="1"/>
<pin id="3196" dir="1" index="2" bw="0" slack="2147483647"/>
</pin_list>
<bind>
<opcode="store(28) " fcode="store"/>
<opset="store_ln35/2 "/>
</bind>
</comp>

<comp id="3198" class="1004" name="store_ln35_store_fu_3198">
<pin_list>
<pin id="3199" dir="0" index="0" bw="16" slack="0"/>
<pin id="3200" dir="0" index="1" bw="16" slack="1"/>
<pin id="3201" dir="1" index="2" bw="0" slack="2147483647"/>
</pin_list>
<bind>
<opcode="store(28) " fcode="store"/>
<opset="store_ln35/2 "/>
</bind>
</comp>

<comp id="3203" class="1004" name="store_ln35_store_fu_3203">
<pin_list>
<pin id="3204" dir="0" index="0" bw="16" slack="0"/>
<pin id="3205" dir="0" index="1" bw="16" slack="1"/>
<pin id="3206" dir="1" index="2" bw="0" slack="2147483647"/>
</pin_list>
<bind>
<opcode="store(28) " fcode="store"/>
<opset="store_ln35/2 "/>
</bind>
</comp>

<comp id="3208" class="1004" name="store_ln35_store_fu_3208">
<pin_list>
<pin id="3209" dir="0" index="0" bw="16" slack="0"/>
<pin id="3210" dir="0" index="1" bw="16" slack="1"/>
<pin id="3211" dir="1" index="2" bw="0" slack="2147483647"/>
</pin_list>
<bind>
<opcode="store(28) " fcode="store"/>
<opset="store_ln35/2 "/>
</bind>
</comp>

<comp id="3213" class="1004" name="store_ln35_store_fu_3213">
<pin_list>
<pin id="3214" dir="0" index="0" bw="16" slack="0"/>
<pin id="3215" dir="0" index="1" bw="16" slack="1"/>
<pin id="3216" dir="1" index="2" bw="0" slack="2147483647"/>
</pin_list>
<bind>
<opcode="store(28) " fcode="store"/>
<opset="store_ln35/2 "/>
</bind>
</comp>

<comp id="3218" class="1004" name="store_ln35_store_fu_3218">
<pin_list>
<pin id="3219" dir="0" index="0" bw="16" slack="0"/>
<pin id="3220" dir="0" index="1" bw="16" slack="1"/>
<pin id="3221" dir="1" index="2" bw="0" slack="2147483647"/>
</pin_list>
<bind>
<opcode="store(28) " fcode="store"/>
<opset="store_ln35/2 "/>
</bind>
</comp>

<comp id="3223" class="1004" name="store_ln35_store_fu_3223">
<pin_list>
<pin id="3224" dir="0" index="0" bw="16" slack="0"/>
<pin id="3225" dir="0" index="1" bw="16" slack="1"/>
<pin id="3226" dir="1" index="2" bw="0" slack="2147483647"/>
</pin_list>
<bind>
<opcode="store(28) " fcode="store"/>
<opset="store_ln35/2 "/>
</bind>
</comp>

<comp id="3228" class="1004" name="store_ln35_store_fu_3228">
<pin_list>
<pin id="3229" dir="0" index="0" bw="16" slack="0"/>
<pin id="3230" dir="0" index="1" bw="16" slack="1"/>
<pin id="3231" dir="1" index="2" bw="0" slack="2147483647"/>
</pin_list>
<bind>
<opcode="store(28) " fcode="store"/>
<opset="store_ln35/2 "/>
</bind>
</comp>

<comp id="3233" class="1004" name="store_ln35_store_fu_3233">
<pin_list>
<pin id="3234" dir="0" index="0" bw="16" slack="0"/>
<pin id="3235" dir="0" index="1" bw="16" slack="1"/>
<pin id="3236" dir="1" index="2" bw="0" slack="2147483647"/>
</pin_list>
<bind>
<opcode="store(28) " fcode="store"/>
<opset="store_ln35/2 "/>
</bind>
</comp>

<comp id="3238" class="1004" name="store_ln35_store_fu_3238">
<pin_list>
<pin id="3239" dir="0" index="0" bw="16" slack="0"/>
<pin id="3240" dir="0" index="1" bw="16" slack="1"/>
<pin id="3241" dir="1" index="2" bw="0" slack="2147483647"/>
</pin_list>
<bind>
<opcode="store(28) " fcode="store"/>
<opset="store_ln35/2 "/>
</bind>
</comp>

<comp id="3243" class="1004" name="store_ln35_store_fu_3243">
<pin_list>
<pin id="3244" dir="0" index="0" bw="16" slack="0"/>
<pin id="3245" dir="0" index="1" bw="16" slack="1"/>
<pin id="3246" dir="1" index="2" bw="0" slack="2147483647"/>
</pin_list>
<bind>
<opcode="store(28) " fcode="store"/>
<opset="store_ln35/2 "/>
</bind>
</comp>

<comp id="3248" class="1004" name="store_ln35_store_fu_3248">
<pin_list>
<pin id="3249" dir="0" index="0" bw="16" slack="0"/>
<pin id="3250" dir="0" index="1" bw="16" slack="1"/>
<pin id="3251" dir="1" index="2" bw="0" slack="2147483647"/>
</pin_list>
<bind>
<opcode="store(28) " fcode="store"/>
<opset="store_ln35/2 "/>
</bind>
</comp>

<comp id="3253" class="1004" name="store_ln35_store_fu_3253">
<pin_list>
<pin id="3254" dir="0" index="0" bw="16" slack="0"/>
<pin id="3255" dir="0" index="1" bw="16" slack="1"/>
<pin id="3256" dir="1" index="2" bw="0" slack="2147483647"/>
</pin_list>
<bind>
<opcode="store(28) " fcode="store"/>
<opset="store_ln35/2 "/>
</bind>
</comp>

<comp id="3258" class="1004" name="store_ln35_store_fu_3258">
<pin_list>
<pin id="3259" dir="0" index="0" bw="16" slack="0"/>
<pin id="3260" dir="0" index="1" bw="16" slack="1"/>
<pin id="3261" dir="1" index="2" bw="0" slack="2147483647"/>
</pin_list>
<bind>
<opcode="store(28) " fcode="store"/>
<opset="store_ln35/2 "/>
</bind>
</comp>

<comp id="3263" class="1004" name="store_ln35_store_fu_3263">
<pin_list>
<pin id="3264" dir="0" index="0" bw="16" slack="0"/>
<pin id="3265" dir="0" index="1" bw="16" slack="1"/>
<pin id="3266" dir="1" index="2" bw="0" slack="2147483647"/>
</pin_list>
<bind>
<opcode="store(28) " fcode="store"/>
<opset="store_ln35/2 "/>
</bind>
</comp>

<comp id="3268" class="1004" name="store_ln35_store_fu_3268">
<pin_list>
<pin id="3269" dir="0" index="0" bw="16" slack="0"/>
<pin id="3270" dir="0" index="1" bw="16" slack="1"/>
<pin id="3271" dir="1" index="2" bw="0" slack="2147483647"/>
</pin_list>
<bind>
<opcode="store(28) " fcode="store"/>
<opset="store_ln35/2 "/>
</bind>
</comp>

<comp id="3273" class="1004" name="store_ln35_store_fu_3273">
<pin_list>
<pin id="3274" dir="0" index="0" bw="16" slack="0"/>
<pin id="3275" dir="0" index="1" bw="16" slack="1"/>
<pin id="3276" dir="1" index="2" bw="0" slack="2147483647"/>
</pin_list>
<bind>
<opcode="store(28) " fcode="store"/>
<opset="store_ln35/2 "/>
</bind>
</comp>

<comp id="3278" class="1004" name="store_ln35_store_fu_3278">
<pin_list>
<pin id="3279" dir="0" index="0" bw="16" slack="0"/>
<pin id="3280" dir="0" index="1" bw="16" slack="1"/>
<pin id="3281" dir="1" index="2" bw="0" slack="2147483647"/>
</pin_list>
<bind>
<opcode="store(28) " fcode="store"/>
<opset="store_ln35/2 "/>
</bind>
</comp>

<comp id="3283" class="1004" name="store_ln35_store_fu_3283">
<pin_list>
<pin id="3284" dir="0" index="0" bw="16" slack="0"/>
<pin id="3285" dir="0" index="1" bw="16" slack="1"/>
<pin id="3286" dir="1" index="2" bw="0" slack="2147483647"/>
</pin_list>
<bind>
<opcode="store(28) " fcode="store"/>
<opset="store_ln35/2 "/>
</bind>
</comp>

<comp id="3288" class="1004" name="store_ln35_store_fu_3288">
<pin_list>
<pin id="3289" dir="0" index="0" bw="16" slack="0"/>
<pin id="3290" dir="0" index="1" bw="16" slack="1"/>
<pin id="3291" dir="1" index="2" bw="0" slack="2147483647"/>
</pin_list>
<bind>
<opcode="store(28) " fcode="store"/>
<opset="store_ln35/2 "/>
</bind>
</comp>

<comp id="3293" class="1004" name="store_ln35_store_fu_3293">
<pin_list>
<pin id="3294" dir="0" index="0" bw="16" slack="0"/>
<pin id="3295" dir="0" index="1" bw="16" slack="1"/>
<pin id="3296" dir="1" index="2" bw="0" slack="2147483647"/>
</pin_list>
<bind>
<opcode="store(28) " fcode="store"/>
<opset="store_ln35/2 "/>
</bind>
</comp>

<comp id="3298" class="1004" name="store_ln35_store_fu_3298">
<pin_list>
<pin id="3299" dir="0" index="0" bw="16" slack="0"/>
<pin id="3300" dir="0" index="1" bw="16" slack="1"/>
<pin id="3301" dir="1" index="2" bw="0" slack="2147483647"/>
</pin_list>
<bind>
<opcode="store(28) " fcode="store"/>
<opset="store_ln35/2 "/>
</bind>
</comp>

<comp id="3303" class="1004" name="store_ln35_store_fu_3303">
<pin_list>
<pin id="3304" dir="0" index="0" bw="16" slack="0"/>
<pin id="3305" dir="0" index="1" bw="16" slack="1"/>
<pin id="3306" dir="1" index="2" bw="0" slack="2147483647"/>
</pin_list>
<bind>
<opcode="store(28) " fcode="store"/>
<opset="store_ln35/2 "/>
</bind>
</comp>

<comp id="3308" class="1004" name="store_ln35_store_fu_3308">
<pin_list>
<pin id="3309" dir="0" index="0" bw="16" slack="0"/>
<pin id="3310" dir="0" index="1" bw="16" slack="1"/>
<pin id="3311" dir="1" index="2" bw="0" slack="2147483647"/>
</pin_list>
<bind>
<opcode="store(28) " fcode="store"/>
<opset="store_ln35/2 "/>
</bind>
</comp>

<comp id="3313" class="1004" name="store_ln35_store_fu_3313">
<pin_list>
<pin id="3314" dir="0" index="0" bw="16" slack="0"/>
<pin id="3315" dir="0" index="1" bw="16" slack="1"/>
<pin id="3316" dir="1" index="2" bw="0" slack="2147483647"/>
</pin_list>
<bind>
<opcode="store(28) " fcode="store"/>
<opset="store_ln35/2 "/>
</bind>
</comp>

<comp id="3318" class="1004" name="store_ln35_store_fu_3318">
<pin_list>
<pin id="3319" dir="0" index="0" bw="16" slack="0"/>
<pin id="3320" dir="0" index="1" bw="16" slack="1"/>
<pin id="3321" dir="1" index="2" bw="0" slack="2147483647"/>
</pin_list>
<bind>
<opcode="store(28) " fcode="store"/>
<opset="store_ln35/2 "/>
</bind>
</comp>

<comp id="3323" class="1004" name="store_ln35_store_fu_3323">
<pin_list>
<pin id="3324" dir="0" index="0" bw="16" slack="0"/>
<pin id="3325" dir="0" index="1" bw="16" slack="1"/>
<pin id="3326" dir="1" index="2" bw="0" slack="2147483647"/>
</pin_list>
<bind>
<opcode="store(28) " fcode="store"/>
<opset="store_ln35/2 "/>
</bind>
</comp>

<comp id="3328" class="1004" name="store_ln35_store_fu_3328">
<pin_list>
<pin id="3329" dir="0" index="0" bw="16" slack="0"/>
<pin id="3330" dir="0" index="1" bw="16" slack="1"/>
<pin id="3331" dir="1" index="2" bw="0" slack="2147483647"/>
</pin_list>
<bind>
<opcode="store(28) " fcode="store"/>
<opset="store_ln35/2 "/>
</bind>
</comp>

<comp id="3333" class="1004" name="store_ln35_store_fu_3333">
<pin_list>
<pin id="3334" dir="0" index="0" bw="16" slack="0"/>
<pin id="3335" dir="0" index="1" bw="16" slack="1"/>
<pin id="3336" dir="1" index="2" bw="0" slack="2147483647"/>
</pin_list>
<bind>
<opcode="store(28) " fcode="store"/>
<opset="store_ln35/2 "/>
</bind>
</comp>

<comp id="3338" class="1004" name="store_ln35_store_fu_3338">
<pin_list>
<pin id="3339" dir="0" index="0" bw="16" slack="0"/>
<pin id="3340" dir="0" index="1" bw="16" slack="1"/>
<pin id="3341" dir="1" index="2" bw="0" slack="2147483647"/>
</pin_list>
<bind>
<opcode="store(28) " fcode="store"/>
<opset="store_ln35/2 "/>
</bind>
</comp>

<comp id="3343" class="1004" name="store_ln35_store_fu_3343">
<pin_list>
<pin id="3344" dir="0" index="0" bw="16" slack="0"/>
<pin id="3345" dir="0" index="1" bw="16" slack="1"/>
<pin id="3346" dir="1" index="2" bw="0" slack="2147483647"/>
</pin_list>
<bind>
<opcode="store(28) " fcode="store"/>
<opset="store_ln35/2 "/>
</bind>
</comp>

<comp id="3348" class="1004" name="store_ln35_store_fu_3348">
<pin_list>
<pin id="3349" dir="0" index="0" bw="16" slack="0"/>
<pin id="3350" dir="0" index="1" bw="16" slack="1"/>
<pin id="3351" dir="1" index="2" bw="0" slack="2147483647"/>
</pin_list>
<bind>
<opcode="store(28) " fcode="store"/>
<opset="store_ln35/2 "/>
</bind>
</comp>

<comp id="3353" class="1004" name="store_ln35_store_fu_3353">
<pin_list>
<pin id="3354" dir="0" index="0" bw="16" slack="0"/>
<pin id="3355" dir="0" index="1" bw="16" slack="1"/>
<pin id="3356" dir="1" index="2" bw="0" slack="2147483647"/>
</pin_list>
<bind>
<opcode="store(28) " fcode="store"/>
<opset="store_ln35/2 "/>
</bind>
</comp>

<comp id="3358" class="1004" name="store_ln35_store_fu_3358">
<pin_list>
<pin id="3359" dir="0" index="0" bw="16" slack="0"/>
<pin id="3360" dir="0" index="1" bw="16" slack="1"/>
<pin id="3361" dir="1" index="2" bw="0" slack="2147483647"/>
</pin_list>
<bind>
<opcode="store(28) " fcode="store"/>
<opset="store_ln35/2 "/>
</bind>
</comp>

<comp id="3363" class="1004" name="store_ln35_store_fu_3363">
<pin_list>
<pin id="3364" dir="0" index="0" bw="16" slack="0"/>
<pin id="3365" dir="0" index="1" bw="16" slack="1"/>
<pin id="3366" dir="1" index="2" bw="0" slack="2147483647"/>
</pin_list>
<bind>
<opcode="store(28) " fcode="store"/>
<opset="store_ln35/2 "/>
</bind>
</comp>

<comp id="3368" class="1004" name="store_ln35_store_fu_3368">
<pin_list>
<pin id="3369" dir="0" index="0" bw="16" slack="0"/>
<pin id="3370" dir="0" index="1" bw="16" slack="1"/>
<pin id="3371" dir="1" index="2" bw="0" slack="2147483647"/>
</pin_list>
<bind>
<opcode="store(28) " fcode="store"/>
<opset="store_ln35/2 "/>
</bind>
</comp>

<comp id="3373" class="1004" name="store_ln35_store_fu_3373">
<pin_list>
<pin id="3374" dir="0" index="0" bw="16" slack="0"/>
<pin id="3375" dir="0" index="1" bw="16" slack="1"/>
<pin id="3376" dir="1" index="2" bw="0" slack="2147483647"/>
</pin_list>
<bind>
<opcode="store(28) " fcode="store"/>
<opset="store_ln35/2 "/>
</bind>
</comp>

<comp id="3378" class="1004" name="store_ln35_store_fu_3378">
<pin_list>
<pin id="3379" dir="0" index="0" bw="16" slack="0"/>
<pin id="3380" dir="0" index="1" bw="16" slack="1"/>
<pin id="3381" dir="1" index="2" bw="0" slack="2147483647"/>
</pin_list>
<bind>
<opcode="store(28) " fcode="store"/>
<opset="store_ln35/2 "/>
</bind>
</comp>

<comp id="3383" class="1004" name="store_ln35_store_fu_3383">
<pin_list>
<pin id="3384" dir="0" index="0" bw="16" slack="0"/>
<pin id="3385" dir="0" index="1" bw="16" slack="1"/>
<pin id="3386" dir="1" index="2" bw="0" slack="2147483647"/>
</pin_list>
<bind>
<opcode="store(28) " fcode="store"/>
<opset="store_ln35/2 "/>
</bind>
</comp>

<comp id="3388" class="1004" name="store_ln35_store_fu_3388">
<pin_list>
<pin id="3389" dir="0" index="0" bw="16" slack="0"/>
<pin id="3390" dir="0" index="1" bw="16" slack="1"/>
<pin id="3391" dir="1" index="2" bw="0" slack="2147483647"/>
</pin_list>
<bind>
<opcode="store(28) " fcode="store"/>
<opset="store_ln35/2 "/>
</bind>
</comp>

<comp id="3393" class="1004" name="store_ln35_store_fu_3393">
<pin_list>
<pin id="3394" dir="0" index="0" bw="16" slack="0"/>
<pin id="3395" dir="0" index="1" bw="16" slack="1"/>
<pin id="3396" dir="1" index="2" bw="0" slack="2147483647"/>
</pin_list>
<bind>
<opcode="store(28) " fcode="store"/>
<opset="store_ln35/2 "/>
</bind>
</comp>

<comp id="3398" class="1004" name="store_ln35_store_fu_3398">
<pin_list>
<pin id="3399" dir="0" index="0" bw="16" slack="0"/>
<pin id="3400" dir="0" index="1" bw="16" slack="1"/>
<pin id="3401" dir="1" index="2" bw="0" slack="2147483647"/>
</pin_list>
<bind>
<opcode="store(28) " fcode="store"/>
<opset="store_ln35/2 "/>
</bind>
</comp>

<comp id="3403" class="1004" name="store_ln35_store_fu_3403">
<pin_list>
<pin id="3404" dir="0" index="0" bw="16" slack="0"/>
<pin id="3405" dir="0" index="1" bw="16" slack="1"/>
<pin id="3406" dir="1" index="2" bw="0" slack="2147483647"/>
</pin_list>
<bind>
<opcode="store(28) " fcode="store"/>
<opset="store_ln35/2 "/>
</bind>
</comp>

<comp id="3408" class="1004" name="store_ln35_store_fu_3408">
<pin_list>
<pin id="3409" dir="0" index="0" bw="16" slack="0"/>
<pin id="3410" dir="0" index="1" bw="16" slack="1"/>
<pin id="3411" dir="1" index="2" bw="0" slack="2147483647"/>
</pin_list>
<bind>
<opcode="store(28) " fcode="store"/>
<opset="store_ln35/2 "/>
</bind>
</comp>

<comp id="3413" class="1004" name="store_ln35_store_fu_3413">
<pin_list>
<pin id="3414" dir="0" index="0" bw="16" slack="0"/>
<pin id="3415" dir="0" index="1" bw="16" slack="1"/>
<pin id="3416" dir="1" index="2" bw="0" slack="2147483647"/>
</pin_list>
<bind>
<opcode="store(28) " fcode="store"/>
<opset="store_ln35/2 "/>
</bind>
</comp>

<comp id="3418" class="1004" name="store_ln35_store_fu_3418">
<pin_list>
<pin id="3419" dir="0" index="0" bw="16" slack="0"/>
<pin id="3420" dir="0" index="1" bw="16" slack="1"/>
<pin id="3421" dir="1" index="2" bw="0" slack="2147483647"/>
</pin_list>
<bind>
<opcode="store(28) " fcode="store"/>
<opset="store_ln35/2 "/>
</bind>
</comp>

<comp id="3423" class="1004" name="store_ln35_store_fu_3423">
<pin_list>
<pin id="3424" dir="0" index="0" bw="16" slack="0"/>
<pin id="3425" dir="0" index="1" bw="16" slack="1"/>
<pin id="3426" dir="1" index="2" bw="0" slack="2147483647"/>
</pin_list>
<bind>
<opcode="store(28) " fcode="store"/>
<opset="store_ln35/2 "/>
</bind>
</comp>

<comp id="3428" class="1004" name="store_ln35_store_fu_3428">
<pin_list>
<pin id="3429" dir="0" index="0" bw="16" slack="0"/>
<pin id="3430" dir="0" index="1" bw="16" slack="1"/>
<pin id="3431" dir="1" index="2" bw="0" slack="2147483647"/>
</pin_list>
<bind>
<opcode="store(28) " fcode="store"/>
<opset="store_ln35/2 "/>
</bind>
</comp>

<comp id="3433" class="1004" name="store_ln35_store_fu_3433">
<pin_list>
<pin id="3434" dir="0" index="0" bw="16" slack="0"/>
<pin id="3435" dir="0" index="1" bw="16" slack="1"/>
<pin id="3436" dir="1" index="2" bw="0" slack="2147483647"/>
</pin_list>
<bind>
<opcode="store(28) " fcode="store"/>
<opset="store_ln35/2 "/>
</bind>
</comp>

<comp id="3438" class="1004" name="store_ln35_store_fu_3438">
<pin_list>
<pin id="3439" dir="0" index="0" bw="16" slack="0"/>
<pin id="3440" dir="0" index="1" bw="16" slack="1"/>
<pin id="3441" dir="1" index="2" bw="0" slack="2147483647"/>
</pin_list>
<bind>
<opcode="store(28) " fcode="store"/>
<opset="store_ln35/2 "/>
</bind>
</comp>

<comp id="3443" class="1004" name="store_ln35_store_fu_3443">
<pin_list>
<pin id="3444" dir="0" index="0" bw="16" slack="0"/>
<pin id="3445" dir="0" index="1" bw="16" slack="1"/>
<pin id="3446" dir="1" index="2" bw="0" slack="2147483647"/>
</pin_list>
<bind>
<opcode="store(28) " fcode="store"/>
<opset="store_ln35/2 "/>
</bind>
</comp>

<comp id="3448" class="1004" name="store_ln35_store_fu_3448">
<pin_list>
<pin id="3449" dir="0" index="0" bw="16" slack="0"/>
<pin id="3450" dir="0" index="1" bw="16" slack="1"/>
<pin id="3451" dir="1" index="2" bw="0" slack="2147483647"/>
</pin_list>
<bind>
<opcode="store(28) " fcode="store"/>
<opset="store_ln35/2 "/>
</bind>
</comp>

<comp id="3453" class="1004" name="store_ln35_store_fu_3453">
<pin_list>
<pin id="3454" dir="0" index="0" bw="16" slack="0"/>
<pin id="3455" dir="0" index="1" bw="16" slack="1"/>
<pin id="3456" dir="1" index="2" bw="0" slack="2147483647"/>
</pin_list>
<bind>
<opcode="store(28) " fcode="store"/>
<opset="store_ln35/2 "/>
</bind>
</comp>

<comp id="3458" class="1004" name="store_ln35_store_fu_3458">
<pin_list>
<pin id="3459" dir="0" index="0" bw="16" slack="0"/>
<pin id="3460" dir="0" index="1" bw="16" slack="1"/>
<pin id="3461" dir="1" index="2" bw="0" slack="2147483647"/>
</pin_list>
<bind>
<opcode="store(28) " fcode="store"/>
<opset="store_ln35/2 "/>
</bind>
</comp>

<comp id="3463" class="1004" name="store_ln35_store_fu_3463">
<pin_list>
<pin id="3464" dir="0" index="0" bw="16" slack="0"/>
<pin id="3465" dir="0" index="1" bw="16" slack="1"/>
<pin id="3466" dir="1" index="2" bw="0" slack="2147483647"/>
</pin_list>
<bind>
<opcode="store(28) " fcode="store"/>
<opset="store_ln35/2 "/>
</bind>
</comp>

<comp id="3468" class="1004" name="store_ln35_store_fu_3468">
<pin_list>
<pin id="3469" dir="0" index="0" bw="16" slack="0"/>
<pin id="3470" dir="0" index="1" bw="16" slack="1"/>
<pin id="3471" dir="1" index="2" bw="0" slack="2147483647"/>
</pin_list>
<bind>
<opcode="store(28) " fcode="store"/>
<opset="store_ln35/2 "/>
</bind>
</comp>

<comp id="3473" class="1004" name="store_ln35_store_fu_3473">
<pin_list>
<pin id="3474" dir="0" index="0" bw="16" slack="0"/>
<pin id="3475" dir="0" index="1" bw="16" slack="1"/>
<pin id="3476" dir="1" index="2" bw="0" slack="2147483647"/>
</pin_list>
<bind>
<opcode="store(28) " fcode="store"/>
<opset="store_ln35/2 "/>
</bind>
</comp>

<comp id="3478" class="1004" name="store_ln35_store_fu_3478">
<pin_list>
<pin id="3479" dir="0" index="0" bw="16" slack="0"/>
<pin id="3480" dir="0" index="1" bw="16" slack="1"/>
<pin id="3481" dir="1" index="2" bw="0" slack="2147483647"/>
</pin_list>
<bind>
<opcode="store(28) " fcode="store"/>
<opset="store_ln35/2 "/>
</bind>
</comp>

<comp id="3483" class="1004" name="store_ln35_store_fu_3483">
<pin_list>
<pin id="3484" dir="0" index="0" bw="16" slack="0"/>
<pin id="3485" dir="0" index="1" bw="16" slack="1"/>
<pin id="3486" dir="1" index="2" bw="0" slack="2147483647"/>
</pin_list>
<bind>
<opcode="store(28) " fcode="store"/>
<opset="store_ln35/2 "/>
</bind>
</comp>

<comp id="3488" class="1004" name="store_ln35_store_fu_3488">
<pin_list>
<pin id="3489" dir="0" index="0" bw="16" slack="0"/>
<pin id="3490" dir="0" index="1" bw="16" slack="1"/>
<pin id="3491" dir="1" index="2" bw="0" slack="2147483647"/>
</pin_list>
<bind>
<opcode="store(28) " fcode="store"/>
<opset="store_ln35/2 "/>
</bind>
</comp>

<comp id="3493" class="1004" name="store_ln35_store_fu_3493">
<pin_list>
<pin id="3494" dir="0" index="0" bw="16" slack="0"/>
<pin id="3495" dir="0" index="1" bw="16" slack="1"/>
<pin id="3496" dir="1" index="2" bw="0" slack="2147483647"/>
</pin_list>
<bind>
<opcode="store(28) " fcode="store"/>
<opset="store_ln35/2 "/>
</bind>
</comp>

<comp id="3498" class="1004" name="store_ln35_store_fu_3498">
<pin_list>
<pin id="3499" dir="0" index="0" bw="16" slack="0"/>
<pin id="3500" dir="0" index="1" bw="16" slack="1"/>
<pin id="3501" dir="1" index="2" bw="0" slack="2147483647"/>
</pin_list>
<bind>
<opcode="store(28) " fcode="store"/>
<opset="store_ln35/2 "/>
</bind>
</comp>

<comp id="3503" class="1004" name="store_ln35_store_fu_3503">
<pin_list>
<pin id="3504" dir="0" index="0" bw="16" slack="0"/>
<pin id="3505" dir="0" index="1" bw="16" slack="1"/>
<pin id="3506" dir="1" index="2" bw="0" slack="2147483647"/>
</pin_list>
<bind>
<opcode="store(28) " fcode="store"/>
<opset="store_ln35/2 "/>
</bind>
</comp>

<comp id="3508" class="1004" name="store_ln35_store_fu_3508">
<pin_list>
<pin id="3509" dir="0" index="0" bw="16" slack="0"/>
<pin id="3510" dir="0" index="1" bw="16" slack="1"/>
<pin id="3511" dir="1" index="2" bw="0" slack="2147483647"/>
</pin_list>
<bind>
<opcode="store(28) " fcode="store"/>
<opset="store_ln35/2 "/>
</bind>
</comp>

<comp id="3513" class="1004" name="store_ln35_store_fu_3513">
<pin_list>
<pin id="3514" dir="0" index="0" bw="16" slack="0"/>
<pin id="3515" dir="0" index="1" bw="16" slack="1"/>
<pin id="3516" dir="1" index="2" bw="0" slack="2147483647"/>
</pin_list>
<bind>
<opcode="store(28) " fcode="store"/>
<opset="store_ln35/2 "/>
</bind>
</comp>

<comp id="3518" class="1004" name="store_ln35_store_fu_3518">
<pin_list>
<pin id="3519" dir="0" index="0" bw="16" slack="0"/>
<pin id="3520" dir="0" index="1" bw="16" slack="1"/>
<pin id="3521" dir="1" index="2" bw="0" slack="2147483647"/>
</pin_list>
<bind>
<opcode="store(28) " fcode="store"/>
<opset="store_ln35/2 "/>
</bind>
</comp>

<comp id="3523" class="1004" name="store_ln35_store_fu_3523">
<pin_list>
<pin id="3524" dir="0" index="0" bw="16" slack="0"/>
<pin id="3525" dir="0" index="1" bw="16" slack="1"/>
<pin id="3526" dir="1" index="2" bw="0" slack="2147483647"/>
</pin_list>
<bind>
<opcode="store(28) " fcode="store"/>
<opset="store_ln35/2 "/>
</bind>
</comp>

<comp id="3528" class="1004" name="store_ln35_store_fu_3528">
<pin_list>
<pin id="3529" dir="0" index="0" bw="16" slack="0"/>
<pin id="3530" dir="0" index="1" bw="16" slack="1"/>
<pin id="3531" dir="1" index="2" bw="0" slack="2147483647"/>
</pin_list>
<bind>
<opcode="store(28) " fcode="store"/>
<opset="store_ln35/2 "/>
</bind>
</comp>

<comp id="3533" class="1004" name="store_ln35_store_fu_3533">
<pin_list>
<pin id="3534" dir="0" index="0" bw="16" slack="0"/>
<pin id="3535" dir="0" index="1" bw="16" slack="1"/>
<pin id="3536" dir="1" index="2" bw="0" slack="2147483647"/>
</pin_list>
<bind>
<opcode="store(28) " fcode="store"/>
<opset="store_ln35/2 "/>
</bind>
</comp>

<comp id="3538" class="1004" name="store_ln35_store_fu_3538">
<pin_list>
<pin id="3539" dir="0" index="0" bw="16" slack="0"/>
<pin id="3540" dir="0" index="1" bw="16" slack="1"/>
<pin id="3541" dir="1" index="2" bw="0" slack="2147483647"/>
</pin_list>
<bind>
<opcode="store(28) " fcode="store"/>
<opset="store_ln35/2 "/>
</bind>
</comp>

<comp id="3543" class="1004" name="store_ln35_store_fu_3543">
<pin_list>
<pin id="3544" dir="0" index="0" bw="16" slack="0"/>
<pin id="3545" dir="0" index="1" bw="16" slack="1"/>
<pin id="3546" dir="1" index="2" bw="0" slack="2147483647"/>
</pin_list>
<bind>
<opcode="store(28) " fcode="store"/>
<opset="store_ln35/2 "/>
</bind>
</comp>

<comp id="3548" class="1004" name="store_ln35_store_fu_3548">
<pin_list>
<pin id="3549" dir="0" index="0" bw="16" slack="0"/>
<pin id="3550" dir="0" index="1" bw="16" slack="1"/>
<pin id="3551" dir="1" index="2" bw="0" slack="2147483647"/>
</pin_list>
<bind>
<opcode="store(28) " fcode="store"/>
<opset="store_ln35/2 "/>
</bind>
</comp>

<comp id="3553" class="1004" name="store_ln35_store_fu_3553">
<pin_list>
<pin id="3554" dir="0" index="0" bw="16" slack="0"/>
<pin id="3555" dir="0" index="1" bw="16" slack="1"/>
<pin id="3556" dir="1" index="2" bw="0" slack="2147483647"/>
</pin_list>
<bind>
<opcode="store(28) " fcode="store"/>
<opset="store_ln35/2 "/>
</bind>
</comp>

<comp id="3558" class="1004" name="store_ln35_store_fu_3558">
<pin_list>
<pin id="3559" dir="0" index="0" bw="16" slack="0"/>
<pin id="3560" dir="0" index="1" bw="16" slack="1"/>
<pin id="3561" dir="1" index="2" bw="0" slack="2147483647"/>
</pin_list>
<bind>
<opcode="store(28) " fcode="store"/>
<opset="store_ln35/2 "/>
</bind>
</comp>

<comp id="3563" class="1004" name="store_ln35_store_fu_3563">
<pin_list>
<pin id="3564" dir="0" index="0" bw="16" slack="0"/>
<pin id="3565" dir="0" index="1" bw="16" slack="1"/>
<pin id="3566" dir="1" index="2" bw="0" slack="2147483647"/>
</pin_list>
<bind>
<opcode="store(28) " fcode="store"/>
<opset="store_ln35/2 "/>
</bind>
</comp>

<comp id="3568" class="1004" name="store_ln35_store_fu_3568">
<pin_list>
<pin id="3569" dir="0" index="0" bw="16" slack="0"/>
<pin id="3570" dir="0" index="1" bw="16" slack="1"/>
<pin id="3571" dir="1" index="2" bw="0" slack="2147483647"/>
</pin_list>
<bind>
<opcode="store(28) " fcode="store"/>
<opset="store_ln35/2 "/>
</bind>
</comp>

<comp id="3573" class="1004" name="store_ln35_store_fu_3573">
<pin_list>
<pin id="3574" dir="0" index="0" bw="16" slack="0"/>
<pin id="3575" dir="0" index="1" bw="16" slack="1"/>
<pin id="3576" dir="1" index="2" bw="0" slack="2147483647"/>
</pin_list>
<bind>
<opcode="store(28) " fcode="store"/>
<opset="store_ln35/2 "/>
</bind>
</comp>

<comp id="3578" class="1004" name="store_ln35_store_fu_3578">
<pin_list>
<pin id="3579" dir="0" index="0" bw="16" slack="0"/>
<pin id="3580" dir="0" index="1" bw="16" slack="1"/>
<pin id="3581" dir="1" index="2" bw="0" slack="2147483647"/>
</pin_list>
<bind>
<opcode="store(28) " fcode="store"/>
<opset="store_ln35/2 "/>
</bind>
</comp>

<comp id="3583" class="1004" name="store_ln35_store_fu_3583">
<pin_list>
<pin id="3584" dir="0" index="0" bw="16" slack="0"/>
<pin id="3585" dir="0" index="1" bw="16" slack="1"/>
<pin id="3586" dir="1" index="2" bw="0" slack="2147483647"/>
</pin_list>
<bind>
<opcode="store(28) " fcode="store"/>
<opset="store_ln35/2 "/>
</bind>
</comp>

<comp id="3588" class="1004" name="store_ln35_store_fu_3588">
<pin_list>
<pin id="3589" dir="0" index="0" bw="16" slack="0"/>
<pin id="3590" dir="0" index="1" bw="16" slack="1"/>
<pin id="3591" dir="1" index="2" bw="0" slack="2147483647"/>
</pin_list>
<bind>
<opcode="store(28) " fcode="store"/>
<opset="store_ln35/2 "/>
</bind>
</comp>

<comp id="3593" class="1004" name="store_ln35_store_fu_3593">
<pin_list>
<pin id="3594" dir="0" index="0" bw="16" slack="0"/>
<pin id="3595" dir="0" index="1" bw="16" slack="1"/>
<pin id="3596" dir="1" index="2" bw="0" slack="2147483647"/>
</pin_list>
<bind>
<opcode="store(28) " fcode="store"/>
<opset="store_ln35/2 "/>
</bind>
</comp>

<comp id="3598" class="1004" name="store_ln35_store_fu_3598">
<pin_list>
<pin id="3599" dir="0" index="0" bw="16" slack="0"/>
<pin id="3600" dir="0" index="1" bw="16" slack="1"/>
<pin id="3601" dir="1" index="2" bw="0" slack="2147483647"/>
</pin_list>
<bind>
<opcode="store(28) " fcode="store"/>
<opset="store_ln35/2 "/>
</bind>
</comp>

<comp id="3603" class="1004" name="store_ln35_store_fu_3603">
<pin_list>
<pin id="3604" dir="0" index="0" bw="16" slack="0"/>
<pin id="3605" dir="0" index="1" bw="16" slack="1"/>
<pin id="3606" dir="1" index="2" bw="0" slack="2147483647"/>
</pin_list>
<bind>
<opcode="store(28) " fcode="store"/>
<opset="store_ln35/2 "/>
</bind>
</comp>

<comp id="3608" class="1004" name="store_ln35_store_fu_3608">
<pin_list>
<pin id="3609" dir="0" index="0" bw="16" slack="0"/>
<pin id="3610" dir="0" index="1" bw="16" slack="1"/>
<pin id="3611" dir="1" index="2" bw="0" slack="2147483647"/>
</pin_list>
<bind>
<opcode="store(28) " fcode="store"/>
<opset="store_ln35/2 "/>
</bind>
</comp>

<comp id="3613" class="1004" name="store_ln35_store_fu_3613">
<pin_list>
<pin id="3614" dir="0" index="0" bw="16" slack="0"/>
<pin id="3615" dir="0" index="1" bw="16" slack="1"/>
<pin id="3616" dir="1" index="2" bw="0" slack="2147483647"/>
</pin_list>
<bind>
<opcode="store(28) " fcode="store"/>
<opset="store_ln35/2 "/>
</bind>
</comp>

<comp id="3618" class="1004" name="store_ln35_store_fu_3618">
<pin_list>
<pin id="3619" dir="0" index="0" bw="16" slack="0"/>
<pin id="3620" dir="0" index="1" bw="16" slack="1"/>
<pin id="3621" dir="1" index="2" bw="0" slack="2147483647"/>
</pin_list>
<bind>
<opcode="store(28) " fcode="store"/>
<opset="store_ln35/2 "/>
</bind>
</comp>

<comp id="3623" class="1004" name="store_ln35_store_fu_3623">
<pin_list>
<pin id="3624" dir="0" index="0" bw="16" slack="0"/>
<pin id="3625" dir="0" index="1" bw="16" slack="1"/>
<pin id="3626" dir="1" index="2" bw="0" slack="2147483647"/>
</pin_list>
<bind>
<opcode="store(28) " fcode="store"/>
<opset="store_ln35/2 "/>
</bind>
</comp>

<comp id="3628" class="1004" name="store_ln35_store_fu_3628">
<pin_list>
<pin id="3629" dir="0" index="0" bw="16" slack="0"/>
<pin id="3630" dir="0" index="1" bw="16" slack="1"/>
<pin id="3631" dir="1" index="2" bw="0" slack="2147483647"/>
</pin_list>
<bind>
<opcode="store(28) " fcode="store"/>
<opset="store_ln35/2 "/>
</bind>
</comp>

<comp id="3633" class="1004" name="store_ln35_store_fu_3633">
<pin_list>
<pin id="3634" dir="0" index="0" bw="16" slack="0"/>
<pin id="3635" dir="0" index="1" bw="16" slack="1"/>
<pin id="3636" dir="1" index="2" bw="0" slack="2147483647"/>
</pin_list>
<bind>
<opcode="store(28) " fcode="store"/>
<opset="store_ln35/2 "/>
</bind>
</comp>

<comp id="3638" class="1004" name="store_ln35_store_fu_3638">
<pin_list>
<pin id="3639" dir="0" index="0" bw="16" slack="0"/>
<pin id="3640" dir="0" index="1" bw="16" slack="1"/>
<pin id="3641" dir="1" index="2" bw="0" slack="2147483647"/>
</pin_list>
<bind>
<opcode="store(28) " fcode="store"/>
<opset="store_ln35/2 "/>
</bind>
</comp>

<comp id="3643" class="1004" name="store_ln35_store_fu_3643">
<pin_list>
<pin id="3644" dir="0" index="0" bw="16" slack="0"/>
<pin id="3645" dir="0" index="1" bw="16" slack="1"/>
<pin id="3646" dir="1" index="2" bw="0" slack="2147483647"/>
</pin_list>
<bind>
<opcode="store(28) " fcode="store"/>
<opset="store_ln35/2 "/>
</bind>
</comp>

<comp id="3648" class="1004" name="store_ln35_store_fu_3648">
<pin_list>
<pin id="3649" dir="0" index="0" bw="16" slack="0"/>
<pin id="3650" dir="0" index="1" bw="16" slack="1"/>
<pin id="3651" dir="1" index="2" bw="0" slack="2147483647"/>
</pin_list>
<bind>
<opcode="store(28) " fcode="store"/>
<opset="store_ln35/2 "/>
</bind>
</comp>

<comp id="3653" class="1004" name="store_ln35_store_fu_3653">
<pin_list>
<pin id="3654" dir="0" index="0" bw="16" slack="0"/>
<pin id="3655" dir="0" index="1" bw="16" slack="1"/>
<pin id="3656" dir="1" index="2" bw="0" slack="2147483647"/>
</pin_list>
<bind>
<opcode="store(28) " fcode="store"/>
<opset="store_ln35/2 "/>
</bind>
</comp>

<comp id="3658" class="1004" name="store_ln35_store_fu_3658">
<pin_list>
<pin id="3659" dir="0" index="0" bw="16" slack="0"/>
<pin id="3660" dir="0" index="1" bw="16" slack="1"/>
<pin id="3661" dir="1" index="2" bw="0" slack="2147483647"/>
</pin_list>
<bind>
<opcode="store(28) " fcode="store"/>
<opset="store_ln35/2 "/>
</bind>
</comp>

<comp id="3663" class="1004" name="store_ln35_store_fu_3663">
<pin_list>
<pin id="3664" dir="0" index="0" bw="16" slack="0"/>
<pin id="3665" dir="0" index="1" bw="16" slack="1"/>
<pin id="3666" dir="1" index="2" bw="0" slack="2147483647"/>
</pin_list>
<bind>
<opcode="store(28) " fcode="store"/>
<opset="store_ln35/2 "/>
</bind>
</comp>

<comp id="3668" class="1004" name="store_ln35_store_fu_3668">
<pin_list>
<pin id="3669" dir="0" index="0" bw="16" slack="0"/>
<pin id="3670" dir="0" index="1" bw="16" slack="1"/>
<pin id="3671" dir="1" index="2" bw="0" slack="2147483647"/>
</pin_list>
<bind>
<opcode="store(28) " fcode="store"/>
<opset="store_ln35/2 "/>
</bind>
</comp>

<comp id="3673" class="1004" name="store_ln35_store_fu_3673">
<pin_list>
<pin id="3674" dir="0" index="0" bw="16" slack="0"/>
<pin id="3675" dir="0" index="1" bw="16" slack="1"/>
<pin id="3676" dir="1" index="2" bw="0" slack="2147483647"/>
</pin_list>
<bind>
<opcode="store(28) " fcode="store"/>
<opset="store_ln35/2 "/>
</bind>
</comp>

<comp id="3678" class="1004" name="store_ln35_store_fu_3678">
<pin_list>
<pin id="3679" dir="0" index="0" bw="16" slack="0"/>
<pin id="3680" dir="0" index="1" bw="16" slack="1"/>
<pin id="3681" dir="1" index="2" bw="0" slack="2147483647"/>
</pin_list>
<bind>
<opcode="store(28) " fcode="store"/>
<opset="store_ln35/2 "/>
</bind>
</comp>

<comp id="3683" class="1004" name="store_ln35_store_fu_3683">
<pin_list>
<pin id="3684" dir="0" index="0" bw="16" slack="0"/>
<pin id="3685" dir="0" index="1" bw="16" slack="1"/>
<pin id="3686" dir="1" index="2" bw="0" slack="2147483647"/>
</pin_list>
<bind>
<opcode="store(28) " fcode="store"/>
<opset="store_ln35/2 "/>
</bind>
</comp>

<comp id="3688" class="1004" name="store_ln35_store_fu_3688">
<pin_list>
<pin id="3689" dir="0" index="0" bw="16" slack="0"/>
<pin id="3690" dir="0" index="1" bw="16" slack="1"/>
<pin id="3691" dir="1" index="2" bw="0" slack="2147483647"/>
</pin_list>
<bind>
<opcode="store(28) " fcode="store"/>
<opset="store_ln35/2 "/>
</bind>
</comp>

<comp id="3693" class="1004" name="store_ln35_store_fu_3693">
<pin_list>
<pin id="3694" dir="0" index="0" bw="16" slack="0"/>
<pin id="3695" dir="0" index="1" bw="16" slack="1"/>
<pin id="3696" dir="1" index="2" bw="0" slack="2147483647"/>
</pin_list>
<bind>
<opcode="store(28) " fcode="store"/>
<opset="store_ln35/2 "/>
</bind>
</comp>

<comp id="3698" class="1004" name="store_ln35_store_fu_3698">
<pin_list>
<pin id="3699" dir="0" index="0" bw="16" slack="0"/>
<pin id="3700" dir="0" index="1" bw="16" slack="1"/>
<pin id="3701" dir="1" index="2" bw="0" slack="2147483647"/>
</pin_list>
<bind>
<opcode="store(28) " fcode="store"/>
<opset="store_ln35/2 "/>
</bind>
</comp>

<comp id="3703" class="1004" name="store_ln35_store_fu_3703">
<pin_list>
<pin id="3704" dir="0" index="0" bw="16" slack="0"/>
<pin id="3705" dir="0" index="1" bw="16" slack="1"/>
<pin id="3706" dir="1" index="2" bw="0" slack="2147483647"/>
</pin_list>
<bind>
<opcode="store(28) " fcode="store"/>
<opset="store_ln35/2 "/>
</bind>
</comp>

<comp id="3708" class="1004" name="store_ln35_store_fu_3708">
<pin_list>
<pin id="3709" dir="0" index="0" bw="16" slack="0"/>
<pin id="3710" dir="0" index="1" bw="16" slack="1"/>
<pin id="3711" dir="1" index="2" bw="0" slack="2147483647"/>
</pin_list>
<bind>
<opcode="store(28) " fcode="store"/>
<opset="store_ln35/2 "/>
</bind>
</comp>

<comp id="3713" class="1004" name="store_ln35_store_fu_3713">
<pin_list>
<pin id="3714" dir="0" index="0" bw="16" slack="0"/>
<pin id="3715" dir="0" index="1" bw="16" slack="1"/>
<pin id="3716" dir="1" index="2" bw="0" slack="2147483647"/>
</pin_list>
<bind>
<opcode="store(28) " fcode="store"/>
<opset="store_ln35/2 "/>
</bind>
</comp>

<comp id="3718" class="1004" name="store_ln35_store_fu_3718">
<pin_list>
<pin id="3719" dir="0" index="0" bw="16" slack="0"/>
<pin id="3720" dir="0" index="1" bw="16" slack="1"/>
<pin id="3721" dir="1" index="2" bw="0" slack="2147483647"/>
</pin_list>
<bind>
<opcode="store(28) " fcode="store"/>
<opset="store_ln35/2 "/>
</bind>
</comp>

<comp id="3723" class="1004" name="store_ln35_store_fu_3723">
<pin_list>
<pin id="3724" dir="0" index="0" bw="16" slack="0"/>
<pin id="3725" dir="0" index="1" bw="16" slack="1"/>
<pin id="3726" dir="1" index="2" bw="0" slack="2147483647"/>
</pin_list>
<bind>
<opcode="store(28) " fcode="store"/>
<opset="store_ln35/2 "/>
</bind>
</comp>

<comp id="3728" class="1004" name="store_ln35_store_fu_3728">
<pin_list>
<pin id="3729" dir="0" index="0" bw="16" slack="0"/>
<pin id="3730" dir="0" index="1" bw="16" slack="1"/>
<pin id="3731" dir="1" index="2" bw="0" slack="2147483647"/>
</pin_list>
<bind>
<opcode="store(28) " fcode="store"/>
<opset="store_ln35/2 "/>
</bind>
</comp>

<comp id="3733" class="1004" name="store_ln35_store_fu_3733">
<pin_list>
<pin id="3734" dir="0" index="0" bw="16" slack="0"/>
<pin id="3735" dir="0" index="1" bw="16" slack="1"/>
<pin id="3736" dir="1" index="2" bw="0" slack="2147483647"/>
</pin_list>
<bind>
<opcode="store(28) " fcode="store"/>
<opset="store_ln35/2 "/>
</bind>
</comp>

<comp id="3738" class="1004" name="store_ln35_store_fu_3738">
<pin_list>
<pin id="3739" dir="0" index="0" bw="16" slack="0"/>
<pin id="3740" dir="0" index="1" bw="16" slack="1"/>
<pin id="3741" dir="1" index="2" bw="0" slack="2147483647"/>
</pin_list>
<bind>
<opcode="store(28) " fcode="store"/>
<opset="store_ln35/2 "/>
</bind>
</comp>

<comp id="3743" class="1004" name="store_ln35_store_fu_3743">
<pin_list>
<pin id="3744" dir="0" index="0" bw="16" slack="0"/>
<pin id="3745" dir="0" index="1" bw="16" slack="1"/>
<pin id="3746" dir="1" index="2" bw="0" slack="2147483647"/>
</pin_list>
<bind>
<opcode="store(28) " fcode="store"/>
<opset="store_ln35/2 "/>
</bind>
</comp>

<comp id="3748" class="1004" name="store_ln35_store_fu_3748">
<pin_list>
<pin id="3749" dir="0" index="0" bw="16" slack="0"/>
<pin id="3750" dir="0" index="1" bw="16" slack="1"/>
<pin id="3751" dir="1" index="2" bw="0" slack="2147483647"/>
</pin_list>
<bind>
<opcode="store(28) " fcode="store"/>
<opset="store_ln35/2 "/>
</bind>
</comp>

<comp id="3753" class="1004" name="store_ln35_store_fu_3753">
<pin_list>
<pin id="3754" dir="0" index="0" bw="16" slack="0"/>
<pin id="3755" dir="0" index="1" bw="16" slack="1"/>
<pin id="3756" dir="1" index="2" bw="0" slack="2147483647"/>
</pin_list>
<bind>
<opcode="store(28) " fcode="store"/>
<opset="store_ln35/2 "/>
</bind>
</comp>

<comp id="3758" class="1004" name="store_ln35_store_fu_3758">
<pin_list>
<pin id="3759" dir="0" index="0" bw="16" slack="0"/>
<pin id="3760" dir="0" index="1" bw="16" slack="1"/>
<pin id="3761" dir="1" index="2" bw="0" slack="2147483647"/>
</pin_list>
<bind>
<opcode="store(28) " fcode="store"/>
<opset="store_ln35/2 "/>
</bind>
</comp>

<comp id="3763" class="1004" name="store_ln35_store_fu_3763">
<pin_list>
<pin id="3764" dir="0" index="0" bw="16" slack="0"/>
<pin id="3765" dir="0" index="1" bw="16" slack="1"/>
<pin id="3766" dir="1" index="2" bw="0" slack="2147483647"/>
</pin_list>
<bind>
<opcode="store(28) " fcode="store"/>
<opset="store_ln35/2 "/>
</bind>
</comp>

<comp id="3768" class="1004" name="store_ln35_store_fu_3768">
<pin_list>
<pin id="3769" dir="0" index="0" bw="16" slack="0"/>
<pin id="3770" dir="0" index="1" bw="16" slack="1"/>
<pin id="3771" dir="1" index="2" bw="0" slack="2147483647"/>
</pin_list>
<bind>
<opcode="store(28) " fcode="store"/>
<opset="store_ln35/2 "/>
</bind>
</comp>

<comp id="3773" class="1004" name="store_ln35_store_fu_3773">
<pin_list>
<pin id="3774" dir="0" index="0" bw="16" slack="0"/>
<pin id="3775" dir="0" index="1" bw="16" slack="1"/>
<pin id="3776" dir="1" index="2" bw="0" slack="2147483647"/>
</pin_list>
<bind>
<opcode="store(28) " fcode="store"/>
<opset="store_ln35/2 "/>
</bind>
</comp>

<comp id="3778" class="1004" name="store_ln35_store_fu_3778">
<pin_list>
<pin id="3779" dir="0" index="0" bw="16" slack="0"/>
<pin id="3780" dir="0" index="1" bw="16" slack="1"/>
<pin id="3781" dir="1" index="2" bw="0" slack="2147483647"/>
</pin_list>
<bind>
<opcode="store(28) " fcode="store"/>
<opset="store_ln35/2 "/>
</bind>
</comp>

<comp id="3783" class="1004" name="store_ln35_store_fu_3783">
<pin_list>
<pin id="3784" dir="0" index="0" bw="16" slack="0"/>
<pin id="3785" dir="0" index="1" bw="16" slack="1"/>
<pin id="3786" dir="1" index="2" bw="0" slack="2147483647"/>
</pin_list>
<bind>
<opcode="store(28) " fcode="store"/>
<opset="store_ln35/2 "/>
</bind>
</comp>

<comp id="3788" class="1004" name="store_ln35_store_fu_3788">
<pin_list>
<pin id="3789" dir="0" index="0" bw="16" slack="0"/>
<pin id="3790" dir="0" index="1" bw="16" slack="1"/>
<pin id="3791" dir="1" index="2" bw="0" slack="2147483647"/>
</pin_list>
<bind>
<opcode="store(28) " fcode="store"/>
<opset="store_ln35/2 "/>
</bind>
</comp>

<comp id="3793" class="1004" name="store_ln35_store_fu_3793">
<pin_list>
<pin id="3794" dir="0" index="0" bw="16" slack="0"/>
<pin id="3795" dir="0" index="1" bw="16" slack="1"/>
<pin id="3796" dir="1" index="2" bw="0" slack="2147483647"/>
</pin_list>
<bind>
<opcode="store(28) " fcode="store"/>
<opset="store_ln35/2 "/>
</bind>
</comp>

<comp id="3798" class="1004" name="store_ln35_store_fu_3798">
<pin_list>
<pin id="3799" dir="0" index="0" bw="16" slack="0"/>
<pin id="3800" dir="0" index="1" bw="16" slack="1"/>
<pin id="3801" dir="1" index="2" bw="0" slack="2147483647"/>
</pin_list>
<bind>
<opcode="store(28) " fcode="store"/>
<opset="store_ln35/2 "/>
</bind>
</comp>

<comp id="3803" class="1004" name="store_ln35_store_fu_3803">
<pin_list>
<pin id="3804" dir="0" index="0" bw="16" slack="0"/>
<pin id="3805" dir="0" index="1" bw="16" slack="1"/>
<pin id="3806" dir="1" index="2" bw="0" slack="2147483647"/>
</pin_list>
<bind>
<opcode="store(28) " fcode="store"/>
<opset="store_ln35/2 "/>
</bind>
</comp>

<comp id="3808" class="1004" name="store_ln35_store_fu_3808">
<pin_list>
<pin id="3809" dir="0" index="0" bw="16" slack="0"/>
<pin id="3810" dir="0" index="1" bw="16" slack="1"/>
<pin id="3811" dir="1" index="2" bw="0" slack="2147483647"/>
</pin_list>
<bind>
<opcode="store(28) " fcode="store"/>
<opset="store_ln35/2 "/>
</bind>
</comp>

<comp id="3813" class="1004" name="store_ln35_store_fu_3813">
<pin_list>
<pin id="3814" dir="0" index="0" bw="16" slack="0"/>
<pin id="3815" dir="0" index="1" bw="16" slack="1"/>
<pin id="3816" dir="1" index="2" bw="0" slack="2147483647"/>
</pin_list>
<bind>
<opcode="store(28) " fcode="store"/>
<opset="store_ln35/2 "/>
</bind>
</comp>

<comp id="3818" class="1004" name="store_ln35_store_fu_3818">
<pin_list>
<pin id="3819" dir="0" index="0" bw="16" slack="0"/>
<pin id="3820" dir="0" index="1" bw="16" slack="1"/>
<pin id="3821" dir="1" index="2" bw="0" slack="2147483647"/>
</pin_list>
<bind>
<opcode="store(28) " fcode="store"/>
<opset="store_ln35/2 "/>
</bind>
</comp>

<comp id="3823" class="1004" name="store_ln35_store_fu_3823">
<pin_list>
<pin id="3824" dir="0" index="0" bw="16" slack="0"/>
<pin id="3825" dir="0" index="1" bw="16" slack="1"/>
<pin id="3826" dir="1" index="2" bw="0" slack="2147483647"/>
</pin_list>
<bind>
<opcode="store(28) " fcode="store"/>
<opset="store_ln35/2 "/>
</bind>
</comp>

<comp id="3828" class="1004" name="store_ln35_store_fu_3828">
<pin_list>
<pin id="3829" dir="0" index="0" bw="16" slack="0"/>
<pin id="3830" dir="0" index="1" bw="16" slack="1"/>
<pin id="3831" dir="1" index="2" bw="0" slack="2147483647"/>
</pin_list>
<bind>
<opcode="store(28) " fcode="store"/>
<opset="store_ln35/2 "/>
</bind>
</comp>

<comp id="3833" class="1004" name="store_ln35_store_fu_3833">
<pin_list>
<pin id="3834" dir="0" index="0" bw="16" slack="0"/>
<pin id="3835" dir="0" index="1" bw="16" slack="1"/>
<pin id="3836" dir="1" index="2" bw="0" slack="2147483647"/>
</pin_list>
<bind>
<opcode="store(28) " fcode="store"/>
<opset="store_ln35/2 "/>
</bind>
</comp>

<comp id="3838" class="1004" name="store_ln35_store_fu_3838">
<pin_list>
<pin id="3839" dir="0" index="0" bw="16" slack="0"/>
<pin id="3840" dir="0" index="1" bw="16" slack="1"/>
<pin id="3841" dir="1" index="2" bw="0" slack="2147483647"/>
</pin_list>
<bind>
<opcode="store(28) " fcode="store"/>
<opset="store_ln35/2 "/>
</bind>
</comp>

<comp id="3843" class="1004" name="store_ln35_store_fu_3843">
<pin_list>
<pin id="3844" dir="0" index="0" bw="16" slack="0"/>
<pin id="3845" dir="0" index="1" bw="16" slack="1"/>
<pin id="3846" dir="1" index="2" bw="0" slack="2147483647"/>
</pin_list>
<bind>
<opcode="store(28) " fcode="store"/>
<opset="store_ln35/2 "/>
</bind>
</comp>

<comp id="3848" class="1004" name="store_ln35_store_fu_3848">
<pin_list>
<pin id="3849" dir="0" index="0" bw="16" slack="0"/>
<pin id="3850" dir="0" index="1" bw="16" slack="1"/>
<pin id="3851" dir="1" index="2" bw="0" slack="2147483647"/>
</pin_list>
<bind>
<opcode="store(28) " fcode="store"/>
<opset="store_ln35/2 "/>
</bind>
</comp>

<comp id="3853" class="1004" name="store_ln35_store_fu_3853">
<pin_list>
<pin id="3854" dir="0" index="0" bw="16" slack="0"/>
<pin id="3855" dir="0" index="1" bw="16" slack="1"/>
<pin id="3856" dir="1" index="2" bw="0" slack="2147483647"/>
</pin_list>
<bind>
<opcode="store(28) " fcode="store"/>
<opset="store_ln35/2 "/>
</bind>
</comp>

<comp id="3858" class="1004" name="icmp_ln33_fu_3858">
<pin_list>
<pin id="3859" dir="0" index="0" bw="5" slack="0"/>
<pin id="3860" dir="0" index="1" bw="4" slack="0"/>
<pin id="3861" dir="1" index="2" bw="1" slack="2147483647"/>
</pin_list>
<bind>
<opcode="icmp(45) " fcode="icmp"/>
<opset="icmp_ln33/2 "/>
</bind>
</comp>

<comp id="3864" class="1004" name="store_ln33_store_fu_3864">
<pin_list>
<pin id="3865" dir="0" index="0" bw="5" slack="0"/>
<pin id="3866" dir="0" index="1" bw="5" slack="1"/>
<pin id="3867" dir="1" index="2" bw="0" slack="2147483647"/>
</pin_list>
<bind>
<opcode="store(28) " fcode="store"/>
<opset="store_ln33/2 "/>
</bind>
</comp>

<comp id="3869" class="1004" name="p_0_7_0_0_03992_load_load_fu_3869">
<pin_list>
<pin id="3870" dir="0" index="0" bw="16" slack="1"/>
<pin id="3871" dir="1" index="1" bw="16" slack="0"/>
</pin_list>
<bind>
<opcode="load(27) " fcode="load"/>
<opset="p_0_7_0_0_03992_load/2 "/>
</bind>
</comp>

<comp id="3873" class="1004" name="p_0_6_0_0_03974_load_load_fu_3873">
<pin_list>
<pin id="3874" dir="0" index="0" bw="16" slack="1"/>
<pin id="3875" dir="1" index="1" bw="16" slack="0"/>
</pin_list>
<bind>
<opcode="load(27) " fcode="load"/>
<opset="p_0_6_0_0_03974_load/2 "/>
</bind>
</comp>

<comp id="3877" class="1004" name="p_0_5_0_0_03956_load_load_fu_3877">
<pin_list>
<pin id="3878" dir="0" index="0" bw="16" slack="1"/>
<pin id="3879" dir="1" index="1" bw="16" slack="0"/>
</pin_list>
<bind>
<opcode="load(27) " fcode="load"/>
<opset="p_0_5_0_0_03956_load/2 "/>
</bind>
</comp>

<comp id="3881" class="1004" name="p_0_4_0_0_03938_load_load_fu_3881">
<pin_list>
<pin id="3882" dir="0" index="0" bw="16" slack="1"/>
<pin id="3883" dir="1" index="1" bw="16" slack="0"/>
</pin_list>
<bind>
<opcode="load(27) " fcode="load"/>
<opset="p_0_4_0_0_03938_load/2 "/>
</bind>
</comp>

<comp id="3885" class="1004" name="p_0_3_0_0_039110_load_load_fu_3885">
<pin_list>
<pin id="3886" dir="0" index="0" bw="16" slack="1"/>
<pin id="3887" dir="1" index="1" bw="16" slack="0"/>
</pin_list>
<bind>
<opcode="load(27) " fcode="load"/>
<opset="p_0_3_0_0_039110_load/2 "/>
</bind>
</comp>

<comp id="3889" class="1004" name="p_0_2_0_0_038912_load_load_fu_3889">
<pin_list>
<pin id="3890" dir="0" index="0" bw="16" slack="1"/>
<pin id="3891" dir="1" index="1" bw="16" slack="0"/>
</pin_list>
<bind>
<opcode="load(27) " fcode="load"/>
<opset="p_0_2_0_0_038912_load/2 "/>
</bind>
</comp>

<comp id="3893" class="1004" name="p_0_1_0_0_038714_load_load_fu_3893">
<pin_list>
<pin id="3894" dir="0" index="0" bw="16" slack="1"/>
<pin id="3895" dir="1" index="1" bw="16" slack="0"/>
</pin_list>
<bind>
<opcode="load(27) " fcode="load"/>
<opset="p_0_1_0_0_038714_load/2 "/>
</bind>
</comp>

<comp id="3897" class="1004" name="p_0_0_0_0_038516_load_load_fu_3897">
<pin_list>
<pin id="3898" dir="0" index="0" bw="16" slack="1"/>
<pin id="3899" dir="1" index="1" bw="16" slack="0"/>
</pin_list>
<bind>
<opcode="load(27) " fcode="load"/>
<opset="p_0_0_0_0_038516_load/2 "/>
</bind>
</comp>

<comp id="3901" class="1004" name="p_0_7_0_0_038318_load_load_fu_3901">
<pin_list>
<pin id="3902" dir="0" index="0" bw="16" slack="1"/>
<pin id="3903" dir="1" index="1" bw="16" slack="0"/>
</pin_list>
<bind>
<opcode="load(27) " fcode="load"/>
<opset="p_0_7_0_0_038318_load/2 "/>
</bind>
</comp>

<comp id="3905" class="1004" name="p_0_6_0_0_038120_load_load_fu_3905">
<pin_list>
<pin id="3906" dir="0" index="0" bw="16" slack="1"/>
<pin id="3907" dir="1" index="1" bw="16" slack="0"/>
</pin_list>
<bind>
<opcode="load(27) " fcode="load"/>
<opset="p_0_6_0_0_038120_load/2 "/>
</bind>
</comp>

<comp id="3909" class="1004" name="p_0_5_0_0_037922_load_load_fu_3909">
<pin_list>
<pin id="3910" dir="0" index="0" bw="16" slack="1"/>
<pin id="3911" dir="1" index="1" bw="16" slack="0"/>
</pin_list>
<bind>
<opcode="load(27) " fcode="load"/>
<opset="p_0_5_0_0_037922_load/2 "/>
</bind>
</comp>

<comp id="3913" class="1004" name="p_0_4_0_0_037724_load_load_fu_3913">
<pin_list>
<pin id="3914" dir="0" index="0" bw="16" slack="1"/>
<pin id="3915" dir="1" index="1" bw="16" slack="0"/>
</pin_list>
<bind>
<opcode="load(27) " fcode="load"/>
<opset="p_0_4_0_0_037724_load/2 "/>
</bind>
</comp>

<comp id="3917" class="1004" name="p_0_3_0_0_037526_load_load_fu_3917">
<pin_list>
<pin id="3918" dir="0" index="0" bw="16" slack="1"/>
<pin id="3919" dir="1" index="1" bw="16" slack="0"/>
</pin_list>
<bind>
<opcode="load(27) " fcode="load"/>
<opset="p_0_3_0_0_037526_load/2 "/>
</bind>
</comp>

<comp id="3921" class="1004" name="p_0_2_0_0_037328_load_load_fu_3921">
<pin_list>
<pin id="3922" dir="0" index="0" bw="16" slack="1"/>
<pin id="3923" dir="1" index="1" bw="16" slack="0"/>
</pin_list>
<bind>
<opcode="load(27) " fcode="load"/>
<opset="p_0_2_0_0_037328_load/2 "/>
</bind>
</comp>

<comp id="3925" class="1004" name="p_0_1_0_0_037130_load_load_fu_3925">
<pin_list>
<pin id="3926" dir="0" index="0" bw="16" slack="1"/>
<pin id="3927" dir="1" index="1" bw="16" slack="0"/>
</pin_list>
<bind>
<opcode="load(27) " fcode="load"/>
<opset="p_0_1_0_0_037130_load/2 "/>
</bind>
</comp>

<comp id="3929" class="1004" name="p_0_0_0_0_036932_load_load_fu_3929">
<pin_list>
<pin id="3930" dir="0" index="0" bw="16" slack="1"/>
<pin id="3931" dir="1" index="1" bw="16" slack="0"/>
</pin_list>
<bind>
<opcode="load(27) " fcode="load"/>
<opset="p_0_0_0_0_036932_load/2 "/>
</bind>
</comp>

<comp id="3933" class="1004" name="p_0_7_0_0_036734_load_load_fu_3933">
<pin_list>
<pin id="3934" dir="0" index="0" bw="16" slack="1"/>
<pin id="3935" dir="1" index="1" bw="16" slack="0"/>
</pin_list>
<bind>
<opcode="load(27) " fcode="load"/>
<opset="p_0_7_0_0_036734_load/2 "/>
</bind>
</comp>

<comp id="3937" class="1004" name="p_0_6_0_0_036536_load_load_fu_3937">
<pin_list>
<pin id="3938" dir="0" index="0" bw="16" slack="1"/>
<pin id="3939" dir="1" index="1" bw="16" slack="0"/>
</pin_list>
<bind>
<opcode="load(27) " fcode="load"/>
<opset="p_0_6_0_0_036536_load/2 "/>
</bind>
</comp>

<comp id="3941" class="1004" name="p_0_5_0_0_036338_load_load_fu_3941">
<pin_list>
<pin id="3942" dir="0" index="0" bw="16" slack="1"/>
<pin id="3943" dir="1" index="1" bw="16" slack="0"/>
</pin_list>
<bind>
<opcode="load(27) " fcode="load"/>
<opset="p_0_5_0_0_036338_load/2 "/>
</bind>
</comp>

<comp id="3945" class="1004" name="p_0_4_0_0_036140_load_load_fu_3945">
<pin_list>
<pin id="3946" dir="0" index="0" bw="16" slack="1"/>
<pin id="3947" dir="1" index="1" bw="16" slack="0"/>
</pin_list>
<bind>
<opcode="load(27) " fcode="load"/>
<opset="p_0_4_0_0_036140_load/2 "/>
</bind>
</comp>

<comp id="3949" class="1004" name="p_0_3_0_0_035942_load_load_fu_3949">
<pin_list>
<pin id="3950" dir="0" index="0" bw="16" slack="1"/>
<pin id="3951" dir="1" index="1" bw="16" slack="0"/>
</pin_list>
<bind>
<opcode="load(27) " fcode="load"/>
<opset="p_0_3_0_0_035942_load/2 "/>
</bind>
</comp>

<comp id="3953" class="1004" name="p_0_2_0_0_035744_load_load_fu_3953">
<pin_list>
<pin id="3954" dir="0" index="0" bw="16" slack="1"/>
<pin id="3955" dir="1" index="1" bw="16" slack="0"/>
</pin_list>
<bind>
<opcode="load(27) " fcode="load"/>
<opset="p_0_2_0_0_035744_load/2 "/>
</bind>
</comp>

<comp id="3957" class="1004" name="p_0_1_0_0_035546_load_load_fu_3957">
<pin_list>
<pin id="3958" dir="0" index="0" bw="16" slack="1"/>
<pin id="3959" dir="1" index="1" bw="16" slack="0"/>
</pin_list>
<bind>
<opcode="load(27) " fcode="load"/>
<opset="p_0_1_0_0_035546_load/2 "/>
</bind>
</comp>

<comp id="3961" class="1004" name="p_0_0_0_0_035348_load_load_fu_3961">
<pin_list>
<pin id="3962" dir="0" index="0" bw="16" slack="1"/>
<pin id="3963" dir="1" index="1" bw="16" slack="0"/>
</pin_list>
<bind>
<opcode="load(27) " fcode="load"/>
<opset="p_0_0_0_0_035348_load/2 "/>
</bind>
</comp>

<comp id="3965" class="1004" name="p_0_7_0_0_035150_load_load_fu_3965">
<pin_list>
<pin id="3966" dir="0" index="0" bw="16" slack="1"/>
<pin id="3967" dir="1" index="1" bw="16" slack="0"/>
</pin_list>
<bind>
<opcode="load(27) " fcode="load"/>
<opset="p_0_7_0_0_035150_load/2 "/>
</bind>
</comp>

<comp id="3969" class="1004" name="p_0_6_0_0_034952_load_load_fu_3969">
<pin_list>
<pin id="3970" dir="0" index="0" bw="16" slack="1"/>
<pin id="3971" dir="1" index="1" bw="16" slack="0"/>
</pin_list>
<bind>
<opcode="load(27) " fcode="load"/>
<opset="p_0_6_0_0_034952_load/2 "/>
</bind>
</comp>

<comp id="3973" class="1004" name="p_0_5_0_0_034754_load_load_fu_3973">
<pin_list>
<pin id="3974" dir="0" index="0" bw="16" slack="1"/>
<pin id="3975" dir="1" index="1" bw="16" slack="0"/>
</pin_list>
<bind>
<opcode="load(27) " fcode="load"/>
<opset="p_0_5_0_0_034754_load/2 "/>
</bind>
</comp>

<comp id="3977" class="1004" name="p_0_4_0_0_034556_load_load_fu_3977">
<pin_list>
<pin id="3978" dir="0" index="0" bw="16" slack="1"/>
<pin id="3979" dir="1" index="1" bw="16" slack="0"/>
</pin_list>
<bind>
<opcode="load(27) " fcode="load"/>
<opset="p_0_4_0_0_034556_load/2 "/>
</bind>
</comp>

<comp id="3981" class="1004" name="p_0_3_0_0_034358_load_load_fu_3981">
<pin_list>
<pin id="3982" dir="0" index="0" bw="16" slack="1"/>
<pin id="3983" dir="1" index="1" bw="16" slack="0"/>
</pin_list>
<bind>
<opcode="load(27) " fcode="load"/>
<opset="p_0_3_0_0_034358_load/2 "/>
</bind>
</comp>

<comp id="3985" class="1004" name="p_0_2_0_0_034160_load_load_fu_3985">
<pin_list>
<pin id="3986" dir="0" index="0" bw="16" slack="1"/>
<pin id="3987" dir="1" index="1" bw="16" slack="0"/>
</pin_list>
<bind>
<opcode="load(27) " fcode="load"/>
<opset="p_0_2_0_0_034160_load/2 "/>
</bind>
</comp>

<comp id="3989" class="1004" name="p_0_1_0_0_033962_load_load_fu_3989">
<pin_list>
<pin id="3990" dir="0" index="0" bw="16" slack="1"/>
<pin id="3991" dir="1" index="1" bw="16" slack="0"/>
</pin_list>
<bind>
<opcode="load(27) " fcode="load"/>
<opset="p_0_1_0_0_033962_load/2 "/>
</bind>
</comp>

<comp id="3993" class="1004" name="p_0_0_0_0_033764_load_load_fu_3993">
<pin_list>
<pin id="3994" dir="0" index="0" bw="16" slack="1"/>
<pin id="3995" dir="1" index="1" bw="16" slack="0"/>
</pin_list>
<bind>
<opcode="load(27) " fcode="load"/>
<opset="p_0_0_0_0_033764_load/2 "/>
</bind>
</comp>

<comp id="3997" class="1004" name="p_0_7_0_0_033566_load_load_fu_3997">
<pin_list>
<pin id="3998" dir="0" index="0" bw="16" slack="1"/>
<pin id="3999" dir="1" index="1" bw="16" slack="0"/>
</pin_list>
<bind>
<opcode="load(27) " fcode="load"/>
<opset="p_0_7_0_0_033566_load/2 "/>
</bind>
</comp>

<comp id="4001" class="1004" name="p_0_6_0_0_033368_load_load_fu_4001">
<pin_list>
<pin id="4002" dir="0" index="0" bw="16" slack="1"/>
<pin id="4003" dir="1" index="1" bw="16" slack="0"/>
</pin_list>
<bind>
<opcode="load(27) " fcode="load"/>
<opset="p_0_6_0_0_033368_load/2 "/>
</bind>
</comp>

<comp id="4005" class="1004" name="p_0_5_0_0_033170_load_load_fu_4005">
<pin_list>
<pin id="4006" dir="0" index="0" bw="16" slack="1"/>
<pin id="4007" dir="1" index="1" bw="16" slack="0"/>
</pin_list>
<bind>
<opcode="load(27) " fcode="load"/>
<opset="p_0_5_0_0_033170_load/2 "/>
</bind>
</comp>

<comp id="4009" class="1004" name="p_0_4_0_0_032972_load_load_fu_4009">
<pin_list>
<pin id="4010" dir="0" index="0" bw="16" slack="1"/>
<pin id="4011" dir="1" index="1" bw="16" slack="0"/>
</pin_list>
<bind>
<opcode="load(27) " fcode="load"/>
<opset="p_0_4_0_0_032972_load/2 "/>
</bind>
</comp>

<comp id="4013" class="1004" name="p_0_3_0_0_032774_load_load_fu_4013">
<pin_list>
<pin id="4014" dir="0" index="0" bw="16" slack="1"/>
<pin id="4015" dir="1" index="1" bw="16" slack="0"/>
</pin_list>
<bind>
<opcode="load(27) " fcode="load"/>
<opset="p_0_3_0_0_032774_load/2 "/>
</bind>
</comp>

<comp id="4017" class="1004" name="p_0_2_0_0_032576_load_load_fu_4017">
<pin_list>
<pin id="4018" dir="0" index="0" bw="16" slack="1"/>
<pin id="4019" dir="1" index="1" bw="16" slack="0"/>
</pin_list>
<bind>
<opcode="load(27) " fcode="load"/>
<opset="p_0_2_0_0_032576_load/2 "/>
</bind>
</comp>

<comp id="4021" class="1004" name="p_0_1_0_0_032378_load_load_fu_4021">
<pin_list>
<pin id="4022" dir="0" index="0" bw="16" slack="1"/>
<pin id="4023" dir="1" index="1" bw="16" slack="0"/>
</pin_list>
<bind>
<opcode="load(27) " fcode="load"/>
<opset="p_0_1_0_0_032378_load/2 "/>
</bind>
</comp>

<comp id="4025" class="1004" name="p_0_0_0_0_032180_load_load_fu_4025">
<pin_list>
<pin id="4026" dir="0" index="0" bw="16" slack="1"/>
<pin id="4027" dir="1" index="1" bw="16" slack="0"/>
</pin_list>
<bind>
<opcode="load(27) " fcode="load"/>
<opset="p_0_0_0_0_032180_load/2 "/>
</bind>
</comp>

<comp id="4029" class="1004" name="p_0_7_0_0_031982_load_load_fu_4029">
<pin_list>
<pin id="4030" dir="0" index="0" bw="16" slack="1"/>
<pin id="4031" dir="1" index="1" bw="16" slack="0"/>
</pin_list>
<bind>
<opcode="load(27) " fcode="load"/>
<opset="p_0_7_0_0_031982_load/2 "/>
</bind>
</comp>

<comp id="4033" class="1004" name="p_0_6_0_0_031784_load_load_fu_4033">
<pin_list>
<pin id="4034" dir="0" index="0" bw="16" slack="1"/>
<pin id="4035" dir="1" index="1" bw="16" slack="0"/>
</pin_list>
<bind>
<opcode="load(27) " fcode="load"/>
<opset="p_0_6_0_0_031784_load/2 "/>
</bind>
</comp>

<comp id="4037" class="1004" name="p_0_5_0_0_031586_load_load_fu_4037">
<pin_list>
<pin id="4038" dir="0" index="0" bw="16" slack="1"/>
<pin id="4039" dir="1" index="1" bw="16" slack="0"/>
</pin_list>
<bind>
<opcode="load(27) " fcode="load"/>
<opset="p_0_5_0_0_031586_load/2 "/>
</bind>
</comp>

<comp id="4041" class="1004" name="p_0_4_0_0_031388_load_load_fu_4041">
<pin_list>
<pin id="4042" dir="0" index="0" bw="16" slack="1"/>
<pin id="4043" dir="1" index="1" bw="16" slack="0"/>
</pin_list>
<bind>
<opcode="load(27) " fcode="load"/>
<opset="p_0_4_0_0_031388_load/2 "/>
</bind>
</comp>

<comp id="4045" class="1004" name="p_0_3_0_0_031190_load_load_fu_4045">
<pin_list>
<pin id="4046" dir="0" index="0" bw="16" slack="1"/>
<pin id="4047" dir="1" index="1" bw="16" slack="0"/>
</pin_list>
<bind>
<opcode="load(27) " fcode="load"/>
<opset="p_0_3_0_0_031190_load/2 "/>
</bind>
</comp>

<comp id="4049" class="1004" name="p_0_2_0_0_030992_load_load_fu_4049">
<pin_list>
<pin id="4050" dir="0" index="0" bw="16" slack="1"/>
<pin id="4051" dir="1" index="1" bw="16" slack="0"/>
</pin_list>
<bind>
<opcode="load(27) " fcode="load"/>
<opset="p_0_2_0_0_030992_load/2 "/>
</bind>
</comp>

<comp id="4053" class="1004" name="p_0_1_0_0_030794_load_load_fu_4053">
<pin_list>
<pin id="4054" dir="0" index="0" bw="16" slack="1"/>
<pin id="4055" dir="1" index="1" bw="16" slack="0"/>
</pin_list>
<bind>
<opcode="load(27) " fcode="load"/>
<opset="p_0_1_0_0_030794_load/2 "/>
</bind>
</comp>

<comp id="4057" class="1004" name="p_0_0_0_0_030596_load_load_fu_4057">
<pin_list>
<pin id="4058" dir="0" index="0" bw="16" slack="1"/>
<pin id="4059" dir="1" index="1" bw="16" slack="0"/>
</pin_list>
<bind>
<opcode="load(27) " fcode="load"/>
<opset="p_0_0_0_0_030596_load/2 "/>
</bind>
</comp>

<comp id="4061" class="1004" name="p_0_7_0_0_030398_load_load_fu_4061">
<pin_list>
<pin id="4062" dir="0" index="0" bw="16" slack="1"/>
<pin id="4063" dir="1" index="1" bw="16" slack="0"/>
</pin_list>
<bind>
<opcode="load(27) " fcode="load"/>
<opset="p_0_7_0_0_030398_load/2 "/>
</bind>
</comp>

<comp id="4065" class="1004" name="p_0_6_0_0_0301100_load_load_fu_4065">
<pin_list>
<pin id="4066" dir="0" index="0" bw="16" slack="1"/>
<pin id="4067" dir="1" index="1" bw="16" slack="0"/>
</pin_list>
<bind>
<opcode="load(27) " fcode="load"/>
<opset="p_0_6_0_0_0301100_load/2 "/>
</bind>
</comp>

<comp id="4069" class="1004" name="p_0_5_0_0_0299102_load_load_fu_4069">
<pin_list>
<pin id="4070" dir="0" index="0" bw="16" slack="1"/>
<pin id="4071" dir="1" index="1" bw="16" slack="0"/>
</pin_list>
<bind>
<opcode="load(27) " fcode="load"/>
<opset="p_0_5_0_0_0299102_load/2 "/>
</bind>
</comp>

<comp id="4073" class="1004" name="p_0_4_0_0_0297104_load_load_fu_4073">
<pin_list>
<pin id="4074" dir="0" index="0" bw="16" slack="1"/>
<pin id="4075" dir="1" index="1" bw="16" slack="0"/>
</pin_list>
<bind>
<opcode="load(27) " fcode="load"/>
<opset="p_0_4_0_0_0297104_load/2 "/>
</bind>
</comp>

<comp id="4077" class="1004" name="p_0_3_0_0_0295106_load_load_fu_4077">
<pin_list>
<pin id="4078" dir="0" index="0" bw="16" slack="1"/>
<pin id="4079" dir="1" index="1" bw="16" slack="0"/>
</pin_list>
<bind>
<opcode="load(27) " fcode="load"/>
<opset="p_0_3_0_0_0295106_load/2 "/>
</bind>
</comp>

<comp id="4081" class="1004" name="p_0_2_0_0_0293108_load_load_fu_4081">
<pin_list>
<pin id="4082" dir="0" index="0" bw="16" slack="1"/>
<pin id="4083" dir="1" index="1" bw="16" slack="0"/>
</pin_list>
<bind>
<opcode="load(27) " fcode="load"/>
<opset="p_0_2_0_0_0293108_load/2 "/>
</bind>
</comp>

<comp id="4085" class="1004" name="p_0_1_0_0_0291110_load_load_fu_4085">
<pin_list>
<pin id="4086" dir="0" index="0" bw="16" slack="1"/>
<pin id="4087" dir="1" index="1" bw="16" slack="0"/>
</pin_list>
<bind>
<opcode="load(27) " fcode="load"/>
<opset="p_0_1_0_0_0291110_load/2 "/>
</bind>
</comp>

<comp id="4089" class="1004" name="p_0_0_0_0_0289112_load_load_fu_4089">
<pin_list>
<pin id="4090" dir="0" index="0" bw="16" slack="1"/>
<pin id="4091" dir="1" index="1" bw="16" slack="0"/>
</pin_list>
<bind>
<opcode="load(27) " fcode="load"/>
<opset="p_0_0_0_0_0289112_load/2 "/>
</bind>
</comp>

<comp id="4093" class="1004" name="p_0_7_0_0_0287114_load_load_fu_4093">
<pin_list>
<pin id="4094" dir="0" index="0" bw="16" slack="1"/>
<pin id="4095" dir="1" index="1" bw="16" slack="0"/>
</pin_list>
<bind>
<opcode="load(27) " fcode="load"/>
<opset="p_0_7_0_0_0287114_load/2 "/>
</bind>
</comp>

<comp id="4097" class="1004" name="p_0_6_0_0_0285116_load_load_fu_4097">
<pin_list>
<pin id="4098" dir="0" index="0" bw="16" slack="1"/>
<pin id="4099" dir="1" index="1" bw="16" slack="0"/>
</pin_list>
<bind>
<opcode="load(27) " fcode="load"/>
<opset="p_0_6_0_0_0285116_load/2 "/>
</bind>
</comp>

<comp id="4101" class="1004" name="p_0_5_0_0_0283118_load_load_fu_4101">
<pin_list>
<pin id="4102" dir="0" index="0" bw="16" slack="1"/>
<pin id="4103" dir="1" index="1" bw="16" slack="0"/>
</pin_list>
<bind>
<opcode="load(27) " fcode="load"/>
<opset="p_0_5_0_0_0283118_load/2 "/>
</bind>
</comp>

<comp id="4105" class="1004" name="p_0_4_0_0_0281120_load_load_fu_4105">
<pin_list>
<pin id="4106" dir="0" index="0" bw="16" slack="1"/>
<pin id="4107" dir="1" index="1" bw="16" slack="0"/>
</pin_list>
<bind>
<opcode="load(27) " fcode="load"/>
<opset="p_0_4_0_0_0281120_load/2 "/>
</bind>
</comp>

<comp id="4109" class="1004" name="p_0_3_0_0_0279122_load_load_fu_4109">
<pin_list>
<pin id="4110" dir="0" index="0" bw="16" slack="1"/>
<pin id="4111" dir="1" index="1" bw="16" slack="0"/>
</pin_list>
<bind>
<opcode="load(27) " fcode="load"/>
<opset="p_0_3_0_0_0279122_load/2 "/>
</bind>
</comp>

<comp id="4113" class="1004" name="p_0_2_0_0_0277124_load_load_fu_4113">
<pin_list>
<pin id="4114" dir="0" index="0" bw="16" slack="1"/>
<pin id="4115" dir="1" index="1" bw="16" slack="0"/>
</pin_list>
<bind>
<opcode="load(27) " fcode="load"/>
<opset="p_0_2_0_0_0277124_load/2 "/>
</bind>
</comp>

<comp id="4117" class="1004" name="p_0_1_0_0_0275126_load_load_fu_4117">
<pin_list>
<pin id="4118" dir="0" index="0" bw="16" slack="1"/>
<pin id="4119" dir="1" index="1" bw="16" slack="0"/>
</pin_list>
<bind>
<opcode="load(27) " fcode="load"/>
<opset="p_0_1_0_0_0275126_load/2 "/>
</bind>
</comp>

<comp id="4121" class="1004" name="p_0_0_0_0_0273128_load_load_fu_4121">
<pin_list>
<pin id="4122" dir="0" index="0" bw="16" slack="1"/>
<pin id="4123" dir="1" index="1" bw="16" slack="0"/>
</pin_list>
<bind>
<opcode="load(27) " fcode="load"/>
<opset="p_0_0_0_0_0273128_load/2 "/>
</bind>
</comp>

<comp id="4125" class="1004" name="p_0_7_0_0_0271130_load_load_fu_4125">
<pin_list>
<pin id="4126" dir="0" index="0" bw="16" slack="1"/>
<pin id="4127" dir="1" index="1" bw="16" slack="0"/>
</pin_list>
<bind>
<opcode="load(27) " fcode="load"/>
<opset="p_0_7_0_0_0271130_load/2 "/>
</bind>
</comp>

<comp id="4129" class="1004" name="p_0_6_0_0_0269132_load_load_fu_4129">
<pin_list>
<pin id="4130" dir="0" index="0" bw="16" slack="1"/>
<pin id="4131" dir="1" index="1" bw="16" slack="0"/>
</pin_list>
<bind>
<opcode="load(27) " fcode="load"/>
<opset="p_0_6_0_0_0269132_load/2 "/>
</bind>
</comp>

<comp id="4133" class="1004" name="p_0_5_0_0_0267134_load_load_fu_4133">
<pin_list>
<pin id="4134" dir="0" index="0" bw="16" slack="1"/>
<pin id="4135" dir="1" index="1" bw="16" slack="0"/>
</pin_list>
<bind>
<opcode="load(27) " fcode="load"/>
<opset="p_0_5_0_0_0267134_load/2 "/>
</bind>
</comp>

<comp id="4137" class="1004" name="p_0_4_0_0_0265136_load_load_fu_4137">
<pin_list>
<pin id="4138" dir="0" index="0" bw="16" slack="1"/>
<pin id="4139" dir="1" index="1" bw="16" slack="0"/>
</pin_list>
<bind>
<opcode="load(27) " fcode="load"/>
<opset="p_0_4_0_0_0265136_load/2 "/>
</bind>
</comp>

<comp id="4141" class="1004" name="p_0_3_0_0_0263138_load_load_fu_4141">
<pin_list>
<pin id="4142" dir="0" index="0" bw="16" slack="1"/>
<pin id="4143" dir="1" index="1" bw="16" slack="0"/>
</pin_list>
<bind>
<opcode="load(27) " fcode="load"/>
<opset="p_0_3_0_0_0263138_load/2 "/>
</bind>
</comp>

<comp id="4145" class="1004" name="p_0_2_0_0_0261140_load_load_fu_4145">
<pin_list>
<pin id="4146" dir="0" index="0" bw="16" slack="1"/>
<pin id="4147" dir="1" index="1" bw="16" slack="0"/>
</pin_list>
<bind>
<opcode="load(27) " fcode="load"/>
<opset="p_0_2_0_0_0261140_load/2 "/>
</bind>
</comp>

<comp id="4149" class="1004" name="p_0_1_0_0_0259142_load_load_fu_4149">
<pin_list>
<pin id="4150" dir="0" index="0" bw="16" slack="1"/>
<pin id="4151" dir="1" index="1" bw="16" slack="0"/>
</pin_list>
<bind>
<opcode="load(27) " fcode="load"/>
<opset="p_0_1_0_0_0259142_load/2 "/>
</bind>
</comp>

<comp id="4153" class="1004" name="p_0_0_0_0_0257144_load_load_fu_4153">
<pin_list>
<pin id="4154" dir="0" index="0" bw="16" slack="1"/>
<pin id="4155" dir="1" index="1" bw="16" slack="0"/>
</pin_list>
<bind>
<opcode="load(27) " fcode="load"/>
<opset="p_0_0_0_0_0257144_load/2 "/>
</bind>
</comp>

<comp id="4157" class="1004" name="p_0_7_0_0_0255146_load_load_fu_4157">
<pin_list>
<pin id="4158" dir="0" index="0" bw="16" slack="1"/>
<pin id="4159" dir="1" index="1" bw="16" slack="0"/>
</pin_list>
<bind>
<opcode="load(27) " fcode="load"/>
<opset="p_0_7_0_0_0255146_load/2 "/>
</bind>
</comp>

<comp id="4161" class="1004" name="p_0_6_0_0_0253148_load_load_fu_4161">
<pin_list>
<pin id="4162" dir="0" index="0" bw="16" slack="1"/>
<pin id="4163" dir="1" index="1" bw="16" slack="0"/>
</pin_list>
<bind>
<opcode="load(27) " fcode="load"/>
<opset="p_0_6_0_0_0253148_load/2 "/>
</bind>
</comp>

<comp id="4165" class="1004" name="p_0_5_0_0_0251150_load_load_fu_4165">
<pin_list>
<pin id="4166" dir="0" index="0" bw="16" slack="1"/>
<pin id="4167" dir="1" index="1" bw="16" slack="0"/>
</pin_list>
<bind>
<opcode="load(27) " fcode="load"/>
<opset="p_0_5_0_0_0251150_load/2 "/>
</bind>
</comp>

<comp id="4169" class="1004" name="p_0_4_0_0_0249152_load_load_fu_4169">
<pin_list>
<pin id="4170" dir="0" index="0" bw="16" slack="1"/>
<pin id="4171" dir="1" index="1" bw="16" slack="0"/>
</pin_list>
<bind>
<opcode="load(27) " fcode="load"/>
<opset="p_0_4_0_0_0249152_load/2 "/>
</bind>
</comp>

<comp id="4173" class="1004" name="p_0_3_0_0_0247154_load_load_fu_4173">
<pin_list>
<pin id="4174" dir="0" index="0" bw="16" slack="1"/>
<pin id="4175" dir="1" index="1" bw="16" slack="0"/>
</pin_list>
<bind>
<opcode="load(27) " fcode="load"/>
<opset="p_0_3_0_0_0247154_load/2 "/>
</bind>
</comp>

<comp id="4177" class="1004" name="p_0_2_0_0_0245156_load_load_fu_4177">
<pin_list>
<pin id="4178" dir="0" index="0" bw="16" slack="1"/>
<pin id="4179" dir="1" index="1" bw="16" slack="0"/>
</pin_list>
<bind>
<opcode="load(27) " fcode="load"/>
<opset="p_0_2_0_0_0245156_load/2 "/>
</bind>
</comp>

<comp id="4181" class="1004" name="p_0_1_0_0_0243158_load_load_fu_4181">
<pin_list>
<pin id="4182" dir="0" index="0" bw="16" slack="1"/>
<pin id="4183" dir="1" index="1" bw="16" slack="0"/>
</pin_list>
<bind>
<opcode="load(27) " fcode="load"/>
<opset="p_0_1_0_0_0243158_load/2 "/>
</bind>
</comp>

<comp id="4185" class="1004" name="p_0_0_0_0_0241160_load_load_fu_4185">
<pin_list>
<pin id="4186" dir="0" index="0" bw="16" slack="1"/>
<pin id="4187" dir="1" index="1" bw="16" slack="0"/>
</pin_list>
<bind>
<opcode="load(27) " fcode="load"/>
<opset="p_0_0_0_0_0241160_load/2 "/>
</bind>
</comp>

<comp id="4189" class="1004" name="p_0_7_0_0_0239162_load_load_fu_4189">
<pin_list>
<pin id="4190" dir="0" index="0" bw="16" slack="1"/>
<pin id="4191" dir="1" index="1" bw="16" slack="0"/>
</pin_list>
<bind>
<opcode="load(27) " fcode="load"/>
<opset="p_0_7_0_0_0239162_load/2 "/>
</bind>
</comp>

<comp id="4193" class="1004" name="p_0_6_0_0_0237164_load_load_fu_4193">
<pin_list>
<pin id="4194" dir="0" index="0" bw="16" slack="1"/>
<pin id="4195" dir="1" index="1" bw="16" slack="0"/>
</pin_list>
<bind>
<opcode="load(27) " fcode="load"/>
<opset="p_0_6_0_0_0237164_load/2 "/>
</bind>
</comp>

<comp id="4197" class="1004" name="p_0_5_0_0_0235166_load_load_fu_4197">
<pin_list>
<pin id="4198" dir="0" index="0" bw="16" slack="1"/>
<pin id="4199" dir="1" index="1" bw="16" slack="0"/>
</pin_list>
<bind>
<opcode="load(27) " fcode="load"/>
<opset="p_0_5_0_0_0235166_load/2 "/>
</bind>
</comp>

<comp id="4201" class="1004" name="p_0_4_0_0_0233168_load_load_fu_4201">
<pin_list>
<pin id="4202" dir="0" index="0" bw="16" slack="1"/>
<pin id="4203" dir="1" index="1" bw="16" slack="0"/>
</pin_list>
<bind>
<opcode="load(27) " fcode="load"/>
<opset="p_0_4_0_0_0233168_load/2 "/>
</bind>
</comp>

<comp id="4205" class="1004" name="p_0_3_0_0_0231170_load_load_fu_4205">
<pin_list>
<pin id="4206" dir="0" index="0" bw="16" slack="1"/>
<pin id="4207" dir="1" index="1" bw="16" slack="0"/>
</pin_list>
<bind>
<opcode="load(27) " fcode="load"/>
<opset="p_0_3_0_0_0231170_load/2 "/>
</bind>
</comp>

<comp id="4209" class="1004" name="p_0_2_0_0_0229172_load_load_fu_4209">
<pin_list>
<pin id="4210" dir="0" index="0" bw="16" slack="1"/>
<pin id="4211" dir="1" index="1" bw="16" slack="0"/>
</pin_list>
<bind>
<opcode="load(27) " fcode="load"/>
<opset="p_0_2_0_0_0229172_load/2 "/>
</bind>
</comp>

<comp id="4213" class="1004" name="p_0_1_0_0_0227174_load_load_fu_4213">
<pin_list>
<pin id="4214" dir="0" index="0" bw="16" slack="1"/>
<pin id="4215" dir="1" index="1" bw="16" slack="0"/>
</pin_list>
<bind>
<opcode="load(27) " fcode="load"/>
<opset="p_0_1_0_0_0227174_load/2 "/>
</bind>
</comp>

<comp id="4217" class="1004" name="p_0_0_0_0_0225176_load_load_fu_4217">
<pin_list>
<pin id="4218" dir="0" index="0" bw="16" slack="1"/>
<pin id="4219" dir="1" index="1" bw="16" slack="0"/>
</pin_list>
<bind>
<opcode="load(27) " fcode="load"/>
<opset="p_0_0_0_0_0225176_load/2 "/>
</bind>
</comp>

<comp id="4221" class="1004" name="p_0_7_0_0_0223178_load_load_fu_4221">
<pin_list>
<pin id="4222" dir="0" index="0" bw="16" slack="1"/>
<pin id="4223" dir="1" index="1" bw="16" slack="0"/>
</pin_list>
<bind>
<opcode="load(27) " fcode="load"/>
<opset="p_0_7_0_0_0223178_load/2 "/>
</bind>
</comp>

<comp id="4225" class="1004" name="p_0_6_0_0_0221180_load_load_fu_4225">
<pin_list>
<pin id="4226" dir="0" index="0" bw="16" slack="1"/>
<pin id="4227" dir="1" index="1" bw="16" slack="0"/>
</pin_list>
<bind>
<opcode="load(27) " fcode="load"/>
<opset="p_0_6_0_0_0221180_load/2 "/>
</bind>
</comp>

<comp id="4229" class="1004" name="p_0_5_0_0_0219182_load_load_fu_4229">
<pin_list>
<pin id="4230" dir="0" index="0" bw="16" slack="1"/>
<pin id="4231" dir="1" index="1" bw="16" slack="0"/>
</pin_list>
<bind>
<opcode="load(27) " fcode="load"/>
<opset="p_0_5_0_0_0219182_load/2 "/>
</bind>
</comp>

<comp id="4233" class="1004" name="p_0_4_0_0_0217184_load_load_fu_4233">
<pin_list>
<pin id="4234" dir="0" index="0" bw="16" slack="1"/>
<pin id="4235" dir="1" index="1" bw="16" slack="0"/>
</pin_list>
<bind>
<opcode="load(27) " fcode="load"/>
<opset="p_0_4_0_0_0217184_load/2 "/>
</bind>
</comp>

<comp id="4237" class="1004" name="p_0_3_0_0_0215186_load_load_fu_4237">
<pin_list>
<pin id="4238" dir="0" index="0" bw="16" slack="1"/>
<pin id="4239" dir="1" index="1" bw="16" slack="0"/>
</pin_list>
<bind>
<opcode="load(27) " fcode="load"/>
<opset="p_0_3_0_0_0215186_load/2 "/>
</bind>
</comp>

<comp id="4241" class="1004" name="p_0_2_0_0_0213188_load_load_fu_4241">
<pin_list>
<pin id="4242" dir="0" index="0" bw="16" slack="1"/>
<pin id="4243" dir="1" index="1" bw="16" slack="0"/>
</pin_list>
<bind>
<opcode="load(27) " fcode="load"/>
<opset="p_0_2_0_0_0213188_load/2 "/>
</bind>
</comp>

<comp id="4245" class="1004" name="p_0_1_0_0_0211190_load_load_fu_4245">
<pin_list>
<pin id="4246" dir="0" index="0" bw="16" slack="1"/>
<pin id="4247" dir="1" index="1" bw="16" slack="0"/>
</pin_list>
<bind>
<opcode="load(27) " fcode="load"/>
<opset="p_0_1_0_0_0211190_load/2 "/>
</bind>
</comp>

<comp id="4249" class="1004" name="p_0_0_0_0_0209192_load_load_fu_4249">
<pin_list>
<pin id="4250" dir="0" index="0" bw="16" slack="1"/>
<pin id="4251" dir="1" index="1" bw="16" slack="0"/>
</pin_list>
<bind>
<opcode="load(27) " fcode="load"/>
<opset="p_0_0_0_0_0209192_load/2 "/>
</bind>
</comp>

<comp id="4253" class="1004" name="p_0_7_0_0_0207194_load_load_fu_4253">
<pin_list>
<pin id="4254" dir="0" index="0" bw="16" slack="1"/>
<pin id="4255" dir="1" index="1" bw="16" slack="0"/>
</pin_list>
<bind>
<opcode="load(27) " fcode="load"/>
<opset="p_0_7_0_0_0207194_load/2 "/>
</bind>
</comp>

<comp id="4257" class="1004" name="p_0_6_0_0_0205196_load_load_fu_4257">
<pin_list>
<pin id="4258" dir="0" index="0" bw="16" slack="1"/>
<pin id="4259" dir="1" index="1" bw="16" slack="0"/>
</pin_list>
<bind>
<opcode="load(27) " fcode="load"/>
<opset="p_0_6_0_0_0205196_load/2 "/>
</bind>
</comp>

<comp id="4261" class="1004" name="p_0_5_0_0_0203198_load_load_fu_4261">
<pin_list>
<pin id="4262" dir="0" index="0" bw="16" slack="1"/>
<pin id="4263" dir="1" index="1" bw="16" slack="0"/>
</pin_list>
<bind>
<opcode="load(27) " fcode="load"/>
<opset="p_0_5_0_0_0203198_load/2 "/>
</bind>
</comp>

<comp id="4265" class="1004" name="p_0_4_0_0_0201200_load_load_fu_4265">
<pin_list>
<pin id="4266" dir="0" index="0" bw="16" slack="1"/>
<pin id="4267" dir="1" index="1" bw="16" slack="0"/>
</pin_list>
<bind>
<opcode="load(27) " fcode="load"/>
<opset="p_0_4_0_0_0201200_load/2 "/>
</bind>
</comp>

<comp id="4269" class="1004" name="p_0_3_0_0_0199202_load_load_fu_4269">
<pin_list>
<pin id="4270" dir="0" index="0" bw="16" slack="1"/>
<pin id="4271" dir="1" index="1" bw="16" slack="0"/>
</pin_list>
<bind>
<opcode="load(27) " fcode="load"/>
<opset="p_0_3_0_0_0199202_load/2 "/>
</bind>
</comp>

<comp id="4273" class="1004" name="p_0_2_0_0_0197204_load_load_fu_4273">
<pin_list>
<pin id="4274" dir="0" index="0" bw="16" slack="1"/>
<pin id="4275" dir="1" index="1" bw="16" slack="0"/>
</pin_list>
<bind>
<opcode="load(27) " fcode="load"/>
<opset="p_0_2_0_0_0197204_load/2 "/>
</bind>
</comp>

<comp id="4277" class="1004" name="p_0_1_0_0_0195206_load_load_fu_4277">
<pin_list>
<pin id="4278" dir="0" index="0" bw="16" slack="1"/>
<pin id="4279" dir="1" index="1" bw="16" slack="0"/>
</pin_list>
<bind>
<opcode="load(27) " fcode="load"/>
<opset="p_0_1_0_0_0195206_load/2 "/>
</bind>
</comp>

<comp id="4281" class="1004" name="p_0_0_0_0_0193208_load_load_fu_4281">
<pin_list>
<pin id="4282" dir="0" index="0" bw="16" slack="1"/>
<pin id="4283" dir="1" index="1" bw="16" slack="0"/>
</pin_list>
<bind>
<opcode="load(27) " fcode="load"/>
<opset="p_0_0_0_0_0193208_load/2 "/>
</bind>
</comp>

<comp id="4285" class="1004" name="p_0_7_0_0_0191210_load_load_fu_4285">
<pin_list>
<pin id="4286" dir="0" index="0" bw="16" slack="1"/>
<pin id="4287" dir="1" index="1" bw="16" slack="0"/>
</pin_list>
<bind>
<opcode="load(27) " fcode="load"/>
<opset="p_0_7_0_0_0191210_load/2 "/>
</bind>
</comp>

<comp id="4289" class="1004" name="p_0_6_0_0_0189212_load_load_fu_4289">
<pin_list>
<pin id="4290" dir="0" index="0" bw="16" slack="1"/>
<pin id="4291" dir="1" index="1" bw="16" slack="0"/>
</pin_list>
<bind>
<opcode="load(27) " fcode="load"/>
<opset="p_0_6_0_0_0189212_load/2 "/>
</bind>
</comp>

<comp id="4293" class="1004" name="p_0_5_0_0_0187214_load_load_fu_4293">
<pin_list>
<pin id="4294" dir="0" index="0" bw="16" slack="1"/>
<pin id="4295" dir="1" index="1" bw="16" slack="0"/>
</pin_list>
<bind>
<opcode="load(27) " fcode="load"/>
<opset="p_0_5_0_0_0187214_load/2 "/>
</bind>
</comp>

<comp id="4297" class="1004" name="p_0_4_0_0_0185216_load_load_fu_4297">
<pin_list>
<pin id="4298" dir="0" index="0" bw="16" slack="1"/>
<pin id="4299" dir="1" index="1" bw="16" slack="0"/>
</pin_list>
<bind>
<opcode="load(27) " fcode="load"/>
<opset="p_0_4_0_0_0185216_load/2 "/>
</bind>
</comp>

<comp id="4301" class="1004" name="p_0_3_0_0_0183218_load_load_fu_4301">
<pin_list>
<pin id="4302" dir="0" index="0" bw="16" slack="1"/>
<pin id="4303" dir="1" index="1" bw="16" slack="0"/>
</pin_list>
<bind>
<opcode="load(27) " fcode="load"/>
<opset="p_0_3_0_0_0183218_load/2 "/>
</bind>
</comp>

<comp id="4305" class="1004" name="p_0_2_0_0_0181220_load_load_fu_4305">
<pin_list>
<pin id="4306" dir="0" index="0" bw="16" slack="1"/>
<pin id="4307" dir="1" index="1" bw="16" slack="0"/>
</pin_list>
<bind>
<opcode="load(27) " fcode="load"/>
<opset="p_0_2_0_0_0181220_load/2 "/>
</bind>
</comp>

<comp id="4309" class="1004" name="p_0_1_0_0_0179222_load_load_fu_4309">
<pin_list>
<pin id="4310" dir="0" index="0" bw="16" slack="1"/>
<pin id="4311" dir="1" index="1" bw="16" slack="0"/>
</pin_list>
<bind>
<opcode="load(27) " fcode="load"/>
<opset="p_0_1_0_0_0179222_load/2 "/>
</bind>
</comp>

<comp id="4313" class="1004" name="p_0_0_0_0_0177224_load_load_fu_4313">
<pin_list>
<pin id="4314" dir="0" index="0" bw="16" slack="1"/>
<pin id="4315" dir="1" index="1" bw="16" slack="0"/>
</pin_list>
<bind>
<opcode="load(27) " fcode="load"/>
<opset="p_0_0_0_0_0177224_load/2 "/>
</bind>
</comp>

<comp id="4317" class="1004" name="p_0_7_0_0_0175226_load_load_fu_4317">
<pin_list>
<pin id="4318" dir="0" index="0" bw="16" slack="1"/>
<pin id="4319" dir="1" index="1" bw="16" slack="0"/>
</pin_list>
<bind>
<opcode="load(27) " fcode="load"/>
<opset="p_0_7_0_0_0175226_load/2 "/>
</bind>
</comp>

<comp id="4321" class="1004" name="p_0_6_0_0_0173228_load_load_fu_4321">
<pin_list>
<pin id="4322" dir="0" index="0" bw="16" slack="1"/>
<pin id="4323" dir="1" index="1" bw="16" slack="0"/>
</pin_list>
<bind>
<opcode="load(27) " fcode="load"/>
<opset="p_0_6_0_0_0173228_load/2 "/>
</bind>
</comp>

<comp id="4325" class="1004" name="p_0_5_0_0_0171230_load_load_fu_4325">
<pin_list>
<pin id="4326" dir="0" index="0" bw="16" slack="1"/>
<pin id="4327" dir="1" index="1" bw="16" slack="0"/>
</pin_list>
<bind>
<opcode="load(27) " fcode="load"/>
<opset="p_0_5_0_0_0171230_load/2 "/>
</bind>
</comp>

<comp id="4329" class="1004" name="p_0_4_0_0_0169232_load_load_fu_4329">
<pin_list>
<pin id="4330" dir="0" index="0" bw="16" slack="1"/>
<pin id="4331" dir="1" index="1" bw="16" slack="0"/>
</pin_list>
<bind>
<opcode="load(27) " fcode="load"/>
<opset="p_0_4_0_0_0169232_load/2 "/>
</bind>
</comp>

<comp id="4333" class="1004" name="p_0_3_0_0_0167234_load_load_fu_4333">
<pin_list>
<pin id="4334" dir="0" index="0" bw="16" slack="1"/>
<pin id="4335" dir="1" index="1" bw="16" slack="0"/>
</pin_list>
<bind>
<opcode="load(27) " fcode="load"/>
<opset="p_0_3_0_0_0167234_load/2 "/>
</bind>
</comp>

<comp id="4337" class="1004" name="p_0_2_0_0_0165236_load_load_fu_4337">
<pin_list>
<pin id="4338" dir="0" index="0" bw="16" slack="1"/>
<pin id="4339" dir="1" index="1" bw="16" slack="0"/>
</pin_list>
<bind>
<opcode="load(27) " fcode="load"/>
<opset="p_0_2_0_0_0165236_load/2 "/>
</bind>
</comp>

<comp id="4341" class="1004" name="p_0_1_0_0_0163238_load_load_fu_4341">
<pin_list>
<pin id="4342" dir="0" index="0" bw="16" slack="1"/>
<pin id="4343" dir="1" index="1" bw="16" slack="0"/>
</pin_list>
<bind>
<opcode="load(27) " fcode="load"/>
<opset="p_0_1_0_0_0163238_load/2 "/>
</bind>
</comp>

<comp id="4345" class="1004" name="p_0_0_0_0_0161240_load_load_fu_4345">
<pin_list>
<pin id="4346" dir="0" index="0" bw="16" slack="1"/>
<pin id="4347" dir="1" index="1" bw="16" slack="0"/>
</pin_list>
<bind>
<opcode="load(27) " fcode="load"/>
<opset="p_0_0_0_0_0161240_load/2 "/>
</bind>
</comp>

<comp id="4349" class="1004" name="p_0_7_0_0_0159242_load_load_fu_4349">
<pin_list>
<pin id="4350" dir="0" index="0" bw="16" slack="1"/>
<pin id="4351" dir="1" index="1" bw="16" slack="0"/>
</pin_list>
<bind>
<opcode="load(27) " fcode="load"/>
<opset="p_0_7_0_0_0159242_load/2 "/>
</bind>
</comp>

<comp id="4353" class="1004" name="p_0_6_0_0_0157244_load_load_fu_4353">
<pin_list>
<pin id="4354" dir="0" index="0" bw="16" slack="1"/>
<pin id="4355" dir="1" index="1" bw="16" slack="0"/>
</pin_list>
<bind>
<opcode="load(27) " fcode="load"/>
<opset="p_0_6_0_0_0157244_load/2 "/>
</bind>
</comp>

<comp id="4357" class="1004" name="p_0_5_0_0_0155246_load_load_fu_4357">
<pin_list>
<pin id="4358" dir="0" index="0" bw="16" slack="1"/>
<pin id="4359" dir="1" index="1" bw="16" slack="0"/>
</pin_list>
<bind>
<opcode="load(27) " fcode="load"/>
<opset="p_0_5_0_0_0155246_load/2 "/>
</bind>
</comp>

<comp id="4361" class="1004" name="p_0_4_0_0_0153248_load_load_fu_4361">
<pin_list>
<pin id="4362" dir="0" index="0" bw="16" slack="1"/>
<pin id="4363" dir="1" index="1" bw="16" slack="0"/>
</pin_list>
<bind>
<opcode="load(27) " fcode="load"/>
<opset="p_0_4_0_0_0153248_load/2 "/>
</bind>
</comp>

<comp id="4365" class="1004" name="p_0_3_0_0_0151250_load_load_fu_4365">
<pin_list>
<pin id="4366" dir="0" index="0" bw="16" slack="1"/>
<pin id="4367" dir="1" index="1" bw="16" slack="0"/>
</pin_list>
<bind>
<opcode="load(27) " fcode="load"/>
<opset="p_0_3_0_0_0151250_load/2 "/>
</bind>
</comp>

<comp id="4369" class="1004" name="p_0_2_0_0_0149252_load_load_fu_4369">
<pin_list>
<pin id="4370" dir="0" index="0" bw="16" slack="1"/>
<pin id="4371" dir="1" index="1" bw="16" slack="0"/>
</pin_list>
<bind>
<opcode="load(27) " fcode="load"/>
<opset="p_0_2_0_0_0149252_load/2 "/>
</bind>
</comp>

<comp id="4373" class="1004" name="p_0_1_0_0_0147254_load_load_fu_4373">
<pin_list>
<pin id="4374" dir="0" index="0" bw="16" slack="1"/>
<pin id="4375" dir="1" index="1" bw="16" slack="0"/>
</pin_list>
<bind>
<opcode="load(27) " fcode="load"/>
<opset="p_0_1_0_0_0147254_load/2 "/>
</bind>
</comp>

<comp id="4377" class="1004" name="p_0_0_0_0_0145256_load_load_fu_4377">
<pin_list>
<pin id="4378" dir="0" index="0" bw="16" slack="1"/>
<pin id="4379" dir="1" index="1" bw="16" slack="0"/>
</pin_list>
<bind>
<opcode="load(27) " fcode="load"/>
<opset="p_0_0_0_0_0145256_load/2 "/>
</bind>
</comp>

<comp id="4381" class="1004" name="p_0_7_0_0_0143258_load_load_fu_4381">
<pin_list>
<pin id="4382" dir="0" index="0" bw="16" slack="1"/>
<pin id="4383" dir="1" index="1" bw="16" slack="0"/>
</pin_list>
<bind>
<opcode="load(27) " fcode="load"/>
<opset="p_0_7_0_0_0143258_load/2 "/>
</bind>
</comp>

<comp id="4385" class="1004" name="p_0_6_0_0_0141260_load_load_fu_4385">
<pin_list>
<pin id="4386" dir="0" index="0" bw="16" slack="1"/>
<pin id="4387" dir="1" index="1" bw="16" slack="0"/>
</pin_list>
<bind>
<opcode="load(27) " fcode="load"/>
<opset="p_0_6_0_0_0141260_load/2 "/>
</bind>
</comp>

<comp id="4389" class="1004" name="p_0_5_0_0_0139262_load_load_fu_4389">
<pin_list>
<pin id="4390" dir="0" index="0" bw="16" slack="1"/>
<pin id="4391" dir="1" index="1" bw="16" slack="0"/>
</pin_list>
<bind>
<opcode="load(27) " fcode="load"/>
<opset="p_0_5_0_0_0139262_load/2 "/>
</bind>
</comp>

<comp id="4393" class="1004" name="p_0_4_0_0_0137264_load_load_fu_4393">
<pin_list>
<pin id="4394" dir="0" index="0" bw="16" slack="1"/>
<pin id="4395" dir="1" index="1" bw="16" slack="0"/>
</pin_list>
<bind>
<opcode="load(27) " fcode="load"/>
<opset="p_0_4_0_0_0137264_load/2 "/>
</bind>
</comp>

<comp id="4397" class="1004" name="p_0_3_0_0_0135266_load_load_fu_4397">
<pin_list>
<pin id="4398" dir="0" index="0" bw="16" slack="1"/>
<pin id="4399" dir="1" index="1" bw="16" slack="0"/>
</pin_list>
<bind>
<opcode="load(27) " fcode="load"/>
<opset="p_0_3_0_0_0135266_load/2 "/>
</bind>
</comp>

<comp id="4401" class="1004" name="p_0_2_0_0_0133268_load_load_fu_4401">
<pin_list>
<pin id="4402" dir="0" index="0" bw="16" slack="1"/>
<pin id="4403" dir="1" index="1" bw="16" slack="0"/>
</pin_list>
<bind>
<opcode="load(27) " fcode="load"/>
<opset="p_0_2_0_0_0133268_load/2 "/>
</bind>
</comp>

<comp id="4405" class="1004" name="p_0_1_0_0_0131270_load_load_fu_4405">
<pin_list>
<pin id="4406" dir="0" index="0" bw="16" slack="1"/>
<pin id="4407" dir="1" index="1" bw="16" slack="0"/>
</pin_list>
<bind>
<opcode="load(27) " fcode="load"/>
<opset="p_0_1_0_0_0131270_load/2 "/>
</bind>
</comp>

<comp id="4409" class="1004" name="p_0_0_0_0_0129272_load_load_fu_4409">
<pin_list>
<pin id="4410" dir="0" index="0" bw="16" slack="1"/>
<pin id="4411" dir="1" index="1" bw="16" slack="0"/>
</pin_list>
<bind>
<opcode="load(27) " fcode="load"/>
<opset="p_0_0_0_0_0129272_load/2 "/>
</bind>
</comp>

<comp id="4413" class="1004" name="p_0_7_0_0_0127274_load_load_fu_4413">
<pin_list>
<pin id="4414" dir="0" index="0" bw="16" slack="1"/>
<pin id="4415" dir="1" index="1" bw="16" slack="0"/>
</pin_list>
<bind>
<opcode="load(27) " fcode="load"/>
<opset="p_0_7_0_0_0127274_load/2 "/>
</bind>
</comp>

<comp id="4417" class="1004" name="p_0_6_0_0_0125276_load_load_fu_4417">
<pin_list>
<pin id="4418" dir="0" index="0" bw="16" slack="1"/>
<pin id="4419" dir="1" index="1" bw="16" slack="0"/>
</pin_list>
<bind>
<opcode="load(27) " fcode="load"/>
<opset="p_0_6_0_0_0125276_load/2 "/>
</bind>
</comp>

<comp id="4421" class="1004" name="p_0_5_0_0_0123278_load_load_fu_4421">
<pin_list>
<pin id="4422" dir="0" index="0" bw="16" slack="1"/>
<pin id="4423" dir="1" index="1" bw="16" slack="0"/>
</pin_list>
<bind>
<opcode="load(27) " fcode="load"/>
<opset="p_0_5_0_0_0123278_load/2 "/>
</bind>
</comp>

<comp id="4425" class="1004" name="p_0_4_0_0_0121280_load_load_fu_4425">
<pin_list>
<pin id="4426" dir="0" index="0" bw="16" slack="1"/>
<pin id="4427" dir="1" index="1" bw="16" slack="0"/>
</pin_list>
<bind>
<opcode="load(27) " fcode="load"/>
<opset="p_0_4_0_0_0121280_load/2 "/>
</bind>
</comp>

<comp id="4429" class="1004" name="p_0_3_0_0_0119282_load_load_fu_4429">
<pin_list>
<pin id="4430" dir="0" index="0" bw="16" slack="1"/>
<pin id="4431" dir="1" index="1" bw="16" slack="0"/>
</pin_list>
<bind>
<opcode="load(27) " fcode="load"/>
<opset="p_0_3_0_0_0119282_load/2 "/>
</bind>
</comp>

<comp id="4433" class="1004" name="p_0_2_0_0_0117284_load_load_fu_4433">
<pin_list>
<pin id="4434" dir="0" index="0" bw="16" slack="1"/>
<pin id="4435" dir="1" index="1" bw="16" slack="0"/>
</pin_list>
<bind>
<opcode="load(27) " fcode="load"/>
<opset="p_0_2_0_0_0117284_load/2 "/>
</bind>
</comp>

<comp id="4437" class="1004" name="p_0_1_0_0_0115286_load_load_fu_4437">
<pin_list>
<pin id="4438" dir="0" index="0" bw="16" slack="1"/>
<pin id="4439" dir="1" index="1" bw="16" slack="0"/>
</pin_list>
<bind>
<opcode="load(27) " fcode="load"/>
<opset="p_0_1_0_0_0115286_load/2 "/>
</bind>
</comp>

<comp id="4441" class="1004" name="p_0_0_0_0_0113288_load_load_fu_4441">
<pin_list>
<pin id="4442" dir="0" index="0" bw="16" slack="1"/>
<pin id="4443" dir="1" index="1" bw="16" slack="0"/>
</pin_list>
<bind>
<opcode="load(27) " fcode="load"/>
<opset="p_0_0_0_0_0113288_load/2 "/>
</bind>
</comp>

<comp id="4445" class="1004" name="p_0_7_0_0_0111290_load_load_fu_4445">
<pin_list>
<pin id="4446" dir="0" index="0" bw="16" slack="1"/>
<pin id="4447" dir="1" index="1" bw="16" slack="0"/>
</pin_list>
<bind>
<opcode="load(27) " fcode="load"/>
<opset="p_0_7_0_0_0111290_load/2 "/>
</bind>
</comp>

<comp id="4449" class="1004" name="p_0_6_0_0_0109292_load_load_fu_4449">
<pin_list>
<pin id="4450" dir="0" index="0" bw="16" slack="1"/>
<pin id="4451" dir="1" index="1" bw="16" slack="0"/>
</pin_list>
<bind>
<opcode="load(27) " fcode="load"/>
<opset="p_0_6_0_0_0109292_load/2 "/>
</bind>
</comp>

<comp id="4453" class="1004" name="p_0_5_0_0_0107294_load_load_fu_4453">
<pin_list>
<pin id="4454" dir="0" index="0" bw="16" slack="1"/>
<pin id="4455" dir="1" index="1" bw="16" slack="0"/>
</pin_list>
<bind>
<opcode="load(27) " fcode="load"/>
<opset="p_0_5_0_0_0107294_load/2 "/>
</bind>
</comp>

<comp id="4457" class="1004" name="p_0_4_0_0_0105296_load_load_fu_4457">
<pin_list>
<pin id="4458" dir="0" index="0" bw="16" slack="1"/>
<pin id="4459" dir="1" index="1" bw="16" slack="0"/>
</pin_list>
<bind>
<opcode="load(27) " fcode="load"/>
<opset="p_0_4_0_0_0105296_load/2 "/>
</bind>
</comp>

<comp id="4461" class="1004" name="p_0_3_0_0_0103298_load_load_fu_4461">
<pin_list>
<pin id="4462" dir="0" index="0" bw="16" slack="1"/>
<pin id="4463" dir="1" index="1" bw="16" slack="0"/>
</pin_list>
<bind>
<opcode="load(27) " fcode="load"/>
<opset="p_0_3_0_0_0103298_load/2 "/>
</bind>
</comp>

<comp id="4465" class="1004" name="p_0_2_0_0_0101300_load_load_fu_4465">
<pin_list>
<pin id="4466" dir="0" index="0" bw="16" slack="1"/>
<pin id="4467" dir="1" index="1" bw="16" slack="0"/>
</pin_list>
<bind>
<opcode="load(27) " fcode="load"/>
<opset="p_0_2_0_0_0101300_load/2 "/>
</bind>
</comp>

<comp id="4469" class="1004" name="p_0_1_0_0_099302_load_load_fu_4469">
<pin_list>
<pin id="4470" dir="0" index="0" bw="16" slack="1"/>
<pin id="4471" dir="1" index="1" bw="16" slack="0"/>
</pin_list>
<bind>
<opcode="load(27) " fcode="load"/>
<opset="p_0_1_0_0_099302_load/2 "/>
</bind>
</comp>

<comp id="4473" class="1004" name="p_0_0_0_0_097304_load_load_fu_4473">
<pin_list>
<pin id="4474" dir="0" index="0" bw="16" slack="1"/>
<pin id="4475" dir="1" index="1" bw="16" slack="0"/>
</pin_list>
<bind>
<opcode="load(27) " fcode="load"/>
<opset="p_0_0_0_0_097304_load/2 "/>
</bind>
</comp>

<comp id="4477" class="1004" name="p_0_7_0_0_095306_load_load_fu_4477">
<pin_list>
<pin id="4478" dir="0" index="0" bw="16" slack="1"/>
<pin id="4479" dir="1" index="1" bw="16" slack="0"/>
</pin_list>
<bind>
<opcode="load(27) " fcode="load"/>
<opset="p_0_7_0_0_095306_load/2 "/>
</bind>
</comp>

<comp id="4481" class="1004" name="p_0_6_0_0_093308_load_load_fu_4481">
<pin_list>
<pin id="4482" dir="0" index="0" bw="16" slack="1"/>
<pin id="4483" dir="1" index="1" bw="16" slack="0"/>
</pin_list>
<bind>
<opcode="load(27) " fcode="load"/>
<opset="p_0_6_0_0_093308_load/2 "/>
</bind>
</comp>

<comp id="4485" class="1004" name="p_0_5_0_0_091310_load_load_fu_4485">
<pin_list>
<pin id="4486" dir="0" index="0" bw="16" slack="1"/>
<pin id="4487" dir="1" index="1" bw="16" slack="0"/>
</pin_list>
<bind>
<opcode="load(27) " fcode="load"/>
<opset="p_0_5_0_0_091310_load/2 "/>
</bind>
</comp>

<comp id="4489" class="1004" name="p_0_4_0_0_089312_load_load_fu_4489">
<pin_list>
<pin id="4490" dir="0" index="0" bw="16" slack="1"/>
<pin id="4491" dir="1" index="1" bw="16" slack="0"/>
</pin_list>
<bind>
<opcode="load(27) " fcode="load"/>
<opset="p_0_4_0_0_089312_load/2 "/>
</bind>
</comp>

<comp id="4493" class="1004" name="p_0_3_0_0_087314_load_load_fu_4493">
<pin_list>
<pin id="4494" dir="0" index="0" bw="16" slack="1"/>
<pin id="4495" dir="1" index="1" bw="16" slack="0"/>
</pin_list>
<bind>
<opcode="load(27) " fcode="load"/>
<opset="p_0_3_0_0_087314_load/2 "/>
</bind>
</comp>

<comp id="4497" class="1004" name="p_0_2_0_0_085316_load_load_fu_4497">
<pin_list>
<pin id="4498" dir="0" index="0" bw="16" slack="1"/>
<pin id="4499" dir="1" index="1" bw="16" slack="0"/>
</pin_list>
<bind>
<opcode="load(27) " fcode="load"/>
<opset="p_0_2_0_0_085316_load/2 "/>
</bind>
</comp>

<comp id="4501" class="1004" name="p_0_1_0_0_083318_load_load_fu_4501">
<pin_list>
<pin id="4502" dir="0" index="0" bw="16" slack="1"/>
<pin id="4503" dir="1" index="1" bw="16" slack="0"/>
</pin_list>
<bind>
<opcode="load(27) " fcode="load"/>
<opset="p_0_1_0_0_083318_load/2 "/>
</bind>
</comp>

<comp id="4505" class="1004" name="p_0_0_0_0_081320_load_load_fu_4505">
<pin_list>
<pin id="4506" dir="0" index="0" bw="16" slack="1"/>
<pin id="4507" dir="1" index="1" bw="16" slack="0"/>
</pin_list>
<bind>
<opcode="load(27) " fcode="load"/>
<opset="p_0_0_0_0_081320_load/2 "/>
</bind>
</comp>

<comp id="4509" class="1004" name="p_0_7_0_0_079322_load_load_fu_4509">
<pin_list>
<pin id="4510" dir="0" index="0" bw="16" slack="1"/>
<pin id="4511" dir="1" index="1" bw="16" slack="0"/>
</pin_list>
<bind>
<opcode="load(27) " fcode="load"/>
<opset="p_0_7_0_0_079322_load/2 "/>
</bind>
</comp>

<comp id="4513" class="1004" name="p_0_6_0_0_077324_load_load_fu_4513">
<pin_list>
<pin id="4514" dir="0" index="0" bw="16" slack="1"/>
<pin id="4515" dir="1" index="1" bw="16" slack="0"/>
</pin_list>
<bind>
<opcode="load(27) " fcode="load"/>
<opset="p_0_6_0_0_077324_load/2 "/>
</bind>
</comp>

<comp id="4517" class="1004" name="p_0_5_0_0_075326_load_load_fu_4517">
<pin_list>
<pin id="4518" dir="0" index="0" bw="16" slack="1"/>
<pin id="4519" dir="1" index="1" bw="16" slack="0"/>
</pin_list>
<bind>
<opcode="load(27) " fcode="load"/>
<opset="p_0_5_0_0_075326_load/2 "/>
</bind>
</comp>

<comp id="4521" class="1004" name="p_0_4_0_0_073328_load_load_fu_4521">
<pin_list>
<pin id="4522" dir="0" index="0" bw="16" slack="1"/>
<pin id="4523" dir="1" index="1" bw="16" slack="0"/>
</pin_list>
<bind>
<opcode="load(27) " fcode="load"/>
<opset="p_0_4_0_0_073328_load/2 "/>
</bind>
</comp>

<comp id="4525" class="1004" name="p_0_3_0_0_071330_load_load_fu_4525">
<pin_list>
<pin id="4526" dir="0" index="0" bw="16" slack="1"/>
<pin id="4527" dir="1" index="1" bw="16" slack="0"/>
</pin_list>
<bind>
<opcode="load(27) " fcode="load"/>
<opset="p_0_3_0_0_071330_load/2 "/>
</bind>
</comp>

<comp id="4529" class="1004" name="p_0_2_0_0_069332_load_load_fu_4529">
<pin_list>
<pin id="4530" dir="0" index="0" bw="16" slack="1"/>
<pin id="4531" dir="1" index="1" bw="16" slack="0"/>
</pin_list>
<bind>
<opcode="load(27) " fcode="load"/>
<opset="p_0_2_0_0_069332_load/2 "/>
</bind>
</comp>

<comp id="4533" class="1004" name="p_0_1_0_0_067334_load_load_fu_4533">
<pin_list>
<pin id="4534" dir="0" index="0" bw="16" slack="1"/>
<pin id="4535" dir="1" index="1" bw="16" slack="0"/>
</pin_list>
<bind>
<opcode="load(27) " fcode="load"/>
<opset="p_0_1_0_0_067334_load/2 "/>
</bind>
</comp>

<comp id="4537" class="1004" name="p_0_0_0_0_065336_load_load_fu_4537">
<pin_list>
<pin id="4538" dir="0" index="0" bw="16" slack="1"/>
<pin id="4539" dir="1" index="1" bw="16" slack="0"/>
</pin_list>
<bind>
<opcode="load(27) " fcode="load"/>
<opset="p_0_0_0_0_065336_load/2 "/>
</bind>
</comp>

<comp id="4541" class="1004" name="p_0_7_0_0_063338_load_load_fu_4541">
<pin_list>
<pin id="4542" dir="0" index="0" bw="16" slack="1"/>
<pin id="4543" dir="1" index="1" bw="16" slack="0"/>
</pin_list>
<bind>
<opcode="load(27) " fcode="load"/>
<opset="p_0_7_0_0_063338_load/2 "/>
</bind>
</comp>

<comp id="4545" class="1004" name="p_0_6_0_0_061340_load_load_fu_4545">
<pin_list>
<pin id="4546" dir="0" index="0" bw="16" slack="1"/>
<pin id="4547" dir="1" index="1" bw="16" slack="0"/>
</pin_list>
<bind>
<opcode="load(27) " fcode="load"/>
<opset="p_0_6_0_0_061340_load/2 "/>
</bind>
</comp>

<comp id="4549" class="1004" name="p_0_5_0_0_059342_load_load_fu_4549">
<pin_list>
<pin id="4550" dir="0" index="0" bw="16" slack="1"/>
<pin id="4551" dir="1" index="1" bw="16" slack="0"/>
</pin_list>
<bind>
<opcode="load(27) " fcode="load"/>
<opset="p_0_5_0_0_059342_load/2 "/>
</bind>
</comp>

<comp id="4553" class="1004" name="p_0_4_0_0_057344_load_load_fu_4553">
<pin_list>
<pin id="4554" dir="0" index="0" bw="16" slack="1"/>
<pin id="4555" dir="1" index="1" bw="16" slack="0"/>
</pin_list>
<bind>
<opcode="load(27) " fcode="load"/>
<opset="p_0_4_0_0_057344_load/2 "/>
</bind>
</comp>

<comp id="4557" class="1004" name="p_0_3_0_0_055346_load_load_fu_4557">
<pin_list>
<pin id="4558" dir="0" index="0" bw="16" slack="1"/>
<pin id="4559" dir="1" index="1" bw="16" slack="0"/>
</pin_list>
<bind>
<opcode="load(27) " fcode="load"/>
<opset="p_0_3_0_0_055346_load/2 "/>
</bind>
</comp>

<comp id="4561" class="1004" name="p_0_2_0_0_053348_load_load_fu_4561">
<pin_list>
<pin id="4562" dir="0" index="0" bw="16" slack="1"/>
<pin id="4563" dir="1" index="1" bw="16" slack="0"/>
</pin_list>
<bind>
<opcode="load(27) " fcode="load"/>
<opset="p_0_2_0_0_053348_load/2 "/>
</bind>
</comp>

<comp id="4565" class="1004" name="p_0_1_0_0_051350_load_load_fu_4565">
<pin_list>
<pin id="4566" dir="0" index="0" bw="16" slack="1"/>
<pin id="4567" dir="1" index="1" bw="16" slack="0"/>
</pin_list>
<bind>
<opcode="load(27) " fcode="load"/>
<opset="p_0_1_0_0_051350_load/2 "/>
</bind>
</comp>

<comp id="4569" class="1004" name="p_0_0_0_0_049352_load_load_fu_4569">
<pin_list>
<pin id="4570" dir="0" index="0" bw="16" slack="1"/>
<pin id="4571" dir="1" index="1" bw="16" slack="0"/>
</pin_list>
<bind>
<opcode="load(27) " fcode="load"/>
<opset="p_0_0_0_0_049352_load/2 "/>
</bind>
</comp>

<comp id="4573" class="1004" name="p_0_7_0_0_047354_load_load_fu_4573">
<pin_list>
<pin id="4574" dir="0" index="0" bw="16" slack="1"/>
<pin id="4575" dir="1" index="1" bw="16" slack="0"/>
</pin_list>
<bind>
<opcode="load(27) " fcode="load"/>
<opset="p_0_7_0_0_047354_load/2 "/>
</bind>
</comp>

<comp id="4577" class="1004" name="p_0_6_0_0_045356_load_load_fu_4577">
<pin_list>
<pin id="4578" dir="0" index="0" bw="16" slack="1"/>
<pin id="4579" dir="1" index="1" bw="16" slack="0"/>
</pin_list>
<bind>
<opcode="load(27) " fcode="load"/>
<opset="p_0_6_0_0_045356_load/2 "/>
</bind>
</comp>

<comp id="4581" class="1004" name="p_0_5_0_0_043358_load_load_fu_4581">
<pin_list>
<pin id="4582" dir="0" index="0" bw="16" slack="1"/>
<pin id="4583" dir="1" index="1" bw="16" slack="0"/>
</pin_list>
<bind>
<opcode="load(27) " fcode="load"/>
<opset="p_0_5_0_0_043358_load/2 "/>
</bind>
</comp>

<comp id="4585" class="1004" name="p_0_4_0_0_041360_load_load_fu_4585">
<pin_list>
<pin id="4586" dir="0" index="0" bw="16" slack="1"/>
<pin id="4587" dir="1" index="1" bw="16" slack="0"/>
</pin_list>
<bind>
<opcode="load(27) " fcode="load"/>
<opset="p_0_4_0_0_041360_load/2 "/>
</bind>
</comp>

<comp id="4589" class="1004" name="p_0_3_0_0_039362_load_load_fu_4589">
<pin_list>
<pin id="4590" dir="0" index="0" bw="16" slack="1"/>
<pin id="4591" dir="1" index="1" bw="16" slack="0"/>
</pin_list>
<bind>
<opcode="load(27) " fcode="load"/>
<opset="p_0_3_0_0_039362_load/2 "/>
</bind>
</comp>

<comp id="4593" class="1004" name="p_0_2_0_0_037364_load_load_fu_4593">
<pin_list>
<pin id="4594" dir="0" index="0" bw="16" slack="1"/>
<pin id="4595" dir="1" index="1" bw="16" slack="0"/>
</pin_list>
<bind>
<opcode="load(27) " fcode="load"/>
<opset="p_0_2_0_0_037364_load/2 "/>
</bind>
</comp>

<comp id="4597" class="1004" name="p_0_1_0_0_035366_load_load_fu_4597">
<pin_list>
<pin id="4598" dir="0" index="0" bw="16" slack="1"/>
<pin id="4599" dir="1" index="1" bw="16" slack="0"/>
</pin_list>
<bind>
<opcode="load(27) " fcode="load"/>
<opset="p_0_1_0_0_035366_load/2 "/>
</bind>
</comp>

<comp id="4601" class="1004" name="p_0_0_0_0_033368_load_load_fu_4601">
<pin_list>
<pin id="4602" dir="0" index="0" bw="16" slack="1"/>
<pin id="4603" dir="1" index="1" bw="16" slack="0"/>
</pin_list>
<bind>
<opcode="load(27) " fcode="load"/>
<opset="p_0_0_0_0_033368_load/2 "/>
</bind>
</comp>

<comp id="4605" class="1004" name="p_0_7_0_0_031370_load_load_fu_4605">
<pin_list>
<pin id="4606" dir="0" index="0" bw="16" slack="1"/>
<pin id="4607" dir="1" index="1" bw="16" slack="0"/>
</pin_list>
<bind>
<opcode="load(27) " fcode="load"/>
<opset="p_0_7_0_0_031370_load/2 "/>
</bind>
</comp>

<comp id="4609" class="1004" name="p_0_6_0_0_029372_load_load_fu_4609">
<pin_list>
<pin id="4610" dir="0" index="0" bw="16" slack="1"/>
<pin id="4611" dir="1" index="1" bw="16" slack="0"/>
</pin_list>
<bind>
<opcode="load(27) " fcode="load"/>
<opset="p_0_6_0_0_029372_load/2 "/>
</bind>
</comp>

<comp id="4613" class="1004" name="p_0_5_0_0_027374_load_load_fu_4613">
<pin_list>
<pin id="4614" dir="0" index="0" bw="16" slack="1"/>
<pin id="4615" dir="1" index="1" bw="16" slack="0"/>
</pin_list>
<bind>
<opcode="load(27) " fcode="load"/>
<opset="p_0_5_0_0_027374_load/2 "/>
</bind>
</comp>

<comp id="4617" class="1004" name="p_0_4_0_0_025376_load_load_fu_4617">
<pin_list>
<pin id="4618" dir="0" index="0" bw="16" slack="1"/>
<pin id="4619" dir="1" index="1" bw="16" slack="0"/>
</pin_list>
<bind>
<opcode="load(27) " fcode="load"/>
<opset="p_0_4_0_0_025376_load/2 "/>
</bind>
</comp>

<comp id="4621" class="1004" name="p_0_3_0_0_023378_load_load_fu_4621">
<pin_list>
<pin id="4622" dir="0" index="0" bw="16" slack="1"/>
<pin id="4623" dir="1" index="1" bw="16" slack="0"/>
</pin_list>
<bind>
<opcode="load(27) " fcode="load"/>
<opset="p_0_3_0_0_023378_load/2 "/>
</bind>
</comp>

<comp id="4625" class="1004" name="p_0_2_0_0_021380_load_load_fu_4625">
<pin_list>
<pin id="4626" dir="0" index="0" bw="16" slack="1"/>
<pin id="4627" dir="1" index="1" bw="16" slack="0"/>
</pin_list>
<bind>
<opcode="load(27) " fcode="load"/>
<opset="p_0_2_0_0_021380_load/2 "/>
</bind>
</comp>

<comp id="4629" class="1004" name="p_0_1_0_0_019382_load_load_fu_4629">
<pin_list>
<pin id="4630" dir="0" index="0" bw="16" slack="1"/>
<pin id="4631" dir="1" index="1" bw="16" slack="0"/>
</pin_list>
<bind>
<opcode="load(27) " fcode="load"/>
<opset="p_0_1_0_0_019382_load/2 "/>
</bind>
</comp>

<comp id="4633" class="1004" name="p_0_0_0_0_017384_load_load_fu_4633">
<pin_list>
<pin id="4634" dir="0" index="0" bw="16" slack="1"/>
<pin id="4635" dir="1" index="1" bw="16" slack="0"/>
</pin_list>
<bind>
<opcode="load(27) " fcode="load"/>
<opset="p_0_0_0_0_017384_load/2 "/>
</bind>
</comp>

<comp id="4637" class="1004" name="p_0_7_0_0_015386_load_load_fu_4637">
<pin_list>
<pin id="4638" dir="0" index="0" bw="16" slack="1"/>
<pin id="4639" dir="1" index="1" bw="16" slack="0"/>
</pin_list>
<bind>
<opcode="load(27) " fcode="load"/>
<opset="p_0_7_0_0_015386_load/2 "/>
</bind>
</comp>

<comp id="4641" class="1004" name="p_0_6_0_0_013388_load_load_fu_4641">
<pin_list>
<pin id="4642" dir="0" index="0" bw="16" slack="1"/>
<pin id="4643" dir="1" index="1" bw="16" slack="0"/>
</pin_list>
<bind>
<opcode="load(27) " fcode="load"/>
<opset="p_0_6_0_0_013388_load/2 "/>
</bind>
</comp>

<comp id="4645" class="1004" name="p_0_5_0_0_011390_load_load_fu_4645">
<pin_list>
<pin id="4646" dir="0" index="0" bw="16" slack="1"/>
<pin id="4647" dir="1" index="1" bw="16" slack="0"/>
</pin_list>
<bind>
<opcode="load(27) " fcode="load"/>
<opset="p_0_5_0_0_011390_load/2 "/>
</bind>
</comp>

<comp id="4649" class="1004" name="p_0_4_0_0_09392_load_load_fu_4649">
<pin_list>
<pin id="4650" dir="0" index="0" bw="16" slack="1"/>
<pin id="4651" dir="1" index="1" bw="16" slack="0"/>
</pin_list>
<bind>
<opcode="load(27) " fcode="load"/>
<opset="p_0_4_0_0_09392_load/2 "/>
</bind>
</comp>

<comp id="4653" class="1004" name="p_0_3_0_0_07394_load_load_fu_4653">
<pin_list>
<pin id="4654" dir="0" index="0" bw="16" slack="1"/>
<pin id="4655" dir="1" index="1" bw="16" slack="0"/>
</pin_list>
<bind>
<opcode="load(27) " fcode="load"/>
<opset="p_0_3_0_0_07394_load/2 "/>
</bind>
</comp>

<comp id="4657" class="1004" name="p_0_2_0_0_05396_load_load_fu_4657">
<pin_list>
<pin id="4658" dir="0" index="0" bw="16" slack="1"/>
<pin id="4659" dir="1" index="1" bw="16" slack="0"/>
</pin_list>
<bind>
<opcode="load(27) " fcode="load"/>
<opset="p_0_2_0_0_05396_load/2 "/>
</bind>
</comp>

<comp id="4661" class="1004" name="p_0_1_0_0_03398_load_load_fu_4661">
<pin_list>
<pin id="4662" dir="0" index="0" bw="16" slack="1"/>
<pin id="4663" dir="1" index="1" bw="16" slack="0"/>
</pin_list>
<bind>
<opcode="load(27) " fcode="load"/>
<opset="p_0_1_0_0_03398_load/2 "/>
</bind>
</comp>

<comp id="4665" class="1004" name="p_0_0_0_0_01400_load_load_fu_4665">
<pin_list>
<pin id="4666" dir="0" index="0" bw="16" slack="1"/>
<pin id="4667" dir="1" index="1" bw="16" slack="0"/>
</pin_list>
<bind>
<opcode="load(27) " fcode="load"/>
<opset="p_0_0_0_0_01400_load/2 "/>
</bind>
</comp>

<comp id="4669" class="1005" name="i_in_reg_4669">
<pin_list>
<pin id="4670" dir="0" index="0" bw="5" slack="0"/>
<pin id="4671" dir="1" index="1" bw="5" slack="0"/>
</pin_list>
<bind>
<opset="i_in "/>
</bind>
</comp>

<comp id="4676" class="1005" name="p_0_7_0_0_03992_reg_4676">
<pin_list>
<pin id="4677" dir="0" index="0" bw="16" slack="1"/>
<pin id="4678" dir="1" index="1" bw="16" slack="1"/>
</pin_list>
<bind>
<opset="p_0_7_0_0_03992 "/>
</bind>
</comp>

<comp id="4682" class="1005" name="p_0_6_0_0_03974_reg_4682">
<pin_list>
<pin id="4683" dir="0" index="0" bw="16" slack="1"/>
<pin id="4684" dir="1" index="1" bw="16" slack="1"/>
</pin_list>
<bind>
<opset="p_0_6_0_0_03974 "/>
</bind>
</comp>

<comp id="4688" class="1005" name="p_0_5_0_0_03956_reg_4688">
<pin_list>
<pin id="4689" dir="0" index="0" bw="16" slack="1"/>
<pin id="4690" dir="1" index="1" bw="16" slack="1"/>
</pin_list>
<bind>
<opset="p_0_5_0_0_03956 "/>
</bind>
</comp>

<comp id="4694" class="1005" name="p_0_4_0_0_03938_reg_4694">
<pin_list>
<pin id="4695" dir="0" index="0" bw="16" slack="1"/>
<pin id="4696" dir="1" index="1" bw="16" slack="1"/>
</pin_list>
<bind>
<opset="p_0_4_0_0_03938 "/>
</bind>
</comp>

<comp id="4700" class="1005" name="p_0_3_0_0_039110_reg_4700">
<pin_list>
<pin id="4701" dir="0" index="0" bw="16" slack="1"/>
<pin id="4702" dir="1" index="1" bw="16" slack="1"/>
</pin_list>
<bind>
<opset="p_0_3_0_0_039110 "/>
</bind>
</comp>

<comp id="4706" class="1005" name="p_0_2_0_0_038912_reg_4706">
<pin_list>
<pin id="4707" dir="0" index="0" bw="16" slack="1"/>
<pin id="4708" dir="1" index="1" bw="16" slack="1"/>
</pin_list>
<bind>
<opset="p_0_2_0_0_038912 "/>
</bind>
</comp>

<comp id="4712" class="1005" name="p_0_1_0_0_038714_reg_4712">
<pin_list>
<pin id="4713" dir="0" index="0" bw="16" slack="1"/>
<pin id="4714" dir="1" index="1" bw="16" slack="1"/>
</pin_list>
<bind>
<opset="p_0_1_0_0_038714 "/>
</bind>
</comp>

<comp id="4718" class="1005" name="p_0_0_0_0_038516_reg_4718">
<pin_list>
<pin id="4719" dir="0" index="0" bw="16" slack="1"/>
<pin id="4720" dir="1" index="1" bw="16" slack="1"/>
</pin_list>
<bind>
<opset="p_0_0_0_0_038516 "/>
</bind>
</comp>

<comp id="4724" class="1005" name="p_0_7_0_0_038318_reg_4724">
<pin_list>
<pin id="4725" dir="0" index="0" bw="16" slack="1"/>
<pin id="4726" dir="1" index="1" bw="16" slack="1"/>
</pin_list>
<bind>
<opset="p_0_7_0_0_038318 "/>
</bind>
</comp>

<comp id="4730" class="1005" name="p_0_6_0_0_038120_reg_4730">
<pin_list>
<pin id="4731" dir="0" index="0" bw="16" slack="1"/>
<pin id="4732" dir="1" index="1" bw="16" slack="1"/>
</pin_list>
<bind>
<opset="p_0_6_0_0_038120 "/>
</bind>
</comp>

<comp id="4736" class="1005" name="p_0_5_0_0_037922_reg_4736">
<pin_list>
<pin id="4737" dir="0" index="0" bw="16" slack="1"/>
<pin id="4738" dir="1" index="1" bw="16" slack="1"/>
</pin_list>
<bind>
<opset="p_0_5_0_0_037922 "/>
</bind>
</comp>

<comp id="4742" class="1005" name="p_0_4_0_0_037724_reg_4742">
<pin_list>
<pin id="4743" dir="0" index="0" bw="16" slack="1"/>
<pin id="4744" dir="1" index="1" bw="16" slack="1"/>
</pin_list>
<bind>
<opset="p_0_4_0_0_037724 "/>
</bind>
</comp>

<comp id="4748" class="1005" name="p_0_3_0_0_037526_reg_4748">
<pin_list>
<pin id="4749" dir="0" index="0" bw="16" slack="1"/>
<pin id="4750" dir="1" index="1" bw="16" slack="1"/>
</pin_list>
<bind>
<opset="p_0_3_0_0_037526 "/>
</bind>
</comp>

<comp id="4754" class="1005" name="p_0_2_0_0_037328_reg_4754">
<pin_list>
<pin id="4755" dir="0" index="0" bw="16" slack="1"/>
<pin id="4756" dir="1" index="1" bw="16" slack="1"/>
</pin_list>
<bind>
<opset="p_0_2_0_0_037328 "/>
</bind>
</comp>

<comp id="4760" class="1005" name="p_0_1_0_0_037130_reg_4760">
<pin_list>
<pin id="4761" dir="0" index="0" bw="16" slack="1"/>
<pin id="4762" dir="1" index="1" bw="16" slack="1"/>
</pin_list>
<bind>
<opset="p_0_1_0_0_037130 "/>
</bind>
</comp>

<comp id="4766" class="1005" name="p_0_0_0_0_036932_reg_4766">
<pin_list>
<pin id="4767" dir="0" index="0" bw="16" slack="1"/>
<pin id="4768" dir="1" index="1" bw="16" slack="1"/>
</pin_list>
<bind>
<opset="p_0_0_0_0_036932 "/>
</bind>
</comp>

<comp id="4772" class="1005" name="p_0_7_0_0_036734_reg_4772">
<pin_list>
<pin id="4773" dir="0" index="0" bw="16" slack="1"/>
<pin id="4774" dir="1" index="1" bw="16" slack="1"/>
</pin_list>
<bind>
<opset="p_0_7_0_0_036734 "/>
</bind>
</comp>

<comp id="4778" class="1005" name="p_0_6_0_0_036536_reg_4778">
<pin_list>
<pin id="4779" dir="0" index="0" bw="16" slack="1"/>
<pin id="4780" dir="1" index="1" bw="16" slack="1"/>
</pin_list>
<bind>
<opset="p_0_6_0_0_036536 "/>
</bind>
</comp>

<comp id="4784" class="1005" name="p_0_5_0_0_036338_reg_4784">
<pin_list>
<pin id="4785" dir="0" index="0" bw="16" slack="1"/>
<pin id="4786" dir="1" index="1" bw="16" slack="1"/>
</pin_list>
<bind>
<opset="p_0_5_0_0_036338 "/>
</bind>
</comp>

<comp id="4790" class="1005" name="p_0_4_0_0_036140_reg_4790">
<pin_list>
<pin id="4791" dir="0" index="0" bw="16" slack="1"/>
<pin id="4792" dir="1" index="1" bw="16" slack="1"/>
</pin_list>
<bind>
<opset="p_0_4_0_0_036140 "/>
</bind>
</comp>

<comp id="4796" class="1005" name="p_0_3_0_0_035942_reg_4796">
<pin_list>
<pin id="4797" dir="0" index="0" bw="16" slack="1"/>
<pin id="4798" dir="1" index="1" bw="16" slack="1"/>
</pin_list>
<bind>
<opset="p_0_3_0_0_035942 "/>
</bind>
</comp>

<comp id="4802" class="1005" name="p_0_2_0_0_035744_reg_4802">
<pin_list>
<pin id="4803" dir="0" index="0" bw="16" slack="1"/>
<pin id="4804" dir="1" index="1" bw="16" slack="1"/>
</pin_list>
<bind>
<opset="p_0_2_0_0_035744 "/>
</bind>
</comp>

<comp id="4808" class="1005" name="p_0_1_0_0_035546_reg_4808">
<pin_list>
<pin id="4809" dir="0" index="0" bw="16" slack="1"/>
<pin id="4810" dir="1" index="1" bw="16" slack="1"/>
</pin_list>
<bind>
<opset="p_0_1_0_0_035546 "/>
</bind>
</comp>

<comp id="4814" class="1005" name="p_0_0_0_0_035348_reg_4814">
<pin_list>
<pin id="4815" dir="0" index="0" bw="16" slack="1"/>
<pin id="4816" dir="1" index="1" bw="16" slack="1"/>
</pin_list>
<bind>
<opset="p_0_0_0_0_035348 "/>
</bind>
</comp>

<comp id="4820" class="1005" name="p_0_7_0_0_035150_reg_4820">
<pin_list>
<pin id="4821" dir="0" index="0" bw="16" slack="1"/>
<pin id="4822" dir="1" index="1" bw="16" slack="1"/>
</pin_list>
<bind>
<opset="p_0_7_0_0_035150 "/>
</bind>
</comp>

<comp id="4826" class="1005" name="p_0_6_0_0_034952_reg_4826">
<pin_list>
<pin id="4827" dir="0" index="0" bw="16" slack="1"/>
<pin id="4828" dir="1" index="1" bw="16" slack="1"/>
</pin_list>
<bind>
<opset="p_0_6_0_0_034952 "/>
</bind>
</comp>

<comp id="4832" class="1005" name="p_0_5_0_0_034754_reg_4832">
<pin_list>
<pin id="4833" dir="0" index="0" bw="16" slack="1"/>
<pin id="4834" dir="1" index="1" bw="16" slack="1"/>
</pin_list>
<bind>
<opset="p_0_5_0_0_034754 "/>
</bind>
</comp>

<comp id="4838" class="1005" name="p_0_4_0_0_034556_reg_4838">
<pin_list>
<pin id="4839" dir="0" index="0" bw="16" slack="1"/>
<pin id="4840" dir="1" index="1" bw="16" slack="1"/>
</pin_list>
<bind>
<opset="p_0_4_0_0_034556 "/>
</bind>
</comp>

<comp id="4844" class="1005" name="p_0_3_0_0_034358_reg_4844">
<pin_list>
<pin id="4845" dir="0" index="0" bw="16" slack="1"/>
<pin id="4846" dir="1" index="1" bw="16" slack="1"/>
</pin_list>
<bind>
<opset="p_0_3_0_0_034358 "/>
</bind>
</comp>

<comp id="4850" class="1005" name="p_0_2_0_0_034160_reg_4850">
<pin_list>
<pin id="4851" dir="0" index="0" bw="16" slack="1"/>
<pin id="4852" dir="1" index="1" bw="16" slack="1"/>
</pin_list>
<bind>
<opset="p_0_2_0_0_034160 "/>
</bind>
</comp>

<comp id="4856" class="1005" name="p_0_1_0_0_033962_reg_4856">
<pin_list>
<pin id="4857" dir="0" index="0" bw="16" slack="1"/>
<pin id="4858" dir="1" index="1" bw="16" slack="1"/>
</pin_list>
<bind>
<opset="p_0_1_0_0_033962 "/>
</bind>
</comp>

<comp id="4862" class="1005" name="p_0_0_0_0_033764_reg_4862">
<pin_list>
<pin id="4863" dir="0" index="0" bw="16" slack="1"/>
<pin id="4864" dir="1" index="1" bw="16" slack="1"/>
</pin_list>
<bind>
<opset="p_0_0_0_0_033764 "/>
</bind>
</comp>

<comp id="4868" class="1005" name="p_0_7_0_0_033566_reg_4868">
<pin_list>
<pin id="4869" dir="0" index="0" bw="16" slack="1"/>
<pin id="4870" dir="1" index="1" bw="16" slack="1"/>
</pin_list>
<bind>
<opset="p_0_7_0_0_033566 "/>
</bind>
</comp>

<comp id="4874" class="1005" name="p_0_6_0_0_033368_reg_4874">
<pin_list>
<pin id="4875" dir="0" index="0" bw="16" slack="1"/>
<pin id="4876" dir="1" index="1" bw="16" slack="1"/>
</pin_list>
<bind>
<opset="p_0_6_0_0_033368 "/>
</bind>
</comp>

<comp id="4880" class="1005" name="p_0_5_0_0_033170_reg_4880">
<pin_list>
<pin id="4881" dir="0" index="0" bw="16" slack="1"/>
<pin id="4882" dir="1" index="1" bw="16" slack="1"/>
</pin_list>
<bind>
<opset="p_0_5_0_0_033170 "/>
</bind>
</comp>

<comp id="4886" class="1005" name="p_0_4_0_0_032972_reg_4886">
<pin_list>
<pin id="4887" dir="0" index="0" bw="16" slack="1"/>
<pin id="4888" dir="1" index="1" bw="16" slack="1"/>
</pin_list>
<bind>
<opset="p_0_4_0_0_032972 "/>
</bind>
</comp>

<comp id="4892" class="1005" name="p_0_3_0_0_032774_reg_4892">
<pin_list>
<pin id="4893" dir="0" index="0" bw="16" slack="1"/>
<pin id="4894" dir="1" index="1" bw="16" slack="1"/>
</pin_list>
<bind>
<opset="p_0_3_0_0_032774 "/>
</bind>
</comp>

<comp id="4898" class="1005" name="p_0_2_0_0_032576_reg_4898">
<pin_list>
<pin id="4899" dir="0" index="0" bw="16" slack="1"/>
<pin id="4900" dir="1" index="1" bw="16" slack="1"/>
</pin_list>
<bind>
<opset="p_0_2_0_0_032576 "/>
</bind>
</comp>

<comp id="4904" class="1005" name="p_0_1_0_0_032378_reg_4904">
<pin_list>
<pin id="4905" dir="0" index="0" bw="16" slack="1"/>
<pin id="4906" dir="1" index="1" bw="16" slack="1"/>
</pin_list>
<bind>
<opset="p_0_1_0_0_032378 "/>
</bind>
</comp>

<comp id="4910" class="1005" name="p_0_0_0_0_032180_reg_4910">
<pin_list>
<pin id="4911" dir="0" index="0" bw="16" slack="1"/>
<pin id="4912" dir="1" index="1" bw="16" slack="1"/>
</pin_list>
<bind>
<opset="p_0_0_0_0_032180 "/>
</bind>
</comp>

<comp id="4916" class="1005" name="p_0_7_0_0_031982_reg_4916">
<pin_list>
<pin id="4917" dir="0" index="0" bw="16" slack="1"/>
<pin id="4918" dir="1" index="1" bw="16" slack="1"/>
</pin_list>
<bind>
<opset="p_0_7_0_0_031982 "/>
</bind>
</comp>

<comp id="4922" class="1005" name="p_0_6_0_0_031784_reg_4922">
<pin_list>
<pin id="4923" dir="0" index="0" bw="16" slack="1"/>
<pin id="4924" dir="1" index="1" bw="16" slack="1"/>
</pin_list>
<bind>
<opset="p_0_6_0_0_031784 "/>
</bind>
</comp>

<comp id="4928" class="1005" name="p_0_5_0_0_031586_reg_4928">
<pin_list>
<pin id="4929" dir="0" index="0" bw="16" slack="1"/>
<pin id="4930" dir="1" index="1" bw="16" slack="1"/>
</pin_list>
<bind>
<opset="p_0_5_0_0_031586 "/>
</bind>
</comp>

<comp id="4934" class="1005" name="p_0_4_0_0_031388_reg_4934">
<pin_list>
<pin id="4935" dir="0" index="0" bw="16" slack="1"/>
<pin id="4936" dir="1" index="1" bw="16" slack="1"/>
</pin_list>
<bind>
<opset="p_0_4_0_0_031388 "/>
</bind>
</comp>

<comp id="4940" class="1005" name="p_0_3_0_0_031190_reg_4940">
<pin_list>
<pin id="4941" dir="0" index="0" bw="16" slack="1"/>
<pin id="4942" dir="1" index="1" bw="16" slack="1"/>
</pin_list>
<bind>
<opset="p_0_3_0_0_031190 "/>
</bind>
</comp>

<comp id="4946" class="1005" name="p_0_2_0_0_030992_reg_4946">
<pin_list>
<pin id="4947" dir="0" index="0" bw="16" slack="1"/>
<pin id="4948" dir="1" index="1" bw="16" slack="1"/>
</pin_list>
<bind>
<opset="p_0_2_0_0_030992 "/>
</bind>
</comp>

<comp id="4952" class="1005" name="p_0_1_0_0_030794_reg_4952">
<pin_list>
<pin id="4953" dir="0" index="0" bw="16" slack="1"/>
<pin id="4954" dir="1" index="1" bw="16" slack="1"/>
</pin_list>
<bind>
<opset="p_0_1_0_0_030794 "/>
</bind>
</comp>

<comp id="4958" class="1005" name="p_0_0_0_0_030596_reg_4958">
<pin_list>
<pin id="4959" dir="0" index="0" bw="16" slack="1"/>
<pin id="4960" dir="1" index="1" bw="16" slack="1"/>
</pin_list>
<bind>
<opset="p_0_0_0_0_030596 "/>
</bind>
</comp>

<comp id="4964" class="1005" name="p_0_7_0_0_030398_reg_4964">
<pin_list>
<pin id="4965" dir="0" index="0" bw="16" slack="1"/>
<pin id="4966" dir="1" index="1" bw="16" slack="1"/>
</pin_list>
<bind>
<opset="p_0_7_0_0_030398 "/>
</bind>
</comp>

<comp id="4970" class="1005" name="p_0_6_0_0_0301100_reg_4970">
<pin_list>
<pin id="4971" dir="0" index="0" bw="16" slack="1"/>
<pin id="4972" dir="1" index="1" bw="16" slack="1"/>
</pin_list>
<bind>
<opset="p_0_6_0_0_0301100 "/>
</bind>
</comp>

<comp id="4976" class="1005" name="p_0_5_0_0_0299102_reg_4976">
<pin_list>
<pin id="4977" dir="0" index="0" bw="16" slack="1"/>
<pin id="4978" dir="1" index="1" bw="16" slack="1"/>
</pin_list>
<bind>
<opset="p_0_5_0_0_0299102 "/>
</bind>
</comp>

<comp id="4982" class="1005" name="p_0_4_0_0_0297104_reg_4982">
<pin_list>
<pin id="4983" dir="0" index="0" bw="16" slack="1"/>
<pin id="4984" dir="1" index="1" bw="16" slack="1"/>
</pin_list>
<bind>
<opset="p_0_4_0_0_0297104 "/>
</bind>
</comp>

<comp id="4988" class="1005" name="p_0_3_0_0_0295106_reg_4988">
<pin_list>
<pin id="4989" dir="0" index="0" bw="16" slack="1"/>
<pin id="4990" dir="1" index="1" bw="16" slack="1"/>
</pin_list>
<bind>
<opset="p_0_3_0_0_0295106 "/>
</bind>
</comp>

<comp id="4994" class="1005" name="p_0_2_0_0_0293108_reg_4994">
<pin_list>
<pin id="4995" dir="0" index="0" bw="16" slack="1"/>
<pin id="4996" dir="1" index="1" bw="16" slack="1"/>
</pin_list>
<bind>
<opset="p_0_2_0_0_0293108 "/>
</bind>
</comp>

<comp id="5000" class="1005" name="p_0_1_0_0_0291110_reg_5000">
<pin_list>
<pin id="5001" dir="0" index="0" bw="16" slack="1"/>
<pin id="5002" dir="1" index="1" bw="16" slack="1"/>
</pin_list>
<bind>
<opset="p_0_1_0_0_0291110 "/>
</bind>
</comp>

<comp id="5006" class="1005" name="p_0_0_0_0_0289112_reg_5006">
<pin_list>
<pin id="5007" dir="0" index="0" bw="16" slack="1"/>
<pin id="5008" dir="1" index="1" bw="16" slack="1"/>
</pin_list>
<bind>
<opset="p_0_0_0_0_0289112 "/>
</bind>
</comp>

<comp id="5012" class="1005" name="p_0_7_0_0_0287114_reg_5012">
<pin_list>
<pin id="5013" dir="0" index="0" bw="16" slack="1"/>
<pin id="5014" dir="1" index="1" bw="16" slack="1"/>
</pin_list>
<bind>
<opset="p_0_7_0_0_0287114 "/>
</bind>
</comp>

<comp id="5018" class="1005" name="p_0_6_0_0_0285116_reg_5018">
<pin_list>
<pin id="5019" dir="0" index="0" bw="16" slack="1"/>
<pin id="5020" dir="1" index="1" bw="16" slack="1"/>
</pin_list>
<bind>
<opset="p_0_6_0_0_0285116 "/>
</bind>
</comp>

<comp id="5024" class="1005" name="p_0_5_0_0_0283118_reg_5024">
<pin_list>
<pin id="5025" dir="0" index="0" bw="16" slack="1"/>
<pin id="5026" dir="1" index="1" bw="16" slack="1"/>
</pin_list>
<bind>
<opset="p_0_5_0_0_0283118 "/>
</bind>
</comp>

<comp id="5030" class="1005" name="p_0_4_0_0_0281120_reg_5030">
<pin_list>
<pin id="5031" dir="0" index="0" bw="16" slack="1"/>
<pin id="5032" dir="1" index="1" bw="16" slack="1"/>
</pin_list>
<bind>
<opset="p_0_4_0_0_0281120 "/>
</bind>
</comp>

<comp id="5036" class="1005" name="p_0_3_0_0_0279122_reg_5036">
<pin_list>
<pin id="5037" dir="0" index="0" bw="16" slack="1"/>
<pin id="5038" dir="1" index="1" bw="16" slack="1"/>
</pin_list>
<bind>
<opset="p_0_3_0_0_0279122 "/>
</bind>
</comp>

<comp id="5042" class="1005" name="p_0_2_0_0_0277124_reg_5042">
<pin_list>
<pin id="5043" dir="0" index="0" bw="16" slack="1"/>
<pin id="5044" dir="1" index="1" bw="16" slack="1"/>
</pin_list>
<bind>
<opset="p_0_2_0_0_0277124 "/>
</bind>
</comp>

<comp id="5048" class="1005" name="p_0_1_0_0_0275126_reg_5048">
<pin_list>
<pin id="5049" dir="0" index="0" bw="16" slack="1"/>
<pin id="5050" dir="1" index="1" bw="16" slack="1"/>
</pin_list>
<bind>
<opset="p_0_1_0_0_0275126 "/>
</bind>
</comp>

<comp id="5054" class="1005" name="p_0_0_0_0_0273128_reg_5054">
<pin_list>
<pin id="5055" dir="0" index="0" bw="16" slack="1"/>
<pin id="5056" dir="1" index="1" bw="16" slack="1"/>
</pin_list>
<bind>
<opset="p_0_0_0_0_0273128 "/>
</bind>
</comp>

<comp id="5060" class="1005" name="p_0_7_0_0_0271130_reg_5060">
<pin_list>
<pin id="5061" dir="0" index="0" bw="16" slack="1"/>
<pin id="5062" dir="1" index="1" bw="16" slack="1"/>
</pin_list>
<bind>
<opset="p_0_7_0_0_0271130 "/>
</bind>
</comp>

<comp id="5066" class="1005" name="p_0_6_0_0_0269132_reg_5066">
<pin_list>
<pin id="5067" dir="0" index="0" bw="16" slack="1"/>
<pin id="5068" dir="1" index="1" bw="16" slack="1"/>
</pin_list>
<bind>
<opset="p_0_6_0_0_0269132 "/>
</bind>
</comp>

<comp id="5072" class="1005" name="p_0_5_0_0_0267134_reg_5072">
<pin_list>
<pin id="5073" dir="0" index="0" bw="16" slack="1"/>
<pin id="5074" dir="1" index="1" bw="16" slack="1"/>
</pin_list>
<bind>
<opset="p_0_5_0_0_0267134 "/>
</bind>
</comp>

<comp id="5078" class="1005" name="p_0_4_0_0_0265136_reg_5078">
<pin_list>
<pin id="5079" dir="0" index="0" bw="16" slack="1"/>
<pin id="5080" dir="1" index="1" bw="16" slack="1"/>
</pin_list>
<bind>
<opset="p_0_4_0_0_0265136 "/>
</bind>
</comp>

<comp id="5084" class="1005" name="p_0_3_0_0_0263138_reg_5084">
<pin_list>
<pin id="5085" dir="0" index="0" bw="16" slack="1"/>
<pin id="5086" dir="1" index="1" bw="16" slack="1"/>
</pin_list>
<bind>
<opset="p_0_3_0_0_0263138 "/>
</bind>
</comp>

<comp id="5090" class="1005" name="p_0_2_0_0_0261140_reg_5090">
<pin_list>
<pin id="5091" dir="0" index="0" bw="16" slack="1"/>
<pin id="5092" dir="1" index="1" bw="16" slack="1"/>
</pin_list>
<bind>
<opset="p_0_2_0_0_0261140 "/>
</bind>
</comp>

<comp id="5096" class="1005" name="p_0_1_0_0_0259142_reg_5096">
<pin_list>
<pin id="5097" dir="0" index="0" bw="16" slack="1"/>
<pin id="5098" dir="1" index="1" bw="16" slack="1"/>
</pin_list>
<bind>
<opset="p_0_1_0_0_0259142 "/>
</bind>
</comp>

<comp id="5102" class="1005" name="p_0_0_0_0_0257144_reg_5102">
<pin_list>
<pin id="5103" dir="0" index="0" bw="16" slack="1"/>
<pin id="5104" dir="1" index="1" bw="16" slack="1"/>
</pin_list>
<bind>
<opset="p_0_0_0_0_0257144 "/>
</bind>
</comp>

<comp id="5108" class="1005" name="p_0_7_0_0_0255146_reg_5108">
<pin_list>
<pin id="5109" dir="0" index="0" bw="16" slack="1"/>
<pin id="5110" dir="1" index="1" bw="16" slack="1"/>
</pin_list>
<bind>
<opset="p_0_7_0_0_0255146 "/>
</bind>
</comp>

<comp id="5114" class="1005" name="p_0_6_0_0_0253148_reg_5114">
<pin_list>
<pin id="5115" dir="0" index="0" bw="16" slack="1"/>
<pin id="5116" dir="1" index="1" bw="16" slack="1"/>
</pin_list>
<bind>
<opset="p_0_6_0_0_0253148 "/>
</bind>
</comp>

<comp id="5120" class="1005" name="p_0_5_0_0_0251150_reg_5120">
<pin_list>
<pin id="5121" dir="0" index="0" bw="16" slack="1"/>
<pin id="5122" dir="1" index="1" bw="16" slack="1"/>
</pin_list>
<bind>
<opset="p_0_5_0_0_0251150 "/>
</bind>
</comp>

<comp id="5126" class="1005" name="p_0_4_0_0_0249152_reg_5126">
<pin_list>
<pin id="5127" dir="0" index="0" bw="16" slack="1"/>
<pin id="5128" dir="1" index="1" bw="16" slack="1"/>
</pin_list>
<bind>
<opset="p_0_4_0_0_0249152 "/>
</bind>
</comp>

<comp id="5132" class="1005" name="p_0_3_0_0_0247154_reg_5132">
<pin_list>
<pin id="5133" dir="0" index="0" bw="16" slack="1"/>
<pin id="5134" dir="1" index="1" bw="16" slack="1"/>
</pin_list>
<bind>
<opset="p_0_3_0_0_0247154 "/>
</bind>
</comp>

<comp id="5138" class="1005" name="p_0_2_0_0_0245156_reg_5138">
<pin_list>
<pin id="5139" dir="0" index="0" bw="16" slack="1"/>
<pin id="5140" dir="1" index="1" bw="16" slack="1"/>
</pin_list>
<bind>
<opset="p_0_2_0_0_0245156 "/>
</bind>
</comp>

<comp id="5144" class="1005" name="p_0_1_0_0_0243158_reg_5144">
<pin_list>
<pin id="5145" dir="0" index="0" bw="16" slack="1"/>
<pin id="5146" dir="1" index="1" bw="16" slack="1"/>
</pin_list>
<bind>
<opset="p_0_1_0_0_0243158 "/>
</bind>
</comp>

<comp id="5150" class="1005" name="p_0_0_0_0_0241160_reg_5150">
<pin_list>
<pin id="5151" dir="0" index="0" bw="16" slack="1"/>
<pin id="5152" dir="1" index="1" bw="16" slack="1"/>
</pin_list>
<bind>
<opset="p_0_0_0_0_0241160 "/>
</bind>
</comp>

<comp id="5156" class="1005" name="p_0_7_0_0_0239162_reg_5156">
<pin_list>
<pin id="5157" dir="0" index="0" bw="16" slack="1"/>
<pin id="5158" dir="1" index="1" bw="16" slack="1"/>
</pin_list>
<bind>
<opset="p_0_7_0_0_0239162 "/>
</bind>
</comp>

<comp id="5162" class="1005" name="p_0_6_0_0_0237164_reg_5162">
<pin_list>
<pin id="5163" dir="0" index="0" bw="16" slack="1"/>
<pin id="5164" dir="1" index="1" bw="16" slack="1"/>
</pin_list>
<bind>
<opset="p_0_6_0_0_0237164 "/>
</bind>
</comp>

<comp id="5168" class="1005" name="p_0_5_0_0_0235166_reg_5168">
<pin_list>
<pin id="5169" dir="0" index="0" bw="16" slack="1"/>
<pin id="5170" dir="1" index="1" bw="16" slack="1"/>
</pin_list>
<bind>
<opset="p_0_5_0_0_0235166 "/>
</bind>
</comp>

<comp id="5174" class="1005" name="p_0_4_0_0_0233168_reg_5174">
<pin_list>
<pin id="5175" dir="0" index="0" bw="16" slack="1"/>
<pin id="5176" dir="1" index="1" bw="16" slack="1"/>
</pin_list>
<bind>
<opset="p_0_4_0_0_0233168 "/>
</bind>
</comp>

<comp id="5180" class="1005" name="p_0_3_0_0_0231170_reg_5180">
<pin_list>
<pin id="5181" dir="0" index="0" bw="16" slack="1"/>
<pin id="5182" dir="1" index="1" bw="16" slack="1"/>
</pin_list>
<bind>
<opset="p_0_3_0_0_0231170 "/>
</bind>
</comp>

<comp id="5186" class="1005" name="p_0_2_0_0_0229172_reg_5186">
<pin_list>
<pin id="5187" dir="0" index="0" bw="16" slack="1"/>
<pin id="5188" dir="1" index="1" bw="16" slack="1"/>
</pin_list>
<bind>
<opset="p_0_2_0_0_0229172 "/>
</bind>
</comp>

<comp id="5192" class="1005" name="p_0_1_0_0_0227174_reg_5192">
<pin_list>
<pin id="5193" dir="0" index="0" bw="16" slack="1"/>
<pin id="5194" dir="1" index="1" bw="16" slack="1"/>
</pin_list>
<bind>
<opset="p_0_1_0_0_0227174 "/>
</bind>
</comp>

<comp id="5198" class="1005" name="p_0_0_0_0_0225176_reg_5198">
<pin_list>
<pin id="5199" dir="0" index="0" bw="16" slack="1"/>
<pin id="5200" dir="1" index="1" bw="16" slack="1"/>
</pin_list>
<bind>
<opset="p_0_0_0_0_0225176 "/>
</bind>
</comp>

<comp id="5204" class="1005" name="p_0_7_0_0_0223178_reg_5204">
<pin_list>
<pin id="5205" dir="0" index="0" bw="16" slack="1"/>
<pin id="5206" dir="1" index="1" bw="16" slack="1"/>
</pin_list>
<bind>
<opset="p_0_7_0_0_0223178 "/>
</bind>
</comp>

<comp id="5210" class="1005" name="p_0_6_0_0_0221180_reg_5210">
<pin_list>
<pin id="5211" dir="0" index="0" bw="16" slack="1"/>
<pin id="5212" dir="1" index="1" bw="16" slack="1"/>
</pin_list>
<bind>
<opset="p_0_6_0_0_0221180 "/>
</bind>
</comp>

<comp id="5216" class="1005" name="p_0_5_0_0_0219182_reg_5216">
<pin_list>
<pin id="5217" dir="0" index="0" bw="16" slack="1"/>
<pin id="5218" dir="1" index="1" bw="16" slack="1"/>
</pin_list>
<bind>
<opset="p_0_5_0_0_0219182 "/>
</bind>
</comp>

<comp id="5222" class="1005" name="p_0_4_0_0_0217184_reg_5222">
<pin_list>
<pin id="5223" dir="0" index="0" bw="16" slack="1"/>
<pin id="5224" dir="1" index="1" bw="16" slack="1"/>
</pin_list>
<bind>
<opset="p_0_4_0_0_0217184 "/>
</bind>
</comp>

<comp id="5228" class="1005" name="p_0_3_0_0_0215186_reg_5228">
<pin_list>
<pin id="5229" dir="0" index="0" bw="16" slack="1"/>
<pin id="5230" dir="1" index="1" bw="16" slack="1"/>
</pin_list>
<bind>
<opset="p_0_3_0_0_0215186 "/>
</bind>
</comp>

<comp id="5234" class="1005" name="p_0_2_0_0_0213188_reg_5234">
<pin_list>
<pin id="5235" dir="0" index="0" bw="16" slack="1"/>
<pin id="5236" dir="1" index="1" bw="16" slack="1"/>
</pin_list>
<bind>
<opset="p_0_2_0_0_0213188 "/>
</bind>
</comp>

<comp id="5240" class="1005" name="p_0_1_0_0_0211190_reg_5240">
<pin_list>
<pin id="5241" dir="0" index="0" bw="16" slack="1"/>
<pin id="5242" dir="1" index="1" bw="16" slack="1"/>
</pin_list>
<bind>
<opset="p_0_1_0_0_0211190 "/>
</bind>
</comp>

<comp id="5246" class="1005" name="p_0_0_0_0_0209192_reg_5246">
<pin_list>
<pin id="5247" dir="0" index="0" bw="16" slack="1"/>
<pin id="5248" dir="1" index="1" bw="16" slack="1"/>
</pin_list>
<bind>
<opset="p_0_0_0_0_0209192 "/>
</bind>
</comp>

<comp id="5252" class="1005" name="p_0_7_0_0_0207194_reg_5252">
<pin_list>
<pin id="5253" dir="0" index="0" bw="16" slack="1"/>
<pin id="5254" dir="1" index="1" bw="16" slack="1"/>
</pin_list>
<bind>
<opset="p_0_7_0_0_0207194 "/>
</bind>
</comp>

<comp id="5258" class="1005" name="p_0_6_0_0_0205196_reg_5258">
<pin_list>
<pin id="5259" dir="0" index="0" bw="16" slack="1"/>
<pin id="5260" dir="1" index="1" bw="16" slack="1"/>
</pin_list>
<bind>
<opset="p_0_6_0_0_0205196 "/>
</bind>
</comp>

<comp id="5264" class="1005" name="p_0_5_0_0_0203198_reg_5264">
<pin_list>
<pin id="5265" dir="0" index="0" bw="16" slack="1"/>
<pin id="5266" dir="1" index="1" bw="16" slack="1"/>
</pin_list>
<bind>
<opset="p_0_5_0_0_0203198 "/>
</bind>
</comp>

<comp id="5270" class="1005" name="p_0_4_0_0_0201200_reg_5270">
<pin_list>
<pin id="5271" dir="0" index="0" bw="16" slack="1"/>
<pin id="5272" dir="1" index="1" bw="16" slack="1"/>
</pin_list>
<bind>
<opset="p_0_4_0_0_0201200 "/>
</bind>
</comp>

<comp id="5276" class="1005" name="p_0_3_0_0_0199202_reg_5276">
<pin_list>
<pin id="5277" dir="0" index="0" bw="16" slack="1"/>
<pin id="5278" dir="1" index="1" bw="16" slack="1"/>
</pin_list>
<bind>
<opset="p_0_3_0_0_0199202 "/>
</bind>
</comp>

<comp id="5282" class="1005" name="p_0_2_0_0_0197204_reg_5282">
<pin_list>
<pin id="5283" dir="0" index="0" bw="16" slack="1"/>
<pin id="5284" dir="1" index="1" bw="16" slack="1"/>
</pin_list>
<bind>
<opset="p_0_2_0_0_0197204 "/>
</bind>
</comp>

<comp id="5288" class="1005" name="p_0_1_0_0_0195206_reg_5288">
<pin_list>
<pin id="5289" dir="0" index="0" bw="16" slack="1"/>
<pin id="5290" dir="1" index="1" bw="16" slack="1"/>
</pin_list>
<bind>
<opset="p_0_1_0_0_0195206 "/>
</bind>
</comp>

<comp id="5294" class="1005" name="p_0_0_0_0_0193208_reg_5294">
<pin_list>
<pin id="5295" dir="0" index="0" bw="16" slack="1"/>
<pin id="5296" dir="1" index="1" bw="16" slack="1"/>
</pin_list>
<bind>
<opset="p_0_0_0_0_0193208 "/>
</bind>
</comp>

<comp id="5300" class="1005" name="p_0_7_0_0_0191210_reg_5300">
<pin_list>
<pin id="5301" dir="0" index="0" bw="16" slack="1"/>
<pin id="5302" dir="1" index="1" bw="16" slack="1"/>
</pin_list>
<bind>
<opset="p_0_7_0_0_0191210 "/>
</bind>
</comp>

<comp id="5306" class="1005" name="p_0_6_0_0_0189212_reg_5306">
<pin_list>
<pin id="5307" dir="0" index="0" bw="16" slack="1"/>
<pin id="5308" dir="1" index="1" bw="16" slack="1"/>
</pin_list>
<bind>
<opset="p_0_6_0_0_0189212 "/>
</bind>
</comp>

<comp id="5312" class="1005" name="p_0_5_0_0_0187214_reg_5312">
<pin_list>
<pin id="5313" dir="0" index="0" bw="16" slack="1"/>
<pin id="5314" dir="1" index="1" bw="16" slack="1"/>
</pin_list>
<bind>
<opset="p_0_5_0_0_0187214 "/>
</bind>
</comp>

<comp id="5318" class="1005" name="p_0_4_0_0_0185216_reg_5318">
<pin_list>
<pin id="5319" dir="0" index="0" bw="16" slack="1"/>
<pin id="5320" dir="1" index="1" bw="16" slack="1"/>
</pin_list>
<bind>
<opset="p_0_4_0_0_0185216 "/>
</bind>
</comp>

<comp id="5324" class="1005" name="p_0_3_0_0_0183218_reg_5324">
<pin_list>
<pin id="5325" dir="0" index="0" bw="16" slack="1"/>
<pin id="5326" dir="1" index="1" bw="16" slack="1"/>
</pin_list>
<bind>
<opset="p_0_3_0_0_0183218 "/>
</bind>
</comp>

<comp id="5330" class="1005" name="p_0_2_0_0_0181220_reg_5330">
<pin_list>
<pin id="5331" dir="0" index="0" bw="16" slack="1"/>
<pin id="5332" dir="1" index="1" bw="16" slack="1"/>
</pin_list>
<bind>
<opset="p_0_2_0_0_0181220 "/>
</bind>
</comp>

<comp id="5336" class="1005" name="p_0_1_0_0_0179222_reg_5336">
<pin_list>
<pin id="5337" dir="0" index="0" bw="16" slack="1"/>
<pin id="5338" dir="1" index="1" bw="16" slack="1"/>
</pin_list>
<bind>
<opset="p_0_1_0_0_0179222 "/>
</bind>
</comp>

<comp id="5342" class="1005" name="p_0_0_0_0_0177224_reg_5342">
<pin_list>
<pin id="5343" dir="0" index="0" bw="16" slack="1"/>
<pin id="5344" dir="1" index="1" bw="16" slack="1"/>
</pin_list>
<bind>
<opset="p_0_0_0_0_0177224 "/>
</bind>
</comp>

<comp id="5348" class="1005" name="p_0_7_0_0_0175226_reg_5348">
<pin_list>
<pin id="5349" dir="0" index="0" bw="16" slack="1"/>
<pin id="5350" dir="1" index="1" bw="16" slack="1"/>
</pin_list>
<bind>
<opset="p_0_7_0_0_0175226 "/>
</bind>
</comp>

<comp id="5354" class="1005" name="p_0_6_0_0_0173228_reg_5354">
<pin_list>
<pin id="5355" dir="0" index="0" bw="16" slack="1"/>
<pin id="5356" dir="1" index="1" bw="16" slack="1"/>
</pin_list>
<bind>
<opset="p_0_6_0_0_0173228 "/>
</bind>
</comp>

<comp id="5360" class="1005" name="p_0_5_0_0_0171230_reg_5360">
<pin_list>
<pin id="5361" dir="0" index="0" bw="16" slack="1"/>
<pin id="5362" dir="1" index="1" bw="16" slack="1"/>
</pin_list>
<bind>
<opset="p_0_5_0_0_0171230 "/>
</bind>
</comp>

<comp id="5366" class="1005" name="p_0_4_0_0_0169232_reg_5366">
<pin_list>
<pin id="5367" dir="0" index="0" bw="16" slack="1"/>
<pin id="5368" dir="1" index="1" bw="16" slack="1"/>
</pin_list>
<bind>
<opset="p_0_4_0_0_0169232 "/>
</bind>
</comp>

<comp id="5372" class="1005" name="p_0_3_0_0_0167234_reg_5372">
<pin_list>
<pin id="5373" dir="0" index="0" bw="16" slack="1"/>
<pin id="5374" dir="1" index="1" bw="16" slack="1"/>
</pin_list>
<bind>
<opset="p_0_3_0_0_0167234 "/>
</bind>
</comp>

<comp id="5378" class="1005" name="p_0_2_0_0_0165236_reg_5378">
<pin_list>
<pin id="5379" dir="0" index="0" bw="16" slack="1"/>
<pin id="5380" dir="1" index="1" bw="16" slack="1"/>
</pin_list>
<bind>
<opset="p_0_2_0_0_0165236 "/>
</bind>
</comp>

<comp id="5384" class="1005" name="p_0_1_0_0_0163238_reg_5384">
<pin_list>
<pin id="5385" dir="0" index="0" bw="16" slack="1"/>
<pin id="5386" dir="1" index="1" bw="16" slack="1"/>
</pin_list>
<bind>
<opset="p_0_1_0_0_0163238 "/>
</bind>
</comp>

<comp id="5390" class="1005" name="p_0_0_0_0_0161240_reg_5390">
<pin_list>
<pin id="5391" dir="0" index="0" bw="16" slack="1"/>
<pin id="5392" dir="1" index="1" bw="16" slack="1"/>
</pin_list>
<bind>
<opset="p_0_0_0_0_0161240 "/>
</bind>
</comp>

<comp id="5396" class="1005" name="p_0_7_0_0_0159242_reg_5396">
<pin_list>
<pin id="5397" dir="0" index="0" bw="16" slack="1"/>
<pin id="5398" dir="1" index="1" bw="16" slack="1"/>
</pin_list>
<bind>
<opset="p_0_7_0_0_0159242 "/>
</bind>
</comp>

<comp id="5402" class="1005" name="p_0_6_0_0_0157244_reg_5402">
<pin_list>
<pin id="5403" dir="0" index="0" bw="16" slack="1"/>
<pin id="5404" dir="1" index="1" bw="16" slack="1"/>
</pin_list>
<bind>
<opset="p_0_6_0_0_0157244 "/>
</bind>
</comp>

<comp id="5408" class="1005" name="p_0_5_0_0_0155246_reg_5408">
<pin_list>
<pin id="5409" dir="0" index="0" bw="16" slack="1"/>
<pin id="5410" dir="1" index="1" bw="16" slack="1"/>
</pin_list>
<bind>
<opset="p_0_5_0_0_0155246 "/>
</bind>
</comp>

<comp id="5414" class="1005" name="p_0_4_0_0_0153248_reg_5414">
<pin_list>
<pin id="5415" dir="0" index="0" bw="16" slack="1"/>
<pin id="5416" dir="1" index="1" bw="16" slack="1"/>
</pin_list>
<bind>
<opset="p_0_4_0_0_0153248 "/>
</bind>
</comp>

<comp id="5420" class="1005" name="p_0_3_0_0_0151250_reg_5420">
<pin_list>
<pin id="5421" dir="0" index="0" bw="16" slack="1"/>
<pin id="5422" dir="1" index="1" bw="16" slack="1"/>
</pin_list>
<bind>
<opset="p_0_3_0_0_0151250 "/>
</bind>
</comp>

<comp id="5426" class="1005" name="p_0_2_0_0_0149252_reg_5426">
<pin_list>
<pin id="5427" dir="0" index="0" bw="16" slack="1"/>
<pin id="5428" dir="1" index="1" bw="16" slack="1"/>
</pin_list>
<bind>
<opset="p_0_2_0_0_0149252 "/>
</bind>
</comp>

<comp id="5432" class="1005" name="p_0_1_0_0_0147254_reg_5432">
<pin_list>
<pin id="5433" dir="0" index="0" bw="16" slack="1"/>
<pin id="5434" dir="1" index="1" bw="16" slack="1"/>
</pin_list>
<bind>
<opset="p_0_1_0_0_0147254 "/>
</bind>
</comp>

<comp id="5438" class="1005" name="p_0_0_0_0_0145256_reg_5438">
<pin_list>
<pin id="5439" dir="0" index="0" bw="16" slack="1"/>
<pin id="5440" dir="1" index="1" bw="16" slack="1"/>
</pin_list>
<bind>
<opset="p_0_0_0_0_0145256 "/>
</bind>
</comp>

<comp id="5444" class="1005" name="p_0_7_0_0_0143258_reg_5444">
<pin_list>
<pin id="5445" dir="0" index="0" bw="16" slack="1"/>
<pin id="5446" dir="1" index="1" bw="16" slack="1"/>
</pin_list>
<bind>
<opset="p_0_7_0_0_0143258 "/>
</bind>
</comp>

<comp id="5450" class="1005" name="p_0_6_0_0_0141260_reg_5450">
<pin_list>
<pin id="5451" dir="0" index="0" bw="16" slack="1"/>
<pin id="5452" dir="1" index="1" bw="16" slack="1"/>
</pin_list>
<bind>
<opset="p_0_6_0_0_0141260 "/>
</bind>
</comp>

<comp id="5456" class="1005" name="p_0_5_0_0_0139262_reg_5456">
<pin_list>
<pin id="5457" dir="0" index="0" bw="16" slack="1"/>
<pin id="5458" dir="1" index="1" bw="16" slack="1"/>
</pin_list>
<bind>
<opset="p_0_5_0_0_0139262 "/>
</bind>
</comp>

<comp id="5462" class="1005" name="p_0_4_0_0_0137264_reg_5462">
<pin_list>
<pin id="5463" dir="0" index="0" bw="16" slack="1"/>
<pin id="5464" dir="1" index="1" bw="16" slack="1"/>
</pin_list>
<bind>
<opset="p_0_4_0_0_0137264 "/>
</bind>
</comp>

<comp id="5468" class="1005" name="p_0_3_0_0_0135266_reg_5468">
<pin_list>
<pin id="5469" dir="0" index="0" bw="16" slack="1"/>
<pin id="5470" dir="1" index="1" bw="16" slack="1"/>
</pin_list>
<bind>
<opset="p_0_3_0_0_0135266 "/>
</bind>
</comp>

<comp id="5474" class="1005" name="p_0_2_0_0_0133268_reg_5474">
<pin_list>
<pin id="5475" dir="0" index="0" bw="16" slack="1"/>
<pin id="5476" dir="1" index="1" bw="16" slack="1"/>
</pin_list>
<bind>
<opset="p_0_2_0_0_0133268 "/>
</bind>
</comp>

<comp id="5480" class="1005" name="p_0_1_0_0_0131270_reg_5480">
<pin_list>
<pin id="5481" dir="0" index="0" bw="16" slack="1"/>
<pin id="5482" dir="1" index="1" bw="16" slack="1"/>
</pin_list>
<bind>
<opset="p_0_1_0_0_0131270 "/>
</bind>
</comp>

<comp id="5486" class="1005" name="p_0_0_0_0_0129272_reg_5486">
<pin_list>
<pin id="5487" dir="0" index="0" bw="16" slack="1"/>
<pin id="5488" dir="1" index="1" bw="16" slack="1"/>
</pin_list>
<bind>
<opset="p_0_0_0_0_0129272 "/>
</bind>
</comp>

<comp id="5492" class="1005" name="p_0_7_0_0_0127274_reg_5492">
<pin_list>
<pin id="5493" dir="0" index="0" bw="16" slack="1"/>
<pin id="5494" dir="1" index="1" bw="16" slack="1"/>
</pin_list>
<bind>
<opset="p_0_7_0_0_0127274 "/>
</bind>
</comp>

<comp id="5498" class="1005" name="p_0_6_0_0_0125276_reg_5498">
<pin_list>
<pin id="5499" dir="0" index="0" bw="16" slack="1"/>
<pin id="5500" dir="1" index="1" bw="16" slack="1"/>
</pin_list>
<bind>
<opset="p_0_6_0_0_0125276 "/>
</bind>
</comp>

<comp id="5504" class="1005" name="p_0_5_0_0_0123278_reg_5504">
<pin_list>
<pin id="5505" dir="0" index="0" bw="16" slack="1"/>
<pin id="5506" dir="1" index="1" bw="16" slack="1"/>
</pin_list>
<bind>
<opset="p_0_5_0_0_0123278 "/>
</bind>
</comp>

<comp id="5510" class="1005" name="p_0_4_0_0_0121280_reg_5510">
<pin_list>
<pin id="5511" dir="0" index="0" bw="16" slack="1"/>
<pin id="5512" dir="1" index="1" bw="16" slack="1"/>
</pin_list>
<bind>
<opset="p_0_4_0_0_0121280 "/>
</bind>
</comp>

<comp id="5516" class="1005" name="p_0_3_0_0_0119282_reg_5516">
<pin_list>
<pin id="5517" dir="0" index="0" bw="16" slack="1"/>
<pin id="5518" dir="1" index="1" bw="16" slack="1"/>
</pin_list>
<bind>
<opset="p_0_3_0_0_0119282 "/>
</bind>
</comp>

<comp id="5522" class="1005" name="p_0_2_0_0_0117284_reg_5522">
<pin_list>
<pin id="5523" dir="0" index="0" bw="16" slack="1"/>
<pin id="5524" dir="1" index="1" bw="16" slack="1"/>
</pin_list>
<bind>
<opset="p_0_2_0_0_0117284 "/>
</bind>
</comp>

<comp id="5528" class="1005" name="p_0_1_0_0_0115286_reg_5528">
<pin_list>
<pin id="5529" dir="0" index="0" bw="16" slack="1"/>
<pin id="5530" dir="1" index="1" bw="16" slack="1"/>
</pin_list>
<bind>
<opset="p_0_1_0_0_0115286 "/>
</bind>
</comp>

<comp id="5534" class="1005" name="p_0_0_0_0_0113288_reg_5534">
<pin_list>
<pin id="5535" dir="0" index="0" bw="16" slack="1"/>
<pin id="5536" dir="1" index="1" bw="16" slack="1"/>
</pin_list>
<bind>
<opset="p_0_0_0_0_0113288 "/>
</bind>
</comp>

<comp id="5540" class="1005" name="p_0_7_0_0_0111290_reg_5540">
<pin_list>
<pin id="5541" dir="0" index="0" bw="16" slack="1"/>
<pin id="5542" dir="1" index="1" bw="16" slack="1"/>
</pin_list>
<bind>
<opset="p_0_7_0_0_0111290 "/>
</bind>
</comp>

<comp id="5546" class="1005" name="p_0_6_0_0_0109292_reg_5546">
<pin_list>
<pin id="5547" dir="0" index="0" bw="16" slack="1"/>
<pin id="5548" dir="1" index="1" bw="16" slack="1"/>
</pin_list>
<bind>
<opset="p_0_6_0_0_0109292 "/>
</bind>
</comp>

<comp id="5552" class="1005" name="p_0_5_0_0_0107294_reg_5552">
<pin_list>
<pin id="5553" dir="0" index="0" bw="16" slack="1"/>
<pin id="5554" dir="1" index="1" bw="16" slack="1"/>
</pin_list>
<bind>
<opset="p_0_5_0_0_0107294 "/>
</bind>
</comp>

<comp id="5558" class="1005" name="p_0_4_0_0_0105296_reg_5558">
<pin_list>
<pin id="5559" dir="0" index="0" bw="16" slack="1"/>
<pin id="5560" dir="1" index="1" bw="16" slack="1"/>
</pin_list>
<bind>
<opset="p_0_4_0_0_0105296 "/>
</bind>
</comp>

<comp id="5564" class="1005" name="p_0_3_0_0_0103298_reg_5564">
<pin_list>
<pin id="5565" dir="0" index="0" bw="16" slack="1"/>
<pin id="5566" dir="1" index="1" bw="16" slack="1"/>
</pin_list>
<bind>
<opset="p_0_3_0_0_0103298 "/>
</bind>
</comp>

<comp id="5570" class="1005" name="p_0_2_0_0_0101300_reg_5570">
<pin_list>
<pin id="5571" dir="0" index="0" bw="16" slack="1"/>
<pin id="5572" dir="1" index="1" bw="16" slack="1"/>
</pin_list>
<bind>
<opset="p_0_2_0_0_0101300 "/>
</bind>
</comp>

<comp id="5576" class="1005" name="p_0_1_0_0_099302_reg_5576">
<pin_list>
<pin id="5577" dir="0" index="0" bw="16" slack="1"/>
<pin id="5578" dir="1" index="1" bw="16" slack="1"/>
</pin_list>
<bind>
<opset="p_0_1_0_0_099302 "/>
</bind>
</comp>

<comp id="5582" class="1005" name="p_0_0_0_0_097304_reg_5582">
<pin_list>
<pin id="5583" dir="0" index="0" bw="16" slack="1"/>
<pin id="5584" dir="1" index="1" bw="16" slack="1"/>
</pin_list>
<bind>
<opset="p_0_0_0_0_097304 "/>
</bind>
</comp>

<comp id="5588" class="1005" name="p_0_7_0_0_095306_reg_5588">
<pin_list>
<pin id="5589" dir="0" index="0" bw="16" slack="1"/>
<pin id="5590" dir="1" index="1" bw="16" slack="1"/>
</pin_list>
<bind>
<opset="p_0_7_0_0_095306 "/>
</bind>
</comp>

<comp id="5594" class="1005" name="p_0_6_0_0_093308_reg_5594">
<pin_list>
<pin id="5595" dir="0" index="0" bw="16" slack="1"/>
<pin id="5596" dir="1" index="1" bw="16" slack="1"/>
</pin_list>
<bind>
<opset="p_0_6_0_0_093308 "/>
</bind>
</comp>

<comp id="5600" class="1005" name="p_0_5_0_0_091310_reg_5600">
<pin_list>
<pin id="5601" dir="0" index="0" bw="16" slack="1"/>
<pin id="5602" dir="1" index="1" bw="16" slack="1"/>
</pin_list>
<bind>
<opset="p_0_5_0_0_091310 "/>
</bind>
</comp>

<comp id="5606" class="1005" name="p_0_4_0_0_089312_reg_5606">
<pin_list>
<pin id="5607" dir="0" index="0" bw="16" slack="1"/>
<pin id="5608" dir="1" index="1" bw="16" slack="1"/>
</pin_list>
<bind>
<opset="p_0_4_0_0_089312 "/>
</bind>
</comp>

<comp id="5612" class="1005" name="p_0_3_0_0_087314_reg_5612">
<pin_list>
<pin id="5613" dir="0" index="0" bw="16" slack="1"/>
<pin id="5614" dir="1" index="1" bw="16" slack="1"/>
</pin_list>
<bind>
<opset="p_0_3_0_0_087314 "/>
</bind>
</comp>

<comp id="5618" class="1005" name="p_0_2_0_0_085316_reg_5618">
<pin_list>
<pin id="5619" dir="0" index="0" bw="16" slack="1"/>
<pin id="5620" dir="1" index="1" bw="16" slack="1"/>
</pin_list>
<bind>
<opset="p_0_2_0_0_085316 "/>
</bind>
</comp>

<comp id="5624" class="1005" name="p_0_1_0_0_083318_reg_5624">
<pin_list>
<pin id="5625" dir="0" index="0" bw="16" slack="1"/>
<pin id="5626" dir="1" index="1" bw="16" slack="1"/>
</pin_list>
<bind>
<opset="p_0_1_0_0_083318 "/>
</bind>
</comp>

<comp id="5630" class="1005" name="p_0_0_0_0_081320_reg_5630">
<pin_list>
<pin id="5631" dir="0" index="0" bw="16" slack="1"/>
<pin id="5632" dir="1" index="1" bw="16" slack="1"/>
</pin_list>
<bind>
<opset="p_0_0_0_0_081320 "/>
</bind>
</comp>

<comp id="5636" class="1005" name="p_0_7_0_0_079322_reg_5636">
<pin_list>
<pin id="5637" dir="0" index="0" bw="16" slack="1"/>
<pin id="5638" dir="1" index="1" bw="16" slack="1"/>
</pin_list>
<bind>
<opset="p_0_7_0_0_079322 "/>
</bind>
</comp>

<comp id="5642" class="1005" name="p_0_6_0_0_077324_reg_5642">
<pin_list>
<pin id="5643" dir="0" index="0" bw="16" slack="1"/>
<pin id="5644" dir="1" index="1" bw="16" slack="1"/>
</pin_list>
<bind>
<opset="p_0_6_0_0_077324 "/>
</bind>
</comp>

<comp id="5648" class="1005" name="p_0_5_0_0_075326_reg_5648">
<pin_list>
<pin id="5649" dir="0" index="0" bw="16" slack="1"/>
<pin id="5650" dir="1" index="1" bw="16" slack="1"/>
</pin_list>
<bind>
<opset="p_0_5_0_0_075326 "/>
</bind>
</comp>

<comp id="5654" class="1005" name="p_0_4_0_0_073328_reg_5654">
<pin_list>
<pin id="5655" dir="0" index="0" bw="16" slack="1"/>
<pin id="5656" dir="1" index="1" bw="16" slack="1"/>
</pin_list>
<bind>
<opset="p_0_4_0_0_073328 "/>
</bind>
</comp>

<comp id="5660" class="1005" name="p_0_3_0_0_071330_reg_5660">
<pin_list>
<pin id="5661" dir="0" index="0" bw="16" slack="1"/>
<pin id="5662" dir="1" index="1" bw="16" slack="1"/>
</pin_list>
<bind>
<opset="p_0_3_0_0_071330 "/>
</bind>
</comp>

<comp id="5666" class="1005" name="p_0_2_0_0_069332_reg_5666">
<pin_list>
<pin id="5667" dir="0" index="0" bw="16" slack="1"/>
<pin id="5668" dir="1" index="1" bw="16" slack="1"/>
</pin_list>
<bind>
<opset="p_0_2_0_0_069332 "/>
</bind>
</comp>

<comp id="5672" class="1005" name="p_0_1_0_0_067334_reg_5672">
<pin_list>
<pin id="5673" dir="0" index="0" bw="16" slack="1"/>
<pin id="5674" dir="1" index="1" bw="16" slack="1"/>
</pin_list>
<bind>
<opset="p_0_1_0_0_067334 "/>
</bind>
</comp>

<comp id="5678" class="1005" name="p_0_0_0_0_065336_reg_5678">
<pin_list>
<pin id="5679" dir="0" index="0" bw="16" slack="1"/>
<pin id="5680" dir="1" index="1" bw="16" slack="1"/>
</pin_list>
<bind>
<opset="p_0_0_0_0_065336 "/>
</bind>
</comp>

<comp id="5684" class="1005" name="p_0_7_0_0_063338_reg_5684">
<pin_list>
<pin id="5685" dir="0" index="0" bw="16" slack="1"/>
<pin id="5686" dir="1" index="1" bw="16" slack="1"/>
</pin_list>
<bind>
<opset="p_0_7_0_0_063338 "/>
</bind>
</comp>

<comp id="5690" class="1005" name="p_0_6_0_0_061340_reg_5690">
<pin_list>
<pin id="5691" dir="0" index="0" bw="16" slack="1"/>
<pin id="5692" dir="1" index="1" bw="16" slack="1"/>
</pin_list>
<bind>
<opset="p_0_6_0_0_061340 "/>
</bind>
</comp>

<comp id="5696" class="1005" name="p_0_5_0_0_059342_reg_5696">
<pin_list>
<pin id="5697" dir="0" index="0" bw="16" slack="1"/>
<pin id="5698" dir="1" index="1" bw="16" slack="1"/>
</pin_list>
<bind>
<opset="p_0_5_0_0_059342 "/>
</bind>
</comp>

<comp id="5702" class="1005" name="p_0_4_0_0_057344_reg_5702">
<pin_list>
<pin id="5703" dir="0" index="0" bw="16" slack="1"/>
<pin id="5704" dir="1" index="1" bw="16" slack="1"/>
</pin_list>
<bind>
<opset="p_0_4_0_0_057344 "/>
</bind>
</comp>

<comp id="5708" class="1005" name="p_0_3_0_0_055346_reg_5708">
<pin_list>
<pin id="5709" dir="0" index="0" bw="16" slack="1"/>
<pin id="5710" dir="1" index="1" bw="16" slack="1"/>
</pin_list>
<bind>
<opset="p_0_3_0_0_055346 "/>
</bind>
</comp>

<comp id="5714" class="1005" name="p_0_2_0_0_053348_reg_5714">
<pin_list>
<pin id="5715" dir="0" index="0" bw="16" slack="1"/>
<pin id="5716" dir="1" index="1" bw="16" slack="1"/>
</pin_list>
<bind>
<opset="p_0_2_0_0_053348 "/>
</bind>
</comp>

<comp id="5720" class="1005" name="p_0_1_0_0_051350_reg_5720">
<pin_list>
<pin id="5721" dir="0" index="0" bw="16" slack="1"/>
<pin id="5722" dir="1" index="1" bw="16" slack="1"/>
</pin_list>
<bind>
<opset="p_0_1_0_0_051350 "/>
</bind>
</comp>

<comp id="5726" class="1005" name="p_0_0_0_0_049352_reg_5726">
<pin_list>
<pin id="5727" dir="0" index="0" bw="16" slack="1"/>
<pin id="5728" dir="1" index="1" bw="16" slack="1"/>
</pin_list>
<bind>
<opset="p_0_0_0_0_049352 "/>
</bind>
</comp>

<comp id="5732" class="1005" name="p_0_7_0_0_047354_reg_5732">
<pin_list>
<pin id="5733" dir="0" index="0" bw="16" slack="1"/>
<pin id="5734" dir="1" index="1" bw="16" slack="1"/>
</pin_list>
<bind>
<opset="p_0_7_0_0_047354 "/>
</bind>
</comp>

<comp id="5738" class="1005" name="p_0_6_0_0_045356_reg_5738">
<pin_list>
<pin id="5739" dir="0" index="0" bw="16" slack="1"/>
<pin id="5740" dir="1" index="1" bw="16" slack="1"/>
</pin_list>
<bind>
<opset="p_0_6_0_0_045356 "/>
</bind>
</comp>

<comp id="5744" class="1005" name="p_0_5_0_0_043358_reg_5744">
<pin_list>
<pin id="5745" dir="0" index="0" bw="16" slack="1"/>
<pin id="5746" dir="1" index="1" bw="16" slack="1"/>
</pin_list>
<bind>
<opset="p_0_5_0_0_043358 "/>
</bind>
</comp>

<comp id="5750" class="1005" name="p_0_4_0_0_041360_reg_5750">
<pin_list>
<pin id="5751" dir="0" index="0" bw="16" slack="1"/>
<pin id="5752" dir="1" index="1" bw="16" slack="1"/>
</pin_list>
<bind>
<opset="p_0_4_0_0_041360 "/>
</bind>
</comp>

<comp id="5756" class="1005" name="p_0_3_0_0_039362_reg_5756">
<pin_list>
<pin id="5757" dir="0" index="0" bw="16" slack="1"/>
<pin id="5758" dir="1" index="1" bw="16" slack="1"/>
</pin_list>
<bind>
<opset="p_0_3_0_0_039362 "/>
</bind>
</comp>

<comp id="5762" class="1005" name="p_0_2_0_0_037364_reg_5762">
<pin_list>
<pin id="5763" dir="0" index="0" bw="16" slack="1"/>
<pin id="5764" dir="1" index="1" bw="16" slack="1"/>
</pin_list>
<bind>
<opset="p_0_2_0_0_037364 "/>
</bind>
</comp>

<comp id="5768" class="1005" name="p_0_1_0_0_035366_reg_5768">
<pin_list>
<pin id="5769" dir="0" index="0" bw="16" slack="1"/>
<pin id="5770" dir="1" index="1" bw="16" slack="1"/>
</pin_list>
<bind>
<opset="p_0_1_0_0_035366 "/>
</bind>
</comp>

<comp id="5774" class="1005" name="p_0_0_0_0_033368_reg_5774">
<pin_list>
<pin id="5775" dir="0" index="0" bw="16" slack="1"/>
<pin id="5776" dir="1" index="1" bw="16" slack="1"/>
</pin_list>
<bind>
<opset="p_0_0_0_0_033368 "/>
</bind>
</comp>

<comp id="5780" class="1005" name="p_0_7_0_0_031370_reg_5780">
<pin_list>
<pin id="5781" dir="0" index="0" bw="16" slack="1"/>
<pin id="5782" dir="1" index="1" bw="16" slack="1"/>
</pin_list>
<bind>
<opset="p_0_7_0_0_031370 "/>
</bind>
</comp>

<comp id="5786" class="1005" name="p_0_6_0_0_029372_reg_5786">
<pin_list>
<pin id="5787" dir="0" index="0" bw="16" slack="1"/>
<pin id="5788" dir="1" index="1" bw="16" slack="1"/>
</pin_list>
<bind>
<opset="p_0_6_0_0_029372 "/>
</bind>
</comp>

<comp id="5792" class="1005" name="p_0_5_0_0_027374_reg_5792">
<pin_list>
<pin id="5793" dir="0" index="0" bw="16" slack="1"/>
<pin id="5794" dir="1" index="1" bw="16" slack="1"/>
</pin_list>
<bind>
<opset="p_0_5_0_0_027374 "/>
</bind>
</comp>

<comp id="5798" class="1005" name="p_0_4_0_0_025376_reg_5798">
<pin_list>
<pin id="5799" dir="0" index="0" bw="16" slack="1"/>
<pin id="5800" dir="1" index="1" bw="16" slack="1"/>
</pin_list>
<bind>
<opset="p_0_4_0_0_025376 "/>
</bind>
</comp>

<comp id="5804" class="1005" name="p_0_3_0_0_023378_reg_5804">
<pin_list>
<pin id="5805" dir="0" index="0" bw="16" slack="1"/>
<pin id="5806" dir="1" index="1" bw="16" slack="1"/>
</pin_list>
<bind>
<opset="p_0_3_0_0_023378 "/>
</bind>
</comp>

<comp id="5810" class="1005" name="p_0_2_0_0_021380_reg_5810">
<pin_list>
<pin id="5811" dir="0" index="0" bw="16" slack="1"/>
<pin id="5812" dir="1" index="1" bw="16" slack="1"/>
</pin_list>
<bind>
<opset="p_0_2_0_0_021380 "/>
</bind>
</comp>

<comp id="5816" class="1005" name="p_0_1_0_0_019382_reg_5816">
<pin_list>
<pin id="5817" dir="0" index="0" bw="16" slack="1"/>
<pin id="5818" dir="1" index="1" bw="16" slack="1"/>
</pin_list>
<bind>
<opset="p_0_1_0_0_019382 "/>
</bind>
</comp>

<comp id="5822" class="1005" name="p_0_0_0_0_017384_reg_5822">
<pin_list>
<pin id="5823" dir="0" index="0" bw="16" slack="1"/>
<pin id="5824" dir="1" index="1" bw="16" slack="1"/>
</pin_list>
<bind>
<opset="p_0_0_0_0_017384 "/>
</bind>
</comp>

<comp id="5828" class="1005" name="p_0_7_0_0_015386_reg_5828">
<pin_list>
<pin id="5829" dir="0" index="0" bw="16" slack="1"/>
<pin id="5830" dir="1" index="1" bw="16" slack="1"/>
</pin_list>
<bind>
<opset="p_0_7_0_0_015386 "/>
</bind>
</comp>

<comp id="5834" class="1005" name="p_0_6_0_0_013388_reg_5834">
<pin_list>
<pin id="5835" dir="0" index="0" bw="16" slack="1"/>
<pin id="5836" dir="1" index="1" bw="16" slack="1"/>
</pin_list>
<bind>
<opset="p_0_6_0_0_013388 "/>
</bind>
</comp>

<comp id="5840" class="1005" name="p_0_5_0_0_011390_reg_5840">
<pin_list>
<pin id="5841" dir="0" index="0" bw="16" slack="1"/>
<pin id="5842" dir="1" index="1" bw="16" slack="1"/>
</pin_list>
<bind>
<opset="p_0_5_0_0_011390 "/>
</bind>
</comp>

<comp id="5846" class="1005" name="p_0_4_0_0_09392_reg_5846">
<pin_list>
<pin id="5847" dir="0" index="0" bw="16" slack="1"/>
<pin id="5848" dir="1" index="1" bw="16" slack="1"/>
</pin_list>
<bind>
<opset="p_0_4_0_0_09392 "/>
</bind>
</comp>

<comp id="5852" class="1005" name="p_0_3_0_0_07394_reg_5852">
<pin_list>
<pin id="5853" dir="0" index="0" bw="16" slack="1"/>
<pin id="5854" dir="1" index="1" bw="16" slack="1"/>
</pin_list>
<bind>
<opset="p_0_3_0_0_07394 "/>
</bind>
</comp>

<comp id="5858" class="1005" name="p_0_2_0_0_05396_reg_5858">
<pin_list>
<pin id="5859" dir="0" index="0" bw="16" slack="1"/>
<pin id="5860" dir="1" index="1" bw="16" slack="1"/>
</pin_list>
<bind>
<opset="p_0_2_0_0_05396 "/>
</bind>
</comp>

<comp id="5864" class="1005" name="p_0_1_0_0_03398_reg_5864">
<pin_list>
<pin id="5865" dir="0" index="0" bw="16" slack="1"/>
<pin id="5866" dir="1" index="1" bw="16" slack="1"/>
</pin_list>
<bind>
<opset="p_0_1_0_0_03398 "/>
</bind>
</comp>

<comp id="5870" class="1005" name="p_0_0_0_0_01400_reg_5870">
<pin_list>
<pin id="5871" dir="0" index="0" bw="16" slack="1"/>
<pin id="5872" dir="1" index="1" bw="16" slack="1"/>
</pin_list>
<bind>
<opset="p_0_0_0_0_01400 "/>
</bind>
</comp>

</comp_list>

<net_list>
<net id="511"><net_src comp="402" pin="0"/><net_sink comp="508" pin=0"/></net>

<net id="515"><net_src comp="402" pin="0"/><net_sink comp="512" pin=0"/></net>

<net id="519"><net_src comp="402" pin="0"/><net_sink comp="516" pin=0"/></net>

<net id="523"><net_src comp="402" pin="0"/><net_sink comp="520" pin=0"/></net>

<net id="527"><net_src comp="402" pin="0"/><net_sink comp="524" pin=0"/></net>

<net id="531"><net_src comp="402" pin="0"/><net_sink comp="528" pin=0"/></net>

<net id="535"><net_src comp="402" pin="0"/><net_sink comp="532" pin=0"/></net>

<net id="539"><net_src comp="402" pin="0"/><net_sink comp="536" pin=0"/></net>

<net id="543"><net_src comp="402" pin="0"/><net_sink comp="540" pin=0"/></net>

<net id="547"><net_src comp="402" pin="0"/><net_sink comp="544" pin=0"/></net>

<net id="551"><net_src comp="402" pin="0"/><net_sink comp="548" pin=0"/></net>

<net id="555"><net_src comp="402" pin="0"/><net_sink comp="552" pin=0"/></net>

<net id="559"><net_src comp="402" pin="0"/><net_sink comp="556" pin=0"/></net>

<net id="563"><net_src comp="402" pin="0"/><net_sink comp="560" pin=0"/></net>

<net id="567"><net_src comp="402" pin="0"/><net_sink comp="564" pin=0"/></net>

<net id="571"><net_src comp="402" pin="0"/><net_sink comp="568" pin=0"/></net>

<net id="575"><net_src comp="402" pin="0"/><net_sink comp="572" pin=0"/></net>

<net id="579"><net_src comp="402" pin="0"/><net_sink comp="576" pin=0"/></net>

<net id="583"><net_src comp="402" pin="0"/><net_sink comp="580" pin=0"/></net>

<net id="587"><net_src comp="402" pin="0"/><net_sink comp="584" pin=0"/></net>

<net id="591"><net_src comp="402" pin="0"/><net_sink comp="588" pin=0"/></net>

<net id="595"><net_src comp="402" pin="0"/><net_sink comp="592" pin=0"/></net>

<net id="599"><net_src comp="402" pin="0"/><net_sink comp="596" pin=0"/></net>

<net id="603"><net_src comp="402" pin="0"/><net_sink comp="600" pin=0"/></net>

<net id="607"><net_src comp="402" pin="0"/><net_sink comp="604" pin=0"/></net>

<net id="611"><net_src comp="402" pin="0"/><net_sink comp="608" pin=0"/></net>

<net id="615"><net_src comp="402" pin="0"/><net_sink comp="612" pin=0"/></net>

<net id="619"><net_src comp="402" pin="0"/><net_sink comp="616" pin=0"/></net>

<net id="623"><net_src comp="402" pin="0"/><net_sink comp="620" pin=0"/></net>

<net id="627"><net_src comp="402" pin="0"/><net_sink comp="624" pin=0"/></net>

<net id="631"><net_src comp="402" pin="0"/><net_sink comp="628" pin=0"/></net>

<net id="635"><net_src comp="402" pin="0"/><net_sink comp="632" pin=0"/></net>

<net id="639"><net_src comp="402" pin="0"/><net_sink comp="636" pin=0"/></net>

<net id="643"><net_src comp="402" pin="0"/><net_sink comp="640" pin=0"/></net>

<net id="647"><net_src comp="402" pin="0"/><net_sink comp="644" pin=0"/></net>

<net id="651"><net_src comp="402" pin="0"/><net_sink comp="648" pin=0"/></net>

<net id="655"><net_src comp="402" pin="0"/><net_sink comp="652" pin=0"/></net>

<net id="659"><net_src comp="402" pin="0"/><net_sink comp="656" pin=0"/></net>

<net id="663"><net_src comp="402" pin="0"/><net_sink comp="660" pin=0"/></net>

<net id="667"><net_src comp="402" pin="0"/><net_sink comp="664" pin=0"/></net>

<net id="671"><net_src comp="402" pin="0"/><net_sink comp="668" pin=0"/></net>

<net id="675"><net_src comp="402" pin="0"/><net_sink comp="672" pin=0"/></net>

<net id="679"><net_src comp="402" pin="0"/><net_sink comp="676" pin=0"/></net>

<net id="683"><net_src comp="402" pin="0"/><net_sink comp="680" pin=0"/></net>

<net id="687"><net_src comp="402" pin="0"/><net_sink comp="684" pin=0"/></net>

<net id="691"><net_src comp="402" pin="0"/><net_sink comp="688" pin=0"/></net>

<net id="695"><net_src comp="402" pin="0"/><net_sink comp="692" pin=0"/></net>

<net id="699"><net_src comp="402" pin="0"/><net_sink comp="696" pin=0"/></net>

<net id="703"><net_src comp="402" pin="0"/><net_sink comp="700" pin=0"/></net>

<net id="707"><net_src comp="402" pin="0"/><net_sink comp="704" pin=0"/></net>

<net id="711"><net_src comp="402" pin="0"/><net_sink comp="708" pin=0"/></net>

<net id="715"><net_src comp="402" pin="0"/><net_sink comp="712" pin=0"/></net>

<net id="719"><net_src comp="402" pin="0"/><net_sink comp="716" pin=0"/></net>

<net id="723"><net_src comp="402" pin="0"/><net_sink comp="720" pin=0"/></net>

<net id="727"><net_src comp="402" pin="0"/><net_sink comp="724" pin=0"/></net>

<net id="731"><net_src comp="402" pin="0"/><net_sink comp="728" pin=0"/></net>

<net id="735"><net_src comp="402" pin="0"/><net_sink comp="732" pin=0"/></net>

<net id="739"><net_src comp="402" pin="0"/><net_sink comp="736" pin=0"/></net>

<net id="743"><net_src comp="402" pin="0"/><net_sink comp="740" pin=0"/></net>

<net id="747"><net_src comp="402" pin="0"/><net_sink comp="744" pin=0"/></net>

<net id="751"><net_src comp="402" pin="0"/><net_sink comp="748" pin=0"/></net>

<net id="755"><net_src comp="402" pin="0"/><net_sink comp="752" pin=0"/></net>

<net id="759"><net_src comp="402" pin="0"/><net_sink comp="756" pin=0"/></net>

<net id="763"><net_src comp="402" pin="0"/><net_sink comp="760" pin=0"/></net>

<net id="767"><net_src comp="402" pin="0"/><net_sink comp="764" pin=0"/></net>

<net id="771"><net_src comp="402" pin="0"/><net_sink comp="768" pin=0"/></net>

<net id="775"><net_src comp="402" pin="0"/><net_sink comp="772" pin=0"/></net>

<net id="779"><net_src comp="402" pin="0"/><net_sink comp="776" pin=0"/></net>

<net id="783"><net_src comp="402" pin="0"/><net_sink comp="780" pin=0"/></net>

<net id="787"><net_src comp="402" pin="0"/><net_sink comp="784" pin=0"/></net>

<net id="791"><net_src comp="402" pin="0"/><net_sink comp="788" pin=0"/></net>

<net id="795"><net_src comp="402" pin="0"/><net_sink comp="792" pin=0"/></net>

<net id="799"><net_src comp="402" pin="0"/><net_sink comp="796" pin=0"/></net>

<net id="803"><net_src comp="402" pin="0"/><net_sink comp="800" pin=0"/></net>

<net id="807"><net_src comp="402" pin="0"/><net_sink comp="804" pin=0"/></net>

<net id="811"><net_src comp="402" pin="0"/><net_sink comp="808" pin=0"/></net>

<net id="815"><net_src comp="402" pin="0"/><net_sink comp="812" pin=0"/></net>

<net id="819"><net_src comp="402" pin="0"/><net_sink comp="816" pin=0"/></net>

<net id="823"><net_src comp="402" pin="0"/><net_sink comp="820" pin=0"/></net>

<net id="827"><net_src comp="402" pin="0"/><net_sink comp="824" pin=0"/></net>

<net id="831"><net_src comp="402" pin="0"/><net_sink comp="828" pin=0"/></net>

<net id="835"><net_src comp="402" pin="0"/><net_sink comp="832" pin=0"/></net>

<net id="839"><net_src comp="402" pin="0"/><net_sink comp="836" pin=0"/></net>

<net id="843"><net_src comp="402" pin="0"/><net_sink comp="840" pin=0"/></net>

<net id="847"><net_src comp="402" pin="0"/><net_sink comp="844" pin=0"/></net>

<net id="851"><net_src comp="402" pin="0"/><net_sink comp="848" pin=0"/></net>

<net id="855"><net_src comp="402" pin="0"/><net_sink comp="852" pin=0"/></net>

<net id="859"><net_src comp="402" pin="0"/><net_sink comp="856" pin=0"/></net>

<net id="863"><net_src comp="402" pin="0"/><net_sink comp="860" pin=0"/></net>

<net id="867"><net_src comp="402" pin="0"/><net_sink comp="864" pin=0"/></net>

<net id="871"><net_src comp="402" pin="0"/><net_sink comp="868" pin=0"/></net>

<net id="875"><net_src comp="402" pin="0"/><net_sink comp="872" pin=0"/></net>

<net id="879"><net_src comp="402" pin="0"/><net_sink comp="876" pin=0"/></net>

<net id="883"><net_src comp="402" pin="0"/><net_sink comp="880" pin=0"/></net>

<net id="887"><net_src comp="402" pin="0"/><net_sink comp="884" pin=0"/></net>

<net id="891"><net_src comp="402" pin="0"/><net_sink comp="888" pin=0"/></net>

<net id="895"><net_src comp="402" pin="0"/><net_sink comp="892" pin=0"/></net>

<net id="899"><net_src comp="402" pin="0"/><net_sink comp="896" pin=0"/></net>

<net id="903"><net_src comp="402" pin="0"/><net_sink comp="900" pin=0"/></net>

<net id="907"><net_src comp="402" pin="0"/><net_sink comp="904" pin=0"/></net>

<net id="911"><net_src comp="402" pin="0"/><net_sink comp="908" pin=0"/></net>

<net id="915"><net_src comp="402" pin="0"/><net_sink comp="912" pin=0"/></net>

<net id="919"><net_src comp="402" pin="0"/><net_sink comp="916" pin=0"/></net>

<net id="923"><net_src comp="402" pin="0"/><net_sink comp="920" pin=0"/></net>

<net id="927"><net_src comp="402" pin="0"/><net_sink comp="924" pin=0"/></net>

<net id="931"><net_src comp="402" pin="0"/><net_sink comp="928" pin=0"/></net>

<net id="935"><net_src comp="402" pin="0"/><net_sink comp="932" pin=0"/></net>

<net id="939"><net_src comp="402" pin="0"/><net_sink comp="936" pin=0"/></net>

<net id="943"><net_src comp="402" pin="0"/><net_sink comp="940" pin=0"/></net>

<net id="947"><net_src comp="402" pin="0"/><net_sink comp="944" pin=0"/></net>

<net id="951"><net_src comp="402" pin="0"/><net_sink comp="948" pin=0"/></net>

<net id="955"><net_src comp="402" pin="0"/><net_sink comp="952" pin=0"/></net>

<net id="959"><net_src comp="402" pin="0"/><net_sink comp="956" pin=0"/></net>

<net id="963"><net_src comp="402" pin="0"/><net_sink comp="960" pin=0"/></net>

<net id="967"><net_src comp="402" pin="0"/><net_sink comp="964" pin=0"/></net>

<net id="971"><net_src comp="402" pin="0"/><net_sink comp="968" pin=0"/></net>

<net id="975"><net_src comp="402" pin="0"/><net_sink comp="972" pin=0"/></net>

<net id="979"><net_src comp="402" pin="0"/><net_sink comp="976" pin=0"/></net>

<net id="983"><net_src comp="402" pin="0"/><net_sink comp="980" pin=0"/></net>

<net id="987"><net_src comp="402" pin="0"/><net_sink comp="984" pin=0"/></net>

<net id="991"><net_src comp="402" pin="0"/><net_sink comp="988" pin=0"/></net>

<net id="995"><net_src comp="402" pin="0"/><net_sink comp="992" pin=0"/></net>

<net id="999"><net_src comp="402" pin="0"/><net_sink comp="996" pin=0"/></net>

<net id="1003"><net_src comp="402" pin="0"/><net_sink comp="1000" pin=0"/></net>

<net id="1007"><net_src comp="402" pin="0"/><net_sink comp="1004" pin=0"/></net>

<net id="1011"><net_src comp="402" pin="0"/><net_sink comp="1008" pin=0"/></net>

<net id="1015"><net_src comp="402" pin="0"/><net_sink comp="1012" pin=0"/></net>

<net id="1019"><net_src comp="402" pin="0"/><net_sink comp="1016" pin=0"/></net>

<net id="1023"><net_src comp="402" pin="0"/><net_sink comp="1020" pin=0"/></net>

<net id="1027"><net_src comp="402" pin="0"/><net_sink comp="1024" pin=0"/></net>

<net id="1031"><net_src comp="402" pin="0"/><net_sink comp="1028" pin=0"/></net>

<net id="1035"><net_src comp="402" pin="0"/><net_sink comp="1032" pin=0"/></net>

<net id="1039"><net_src comp="402" pin="0"/><net_sink comp="1036" pin=0"/></net>

<net id="1043"><net_src comp="402" pin="0"/><net_sink comp="1040" pin=0"/></net>

<net id="1047"><net_src comp="402" pin="0"/><net_sink comp="1044" pin=0"/></net>

<net id="1051"><net_src comp="402" pin="0"/><net_sink comp="1048" pin=0"/></net>

<net id="1055"><net_src comp="402" pin="0"/><net_sink comp="1052" pin=0"/></net>

<net id="1059"><net_src comp="402" pin="0"/><net_sink comp="1056" pin=0"/></net>

<net id="1063"><net_src comp="402" pin="0"/><net_sink comp="1060" pin=0"/></net>

<net id="1067"><net_src comp="402" pin="0"/><net_sink comp="1064" pin=0"/></net>

<net id="1071"><net_src comp="402" pin="0"/><net_sink comp="1068" pin=0"/></net>

<net id="1075"><net_src comp="402" pin="0"/><net_sink comp="1072" pin=0"/></net>

<net id="1079"><net_src comp="402" pin="0"/><net_sink comp="1076" pin=0"/></net>

<net id="1083"><net_src comp="402" pin="0"/><net_sink comp="1080" pin=0"/></net>

<net id="1087"><net_src comp="402" pin="0"/><net_sink comp="1084" pin=0"/></net>

<net id="1091"><net_src comp="402" pin="0"/><net_sink comp="1088" pin=0"/></net>

<net id="1095"><net_src comp="402" pin="0"/><net_sink comp="1092" pin=0"/></net>

<net id="1099"><net_src comp="402" pin="0"/><net_sink comp="1096" pin=0"/></net>

<net id="1103"><net_src comp="402" pin="0"/><net_sink comp="1100" pin=0"/></net>

<net id="1107"><net_src comp="402" pin="0"/><net_sink comp="1104" pin=0"/></net>

<net id="1111"><net_src comp="402" pin="0"/><net_sink comp="1108" pin=0"/></net>

<net id="1115"><net_src comp="402" pin="0"/><net_sink comp="1112" pin=0"/></net>

<net id="1119"><net_src comp="402" pin="0"/><net_sink comp="1116" pin=0"/></net>

<net id="1123"><net_src comp="402" pin="0"/><net_sink comp="1120" pin=0"/></net>

<net id="1127"><net_src comp="402" pin="0"/><net_sink comp="1124" pin=0"/></net>

<net id="1131"><net_src comp="402" pin="0"/><net_sink comp="1128" pin=0"/></net>

<net id="1135"><net_src comp="402" pin="0"/><net_sink comp="1132" pin=0"/></net>

<net id="1139"><net_src comp="402" pin="0"/><net_sink comp="1136" pin=0"/></net>

<net id="1143"><net_src comp="402" pin="0"/><net_sink comp="1140" pin=0"/></net>

<net id="1147"><net_src comp="402" pin="0"/><net_sink comp="1144" pin=0"/></net>

<net id="1151"><net_src comp="402" pin="0"/><net_sink comp="1148" pin=0"/></net>

<net id="1155"><net_src comp="402" pin="0"/><net_sink comp="1152" pin=0"/></net>

<net id="1159"><net_src comp="402" pin="0"/><net_sink comp="1156" pin=0"/></net>

<net id="1163"><net_src comp="402" pin="0"/><net_sink comp="1160" pin=0"/></net>

<net id="1167"><net_src comp="402" pin="0"/><net_sink comp="1164" pin=0"/></net>

<net id="1171"><net_src comp="402" pin="0"/><net_sink comp="1168" pin=0"/></net>

<net id="1175"><net_src comp="402" pin="0"/><net_sink comp="1172" pin=0"/></net>

<net id="1179"><net_src comp="402" pin="0"/><net_sink comp="1176" pin=0"/></net>

<net id="1183"><net_src comp="402" pin="0"/><net_sink comp="1180" pin=0"/></net>

<net id="1187"><net_src comp="402" pin="0"/><net_sink comp="1184" pin=0"/></net>

<net id="1191"><net_src comp="402" pin="0"/><net_sink comp="1188" pin=0"/></net>

<net id="1195"><net_src comp="402" pin="0"/><net_sink comp="1192" pin=0"/></net>

<net id="1199"><net_src comp="402" pin="0"/><net_sink comp="1196" pin=0"/></net>

<net id="1203"><net_src comp="402" pin="0"/><net_sink comp="1200" pin=0"/></net>

<net id="1207"><net_src comp="402" pin="0"/><net_sink comp="1204" pin=0"/></net>

<net id="1211"><net_src comp="402" pin="0"/><net_sink comp="1208" pin=0"/></net>

<net id="1215"><net_src comp="402" pin="0"/><net_sink comp="1212" pin=0"/></net>

<net id="1219"><net_src comp="402" pin="0"/><net_sink comp="1216" pin=0"/></net>

<net id="1223"><net_src comp="402" pin="0"/><net_sink comp="1220" pin=0"/></net>

<net id="1227"><net_src comp="402" pin="0"/><net_sink comp="1224" pin=0"/></net>

<net id="1231"><net_src comp="402" pin="0"/><net_sink comp="1228" pin=0"/></net>

<net id="1235"><net_src comp="402" pin="0"/><net_sink comp="1232" pin=0"/></net>

<net id="1239"><net_src comp="402" pin="0"/><net_sink comp="1236" pin=0"/></net>

<net id="1243"><net_src comp="402" pin="0"/><net_sink comp="1240" pin=0"/></net>

<net id="1247"><net_src comp="402" pin="0"/><net_sink comp="1244" pin=0"/></net>

<net id="1251"><net_src comp="402" pin="0"/><net_sink comp="1248" pin=0"/></net>

<net id="1255"><net_src comp="402" pin="0"/><net_sink comp="1252" pin=0"/></net>

<net id="1259"><net_src comp="402" pin="0"/><net_sink comp="1256" pin=0"/></net>

<net id="1263"><net_src comp="402" pin="0"/><net_sink comp="1260" pin=0"/></net>

<net id="1267"><net_src comp="402" pin="0"/><net_sink comp="1264" pin=0"/></net>

<net id="1271"><net_src comp="402" pin="0"/><net_sink comp="1268" pin=0"/></net>

<net id="1275"><net_src comp="402" pin="0"/><net_sink comp="1272" pin=0"/></net>

<net id="1279"><net_src comp="402" pin="0"/><net_sink comp="1276" pin=0"/></net>

<net id="1283"><net_src comp="402" pin="0"/><net_sink comp="1280" pin=0"/></net>

<net id="1287"><net_src comp="402" pin="0"/><net_sink comp="1284" pin=0"/></net>

<net id="1291"><net_src comp="402" pin="0"/><net_sink comp="1288" pin=0"/></net>

<net id="1295"><net_src comp="402" pin="0"/><net_sink comp="1292" pin=0"/></net>

<net id="1299"><net_src comp="402" pin="0"/><net_sink comp="1296" pin=0"/></net>

<net id="1303"><net_src comp="402" pin="0"/><net_sink comp="1300" pin=0"/></net>

<net id="1307"><net_src comp="402" pin="0"/><net_sink comp="1304" pin=0"/></net>

<net id="1311"><net_src comp="402" pin="0"/><net_sink comp="1308" pin=0"/></net>

<net id="1316"><net_src comp="426" pin="0"/><net_sink comp="1312" pin=0"/></net>

<net id="1317"><net_src comp="0" pin="0"/><net_sink comp="1312" pin=1"/></net>

<net id="1323"><net_src comp="506" pin="0"/><net_sink comp="1318" pin=0"/></net>

<net id="1324"><net_src comp="2" pin="0"/><net_sink comp="1318" pin=1"/></net>

<net id="1330"><net_src comp="506" pin="0"/><net_sink comp="1325" pin=0"/></net>

<net id="1331"><net_src comp="4" pin="0"/><net_sink comp="1325" pin=1"/></net>

<net id="1337"><net_src comp="506" pin="0"/><net_sink comp="1332" pin=0"/></net>

<net id="1338"><net_src comp="6" pin="0"/><net_sink comp="1332" pin=1"/></net>

<net id="1344"><net_src comp="506" pin="0"/><net_sink comp="1339" pin=0"/></net>

<net id="1345"><net_src comp="8" pin="0"/><net_sink comp="1339" pin=1"/></net>

<net id="1351"><net_src comp="506" pin="0"/><net_sink comp="1346" pin=0"/></net>

<net id="1352"><net_src comp="10" pin="0"/><net_sink comp="1346" pin=1"/></net>

<net id="1358"><net_src comp="506" pin="0"/><net_sink comp="1353" pin=0"/></net>

<net id="1359"><net_src comp="12" pin="0"/><net_sink comp="1353" pin=1"/></net>

<net id="1365"><net_src comp="506" pin="0"/><net_sink comp="1360" pin=0"/></net>

<net id="1366"><net_src comp="14" pin="0"/><net_sink comp="1360" pin=1"/></net>

<net id="1372"><net_src comp="506" pin="0"/><net_sink comp="1367" pin=0"/></net>

<net id="1373"><net_src comp="16" pin="0"/><net_sink comp="1367" pin=1"/></net>

<net id="1379"><net_src comp="506" pin="0"/><net_sink comp="1374" pin=0"/></net>

<net id="1380"><net_src comp="18" pin="0"/><net_sink comp="1374" pin=1"/></net>

<net id="1386"><net_src comp="506" pin="0"/><net_sink comp="1381" pin=0"/></net>

<net id="1387"><net_src comp="20" pin="0"/><net_sink comp="1381" pin=1"/></net>

<net id="1393"><net_src comp="506" pin="0"/><net_sink comp="1388" pin=0"/></net>

<net id="1394"><net_src comp="22" pin="0"/><net_sink comp="1388" pin=1"/></net>

<net id="1400"><net_src comp="506" pin="0"/><net_sink comp="1395" pin=0"/></net>

<net id="1401"><net_src comp="24" pin="0"/><net_sink comp="1395" pin=1"/></net>

<net id="1407"><net_src comp="506" pin="0"/><net_sink comp="1402" pin=0"/></net>

<net id="1408"><net_src comp="26" pin="0"/><net_sink comp="1402" pin=1"/></net>

<net id="1414"><net_src comp="506" pin="0"/><net_sink comp="1409" pin=0"/></net>

<net id="1415"><net_src comp="28" pin="0"/><net_sink comp="1409" pin=1"/></net>

<net id="1421"><net_src comp="506" pin="0"/><net_sink comp="1416" pin=0"/></net>

<net id="1422"><net_src comp="30" pin="0"/><net_sink comp="1416" pin=1"/></net>

<net id="1428"><net_src comp="506" pin="0"/><net_sink comp="1423" pin=0"/></net>

<net id="1429"><net_src comp="32" pin="0"/><net_sink comp="1423" pin=1"/></net>

<net id="1435"><net_src comp="506" pin="0"/><net_sink comp="1430" pin=0"/></net>

<net id="1436"><net_src comp="34" pin="0"/><net_sink comp="1430" pin=1"/></net>

<net id="1442"><net_src comp="506" pin="0"/><net_sink comp="1437" pin=0"/></net>

<net id="1443"><net_src comp="36" pin="0"/><net_sink comp="1437" pin=1"/></net>

<net id="1449"><net_src comp="506" pin="0"/><net_sink comp="1444" pin=0"/></net>

<net id="1450"><net_src comp="38" pin="0"/><net_sink comp="1444" pin=1"/></net>

<net id="1456"><net_src comp="506" pin="0"/><net_sink comp="1451" pin=0"/></net>

<net id="1457"><net_src comp="40" pin="0"/><net_sink comp="1451" pin=1"/></net>

<net id="1463"><net_src comp="506" pin="0"/><net_sink comp="1458" pin=0"/></net>

<net id="1464"><net_src comp="42" pin="0"/><net_sink comp="1458" pin=1"/></net>

<net id="1470"><net_src comp="506" pin="0"/><net_sink comp="1465" pin=0"/></net>

<net id="1471"><net_src comp="44" pin="0"/><net_sink comp="1465" pin=1"/></net>

<net id="1477"><net_src comp="506" pin="0"/><net_sink comp="1472" pin=0"/></net>

<net id="1478"><net_src comp="46" pin="0"/><net_sink comp="1472" pin=1"/></net>

<net id="1484"><net_src comp="506" pin="0"/><net_sink comp="1479" pin=0"/></net>

<net id="1485"><net_src comp="48" pin="0"/><net_sink comp="1479" pin=1"/></net>

<net id="1491"><net_src comp="506" pin="0"/><net_sink comp="1486" pin=0"/></net>

<net id="1492"><net_src comp="50" pin="0"/><net_sink comp="1486" pin=1"/></net>

<net id="1498"><net_src comp="506" pin="0"/><net_sink comp="1493" pin=0"/></net>

<net id="1499"><net_src comp="52" pin="0"/><net_sink comp="1493" pin=1"/></net>

<net id="1505"><net_src comp="506" pin="0"/><net_sink comp="1500" pin=0"/></net>

<net id="1506"><net_src comp="54" pin="0"/><net_sink comp="1500" pin=1"/></net>

<net id="1512"><net_src comp="506" pin="0"/><net_sink comp="1507" pin=0"/></net>

<net id="1513"><net_src comp="56" pin="0"/><net_sink comp="1507" pin=1"/></net>

<net id="1519"><net_src comp="506" pin="0"/><net_sink comp="1514" pin=0"/></net>

<net id="1520"><net_src comp="58" pin="0"/><net_sink comp="1514" pin=1"/></net>

<net id="1526"><net_src comp="506" pin="0"/><net_sink comp="1521" pin=0"/></net>

<net id="1527"><net_src comp="60" pin="0"/><net_sink comp="1521" pin=1"/></net>

<net id="1533"><net_src comp="506" pin="0"/><net_sink comp="1528" pin=0"/></net>

<net id="1534"><net_src comp="62" pin="0"/><net_sink comp="1528" pin=1"/></net>

<net id="1540"><net_src comp="506" pin="0"/><net_sink comp="1535" pin=0"/></net>

<net id="1541"><net_src comp="64" pin="0"/><net_sink comp="1535" pin=1"/></net>

<net id="1547"><net_src comp="506" pin="0"/><net_sink comp="1542" pin=0"/></net>

<net id="1548"><net_src comp="66" pin="0"/><net_sink comp="1542" pin=1"/></net>

<net id="1554"><net_src comp="506" pin="0"/><net_sink comp="1549" pin=0"/></net>

<net id="1555"><net_src comp="68" pin="0"/><net_sink comp="1549" pin=1"/></net>

<net id="1561"><net_src comp="506" pin="0"/><net_sink comp="1556" pin=0"/></net>

<net id="1562"><net_src comp="70" pin="0"/><net_sink comp="1556" pin=1"/></net>

<net id="1568"><net_src comp="506" pin="0"/><net_sink comp="1563" pin=0"/></net>

<net id="1569"><net_src comp="72" pin="0"/><net_sink comp="1563" pin=1"/></net>

<net id="1575"><net_src comp="506" pin="0"/><net_sink comp="1570" pin=0"/></net>

<net id="1576"><net_src comp="74" pin="0"/><net_sink comp="1570" pin=1"/></net>

<net id="1582"><net_src comp="506" pin="0"/><net_sink comp="1577" pin=0"/></net>

<net id="1583"><net_src comp="76" pin="0"/><net_sink comp="1577" pin=1"/></net>

<net id="1589"><net_src comp="506" pin="0"/><net_sink comp="1584" pin=0"/></net>

<net id="1590"><net_src comp="78" pin="0"/><net_sink comp="1584" pin=1"/></net>

<net id="1596"><net_src comp="506" pin="0"/><net_sink comp="1591" pin=0"/></net>

<net id="1597"><net_src comp="80" pin="0"/><net_sink comp="1591" pin=1"/></net>

<net id="1603"><net_src comp="506" pin="0"/><net_sink comp="1598" pin=0"/></net>

<net id="1604"><net_src comp="82" pin="0"/><net_sink comp="1598" pin=1"/></net>

<net id="1610"><net_src comp="506" pin="0"/><net_sink comp="1605" pin=0"/></net>

<net id="1611"><net_src comp="84" pin="0"/><net_sink comp="1605" pin=1"/></net>

<net id="1617"><net_src comp="506" pin="0"/><net_sink comp="1612" pin=0"/></net>

<net id="1618"><net_src comp="86" pin="0"/><net_sink comp="1612" pin=1"/></net>

<net id="1624"><net_src comp="506" pin="0"/><net_sink comp="1619" pin=0"/></net>

<net id="1625"><net_src comp="88" pin="0"/><net_sink comp="1619" pin=1"/></net>

<net id="1631"><net_src comp="506" pin="0"/><net_sink comp="1626" pin=0"/></net>

<net id="1632"><net_src comp="90" pin="0"/><net_sink comp="1626" pin=1"/></net>

<net id="1638"><net_src comp="506" pin="0"/><net_sink comp="1633" pin=0"/></net>

<net id="1639"><net_src comp="92" pin="0"/><net_sink comp="1633" pin=1"/></net>

<net id="1645"><net_src comp="506" pin="0"/><net_sink comp="1640" pin=0"/></net>

<net id="1646"><net_src comp="94" pin="0"/><net_sink comp="1640" pin=1"/></net>

<net id="1652"><net_src comp="506" pin="0"/><net_sink comp="1647" pin=0"/></net>

<net id="1653"><net_src comp="96" pin="0"/><net_sink comp="1647" pin=1"/></net>

<net id="1659"><net_src comp="506" pin="0"/><net_sink comp="1654" pin=0"/></net>

<net id="1660"><net_src comp="98" pin="0"/><net_sink comp="1654" pin=1"/></net>

<net id="1666"><net_src comp="506" pin="0"/><net_sink comp="1661" pin=0"/></net>

<net id="1667"><net_src comp="100" pin="0"/><net_sink comp="1661" pin=1"/></net>

<net id="1673"><net_src comp="506" pin="0"/><net_sink comp="1668" pin=0"/></net>

<net id="1674"><net_src comp="102" pin="0"/><net_sink comp="1668" pin=1"/></net>

<net id="1680"><net_src comp="506" pin="0"/><net_sink comp="1675" pin=0"/></net>

<net id="1681"><net_src comp="104" pin="0"/><net_sink comp="1675" pin=1"/></net>

<net id="1687"><net_src comp="506" pin="0"/><net_sink comp="1682" pin=0"/></net>

<net id="1688"><net_src comp="106" pin="0"/><net_sink comp="1682" pin=1"/></net>

<net id="1694"><net_src comp="506" pin="0"/><net_sink comp="1689" pin=0"/></net>

<net id="1695"><net_src comp="108" pin="0"/><net_sink comp="1689" pin=1"/></net>

<net id="1701"><net_src comp="506" pin="0"/><net_sink comp="1696" pin=0"/></net>

<net id="1702"><net_src comp="110" pin="0"/><net_sink comp="1696" pin=1"/></net>

<net id="1708"><net_src comp="506" pin="0"/><net_sink comp="1703" pin=0"/></net>

<net id="1709"><net_src comp="112" pin="0"/><net_sink comp="1703" pin=1"/></net>

<net id="1715"><net_src comp="506" pin="0"/><net_sink comp="1710" pin=0"/></net>

<net id="1716"><net_src comp="114" pin="0"/><net_sink comp="1710" pin=1"/></net>

<net id="1722"><net_src comp="506" pin="0"/><net_sink comp="1717" pin=0"/></net>

<net id="1723"><net_src comp="116" pin="0"/><net_sink comp="1717" pin=1"/></net>

<net id="1729"><net_src comp="506" pin="0"/><net_sink comp="1724" pin=0"/></net>

<net id="1730"><net_src comp="118" pin="0"/><net_sink comp="1724" pin=1"/></net>

<net id="1736"><net_src comp="506" pin="0"/><net_sink comp="1731" pin=0"/></net>

<net id="1737"><net_src comp="120" pin="0"/><net_sink comp="1731" pin=1"/></net>

<net id="1743"><net_src comp="506" pin="0"/><net_sink comp="1738" pin=0"/></net>

<net id="1744"><net_src comp="122" pin="0"/><net_sink comp="1738" pin=1"/></net>

<net id="1750"><net_src comp="506" pin="0"/><net_sink comp="1745" pin=0"/></net>

<net id="1751"><net_src comp="124" pin="0"/><net_sink comp="1745" pin=1"/></net>

<net id="1757"><net_src comp="506" pin="0"/><net_sink comp="1752" pin=0"/></net>

<net id="1758"><net_src comp="126" pin="0"/><net_sink comp="1752" pin=1"/></net>

<net id="1764"><net_src comp="506" pin="0"/><net_sink comp="1759" pin=0"/></net>

<net id="1765"><net_src comp="128" pin="0"/><net_sink comp="1759" pin=1"/></net>

<net id="1771"><net_src comp="506" pin="0"/><net_sink comp="1766" pin=0"/></net>

<net id="1772"><net_src comp="130" pin="0"/><net_sink comp="1766" pin=1"/></net>

<net id="1778"><net_src comp="506" pin="0"/><net_sink comp="1773" pin=0"/></net>

<net id="1779"><net_src comp="132" pin="0"/><net_sink comp="1773" pin=1"/></net>

<net id="1785"><net_src comp="506" pin="0"/><net_sink comp="1780" pin=0"/></net>

<net id="1786"><net_src comp="134" pin="0"/><net_sink comp="1780" pin=1"/></net>

<net id="1792"><net_src comp="506" pin="0"/><net_sink comp="1787" pin=0"/></net>

<net id="1793"><net_src comp="136" pin="0"/><net_sink comp="1787" pin=1"/></net>

<net id="1799"><net_src comp="506" pin="0"/><net_sink comp="1794" pin=0"/></net>

<net id="1800"><net_src comp="138" pin="0"/><net_sink comp="1794" pin=1"/></net>

<net id="1806"><net_src comp="506" pin="0"/><net_sink comp="1801" pin=0"/></net>

<net id="1807"><net_src comp="140" pin="0"/><net_sink comp="1801" pin=1"/></net>

<net id="1813"><net_src comp="506" pin="0"/><net_sink comp="1808" pin=0"/></net>

<net id="1814"><net_src comp="142" pin="0"/><net_sink comp="1808" pin=1"/></net>

<net id="1820"><net_src comp="506" pin="0"/><net_sink comp="1815" pin=0"/></net>

<net id="1821"><net_src comp="144" pin="0"/><net_sink comp="1815" pin=1"/></net>

<net id="1827"><net_src comp="506" pin="0"/><net_sink comp="1822" pin=0"/></net>

<net id="1828"><net_src comp="146" pin="0"/><net_sink comp="1822" pin=1"/></net>

<net id="1834"><net_src comp="506" pin="0"/><net_sink comp="1829" pin=0"/></net>

<net id="1835"><net_src comp="148" pin="0"/><net_sink comp="1829" pin=1"/></net>

<net id="1841"><net_src comp="506" pin="0"/><net_sink comp="1836" pin=0"/></net>

<net id="1842"><net_src comp="150" pin="0"/><net_sink comp="1836" pin=1"/></net>

<net id="1848"><net_src comp="506" pin="0"/><net_sink comp="1843" pin=0"/></net>

<net id="1849"><net_src comp="152" pin="0"/><net_sink comp="1843" pin=1"/></net>

<net id="1855"><net_src comp="506" pin="0"/><net_sink comp="1850" pin=0"/></net>

<net id="1856"><net_src comp="154" pin="0"/><net_sink comp="1850" pin=1"/></net>

<net id="1862"><net_src comp="506" pin="0"/><net_sink comp="1857" pin=0"/></net>

<net id="1863"><net_src comp="156" pin="0"/><net_sink comp="1857" pin=1"/></net>

<net id="1869"><net_src comp="506" pin="0"/><net_sink comp="1864" pin=0"/></net>

<net id="1870"><net_src comp="158" pin="0"/><net_sink comp="1864" pin=1"/></net>

<net id="1876"><net_src comp="506" pin="0"/><net_sink comp="1871" pin=0"/></net>

<net id="1877"><net_src comp="160" pin="0"/><net_sink comp="1871" pin=1"/></net>

<net id="1883"><net_src comp="506" pin="0"/><net_sink comp="1878" pin=0"/></net>

<net id="1884"><net_src comp="162" pin="0"/><net_sink comp="1878" pin=1"/></net>

<net id="1890"><net_src comp="506" pin="0"/><net_sink comp="1885" pin=0"/></net>

<net id="1891"><net_src comp="164" pin="0"/><net_sink comp="1885" pin=1"/></net>

<net id="1897"><net_src comp="506" pin="0"/><net_sink comp="1892" pin=0"/></net>

<net id="1898"><net_src comp="166" pin="0"/><net_sink comp="1892" pin=1"/></net>

<net id="1904"><net_src comp="506" pin="0"/><net_sink comp="1899" pin=0"/></net>

<net id="1905"><net_src comp="168" pin="0"/><net_sink comp="1899" pin=1"/></net>

<net id="1911"><net_src comp="506" pin="0"/><net_sink comp="1906" pin=0"/></net>

<net id="1912"><net_src comp="170" pin="0"/><net_sink comp="1906" pin=1"/></net>

<net id="1918"><net_src comp="506" pin="0"/><net_sink comp="1913" pin=0"/></net>

<net id="1919"><net_src comp="172" pin="0"/><net_sink comp="1913" pin=1"/></net>

<net id="1925"><net_src comp="506" pin="0"/><net_sink comp="1920" pin=0"/></net>

<net id="1926"><net_src comp="174" pin="0"/><net_sink comp="1920" pin=1"/></net>

<net id="1932"><net_src comp="506" pin="0"/><net_sink comp="1927" pin=0"/></net>

<net id="1933"><net_src comp="176" pin="0"/><net_sink comp="1927" pin=1"/></net>

<net id="1939"><net_src comp="506" pin="0"/><net_sink comp="1934" pin=0"/></net>

<net id="1940"><net_src comp="178" pin="0"/><net_sink comp="1934" pin=1"/></net>

<net id="1946"><net_src comp="506" pin="0"/><net_sink comp="1941" pin=0"/></net>

<net id="1947"><net_src comp="180" pin="0"/><net_sink comp="1941" pin=1"/></net>

<net id="1953"><net_src comp="506" pin="0"/><net_sink comp="1948" pin=0"/></net>

<net id="1954"><net_src comp="182" pin="0"/><net_sink comp="1948" pin=1"/></net>

<net id="1960"><net_src comp="506" pin="0"/><net_sink comp="1955" pin=0"/></net>

<net id="1961"><net_src comp="184" pin="0"/><net_sink comp="1955" pin=1"/></net>

<net id="1967"><net_src comp="506" pin="0"/><net_sink comp="1962" pin=0"/></net>

<net id="1968"><net_src comp="186" pin="0"/><net_sink comp="1962" pin=1"/></net>

<net id="1974"><net_src comp="506" pin="0"/><net_sink comp="1969" pin=0"/></net>

<net id="1975"><net_src comp="188" pin="0"/><net_sink comp="1969" pin=1"/></net>

<net id="1981"><net_src comp="506" pin="0"/><net_sink comp="1976" pin=0"/></net>

<net id="1982"><net_src comp="190" pin="0"/><net_sink comp="1976" pin=1"/></net>

<net id="1988"><net_src comp="506" pin="0"/><net_sink comp="1983" pin=0"/></net>

<net id="1989"><net_src comp="192" pin="0"/><net_sink comp="1983" pin=1"/></net>

<net id="1995"><net_src comp="506" pin="0"/><net_sink comp="1990" pin=0"/></net>

<net id="1996"><net_src comp="194" pin="0"/><net_sink comp="1990" pin=1"/></net>

<net id="2002"><net_src comp="506" pin="0"/><net_sink comp="1997" pin=0"/></net>

<net id="2003"><net_src comp="196" pin="0"/><net_sink comp="1997" pin=1"/></net>

<net id="2009"><net_src comp="506" pin="0"/><net_sink comp="2004" pin=0"/></net>

<net id="2010"><net_src comp="198" pin="0"/><net_sink comp="2004" pin=1"/></net>

<net id="2016"><net_src comp="506" pin="0"/><net_sink comp="2011" pin=0"/></net>

<net id="2017"><net_src comp="200" pin="0"/><net_sink comp="2011" pin=1"/></net>

<net id="2023"><net_src comp="506" pin="0"/><net_sink comp="2018" pin=0"/></net>

<net id="2024"><net_src comp="202" pin="0"/><net_sink comp="2018" pin=1"/></net>

<net id="2030"><net_src comp="506" pin="0"/><net_sink comp="2025" pin=0"/></net>

<net id="2031"><net_src comp="204" pin="0"/><net_sink comp="2025" pin=1"/></net>

<net id="2037"><net_src comp="506" pin="0"/><net_sink comp="2032" pin=0"/></net>

<net id="2038"><net_src comp="206" pin="0"/><net_sink comp="2032" pin=1"/></net>

<net id="2044"><net_src comp="506" pin="0"/><net_sink comp="2039" pin=0"/></net>

<net id="2045"><net_src comp="208" pin="0"/><net_sink comp="2039" pin=1"/></net>

<net id="2051"><net_src comp="506" pin="0"/><net_sink comp="2046" pin=0"/></net>

<net id="2052"><net_src comp="210" pin="0"/><net_sink comp="2046" pin=1"/></net>

<net id="2058"><net_src comp="506" pin="0"/><net_sink comp="2053" pin=0"/></net>

<net id="2059"><net_src comp="212" pin="0"/><net_sink comp="2053" pin=1"/></net>

<net id="2065"><net_src comp="506" pin="0"/><net_sink comp="2060" pin=0"/></net>

<net id="2066"><net_src comp="214" pin="0"/><net_sink comp="2060" pin=1"/></net>

<net id="2072"><net_src comp="506" pin="0"/><net_sink comp="2067" pin=0"/></net>

<net id="2073"><net_src comp="216" pin="0"/><net_sink comp="2067" pin=1"/></net>

<net id="2079"><net_src comp="506" pin="0"/><net_sink comp="2074" pin=0"/></net>

<net id="2080"><net_src comp="218" pin="0"/><net_sink comp="2074" pin=1"/></net>

<net id="2086"><net_src comp="506" pin="0"/><net_sink comp="2081" pin=0"/></net>

<net id="2087"><net_src comp="220" pin="0"/><net_sink comp="2081" pin=1"/></net>

<net id="2093"><net_src comp="506" pin="0"/><net_sink comp="2088" pin=0"/></net>

<net id="2094"><net_src comp="222" pin="0"/><net_sink comp="2088" pin=1"/></net>

<net id="2100"><net_src comp="506" pin="0"/><net_sink comp="2095" pin=0"/></net>

<net id="2101"><net_src comp="224" pin="0"/><net_sink comp="2095" pin=1"/></net>

<net id="2107"><net_src comp="506" pin="0"/><net_sink comp="2102" pin=0"/></net>

<net id="2108"><net_src comp="226" pin="0"/><net_sink comp="2102" pin=1"/></net>

<net id="2114"><net_src comp="506" pin="0"/><net_sink comp="2109" pin=0"/></net>

<net id="2115"><net_src comp="228" pin="0"/><net_sink comp="2109" pin=1"/></net>

<net id="2121"><net_src comp="506" pin="0"/><net_sink comp="2116" pin=0"/></net>

<net id="2122"><net_src comp="230" pin="0"/><net_sink comp="2116" pin=1"/></net>

<net id="2128"><net_src comp="506" pin="0"/><net_sink comp="2123" pin=0"/></net>

<net id="2129"><net_src comp="232" pin="0"/><net_sink comp="2123" pin=1"/></net>

<net id="2135"><net_src comp="506" pin="0"/><net_sink comp="2130" pin=0"/></net>

<net id="2136"><net_src comp="234" pin="0"/><net_sink comp="2130" pin=1"/></net>

<net id="2142"><net_src comp="506" pin="0"/><net_sink comp="2137" pin=0"/></net>

<net id="2143"><net_src comp="236" pin="0"/><net_sink comp="2137" pin=1"/></net>

<net id="2149"><net_src comp="506" pin="0"/><net_sink comp="2144" pin=0"/></net>

<net id="2150"><net_src comp="238" pin="0"/><net_sink comp="2144" pin=1"/></net>

<net id="2156"><net_src comp="506" pin="0"/><net_sink comp="2151" pin=0"/></net>

<net id="2157"><net_src comp="240" pin="0"/><net_sink comp="2151" pin=1"/></net>

<net id="2163"><net_src comp="506" pin="0"/><net_sink comp="2158" pin=0"/></net>

<net id="2164"><net_src comp="242" pin="0"/><net_sink comp="2158" pin=1"/></net>

<net id="2170"><net_src comp="506" pin="0"/><net_sink comp="2165" pin=0"/></net>

<net id="2171"><net_src comp="244" pin="0"/><net_sink comp="2165" pin=1"/></net>

<net id="2177"><net_src comp="506" pin="0"/><net_sink comp="2172" pin=0"/></net>

<net id="2178"><net_src comp="246" pin="0"/><net_sink comp="2172" pin=1"/></net>

<net id="2184"><net_src comp="506" pin="0"/><net_sink comp="2179" pin=0"/></net>

<net id="2185"><net_src comp="248" pin="0"/><net_sink comp="2179" pin=1"/></net>

<net id="2191"><net_src comp="506" pin="0"/><net_sink comp="2186" pin=0"/></net>

<net id="2192"><net_src comp="250" pin="0"/><net_sink comp="2186" pin=1"/></net>

<net id="2198"><net_src comp="506" pin="0"/><net_sink comp="2193" pin=0"/></net>

<net id="2199"><net_src comp="252" pin="0"/><net_sink comp="2193" pin=1"/></net>

<net id="2205"><net_src comp="506" pin="0"/><net_sink comp="2200" pin=0"/></net>

<net id="2206"><net_src comp="254" pin="0"/><net_sink comp="2200" pin=1"/></net>

<net id="2212"><net_src comp="506" pin="0"/><net_sink comp="2207" pin=0"/></net>

<net id="2213"><net_src comp="256" pin="0"/><net_sink comp="2207" pin=1"/></net>

<net id="2219"><net_src comp="506" pin="0"/><net_sink comp="2214" pin=0"/></net>

<net id="2220"><net_src comp="258" pin="0"/><net_sink comp="2214" pin=1"/></net>

<net id="2226"><net_src comp="506" pin="0"/><net_sink comp="2221" pin=0"/></net>

<net id="2227"><net_src comp="260" pin="0"/><net_sink comp="2221" pin=1"/></net>

<net id="2233"><net_src comp="506" pin="0"/><net_sink comp="2228" pin=0"/></net>

<net id="2234"><net_src comp="262" pin="0"/><net_sink comp="2228" pin=1"/></net>

<net id="2240"><net_src comp="506" pin="0"/><net_sink comp="2235" pin=0"/></net>

<net id="2241"><net_src comp="264" pin="0"/><net_sink comp="2235" pin=1"/></net>

<net id="2247"><net_src comp="506" pin="0"/><net_sink comp="2242" pin=0"/></net>

<net id="2248"><net_src comp="266" pin="0"/><net_sink comp="2242" pin=1"/></net>

<net id="2254"><net_src comp="506" pin="0"/><net_sink comp="2249" pin=0"/></net>

<net id="2255"><net_src comp="268" pin="0"/><net_sink comp="2249" pin=1"/></net>

<net id="2261"><net_src comp="506" pin="0"/><net_sink comp="2256" pin=0"/></net>

<net id="2262"><net_src comp="270" pin="0"/><net_sink comp="2256" pin=1"/></net>

<net id="2268"><net_src comp="506" pin="0"/><net_sink comp="2263" pin=0"/></net>

<net id="2269"><net_src comp="272" pin="0"/><net_sink comp="2263" pin=1"/></net>

<net id="2275"><net_src comp="506" pin="0"/><net_sink comp="2270" pin=0"/></net>

<net id="2276"><net_src comp="274" pin="0"/><net_sink comp="2270" pin=1"/></net>

<net id="2282"><net_src comp="506" pin="0"/><net_sink comp="2277" pin=0"/></net>

<net id="2283"><net_src comp="276" pin="0"/><net_sink comp="2277" pin=1"/></net>

<net id="2289"><net_src comp="506" pin="0"/><net_sink comp="2284" pin=0"/></net>

<net id="2290"><net_src comp="278" pin="0"/><net_sink comp="2284" pin=1"/></net>

<net id="2296"><net_src comp="506" pin="0"/><net_sink comp="2291" pin=0"/></net>

<net id="2297"><net_src comp="280" pin="0"/><net_sink comp="2291" pin=1"/></net>

<net id="2303"><net_src comp="506" pin="0"/><net_sink comp="2298" pin=0"/></net>

<net id="2304"><net_src comp="282" pin="0"/><net_sink comp="2298" pin=1"/></net>

<net id="2310"><net_src comp="506" pin="0"/><net_sink comp="2305" pin=0"/></net>

<net id="2311"><net_src comp="284" pin="0"/><net_sink comp="2305" pin=1"/></net>

<net id="2317"><net_src comp="506" pin="0"/><net_sink comp="2312" pin=0"/></net>

<net id="2318"><net_src comp="286" pin="0"/><net_sink comp="2312" pin=1"/></net>

<net id="2324"><net_src comp="506" pin="0"/><net_sink comp="2319" pin=0"/></net>

<net id="2325"><net_src comp="288" pin="0"/><net_sink comp="2319" pin=1"/></net>

<net id="2331"><net_src comp="506" pin="0"/><net_sink comp="2326" pin=0"/></net>

<net id="2332"><net_src comp="290" pin="0"/><net_sink comp="2326" pin=1"/></net>

<net id="2338"><net_src comp="506" pin="0"/><net_sink comp="2333" pin=0"/></net>

<net id="2339"><net_src comp="292" pin="0"/><net_sink comp="2333" pin=1"/></net>

<net id="2345"><net_src comp="506" pin="0"/><net_sink comp="2340" pin=0"/></net>

<net id="2346"><net_src comp="294" pin="0"/><net_sink comp="2340" pin=1"/></net>

<net id="2352"><net_src comp="506" pin="0"/><net_sink comp="2347" pin=0"/></net>

<net id="2353"><net_src comp="296" pin="0"/><net_sink comp="2347" pin=1"/></net>

<net id="2359"><net_src comp="506" pin="0"/><net_sink comp="2354" pin=0"/></net>

<net id="2360"><net_src comp="298" pin="0"/><net_sink comp="2354" pin=1"/></net>

<net id="2366"><net_src comp="506" pin="0"/><net_sink comp="2361" pin=0"/></net>

<net id="2367"><net_src comp="300" pin="0"/><net_sink comp="2361" pin=1"/></net>

<net id="2373"><net_src comp="506" pin="0"/><net_sink comp="2368" pin=0"/></net>

<net id="2374"><net_src comp="302" pin="0"/><net_sink comp="2368" pin=1"/></net>

<net id="2380"><net_src comp="506" pin="0"/><net_sink comp="2375" pin=0"/></net>

<net id="2381"><net_src comp="304" pin="0"/><net_sink comp="2375" pin=1"/></net>

<net id="2387"><net_src comp="506" pin="0"/><net_sink comp="2382" pin=0"/></net>

<net id="2388"><net_src comp="306" pin="0"/><net_sink comp="2382" pin=1"/></net>

<net id="2394"><net_src comp="506" pin="0"/><net_sink comp="2389" pin=0"/></net>

<net id="2395"><net_src comp="308" pin="0"/><net_sink comp="2389" pin=1"/></net>

<net id="2401"><net_src comp="506" pin="0"/><net_sink comp="2396" pin=0"/></net>

<net id="2402"><net_src comp="310" pin="0"/><net_sink comp="2396" pin=1"/></net>

<net id="2408"><net_src comp="506" pin="0"/><net_sink comp="2403" pin=0"/></net>

<net id="2409"><net_src comp="312" pin="0"/><net_sink comp="2403" pin=1"/></net>

<net id="2415"><net_src comp="506" pin="0"/><net_sink comp="2410" pin=0"/></net>

<net id="2416"><net_src comp="314" pin="0"/><net_sink comp="2410" pin=1"/></net>

<net id="2422"><net_src comp="506" pin="0"/><net_sink comp="2417" pin=0"/></net>

<net id="2423"><net_src comp="316" pin="0"/><net_sink comp="2417" pin=1"/></net>

<net id="2429"><net_src comp="506" pin="0"/><net_sink comp="2424" pin=0"/></net>

<net id="2430"><net_src comp="318" pin="0"/><net_sink comp="2424" pin=1"/></net>

<net id="2436"><net_src comp="506" pin="0"/><net_sink comp="2431" pin=0"/></net>

<net id="2437"><net_src comp="320" pin="0"/><net_sink comp="2431" pin=1"/></net>

<net id="2443"><net_src comp="506" pin="0"/><net_sink comp="2438" pin=0"/></net>

<net id="2444"><net_src comp="322" pin="0"/><net_sink comp="2438" pin=1"/></net>

<net id="2450"><net_src comp="506" pin="0"/><net_sink comp="2445" pin=0"/></net>

<net id="2451"><net_src comp="324" pin="0"/><net_sink comp="2445" pin=1"/></net>

<net id="2457"><net_src comp="506" pin="0"/><net_sink comp="2452" pin=0"/></net>

<net id="2458"><net_src comp="326" pin="0"/><net_sink comp="2452" pin=1"/></net>

<net id="2464"><net_src comp="506" pin="0"/><net_sink comp="2459" pin=0"/></net>

<net id="2465"><net_src comp="328" pin="0"/><net_sink comp="2459" pin=1"/></net>

<net id="2471"><net_src comp="506" pin="0"/><net_sink comp="2466" pin=0"/></net>

<net id="2472"><net_src comp="330" pin="0"/><net_sink comp="2466" pin=1"/></net>

<net id="2478"><net_src comp="506" pin="0"/><net_sink comp="2473" pin=0"/></net>

<net id="2479"><net_src comp="332" pin="0"/><net_sink comp="2473" pin=1"/></net>

<net id="2485"><net_src comp="506" pin="0"/><net_sink comp="2480" pin=0"/></net>

<net id="2486"><net_src comp="334" pin="0"/><net_sink comp="2480" pin=1"/></net>

<net id="2492"><net_src comp="506" pin="0"/><net_sink comp="2487" pin=0"/></net>

<net id="2493"><net_src comp="336" pin="0"/><net_sink comp="2487" pin=1"/></net>

<net id="2499"><net_src comp="506" pin="0"/><net_sink comp="2494" pin=0"/></net>

<net id="2500"><net_src comp="338" pin="0"/><net_sink comp="2494" pin=1"/></net>

<net id="2506"><net_src comp="506" pin="0"/><net_sink comp="2501" pin=0"/></net>

<net id="2507"><net_src comp="340" pin="0"/><net_sink comp="2501" pin=1"/></net>

<net id="2513"><net_src comp="506" pin="0"/><net_sink comp="2508" pin=0"/></net>

<net id="2514"><net_src comp="342" pin="0"/><net_sink comp="2508" pin=1"/></net>

<net id="2520"><net_src comp="506" pin="0"/><net_sink comp="2515" pin=0"/></net>

<net id="2521"><net_src comp="344" pin="0"/><net_sink comp="2515" pin=1"/></net>

<net id="2527"><net_src comp="506" pin="0"/><net_sink comp="2522" pin=0"/></net>

<net id="2528"><net_src comp="346" pin="0"/><net_sink comp="2522" pin=1"/></net>

<net id="2534"><net_src comp="506" pin="0"/><net_sink comp="2529" pin=0"/></net>

<net id="2535"><net_src comp="348" pin="0"/><net_sink comp="2529" pin=1"/></net>

<net id="2541"><net_src comp="506" pin="0"/><net_sink comp="2536" pin=0"/></net>

<net id="2542"><net_src comp="350" pin="0"/><net_sink comp="2536" pin=1"/></net>

<net id="2548"><net_src comp="506" pin="0"/><net_sink comp="2543" pin=0"/></net>

<net id="2549"><net_src comp="352" pin="0"/><net_sink comp="2543" pin=1"/></net>

<net id="2555"><net_src comp="506" pin="0"/><net_sink comp="2550" pin=0"/></net>

<net id="2556"><net_src comp="354" pin="0"/><net_sink comp="2550" pin=1"/></net>

<net id="2562"><net_src comp="506" pin="0"/><net_sink comp="2557" pin=0"/></net>

<net id="2563"><net_src comp="356" pin="0"/><net_sink comp="2557" pin=1"/></net>

<net id="2569"><net_src comp="506" pin="0"/><net_sink comp="2564" pin=0"/></net>

<net id="2570"><net_src comp="358" pin="0"/><net_sink comp="2564" pin=1"/></net>

<net id="2576"><net_src comp="506" pin="0"/><net_sink comp="2571" pin=0"/></net>

<net id="2577"><net_src comp="360" pin="0"/><net_sink comp="2571" pin=1"/></net>

<net id="2583"><net_src comp="506" pin="0"/><net_sink comp="2578" pin=0"/></net>

<net id="2584"><net_src comp="362" pin="0"/><net_sink comp="2578" pin=1"/></net>

<net id="2590"><net_src comp="506" pin="0"/><net_sink comp="2585" pin=0"/></net>

<net id="2591"><net_src comp="364" pin="0"/><net_sink comp="2585" pin=1"/></net>

<net id="2597"><net_src comp="506" pin="0"/><net_sink comp="2592" pin=0"/></net>

<net id="2598"><net_src comp="366" pin="0"/><net_sink comp="2592" pin=1"/></net>

<net id="2604"><net_src comp="506" pin="0"/><net_sink comp="2599" pin=0"/></net>

<net id="2605"><net_src comp="368" pin="0"/><net_sink comp="2599" pin=1"/></net>

<net id="2611"><net_src comp="506" pin="0"/><net_sink comp="2606" pin=0"/></net>

<net id="2612"><net_src comp="370" pin="0"/><net_sink comp="2606" pin=1"/></net>

<net id="2618"><net_src comp="506" pin="0"/><net_sink comp="2613" pin=0"/></net>

<net id="2619"><net_src comp="372" pin="0"/><net_sink comp="2613" pin=1"/></net>

<net id="2625"><net_src comp="506" pin="0"/><net_sink comp="2620" pin=0"/></net>

<net id="2626"><net_src comp="374" pin="0"/><net_sink comp="2620" pin=1"/></net>

<net id="2632"><net_src comp="506" pin="0"/><net_sink comp="2627" pin=0"/></net>

<net id="2633"><net_src comp="376" pin="0"/><net_sink comp="2627" pin=1"/></net>

<net id="2639"><net_src comp="506" pin="0"/><net_sink comp="2634" pin=0"/></net>

<net id="2640"><net_src comp="378" pin="0"/><net_sink comp="2634" pin=1"/></net>

<net id="2646"><net_src comp="506" pin="0"/><net_sink comp="2641" pin=0"/></net>

<net id="2647"><net_src comp="380" pin="0"/><net_sink comp="2641" pin=1"/></net>

<net id="2653"><net_src comp="506" pin="0"/><net_sink comp="2648" pin=0"/></net>

<net id="2654"><net_src comp="382" pin="0"/><net_sink comp="2648" pin=1"/></net>

<net id="2660"><net_src comp="506" pin="0"/><net_sink comp="2655" pin=0"/></net>

<net id="2661"><net_src comp="384" pin="0"/><net_sink comp="2655" pin=1"/></net>

<net id="2667"><net_src comp="506" pin="0"/><net_sink comp="2662" pin=0"/></net>

<net id="2668"><net_src comp="386" pin="0"/><net_sink comp="2662" pin=1"/></net>

<net id="2674"><net_src comp="506" pin="0"/><net_sink comp="2669" pin=0"/></net>

<net id="2675"><net_src comp="388" pin="0"/><net_sink comp="2669" pin=1"/></net>

<net id="2681"><net_src comp="506" pin="0"/><net_sink comp="2676" pin=0"/></net>

<net id="2682"><net_src comp="390" pin="0"/><net_sink comp="2676" pin=1"/></net>

<net id="2688"><net_src comp="506" pin="0"/><net_sink comp="2683" pin=0"/></net>

<net id="2689"><net_src comp="392" pin="0"/><net_sink comp="2683" pin=1"/></net>

<net id="2695"><net_src comp="506" pin="0"/><net_sink comp="2690" pin=0"/></net>

<net id="2696"><net_src comp="394" pin="0"/><net_sink comp="2690" pin=1"/></net>

<net id="2702"><net_src comp="506" pin="0"/><net_sink comp="2697" pin=0"/></net>

<net id="2703"><net_src comp="396" pin="0"/><net_sink comp="2697" pin=1"/></net>

<net id="2709"><net_src comp="506" pin="0"/><net_sink comp="2704" pin=0"/></net>

<net id="2710"><net_src comp="398" pin="0"/><net_sink comp="2704" pin=1"/></net>

<net id="2716"><net_src comp="506" pin="0"/><net_sink comp="2711" pin=0"/></net>

<net id="2717"><net_src comp="400" pin="0"/><net_sink comp="2711" pin=1"/></net>

<net id="2722"><net_src comp="414" pin="0"/><net_sink comp="2718" pin=0"/></net>

<net id="2729"><net_src comp="1312" pin="2"/><net_sink comp="2726" pin=0"/></net>

<net id="2736"><net_src comp="428" pin="0"/><net_sink comp="2730" pin=0"/></net>

<net id="2737"><net_src comp="1312" pin="2"/><net_sink comp="2730" pin=1"/></net>

<net id="2738"><net_src comp="430" pin="0"/><net_sink comp="2730" pin=2"/></net>

<net id="2739"><net_src comp="432" pin="0"/><net_sink comp="2730" pin=3"/></net>

<net id="2746"><net_src comp="428" pin="0"/><net_sink comp="2740" pin=0"/></net>

<net id="2747"><net_src comp="1312" pin="2"/><net_sink comp="2740" pin=1"/></net>

<net id="2748"><net_src comp="434" pin="0"/><net_sink comp="2740" pin=2"/></net>

<net id="2749"><net_src comp="436" pin="0"/><net_sink comp="2740" pin=3"/></net>

<net id="2756"><net_src comp="428" pin="0"/><net_sink comp="2750" pin=0"/></net>

<net id="2757"><net_src comp="1312" pin="2"/><net_sink comp="2750" pin=1"/></net>

<net id="2758"><net_src comp="438" pin="0"/><net_sink comp="2750" pin=2"/></net>

<net id="2759"><net_src comp="440" pin="0"/><net_sink comp="2750" pin=3"/></net>

<net id="2766"><net_src comp="428" pin="0"/><net_sink comp="2760" pin=0"/></net>

<net id="2767"><net_src comp="1312" pin="2"/><net_sink comp="2760" pin=1"/></net>

<net id="2768"><net_src comp="442" pin="0"/><net_sink comp="2760" pin=2"/></net>

<net id="2769"><net_src comp="444" pin="0"/><net_sink comp="2760" pin=3"/></net>

<net id="2776"><net_src comp="428" pin="0"/><net_sink comp="2770" pin=0"/></net>

<net id="2777"><net_src comp="1312" pin="2"/><net_sink comp="2770" pin=1"/></net>

<net id="2778"><net_src comp="446" pin="0"/><net_sink comp="2770" pin=2"/></net>

<net id="2779"><net_src comp="448" pin="0"/><net_sink comp="2770" pin=3"/></net>

<net id="2786"><net_src comp="428" pin="0"/><net_sink comp="2780" pin=0"/></net>

<net id="2787"><net_src comp="1312" pin="2"/><net_sink comp="2780" pin=1"/></net>

<net id="2788"><net_src comp="450" pin="0"/><net_sink comp="2780" pin=2"/></net>

<net id="2789"><net_src comp="452" pin="0"/><net_sink comp="2780" pin=3"/></net>

<net id="2796"><net_src comp="428" pin="0"/><net_sink comp="2790" pin=0"/></net>

<net id="2797"><net_src comp="1312" pin="2"/><net_sink comp="2790" pin=1"/></net>

<net id="2798"><net_src comp="454" pin="0"/><net_sink comp="2790" pin=2"/></net>

<net id="2799"><net_src comp="456" pin="0"/><net_sink comp="2790" pin=3"/></net>

<net id="2804"><net_src comp="2723" pin="1"/><net_sink comp="2800" pin=0"/></net>

<net id="2805"><net_src comp="458" pin="0"/><net_sink comp="2800" pin=1"/></net>

<net id="2833"><net_src comp="2723" pin="1"/><net_sink comp="2806" pin=0"/></net>

<net id="2834"><net_src comp="414" pin="0"/><net_sink comp="2806" pin=1"/></net>

<net id="2835"><net_src comp="458" pin="0"/><net_sink comp="2806" pin=2"/></net>

<net id="2836"><net_src comp="460" pin="0"/><net_sink comp="2806" pin=3"/></net>

<net id="2837"><net_src comp="462" pin="0"/><net_sink comp="2806" pin=4"/></net>

<net id="2838"><net_src comp="464" pin="0"/><net_sink comp="2806" pin=5"/></net>

<net id="2839"><net_src comp="466" pin="0"/><net_sink comp="2806" pin=6"/></net>

<net id="2840"><net_src comp="468" pin="0"/><net_sink comp="2806" pin=7"/></net>

<net id="2841"><net_src comp="470" pin="0"/><net_sink comp="2806" pin=8"/></net>

<net id="2842"><net_src comp="472" pin="0"/><net_sink comp="2806" pin=9"/></net>

<net id="2843"><net_src comp="474" pin="0"/><net_sink comp="2806" pin=10"/></net>

<net id="2844"><net_src comp="476" pin="0"/><net_sink comp="2806" pin=11"/></net>

<net id="2845"><net_src comp="478" pin="0"/><net_sink comp="2806" pin=12"/></net>

<net id="2846"><net_src comp="480" pin="0"/><net_sink comp="2806" pin=13"/></net>

<net id="2847"><net_src comp="482" pin="0"/><net_sink comp="2806" pin=14"/></net>

<net id="2848"><net_src comp="484" pin="0"/><net_sink comp="2806" pin=15"/></net>

<net id="2849"><net_src comp="486" pin="0"/><net_sink comp="2806" pin=16"/></net>

<net id="2850"><net_src comp="488" pin="0"/><net_sink comp="2806" pin=17"/></net>

<net id="2851"><net_src comp="490" pin="0"/><net_sink comp="2806" pin=18"/></net>

<net id="2852"><net_src comp="492" pin="0"/><net_sink comp="2806" pin=19"/></net>

<net id="2853"><net_src comp="494" pin="0"/><net_sink comp="2806" pin=20"/></net>

<net id="2854"><net_src comp="496" pin="0"/><net_sink comp="2806" pin=21"/></net>

<net id="2855"><net_src comp="498" pin="0"/><net_sink comp="2806" pin=22"/></net>

<net id="2856"><net_src comp="500" pin="0"/><net_sink comp="2806" pin=23"/></net>

<net id="2857"><net_src comp="502" pin="0"/><net_sink comp="2806" pin=24"/></net>

<net id="2862"><net_src comp="2726" pin="1"/><net_sink comp="2858" pin=0"/></net>

<net id="2867"><net_src comp="2730" pin="4"/><net_sink comp="2863" pin=0"/></net>

<net id="2872"><net_src comp="2740" pin="4"/><net_sink comp="2868" pin=0"/></net>

<net id="2877"><net_src comp="2750" pin="4"/><net_sink comp="2873" pin=0"/></net>

<net id="2882"><net_src comp="2760" pin="4"/><net_sink comp="2878" pin=0"/></net>

<net id="2887"><net_src comp="2770" pin="4"/><net_sink comp="2883" pin=0"/></net>

<net id="2892"><net_src comp="2780" pin="4"/><net_sink comp="2888" pin=0"/></net>

<net id="2897"><net_src comp="2790" pin="4"/><net_sink comp="2893" pin=0"/></net>

<net id="2902"><net_src comp="2726" pin="1"/><net_sink comp="2898" pin=0"/></net>

<net id="2907"><net_src comp="2730" pin="4"/><net_sink comp="2903" pin=0"/></net>

<net id="2912"><net_src comp="2740" pin="4"/><net_sink comp="2908" pin=0"/></net>

<net id="2917"><net_src comp="2750" pin="4"/><net_sink comp="2913" pin=0"/></net>

<net id="2922"><net_src comp="2760" pin="4"/><net_sink comp="2918" pin=0"/></net>

<net id="2927"><net_src comp="2770" pin="4"/><net_sink comp="2923" pin=0"/></net>

<net id="2932"><net_src comp="2780" pin="4"/><net_sink comp="2928" pin=0"/></net>

<net id="2937"><net_src comp="2790" pin="4"/><net_sink comp="2933" pin=0"/></net>

<net id="2942"><net_src comp="2726" pin="1"/><net_sink comp="2938" pin=0"/></net>

<net id="2947"><net_src comp="2730" pin="4"/><net_sink comp="2943" pin=0"/></net>

<net id="2952"><net_src comp="2740" pin="4"/><net_sink comp="2948" pin=0"/></net>

<net id="2957"><net_src comp="2750" pin="4"/><net_sink comp="2953" pin=0"/></net>

<net id="2962"><net_src comp="2760" pin="4"/><net_sink comp="2958" pin=0"/></net>

<net id="2967"><net_src comp="2770" pin="4"/><net_sink comp="2963" pin=0"/></net>

<net id="2972"><net_src comp="2780" pin="4"/><net_sink comp="2968" pin=0"/></net>

<net id="2977"><net_src comp="2790" pin="4"/><net_sink comp="2973" pin=0"/></net>

<net id="2982"><net_src comp="2726" pin="1"/><net_sink comp="2978" pin=0"/></net>

<net id="2987"><net_src comp="2730" pin="4"/><net_sink comp="2983" pin=0"/></net>

<net id="2992"><net_src comp="2740" pin="4"/><net_sink comp="2988" pin=0"/></net>

<net id="2997"><net_src comp="2750" pin="4"/><net_sink comp="2993" pin=0"/></net>

<net id="3002"><net_src comp="2760" pin="4"/><net_sink comp="2998" pin=0"/></net>

<net id="3007"><net_src comp="2770" pin="4"/><net_sink comp="3003" pin=0"/></net>

<net id="3012"><net_src comp="2780" pin="4"/><net_sink comp="3008" pin=0"/></net>

<net id="3017"><net_src comp="2790" pin="4"/><net_sink comp="3013" pin=0"/></net>

<net id="3022"><net_src comp="2726" pin="1"/><net_sink comp="3018" pin=0"/></net>

<net id="3027"><net_src comp="2730" pin="4"/><net_sink comp="3023" pin=0"/></net>

<net id="3032"><net_src comp="2740" pin="4"/><net_sink comp="3028" pin=0"/></net>

<net id="3037"><net_src comp="2750" pin="4"/><net_sink comp="3033" pin=0"/></net>

<net id="3042"><net_src comp="2760" pin="4"/><net_sink comp="3038" pin=0"/></net>

<net id="3047"><net_src comp="2770" pin="4"/><net_sink comp="3043" pin=0"/></net>

<net id="3052"><net_src comp="2780" pin="4"/><net_sink comp="3048" pin=0"/></net>

<net id="3057"><net_src comp="2790" pin="4"/><net_sink comp="3053" pin=0"/></net>

<net id="3062"><net_src comp="2726" pin="1"/><net_sink comp="3058" pin=0"/></net>

<net id="3067"><net_src comp="2730" pin="4"/><net_sink comp="3063" pin=0"/></net>

<net id="3072"><net_src comp="2740" pin="4"/><net_sink comp="3068" pin=0"/></net>

<net id="3077"><net_src comp="2750" pin="4"/><net_sink comp="3073" pin=0"/></net>

<net id="3082"><net_src comp="2760" pin="4"/><net_sink comp="3078" pin=0"/></net>

<net id="3087"><net_src comp="2770" pin="4"/><net_sink comp="3083" pin=0"/></net>

<net id="3092"><net_src comp="2780" pin="4"/><net_sink comp="3088" pin=0"/></net>

<net id="3097"><net_src comp="2790" pin="4"/><net_sink comp="3093" pin=0"/></net>

<net id="3102"><net_src comp="2726" pin="1"/><net_sink comp="3098" pin=0"/></net>

<net id="3107"><net_src comp="2730" pin="4"/><net_sink comp="3103" pin=0"/></net>

<net id="3112"><net_src comp="2740" pin="4"/><net_sink comp="3108" pin=0"/></net>

<net id="3117"><net_src comp="2750" pin="4"/><net_sink comp="3113" pin=0"/></net>

<net id="3122"><net_src comp="2760" pin="4"/><net_sink comp="3118" pin=0"/></net>

<net id="3127"><net_src comp="2770" pin="4"/><net_sink comp="3123" pin=0"/></net>

<net id="3132"><net_src comp="2780" pin="4"/><net_sink comp="3128" pin=0"/></net>

<net id="3137"><net_src comp="2790" pin="4"/><net_sink comp="3133" pin=0"/></net>

<net id="3142"><net_src comp="2726" pin="1"/><net_sink comp="3138" pin=0"/></net>

<net id="3147"><net_src comp="2730" pin="4"/><net_sink comp="3143" pin=0"/></net>

<net id="3152"><net_src comp="2740" pin="4"/><net_sink comp="3148" pin=0"/></net>

<net id="3157"><net_src comp="2750" pin="4"/><net_sink comp="3153" pin=0"/></net>

<net id="3162"><net_src comp="2760" pin="4"/><net_sink comp="3158" pin=0"/></net>

<net id="3167"><net_src comp="2770" pin="4"/><net_sink comp="3163" pin=0"/></net>

<net id="3172"><net_src comp="2780" pin="4"/><net_sink comp="3168" pin=0"/></net>

<net id="3177"><net_src comp="2790" pin="4"/><net_sink comp="3173" pin=0"/></net>

<net id="3182"><net_src comp="2726" pin="1"/><net_sink comp="3178" pin=0"/></net>

<net id="3187"><net_src comp="2730" pin="4"/><net_sink comp="3183" pin=0"/></net>

<net id="3192"><net_src comp="2740" pin="4"/><net_sink comp="3188" pin=0"/></net>

<net id="3197"><net_src comp="2750" pin="4"/><net_sink comp="3193" pin=0"/></net>

<net id="3202"><net_src comp="2760" pin="4"/><net_sink comp="3198" pin=0"/></net>

<net id="3207"><net_src comp="2770" pin="4"/><net_sink comp="3203" pin=0"/></net>

<net id="3212"><net_src comp="2780" pin="4"/><net_sink comp="3208" pin=0"/></net>

<net id="3217"><net_src comp="2790" pin="4"/><net_sink comp="3213" pin=0"/></net>

<net id="3222"><net_src comp="2726" pin="1"/><net_sink comp="3218" pin=0"/></net>

<net id="3227"><net_src comp="2730" pin="4"/><net_sink comp="3223" pin=0"/></net>

<net id="3232"><net_src comp="2740" pin="4"/><net_sink comp="3228" pin=0"/></net>

<net id="3237"><net_src comp="2750" pin="4"/><net_sink comp="3233" pin=0"/></net>

<net id="3242"><net_src comp="2760" pin="4"/><net_sink comp="3238" pin=0"/></net>

<net id="3247"><net_src comp="2770" pin="4"/><net_sink comp="3243" pin=0"/></net>

<net id="3252"><net_src comp="2780" pin="4"/><net_sink comp="3248" pin=0"/></net>

<net id="3257"><net_src comp="2790" pin="4"/><net_sink comp="3253" pin=0"/></net>

<net id="3262"><net_src comp="2726" pin="1"/><net_sink comp="3258" pin=0"/></net>

<net id="3267"><net_src comp="2730" pin="4"/><net_sink comp="3263" pin=0"/></net>

<net id="3272"><net_src comp="2740" pin="4"/><net_sink comp="3268" pin=0"/></net>

<net id="3277"><net_src comp="2750" pin="4"/><net_sink comp="3273" pin=0"/></net>

<net id="3282"><net_src comp="2760" pin="4"/><net_sink comp="3278" pin=0"/></net>

<net id="3287"><net_src comp="2770" pin="4"/><net_sink comp="3283" pin=0"/></net>

<net id="3292"><net_src comp="2780" pin="4"/><net_sink comp="3288" pin=0"/></net>

<net id="3297"><net_src comp="2790" pin="4"/><net_sink comp="3293" pin=0"/></net>

<net id="3302"><net_src comp="2726" pin="1"/><net_sink comp="3298" pin=0"/></net>

<net id="3307"><net_src comp="2730" pin="4"/><net_sink comp="3303" pin=0"/></net>

<net id="3312"><net_src comp="2740" pin="4"/><net_sink comp="3308" pin=0"/></net>

<net id="3317"><net_src comp="2750" pin="4"/><net_sink comp="3313" pin=0"/></net>

<net id="3322"><net_src comp="2760" pin="4"/><net_sink comp="3318" pin=0"/></net>

<net id="3327"><net_src comp="2770" pin="4"/><net_sink comp="3323" pin=0"/></net>

<net id="3332"><net_src comp="2780" pin="4"/><net_sink comp="3328" pin=0"/></net>

<net id="3337"><net_src comp="2790" pin="4"/><net_sink comp="3333" pin=0"/></net>

<net id="3342"><net_src comp="2726" pin="1"/><net_sink comp="3338" pin=0"/></net>

<net id="3347"><net_src comp="2730" pin="4"/><net_sink comp="3343" pin=0"/></net>

<net id="3352"><net_src comp="2740" pin="4"/><net_sink comp="3348" pin=0"/></net>

<net id="3357"><net_src comp="2750" pin="4"/><net_sink comp="3353" pin=0"/></net>

<net id="3362"><net_src comp="2760" pin="4"/><net_sink comp="3358" pin=0"/></net>

<net id="3367"><net_src comp="2770" pin="4"/><net_sink comp="3363" pin=0"/></net>

<net id="3372"><net_src comp="2780" pin="4"/><net_sink comp="3368" pin=0"/></net>

<net id="3377"><net_src comp="2790" pin="4"/><net_sink comp="3373" pin=0"/></net>

<net id="3382"><net_src comp="2726" pin="1"/><net_sink comp="3378" pin=0"/></net>

<net id="3387"><net_src comp="2730" pin="4"/><net_sink comp="3383" pin=0"/></net>

<net id="3392"><net_src comp="2740" pin="4"/><net_sink comp="3388" pin=0"/></net>

<net id="3397"><net_src comp="2750" pin="4"/><net_sink comp="3393" pin=0"/></net>

<net id="3402"><net_src comp="2760" pin="4"/><net_sink comp="3398" pin=0"/></net>

<net id="3407"><net_src comp="2770" pin="4"/><net_sink comp="3403" pin=0"/></net>

<net id="3412"><net_src comp="2780" pin="4"/><net_sink comp="3408" pin=0"/></net>

<net id="3417"><net_src comp="2790" pin="4"/><net_sink comp="3413" pin=0"/></net>

<net id="3422"><net_src comp="2726" pin="1"/><net_sink comp="3418" pin=0"/></net>

<net id="3427"><net_src comp="2730" pin="4"/><net_sink comp="3423" pin=0"/></net>

<net id="3432"><net_src comp="2740" pin="4"/><net_sink comp="3428" pin=0"/></net>

<net id="3437"><net_src comp="2750" pin="4"/><net_sink comp="3433" pin=0"/></net>

<net id="3442"><net_src comp="2760" pin="4"/><net_sink comp="3438" pin=0"/></net>

<net id="3447"><net_src comp="2770" pin="4"/><net_sink comp="3443" pin=0"/></net>

<net id="3452"><net_src comp="2780" pin="4"/><net_sink comp="3448" pin=0"/></net>

<net id="3457"><net_src comp="2790" pin="4"/><net_sink comp="3453" pin=0"/></net>

<net id="3462"><net_src comp="2726" pin="1"/><net_sink comp="3458" pin=0"/></net>

<net id="3467"><net_src comp="2730" pin="4"/><net_sink comp="3463" pin=0"/></net>

<net id="3472"><net_src comp="2740" pin="4"/><net_sink comp="3468" pin=0"/></net>

<net id="3477"><net_src comp="2750" pin="4"/><net_sink comp="3473" pin=0"/></net>

<net id="3482"><net_src comp="2760" pin="4"/><net_sink comp="3478" pin=0"/></net>

<net id="3487"><net_src comp="2770" pin="4"/><net_sink comp="3483" pin=0"/></net>

<net id="3492"><net_src comp="2780" pin="4"/><net_sink comp="3488" pin=0"/></net>

<net id="3497"><net_src comp="2790" pin="4"/><net_sink comp="3493" pin=0"/></net>

<net id="3502"><net_src comp="2726" pin="1"/><net_sink comp="3498" pin=0"/></net>

<net id="3507"><net_src comp="2730" pin="4"/><net_sink comp="3503" pin=0"/></net>

<net id="3512"><net_src comp="2740" pin="4"/><net_sink comp="3508" pin=0"/></net>

<net id="3517"><net_src comp="2750" pin="4"/><net_sink comp="3513" pin=0"/></net>

<net id="3522"><net_src comp="2760" pin="4"/><net_sink comp="3518" pin=0"/></net>

<net id="3527"><net_src comp="2770" pin="4"/><net_sink comp="3523" pin=0"/></net>

<net id="3532"><net_src comp="2780" pin="4"/><net_sink comp="3528" pin=0"/></net>

<net id="3537"><net_src comp="2790" pin="4"/><net_sink comp="3533" pin=0"/></net>

<net id="3542"><net_src comp="2726" pin="1"/><net_sink comp="3538" pin=0"/></net>

<net id="3547"><net_src comp="2730" pin="4"/><net_sink comp="3543" pin=0"/></net>

<net id="3552"><net_src comp="2740" pin="4"/><net_sink comp="3548" pin=0"/></net>

<net id="3557"><net_src comp="2750" pin="4"/><net_sink comp="3553" pin=0"/></net>

<net id="3562"><net_src comp="2760" pin="4"/><net_sink comp="3558" pin=0"/></net>

<net id="3567"><net_src comp="2770" pin="4"/><net_sink comp="3563" pin=0"/></net>

<net id="3572"><net_src comp="2780" pin="4"/><net_sink comp="3568" pin=0"/></net>

<net id="3577"><net_src comp="2790" pin="4"/><net_sink comp="3573" pin=0"/></net>

<net id="3582"><net_src comp="2726" pin="1"/><net_sink comp="3578" pin=0"/></net>

<net id="3587"><net_src comp="2730" pin="4"/><net_sink comp="3583" pin=0"/></net>

<net id="3592"><net_src comp="2740" pin="4"/><net_sink comp="3588" pin=0"/></net>

<net id="3597"><net_src comp="2750" pin="4"/><net_sink comp="3593" pin=0"/></net>

<net id="3602"><net_src comp="2760" pin="4"/><net_sink comp="3598" pin=0"/></net>

<net id="3607"><net_src comp="2770" pin="4"/><net_sink comp="3603" pin=0"/></net>

<net id="3612"><net_src comp="2780" pin="4"/><net_sink comp="3608" pin=0"/></net>

<net id="3617"><net_src comp="2790" pin="4"/><net_sink comp="3613" pin=0"/></net>

<net id="3622"><net_src comp="2726" pin="1"/><net_sink comp="3618" pin=0"/></net>

<net id="3627"><net_src comp="2730" pin="4"/><net_sink comp="3623" pin=0"/></net>

<net id="3632"><net_src comp="2740" pin="4"/><net_sink comp="3628" pin=0"/></net>

<net id="3637"><net_src comp="2750" pin="4"/><net_sink comp="3633" pin=0"/></net>

<net id="3642"><net_src comp="2760" pin="4"/><net_sink comp="3638" pin=0"/></net>

<net id="3647"><net_src comp="2770" pin="4"/><net_sink comp="3643" pin=0"/></net>

<net id="3652"><net_src comp="2780" pin="4"/><net_sink comp="3648" pin=0"/></net>

<net id="3657"><net_src comp="2790" pin="4"/><net_sink comp="3653" pin=0"/></net>

<net id="3662"><net_src comp="2726" pin="1"/><net_sink comp="3658" pin=0"/></net>

<net id="3667"><net_src comp="2730" pin="4"/><net_sink comp="3663" pin=0"/></net>

<net id="3672"><net_src comp="2740" pin="4"/><net_sink comp="3668" pin=0"/></net>

<net id="3677"><net_src comp="2750" pin="4"/><net_sink comp="3673" pin=0"/></net>

<net id="3682"><net_src comp="2760" pin="4"/><net_sink comp="3678" pin=0"/></net>

<net id="3687"><net_src comp="2770" pin="4"/><net_sink comp="3683" pin=0"/></net>

<net id="3692"><net_src comp="2780" pin="4"/><net_sink comp="3688" pin=0"/></net>

<net id="3697"><net_src comp="2790" pin="4"/><net_sink comp="3693" pin=0"/></net>

<net id="3702"><net_src comp="2726" pin="1"/><net_sink comp="3698" pin=0"/></net>

<net id="3707"><net_src comp="2730" pin="4"/><net_sink comp="3703" pin=0"/></net>

<net id="3712"><net_src comp="2740" pin="4"/><net_sink comp="3708" pin=0"/></net>

<net id="3717"><net_src comp="2750" pin="4"/><net_sink comp="3713" pin=0"/></net>

<net id="3722"><net_src comp="2760" pin="4"/><net_sink comp="3718" pin=0"/></net>

<net id="3727"><net_src comp="2770" pin="4"/><net_sink comp="3723" pin=0"/></net>

<net id="3732"><net_src comp="2780" pin="4"/><net_sink comp="3728" pin=0"/></net>

<net id="3737"><net_src comp="2790" pin="4"/><net_sink comp="3733" pin=0"/></net>

<net id="3742"><net_src comp="2726" pin="1"/><net_sink comp="3738" pin=0"/></net>

<net id="3747"><net_src comp="2730" pin="4"/><net_sink comp="3743" pin=0"/></net>

<net id="3752"><net_src comp="2740" pin="4"/><net_sink comp="3748" pin=0"/></net>

<net id="3757"><net_src comp="2750" pin="4"/><net_sink comp="3753" pin=0"/></net>

<net id="3762"><net_src comp="2760" pin="4"/><net_sink comp="3758" pin=0"/></net>

<net id="3767"><net_src comp="2770" pin="4"/><net_sink comp="3763" pin=0"/></net>

<net id="3772"><net_src comp="2780" pin="4"/><net_sink comp="3768" pin=0"/></net>

<net id="3777"><net_src comp="2790" pin="4"/><net_sink comp="3773" pin=0"/></net>

<net id="3782"><net_src comp="2726" pin="1"/><net_sink comp="3778" pin=0"/></net>

<net id="3787"><net_src comp="2730" pin="4"/><net_sink comp="3783" pin=0"/></net>

<net id="3792"><net_src comp="2740" pin="4"/><net_sink comp="3788" pin=0"/></net>

<net id="3797"><net_src comp="2750" pin="4"/><net_sink comp="3793" pin=0"/></net>

<net id="3802"><net_src comp="2760" pin="4"/><net_sink comp="3798" pin=0"/></net>

<net id="3807"><net_src comp="2770" pin="4"/><net_sink comp="3803" pin=0"/></net>

<net id="3812"><net_src comp="2780" pin="4"/><net_sink comp="3808" pin=0"/></net>

<net id="3817"><net_src comp="2790" pin="4"/><net_sink comp="3813" pin=0"/></net>

<net id="3822"><net_src comp="2726" pin="1"/><net_sink comp="3818" pin=0"/></net>

<net id="3827"><net_src comp="2730" pin="4"/><net_sink comp="3823" pin=0"/></net>

<net id="3832"><net_src comp="2740" pin="4"/><net_sink comp="3828" pin=0"/></net>

<net id="3837"><net_src comp="2750" pin="4"/><net_sink comp="3833" pin=0"/></net>

<net id="3842"><net_src comp="2760" pin="4"/><net_sink comp="3838" pin=0"/></net>

<net id="3847"><net_src comp="2770" pin="4"/><net_sink comp="3843" pin=0"/></net>

<net id="3852"><net_src comp="2780" pin="4"/><net_sink comp="3848" pin=0"/></net>

<net id="3857"><net_src comp="2790" pin="4"/><net_sink comp="3853" pin=0"/></net>

<net id="3862"><net_src comp="2723" pin="1"/><net_sink comp="3858" pin=0"/></net>

<net id="3863"><net_src comp="504" pin="0"/><net_sink comp="3858" pin=1"/></net>

<net id="3868"><net_src comp="2800" pin="2"/><net_sink comp="3864" pin=0"/></net>

<net id="3872"><net_src comp="3869" pin="1"/><net_sink comp="1318" pin=2"/></net>

<net id="3876"><net_src comp="3873" pin="1"/><net_sink comp="1325" pin=2"/></net>

<net id="3880"><net_src comp="3877" pin="1"/><net_sink comp="1332" pin=2"/></net>

<net id="3884"><net_src comp="3881" pin="1"/><net_sink comp="1339" pin=2"/></net>

<net id="3888"><net_src comp="3885" pin="1"/><net_sink comp="1346" pin=2"/></net>

<net id="3892"><net_src comp="3889" pin="1"/><net_sink comp="1353" pin=2"/></net>

<net id="3896"><net_src comp="3893" pin="1"/><net_sink comp="1360" pin=2"/></net>

<net id="3900"><net_src comp="3897" pin="1"/><net_sink comp="1367" pin=2"/></net>

<net id="3904"><net_src comp="3901" pin="1"/><net_sink comp="1374" pin=2"/></net>

<net id="3908"><net_src comp="3905" pin="1"/><net_sink comp="1381" pin=2"/></net>

<net id="3912"><net_src comp="3909" pin="1"/><net_sink comp="1388" pin=2"/></net>

<net id="3916"><net_src comp="3913" pin="1"/><net_sink comp="1395" pin=2"/></net>

<net id="3920"><net_src comp="3917" pin="1"/><net_sink comp="1402" pin=2"/></net>

<net id="3924"><net_src comp="3921" pin="1"/><net_sink comp="1409" pin=2"/></net>

<net id="3928"><net_src comp="3925" pin="1"/><net_sink comp="1416" pin=2"/></net>

<net id="3932"><net_src comp="3929" pin="1"/><net_sink comp="1423" pin=2"/></net>

<net id="3936"><net_src comp="3933" pin="1"/><net_sink comp="1430" pin=2"/></net>

<net id="3940"><net_src comp="3937" pin="1"/><net_sink comp="1437" pin=2"/></net>

<net id="3944"><net_src comp="3941" pin="1"/><net_sink comp="1444" pin=2"/></net>

<net id="3948"><net_src comp="3945" pin="1"/><net_sink comp="1451" pin=2"/></net>

<net id="3952"><net_src comp="3949" pin="1"/><net_sink comp="1458" pin=2"/></net>

<net id="3956"><net_src comp="3953" pin="1"/><net_sink comp="1465" pin=2"/></net>

<net id="3960"><net_src comp="3957" pin="1"/><net_sink comp="1472" pin=2"/></net>

<net id="3964"><net_src comp="3961" pin="1"/><net_sink comp="1479" pin=2"/></net>

<net id="3968"><net_src comp="3965" pin="1"/><net_sink comp="1486" pin=2"/></net>

<net id="3972"><net_src comp="3969" pin="1"/><net_sink comp="1493" pin=2"/></net>

<net id="3976"><net_src comp="3973" pin="1"/><net_sink comp="1500" pin=2"/></net>

<net id="3980"><net_src comp="3977" pin="1"/><net_sink comp="1507" pin=2"/></net>

<net id="3984"><net_src comp="3981" pin="1"/><net_sink comp="1514" pin=2"/></net>

<net id="3988"><net_src comp="3985" pin="1"/><net_sink comp="1521" pin=2"/></net>

<net id="3992"><net_src comp="3989" pin="1"/><net_sink comp="1528" pin=2"/></net>

<net id="3996"><net_src comp="3993" pin="1"/><net_sink comp="1535" pin=2"/></net>

<net id="4000"><net_src comp="3997" pin="1"/><net_sink comp="1542" pin=2"/></net>

<net id="4004"><net_src comp="4001" pin="1"/><net_sink comp="1549" pin=2"/></net>

<net id="4008"><net_src comp="4005" pin="1"/><net_sink comp="1556" pin=2"/></net>

<net id="4012"><net_src comp="4009" pin="1"/><net_sink comp="1563" pin=2"/></net>

<net id="4016"><net_src comp="4013" pin="1"/><net_sink comp="1570" pin=2"/></net>

<net id="4020"><net_src comp="4017" pin="1"/><net_sink comp="1577" pin=2"/></net>

<net id="4024"><net_src comp="4021" pin="1"/><net_sink comp="1584" pin=2"/></net>

<net id="4028"><net_src comp="4025" pin="1"/><net_sink comp="1591" pin=2"/></net>

<net id="4032"><net_src comp="4029" pin="1"/><net_sink comp="1598" pin=2"/></net>

<net id="4036"><net_src comp="4033" pin="1"/><net_sink comp="1605" pin=2"/></net>

<net id="4040"><net_src comp="4037" pin="1"/><net_sink comp="1612" pin=2"/></net>

<net id="4044"><net_src comp="4041" pin="1"/><net_sink comp="1619" pin=2"/></net>

<net id="4048"><net_src comp="4045" pin="1"/><net_sink comp="1626" pin=2"/></net>

<net id="4052"><net_src comp="4049" pin="1"/><net_sink comp="1633" pin=2"/></net>

<net id="4056"><net_src comp="4053" pin="1"/><net_sink comp="1640" pin=2"/></net>

<net id="4060"><net_src comp="4057" pin="1"/><net_sink comp="1647" pin=2"/></net>

<net id="4064"><net_src comp="4061" pin="1"/><net_sink comp="1654" pin=2"/></net>

<net id="4068"><net_src comp="4065" pin="1"/><net_sink comp="1661" pin=2"/></net>

<net id="4072"><net_src comp="4069" pin="1"/><net_sink comp="1668" pin=2"/></net>

<net id="4076"><net_src comp="4073" pin="1"/><net_sink comp="1675" pin=2"/></net>

<net id="4080"><net_src comp="4077" pin="1"/><net_sink comp="1682" pin=2"/></net>

<net id="4084"><net_src comp="4081" pin="1"/><net_sink comp="1689" pin=2"/></net>

<net id="4088"><net_src comp="4085" pin="1"/><net_sink comp="1696" pin=2"/></net>

<net id="4092"><net_src comp="4089" pin="1"/><net_sink comp="1703" pin=2"/></net>

<net id="4096"><net_src comp="4093" pin="1"/><net_sink comp="1710" pin=2"/></net>

<net id="4100"><net_src comp="4097" pin="1"/><net_sink comp="1717" pin=2"/></net>

<net id="4104"><net_src comp="4101" pin="1"/><net_sink comp="1724" pin=2"/></net>

<net id="4108"><net_src comp="4105" pin="1"/><net_sink comp="1731" pin=2"/></net>

<net id="4112"><net_src comp="4109" pin="1"/><net_sink comp="1738" pin=2"/></net>

<net id="4116"><net_src comp="4113" pin="1"/><net_sink comp="1745" pin=2"/></net>

<net id="4120"><net_src comp="4117" pin="1"/><net_sink comp="1752" pin=2"/></net>

<net id="4124"><net_src comp="4121" pin="1"/><net_sink comp="1759" pin=2"/></net>

<net id="4128"><net_src comp="4125" pin="1"/><net_sink comp="1766" pin=2"/></net>

<net id="4132"><net_src comp="4129" pin="1"/><net_sink comp="1773" pin=2"/></net>

<net id="4136"><net_src comp="4133" pin="1"/><net_sink comp="1780" pin=2"/></net>

<net id="4140"><net_src comp="4137" pin="1"/><net_sink comp="1787" pin=2"/></net>

<net id="4144"><net_src comp="4141" pin="1"/><net_sink comp="1794" pin=2"/></net>

<net id="4148"><net_src comp="4145" pin="1"/><net_sink comp="1801" pin=2"/></net>

<net id="4152"><net_src comp="4149" pin="1"/><net_sink comp="1808" pin=2"/></net>

<net id="4156"><net_src comp="4153" pin="1"/><net_sink comp="1815" pin=2"/></net>

<net id="4160"><net_src comp="4157" pin="1"/><net_sink comp="1822" pin=2"/></net>

<net id="4164"><net_src comp="4161" pin="1"/><net_sink comp="1829" pin=2"/></net>

<net id="4168"><net_src comp="4165" pin="1"/><net_sink comp="1836" pin=2"/></net>

<net id="4172"><net_src comp="4169" pin="1"/><net_sink comp="1843" pin=2"/></net>

<net id="4176"><net_src comp="4173" pin="1"/><net_sink comp="1850" pin=2"/></net>

<net id="4180"><net_src comp="4177" pin="1"/><net_sink comp="1857" pin=2"/></net>

<net id="4184"><net_src comp="4181" pin="1"/><net_sink comp="1864" pin=2"/></net>

<net id="4188"><net_src comp="4185" pin="1"/><net_sink comp="1871" pin=2"/></net>

<net id="4192"><net_src comp="4189" pin="1"/><net_sink comp="1878" pin=2"/></net>

<net id="4196"><net_src comp="4193" pin="1"/><net_sink comp="1885" pin=2"/></net>

<net id="4200"><net_src comp="4197" pin="1"/><net_sink comp="1892" pin=2"/></net>

<net id="4204"><net_src comp="4201" pin="1"/><net_sink comp="1899" pin=2"/></net>

<net id="4208"><net_src comp="4205" pin="1"/><net_sink comp="1906" pin=2"/></net>

<net id="4212"><net_src comp="4209" pin="1"/><net_sink comp="1913" pin=2"/></net>

<net id="4216"><net_src comp="4213" pin="1"/><net_sink comp="1920" pin=2"/></net>

<net id="4220"><net_src comp="4217" pin="1"/><net_sink comp="1927" pin=2"/></net>

<net id="4224"><net_src comp="4221" pin="1"/><net_sink comp="1934" pin=2"/></net>

<net id="4228"><net_src comp="4225" pin="1"/><net_sink comp="1941" pin=2"/></net>

<net id="4232"><net_src comp="4229" pin="1"/><net_sink comp="1948" pin=2"/></net>

<net id="4236"><net_src comp="4233" pin="1"/><net_sink comp="1955" pin=2"/></net>

<net id="4240"><net_src comp="4237" pin="1"/><net_sink comp="1962" pin=2"/></net>

<net id="4244"><net_src comp="4241" pin="1"/><net_sink comp="1969" pin=2"/></net>

<net id="4248"><net_src comp="4245" pin="1"/><net_sink comp="1976" pin=2"/></net>

<net id="4252"><net_src comp="4249" pin="1"/><net_sink comp="1983" pin=2"/></net>

<net id="4256"><net_src comp="4253" pin="1"/><net_sink comp="1990" pin=2"/></net>

<net id="4260"><net_src comp="4257" pin="1"/><net_sink comp="1997" pin=2"/></net>

<net id="4264"><net_src comp="4261" pin="1"/><net_sink comp="2004" pin=2"/></net>

<net id="4268"><net_src comp="4265" pin="1"/><net_sink comp="2011" pin=2"/></net>

<net id="4272"><net_src comp="4269" pin="1"/><net_sink comp="2018" pin=2"/></net>

<net id="4276"><net_src comp="4273" pin="1"/><net_sink comp="2025" pin=2"/></net>

<net id="4280"><net_src comp="4277" pin="1"/><net_sink comp="2032" pin=2"/></net>

<net id="4284"><net_src comp="4281" pin="1"/><net_sink comp="2039" pin=2"/></net>

<net id="4288"><net_src comp="4285" pin="1"/><net_sink comp="2046" pin=2"/></net>

<net id="4292"><net_src comp="4289" pin="1"/><net_sink comp="2053" pin=2"/></net>

<net id="4296"><net_src comp="4293" pin="1"/><net_sink comp="2060" pin=2"/></net>

<net id="4300"><net_src comp="4297" pin="1"/><net_sink comp="2067" pin=2"/></net>

<net id="4304"><net_src comp="4301" pin="1"/><net_sink comp="2074" pin=2"/></net>

<net id="4308"><net_src comp="4305" pin="1"/><net_sink comp="2081" pin=2"/></net>

<net id="4312"><net_src comp="4309" pin="1"/><net_sink comp="2088" pin=2"/></net>

<net id="4316"><net_src comp="4313" pin="1"/><net_sink comp="2095" pin=2"/></net>

<net id="4320"><net_src comp="4317" pin="1"/><net_sink comp="2102" pin=2"/></net>

<net id="4324"><net_src comp="4321" pin="1"/><net_sink comp="2109" pin=2"/></net>

<net id="4328"><net_src comp="4325" pin="1"/><net_sink comp="2116" pin=2"/></net>

<net id="4332"><net_src comp="4329" pin="1"/><net_sink comp="2123" pin=2"/></net>

<net id="4336"><net_src comp="4333" pin="1"/><net_sink comp="2130" pin=2"/></net>

<net id="4340"><net_src comp="4337" pin="1"/><net_sink comp="2137" pin=2"/></net>

<net id="4344"><net_src comp="4341" pin="1"/><net_sink comp="2144" pin=2"/></net>

<net id="4348"><net_src comp="4345" pin="1"/><net_sink comp="2151" pin=2"/></net>

<net id="4352"><net_src comp="4349" pin="1"/><net_sink comp="2158" pin=2"/></net>

<net id="4356"><net_src comp="4353" pin="1"/><net_sink comp="2165" pin=2"/></net>

<net id="4360"><net_src comp="4357" pin="1"/><net_sink comp="2172" pin=2"/></net>

<net id="4364"><net_src comp="4361" pin="1"/><net_sink comp="2179" pin=2"/></net>

<net id="4368"><net_src comp="4365" pin="1"/><net_sink comp="2186" pin=2"/></net>

<net id="4372"><net_src comp="4369" pin="1"/><net_sink comp="2193" pin=2"/></net>

<net id="4376"><net_src comp="4373" pin="1"/><net_sink comp="2200" pin=2"/></net>

<net id="4380"><net_src comp="4377" pin="1"/><net_sink comp="2207" pin=2"/></net>

<net id="4384"><net_src comp="4381" pin="1"/><net_sink comp="2214" pin=2"/></net>

<net id="4388"><net_src comp="4385" pin="1"/><net_sink comp="2221" pin=2"/></net>

<net id="4392"><net_src comp="4389" pin="1"/><net_sink comp="2228" pin=2"/></net>

<net id="4396"><net_src comp="4393" pin="1"/><net_sink comp="2235" pin=2"/></net>

<net id="4400"><net_src comp="4397" pin="1"/><net_sink comp="2242" pin=2"/></net>

<net id="4404"><net_src comp="4401" pin="1"/><net_sink comp="2249" pin=2"/></net>

<net id="4408"><net_src comp="4405" pin="1"/><net_sink comp="2256" pin=2"/></net>

<net id="4412"><net_src comp="4409" pin="1"/><net_sink comp="2263" pin=2"/></net>

<net id="4416"><net_src comp="4413" pin="1"/><net_sink comp="2270" pin=2"/></net>

<net id="4420"><net_src comp="4417" pin="1"/><net_sink comp="2277" pin=2"/></net>

<net id="4424"><net_src comp="4421" pin="1"/><net_sink comp="2284" pin=2"/></net>

<net id="4428"><net_src comp="4425" pin="1"/><net_sink comp="2291" pin=2"/></net>

<net id="4432"><net_src comp="4429" pin="1"/><net_sink comp="2298" pin=2"/></net>

<net id="4436"><net_src comp="4433" pin="1"/><net_sink comp="2305" pin=2"/></net>

<net id="4440"><net_src comp="4437" pin="1"/><net_sink comp="2312" pin=2"/></net>

<net id="4444"><net_src comp="4441" pin="1"/><net_sink comp="2319" pin=2"/></net>

<net id="4448"><net_src comp="4445" pin="1"/><net_sink comp="2326" pin=2"/></net>

<net id="4452"><net_src comp="4449" pin="1"/><net_sink comp="2333" pin=2"/></net>

<net id="4456"><net_src comp="4453" pin="1"/><net_sink comp="2340" pin=2"/></net>

<net id="4460"><net_src comp="4457" pin="1"/><net_sink comp="2347" pin=2"/></net>

<net id="4464"><net_src comp="4461" pin="1"/><net_sink comp="2354" pin=2"/></net>

<net id="4468"><net_src comp="4465" pin="1"/><net_sink comp="2361" pin=2"/></net>

<net id="4472"><net_src comp="4469" pin="1"/><net_sink comp="2368" pin=2"/></net>

<net id="4476"><net_src comp="4473" pin="1"/><net_sink comp="2375" pin=2"/></net>

<net id="4480"><net_src comp="4477" pin="1"/><net_sink comp="2382" pin=2"/></net>

<net id="4484"><net_src comp="4481" pin="1"/><net_sink comp="2389" pin=2"/></net>

<net id="4488"><net_src comp="4485" pin="1"/><net_sink comp="2396" pin=2"/></net>

<net id="4492"><net_src comp="4489" pin="1"/><net_sink comp="2403" pin=2"/></net>

<net id="4496"><net_src comp="4493" pin="1"/><net_sink comp="2410" pin=2"/></net>

<net id="4500"><net_src comp="4497" pin="1"/><net_sink comp="2417" pin=2"/></net>

<net id="4504"><net_src comp="4501" pin="1"/><net_sink comp="2424" pin=2"/></net>

<net id="4508"><net_src comp="4505" pin="1"/><net_sink comp="2431" pin=2"/></net>

<net id="4512"><net_src comp="4509" pin="1"/><net_sink comp="2438" pin=2"/></net>

<net id="4516"><net_src comp="4513" pin="1"/><net_sink comp="2445" pin=2"/></net>

<net id="4520"><net_src comp="4517" pin="1"/><net_sink comp="2452" pin=2"/></net>

<net id="4524"><net_src comp="4521" pin="1"/><net_sink comp="2459" pin=2"/></net>

<net id="4528"><net_src comp="4525" pin="1"/><net_sink comp="2466" pin=2"/></net>

<net id="4532"><net_src comp="4529" pin="1"/><net_sink comp="2473" pin=2"/></net>

<net id="4536"><net_src comp="4533" pin="1"/><net_sink comp="2480" pin=2"/></net>

<net id="4540"><net_src comp="4537" pin="1"/><net_sink comp="2487" pin=2"/></net>

<net id="4544"><net_src comp="4541" pin="1"/><net_sink comp="2494" pin=2"/></net>

<net id="4548"><net_src comp="4545" pin="1"/><net_sink comp="2501" pin=2"/></net>

<net id="4552"><net_src comp="4549" pin="1"/><net_sink comp="2508" pin=2"/></net>

<net id="4556"><net_src comp="4553" pin="1"/><net_sink comp="2515" pin=2"/></net>

<net id="4560"><net_src comp="4557" pin="1"/><net_sink comp="2522" pin=2"/></net>

<net id="4564"><net_src comp="4561" pin="1"/><net_sink comp="2529" pin=2"/></net>

<net id="4568"><net_src comp="4565" pin="1"/><net_sink comp="2536" pin=2"/></net>

<net id="4572"><net_src comp="4569" pin="1"/><net_sink comp="2543" pin=2"/></net>

<net id="4576"><net_src comp="4573" pin="1"/><net_sink comp="2550" pin=2"/></net>

<net id="4580"><net_src comp="4577" pin="1"/><net_sink comp="2557" pin=2"/></net>

<net id="4584"><net_src comp="4581" pin="1"/><net_sink comp="2564" pin=2"/></net>

<net id="4588"><net_src comp="4585" pin="1"/><net_sink comp="2571" pin=2"/></net>

<net id="4592"><net_src comp="4589" pin="1"/><net_sink comp="2578" pin=2"/></net>

<net id="4596"><net_src comp="4593" pin="1"/><net_sink comp="2585" pin=2"/></net>

<net id="4600"><net_src comp="4597" pin="1"/><net_sink comp="2592" pin=2"/></net>

<net id="4604"><net_src comp="4601" pin="1"/><net_sink comp="2599" pin=2"/></net>

<net id="4608"><net_src comp="4605" pin="1"/><net_sink comp="2606" pin=2"/></net>

<net id="4612"><net_src comp="4609" pin="1"/><net_sink comp="2613" pin=2"/></net>

<net id="4616"><net_src comp="4613" pin="1"/><net_sink comp="2620" pin=2"/></net>

<net id="4620"><net_src comp="4617" pin="1"/><net_sink comp="2627" pin=2"/></net>

<net id="4624"><net_src comp="4621" pin="1"/><net_sink comp="2634" pin=2"/></net>

<net id="4628"><net_src comp="4625" pin="1"/><net_sink comp="2641" pin=2"/></net>

<net id="4632"><net_src comp="4629" pin="1"/><net_sink comp="2648" pin=2"/></net>

<net id="4636"><net_src comp="4633" pin="1"/><net_sink comp="2655" pin=2"/></net>

<net id="4640"><net_src comp="4637" pin="1"/><net_sink comp="2662" pin=2"/></net>

<net id="4644"><net_src comp="4641" pin="1"/><net_sink comp="2669" pin=2"/></net>

<net id="4648"><net_src comp="4645" pin="1"/><net_sink comp="2676" pin=2"/></net>

<net id="4652"><net_src comp="4649" pin="1"/><net_sink comp="2683" pin=2"/></net>

<net id="4656"><net_src comp="4653" pin="1"/><net_sink comp="2690" pin=2"/></net>

<net id="4660"><net_src comp="4657" pin="1"/><net_sink comp="2697" pin=2"/></net>

<net id="4664"><net_src comp="4661" pin="1"/><net_sink comp="2704" pin=2"/></net>

<net id="4668"><net_src comp="4665" pin="1"/><net_sink comp="2711" pin=2"/></net>

<net id="4672"><net_src comp="508" pin="1"/><net_sink comp="4669" pin=0"/></net>

<net id="4673"><net_src comp="4669" pin="1"/><net_sink comp="2718" pin=1"/></net>

<net id="4674"><net_src comp="4669" pin="1"/><net_sink comp="2723" pin=0"/></net>

<net id="4675"><net_src comp="4669" pin="1"/><net_sink comp="3864" pin=1"/></net>

<net id="4679"><net_src comp="512" pin="1"/><net_sink comp="4676" pin=0"/></net>

<net id="4680"><net_src comp="4676" pin="1"/><net_sink comp="3853" pin=1"/></net>

<net id="4681"><net_src comp="4676" pin="1"/><net_sink comp="3869" pin=0"/></net>

<net id="4685"><net_src comp="516" pin="1"/><net_sink comp="4682" pin=0"/></net>

<net id="4686"><net_src comp="4682" pin="1"/><net_sink comp="3848" pin=1"/></net>

<net id="4687"><net_src comp="4682" pin="1"/><net_sink comp="3873" pin=0"/></net>

<net id="4691"><net_src comp="520" pin="1"/><net_sink comp="4688" pin=0"/></net>

<net id="4692"><net_src comp="4688" pin="1"/><net_sink comp="3843" pin=1"/></net>

<net id="4693"><net_src comp="4688" pin="1"/><net_sink comp="3877" pin=0"/></net>

<net id="4697"><net_src comp="524" pin="1"/><net_sink comp="4694" pin=0"/></net>

<net id="4698"><net_src comp="4694" pin="1"/><net_sink comp="3838" pin=1"/></net>

<net id="4699"><net_src comp="4694" pin="1"/><net_sink comp="3881" pin=0"/></net>

<net id="4703"><net_src comp="528" pin="1"/><net_sink comp="4700" pin=0"/></net>

<net id="4704"><net_src comp="4700" pin="1"/><net_sink comp="3833" pin=1"/></net>

<net id="4705"><net_src comp="4700" pin="1"/><net_sink comp="3885" pin=0"/></net>

<net id="4709"><net_src comp="532" pin="1"/><net_sink comp="4706" pin=0"/></net>

<net id="4710"><net_src comp="4706" pin="1"/><net_sink comp="3828" pin=1"/></net>

<net id="4711"><net_src comp="4706" pin="1"/><net_sink comp="3889" pin=0"/></net>

<net id="4715"><net_src comp="536" pin="1"/><net_sink comp="4712" pin=0"/></net>

<net id="4716"><net_src comp="4712" pin="1"/><net_sink comp="3823" pin=1"/></net>

<net id="4717"><net_src comp="4712" pin="1"/><net_sink comp="3893" pin=0"/></net>

<net id="4721"><net_src comp="540" pin="1"/><net_sink comp="4718" pin=0"/></net>

<net id="4722"><net_src comp="4718" pin="1"/><net_sink comp="3818" pin=1"/></net>

<net id="4723"><net_src comp="4718" pin="1"/><net_sink comp="3897" pin=0"/></net>

<net id="4727"><net_src comp="544" pin="1"/><net_sink comp="4724" pin=0"/></net>

<net id="4728"><net_src comp="4724" pin="1"/><net_sink comp="3813" pin=1"/></net>

<net id="4729"><net_src comp="4724" pin="1"/><net_sink comp="3901" pin=0"/></net>

<net id="4733"><net_src comp="548" pin="1"/><net_sink comp="4730" pin=0"/></net>

<net id="4734"><net_src comp="4730" pin="1"/><net_sink comp="3808" pin=1"/></net>

<net id="4735"><net_src comp="4730" pin="1"/><net_sink comp="3905" pin=0"/></net>

<net id="4739"><net_src comp="552" pin="1"/><net_sink comp="4736" pin=0"/></net>

<net id="4740"><net_src comp="4736" pin="1"/><net_sink comp="3803" pin=1"/></net>

<net id="4741"><net_src comp="4736" pin="1"/><net_sink comp="3909" pin=0"/></net>

<net id="4745"><net_src comp="556" pin="1"/><net_sink comp="4742" pin=0"/></net>

<net id="4746"><net_src comp="4742" pin="1"/><net_sink comp="3798" pin=1"/></net>

<net id="4747"><net_src comp="4742" pin="1"/><net_sink comp="3913" pin=0"/></net>

<net id="4751"><net_src comp="560" pin="1"/><net_sink comp="4748" pin=0"/></net>

<net id="4752"><net_src comp="4748" pin="1"/><net_sink comp="3793" pin=1"/></net>

<net id="4753"><net_src comp="4748" pin="1"/><net_sink comp="3917" pin=0"/></net>

<net id="4757"><net_src comp="564" pin="1"/><net_sink comp="4754" pin=0"/></net>

<net id="4758"><net_src comp="4754" pin="1"/><net_sink comp="3788" pin=1"/></net>

<net id="4759"><net_src comp="4754" pin="1"/><net_sink comp="3921" pin=0"/></net>

<net id="4763"><net_src comp="568" pin="1"/><net_sink comp="4760" pin=0"/></net>

<net id="4764"><net_src comp="4760" pin="1"/><net_sink comp="3783" pin=1"/></net>

<net id="4765"><net_src comp="4760" pin="1"/><net_sink comp="3925" pin=0"/></net>

<net id="4769"><net_src comp="572" pin="1"/><net_sink comp="4766" pin=0"/></net>

<net id="4770"><net_src comp="4766" pin="1"/><net_sink comp="3778" pin=1"/></net>

<net id="4771"><net_src comp="4766" pin="1"/><net_sink comp="3929" pin=0"/></net>

<net id="4775"><net_src comp="576" pin="1"/><net_sink comp="4772" pin=0"/></net>

<net id="4776"><net_src comp="4772" pin="1"/><net_sink comp="3773" pin=1"/></net>

<net id="4777"><net_src comp="4772" pin="1"/><net_sink comp="3933" pin=0"/></net>

<net id="4781"><net_src comp="580" pin="1"/><net_sink comp="4778" pin=0"/></net>

<net id="4782"><net_src comp="4778" pin="1"/><net_sink comp="3768" pin=1"/></net>

<net id="4783"><net_src comp="4778" pin="1"/><net_sink comp="3937" pin=0"/></net>

<net id="4787"><net_src comp="584" pin="1"/><net_sink comp="4784" pin=0"/></net>

<net id="4788"><net_src comp="4784" pin="1"/><net_sink comp="3763" pin=1"/></net>

<net id="4789"><net_src comp="4784" pin="1"/><net_sink comp="3941" pin=0"/></net>

<net id="4793"><net_src comp="588" pin="1"/><net_sink comp="4790" pin=0"/></net>

<net id="4794"><net_src comp="4790" pin="1"/><net_sink comp="3758" pin=1"/></net>

<net id="4795"><net_src comp="4790" pin="1"/><net_sink comp="3945" pin=0"/></net>

<net id="4799"><net_src comp="592" pin="1"/><net_sink comp="4796" pin=0"/></net>

<net id="4800"><net_src comp="4796" pin="1"/><net_sink comp="3753" pin=1"/></net>

<net id="4801"><net_src comp="4796" pin="1"/><net_sink comp="3949" pin=0"/></net>

<net id="4805"><net_src comp="596" pin="1"/><net_sink comp="4802" pin=0"/></net>

<net id="4806"><net_src comp="4802" pin="1"/><net_sink comp="3748" pin=1"/></net>

<net id="4807"><net_src comp="4802" pin="1"/><net_sink comp="3953" pin=0"/></net>

<net id="4811"><net_src comp="600" pin="1"/><net_sink comp="4808" pin=0"/></net>

<net id="4812"><net_src comp="4808" pin="1"/><net_sink comp="3743" pin=1"/></net>

<net id="4813"><net_src comp="4808" pin="1"/><net_sink comp="3957" pin=0"/></net>

<net id="4817"><net_src comp="604" pin="1"/><net_sink comp="4814" pin=0"/></net>

<net id="4818"><net_src comp="4814" pin="1"/><net_sink comp="3738" pin=1"/></net>

<net id="4819"><net_src comp="4814" pin="1"/><net_sink comp="3961" pin=0"/></net>

<net id="4823"><net_src comp="608" pin="1"/><net_sink comp="4820" pin=0"/></net>

<net id="4824"><net_src comp="4820" pin="1"/><net_sink comp="3733" pin=1"/></net>

<net id="4825"><net_src comp="4820" pin="1"/><net_sink comp="3965" pin=0"/></net>

<net id="4829"><net_src comp="612" pin="1"/><net_sink comp="4826" pin=0"/></net>

<net id="4830"><net_src comp="4826" pin="1"/><net_sink comp="3728" pin=1"/></net>

<net id="4831"><net_src comp="4826" pin="1"/><net_sink comp="3969" pin=0"/></net>

<net id="4835"><net_src comp="616" pin="1"/><net_sink comp="4832" pin=0"/></net>

<net id="4836"><net_src comp="4832" pin="1"/><net_sink comp="3723" pin=1"/></net>

<net id="4837"><net_src comp="4832" pin="1"/><net_sink comp="3973" pin=0"/></net>

<net id="4841"><net_src comp="620" pin="1"/><net_sink comp="4838" pin=0"/></net>

<net id="4842"><net_src comp="4838" pin="1"/><net_sink comp="3718" pin=1"/></net>

<net id="4843"><net_src comp="4838" pin="1"/><net_sink comp="3977" pin=0"/></net>

<net id="4847"><net_src comp="624" pin="1"/><net_sink comp="4844" pin=0"/></net>

<net id="4848"><net_src comp="4844" pin="1"/><net_sink comp="3713" pin=1"/></net>

<net id="4849"><net_src comp="4844" pin="1"/><net_sink comp="3981" pin=0"/></net>

<net id="4853"><net_src comp="628" pin="1"/><net_sink comp="4850" pin=0"/></net>

<net id="4854"><net_src comp="4850" pin="1"/><net_sink comp="3708" pin=1"/></net>

<net id="4855"><net_src comp="4850" pin="1"/><net_sink comp="3985" pin=0"/></net>

<net id="4859"><net_src comp="632" pin="1"/><net_sink comp="4856" pin=0"/></net>

<net id="4860"><net_src comp="4856" pin="1"/><net_sink comp="3703" pin=1"/></net>

<net id="4861"><net_src comp="4856" pin="1"/><net_sink comp="3989" pin=0"/></net>

<net id="4865"><net_src comp="636" pin="1"/><net_sink comp="4862" pin=0"/></net>

<net id="4866"><net_src comp="4862" pin="1"/><net_sink comp="3698" pin=1"/></net>

<net id="4867"><net_src comp="4862" pin="1"/><net_sink comp="3993" pin=0"/></net>

<net id="4871"><net_src comp="640" pin="1"/><net_sink comp="4868" pin=0"/></net>

<net id="4872"><net_src comp="4868" pin="1"/><net_sink comp="3693" pin=1"/></net>

<net id="4873"><net_src comp="4868" pin="1"/><net_sink comp="3997" pin=0"/></net>

<net id="4877"><net_src comp="644" pin="1"/><net_sink comp="4874" pin=0"/></net>

<net id="4878"><net_src comp="4874" pin="1"/><net_sink comp="3688" pin=1"/></net>

<net id="4879"><net_src comp="4874" pin="1"/><net_sink comp="4001" pin=0"/></net>

<net id="4883"><net_src comp="648" pin="1"/><net_sink comp="4880" pin=0"/></net>

<net id="4884"><net_src comp="4880" pin="1"/><net_sink comp="3683" pin=1"/></net>

<net id="4885"><net_src comp="4880" pin="1"/><net_sink comp="4005" pin=0"/></net>

<net id="4889"><net_src comp="652" pin="1"/><net_sink comp="4886" pin=0"/></net>

<net id="4890"><net_src comp="4886" pin="1"/><net_sink comp="3678" pin=1"/></net>

<net id="4891"><net_src comp="4886" pin="1"/><net_sink comp="4009" pin=0"/></net>

<net id="4895"><net_src comp="656" pin="1"/><net_sink comp="4892" pin=0"/></net>

<net id="4896"><net_src comp="4892" pin="1"/><net_sink comp="3673" pin=1"/></net>

<net id="4897"><net_src comp="4892" pin="1"/><net_sink comp="4013" pin=0"/></net>

<net id="4901"><net_src comp="660" pin="1"/><net_sink comp="4898" pin=0"/></net>

<net id="4902"><net_src comp="4898" pin="1"/><net_sink comp="3668" pin=1"/></net>

<net id="4903"><net_src comp="4898" pin="1"/><net_sink comp="4017" pin=0"/></net>

<net id="4907"><net_src comp="664" pin="1"/><net_sink comp="4904" pin=0"/></net>

<net id="4908"><net_src comp="4904" pin="1"/><net_sink comp="3663" pin=1"/></net>

<net id="4909"><net_src comp="4904" pin="1"/><net_sink comp="4021" pin=0"/></net>

<net id="4913"><net_src comp="668" pin="1"/><net_sink comp="4910" pin=0"/></net>

<net id="4914"><net_src comp="4910" pin="1"/><net_sink comp="3658" pin=1"/></net>

<net id="4915"><net_src comp="4910" pin="1"/><net_sink comp="4025" pin=0"/></net>

<net id="4919"><net_src comp="672" pin="1"/><net_sink comp="4916" pin=0"/></net>

<net id="4920"><net_src comp="4916" pin="1"/><net_sink comp="3653" pin=1"/></net>

<net id="4921"><net_src comp="4916" pin="1"/><net_sink comp="4029" pin=0"/></net>

<net id="4925"><net_src comp="676" pin="1"/><net_sink comp="4922" pin=0"/></net>

<net id="4926"><net_src comp="4922" pin="1"/><net_sink comp="3648" pin=1"/></net>

<net id="4927"><net_src comp="4922" pin="1"/><net_sink comp="4033" pin=0"/></net>

<net id="4931"><net_src comp="680" pin="1"/><net_sink comp="4928" pin=0"/></net>

<net id="4932"><net_src comp="4928" pin="1"/><net_sink comp="3643" pin=1"/></net>

<net id="4933"><net_src comp="4928" pin="1"/><net_sink comp="4037" pin=0"/></net>

<net id="4937"><net_src comp="684" pin="1"/><net_sink comp="4934" pin=0"/></net>

<net id="4938"><net_src comp="4934" pin="1"/><net_sink comp="3638" pin=1"/></net>

<net id="4939"><net_src comp="4934" pin="1"/><net_sink comp="4041" pin=0"/></net>

<net id="4943"><net_src comp="688" pin="1"/><net_sink comp="4940" pin=0"/></net>

<net id="4944"><net_src comp="4940" pin="1"/><net_sink comp="3633" pin=1"/></net>

<net id="4945"><net_src comp="4940" pin="1"/><net_sink comp="4045" pin=0"/></net>

<net id="4949"><net_src comp="692" pin="1"/><net_sink comp="4946" pin=0"/></net>

<net id="4950"><net_src comp="4946" pin="1"/><net_sink comp="3628" pin=1"/></net>

<net id="4951"><net_src comp="4946" pin="1"/><net_sink comp="4049" pin=0"/></net>

<net id="4955"><net_src comp="696" pin="1"/><net_sink comp="4952" pin=0"/></net>

<net id="4956"><net_src comp="4952" pin="1"/><net_sink comp="3623" pin=1"/></net>

<net id="4957"><net_src comp="4952" pin="1"/><net_sink comp="4053" pin=0"/></net>

<net id="4961"><net_src comp="700" pin="1"/><net_sink comp="4958" pin=0"/></net>

<net id="4962"><net_src comp="4958" pin="1"/><net_sink comp="3618" pin=1"/></net>

<net id="4963"><net_src comp="4958" pin="1"/><net_sink comp="4057" pin=0"/></net>

<net id="4967"><net_src comp="704" pin="1"/><net_sink comp="4964" pin=0"/></net>

<net id="4968"><net_src comp="4964" pin="1"/><net_sink comp="3613" pin=1"/></net>

<net id="4969"><net_src comp="4964" pin="1"/><net_sink comp="4061" pin=0"/></net>

<net id="4973"><net_src comp="708" pin="1"/><net_sink comp="4970" pin=0"/></net>

<net id="4974"><net_src comp="4970" pin="1"/><net_sink comp="3608" pin=1"/></net>

<net id="4975"><net_src comp="4970" pin="1"/><net_sink comp="4065" pin=0"/></net>

<net id="4979"><net_src comp="712" pin="1"/><net_sink comp="4976" pin=0"/></net>

<net id="4980"><net_src comp="4976" pin="1"/><net_sink comp="3603" pin=1"/></net>

<net id="4981"><net_src comp="4976" pin="1"/><net_sink comp="4069" pin=0"/></net>

<net id="4985"><net_src comp="716" pin="1"/><net_sink comp="4982" pin=0"/></net>

<net id="4986"><net_src comp="4982" pin="1"/><net_sink comp="3598" pin=1"/></net>

<net id="4987"><net_src comp="4982" pin="1"/><net_sink comp="4073" pin=0"/></net>

<net id="4991"><net_src comp="720" pin="1"/><net_sink comp="4988" pin=0"/></net>

<net id="4992"><net_src comp="4988" pin="1"/><net_sink comp="3593" pin=1"/></net>

<net id="4993"><net_src comp="4988" pin="1"/><net_sink comp="4077" pin=0"/></net>

<net id="4997"><net_src comp="724" pin="1"/><net_sink comp="4994" pin=0"/></net>

<net id="4998"><net_src comp="4994" pin="1"/><net_sink comp="3588" pin=1"/></net>

<net id="4999"><net_src comp="4994" pin="1"/><net_sink comp="4081" pin=0"/></net>

<net id="5003"><net_src comp="728" pin="1"/><net_sink comp="5000" pin=0"/></net>

<net id="5004"><net_src comp="5000" pin="1"/><net_sink comp="3583" pin=1"/></net>

<net id="5005"><net_src comp="5000" pin="1"/><net_sink comp="4085" pin=0"/></net>

<net id="5009"><net_src comp="732" pin="1"/><net_sink comp="5006" pin=0"/></net>

<net id="5010"><net_src comp="5006" pin="1"/><net_sink comp="3578" pin=1"/></net>

<net id="5011"><net_src comp="5006" pin="1"/><net_sink comp="4089" pin=0"/></net>

<net id="5015"><net_src comp="736" pin="1"/><net_sink comp="5012" pin=0"/></net>

<net id="5016"><net_src comp="5012" pin="1"/><net_sink comp="3573" pin=1"/></net>

<net id="5017"><net_src comp="5012" pin="1"/><net_sink comp="4093" pin=0"/></net>

<net id="5021"><net_src comp="740" pin="1"/><net_sink comp="5018" pin=0"/></net>

<net id="5022"><net_src comp="5018" pin="1"/><net_sink comp="3568" pin=1"/></net>

<net id="5023"><net_src comp="5018" pin="1"/><net_sink comp="4097" pin=0"/></net>

<net id="5027"><net_src comp="744" pin="1"/><net_sink comp="5024" pin=0"/></net>

<net id="5028"><net_src comp="5024" pin="1"/><net_sink comp="3563" pin=1"/></net>

<net id="5029"><net_src comp="5024" pin="1"/><net_sink comp="4101" pin=0"/></net>

<net id="5033"><net_src comp="748" pin="1"/><net_sink comp="5030" pin=0"/></net>

<net id="5034"><net_src comp="5030" pin="1"/><net_sink comp="3558" pin=1"/></net>

<net id="5035"><net_src comp="5030" pin="1"/><net_sink comp="4105" pin=0"/></net>

<net id="5039"><net_src comp="752" pin="1"/><net_sink comp="5036" pin=0"/></net>

<net id="5040"><net_src comp="5036" pin="1"/><net_sink comp="3553" pin=1"/></net>

<net id="5041"><net_src comp="5036" pin="1"/><net_sink comp="4109" pin=0"/></net>

<net id="5045"><net_src comp="756" pin="1"/><net_sink comp="5042" pin=0"/></net>

<net id="5046"><net_src comp="5042" pin="1"/><net_sink comp="3548" pin=1"/></net>

<net id="5047"><net_src comp="5042" pin="1"/><net_sink comp="4113" pin=0"/></net>

<net id="5051"><net_src comp="760" pin="1"/><net_sink comp="5048" pin=0"/></net>

<net id="5052"><net_src comp="5048" pin="1"/><net_sink comp="3543" pin=1"/></net>

<net id="5053"><net_src comp="5048" pin="1"/><net_sink comp="4117" pin=0"/></net>

<net id="5057"><net_src comp="764" pin="1"/><net_sink comp="5054" pin=0"/></net>

<net id="5058"><net_src comp="5054" pin="1"/><net_sink comp="3538" pin=1"/></net>

<net id="5059"><net_src comp="5054" pin="1"/><net_sink comp="4121" pin=0"/></net>

<net id="5063"><net_src comp="768" pin="1"/><net_sink comp="5060" pin=0"/></net>

<net id="5064"><net_src comp="5060" pin="1"/><net_sink comp="3533" pin=1"/></net>

<net id="5065"><net_src comp="5060" pin="1"/><net_sink comp="4125" pin=0"/></net>

<net id="5069"><net_src comp="772" pin="1"/><net_sink comp="5066" pin=0"/></net>

<net id="5070"><net_src comp="5066" pin="1"/><net_sink comp="3528" pin=1"/></net>

<net id="5071"><net_src comp="5066" pin="1"/><net_sink comp="4129" pin=0"/></net>

<net id="5075"><net_src comp="776" pin="1"/><net_sink comp="5072" pin=0"/></net>

<net id="5076"><net_src comp="5072" pin="1"/><net_sink comp="3523" pin=1"/></net>

<net id="5077"><net_src comp="5072" pin="1"/><net_sink comp="4133" pin=0"/></net>

<net id="5081"><net_src comp="780" pin="1"/><net_sink comp="5078" pin=0"/></net>

<net id="5082"><net_src comp="5078" pin="1"/><net_sink comp="3518" pin=1"/></net>

<net id="5083"><net_src comp="5078" pin="1"/><net_sink comp="4137" pin=0"/></net>

<net id="5087"><net_src comp="784" pin="1"/><net_sink comp="5084" pin=0"/></net>

<net id="5088"><net_src comp="5084" pin="1"/><net_sink comp="3513" pin=1"/></net>

<net id="5089"><net_src comp="5084" pin="1"/><net_sink comp="4141" pin=0"/></net>

<net id="5093"><net_src comp="788" pin="1"/><net_sink comp="5090" pin=0"/></net>

<net id="5094"><net_src comp="5090" pin="1"/><net_sink comp="3508" pin=1"/></net>

<net id="5095"><net_src comp="5090" pin="1"/><net_sink comp="4145" pin=0"/></net>

<net id="5099"><net_src comp="792" pin="1"/><net_sink comp="5096" pin=0"/></net>

<net id="5100"><net_src comp="5096" pin="1"/><net_sink comp="3503" pin=1"/></net>

<net id="5101"><net_src comp="5096" pin="1"/><net_sink comp="4149" pin=0"/></net>

<net id="5105"><net_src comp="796" pin="1"/><net_sink comp="5102" pin=0"/></net>

<net id="5106"><net_src comp="5102" pin="1"/><net_sink comp="3498" pin=1"/></net>

<net id="5107"><net_src comp="5102" pin="1"/><net_sink comp="4153" pin=0"/></net>

<net id="5111"><net_src comp="800" pin="1"/><net_sink comp="5108" pin=0"/></net>

<net id="5112"><net_src comp="5108" pin="1"/><net_sink comp="3493" pin=1"/></net>

<net id="5113"><net_src comp="5108" pin="1"/><net_sink comp="4157" pin=0"/></net>

<net id="5117"><net_src comp="804" pin="1"/><net_sink comp="5114" pin=0"/></net>

<net id="5118"><net_src comp="5114" pin="1"/><net_sink comp="3488" pin=1"/></net>

<net id="5119"><net_src comp="5114" pin="1"/><net_sink comp="4161" pin=0"/></net>

<net id="5123"><net_src comp="808" pin="1"/><net_sink comp="5120" pin=0"/></net>

<net id="5124"><net_src comp="5120" pin="1"/><net_sink comp="3483" pin=1"/></net>

<net id="5125"><net_src comp="5120" pin="1"/><net_sink comp="4165" pin=0"/></net>

<net id="5129"><net_src comp="812" pin="1"/><net_sink comp="5126" pin=0"/></net>

<net id="5130"><net_src comp="5126" pin="1"/><net_sink comp="3478" pin=1"/></net>

<net id="5131"><net_src comp="5126" pin="1"/><net_sink comp="4169" pin=0"/></net>

<net id="5135"><net_src comp="816" pin="1"/><net_sink comp="5132" pin=0"/></net>

<net id="5136"><net_src comp="5132" pin="1"/><net_sink comp="3473" pin=1"/></net>

<net id="5137"><net_src comp="5132" pin="1"/><net_sink comp="4173" pin=0"/></net>

<net id="5141"><net_src comp="820" pin="1"/><net_sink comp="5138" pin=0"/></net>

<net id="5142"><net_src comp="5138" pin="1"/><net_sink comp="3468" pin=1"/></net>

<net id="5143"><net_src comp="5138" pin="1"/><net_sink comp="4177" pin=0"/></net>

<net id="5147"><net_src comp="824" pin="1"/><net_sink comp="5144" pin=0"/></net>

<net id="5148"><net_src comp="5144" pin="1"/><net_sink comp="3463" pin=1"/></net>

<net id="5149"><net_src comp="5144" pin="1"/><net_sink comp="4181" pin=0"/></net>

<net id="5153"><net_src comp="828" pin="1"/><net_sink comp="5150" pin=0"/></net>

<net id="5154"><net_src comp="5150" pin="1"/><net_sink comp="3458" pin=1"/></net>

<net id="5155"><net_src comp="5150" pin="1"/><net_sink comp="4185" pin=0"/></net>

<net id="5159"><net_src comp="832" pin="1"/><net_sink comp="5156" pin=0"/></net>

<net id="5160"><net_src comp="5156" pin="1"/><net_sink comp="3453" pin=1"/></net>

<net id="5161"><net_src comp="5156" pin="1"/><net_sink comp="4189" pin=0"/></net>

<net id="5165"><net_src comp="836" pin="1"/><net_sink comp="5162" pin=0"/></net>

<net id="5166"><net_src comp="5162" pin="1"/><net_sink comp="3448" pin=1"/></net>

<net id="5167"><net_src comp="5162" pin="1"/><net_sink comp="4193" pin=0"/></net>

<net id="5171"><net_src comp="840" pin="1"/><net_sink comp="5168" pin=0"/></net>

<net id="5172"><net_src comp="5168" pin="1"/><net_sink comp="3443" pin=1"/></net>

<net id="5173"><net_src comp="5168" pin="1"/><net_sink comp="4197" pin=0"/></net>

<net id="5177"><net_src comp="844" pin="1"/><net_sink comp="5174" pin=0"/></net>

<net id="5178"><net_src comp="5174" pin="1"/><net_sink comp="3438" pin=1"/></net>

<net id="5179"><net_src comp="5174" pin="1"/><net_sink comp="4201" pin=0"/></net>

<net id="5183"><net_src comp="848" pin="1"/><net_sink comp="5180" pin=0"/></net>

<net id="5184"><net_src comp="5180" pin="1"/><net_sink comp="3433" pin=1"/></net>

<net id="5185"><net_src comp="5180" pin="1"/><net_sink comp="4205" pin=0"/></net>

<net id="5189"><net_src comp="852" pin="1"/><net_sink comp="5186" pin=0"/></net>

<net id="5190"><net_src comp="5186" pin="1"/><net_sink comp="3428" pin=1"/></net>

<net id="5191"><net_src comp="5186" pin="1"/><net_sink comp="4209" pin=0"/></net>

<net id="5195"><net_src comp="856" pin="1"/><net_sink comp="5192" pin=0"/></net>

<net id="5196"><net_src comp="5192" pin="1"/><net_sink comp="3423" pin=1"/></net>

<net id="5197"><net_src comp="5192" pin="1"/><net_sink comp="4213" pin=0"/></net>

<net id="5201"><net_src comp="860" pin="1"/><net_sink comp="5198" pin=0"/></net>

<net id="5202"><net_src comp="5198" pin="1"/><net_sink comp="3418" pin=1"/></net>

<net id="5203"><net_src comp="5198" pin="1"/><net_sink comp="4217" pin=0"/></net>

<net id="5207"><net_src comp="864" pin="1"/><net_sink comp="5204" pin=0"/></net>

<net id="5208"><net_src comp="5204" pin="1"/><net_sink comp="3413" pin=1"/></net>

<net id="5209"><net_src comp="5204" pin="1"/><net_sink comp="4221" pin=0"/></net>

<net id="5213"><net_src comp="868" pin="1"/><net_sink comp="5210" pin=0"/></net>

<net id="5214"><net_src comp="5210" pin="1"/><net_sink comp="3408" pin=1"/></net>

<net id="5215"><net_src comp="5210" pin="1"/><net_sink comp="4225" pin=0"/></net>

<net id="5219"><net_src comp="872" pin="1"/><net_sink comp="5216" pin=0"/></net>

<net id="5220"><net_src comp="5216" pin="1"/><net_sink comp="3403" pin=1"/></net>

<net id="5221"><net_src comp="5216" pin="1"/><net_sink comp="4229" pin=0"/></net>

<net id="5225"><net_src comp="876" pin="1"/><net_sink comp="5222" pin=0"/></net>

<net id="5226"><net_src comp="5222" pin="1"/><net_sink comp="3398" pin=1"/></net>

<net id="5227"><net_src comp="5222" pin="1"/><net_sink comp="4233" pin=0"/></net>

<net id="5231"><net_src comp="880" pin="1"/><net_sink comp="5228" pin=0"/></net>

<net id="5232"><net_src comp="5228" pin="1"/><net_sink comp="3393" pin=1"/></net>

<net id="5233"><net_src comp="5228" pin="1"/><net_sink comp="4237" pin=0"/></net>

<net id="5237"><net_src comp="884" pin="1"/><net_sink comp="5234" pin=0"/></net>

<net id="5238"><net_src comp="5234" pin="1"/><net_sink comp="3388" pin=1"/></net>

<net id="5239"><net_src comp="5234" pin="1"/><net_sink comp="4241" pin=0"/></net>

<net id="5243"><net_src comp="888" pin="1"/><net_sink comp="5240" pin=0"/></net>

<net id="5244"><net_src comp="5240" pin="1"/><net_sink comp="3383" pin=1"/></net>

<net id="5245"><net_src comp="5240" pin="1"/><net_sink comp="4245" pin=0"/></net>

<net id="5249"><net_src comp="892" pin="1"/><net_sink comp="5246" pin=0"/></net>

<net id="5250"><net_src comp="5246" pin="1"/><net_sink comp="3378" pin=1"/></net>

<net id="5251"><net_src comp="5246" pin="1"/><net_sink comp="4249" pin=0"/></net>

<net id="5255"><net_src comp="896" pin="1"/><net_sink comp="5252" pin=0"/></net>

<net id="5256"><net_src comp="5252" pin="1"/><net_sink comp="3373" pin=1"/></net>

<net id="5257"><net_src comp="5252" pin="1"/><net_sink comp="4253" pin=0"/></net>

<net id="5261"><net_src comp="900" pin="1"/><net_sink comp="5258" pin=0"/></net>

<net id="5262"><net_src comp="5258" pin="1"/><net_sink comp="3368" pin=1"/></net>

<net id="5263"><net_src comp="5258" pin="1"/><net_sink comp="4257" pin=0"/></net>

<net id="5267"><net_src comp="904" pin="1"/><net_sink comp="5264" pin=0"/></net>

<net id="5268"><net_src comp="5264" pin="1"/><net_sink comp="3363" pin=1"/></net>

<net id="5269"><net_src comp="5264" pin="1"/><net_sink comp="4261" pin=0"/></net>

<net id="5273"><net_src comp="908" pin="1"/><net_sink comp="5270" pin=0"/></net>

<net id="5274"><net_src comp="5270" pin="1"/><net_sink comp="3358" pin=1"/></net>

<net id="5275"><net_src comp="5270" pin="1"/><net_sink comp="4265" pin=0"/></net>

<net id="5279"><net_src comp="912" pin="1"/><net_sink comp="5276" pin=0"/></net>

<net id="5280"><net_src comp="5276" pin="1"/><net_sink comp="3353" pin=1"/></net>

<net id="5281"><net_src comp="5276" pin="1"/><net_sink comp="4269" pin=0"/></net>

<net id="5285"><net_src comp="916" pin="1"/><net_sink comp="5282" pin=0"/></net>

<net id="5286"><net_src comp="5282" pin="1"/><net_sink comp="3348" pin=1"/></net>

<net id="5287"><net_src comp="5282" pin="1"/><net_sink comp="4273" pin=0"/></net>

<net id="5291"><net_src comp="920" pin="1"/><net_sink comp="5288" pin=0"/></net>

<net id="5292"><net_src comp="5288" pin="1"/><net_sink comp="3343" pin=1"/></net>

<net id="5293"><net_src comp="5288" pin="1"/><net_sink comp="4277" pin=0"/></net>

<net id="5297"><net_src comp="924" pin="1"/><net_sink comp="5294" pin=0"/></net>

<net id="5298"><net_src comp="5294" pin="1"/><net_sink comp="3338" pin=1"/></net>

<net id="5299"><net_src comp="5294" pin="1"/><net_sink comp="4281" pin=0"/></net>

<net id="5303"><net_src comp="928" pin="1"/><net_sink comp="5300" pin=0"/></net>

<net id="5304"><net_src comp="5300" pin="1"/><net_sink comp="3333" pin=1"/></net>

<net id="5305"><net_src comp="5300" pin="1"/><net_sink comp="4285" pin=0"/></net>

<net id="5309"><net_src comp="932" pin="1"/><net_sink comp="5306" pin=0"/></net>

<net id="5310"><net_src comp="5306" pin="1"/><net_sink comp="3328" pin=1"/></net>

<net id="5311"><net_src comp="5306" pin="1"/><net_sink comp="4289" pin=0"/></net>

<net id="5315"><net_src comp="936" pin="1"/><net_sink comp="5312" pin=0"/></net>

<net id="5316"><net_src comp="5312" pin="1"/><net_sink comp="3323" pin=1"/></net>

<net id="5317"><net_src comp="5312" pin="1"/><net_sink comp="4293" pin=0"/></net>

<net id="5321"><net_src comp="940" pin="1"/><net_sink comp="5318" pin=0"/></net>

<net id="5322"><net_src comp="5318" pin="1"/><net_sink comp="3318" pin=1"/></net>

<net id="5323"><net_src comp="5318" pin="1"/><net_sink comp="4297" pin=0"/></net>

<net id="5327"><net_src comp="944" pin="1"/><net_sink comp="5324" pin=0"/></net>

<net id="5328"><net_src comp="5324" pin="1"/><net_sink comp="3313" pin=1"/></net>

<net id="5329"><net_src comp="5324" pin="1"/><net_sink comp="4301" pin=0"/></net>

<net id="5333"><net_src comp="948" pin="1"/><net_sink comp="5330" pin=0"/></net>

<net id="5334"><net_src comp="5330" pin="1"/><net_sink comp="3308" pin=1"/></net>

<net id="5335"><net_src comp="5330" pin="1"/><net_sink comp="4305" pin=0"/></net>

<net id="5339"><net_src comp="952" pin="1"/><net_sink comp="5336" pin=0"/></net>

<net id="5340"><net_src comp="5336" pin="1"/><net_sink comp="3303" pin=1"/></net>

<net id="5341"><net_src comp="5336" pin="1"/><net_sink comp="4309" pin=0"/></net>

<net id="5345"><net_src comp="956" pin="1"/><net_sink comp="5342" pin=0"/></net>

<net id="5346"><net_src comp="5342" pin="1"/><net_sink comp="3298" pin=1"/></net>

<net id="5347"><net_src comp="5342" pin="1"/><net_sink comp="4313" pin=0"/></net>

<net id="5351"><net_src comp="960" pin="1"/><net_sink comp="5348" pin=0"/></net>

<net id="5352"><net_src comp="5348" pin="1"/><net_sink comp="3293" pin=1"/></net>

<net id="5353"><net_src comp="5348" pin="1"/><net_sink comp="4317" pin=0"/></net>

<net id="5357"><net_src comp="964" pin="1"/><net_sink comp="5354" pin=0"/></net>

<net id="5358"><net_src comp="5354" pin="1"/><net_sink comp="3288" pin=1"/></net>

<net id="5359"><net_src comp="5354" pin="1"/><net_sink comp="4321" pin=0"/></net>

<net id="5363"><net_src comp="968" pin="1"/><net_sink comp="5360" pin=0"/></net>

<net id="5364"><net_src comp="5360" pin="1"/><net_sink comp="3283" pin=1"/></net>

<net id="5365"><net_src comp="5360" pin="1"/><net_sink comp="4325" pin=0"/></net>

<net id="5369"><net_src comp="972" pin="1"/><net_sink comp="5366" pin=0"/></net>

<net id="5370"><net_src comp="5366" pin="1"/><net_sink comp="3278" pin=1"/></net>

<net id="5371"><net_src comp="5366" pin="1"/><net_sink comp="4329" pin=0"/></net>

<net id="5375"><net_src comp="976" pin="1"/><net_sink comp="5372" pin=0"/></net>

<net id="5376"><net_src comp="5372" pin="1"/><net_sink comp="3273" pin=1"/></net>

<net id="5377"><net_src comp="5372" pin="1"/><net_sink comp="4333" pin=0"/></net>

<net id="5381"><net_src comp="980" pin="1"/><net_sink comp="5378" pin=0"/></net>

<net id="5382"><net_src comp="5378" pin="1"/><net_sink comp="3268" pin=1"/></net>

<net id="5383"><net_src comp="5378" pin="1"/><net_sink comp="4337" pin=0"/></net>

<net id="5387"><net_src comp="984" pin="1"/><net_sink comp="5384" pin=0"/></net>

<net id="5388"><net_src comp="5384" pin="1"/><net_sink comp="3263" pin=1"/></net>

<net id="5389"><net_src comp="5384" pin="1"/><net_sink comp="4341" pin=0"/></net>

<net id="5393"><net_src comp="988" pin="1"/><net_sink comp="5390" pin=0"/></net>

<net id="5394"><net_src comp="5390" pin="1"/><net_sink comp="3258" pin=1"/></net>

<net id="5395"><net_src comp="5390" pin="1"/><net_sink comp="4345" pin=0"/></net>

<net id="5399"><net_src comp="992" pin="1"/><net_sink comp="5396" pin=0"/></net>

<net id="5400"><net_src comp="5396" pin="1"/><net_sink comp="3253" pin=1"/></net>

<net id="5401"><net_src comp="5396" pin="1"/><net_sink comp="4349" pin=0"/></net>

<net id="5405"><net_src comp="996" pin="1"/><net_sink comp="5402" pin=0"/></net>

<net id="5406"><net_src comp="5402" pin="1"/><net_sink comp="3248" pin=1"/></net>

<net id="5407"><net_src comp="5402" pin="1"/><net_sink comp="4353" pin=0"/></net>

<net id="5411"><net_src comp="1000" pin="1"/><net_sink comp="5408" pin=0"/></net>

<net id="5412"><net_src comp="5408" pin="1"/><net_sink comp="3243" pin=1"/></net>

<net id="5413"><net_src comp="5408" pin="1"/><net_sink comp="4357" pin=0"/></net>

<net id="5417"><net_src comp="1004" pin="1"/><net_sink comp="5414" pin=0"/></net>

<net id="5418"><net_src comp="5414" pin="1"/><net_sink comp="3238" pin=1"/></net>

<net id="5419"><net_src comp="5414" pin="1"/><net_sink comp="4361" pin=0"/></net>

<net id="5423"><net_src comp="1008" pin="1"/><net_sink comp="5420" pin=0"/></net>

<net id="5424"><net_src comp="5420" pin="1"/><net_sink comp="3233" pin=1"/></net>

<net id="5425"><net_src comp="5420" pin="1"/><net_sink comp="4365" pin=0"/></net>

<net id="5429"><net_src comp="1012" pin="1"/><net_sink comp="5426" pin=0"/></net>

<net id="5430"><net_src comp="5426" pin="1"/><net_sink comp="3228" pin=1"/></net>

<net id="5431"><net_src comp="5426" pin="1"/><net_sink comp="4369" pin=0"/></net>

<net id="5435"><net_src comp="1016" pin="1"/><net_sink comp="5432" pin=0"/></net>

<net id="5436"><net_src comp="5432" pin="1"/><net_sink comp="3223" pin=1"/></net>

<net id="5437"><net_src comp="5432" pin="1"/><net_sink comp="4373" pin=0"/></net>

<net id="5441"><net_src comp="1020" pin="1"/><net_sink comp="5438" pin=0"/></net>

<net id="5442"><net_src comp="5438" pin="1"/><net_sink comp="3218" pin=1"/></net>

<net id="5443"><net_src comp="5438" pin="1"/><net_sink comp="4377" pin=0"/></net>

<net id="5447"><net_src comp="1024" pin="1"/><net_sink comp="5444" pin=0"/></net>

<net id="5448"><net_src comp="5444" pin="1"/><net_sink comp="3213" pin=1"/></net>

<net id="5449"><net_src comp="5444" pin="1"/><net_sink comp="4381" pin=0"/></net>

<net id="5453"><net_src comp="1028" pin="1"/><net_sink comp="5450" pin=0"/></net>

<net id="5454"><net_src comp="5450" pin="1"/><net_sink comp="3208" pin=1"/></net>

<net id="5455"><net_src comp="5450" pin="1"/><net_sink comp="4385" pin=0"/></net>

<net id="5459"><net_src comp="1032" pin="1"/><net_sink comp="5456" pin=0"/></net>

<net id="5460"><net_src comp="5456" pin="1"/><net_sink comp="3203" pin=1"/></net>

<net id="5461"><net_src comp="5456" pin="1"/><net_sink comp="4389" pin=0"/></net>

<net id="5465"><net_src comp="1036" pin="1"/><net_sink comp="5462" pin=0"/></net>

<net id="5466"><net_src comp="5462" pin="1"/><net_sink comp="3198" pin=1"/></net>

<net id="5467"><net_src comp="5462" pin="1"/><net_sink comp="4393" pin=0"/></net>

<net id="5471"><net_src comp="1040" pin="1"/><net_sink comp="5468" pin=0"/></net>

<net id="5472"><net_src comp="5468" pin="1"/><net_sink comp="3193" pin=1"/></net>

<net id="5473"><net_src comp="5468" pin="1"/><net_sink comp="4397" pin=0"/></net>

<net id="5477"><net_src comp="1044" pin="1"/><net_sink comp="5474" pin=0"/></net>

<net id="5478"><net_src comp="5474" pin="1"/><net_sink comp="3188" pin=1"/></net>

<net id="5479"><net_src comp="5474" pin="1"/><net_sink comp="4401" pin=0"/></net>

<net id="5483"><net_src comp="1048" pin="1"/><net_sink comp="5480" pin=0"/></net>

<net id="5484"><net_src comp="5480" pin="1"/><net_sink comp="3183" pin=1"/></net>

<net id="5485"><net_src comp="5480" pin="1"/><net_sink comp="4405" pin=0"/></net>

<net id="5489"><net_src comp="1052" pin="1"/><net_sink comp="5486" pin=0"/></net>

<net id="5490"><net_src comp="5486" pin="1"/><net_sink comp="3178" pin=1"/></net>

<net id="5491"><net_src comp="5486" pin="1"/><net_sink comp="4409" pin=0"/></net>

<net id="5495"><net_src comp="1056" pin="1"/><net_sink comp="5492" pin=0"/></net>

<net id="5496"><net_src comp="5492" pin="1"/><net_sink comp="3173" pin=1"/></net>

<net id="5497"><net_src comp="5492" pin="1"/><net_sink comp="4413" pin=0"/></net>

<net id="5501"><net_src comp="1060" pin="1"/><net_sink comp="5498" pin=0"/></net>

<net id="5502"><net_src comp="5498" pin="1"/><net_sink comp="3168" pin=1"/></net>

<net id="5503"><net_src comp="5498" pin="1"/><net_sink comp="4417" pin=0"/></net>

<net id="5507"><net_src comp="1064" pin="1"/><net_sink comp="5504" pin=0"/></net>

<net id="5508"><net_src comp="5504" pin="1"/><net_sink comp="3163" pin=1"/></net>

<net id="5509"><net_src comp="5504" pin="1"/><net_sink comp="4421" pin=0"/></net>

<net id="5513"><net_src comp="1068" pin="1"/><net_sink comp="5510" pin=0"/></net>

<net id="5514"><net_src comp="5510" pin="1"/><net_sink comp="3158" pin=1"/></net>

<net id="5515"><net_src comp="5510" pin="1"/><net_sink comp="4425" pin=0"/></net>

<net id="5519"><net_src comp="1072" pin="1"/><net_sink comp="5516" pin=0"/></net>

<net id="5520"><net_src comp="5516" pin="1"/><net_sink comp="3153" pin=1"/></net>

<net id="5521"><net_src comp="5516" pin="1"/><net_sink comp="4429" pin=0"/></net>

<net id="5525"><net_src comp="1076" pin="1"/><net_sink comp="5522" pin=0"/></net>

<net id="5526"><net_src comp="5522" pin="1"/><net_sink comp="3148" pin=1"/></net>

<net id="5527"><net_src comp="5522" pin="1"/><net_sink comp="4433" pin=0"/></net>

<net id="5531"><net_src comp="1080" pin="1"/><net_sink comp="5528" pin=0"/></net>

<net id="5532"><net_src comp="5528" pin="1"/><net_sink comp="3143" pin=1"/></net>

<net id="5533"><net_src comp="5528" pin="1"/><net_sink comp="4437" pin=0"/></net>

<net id="5537"><net_src comp="1084" pin="1"/><net_sink comp="5534" pin=0"/></net>

<net id="5538"><net_src comp="5534" pin="1"/><net_sink comp="3138" pin=1"/></net>

<net id="5539"><net_src comp="5534" pin="1"/><net_sink comp="4441" pin=0"/></net>

<net id="5543"><net_src comp="1088" pin="1"/><net_sink comp="5540" pin=0"/></net>

<net id="5544"><net_src comp="5540" pin="1"/><net_sink comp="3133" pin=1"/></net>

<net id="5545"><net_src comp="5540" pin="1"/><net_sink comp="4445" pin=0"/></net>

<net id="5549"><net_src comp="1092" pin="1"/><net_sink comp="5546" pin=0"/></net>

<net id="5550"><net_src comp="5546" pin="1"/><net_sink comp="3128" pin=1"/></net>

<net id="5551"><net_src comp="5546" pin="1"/><net_sink comp="4449" pin=0"/></net>

<net id="5555"><net_src comp="1096" pin="1"/><net_sink comp="5552" pin=0"/></net>

<net id="5556"><net_src comp="5552" pin="1"/><net_sink comp="3123" pin=1"/></net>

<net id="5557"><net_src comp="5552" pin="1"/><net_sink comp="4453" pin=0"/></net>

<net id="5561"><net_src comp="1100" pin="1"/><net_sink comp="5558" pin=0"/></net>

<net id="5562"><net_src comp="5558" pin="1"/><net_sink comp="3118" pin=1"/></net>

<net id="5563"><net_src comp="5558" pin="1"/><net_sink comp="4457" pin=0"/></net>

<net id="5567"><net_src comp="1104" pin="1"/><net_sink comp="5564" pin=0"/></net>

<net id="5568"><net_src comp="5564" pin="1"/><net_sink comp="3113" pin=1"/></net>

<net id="5569"><net_src comp="5564" pin="1"/><net_sink comp="4461" pin=0"/></net>

<net id="5573"><net_src comp="1108" pin="1"/><net_sink comp="5570" pin=0"/></net>

<net id="5574"><net_src comp="5570" pin="1"/><net_sink comp="3108" pin=1"/></net>

<net id="5575"><net_src comp="5570" pin="1"/><net_sink comp="4465" pin=0"/></net>

<net id="5579"><net_src comp="1112" pin="1"/><net_sink comp="5576" pin=0"/></net>

<net id="5580"><net_src comp="5576" pin="1"/><net_sink comp="3103" pin=1"/></net>

<net id="5581"><net_src comp="5576" pin="1"/><net_sink comp="4469" pin=0"/></net>

<net id="5585"><net_src comp="1116" pin="1"/><net_sink comp="5582" pin=0"/></net>

<net id="5586"><net_src comp="5582" pin="1"/><net_sink comp="3098" pin=1"/></net>

<net id="5587"><net_src comp="5582" pin="1"/><net_sink comp="4473" pin=0"/></net>

<net id="5591"><net_src comp="1120" pin="1"/><net_sink comp="5588" pin=0"/></net>

<net id="5592"><net_src comp="5588" pin="1"/><net_sink comp="3093" pin=1"/></net>

<net id="5593"><net_src comp="5588" pin="1"/><net_sink comp="4477" pin=0"/></net>

<net id="5597"><net_src comp="1124" pin="1"/><net_sink comp="5594" pin=0"/></net>

<net id="5598"><net_src comp="5594" pin="1"/><net_sink comp="3088" pin=1"/></net>

<net id="5599"><net_src comp="5594" pin="1"/><net_sink comp="4481" pin=0"/></net>

<net id="5603"><net_src comp="1128" pin="1"/><net_sink comp="5600" pin=0"/></net>

<net id="5604"><net_src comp="5600" pin="1"/><net_sink comp="3083" pin=1"/></net>

<net id="5605"><net_src comp="5600" pin="1"/><net_sink comp="4485" pin=0"/></net>

<net id="5609"><net_src comp="1132" pin="1"/><net_sink comp="5606" pin=0"/></net>

<net id="5610"><net_src comp="5606" pin="1"/><net_sink comp="3078" pin=1"/></net>

<net id="5611"><net_src comp="5606" pin="1"/><net_sink comp="4489" pin=0"/></net>

<net id="5615"><net_src comp="1136" pin="1"/><net_sink comp="5612" pin=0"/></net>

<net id="5616"><net_src comp="5612" pin="1"/><net_sink comp="3073" pin=1"/></net>

<net id="5617"><net_src comp="5612" pin="1"/><net_sink comp="4493" pin=0"/></net>

<net id="5621"><net_src comp="1140" pin="1"/><net_sink comp="5618" pin=0"/></net>

<net id="5622"><net_src comp="5618" pin="1"/><net_sink comp="3068" pin=1"/></net>

<net id="5623"><net_src comp="5618" pin="1"/><net_sink comp="4497" pin=0"/></net>

<net id="5627"><net_src comp="1144" pin="1"/><net_sink comp="5624" pin=0"/></net>

<net id="5628"><net_src comp="5624" pin="1"/><net_sink comp="3063" pin=1"/></net>

<net id="5629"><net_src comp="5624" pin="1"/><net_sink comp="4501" pin=0"/></net>

<net id="5633"><net_src comp="1148" pin="1"/><net_sink comp="5630" pin=0"/></net>

<net id="5634"><net_src comp="5630" pin="1"/><net_sink comp="3058" pin=1"/></net>

<net id="5635"><net_src comp="5630" pin="1"/><net_sink comp="4505" pin=0"/></net>

<net id="5639"><net_src comp="1152" pin="1"/><net_sink comp="5636" pin=0"/></net>

<net id="5640"><net_src comp="5636" pin="1"/><net_sink comp="3053" pin=1"/></net>

<net id="5641"><net_src comp="5636" pin="1"/><net_sink comp="4509" pin=0"/></net>

<net id="5645"><net_src comp="1156" pin="1"/><net_sink comp="5642" pin=0"/></net>

<net id="5646"><net_src comp="5642" pin="1"/><net_sink comp="3048" pin=1"/></net>

<net id="5647"><net_src comp="5642" pin="1"/><net_sink comp="4513" pin=0"/></net>

<net id="5651"><net_src comp="1160" pin="1"/><net_sink comp="5648" pin=0"/></net>

<net id="5652"><net_src comp="5648" pin="1"/><net_sink comp="3043" pin=1"/></net>

<net id="5653"><net_src comp="5648" pin="1"/><net_sink comp="4517" pin=0"/></net>

<net id="5657"><net_src comp="1164" pin="1"/><net_sink comp="5654" pin=0"/></net>

<net id="5658"><net_src comp="5654" pin="1"/><net_sink comp="3038" pin=1"/></net>

<net id="5659"><net_src comp="5654" pin="1"/><net_sink comp="4521" pin=0"/></net>

<net id="5663"><net_src comp="1168" pin="1"/><net_sink comp="5660" pin=0"/></net>

<net id="5664"><net_src comp="5660" pin="1"/><net_sink comp="3033" pin=1"/></net>

<net id="5665"><net_src comp="5660" pin="1"/><net_sink comp="4525" pin=0"/></net>

<net id="5669"><net_src comp="1172" pin="1"/><net_sink comp="5666" pin=0"/></net>

<net id="5670"><net_src comp="5666" pin="1"/><net_sink comp="3028" pin=1"/></net>

<net id="5671"><net_src comp="5666" pin="1"/><net_sink comp="4529" pin=0"/></net>

<net id="5675"><net_src comp="1176" pin="1"/><net_sink comp="5672" pin=0"/></net>

<net id="5676"><net_src comp="5672" pin="1"/><net_sink comp="3023" pin=1"/></net>

<net id="5677"><net_src comp="5672" pin="1"/><net_sink comp="4533" pin=0"/></net>

<net id="5681"><net_src comp="1180" pin="1"/><net_sink comp="5678" pin=0"/></net>

<net id="5682"><net_src comp="5678" pin="1"/><net_sink comp="3018" pin=1"/></net>

<net id="5683"><net_src comp="5678" pin="1"/><net_sink comp="4537" pin=0"/></net>

<net id="5687"><net_src comp="1184" pin="1"/><net_sink comp="5684" pin=0"/></net>

<net id="5688"><net_src comp="5684" pin="1"/><net_sink comp="3013" pin=1"/></net>

<net id="5689"><net_src comp="5684" pin="1"/><net_sink comp="4541" pin=0"/></net>

<net id="5693"><net_src comp="1188" pin="1"/><net_sink comp="5690" pin=0"/></net>

<net id="5694"><net_src comp="5690" pin="1"/><net_sink comp="3008" pin=1"/></net>

<net id="5695"><net_src comp="5690" pin="1"/><net_sink comp="4545" pin=0"/></net>

<net id="5699"><net_src comp="1192" pin="1"/><net_sink comp="5696" pin=0"/></net>

<net id="5700"><net_src comp="5696" pin="1"/><net_sink comp="3003" pin=1"/></net>

<net id="5701"><net_src comp="5696" pin="1"/><net_sink comp="4549" pin=0"/></net>

<net id="5705"><net_src comp="1196" pin="1"/><net_sink comp="5702" pin=0"/></net>

<net id="5706"><net_src comp="5702" pin="1"/><net_sink comp="2998" pin=1"/></net>

<net id="5707"><net_src comp="5702" pin="1"/><net_sink comp="4553" pin=0"/></net>

<net id="5711"><net_src comp="1200" pin="1"/><net_sink comp="5708" pin=0"/></net>

<net id="5712"><net_src comp="5708" pin="1"/><net_sink comp="2993" pin=1"/></net>

<net id="5713"><net_src comp="5708" pin="1"/><net_sink comp="4557" pin=0"/></net>

<net id="5717"><net_src comp="1204" pin="1"/><net_sink comp="5714" pin=0"/></net>

<net id="5718"><net_src comp="5714" pin="1"/><net_sink comp="2988" pin=1"/></net>

<net id="5719"><net_src comp="5714" pin="1"/><net_sink comp="4561" pin=0"/></net>

<net id="5723"><net_src comp="1208" pin="1"/><net_sink comp="5720" pin=0"/></net>

<net id="5724"><net_src comp="5720" pin="1"/><net_sink comp="2983" pin=1"/></net>

<net id="5725"><net_src comp="5720" pin="1"/><net_sink comp="4565" pin=0"/></net>

<net id="5729"><net_src comp="1212" pin="1"/><net_sink comp="5726" pin=0"/></net>

<net id="5730"><net_src comp="5726" pin="1"/><net_sink comp="2978" pin=1"/></net>

<net id="5731"><net_src comp="5726" pin="1"/><net_sink comp="4569" pin=0"/></net>

<net id="5735"><net_src comp="1216" pin="1"/><net_sink comp="5732" pin=0"/></net>

<net id="5736"><net_src comp="5732" pin="1"/><net_sink comp="2973" pin=1"/></net>

<net id="5737"><net_src comp="5732" pin="1"/><net_sink comp="4573" pin=0"/></net>

<net id="5741"><net_src comp="1220" pin="1"/><net_sink comp="5738" pin=0"/></net>

<net id="5742"><net_src comp="5738" pin="1"/><net_sink comp="2968" pin=1"/></net>

<net id="5743"><net_src comp="5738" pin="1"/><net_sink comp="4577" pin=0"/></net>

<net id="5747"><net_src comp="1224" pin="1"/><net_sink comp="5744" pin=0"/></net>

<net id="5748"><net_src comp="5744" pin="1"/><net_sink comp="2963" pin=1"/></net>

<net id="5749"><net_src comp="5744" pin="1"/><net_sink comp="4581" pin=0"/></net>

<net id="5753"><net_src comp="1228" pin="1"/><net_sink comp="5750" pin=0"/></net>

<net id="5754"><net_src comp="5750" pin="1"/><net_sink comp="2958" pin=1"/></net>

<net id="5755"><net_src comp="5750" pin="1"/><net_sink comp="4585" pin=0"/></net>

<net id="5759"><net_src comp="1232" pin="1"/><net_sink comp="5756" pin=0"/></net>

<net id="5760"><net_src comp="5756" pin="1"/><net_sink comp="2953" pin=1"/></net>

<net id="5761"><net_src comp="5756" pin="1"/><net_sink comp="4589" pin=0"/></net>

<net id="5765"><net_src comp="1236" pin="1"/><net_sink comp="5762" pin=0"/></net>

<net id="5766"><net_src comp="5762" pin="1"/><net_sink comp="2948" pin=1"/></net>

<net id="5767"><net_src comp="5762" pin="1"/><net_sink comp="4593" pin=0"/></net>

<net id="5771"><net_src comp="1240" pin="1"/><net_sink comp="5768" pin=0"/></net>

<net id="5772"><net_src comp="5768" pin="1"/><net_sink comp="2943" pin=1"/></net>

<net id="5773"><net_src comp="5768" pin="1"/><net_sink comp="4597" pin=0"/></net>

<net id="5777"><net_src comp="1244" pin="1"/><net_sink comp="5774" pin=0"/></net>

<net id="5778"><net_src comp="5774" pin="1"/><net_sink comp="2938" pin=1"/></net>

<net id="5779"><net_src comp="5774" pin="1"/><net_sink comp="4601" pin=0"/></net>

<net id="5783"><net_src comp="1248" pin="1"/><net_sink comp="5780" pin=0"/></net>

<net id="5784"><net_src comp="5780" pin="1"/><net_sink comp="2933" pin=1"/></net>

<net id="5785"><net_src comp="5780" pin="1"/><net_sink comp="4605" pin=0"/></net>

<net id="5789"><net_src comp="1252" pin="1"/><net_sink comp="5786" pin=0"/></net>

<net id="5790"><net_src comp="5786" pin="1"/><net_sink comp="2928" pin=1"/></net>

<net id="5791"><net_src comp="5786" pin="1"/><net_sink comp="4609" pin=0"/></net>

<net id="5795"><net_src comp="1256" pin="1"/><net_sink comp="5792" pin=0"/></net>

<net id="5796"><net_src comp="5792" pin="1"/><net_sink comp="2923" pin=1"/></net>

<net id="5797"><net_src comp="5792" pin="1"/><net_sink comp="4613" pin=0"/></net>

<net id="5801"><net_src comp="1260" pin="1"/><net_sink comp="5798" pin=0"/></net>

<net id="5802"><net_src comp="5798" pin="1"/><net_sink comp="2918" pin=1"/></net>

<net id="5803"><net_src comp="5798" pin="1"/><net_sink comp="4617" pin=0"/></net>

<net id="5807"><net_src comp="1264" pin="1"/><net_sink comp="5804" pin=0"/></net>

<net id="5808"><net_src comp="5804" pin="1"/><net_sink comp="2913" pin=1"/></net>

<net id="5809"><net_src comp="5804" pin="1"/><net_sink comp="4621" pin=0"/></net>

<net id="5813"><net_src comp="1268" pin="1"/><net_sink comp="5810" pin=0"/></net>

<net id="5814"><net_src comp="5810" pin="1"/><net_sink comp="2908" pin=1"/></net>

<net id="5815"><net_src comp="5810" pin="1"/><net_sink comp="4625" pin=0"/></net>

<net id="5819"><net_src comp="1272" pin="1"/><net_sink comp="5816" pin=0"/></net>

<net id="5820"><net_src comp="5816" pin="1"/><net_sink comp="2903" pin=1"/></net>

<net id="5821"><net_src comp="5816" pin="1"/><net_sink comp="4629" pin=0"/></net>

<net id="5825"><net_src comp="1276" pin="1"/><net_sink comp="5822" pin=0"/></net>

<net id="5826"><net_src comp="5822" pin="1"/><net_sink comp="2898" pin=1"/></net>

<net id="5827"><net_src comp="5822" pin="1"/><net_sink comp="4633" pin=0"/></net>

<net id="5831"><net_src comp="1280" pin="1"/><net_sink comp="5828" pin=0"/></net>

<net id="5832"><net_src comp="5828" pin="1"/><net_sink comp="2893" pin=1"/></net>

<net id="5833"><net_src comp="5828" pin="1"/><net_sink comp="4637" pin=0"/></net>

<net id="5837"><net_src comp="1284" pin="1"/><net_sink comp="5834" pin=0"/></net>

<net id="5838"><net_src comp="5834" pin="1"/><net_sink comp="2888" pin=1"/></net>

<net id="5839"><net_src comp="5834" pin="1"/><net_sink comp="4641" pin=0"/></net>

<net id="5843"><net_src comp="1288" pin="1"/><net_sink comp="5840" pin=0"/></net>

<net id="5844"><net_src comp="5840" pin="1"/><net_sink comp="2883" pin=1"/></net>

<net id="5845"><net_src comp="5840" pin="1"/><net_sink comp="4645" pin=0"/></net>

<net id="5849"><net_src comp="1292" pin="1"/><net_sink comp="5846" pin=0"/></net>

<net id="5850"><net_src comp="5846" pin="1"/><net_sink comp="2878" pin=1"/></net>

<net id="5851"><net_src comp="5846" pin="1"/><net_sink comp="4649" pin=0"/></net>

<net id="5855"><net_src comp="1296" pin="1"/><net_sink comp="5852" pin=0"/></net>

<net id="5856"><net_src comp="5852" pin="1"/><net_sink comp="2873" pin=1"/></net>

<net id="5857"><net_src comp="5852" pin="1"/><net_sink comp="4653" pin=0"/></net>

<net id="5861"><net_src comp="1300" pin="1"/><net_sink comp="5858" pin=0"/></net>

<net id="5862"><net_src comp="5858" pin="1"/><net_sink comp="2868" pin=1"/></net>

<net id="5863"><net_src comp="5858" pin="1"/><net_sink comp="4657" pin=0"/></net>

<net id="5867"><net_src comp="1304" pin="1"/><net_sink comp="5864" pin=0"/></net>

<net id="5868"><net_src comp="5864" pin="1"/><net_sink comp="2863" pin=1"/></net>

<net id="5869"><net_src comp="5864" pin="1"/><net_sink comp="4661" pin=0"/></net>

<net id="5873"><net_src comp="1308" pin="1"/><net_sink comp="5870" pin=0"/></net>

<net id="5874"><net_src comp="5870" pin="1"/><net_sink comp="2858" pin=1"/></net>

<net id="5875"><net_src comp="5870" pin="1"/><net_sink comp="4665" pin=0"/></net>

</net_list>

</model> 
---------------- Datapath Model END ------------------

* FSMD analyzer results:
  - Output states:
	Port: data_199_out | {2 }
	Port: data_198_out | {2 }
	Port: data_197_out | {2 }
	Port: data_196_out | {2 }
	Port: data_195_out | {2 }
	Port: data_194_out | {2 }
	Port: data_193_out | {2 }
	Port: data_192_out | {2 }
	Port: data_191_out | {2 }
	Port: data_190_out | {2 }
	Port: data_189_out | {2 }
	Port: data_188_out | {2 }
	Port: data_187_out | {2 }
	Port: data_186_out | {2 }
	Port: data_185_out | {2 }
	Port: data_184_out | {2 }
	Port: data_183_out | {2 }
	Port: data_182_out | {2 }
	Port: data_181_out | {2 }
	Port: data_180_out | {2 }
	Port: data_179_out | {2 }
	Port: data_178_out | {2 }
	Port: data_177_out | {2 }
	Port: data_176_out | {2 }
	Port: data_175_out | {2 }
	Port: data_174_out | {2 }
	Port: data_173_out | {2 }
	Port: data_172_out | {2 }
	Port: data_171_out | {2 }
	Port: data_170_out | {2 }
	Port: data_169_out | {2 }
	Port: data_168_out | {2 }
	Port: data_167_out | {2 }
	Port: data_166_out | {2 }
	Port: data_165_out | {2 }
	Port: data_164_out | {2 }
	Port: data_163_out | {2 }
	Port: data_162_out | {2 }
	Port: data_161_out | {2 }
	Port: data_160_out | {2 }
	Port: data_159_out | {2 }
	Port: data_158_out | {2 }
	Port: data_157_out | {2 }
	Port: data_156_out | {2 }
	Port: data_155_out | {2 }
	Port: data_154_out | {2 }
	Port: data_153_out | {2 }
	Port: data_152_out | {2 }
	Port: data_151_out | {2 }
	Port: data_150_out | {2 }
	Port: data_149_out | {2 }
	Port: data_148_out | {2 }
	Port: data_147_out | {2 }
	Port: data_146_out | {2 }
	Port: data_145_out | {2 }
	Port: data_144_out | {2 }
	Port: data_143_out | {2 }
	Port: data_142_out | {2 }
	Port: data_141_out | {2 }
	Port: data_140_out | {2 }
	Port: data_139_out | {2 }
	Port: data_138_out | {2 }
	Port: data_137_out | {2 }
	Port: data_136_out | {2 }
	Port: data_135_out | {2 }
	Port: data_134_out | {2 }
	Port: data_133_out | {2 }
	Port: data_132_out | {2 }
	Port: data_131_out | {2 }
	Port: data_130_out | {2 }
	Port: data_129_out | {2 }
	Port: data_128_out | {2 }
	Port: data_127_out | {2 }
	Port: data_126_out | {2 }
	Port: data_125_out | {2 }
	Port: data_124_out | {2 }
	Port: data_123_out | {2 }
	Port: data_122_out | {2 }
	Port: data_121_out | {2 }
	Port: data_120_out | {2 }
	Port: data_119_out | {2 }
	Port: data_118_out | {2 }
	Port: data_117_out | {2 }
	Port: data_116_out | {2 }
	Port: data_115_out | {2 }
	Port: data_114_out | {2 }
	Port: data_113_out | {2 }
	Port: data_112_out | {2 }
	Port: data_111_out | {2 }
	Port: data_110_out | {2 }
	Port: data_109_out | {2 }
	Port: data_108_out | {2 }
	Port: data_107_out | {2 }
	Port: data_106_out | {2 }
	Port: data_105_out | {2 }
	Port: data_104_out | {2 }
	Port: data_103_out | {2 }
	Port: data_102_out | {2 }
	Port: data_101_out | {2 }
	Port: data_100_out | {2 }
	Port: data_99_out | {2 }
	Port: data_98_out | {2 }
	Port: data_97_out | {2 }
	Port: data_96_out | {2 }
	Port: data_95_out | {2 }
	Port: data_94_out | {2 }
	Port: data_93_out | {2 }
	Port: data_92_out | {2 }
	Port: data_91_out | {2 }
	Port: data_90_out | {2 }
	Port: data_89_out | {2 }
	Port: data_88_out | {2 }
	Port: data_87_out | {2 }
	Port: data_86_out | {2 }
	Port: data_85_out | {2 }
	Port: data_84_out | {2 }
	Port: data_83_out | {2 }
	Port: data_82_out | {2 }
	Port: data_81_out | {2 }
	Port: data_80_out | {2 }
	Port: data_79_out | {2 }
	Port: data_78_out | {2 }
	Port: data_77_out | {2 }
	Port: data_76_out | {2 }
	Port: data_75_out | {2 }
	Port: data_74_out | {2 }
	Port: data_73_out | {2 }
	Port: data_72_out | {2 }
	Port: data_71_out | {2 }
	Port: data_70_out | {2 }
	Port: data_69_out | {2 }
	Port: data_68_out | {2 }
	Port: data_67_out | {2 }
	Port: data_66_out | {2 }
	Port: data_65_out | {2 }
	Port: data_64_out | {2 }
	Port: data_63_out | {2 }
	Port: data_62_out | {2 }
	Port: data_61_out | {2 }
	Port: data_60_out | {2 }
	Port: data_59_out | {2 }
	Port: data_58_out | {2 }
	Port: data_57_out | {2 }
	Port: data_56_out | {2 }
	Port: data_55_out | {2 }
	Port: data_54_out | {2 }
	Port: data_53_out | {2 }
	Port: data_52_out | {2 }
	Port: data_51_out | {2 }
	Port: data_50_out | {2 }
	Port: data_49_out | {2 }
	Port: data_48_out | {2 }
	Port: data_47_out | {2 }
	Port: data_46_out | {2 }
	Port: data_45_out | {2 }
	Port: data_44_out | {2 }
	Port: data_43_out | {2 }
	Port: data_42_out | {2 }
	Port: data_41_out | {2 }
	Port: data_40_out | {2 }
	Port: data_39_out | {2 }
	Port: data_38_out | {2 }
	Port: data_37_out | {2 }
	Port: data_36_out | {2 }
	Port: data_35_out | {2 }
	Port: data_34_out | {2 }
	Port: data_33_out | {2 }
	Port: data_32_out | {2 }
	Port: data_31_out | {2 }
	Port: data_30_out | {2 }
	Port: data_29_out | {2 }
	Port: data_28_out | {2 }
	Port: data_27_out | {2 }
	Port: data_26_out | {2 }
	Port: data_25_out | {2 }
	Port: data_24_out | {2 }
	Port: data_23_out | {2 }
	Port: data_22_out | {2 }
	Port: data_21_out | {2 }
	Port: data_20_out | {2 }
	Port: data_19_out | {2 }
	Port: data_18_out | {2 }
	Port: data_17_out | {2 }
	Port: data_16_out | {2 }
	Port: data_15_out | {2 }
	Port: data_14_out | {2 }
	Port: data_13_out | {2 }
	Port: data_12_out | {2 }
	Port: data_11_out | {2 }
	Port: data_10_out | {2 }
	Port: data_9_out | {2 }
	Port: data_8_out | {2 }
	Port: data_7_out | {2 }
	Port: data_6_out | {2 }
	Port: data_5_out | {2 }
	Port: data_4_out | {2 }
	Port: data_3_out | {2 }
	Port: data_2_out | {2 }
	Port: data_1_out | {2 }
	Port: data_out | {2 }
 - Input state : 
	Port: dense<array,array<ap_fixed<16,6,5,3,0>,24u>,config25>_Pipeline_DataPrepare : layer16_out | {2 }
  - Chain level:
	State 1
		store_ln33 : 1
	State 2
		i_in_3 : 1
		switch_ln39 : 1
		store_ln35 : 1
		store_ln35 : 1
		store_ln35 : 1
		store_ln35 : 1
		store_ln35 : 1
		store_ln35 : 1
		store_ln35 : 1
		store_ln35 : 1
		store_ln35 : 1
		store_ln35 : 1
		store_ln35 : 1
		store_ln35 : 1
		store_ln35 : 1
		store_ln35 : 1
		store_ln35 : 1
		store_ln35 : 1
		store_ln35 : 1
		store_ln35 : 1
		store_ln35 : 1
		store_ln35 : 1
		store_ln35 : 1
		store_ln35 : 1
		store_ln35 : 1
		store_ln35 : 1
		store_ln35 : 1
		store_ln35 : 1
		store_ln35 : 1
		store_ln35 : 1
		store_ln35 : 1
		store_ln35 : 1
		store_ln35 : 1
		store_ln35 : 1
		store_ln35 : 1
		store_ln35 : 1
		store_ln35 : 1
		store_ln35 : 1
		store_ln35 : 1
		store_ln35 : 1
		store_ln35 : 1
		store_ln35 : 1
		store_ln35 : 1
		store_ln35 : 1
		store_ln35 : 1
		store_ln35 : 1
		store_ln35 : 1
		store_ln35 : 1
		store_ln35 : 1
		store_ln35 : 1
		store_ln35 : 1
		store_ln35 : 1
		store_ln35 : 1
		store_ln35 : 1
		store_ln35 : 1
		store_ln35 : 1
		store_ln35 : 1
		store_ln35 : 1
		store_ln35 : 1
		store_ln35 : 1
		store_ln35 : 1
		store_ln35 : 1
		store_ln35 : 1
		store_ln35 : 1
		store_ln35 : 1
		store_ln35 : 1
		store_ln35 : 1
		store_ln35 : 1
		store_ln35 : 1
		store_ln35 : 1
		store_ln35 : 1
		store_ln35 : 1
		store_ln35 : 1
		store_ln35 : 1
		store_ln35 : 1
		store_ln35 : 1
		store_ln35 : 1
		store_ln35 : 1
		store_ln35 : 1
		store_ln35 : 1
		store_ln35 : 1
		store_ln35 : 1
		store_ln35 : 1
		store_ln35 : 1
		store_ln35 : 1
		store_ln35 : 1
		store_ln35 : 1
		store_ln35 : 1
		store_ln35 : 1
		store_ln35 : 1
		store_ln35 : 1
		store_ln35 : 1
		store_ln35 : 1
		store_ln35 : 1
		store_ln35 : 1
		store_ln35 : 1
		store_ln35 : 1
		store_ln35 : 1
		store_ln35 : 1
		store_ln35 : 1
		store_ln35 : 1
		store_ln35 : 1
		store_ln35 : 1
		store_ln35 : 1
		store_ln35 : 1
		store_ln35 : 1
		store_ln35 : 1
		store_ln35 : 1
		store_ln35 : 1
		store_ln35 : 1
		store_ln35 : 1
		store_ln35 : 1
		store_ln35 : 1
		store_ln35 : 1
		store_ln35 : 1
		store_ln35 : 1
		store_ln35 : 1
		store_ln35 : 1
		store_ln35 : 1
		store_ln35 : 1
		store_ln35 : 1
		store_ln35 : 1
		store_ln35 : 1
		store_ln35 : 1
		store_ln35 : 1
		store_ln35 : 1
		store_ln35 : 1
		store_ln35 : 1
		store_ln35 : 1
		store_ln35 : 1
		store_ln35 : 1
		store_ln35 : 1
		store_ln35 : 1
		store_ln35 : 1
		store_ln35 : 1
		store_ln35 : 1
		store_ln35 : 1
		store_ln35 : 1
		store_ln35 : 1
		store_ln35 : 1
		store_ln35 : 1
		store_ln35 : 1
		store_ln35 : 1
		store_ln35 : 1
		store_ln35 : 1
		store_ln35 : 1
		store_ln35 : 1
		store_ln35 : 1
		store_ln35 : 1
		store_ln35 : 1
		store_ln35 : 1
		store_ln35 : 1
		store_ln35 : 1
		store_ln35 : 1
		store_ln35 : 1
		store_ln35 : 1
		store_ln35 : 1
		store_ln35 : 1
		store_ln35 : 1
		store_ln35 : 1
		store_ln35 : 1
		store_ln35 : 1
		store_ln35 : 1
		store_ln35 : 1
		store_ln35 : 1
		store_ln35 : 1
		store_ln35 : 1
		store_ln35 : 1
		store_ln35 : 1
		store_ln35 : 1
		store_ln35 : 1
		store_ln35 : 1
		store_ln35 : 1
		store_ln35 : 1
		store_ln35 : 1
		store_ln35 : 1
		store_ln35 : 1
		store_ln35 : 1
		store_ln35 : 1
		store_ln35 : 1
		store_ln35 : 1
		store_ln35 : 1
		store_ln35 : 1
		store_ln35 : 1
		store_ln35 : 1
		store_ln35 : 1
		store_ln35 : 1
		store_ln35 : 1
		store_ln35 : 1
		store_ln35 : 1
		store_ln35 : 1
		store_ln35 : 1
		store_ln35 : 1
		store_ln35 : 1
		store_ln35 : 1
		store_ln35 : 1
		store_ln35 : 1
		store_ln35 : 1
		store_ln35 : 1
		store_ln35 : 1
		store_ln35 : 1
		store_ln35 : 1
		icmp_ln33 : 1
		store_ln33 : 2
		br_ln33 : 2
		write_ln0 : 1
		write_ln0 : 1
		write_ln0 : 1
		write_ln0 : 1
		write_ln0 : 1
		write_ln0 : 1
		write_ln0 : 1
		write_ln0 : 1
		write_ln0 : 1
		write_ln0 : 1
		write_ln0 : 1
		write_ln0 : 1
		write_ln0 : 1
		write_ln0 : 1
		write_ln0 : 1
		write_ln0 : 1
		write_ln0 : 1
		write_ln0 : 1
		write_ln0 : 1
		write_ln0 : 1
		write_ln0 : 1
		write_ln0 : 1
		write_ln0 : 1
		write_ln0 : 1
		write_ln0 : 1
		write_ln0 : 1
		write_ln0 : 1
		write_ln0 : 1
		write_ln0 : 1
		write_ln0 : 1
		write_ln0 : 1
		write_ln0 : 1
		write_ln0 : 1
		write_ln0 : 1
		write_ln0 : 1
		write_ln0 : 1
		write_ln0 : 1
		write_ln0 : 1
		write_ln0 : 1
		write_ln0 : 1
		write_ln0 : 1
		write_ln0 : 1
		write_ln0 : 1
		write_ln0 : 1
		write_ln0 : 1
		write_ln0 : 1
		write_ln0 : 1
		write_ln0 : 1
		write_ln0 : 1
		write_ln0 : 1
		write_ln0 : 1
		write_ln0 : 1
		write_ln0 : 1
		write_ln0 : 1
		write_ln0 : 1
		write_ln0 : 1
		write_ln0 : 1
		write_ln0 : 1
		write_ln0 : 1
		write_ln0 : 1
		write_ln0 : 1
		write_ln0 : 1
		write_ln0 : 1
		write_ln0 : 1
		write_ln0 : 1
		write_ln0 : 1
		write_ln0 : 1
		write_ln0 : 1
		write_ln0 : 1
		write_ln0 : 1
		write_ln0 : 1
		write_ln0 : 1
		write_ln0 : 1
		write_ln0 : 1
		write_ln0 : 1
		write_ln0 : 1
		write_ln0 : 1
		write_ln0 : 1
		write_ln0 : 1
		write_ln0 : 1
		write_ln0 : 1
		write_ln0 : 1
		write_ln0 : 1
		write_ln0 : 1
		write_ln0 : 1
		write_ln0 : 1
		write_ln0 : 1
		write_ln0 : 1
		write_ln0 : 1
		write_ln0 : 1
		write_ln0 : 1
		write_ln0 : 1
		write_ln0 : 1
		write_ln0 : 1
		write_ln0 : 1
		write_ln0 : 1
		write_ln0 : 1
		write_ln0 : 1
		write_ln0 : 1
		write_ln0 : 1
		write_ln0 : 1
		write_ln0 : 1
		write_ln0 : 1
		write_ln0 : 1
		write_ln0 : 1
		write_ln0 : 1
		write_ln0 : 1
		write_ln0 : 1
		write_ln0 : 1
		write_ln0 : 1
		write_ln0 : 1
		write_ln0 : 1
		write_ln0 : 1
		write_ln0 : 1
		write_ln0 : 1
		write_ln0 : 1
		write_ln0 : 1
		write_ln0 : 1
		write_ln0 : 1
		write_ln0 : 1
		write_ln0 : 1
		write_ln0 : 1
		write_ln0 : 1
		write_ln0 : 1
		write_ln0 : 1
		write_ln0 : 1
		write_ln0 : 1
		write_ln0 : 1
		write_ln0 : 1
		write_ln0 : 1
		write_ln0 : 1
		write_ln0 : 1
		write_ln0 : 1
		write_ln0 : 1
		write_ln0 : 1
		write_ln0 : 1
		write_ln0 : 1
		write_ln0 : 1
		write_ln0 : 1
		write_ln0 : 1
		write_ln0 : 1
		write_ln0 : 1
		write_ln0 : 1
		write_ln0 : 1
		write_ln0 : 1
		write_ln0 : 1
		write_ln0 : 1
		write_ln0 : 1
		write_ln0 : 1
		write_ln0 : 1
		write_ln0 : 1
		write_ln0 : 1
		write_ln0 : 1
		write_ln0 : 1
		write_ln0 : 1
		write_ln0 : 1
		write_ln0 : 1
		write_ln0 : 1
		write_ln0 : 1
		write_ln0 : 1
		write_ln0 : 1
		write_ln0 : 1
		write_ln0 : 1
		write_ln0 : 1
		write_ln0 : 1
		write_ln0 : 1
		write_ln0 : 1
		write_ln0 : 1
		write_ln0 : 1
		write_ln0 : 1
		write_ln0 : 1
		write_ln0 : 1
		write_ln0 : 1
		write_ln0 : 1
		write_ln0 : 1
		write_ln0 : 1
		write_ln0 : 1
		write_ln0 : 1
		write_ln0 : 1
		write_ln0 : 1
		write_ln0 : 1
		write_ln0 : 1
		write_ln0 : 1
		write_ln0 : 1
		write_ln0 : 1
		write_ln0 : 1
		write_ln0 : 1
		write_ln0 : 1
		write_ln0 : 1
		write_ln0 : 1
		write_ln0 : 1
		write_ln0 : 1
		write_ln0 : 1
		write_ln0 : 1
		write_ln0 : 1
		write_ln0 : 1
		write_ln0 : 1
		write_ln0 : 1
		write_ln0 : 1
		write_ln0 : 1


============================================================
+ Verbose Summary: Datapath Resource usage 
============================================================

* Functional unit list:
|----------|-------------------------------|---------|---------|
| Operation|        Functional Unit        |    FF   |   LUT   |
|----------|-------------------------------|---------|---------|
|    add   |         i_in_3_fu_2800        |    0    |    13   |
|----------|-------------------------------|---------|---------|
|   icmp   |       icmp_ln33_fu_3858       |    0    |    13   |
|----------|-------------------------------|---------|---------|
|   read   | layer16_out_read_read_fu_1312 |    0    |    0    |
|----------|-------------------------------|---------|---------|
|          |    write_ln0_write_fu_1318    |    0    |    0    |
|          |    write_ln0_write_fu_1325    |    0    |    0    |
|          |    write_ln0_write_fu_1332    |    0    |    0    |
|          |    write_ln0_write_fu_1339    |    0    |    0    |
|          |    write_ln0_write_fu_1346    |    0    |    0    |
|          |    write_ln0_write_fu_1353    |    0    |    0    |
|          |    write_ln0_write_fu_1360    |    0    |    0    |
|          |    write_ln0_write_fu_1367    |    0    |    0    |
|          |    write_ln0_write_fu_1374    |    0    |    0    |
|          |    write_ln0_write_fu_1381    |    0    |    0    |
|          |    write_ln0_write_fu_1388    |    0    |    0    |
|          |    write_ln0_write_fu_1395    |    0    |    0    |
|          |    write_ln0_write_fu_1402    |    0    |    0    |
|          |    write_ln0_write_fu_1409    |    0    |    0    |
|          |    write_ln0_write_fu_1416    |    0    |    0    |
|          |    write_ln0_write_fu_1423    |    0    |    0    |
|          |    write_ln0_write_fu_1430    |    0    |    0    |
|          |    write_ln0_write_fu_1437    |    0    |    0    |
|          |    write_ln0_write_fu_1444    |    0    |    0    |
|          |    write_ln0_write_fu_1451    |    0    |    0    |
|          |    write_ln0_write_fu_1458    |    0    |    0    |
|          |    write_ln0_write_fu_1465    |    0    |    0    |
|          |    write_ln0_write_fu_1472    |    0    |    0    |
|          |    write_ln0_write_fu_1479    |    0    |    0    |
|          |    write_ln0_write_fu_1486    |    0    |    0    |
|          |    write_ln0_write_fu_1493    |    0    |    0    |
|          |    write_ln0_write_fu_1500    |    0    |    0    |
|          |    write_ln0_write_fu_1507    |    0    |    0    |
|          |    write_ln0_write_fu_1514    |    0    |    0    |
|          |    write_ln0_write_fu_1521    |    0    |    0    |
|          |    write_ln0_write_fu_1528    |    0    |    0    |
|          |    write_ln0_write_fu_1535    |    0    |    0    |
|          |    write_ln0_write_fu_1542    |    0    |    0    |
|          |    write_ln0_write_fu_1549    |    0    |    0    |
|          |    write_ln0_write_fu_1556    |    0    |    0    |
|          |    write_ln0_write_fu_1563    |    0    |    0    |
|          |    write_ln0_write_fu_1570    |    0    |    0    |
|          |    write_ln0_write_fu_1577    |    0    |    0    |
|          |    write_ln0_write_fu_1584    |    0    |    0    |
|          |    write_ln0_write_fu_1591    |    0    |    0    |
|          |    write_ln0_write_fu_1598    |    0    |    0    |
|          |    write_ln0_write_fu_1605    |    0    |    0    |
|          |    write_ln0_write_fu_1612    |    0    |    0    |
|          |    write_ln0_write_fu_1619    |    0    |    0    |
|          |    write_ln0_write_fu_1626    |    0    |    0    |
|          |    write_ln0_write_fu_1633    |    0    |    0    |
|          |    write_ln0_write_fu_1640    |    0    |    0    |
|          |    write_ln0_write_fu_1647    |    0    |    0    |
|          |    write_ln0_write_fu_1654    |    0    |    0    |
|          |    write_ln0_write_fu_1661    |    0    |    0    |
|          |    write_ln0_write_fu_1668    |    0    |    0    |
|          |    write_ln0_write_fu_1675    |    0    |    0    |
|          |    write_ln0_write_fu_1682    |    0    |    0    |
|          |    write_ln0_write_fu_1689    |    0    |    0    |
|          |    write_ln0_write_fu_1696    |    0    |    0    |
|          |    write_ln0_write_fu_1703    |    0    |    0    |
|          |    write_ln0_write_fu_1710    |    0    |    0    |
|          |    write_ln0_write_fu_1717    |    0    |    0    |
|          |    write_ln0_write_fu_1724    |    0    |    0    |
|          |    write_ln0_write_fu_1731    |    0    |    0    |
|          |    write_ln0_write_fu_1738    |    0    |    0    |
|          |    write_ln0_write_fu_1745    |    0    |    0    |
|          |    write_ln0_write_fu_1752    |    0    |    0    |
|          |    write_ln0_write_fu_1759    |    0    |    0    |
|          |    write_ln0_write_fu_1766    |    0    |    0    |
|          |    write_ln0_write_fu_1773    |    0    |    0    |
|          |    write_ln0_write_fu_1780    |    0    |    0    |
|          |    write_ln0_write_fu_1787    |    0    |    0    |
|          |    write_ln0_write_fu_1794    |    0    |    0    |
|          |    write_ln0_write_fu_1801    |    0    |    0    |
|          |    write_ln0_write_fu_1808    |    0    |    0    |
|          |    write_ln0_write_fu_1815    |    0    |    0    |
|          |    write_ln0_write_fu_1822    |    0    |    0    |
|          |    write_ln0_write_fu_1829    |    0    |    0    |
|          |    write_ln0_write_fu_1836    |    0    |    0    |
|          |    write_ln0_write_fu_1843    |    0    |    0    |
|          |    write_ln0_write_fu_1850    |    0    |    0    |
|          |    write_ln0_write_fu_1857    |    0    |    0    |
|          |    write_ln0_write_fu_1864    |    0    |    0    |
|          |    write_ln0_write_fu_1871    |    0    |    0    |
|          |    write_ln0_write_fu_1878    |    0    |    0    |
|          |    write_ln0_write_fu_1885    |    0    |    0    |
|          |    write_ln0_write_fu_1892    |    0    |    0    |
|          |    write_ln0_write_fu_1899    |    0    |    0    |
|          |    write_ln0_write_fu_1906    |    0    |    0    |
|          |    write_ln0_write_fu_1913    |    0    |    0    |
|          |    write_ln0_write_fu_1920    |    0    |    0    |
|          |    write_ln0_write_fu_1927    |    0    |    0    |
|          |    write_ln0_write_fu_1934    |    0    |    0    |
|          |    write_ln0_write_fu_1941    |    0    |    0    |
|          |    write_ln0_write_fu_1948    |    0    |    0    |
|          |    write_ln0_write_fu_1955    |    0    |    0    |
|          |    write_ln0_write_fu_1962    |    0    |    0    |
|          |    write_ln0_write_fu_1969    |    0    |    0    |
|          |    write_ln0_write_fu_1976    |    0    |    0    |
|          |    write_ln0_write_fu_1983    |    0    |    0    |
|          |    write_ln0_write_fu_1990    |    0    |    0    |
|          |    write_ln0_write_fu_1997    |    0    |    0    |
|          |    write_ln0_write_fu_2004    |    0    |    0    |
|   write  |    write_ln0_write_fu_2011    |    0    |    0    |
|          |    write_ln0_write_fu_2018    |    0    |    0    |
|          |    write_ln0_write_fu_2025    |    0    |    0    |
|          |    write_ln0_write_fu_2032    |    0    |    0    |
|          |    write_ln0_write_fu_2039    |    0    |    0    |
|          |    write_ln0_write_fu_2046    |    0    |    0    |
|          |    write_ln0_write_fu_2053    |    0    |    0    |
|          |    write_ln0_write_fu_2060    |    0    |    0    |
|          |    write_ln0_write_fu_2067    |    0    |    0    |
|          |    write_ln0_write_fu_2074    |    0    |    0    |
|          |    write_ln0_write_fu_2081    |    0    |    0    |
|          |    write_ln0_write_fu_2088    |    0    |    0    |
|          |    write_ln0_write_fu_2095    |    0    |    0    |
|          |    write_ln0_write_fu_2102    |    0    |    0    |
|          |    write_ln0_write_fu_2109    |    0    |    0    |
|          |    write_ln0_write_fu_2116    |    0    |    0    |
|          |    write_ln0_write_fu_2123    |    0    |    0    |
|          |    write_ln0_write_fu_2130    |    0    |    0    |
|          |    write_ln0_write_fu_2137    |    0    |    0    |
|          |    write_ln0_write_fu_2144    |    0    |    0    |
|          |    write_ln0_write_fu_2151    |    0    |    0    |
|          |    write_ln0_write_fu_2158    |    0    |    0    |
|          |    write_ln0_write_fu_2165    |    0    |    0    |
|          |    write_ln0_write_fu_2172    |    0    |    0    |
|          |    write_ln0_write_fu_2179    |    0    |    0    |
|          |    write_ln0_write_fu_2186    |    0    |    0    |
|          |    write_ln0_write_fu_2193    |    0    |    0    |
|          |    write_ln0_write_fu_2200    |    0    |    0    |
|          |    write_ln0_write_fu_2207    |    0    |    0    |
|          |    write_ln0_write_fu_2214    |    0    |    0    |
|          |    write_ln0_write_fu_2221    |    0    |    0    |
|          |    write_ln0_write_fu_2228    |    0    |    0    |
|          |    write_ln0_write_fu_2235    |    0    |    0    |
|          |    write_ln0_write_fu_2242    |    0    |    0    |
|          |    write_ln0_write_fu_2249    |    0    |    0    |
|          |    write_ln0_write_fu_2256    |    0    |    0    |
|          |    write_ln0_write_fu_2263    |    0    |    0    |
|          |    write_ln0_write_fu_2270    |    0    |    0    |
|          |    write_ln0_write_fu_2277    |    0    |    0    |
|          |    write_ln0_write_fu_2284    |    0    |    0    |
|          |    write_ln0_write_fu_2291    |    0    |    0    |
|          |    write_ln0_write_fu_2298    |    0    |    0    |
|          |    write_ln0_write_fu_2305    |    0    |    0    |
|          |    write_ln0_write_fu_2312    |    0    |    0    |
|          |    write_ln0_write_fu_2319    |    0    |    0    |
|          |    write_ln0_write_fu_2326    |    0    |    0    |
|          |    write_ln0_write_fu_2333    |    0    |    0    |
|          |    write_ln0_write_fu_2340    |    0    |    0    |
|          |    write_ln0_write_fu_2347    |    0    |    0    |
|          |    write_ln0_write_fu_2354    |    0    |    0    |
|          |    write_ln0_write_fu_2361    |    0    |    0    |
|          |    write_ln0_write_fu_2368    |    0    |    0    |
|          |    write_ln0_write_fu_2375    |    0    |    0    |
|          |    write_ln0_write_fu_2382    |    0    |    0    |
|          |    write_ln0_write_fu_2389    |    0    |    0    |
|          |    write_ln0_write_fu_2396    |    0    |    0    |
|          |    write_ln0_write_fu_2403    |    0    |    0    |
|          |    write_ln0_write_fu_2410    |    0    |    0    |
|          |    write_ln0_write_fu_2417    |    0    |    0    |
|          |    write_ln0_write_fu_2424    |    0    |    0    |
|          |    write_ln0_write_fu_2431    |    0    |    0    |
|          |    write_ln0_write_fu_2438    |    0    |    0    |
|          |    write_ln0_write_fu_2445    |    0    |    0    |
|          |    write_ln0_write_fu_2452    |    0    |    0    |
|          |    write_ln0_write_fu_2459    |    0    |    0    |
|          |    write_ln0_write_fu_2466    |    0    |    0    |
|          |    write_ln0_write_fu_2473    |    0    |    0    |
|          |    write_ln0_write_fu_2480    |    0    |    0    |
|          |    write_ln0_write_fu_2487    |    0    |    0    |
|          |    write_ln0_write_fu_2494    |    0    |    0    |
|          |    write_ln0_write_fu_2501    |    0    |    0    |
|          |    write_ln0_write_fu_2508    |    0    |    0    |
|          |    write_ln0_write_fu_2515    |    0    |    0    |
|          |    write_ln0_write_fu_2522    |    0    |    0    |
|          |    write_ln0_write_fu_2529    |    0    |    0    |
|          |    write_ln0_write_fu_2536    |    0    |    0    |
|          |    write_ln0_write_fu_2543    |    0    |    0    |
|          |    write_ln0_write_fu_2550    |    0    |    0    |
|          |    write_ln0_write_fu_2557    |    0    |    0    |
|          |    write_ln0_write_fu_2564    |    0    |    0    |
|          |    write_ln0_write_fu_2571    |    0    |    0    |
|          |    write_ln0_write_fu_2578    |    0    |    0    |
|          |    write_ln0_write_fu_2585    |    0    |    0    |
|          |    write_ln0_write_fu_2592    |    0    |    0    |
|          |    write_ln0_write_fu_2599    |    0    |    0    |
|          |    write_ln0_write_fu_2606    |    0    |    0    |
|          |    write_ln0_write_fu_2613    |    0    |    0    |
|          |    write_ln0_write_fu_2620    |    0    |    0    |
|          |    write_ln0_write_fu_2627    |    0    |    0    |
|          |    write_ln0_write_fu_2634    |    0    |    0    |
|          |    write_ln0_write_fu_2641    |    0    |    0    |
|          |    write_ln0_write_fu_2648    |    0    |    0    |
|          |    write_ln0_write_fu_2655    |    0    |    0    |
|          |    write_ln0_write_fu_2662    |    0    |    0    |
|          |    write_ln0_write_fu_2669    |    0    |    0    |
|          |    write_ln0_write_fu_2676    |    0    |    0    |
|          |    write_ln0_write_fu_2683    |    0    |    0    |
|          |    write_ln0_write_fu_2690    |    0    |    0    |
|          |    write_ln0_write_fu_2697    |    0    |    0    |
|          |    write_ln0_write_fu_2704    |    0    |    0    |
|          |    write_ln0_write_fu_2711    |    0    |    0    |
|----------|-------------------------------|---------|---------|
|   trunc  |       trunc_ln35_fu_2726      |    0    |    0    |
|----------|-------------------------------|---------|---------|
|          |      trunc_ln35_1_fu_2730     |    0    |    0    |
|          |      trunc_ln35_2_fu_2740     |    0    |    0    |
|          |      trunc_ln35_3_fu_2750     |    0    |    0    |
|partselect|      trunc_ln35_4_fu_2760     |    0    |    0    |
|          |      trunc_ln35_5_fu_2770     |    0    |    0    |
|          |      trunc_ln35_6_fu_2780     |    0    |    0    |
|          |      trunc_ln35_7_fu_2790     |    0    |    0    |
|----------|-------------------------------|---------|---------|
|  switch  |      switch_ln39_fu_2806      |    0    |    0    |
|----------|-------------------------------|---------|---------|
|   Total  |                               |    0    |    26   |
|----------|-------------------------------|---------|---------|

Memories:
N/A

* Register list:
+--------------------------+--------+
|                          |   FF   |
+--------------------------+--------+
|       i_in_reg_4669      |    5   |
|p_0_0_0_0_0113288_reg_5534|   16   |
|p_0_0_0_0_0129272_reg_5486|   16   |
| p_0_0_0_0_01400_reg_5870 |   16   |
|p_0_0_0_0_0145256_reg_5438|   16   |
|p_0_0_0_0_0161240_reg_5390|   16   |
| p_0_0_0_0_017384_reg_5822|   16   |
|p_0_0_0_0_0177224_reg_5342|   16   |
|p_0_0_0_0_0193208_reg_5294|   16   |
|p_0_0_0_0_0209192_reg_5246|   16   |
|p_0_0_0_0_0225176_reg_5198|   16   |
|p_0_0_0_0_0241160_reg_5150|   16   |
|p_0_0_0_0_0257144_reg_5102|   16   |
|p_0_0_0_0_0273128_reg_5054|   16   |
|p_0_0_0_0_0289112_reg_5006|   16   |
| p_0_0_0_0_030596_reg_4958|   16   |
| p_0_0_0_0_032180_reg_4910|   16   |
| p_0_0_0_0_033368_reg_5774|   16   |
| p_0_0_0_0_033764_reg_4862|   16   |
| p_0_0_0_0_035348_reg_4814|   16   |
| p_0_0_0_0_036932_reg_4766|   16   |
| p_0_0_0_0_038516_reg_4718|   16   |
| p_0_0_0_0_049352_reg_5726|   16   |
| p_0_0_0_0_065336_reg_5678|   16   |
| p_0_0_0_0_081320_reg_5630|   16   |
| p_0_0_0_0_097304_reg_5582|   16   |
|p_0_1_0_0_0115286_reg_5528|   16   |
|p_0_1_0_0_0131270_reg_5480|   16   |
|p_0_1_0_0_0147254_reg_5432|   16   |
|p_0_1_0_0_0163238_reg_5384|   16   |
|p_0_1_0_0_0179222_reg_5336|   16   |
| p_0_1_0_0_019382_reg_5816|   16   |
|p_0_1_0_0_0195206_reg_5288|   16   |
|p_0_1_0_0_0211190_reg_5240|   16   |
|p_0_1_0_0_0227174_reg_5192|   16   |
|p_0_1_0_0_0243158_reg_5144|   16   |
|p_0_1_0_0_0259142_reg_5096|   16   |
|p_0_1_0_0_0275126_reg_5048|   16   |
|p_0_1_0_0_0291110_reg_5000|   16   |
| p_0_1_0_0_030794_reg_4952|   16   |
| p_0_1_0_0_032378_reg_4904|   16   |
| p_0_1_0_0_033962_reg_4856|   16   |
| p_0_1_0_0_03398_reg_5864 |   16   |
| p_0_1_0_0_035366_reg_5768|   16   |
| p_0_1_0_0_035546_reg_4808|   16   |
| p_0_1_0_0_037130_reg_4760|   16   |
| p_0_1_0_0_038714_reg_4712|   16   |
| p_0_1_0_0_051350_reg_5720|   16   |
| p_0_1_0_0_067334_reg_5672|   16   |
| p_0_1_0_0_083318_reg_5624|   16   |
| p_0_1_0_0_099302_reg_5576|   16   |
|p_0_2_0_0_0101300_reg_5570|   16   |
|p_0_2_0_0_0117284_reg_5522|   16   |
|p_0_2_0_0_0133268_reg_5474|   16   |
|p_0_2_0_0_0149252_reg_5426|   16   |
|p_0_2_0_0_0165236_reg_5378|   16   |
|p_0_2_0_0_0181220_reg_5330|   16   |
|p_0_2_0_0_0197204_reg_5282|   16   |
|p_0_2_0_0_0213188_reg_5234|   16   |
| p_0_2_0_0_021380_reg_5810|   16   |
|p_0_2_0_0_0229172_reg_5186|   16   |
|p_0_2_0_0_0245156_reg_5138|   16   |
|p_0_2_0_0_0261140_reg_5090|   16   |
|p_0_2_0_0_0277124_reg_5042|   16   |
|p_0_2_0_0_0293108_reg_4994|   16   |
| p_0_2_0_0_030992_reg_4946|   16   |
| p_0_2_0_0_032576_reg_4898|   16   |
| p_0_2_0_0_034160_reg_4850|   16   |
| p_0_2_0_0_035744_reg_4802|   16   |
| p_0_2_0_0_037328_reg_4754|   16   |
| p_0_2_0_0_037364_reg_5762|   16   |
| p_0_2_0_0_038912_reg_4706|   16   |
| p_0_2_0_0_053348_reg_5714|   16   |
| p_0_2_0_0_05396_reg_5858 |   16   |
| p_0_2_0_0_069332_reg_5666|   16   |
| p_0_2_0_0_085316_reg_5618|   16   |
|p_0_3_0_0_0103298_reg_5564|   16   |
|p_0_3_0_0_0119282_reg_5516|   16   |
|p_0_3_0_0_0135266_reg_5468|   16   |
|p_0_3_0_0_0151250_reg_5420|   16   |
|p_0_3_0_0_0167234_reg_5372|   16   |
|p_0_3_0_0_0183218_reg_5324|   16   |
|p_0_3_0_0_0199202_reg_5276|   16   |
|p_0_3_0_0_0215186_reg_5228|   16   |
|p_0_3_0_0_0231170_reg_5180|   16   |
| p_0_3_0_0_023378_reg_5804|   16   |
|p_0_3_0_0_0247154_reg_5132|   16   |
|p_0_3_0_0_0263138_reg_5084|   16   |
|p_0_3_0_0_0279122_reg_5036|   16   |
|p_0_3_0_0_0295106_reg_4988|   16   |
| p_0_3_0_0_031190_reg_4940|   16   |
| p_0_3_0_0_032774_reg_4892|   16   |
| p_0_3_0_0_034358_reg_4844|   16   |
| p_0_3_0_0_035942_reg_4796|   16   |
| p_0_3_0_0_037526_reg_4748|   16   |
| p_0_3_0_0_039110_reg_4700|   16   |
| p_0_3_0_0_039362_reg_5756|   16   |
| p_0_3_0_0_055346_reg_5708|   16   |
| p_0_3_0_0_071330_reg_5660|   16   |
| p_0_3_0_0_07394_reg_5852 |   16   |
| p_0_3_0_0_087314_reg_5612|   16   |
|p_0_4_0_0_0105296_reg_5558|   16   |
|p_0_4_0_0_0121280_reg_5510|   16   |
|p_0_4_0_0_0137264_reg_5462|   16   |
|p_0_4_0_0_0153248_reg_5414|   16   |
|p_0_4_0_0_0169232_reg_5366|   16   |
|p_0_4_0_0_0185216_reg_5318|   16   |
|p_0_4_0_0_0201200_reg_5270|   16   |
|p_0_4_0_0_0217184_reg_5222|   16   |
|p_0_4_0_0_0233168_reg_5174|   16   |
|p_0_4_0_0_0249152_reg_5126|   16   |
| p_0_4_0_0_025376_reg_5798|   16   |
|p_0_4_0_0_0265136_reg_5078|   16   |
|p_0_4_0_0_0281120_reg_5030|   16   |
|p_0_4_0_0_0297104_reg_4982|   16   |
| p_0_4_0_0_031388_reg_4934|   16   |
| p_0_4_0_0_032972_reg_4886|   16   |
| p_0_4_0_0_034556_reg_4838|   16   |
| p_0_4_0_0_036140_reg_4790|   16   |
| p_0_4_0_0_037724_reg_4742|   16   |
| p_0_4_0_0_03938_reg_4694 |   16   |
| p_0_4_0_0_041360_reg_5750|   16   |
| p_0_4_0_0_057344_reg_5702|   16   |
| p_0_4_0_0_073328_reg_5654|   16   |
| p_0_4_0_0_089312_reg_5606|   16   |
| p_0_4_0_0_09392_reg_5846 |   16   |
|p_0_5_0_0_0107294_reg_5552|   16   |
| p_0_5_0_0_011390_reg_5840|   16   |
|p_0_5_0_0_0123278_reg_5504|   16   |
|p_0_5_0_0_0139262_reg_5456|   16   |
|p_0_5_0_0_0155246_reg_5408|   16   |
|p_0_5_0_0_0171230_reg_5360|   16   |
|p_0_5_0_0_0187214_reg_5312|   16   |
|p_0_5_0_0_0203198_reg_5264|   16   |
|p_0_5_0_0_0219182_reg_5216|   16   |
|p_0_5_0_0_0235166_reg_5168|   16   |
|p_0_5_0_0_0251150_reg_5120|   16   |
|p_0_5_0_0_0267134_reg_5072|   16   |
| p_0_5_0_0_027374_reg_5792|   16   |
|p_0_5_0_0_0283118_reg_5024|   16   |
|p_0_5_0_0_0299102_reg_4976|   16   |
| p_0_5_0_0_031586_reg_4928|   16   |
| p_0_5_0_0_033170_reg_4880|   16   |
| p_0_5_0_0_034754_reg_4832|   16   |
| p_0_5_0_0_036338_reg_4784|   16   |
| p_0_5_0_0_037922_reg_4736|   16   |
| p_0_5_0_0_03956_reg_4688 |   16   |
| p_0_5_0_0_043358_reg_5744|   16   |
| p_0_5_0_0_059342_reg_5696|   16   |
| p_0_5_0_0_075326_reg_5648|   16   |
| p_0_5_0_0_091310_reg_5600|   16   |
|p_0_6_0_0_0109292_reg_5546|   16   |
|p_0_6_0_0_0125276_reg_5498|   16   |
| p_0_6_0_0_013388_reg_5834|   16   |
|p_0_6_0_0_0141260_reg_5450|   16   |
|p_0_6_0_0_0157244_reg_5402|   16   |
|p_0_6_0_0_0173228_reg_5354|   16   |
|p_0_6_0_0_0189212_reg_5306|   16   |
|p_0_6_0_0_0205196_reg_5258|   16   |
|p_0_6_0_0_0221180_reg_5210|   16   |
|p_0_6_0_0_0237164_reg_5162|   16   |
|p_0_6_0_0_0253148_reg_5114|   16   |
|p_0_6_0_0_0269132_reg_5066|   16   |
|p_0_6_0_0_0285116_reg_5018|   16   |
| p_0_6_0_0_029372_reg_5786|   16   |
|p_0_6_0_0_0301100_reg_4970|   16   |
| p_0_6_0_0_031784_reg_4922|   16   |
| p_0_6_0_0_033368_reg_4874|   16   |
| p_0_6_0_0_034952_reg_4826|   16   |
| p_0_6_0_0_036536_reg_4778|   16   |
| p_0_6_0_0_038120_reg_4730|   16   |
| p_0_6_0_0_03974_reg_4682 |   16   |
| p_0_6_0_0_045356_reg_5738|   16   |
| p_0_6_0_0_061340_reg_5690|   16   |
| p_0_6_0_0_077324_reg_5642|   16   |
| p_0_6_0_0_093308_reg_5594|   16   |
|p_0_7_0_0_0111290_reg_5540|   16   |
|p_0_7_0_0_0127274_reg_5492|   16   |
|p_0_7_0_0_0143258_reg_5444|   16   |
| p_0_7_0_0_015386_reg_5828|   16   |
|p_0_7_0_0_0159242_reg_5396|   16   |
|p_0_7_0_0_0175226_reg_5348|   16   |
|p_0_7_0_0_0191210_reg_5300|   16   |
|p_0_7_0_0_0207194_reg_5252|   16   |
|p_0_7_0_0_0223178_reg_5204|   16   |
|p_0_7_0_0_0239162_reg_5156|   16   |
|p_0_7_0_0_0255146_reg_5108|   16   |
|p_0_7_0_0_0271130_reg_5060|   16   |
|p_0_7_0_0_0287114_reg_5012|   16   |
| p_0_7_0_0_030398_reg_4964|   16   |
| p_0_7_0_0_031370_reg_5780|   16   |
| p_0_7_0_0_031982_reg_4916|   16   |
| p_0_7_0_0_033566_reg_4868|   16   |
| p_0_7_0_0_035150_reg_4820|   16   |
| p_0_7_0_0_036734_reg_4772|   16   |
| p_0_7_0_0_038318_reg_4724|   16   |
| p_0_7_0_0_03992_reg_4676 |   16   |
| p_0_7_0_0_047354_reg_5732|   16   |
| p_0_7_0_0_063338_reg_5684|   16   |
| p_0_7_0_0_079322_reg_5636|   16   |
| p_0_7_0_0_095306_reg_5588|   16   |
+--------------------------+--------+
|           Total          |  3205  |
+--------------------------+--------+

* Multiplexer (MUX) list: 
|--------|------|------|------|--------|
|  Comp  |  Pin | Size |  BW  | S x BW |
|--------|------|------|------|--------|
|  Total |      |      |      |    0   |
|--------|------|------|------|--------|



* Summary:
+-----------+--------+--------+
|           |   FF   |   LUT  |
+-----------+--------+--------+
|  Function |    0   |   26   |
|   Memory  |    -   |    -   |
|Multiplexer|    -   |    -   |
|  Register |  3205  |    -   |
+-----------+--------+--------+
|   Total   |  3205  |   26   |
+-----------+--------+--------+
