

================================================================
== Vitis HLS Report for 'dense_array_ap_fixed_24u_array_ap_fixed_16_6_5_3_0_47u_config26_s'
================================================================
* Date:           Tue Oct  6 15:38:28 2026

* Version:        2026.1 (Build 6493734 on Jun 16 2026)
* Project:        myproject_prj
* Solution:       solution1
* Product family: artix7
* Target device:  xc7a35t-ftg256-1


================================================================
== Performance Estimates
================================================================
+ Timing: 
    * Summary: 
    +--------+---------+-----------+------------+
    |  Clock |  Target | Estimated | Uncertainty|
    +--------+---------+-----------+------------+
    |ap_clk  |  5.00 ns|  12.557 ns|     1.35 ns|
    +--------+---------+-----------+------------+

+ Latency: 
    * Summary: 
    +---------+---------+----------+----------+------+------+---------+
    |  Latency (cycles) |  Latency (absolute) |   Interval  | Pipeline|
    |   min   |   max   |    min   |    max   |  min |  max |   Type  |
    +---------+---------+----------+----------+------+------+---------+
    |     1133|     1134|  5.665 us|  5.670 us|  1133|  1134|       no|
    +---------+---------+----------+----------+------+------+---------+

    + Detail: 
        * Instance: 
        +----------------------------------------------------------------------------------+-----------------------------------------------------------------------+---------+---------+----------+----------+------+------+------------------------------------+
        |                                                                                  |                                                                       |  Latency (cycles) |  Latency (absolute) |   Interval  |              Pipeline              |
        |                                     Instance                                     |                                 Module                                |   min   |   max   |    min   |    max   |  min |  max |                Type                |
        +----------------------------------------------------------------------------------+-----------------------------------------------------------------------+---------+---------+----------+----------+------+------+------------------------------------+
        |grp_dense_resource_rf_gt_nin_rem0_ap_fixed_ap_fixed_16_6_5_3_0_config26_s_fu_133  |dense_resource_rf_gt_nin_rem0_ap_fixed_ap_fixed_16_6_5_3_0_config26_s  |     1130|     1131|  5.650 us|  5.655 us|  1128|  1128|  loop rewind stp (delay=0 cycle(s))|
        +----------------------------------------------------------------------------------+-----------------------------------------------------------------------+---------+---------+----------+----------+------+------+------------------------------------+

        * Loop: 
        N/A

============================================================
+ Verbose Summary: Synthesis Manager
============================================================
InlineROM: 1
ExposeGlobal: 0
============================================================
+ Verbose Summary: CDFG Model
============================================================
IsTopModel: 0
ResetActiveHigh: 1
IsCombinational: 2
IsDatapathOnly: 0
HasWiredReturn: 1
HasMFsm: 0
HasVarLatency: 1
IsPipeline: 0
IsRtlPipelined: 0
IsInstanceOverlapped: 0
IsDontTouch: 0
HasImplIP: 0
IsGatedGlobalClock: 0


============================================================
+ Verbose Summary: Schedule
============================================================
* Number of FSM states : 4
* Pipeline : 0
* Dataflow Pipeline: 0

* FSM state transitions: 
1 --> 2 
2 --> 3 
3 --> 4 
4 --> 

* FSM state operations: 

State 1 <SV = 0> <Delay = 1.82>
ST_1 : Operation 5 [1/1] ( I:1.82ns O:1.82ns )   --->   "%layer20_out_read = read i384 @_ssdm_op_Read.ap_fifo.volatile.i384P0A, i384 %layer20_out" [firmware/nnet_utils/nnet_dense_stream.h:43->firmware/nnet_utils/nnet_dense_stream.h:93]   --->   Operation 5 'read' 'layer20_out_read' <Predicate = true> <Delay = 1.82> <CoreInst = "FIFO_SRL">   --->   Core 80 'FIFO_SRL' <Latency = 0> <II = 1> <Delay = 3.90> <Storage> <Opcode : 'read' 'write' 'nbread' 'nbwrite'> <Ports = 0> <Width = 384> <Depth = 1> <FIFO>
ST_1 : Operation 6 [1/1] (0.00ns)   --->   "%data = trunc i384 %layer20_out_read" [firmware/nnet_utils/nnet_dense_stream.h:43->firmware/nnet_utils/nnet_dense_stream.h:93]   --->   Operation 6 'trunc' 'data' <Predicate = true> <Delay = 0.00>
ST_1 : Operation 7 [1/1] (0.00ns)   --->   "%data_23 = partselect i16 @_ssdm_op_PartSelect.i16.i384.i32.i32, i384 %layer20_out_read, i32 16, i32 31" [firmware/nnet_utils/nnet_dense_stream.h:43->firmware/nnet_utils/nnet_dense_stream.h:93]   --->   Operation 7 'partselect' 'data_23' <Predicate = true> <Delay = 0.00>
ST_1 : Operation 8 [1/1] (0.00ns)   --->   "%data_1 = partselect i16 @_ssdm_op_PartSelect.i16.i384.i32.i32, i384 %layer20_out_read, i32 32, i32 47" [firmware/nnet_utils/nnet_dense_stream.h:43->firmware/nnet_utils/nnet_dense_stream.h:93]   --->   Operation 8 'partselect' 'data_1' <Predicate = true> <Delay = 0.00>
ST_1 : Operation 9 [1/1] (0.00ns)   --->   "%data_2 = partselect i16 @_ssdm_op_PartSelect.i16.i384.i32.i32, i384 %layer20_out_read, i32 48, i32 63" [firmware/nnet_utils/nnet_dense_stream.h:43->firmware/nnet_utils/nnet_dense_stream.h:93]   --->   Operation 9 'partselect' 'data_2' <Predicate = true> <Delay = 0.00>
ST_1 : Operation 10 [1/1] (0.00ns)   --->   "%data_3 = partselect i16 @_ssdm_op_PartSelect.i16.i384.i32.i32, i384 %layer20_out_read, i32 64, i32 79" [firmware/nnet_utils/nnet_dense_stream.h:43->firmware/nnet_utils/nnet_dense_stream.h:93]   --->   Operation 10 'partselect' 'data_3' <Predicate = true> <Delay = 0.00>
ST_1 : Operation 11 [1/1] (0.00ns)   --->   "%data_4 = partselect i16 @_ssdm_op_PartSelect.i16.i384.i32.i32, i384 %layer20_out_read, i32 80, i32 95" [firmware/nnet_utils/nnet_dense_stream.h:43->firmware/nnet_utils/nnet_dense_stream.h:93]   --->   Operation 11 'partselect' 'data_4' <Predicate = true> <Delay = 0.00>
ST_1 : Operation 12 [1/1] (0.00ns)   --->   "%data_5 = partselect i16 @_ssdm_op_PartSelect.i16.i384.i32.i32, i384 %layer20_out_read, i32 96, i32 111" [firmware/nnet_utils/nnet_dense_stream.h:43->firmware/nnet_utils/nnet_dense_stream.h:93]   --->   Operation 12 'partselect' 'data_5' <Predicate = true> <Delay = 0.00>
ST_1 : Operation 13 [1/1] (0.00ns)   --->   "%data_6 = partselect i16 @_ssdm_op_PartSelect.i16.i384.i32.i32, i384 %layer20_out_read, i32 112, i32 127" [firmware/nnet_utils/nnet_dense_stream.h:43->firmware/nnet_utils/nnet_dense_stream.h:93]   --->   Operation 13 'partselect' 'data_6' <Predicate = true> <Delay = 0.00>
ST_1 : Operation 14 [1/1] (0.00ns)   --->   "%data_7 = partselect i16 @_ssdm_op_PartSelect.i16.i384.i32.i32, i384 %layer20_out_read, i32 128, i32 143" [firmware/nnet_utils/nnet_dense_stream.h:43->firmware/nnet_utils/nnet_dense_stream.h:93]   --->   Operation 14 'partselect' 'data_7' <Predicate = true> <Delay = 0.00>
ST_1 : Operation 15 [1/1] (0.00ns)   --->   "%data_8 = partselect i16 @_ssdm_op_PartSelect.i16.i384.i32.i32, i384 %layer20_out_read, i32 144, i32 159" [firmware/nnet_utils/nnet_dense_stream.h:43->firmware/nnet_utils/nnet_dense_stream.h:93]   --->   Operation 15 'partselect' 'data_8' <Predicate = true> <Delay = 0.00>
ST_1 : Operation 16 [1/1] (0.00ns)   --->   "%data_9 = partselect i16 @_ssdm_op_PartSelect.i16.i384.i32.i32, i384 %layer20_out_read, i32 160, i32 175" [firmware/nnet_utils/nnet_dense_stream.h:43->firmware/nnet_utils/nnet_dense_stream.h:93]   --->   Operation 16 'partselect' 'data_9' <Predicate = true> <Delay = 0.00>
ST_1 : Operation 17 [1/1] (0.00ns)   --->   "%data_10 = partselect i16 @_ssdm_op_PartSelect.i16.i384.i32.i32, i384 %layer20_out_read, i32 176, i32 191" [firmware/nnet_utils/nnet_dense_stream.h:43->firmware/nnet_utils/nnet_dense_stream.h:93]   --->   Operation 17 'partselect' 'data_10' <Predicate = true> <Delay = 0.00>
ST_1 : Operation 18 [1/1] (0.00ns)   --->   "%data_11 = partselect i16 @_ssdm_op_PartSelect.i16.i384.i32.i32, i384 %layer20_out_read, i32 192, i32 207" [firmware/nnet_utils/nnet_dense_stream.h:43->firmware/nnet_utils/nnet_dense_stream.h:93]   --->   Operation 18 'partselect' 'data_11' <Predicate = true> <Delay = 0.00>
ST_1 : Operation 19 [1/1] (0.00ns)   --->   "%data_12 = partselect i16 @_ssdm_op_PartSelect.i16.i384.i32.i32, i384 %layer20_out_read, i32 208, i32 223" [firmware/nnet_utils/nnet_dense_stream.h:43->firmware/nnet_utils/nnet_dense_stream.h:93]   --->   Operation 19 'partselect' 'data_12' <Predicate = true> <Delay = 0.00>
ST_1 : Operation 20 [1/1] (0.00ns)   --->   "%data_13 = partselect i16 @_ssdm_op_PartSelect.i16.i384.i32.i32, i384 %layer20_out_read, i32 224, i32 239" [firmware/nnet_utils/nnet_dense_stream.h:43->firmware/nnet_utils/nnet_dense_stream.h:93]   --->   Operation 20 'partselect' 'data_13' <Predicate = true> <Delay = 0.00>
ST_1 : Operation 21 [1/1] (0.00ns)   --->   "%data_14 = partselect i16 @_ssdm_op_PartSelect.i16.i384.i32.i32, i384 %layer20_out_read, i32 240, i32 255" [firmware/nnet_utils/nnet_dense_stream.h:43->firmware/nnet_utils/nnet_dense_stream.h:93]   --->   Operation 21 'partselect' 'data_14' <Predicate = true> <Delay = 0.00>
ST_1 : Operation 22 [1/1] (0.00ns)   --->   "%data_15 = partselect i16 @_ssdm_op_PartSelect.i16.i384.i32.i32, i384 %layer20_out_read, i32 256, i32 271" [firmware/nnet_utils/nnet_dense_stream.h:43->firmware/nnet_utils/nnet_dense_stream.h:93]   --->   Operation 22 'partselect' 'data_15' <Predicate = true> <Delay = 0.00>
ST_1 : Operation 23 [1/1] (0.00ns)   --->   "%data_16 = partselect i16 @_ssdm_op_PartSelect.i16.i384.i32.i32, i384 %layer20_out_read, i32 272, i32 287" [firmware/nnet_utils/nnet_dense_stream.h:43->firmware/nnet_utils/nnet_dense_stream.h:93]   --->   Operation 23 'partselect' 'data_16' <Predicate = true> <Delay = 0.00>
ST_1 : Operation 24 [1/1] (0.00ns)   --->   "%data_17 = partselect i16 @_ssdm_op_PartSelect.i16.i384.i32.i32, i384 %layer20_out_read, i32 288, i32 303" [firmware/nnet_utils/nnet_dense_stream.h:43->firmware/nnet_utils/nnet_dense_stream.h:93]   --->   Operation 24 'partselect' 'data_17' <Predicate = true> <Delay = 0.00>
ST_1 : Operation 25 [1/1] (0.00ns)   --->   "%data_18 = partselect i16 @_ssdm_op_PartSelect.i16.i384.i32.i32, i384 %layer20_out_read, i32 304, i32 319" [firmware/nnet_utils/nnet_dense_stream.h:43->firmware/nnet_utils/nnet_dense_stream.h:93]   --->   Operation 25 'partselect' 'data_18' <Predicate = true> <Delay = 0.00>
ST_1 : Operation 26 [1/1] (0.00ns)   --->   "%data_19 = partselect i16 @_ssdm_op_PartSelect.i16.i384.i32.i32, i384 %layer20_out_read, i32 320, i32 335" [firmware/nnet_utils/nnet_dense_stream.h:43->firmware/nnet_utils/nnet_dense_stream.h:93]   --->   Operation 26 'partselect' 'data_19' <Predicate = true> <Delay = 0.00>
ST_1 : Operation 27 [1/1] (0.00ns)   --->   "%data_20 = partselect i16 @_ssdm_op_PartSelect.i16.i384.i32.i32, i384 %layer20_out_read, i32 336, i32 351" [firmware/nnet_utils/nnet_dense_stream.h:43->firmware/nnet_utils/nnet_dense_stream.h:93]   --->   Operation 27 'partselect' 'data_20' <Predicate = true> <Delay = 0.00>
ST_1 : Operation 28 [1/1] (0.00ns)   --->   "%data_21 = partselect i16 @_ssdm_op_PartSelect.i16.i384.i32.i32, i384 %layer20_out_read, i32 352, i32 367" [firmware/nnet_utils/nnet_dense_stream.h:43->firmware/nnet_utils/nnet_dense_stream.h:93]   --->   Operation 28 'partselect' 'data_21' <Predicate = true> <Delay = 0.00>
ST_1 : Operation 29 [1/1] (0.00ns)   --->   "%data_22 = partselect i16 @_ssdm_op_PartSelect.i16.i384.i32.i32, i384 %layer20_out_read, i32 368, i32 383" [firmware/nnet_utils/nnet_dense_stream.h:43->firmware/nnet_utils/nnet_dense_stream.h:93]   --->   Operation 29 'partselect' 'data_22' <Predicate = true> <Delay = 0.00>

State 2 <SV = 1> <Delay = 6.38>
ST_2 : Operation 30 [2/2] (6.38ns)   --->   "%call_ret = call i752 @dense_resource_rf_gt_nin_rem0<ap_fixed,ap_fixed<16,6,5,3,0>,config26>, i16 %data, i16 %data_23, i16 %data_1, i16 %data_2, i16 %data_3, i16 %data_4, i16 %data_5, i16 %data_6, i16 %data_7, i16 %data_8, i16 %data_9, i16 %data_10, i16 %data_11, i16 %data_12, i16 %data_13, i16 %data_14, i16 %data_15, i16 %data_16, i16 %data_17, i16 %data_18, i16 %data_19, i16 %data_20, i16 %data_21, i16 %data_22, i6 %outidx_65, i12 %w26" [firmware/nnet_utils/nnet_dense_resource.h:264->firmware/nnet_utils/nnet_dense_stream.h:24->firmware/nnet_utils/nnet_dense_stream.h:97]   --->   Operation 30 'call' 'call_ret' <Predicate = true> <Delay = 6.38> <CoreType = "Generic">   --->   Generic Core

State 3 <SV = 2> <Delay = 3.55>
ST_3 : Operation 31 [1/2] (3.55ns)   --->   "%call_ret = call i752 @dense_resource_rf_gt_nin_rem0<ap_fixed,ap_fixed<16,6,5,3,0>,config26>, i16 %data, i16 %data_23, i16 %data_1, i16 %data_2, i16 %data_3, i16 %data_4, i16 %data_5, i16 %data_6, i16 %data_7, i16 %data_8, i16 %data_9, i16 %data_10, i16 %data_11, i16 %data_12, i16 %data_13, i16 %data_14, i16 %data_15, i16 %data_16, i16 %data_17, i16 %data_18, i16 %data_19, i16 %data_20, i16 %data_21, i16 %data_22, i6 %outidx_65, i12 %w26" [firmware/nnet_utils/nnet_dense_resource.h:264->firmware/nnet_utils/nnet_dense_stream.h:24->firmware/nnet_utils/nnet_dense_stream.h:97]   --->   Operation 31 'call' 'call_ret' <Predicate = true> <Delay = 3.55> <CoreType = "Generic">   --->   Generic Core
ST_3 : Operation 32 [1/1] (0.00ns)   --->   "%res = extractvalue i752 %call_ret" [firmware/nnet_utils/nnet_dense_resource.h:264->firmware/nnet_utils/nnet_dense_stream.h:24->firmware/nnet_utils/nnet_dense_stream.h:97]   --->   Operation 32 'extractvalue' 'res' <Predicate = true> <Delay = 0.00>
ST_3 : Operation 33 [1/1] (0.00ns)   --->   "%res_1 = extractvalue i752 %call_ret" [firmware/nnet_utils/nnet_dense_resource.h:264->firmware/nnet_utils/nnet_dense_stream.h:24->firmware/nnet_utils/nnet_dense_stream.h:97]   --->   Operation 33 'extractvalue' 'res_1' <Predicate = true> <Delay = 0.00>
ST_3 : Operation 34 [1/1] (0.00ns)   --->   "%res_2 = extractvalue i752 %call_ret" [firmware/nnet_utils/nnet_dense_resource.h:264->firmware/nnet_utils/nnet_dense_stream.h:24->firmware/nnet_utils/nnet_dense_stream.h:97]   --->   Operation 34 'extractvalue' 'res_2' <Predicate = true> <Delay = 0.00>
ST_3 : Operation 35 [1/1] (0.00ns)   --->   "%res_3 = extractvalue i752 %call_ret" [firmware/nnet_utils/nnet_dense_resource.h:264->firmware/nnet_utils/nnet_dense_stream.h:24->firmware/nnet_utils/nnet_dense_stream.h:97]   --->   Operation 35 'extractvalue' 'res_3' <Predicate = true> <Delay = 0.00>
ST_3 : Operation 36 [1/1] (0.00ns)   --->   "%res_4 = extractvalue i752 %call_ret" [firmware/nnet_utils/nnet_dense_resource.h:264->firmware/nnet_utils/nnet_dense_stream.h:24->firmware/nnet_utils/nnet_dense_stream.h:97]   --->   Operation 36 'extractvalue' 'res_4' <Predicate = true> <Delay = 0.00>
ST_3 : Operation 37 [1/1] (0.00ns)   --->   "%res_5 = extractvalue i752 %call_ret" [firmware/nnet_utils/nnet_dense_resource.h:264->firmware/nnet_utils/nnet_dense_stream.h:24->firmware/nnet_utils/nnet_dense_stream.h:97]   --->   Operation 37 'extractvalue' 'res_5' <Predicate = true> <Delay = 0.00>
ST_3 : Operation 38 [1/1] (0.00ns)   --->   "%res_6 = extractvalue i752 %call_ret" [firmware/nnet_utils/nnet_dense_resource.h:264->firmware/nnet_utils/nnet_dense_stream.h:24->firmware/nnet_utils/nnet_dense_stream.h:97]   --->   Operation 38 'extractvalue' 'res_6' <Predicate = true> <Delay = 0.00>
ST_3 : Operation 39 [1/1] (0.00ns)   --->   "%res_7 = extractvalue i752 %call_ret" [firmware/nnet_utils/nnet_dense_resource.h:264->firmware/nnet_utils/nnet_dense_stream.h:24->firmware/nnet_utils/nnet_dense_stream.h:97]   --->   Operation 39 'extractvalue' 'res_7' <Predicate = true> <Delay = 0.00>
ST_3 : Operation 40 [1/1] (0.00ns)   --->   "%res_8 = extractvalue i752 %call_ret" [firmware/nnet_utils/nnet_dense_resource.h:264->firmware/nnet_utils/nnet_dense_stream.h:24->firmware/nnet_utils/nnet_dense_stream.h:97]   --->   Operation 40 'extractvalue' 'res_8' <Predicate = true> <Delay = 0.00>
ST_3 : Operation 41 [1/1] (0.00ns)   --->   "%res_9 = extractvalue i752 %call_ret" [firmware/nnet_utils/nnet_dense_resource.h:264->firmware/nnet_utils/nnet_dense_stream.h:24->firmware/nnet_utils/nnet_dense_stream.h:97]   --->   Operation 41 'extractvalue' 'res_9' <Predicate = true> <Delay = 0.00>
ST_3 : Operation 42 [1/1] (0.00ns)   --->   "%res_24 = extractvalue i752 %call_ret" [firmware/nnet_utils/nnet_dense_resource.h:264->firmware/nnet_utils/nnet_dense_stream.h:24->firmware/nnet_utils/nnet_dense_stream.h:97]   --->   Operation 42 'extractvalue' 'res_24' <Predicate = true> <Delay = 0.00>
ST_3 : Operation 43 [1/1] (0.00ns)   --->   "%res_25 = extractvalue i752 %call_ret" [firmware/nnet_utils/nnet_dense_resource.h:264->firmware/nnet_utils/nnet_dense_stream.h:24->firmware/nnet_utils/nnet_dense_stream.h:97]   --->   Operation 43 'extractvalue' 'res_25' <Predicate = true> <Delay = 0.00>
ST_3 : Operation 44 [1/1] (0.00ns)   --->   "%res_26 = extractvalue i752 %call_ret" [firmware/nnet_utils/nnet_dense_resource.h:264->firmware/nnet_utils/nnet_dense_stream.h:24->firmware/nnet_utils/nnet_dense_stream.h:97]   --->   Operation 44 'extractvalue' 'res_26' <Predicate = true> <Delay = 0.00>
ST_3 : Operation 45 [1/1] (0.00ns)   --->   "%res_27 = extractvalue i752 %call_ret" [firmware/nnet_utils/nnet_dense_resource.h:264->firmware/nnet_utils/nnet_dense_stream.h:24->firmware/nnet_utils/nnet_dense_stream.h:97]   --->   Operation 45 'extractvalue' 'res_27' <Predicate = true> <Delay = 0.00>
ST_3 : Operation 46 [1/1] (0.00ns)   --->   "%res_28 = extractvalue i752 %call_ret" [firmware/nnet_utils/nnet_dense_resource.h:264->firmware/nnet_utils/nnet_dense_stream.h:24->firmware/nnet_utils/nnet_dense_stream.h:97]   --->   Operation 46 'extractvalue' 'res_28' <Predicate = true> <Delay = 0.00>
ST_3 : Operation 47 [1/1] (0.00ns)   --->   "%res_29 = extractvalue i752 %call_ret" [firmware/nnet_utils/nnet_dense_resource.h:264->firmware/nnet_utils/nnet_dense_stream.h:24->firmware/nnet_utils/nnet_dense_stream.h:97]   --->   Operation 47 'extractvalue' 'res_29' <Predicate = true> <Delay = 0.00>
ST_3 : Operation 48 [1/1] (0.00ns)   --->   "%res_30 = extractvalue i752 %call_ret" [firmware/nnet_utils/nnet_dense_resource.h:264->firmware/nnet_utils/nnet_dense_stream.h:24->firmware/nnet_utils/nnet_dense_stream.h:97]   --->   Operation 48 'extractvalue' 'res_30' <Predicate = true> <Delay = 0.00>
ST_3 : Operation 49 [1/1] (0.00ns)   --->   "%res_31 = extractvalue i752 %call_ret" [firmware/nnet_utils/nnet_dense_resource.h:264->firmware/nnet_utils/nnet_dense_stream.h:24->firmware/nnet_utils/nnet_dense_stream.h:97]   --->   Operation 49 'extractvalue' 'res_31' <Predicate = true> <Delay = 0.00>
ST_3 : Operation 50 [1/1] (0.00ns)   --->   "%res_32 = extractvalue i752 %call_ret" [firmware/nnet_utils/nnet_dense_resource.h:264->firmware/nnet_utils/nnet_dense_stream.h:24->firmware/nnet_utils/nnet_dense_stream.h:97]   --->   Operation 50 'extractvalue' 'res_32' <Predicate = true> <Delay = 0.00>
ST_3 : Operation 51 [1/1] (0.00ns)   --->   "%res_33 = extractvalue i752 %call_ret" [firmware/nnet_utils/nnet_dense_resource.h:264->firmware/nnet_utils/nnet_dense_stream.h:24->firmware/nnet_utils/nnet_dense_stream.h:97]   --->   Operation 51 'extractvalue' 'res_33' <Predicate = true> <Delay = 0.00>
ST_3 : Operation 52 [1/1] (0.00ns)   --->   "%res_34 = extractvalue i752 %call_ret" [firmware/nnet_utils/nnet_dense_resource.h:264->firmware/nnet_utils/nnet_dense_stream.h:24->firmware/nnet_utils/nnet_dense_stream.h:97]   --->   Operation 52 'extractvalue' 'res_34' <Predicate = true> <Delay = 0.00>
ST_3 : Operation 53 [1/1] (0.00ns)   --->   "%res_35 = extractvalue i752 %call_ret" [firmware/nnet_utils/nnet_dense_resource.h:264->firmware/nnet_utils/nnet_dense_stream.h:24->firmware/nnet_utils/nnet_dense_stream.h:97]   --->   Operation 53 'extractvalue' 'res_35' <Predicate = true> <Delay = 0.00>
ST_3 : Operation 54 [1/1] (0.00ns)   --->   "%res_36 = extractvalue i752 %call_ret" [firmware/nnet_utils/nnet_dense_resource.h:264->firmware/nnet_utils/nnet_dense_stream.h:24->firmware/nnet_utils/nnet_dense_stream.h:97]   --->   Operation 54 'extractvalue' 'res_36' <Predicate = true> <Delay = 0.00>
ST_3 : Operation 55 [1/1] (0.00ns)   --->   "%res_37 = extractvalue i752 %call_ret" [firmware/nnet_utils/nnet_dense_resource.h:264->firmware/nnet_utils/nnet_dense_stream.h:24->firmware/nnet_utils/nnet_dense_stream.h:97]   --->   Operation 55 'extractvalue' 'res_37' <Predicate = true> <Delay = 0.00>
ST_3 : Operation 56 [1/1] (0.00ns)   --->   "%res_38 = extractvalue i752 %call_ret" [firmware/nnet_utils/nnet_dense_resource.h:264->firmware/nnet_utils/nnet_dense_stream.h:24->firmware/nnet_utils/nnet_dense_stream.h:97]   --->   Operation 56 'extractvalue' 'res_38' <Predicate = true> <Delay = 0.00>
ST_3 : Operation 57 [1/1] (0.00ns)   --->   "%res_39 = extractvalue i752 %call_ret" [firmware/nnet_utils/nnet_dense_resource.h:264->firmware/nnet_utils/nnet_dense_stream.h:24->firmware/nnet_utils/nnet_dense_stream.h:97]   --->   Operation 57 'extractvalue' 'res_39' <Predicate = true> <Delay = 0.00>
ST_3 : Operation 58 [1/1] (0.00ns)   --->   "%res_40 = extractvalue i752 %call_ret" [firmware/nnet_utils/nnet_dense_resource.h:264->firmware/nnet_utils/nnet_dense_stream.h:24->firmware/nnet_utils/nnet_dense_stream.h:97]   --->   Operation 58 'extractvalue' 'res_40' <Predicate = true> <Delay = 0.00>
ST_3 : Operation 59 [1/1] (0.00ns)   --->   "%res_41 = extractvalue i752 %call_ret" [firmware/nnet_utils/nnet_dense_resource.h:264->firmware/nnet_utils/nnet_dense_stream.h:24->firmware/nnet_utils/nnet_dense_stream.h:97]   --->   Operation 59 'extractvalue' 'res_41' <Predicate = true> <Delay = 0.00>
ST_3 : Operation 60 [1/1] (0.00ns)   --->   "%res_42 = extractvalue i752 %call_ret" [firmware/nnet_utils/nnet_dense_resource.h:264->firmware/nnet_utils/nnet_dense_stream.h:24->firmware/nnet_utils/nnet_dense_stream.h:97]   --->   Operation 60 'extractvalue' 'res_42' <Predicate = true> <Delay = 0.00>
ST_3 : Operation 61 [1/1] (0.00ns)   --->   "%res_43 = extractvalue i752 %call_ret" [firmware/nnet_utils/nnet_dense_resource.h:264->firmware/nnet_utils/nnet_dense_stream.h:24->firmware/nnet_utils/nnet_dense_stream.h:97]   --->   Operation 61 'extractvalue' 'res_43' <Predicate = true> <Delay = 0.00>
ST_3 : Operation 62 [1/1] (0.00ns)   --->   "%res_44 = extractvalue i752 %call_ret" [firmware/nnet_utils/nnet_dense_resource.h:264->firmware/nnet_utils/nnet_dense_stream.h:24->firmware/nnet_utils/nnet_dense_stream.h:97]   --->   Operation 62 'extractvalue' 'res_44' <Predicate = true> <Delay = 0.00>
ST_3 : Operation 63 [1/1] (0.00ns)   --->   "%res_45 = extractvalue i752 %call_ret" [firmware/nnet_utils/nnet_dense_resource.h:264->firmware/nnet_utils/nnet_dense_stream.h:24->firmware/nnet_utils/nnet_dense_stream.h:97]   --->   Operation 63 'extractvalue' 'res_45' <Predicate = true> <Delay = 0.00>
ST_3 : Operation 64 [1/1] (0.00ns)   --->   "%res_46 = extractvalue i752 %call_ret" [firmware/nnet_utils/nnet_dense_resource.h:264->firmware/nnet_utils/nnet_dense_stream.h:24->firmware/nnet_utils/nnet_dense_stream.h:97]   --->   Operation 64 'extractvalue' 'res_46' <Predicate = true> <Delay = 0.00>
ST_3 : Operation 65 [1/1] (0.00ns)   --->   "%res_47 = extractvalue i752 %call_ret" [firmware/nnet_utils/nnet_dense_resource.h:264->firmware/nnet_utils/nnet_dense_stream.h:24->firmware/nnet_utils/nnet_dense_stream.h:97]   --->   Operation 65 'extractvalue' 'res_47' <Predicate = true> <Delay = 0.00>
ST_3 : Operation 66 [1/1] (0.00ns)   --->   "%res_48 = extractvalue i752 %call_ret" [firmware/nnet_utils/nnet_dense_resource.h:264->firmware/nnet_utils/nnet_dense_stream.h:24->firmware/nnet_utils/nnet_dense_stream.h:97]   --->   Operation 66 'extractvalue' 'res_48' <Predicate = true> <Delay = 0.00>
ST_3 : Operation 67 [1/1] (0.00ns)   --->   "%res_49 = extractvalue i752 %call_ret" [firmware/nnet_utils/nnet_dense_resource.h:264->firmware/nnet_utils/nnet_dense_stream.h:24->firmware/nnet_utils/nnet_dense_stream.h:97]   --->   Operation 67 'extractvalue' 'res_49' <Predicate = true> <Delay = 0.00>
ST_3 : Operation 68 [1/1] (0.00ns)   --->   "%res_50 = extractvalue i752 %call_ret" [firmware/nnet_utils/nnet_dense_resource.h:264->firmware/nnet_utils/nnet_dense_stream.h:24->firmware/nnet_utils/nnet_dense_stream.h:97]   --->   Operation 68 'extractvalue' 'res_50' <Predicate = true> <Delay = 0.00>
ST_3 : Operation 69 [1/1] (0.00ns)   --->   "%res_51 = extractvalue i752 %call_ret" [firmware/nnet_utils/nnet_dense_resource.h:264->firmware/nnet_utils/nnet_dense_stream.h:24->firmware/nnet_utils/nnet_dense_stream.h:97]   --->   Operation 69 'extractvalue' 'res_51' <Predicate = true> <Delay = 0.00>
ST_3 : Operation 70 [1/1] (0.00ns)   --->   "%res_52 = extractvalue i752 %call_ret" [firmware/nnet_utils/nnet_dense_resource.h:264->firmware/nnet_utils/nnet_dense_stream.h:24->firmware/nnet_utils/nnet_dense_stream.h:97]   --->   Operation 70 'extractvalue' 'res_52' <Predicate = true> <Delay = 0.00>
ST_3 : Operation 71 [1/1] (0.00ns)   --->   "%res_53 = extractvalue i752 %call_ret" [firmware/nnet_utils/nnet_dense_resource.h:264->firmware/nnet_utils/nnet_dense_stream.h:24->firmware/nnet_utils/nnet_dense_stream.h:97]   --->   Operation 71 'extractvalue' 'res_53' <Predicate = true> <Delay = 0.00>
ST_3 : Operation 72 [1/1] (0.00ns)   --->   "%res_54 = extractvalue i752 %call_ret" [firmware/nnet_utils/nnet_dense_resource.h:264->firmware/nnet_utils/nnet_dense_stream.h:24->firmware/nnet_utils/nnet_dense_stream.h:97]   --->   Operation 72 'extractvalue' 'res_54' <Predicate = true> <Delay = 0.00>
ST_3 : Operation 73 [1/1] (0.00ns)   --->   "%res_55 = extractvalue i752 %call_ret" [firmware/nnet_utils/nnet_dense_resource.h:264->firmware/nnet_utils/nnet_dense_stream.h:24->firmware/nnet_utils/nnet_dense_stream.h:97]   --->   Operation 73 'extractvalue' 'res_55' <Predicate = true> <Delay = 0.00>
ST_3 : Operation 74 [1/1] (0.00ns)   --->   "%res_56 = extractvalue i752 %call_ret" [firmware/nnet_utils/nnet_dense_resource.h:264->firmware/nnet_utils/nnet_dense_stream.h:24->firmware/nnet_utils/nnet_dense_stream.h:97]   --->   Operation 74 'extractvalue' 'res_56' <Predicate = true> <Delay = 0.00>
ST_3 : Operation 75 [1/1] (0.00ns)   --->   "%res_57 = extractvalue i752 %call_ret" [firmware/nnet_utils/nnet_dense_resource.h:264->firmware/nnet_utils/nnet_dense_stream.h:24->firmware/nnet_utils/nnet_dense_stream.h:97]   --->   Operation 75 'extractvalue' 'res_57' <Predicate = true> <Delay = 0.00>
ST_3 : Operation 76 [1/1] (0.00ns)   --->   "%res_58 = extractvalue i752 %call_ret" [firmware/nnet_utils/nnet_dense_resource.h:264->firmware/nnet_utils/nnet_dense_stream.h:24->firmware/nnet_utils/nnet_dense_stream.h:97]   --->   Operation 76 'extractvalue' 'res_58' <Predicate = true> <Delay = 0.00>
ST_3 : Operation 77 [1/1] (0.00ns)   --->   "%res_59 = extractvalue i752 %call_ret" [firmware/nnet_utils/nnet_dense_resource.h:264->firmware/nnet_utils/nnet_dense_stream.h:24->firmware/nnet_utils/nnet_dense_stream.h:97]   --->   Operation 77 'extractvalue' 'res_59' <Predicate = true> <Delay = 0.00>
ST_3 : Operation 78 [1/1] (0.00ns)   --->   "%res_60 = extractvalue i752 %call_ret" [firmware/nnet_utils/nnet_dense_resource.h:264->firmware/nnet_utils/nnet_dense_stream.h:24->firmware/nnet_utils/nnet_dense_stream.h:97]   --->   Operation 78 'extractvalue' 'res_60' <Predicate = true> <Delay = 0.00>

State 4 <SV = 3> <Delay = 1.82>
ST_4 : Operation 79 [1/1] (0.00ns)   --->   "%specinterface_ln0 = specinterface void @_ssdm_op_SpecInterface, i752 %layer26_out, void @empty, i32 0, i32 0, void @empty_7, i32 0, i32 0, void @empty_7, void @empty_7, void @empty_7, i32 0, i32 0, i32 0, i32 0, void @empty_7, void @empty_7, i32 4294967295, i32 0, i32 0, i32 0"   --->   Operation 79 'specinterface' 'specinterface_ln0' <Predicate = true> <Delay = 0.00>
ST_4 : Operation 80 [1/1] (0.00ns)   --->   "%specinterface_ln0 = specinterface void @_ssdm_op_SpecInterface, i384 %layer20_out, void @empty, i32 0, i32 0, void @empty_7, i32 0, i32 0, void @empty_7, void @empty_7, void @empty_7, i32 0, i32 0, i32 0, i32 0, void @empty_7, void @empty_7, i32 4294967295, i32 0, i32 0, i32 0"   --->   Operation 80 'specinterface' 'specinterface_ln0' <Predicate = true> <Delay = 0.00>
ST_4 : Operation 81 [1/1] (0.00ns)   --->   "%p_s = bitconcatenate i752 @_ssdm_op_BitConcatenate.i752.i16.i16.i16.i16.i16.i16.i16.i16.i16.i16.i16.i16.i16.i16.i16.i16.i16.i16.i16.i16.i16.i16.i16.i16.i16.i16.i16.i16.i16.i16.i16.i16.i16.i16.i16.i16.i16.i16.i16.i16.i16.i16.i16.i16.i16.i16.i16, i16 %res_60, i16 %res_59, i16 %res_58, i16 %res_57, i16 %res_56, i16 %res_55, i16 %res_54, i16 %res_53, i16 %res_52, i16 %res_51, i16 %res_50, i16 %res_49, i16 %res_48, i16 %res_47, i16 %res_46, i16 %res_45, i16 %res_44, i16 %res_43, i16 %res_42, i16 %res_41, i16 %res_40, i16 %res_39, i16 %res_38, i16 %res_37, i16 %res_36, i16 %res_35, i16 %res_34, i16 %res_33, i16 %res_32, i16 %res_31, i16 %res_30, i16 %res_29, i16 %res_28, i16 %res_27, i16 %res_26, i16 %res_25, i16 %res_24, i16 %res_9, i16 %res_8, i16 %res_7, i16 %res_6, i16 %res_5, i16 %res_4, i16 %res_3, i16 %res_2, i16 %res_1, i16 %res" [firmware/nnet_utils/nnet_dense_stream.h:77->firmware/nnet_utils/nnet_dense_stream.h:100]   --->   Operation 81 'bitconcatenate' 'p_s' <Predicate = true> <Delay = 0.00>
ST_4 : Operation 82 [1/1] ( I:1.82ns O:1.82ns )   --->   "%write_ln77 = write void @_ssdm_op_Write.ap_fifo.volatile.i752P0A, i752 %layer26_out, i752 %p_s" [firmware/nnet_utils/nnet_dense_stream.h:77->firmware/nnet_utils/nnet_dense_stream.h:100]   --->   Operation 82 'write' 'write_ln77' <Predicate = true> <Delay = 1.82> <CoreInst = "FIFO_SRL">   --->   Core 80 'FIFO_SRL' <Latency = 0> <II = 1> <Delay = 3.90> <Storage> <Opcode : 'read' 'write' 'nbread' 'nbwrite'> <Ports = 0> <Width = 752> <Depth = 1> <FIFO>
ST_4 : Operation 83 [1/1] (0.00ns)   --->   "%ret_ln101 = ret" [firmware/nnet_utils/nnet_dense_stream.h:101]   --->   Operation 83 'ret' 'ret_ln101' <Predicate = true> <Delay = 0.00>


============================================================
+ Verbose Summary: Binding
============================================================
STG Binding: 
---------------- STG Properties BEGIN ----------------
- Is combinational: 0
- Is one-state seq: 0
- Is datapath-only: 0
- Is pipelined: 0
- Is top level: 0
Port [ Return ] is wired: 1; IO mode=ap_ctrl_hs:ce=0
Port [ layer20_out]:  wired=1; compound=1; hidden=0; nouse=0; global=0; static=0; extern=0; dir=0; type=3; pingpong=0; private_global=0; IO mode=ap_fifo:ce=0
Port [ layer26_out]:  wired=1; compound=1; hidden=0; nouse=0; global=0; static=0; extern=0; dir=1; type=3; pingpong=0; private_global=0; IO mode=ap_fifo:ce=0
Port [ outidx_65]:  wired=0; compound=1; hidden=1; nouse=1; global=1; static=1; extern=0; dir=0; type=1; pingpong=0; private_global=0; MemPort=[1]; IO mode=ap_memory:ce=0
Port [ w26]:  wired=0; compound=1; hidden=1; nouse=1; global=1; static=1; extern=0; dir=0; type=1; pingpong=0; private_global=0; MemPort=[1]; IO mode=ap_memory:ce=0
---------------- STG Properties END ------------------

---------------- Datapath Model BEGIN ----------------

<LifeTime>
<method=bitvector/>
layer20_out_read  (read          ) [ 00000]
data              (trunc         ) [ 00110]
data_23           (partselect    ) [ 00110]
data_1            (partselect    ) [ 00110]
data_2            (partselect    ) [ 00110]
data_3            (partselect    ) [ 00110]
data_4            (partselect    ) [ 00110]
data_5            (partselect    ) [ 00110]
data_6            (partselect    ) [ 00110]
data_7            (partselect    ) [ 00110]
data_8            (partselect    ) [ 00110]
data_9            (partselect    ) [ 00110]
data_10           (partselect    ) [ 00110]
data_11           (partselect    ) [ 00110]
data_12           (partselect    ) [ 00110]
data_13           (partselect    ) [ 00110]
data_14           (partselect    ) [ 00110]
data_15           (partselect    ) [ 00110]
data_16           (partselect    ) [ 00110]
data_17           (partselect    ) [ 00110]
data_18           (partselect    ) [ 00110]
data_19           (partselect    ) [ 00110]
data_20           (partselect    ) [ 00110]
data_21           (partselect    ) [ 00110]
data_22           (partselect    ) [ 00110]
call_ret          (call          ) [ 00000]
res               (extractvalue  ) [ 00001]
res_1             (extractvalue  ) [ 00001]
res_2             (extractvalue  ) [ 00001]
res_3             (extractvalue  ) [ 00001]
res_4             (extractvalue  ) [ 00001]
res_5             (extractvalue  ) [ 00001]
res_6             (extractvalue  ) [ 00001]
res_7             (extractvalue  ) [ 00001]
res_8             (extractvalue  ) [ 00001]
res_9             (extractvalue  ) [ 00001]
res_24            (extractvalue  ) [ 00001]
res_25            (extractvalue  ) [ 00001]
res_26            (extractvalue  ) [ 00001]
res_27            (extractvalue  ) [ 00001]
res_28            (extractvalue  ) [ 00001]
res_29            (extractvalue  ) [ 00001]
res_30            (extractvalue  ) [ 00001]
res_31            (extractvalue  ) [ 00001]
res_32            (extractvalue  ) [ 00001]
res_33            (extractvalue  ) [ 00001]
res_34            (extractvalue  ) [ 00001]
res_35            (extractvalue  ) [ 00001]
res_36            (extractvalue  ) [ 00001]
res_37            (extractvalue  ) [ 00001]
res_38            (extractvalue  ) [ 00001]
res_39            (extractvalue  ) [ 00001]
res_40            (extractvalue  ) [ 00001]
res_41            (extractvalue  ) [ 00001]
res_42            (extractvalue  ) [ 00001]
res_43            (extractvalue  ) [ 00001]
res_44            (extractvalue  ) [ 00001]
res_45            (extractvalue  ) [ 00001]
res_46            (extractvalue  ) [ 00001]
res_47            (extractvalue  ) [ 00001]
res_48            (extractvalue  ) [ 00001]
res_49            (extractvalue  ) [ 00001]
res_50            (extractvalue  ) [ 00001]
res_51            (extractvalue  ) [ 00001]
res_52            (extractvalue  ) [ 00001]
res_53            (extractvalue  ) [ 00001]
res_54            (extractvalue  ) [ 00001]
res_55            (extractvalue  ) [ 00001]
res_56            (extractvalue  ) [ 00001]
res_57            (extractvalue  ) [ 00001]
res_58            (extractvalue  ) [ 00001]
res_59            (extractvalue  ) [ 00001]
res_60            (extractvalue  ) [ 00001]
specinterface_ln0 (specinterface ) [ 00000]
specinterface_ln0 (specinterface ) [ 00000]
p_s               (bitconcatenate) [ 00000]
write_ln77        (write         ) [ 00000]
ret_ln101         (ret           ) [ 00000]
</LifeTime>

<model>

<comp_list>
<comp id="0" class="1000" name="layer20_out">
<pin_list>
<pin id="1" dir="1" index="0" bw="1" slack="0"/>
</pin_list>
<bind>
<StgValue><ssdm name="layer20_out"/></StgValue>
</bind>
</comp>

<comp id="2" class="1000" name="layer26_out">
<pin_list>
<pin id="3" dir="1" index="0" bw="1" slack="0"/>
</pin_list>
<bind>
<StgValue><ssdm name="layer26_out"/></StgValue>
</bind>
</comp>

<comp id="4" class="1000" name="outidx_65">
<pin_list>
<pin id="5" dir="1" index="0" bw="1" slack="0"/>
</pin_list>
<bind>
<StgValue><ssdm name="outidx_65"/><MemPortTyVec>1 </MemPortTyVec>
</StgValue>
</bind>
</comp>

<comp id="6" class="1000" name="w26">
<pin_list>
<pin id="7" dir="1" index="0" bw="1" slack="0"/>
</pin_list>
<bind>
<StgValue><ssdm name="w26"/><MemPortTyVec>1 </MemPortTyVec>
</StgValue>
</bind>
</comp>

<comp id="8" class="1001" name="const_8">
<pin_list>
<pin id="9" dir="1" index="0" bw="1" slack="0"/>
</pin_list>
<bind>
<StgValue><ssdm name="_ssdm_op_Read.ap_fifo.volatile.i384P0A"/></StgValue>
</bind>
</comp>

<comp id="10" class="1001" name="const_10">
<pin_list>
<pin id="11" dir="1" index="0" bw="1" slack="0"/>
</pin_list>
<bind>
<StgValue><ssdm name="_ssdm_op_PartSelect.i16.i384.i32.i32"/></StgValue>
</bind>
</comp>

<comp id="12" class="1001" name="const_12">
<pin_list>
<pin id="13" dir="1" index="0" bw="1" slack="0"/>
</pin_list>
<bind>
<StgValue><ssdm name=""/></StgValue>
</bind>
</comp>

<comp id="14" class="1001" name="const_14">
<pin_list>
<pin id="15" dir="1" index="0" bw="1" slack="0"/>
</pin_list>
<bind>
<StgValue><ssdm name=""/></StgValue>
</bind>
</comp>

<comp id="16" class="1001" name="const_16">
<pin_list>
<pin id="17" dir="1" index="0" bw="1" slack="0"/>
</pin_list>
<bind>
<StgValue><ssdm name=""/></StgValue>
</bind>
</comp>

<comp id="18" class="1001" name="const_18">
<pin_list>
<pin id="19" dir="1" index="0" bw="1" slack="0"/>
</pin_list>
<bind>
<StgValue><ssdm name=""/></StgValue>
</bind>
</comp>

<comp id="20" class="1001" name="const_20">
<pin_list>
<pin id="21" dir="1" index="0" bw="1" slack="0"/>
</pin_list>
<bind>
<StgValue><ssdm name=""/></StgValue>
</bind>
</comp>

<comp id="22" class="1001" name="const_22">
<pin_list>
<pin id="23" dir="1" index="0" bw="1" slack="0"/>
</pin_list>
<bind>
<StgValue><ssdm name=""/></StgValue>
</bind>
</comp>

<comp id="24" class="1001" name="const_24">
<pin_list>
<pin id="25" dir="1" index="0" bw="1" slack="0"/>
</pin_list>
<bind>
<StgValue><ssdm name=""/></StgValue>
</bind>
</comp>

<comp id="26" class="1001" name="const_26">
<pin_list>
<pin id="27" dir="1" index="0" bw="1" slack="0"/>
</pin_list>
<bind>
<StgValue><ssdm name=""/></StgValue>
</bind>
</comp>

<comp id="28" class="1001" name="const_28">
<pin_list>
<pin id="29" dir="1" index="0" bw="1" slack="0"/>
</pin_list>
<bind>
<StgValue><ssdm name=""/></StgValue>
</bind>
</comp>

<comp id="30" class="1001" name="const_30">
<pin_list>
<pin id="31" dir="1" index="0" bw="1" slack="0"/>
</pin_list>
<bind>
<StgValue><ssdm name=""/></StgValue>
</bind>
</comp>

<comp id="32" class="1001" name="const_32">
<pin_list>
<pin id="33" dir="1" index="0" bw="1" slack="0"/>
</pin_list>
<bind>
<StgValue><ssdm name=""/></StgValue>
</bind>
</comp>

<comp id="34" class="1001" name="const_34">
<pin_list>
<pin id="35" dir="1" index="0" bw="1" slack="0"/>
</pin_list>
<bind>
<StgValue><ssdm name=""/></StgValue>
</bind>
</comp>

<comp id="36" class="1001" name="const_36">
<pin_list>
<pin id="37" dir="1" index="0" bw="1" slack="0"/>
</pin_list>
<bind>
<StgValue><ssdm name=""/></StgValue>
</bind>
</comp>

<comp id="38" class="1001" name="const_38">
<pin_list>
<pin id="39" dir="1" index="0" bw="1" slack="0"/>
</pin_list>
<bind>
<StgValue><ssdm name=""/></StgValue>
</bind>
</comp>

<comp id="40" class="1001" name="const_40">
<pin_list>
<pin id="41" dir="1" index="0" bw="1" slack="0"/>
</pin_list>
<bind>
<StgValue><ssdm name=""/></StgValue>
</bind>
</comp>

<comp id="42" class="1001" name="const_42">
<pin_list>
<pin id="43" dir="1" index="0" bw="1" slack="0"/>
</pin_list>
<bind>
<StgValue><ssdm name=""/></StgValue>
</bind>
</comp>

<comp id="44" class="1001" name="const_44">
<pin_list>
<pin id="45" dir="1" index="0" bw="1" slack="0"/>
</pin_list>
<bind>
<StgValue><ssdm name=""/></StgValue>
</bind>
</comp>

<comp id="46" class="1001" name="const_46">
<pin_list>
<pin id="47" dir="1" index="0" bw="1" slack="0"/>
</pin_list>
<bind>
<StgValue><ssdm name=""/></StgValue>
</bind>
</comp>

<comp id="48" class="1001" name="const_48">
<pin_list>
<pin id="49" dir="1" index="0" bw="1" slack="0"/>
</pin_list>
<bind>
<StgValue><ssdm name=""/></StgValue>
</bind>
</comp>

<comp id="50" class="1001" name="const_50">
<pin_list>
<pin id="51" dir="1" index="0" bw="1" slack="0"/>
</pin_list>
<bind>
<StgValue><ssdm name=""/></StgValue>
</bind>
</comp>

<comp id="52" class="1001" name="const_52">
<pin_list>
<pin id="53" dir="1" index="0" bw="1" slack="0"/>
</pin_list>
<bind>
<StgValue><ssdm name=""/></StgValue>
</bind>
</comp>

<comp id="54" class="1001" name="const_54">
<pin_list>
<pin id="55" dir="1" index="0" bw="1" slack="0"/>
</pin_list>
<bind>
<StgValue><ssdm name=""/></StgValue>
</bind>
</comp>

<comp id="56" class="1001" name="const_56">
<pin_list>
<pin id="57" dir="1" index="0" bw="1" slack="0"/>
</pin_list>
<bind>
<StgValue><ssdm name=""/></StgValue>
</bind>
</comp>

<comp id="58" class="1001" name="const_58">
<pin_list>
<pin id="59" dir="1" index="0" bw="1" slack="0"/>
</pin_list>
<bind>
<StgValue><ssdm name=""/></StgValue>
</bind>
</comp>

<comp id="60" class="1001" name="const_60">
<pin_list>
<pin id="61" dir="1" index="0" bw="1" slack="0"/>
</pin_list>
<bind>
<StgValue><ssdm name=""/></StgValue>
</bind>
</comp>

<comp id="62" class="1001" name="const_62">
<pin_list>
<pin id="63" dir="1" index="0" bw="1" slack="0"/>
</pin_list>
<bind>
<StgValue><ssdm name=""/></StgValue>
</bind>
</comp>

<comp id="64" class="1001" name="const_64">
<pin_list>
<pin id="65" dir="1" index="0" bw="1" slack="0"/>
</pin_list>
<bind>
<StgValue><ssdm name=""/></StgValue>
</bind>
</comp>

<comp id="66" class="1001" name="const_66">
<pin_list>
<pin id="67" dir="1" index="0" bw="1" slack="0"/>
</pin_list>
<bind>
<StgValue><ssdm name=""/></StgValue>
</bind>
</comp>

<comp id="68" class="1001" name="const_68">
<pin_list>
<pin id="69" dir="1" index="0" bw="1" slack="0"/>
</pin_list>
<bind>
<StgValue><ssdm name=""/></StgValue>
</bind>
</comp>

<comp id="70" class="1001" name="const_70">
<pin_list>
<pin id="71" dir="1" index="0" bw="1" slack="0"/>
</pin_list>
<bind>
<StgValue><ssdm name=""/></StgValue>
</bind>
</comp>

<comp id="72" class="1001" name="const_72">
<pin_list>
<pin id="73" dir="1" index="0" bw="1" slack="0"/>
</pin_list>
<bind>
<StgValue><ssdm name=""/></StgValue>
</bind>
</comp>

<comp id="74" class="1001" name="const_74">
<pin_list>
<pin id="75" dir="1" index="0" bw="1" slack="0"/>
</pin_list>
<bind>
<StgValue><ssdm name=""/></StgValue>
</bind>
</comp>

<comp id="76" class="1001" name="const_76">
<pin_list>
<pin id="77" dir="1" index="0" bw="1" slack="0"/>
</pin_list>
<bind>
<StgValue><ssdm name=""/></StgValue>
</bind>
</comp>

<comp id="78" class="1001" name="const_78">
<pin_list>
<pin id="79" dir="1" index="0" bw="1" slack="0"/>
</pin_list>
<bind>
<StgValue><ssdm name=""/></StgValue>
</bind>
</comp>

<comp id="80" class="1001" name="const_80">
<pin_list>
<pin id="81" dir="1" index="0" bw="1" slack="0"/>
</pin_list>
<bind>
<StgValue><ssdm name=""/></StgValue>
</bind>
</comp>

<comp id="82" class="1001" name="const_82">
<pin_list>
<pin id="83" dir="1" index="0" bw="1" slack="0"/>
</pin_list>
<bind>
<StgValue><ssdm name=""/></StgValue>
</bind>
</comp>

<comp id="84" class="1001" name="const_84">
<pin_list>
<pin id="85" dir="1" index="0" bw="1" slack="0"/>
</pin_list>
<bind>
<StgValue><ssdm name=""/></StgValue>
</bind>
</comp>

<comp id="86" class="1001" name="const_86">
<pin_list>
<pin id="87" dir="1" index="0" bw="1" slack="0"/>
</pin_list>
<bind>
<StgValue><ssdm name=""/></StgValue>
</bind>
</comp>

<comp id="88" class="1001" name="const_88">
<pin_list>
<pin id="89" dir="1" index="0" bw="1" slack="0"/>
</pin_list>
<bind>
<StgValue><ssdm name=""/></StgValue>
</bind>
</comp>

<comp id="90" class="1001" name="const_90">
<pin_list>
<pin id="91" dir="1" index="0" bw="1" slack="0"/>
</pin_list>
<bind>
<StgValue><ssdm name=""/></StgValue>
</bind>
</comp>

<comp id="92" class="1001" name="const_92">
<pin_list>
<pin id="93" dir="1" index="0" bw="1" slack="0"/>
</pin_list>
<bind>
<StgValue><ssdm name=""/></StgValue>
</bind>
</comp>

<comp id="94" class="1001" name="const_94">
<pin_list>
<pin id="95" dir="1" index="0" bw="1" slack="0"/>
</pin_list>
<bind>
<StgValue><ssdm name=""/></StgValue>
</bind>
</comp>

<comp id="96" class="1001" name="const_96">
<pin_list>
<pin id="97" dir="1" index="0" bw="1" slack="0"/>
</pin_list>
<bind>
<StgValue><ssdm name=""/></StgValue>
</bind>
</comp>

<comp id="98" class="1001" name="const_98">
<pin_list>
<pin id="99" dir="1" index="0" bw="1" slack="0"/>
</pin_list>
<bind>
<StgValue><ssdm name=""/></StgValue>
</bind>
</comp>

<comp id="100" class="1001" name="const_100">
<pin_list>
<pin id="101" dir="1" index="0" bw="1" slack="0"/>
</pin_list>
<bind>
<StgValue><ssdm name=""/></StgValue>
</bind>
</comp>

<comp id="102" class="1001" name="const_102">
<pin_list>
<pin id="103" dir="1" index="0" bw="1" slack="0"/>
</pin_list>
<bind>
<StgValue><ssdm name=""/></StgValue>
</bind>
</comp>

<comp id="104" class="1001" name="const_104">
<pin_list>
<pin id="105" dir="1" index="0" bw="1" slack="0"/>
</pin_list>
<bind>
<StgValue><ssdm name="dense_resource_rf_gt_nin_rem0<ap_fixed,ap_fixed<16,6,5,3,0>,config26>"/></StgValue>
</bind>
</comp>

<comp id="106" class="1001" name="const_106">
<pin_list>
<pin id="107" dir="1" index="0" bw="1" slack="2147483647"/>
</pin_list>
<bind>
<StgValue><ssdm name="_ssdm_op_SpecInterface"/></StgValue>
</bind>
</comp>

<comp id="108" class="1001" name="const_108">
<pin_list>
<pin id="109" dir="1" index="0" bw="1" slack="2147483647"/>
</pin_list>
<bind>
<StgValue><ssdm name="empty"/></StgValue>
</bind>
</comp>

<comp id="110" class="1001" name="const_110">
<pin_list>
<pin id="111" dir="1" index="0" bw="1" slack="2147483647"/>
</pin_list>
<bind>
<StgValue><ssdm name=""/></StgValue>
</bind>
</comp>

<comp id="112" class="1001" name="const_112">
<pin_list>
<pin id="113" dir="1" index="0" bw="1" slack="2147483647"/>
</pin_list>
<bind>
<StgValue><ssdm name="empty_7"/></StgValue>
</bind>
</comp>

<comp id="114" class="1001" name="const_114">
<pin_list>
<pin id="115" dir="1" index="0" bw="1" slack="2147483647"/>
</pin_list>
<bind>
<StgValue><ssdm name=""/></StgValue>
</bind>
</comp>

<comp id="116" class="1001" name="const_116">
<pin_list>
<pin id="117" dir="1" index="0" bw="1" slack="0"/>
</pin_list>
<bind>
<StgValue><ssdm name="_ssdm_op_BitConcatenate.i752.i16.i16.i16.i16.i16.i16.i16.i16.i16.i16.i16.i16.i16.i16.i16.i16.i16.i16.i16.i16.i16.i16.i16.i16.i16.i16.i16.i16.i16.i16.i16.i16.i16.i16.i16.i16.i16.i16.i16.i16.i16.i16.i16.i16.i16.i16.i16"/></StgValue>
</bind>
</comp>

<comp id="118" class="1001" name="const_118">
<pin_list>
<pin id="119" dir="1" index="0" bw="1" slack="0"/>
</pin_list>
<bind>
<StgValue><ssdm name="_ssdm_op_Write.ap_fifo.volatile.i752P0A"/></StgValue>
</bind>
</comp>

<comp id="120" class="1004" name="layer20_out_read_read_fu_120">
<pin_list>
<pin id="121" dir="0" index="0" bw="384" slack="0"/>
<pin id="122" dir="0" index="1" bw="384" slack="0"/>
<pin id="123" dir="1" index="2" bw="384" slack="0"/>
</pin_list>
<bind>
<opcode="read(1150) " fcode="read"/>
<opset="layer20_out_read/1 "/>
</bind>
</comp>

<comp id="126" class="1004" name="write_ln77_write_fu_126">
<pin_list>
<pin id="127" dir="0" index="0" bw="0" slack="0"/>
<pin id="128" dir="0" index="1" bw="752" slack="0"/>
<pin id="129" dir="0" index="2" bw="752" slack="0"/>
<pin id="130" dir="1" index="3" bw="0" slack="2147483647"/>
</pin_list>
<bind>
<opcode="write(1151) " fcode="write"/>
<opset="write_ln77/4 "/>
</bind>
</comp>

<comp id="133" class="1004" name="grp_dense_resource_rf_gt_nin_rem0_ap_fixed_ap_fixed_16_6_5_3_0_config26_s_fu_133">
<pin_list>
<pin id="134" dir="0" index="0" bw="752" slack="0"/>
<pin id="135" dir="0" index="1" bw="16" slack="1"/>
<pin id="136" dir="0" index="2" bw="16" slack="1"/>
<pin id="137" dir="0" index="3" bw="16" slack="1"/>
<pin id="138" dir="0" index="4" bw="16" slack="1"/>
<pin id="139" dir="0" index="5" bw="16" slack="1"/>
<pin id="140" dir="0" index="6" bw="16" slack="1"/>
<pin id="141" dir="0" index="7" bw="16" slack="1"/>
<pin id="142" dir="0" index="8" bw="16" slack="1"/>
<pin id="143" dir="0" index="9" bw="16" slack="1"/>
<pin id="144" dir="0" index="10" bw="16" slack="1"/>
<pin id="145" dir="0" index="11" bw="16" slack="1"/>
<pin id="146" dir="0" index="12" bw="16" slack="1"/>
<pin id="147" dir="0" index="13" bw="16" slack="1"/>
<pin id="148" dir="0" index="14" bw="16" slack="1"/>
<pin id="149" dir="0" index="15" bw="16" slack="1"/>
<pin id="150" dir="0" index="16" bw="16" slack="1"/>
<pin id="151" dir="0" index="17" bw="16" slack="1"/>
<pin id="152" dir="0" index="18" bw="16" slack="1"/>
<pin id="153" dir="0" index="19" bw="16" slack="1"/>
<pin id="154" dir="0" index="20" bw="16" slack="1"/>
<pin id="155" dir="0" index="21" bw="16" slack="1"/>
<pin id="156" dir="0" index="22" bw="16" slack="1"/>
<pin id="157" dir="0" index="23" bw="16" slack="1"/>
<pin id="158" dir="0" index="24" bw="16" slack="1"/>
<pin id="159" dir="0" index="25" bw="6" slack="0"/>
<pin id="160" dir="0" index="26" bw="12" slack="0"/>
<pin id="161" dir="1" index="27" bw="752" slack="0"/>
</pin_list>
<bind>
<opcode="call(48) " fcode="call"/>
<opset="call_ret/2 "/>
</bind>
</comp>

<comp id="165" class="1004" name="data_fu_165">
<pin_list>
<pin id="166" dir="0" index="0" bw="384" slack="0"/>
<pin id="167" dir="1" index="1" bw="16" slack="1"/>
</pin_list>
<bind>
<opcode="trunc(33) " fcode="trunc"/>
<opset="data/1 "/>
</bind>
</comp>

<comp id="169" class="1004" name="data_23_fu_169">
<pin_list>
<pin id="170" dir="0" index="0" bw="16" slack="0"/>
<pin id="171" dir="0" index="1" bw="384" slack="0"/>
<pin id="172" dir="0" index="2" bw="6" slack="0"/>
<pin id="173" dir="0" index="3" bw="6" slack="0"/>
<pin id="174" dir="1" index="4" bw="16" slack="1"/>
</pin_list>
<bind>
<opcode="partselect(1002) " fcode="partselect"/>
<opset="data_23/1 "/>
</bind>
</comp>

<comp id="179" class="1004" name="data_1_fu_179">
<pin_list>
<pin id="180" dir="0" index="0" bw="16" slack="0"/>
<pin id="181" dir="0" index="1" bw="384" slack="0"/>
<pin id="182" dir="0" index="2" bw="7" slack="0"/>
<pin id="183" dir="0" index="3" bw="7" slack="0"/>
<pin id="184" dir="1" index="4" bw="16" slack="1"/>
</pin_list>
<bind>
<opcode="partselect(1002) " fcode="partselect"/>
<opset="data_1/1 "/>
</bind>
</comp>

<comp id="189" class="1004" name="data_2_fu_189">
<pin_list>
<pin id="190" dir="0" index="0" bw="16" slack="0"/>
<pin id="191" dir="0" index="1" bw="384" slack="0"/>
<pin id="192" dir="0" index="2" bw="7" slack="0"/>
<pin id="193" dir="0" index="3" bw="7" slack="0"/>
<pin id="194" dir="1" index="4" bw="16" slack="1"/>
</pin_list>
<bind>
<opcode="partselect(1002) " fcode="partselect"/>
<opset="data_2/1 "/>
</bind>
</comp>

<comp id="199" class="1004" name="data_3_fu_199">
<pin_list>
<pin id="200" dir="0" index="0" bw="16" slack="0"/>
<pin id="201" dir="0" index="1" bw="384" slack="0"/>
<pin id="202" dir="0" index="2" bw="8" slack="0"/>
<pin id="203" dir="0" index="3" bw="8" slack="0"/>
<pin id="204" dir="1" index="4" bw="16" slack="1"/>
</pin_list>
<bind>
<opcode="partselect(1002) " fcode="partselect"/>
<opset="data_3/1 "/>
</bind>
</comp>

<comp id="209" class="1004" name="data_4_fu_209">
<pin_list>
<pin id="210" dir="0" index="0" bw="16" slack="0"/>
<pin id="211" dir="0" index="1" bw="384" slack="0"/>
<pin id="212" dir="0" index="2" bw="8" slack="0"/>
<pin id="213" dir="0" index="3" bw="8" slack="0"/>
<pin id="214" dir="1" index="4" bw="16" slack="1"/>
</pin_list>
<bind>
<opcode="partselect(1002) " fcode="partselect"/>
<opset="data_4/1 "/>
</bind>
</comp>

<comp id="219" class="1004" name="data_5_fu_219">
<pin_list>
<pin id="220" dir="0" index="0" bw="16" slack="0"/>
<pin id="221" dir="0" index="1" bw="384" slack="0"/>
<pin id="222" dir="0" index="2" bw="8" slack="0"/>
<pin id="223" dir="0" index="3" bw="8" slack="0"/>
<pin id="224" dir="1" index="4" bw="16" slack="1"/>
</pin_list>
<bind>
<opcode="partselect(1002) " fcode="partselect"/>
<opset="data_5/1 "/>
</bind>
</comp>

<comp id="229" class="1004" name="data_6_fu_229">
<pin_list>
<pin id="230" dir="0" index="0" bw="16" slack="0"/>
<pin id="231" dir="0" index="1" bw="384" slack="0"/>
<pin id="232" dir="0" index="2" bw="8" slack="0"/>
<pin id="233" dir="0" index="3" bw="8" slack="0"/>
<pin id="234" dir="1" index="4" bw="16" slack="1"/>
</pin_list>
<bind>
<opcode="partselect(1002) " fcode="partselect"/>
<opset="data_6/1 "/>
</bind>
</comp>

<comp id="239" class="1004" name="data_7_fu_239">
<pin_list>
<pin id="240" dir="0" index="0" bw="16" slack="0"/>
<pin id="241" dir="0" index="1" bw="384" slack="0"/>
<pin id="242" dir="0" index="2" bw="9" slack="0"/>
<pin id="243" dir="0" index="3" bw="9" slack="0"/>
<pin id="244" dir="1" index="4" bw="16" slack="1"/>
</pin_list>
<bind>
<opcode="partselect(1002) " fcode="partselect"/>
<opset="data_7/1 "/>
</bind>
</comp>

<comp id="249" class="1004" name="data_8_fu_249">
<pin_list>
<pin id="250" dir="0" index="0" bw="16" slack="0"/>
<pin id="251" dir="0" index="1" bw="384" slack="0"/>
<pin id="252" dir="0" index="2" bw="9" slack="0"/>
<pin id="253" dir="0" index="3" bw="9" slack="0"/>
<pin id="254" dir="1" index="4" bw="16" slack="1"/>
</pin_list>
<bind>
<opcode="partselect(1002) " fcode="partselect"/>
<opset="data_8/1 "/>
</bind>
</comp>

<comp id="259" class="1004" name="data_9_fu_259">
<pin_list>
<pin id="260" dir="0" index="0" bw="16" slack="0"/>
<pin id="261" dir="0" index="1" bw="384" slack="0"/>
<pin id="262" dir="0" index="2" bw="9" slack="0"/>
<pin id="263" dir="0" index="3" bw="9" slack="0"/>
<pin id="264" dir="1" index="4" bw="16" slack="1"/>
</pin_list>
<bind>
<opcode="partselect(1002) " fcode="partselect"/>
<opset="data_9/1 "/>
</bind>
</comp>

<comp id="269" class="1004" name="data_10_fu_269">
<pin_list>
<pin id="270" dir="0" index="0" bw="16" slack="0"/>
<pin id="271" dir="0" index="1" bw="384" slack="0"/>
<pin id="272" dir="0" index="2" bw="9" slack="0"/>
<pin id="273" dir="0" index="3" bw="9" slack="0"/>
<pin id="274" dir="1" index="4" bw="16" slack="1"/>
</pin_list>
<bind>
<opcode="partselect(1002) " fcode="partselect"/>
<opset="data_10/1 "/>
</bind>
</comp>

<comp id="279" class="1004" name="data_11_fu_279">
<pin_list>
<pin id="280" dir="0" index="0" bw="16" slack="0"/>
<pin id="281" dir="0" index="1" bw="384" slack="0"/>
<pin id="282" dir="0" index="2" bw="9" slack="0"/>
<pin id="283" dir="0" index="3" bw="9" slack="0"/>
<pin id="284" dir="1" index="4" bw="16" slack="1"/>
</pin_list>
<bind>
<opcode="partselect(1002) " fcode="partselect"/>
<opset="data_11/1 "/>
</bind>
</comp>

<comp id="289" class="1004" name="data_12_fu_289">
<pin_list>
<pin id="290" dir="0" index="0" bw="16" slack="0"/>
<pin id="291" dir="0" index="1" bw="384" slack="0"/>
<pin id="292" dir="0" index="2" bw="9" slack="0"/>
<pin id="293" dir="0" index="3" bw="9" slack="0"/>
<pin id="294" dir="1" index="4" bw="16" slack="1"/>
</pin_list>
<bind>
<opcode="partselect(1002) " fcode="partselect"/>
<opset="data_12/1 "/>
</bind>
</comp>

<comp id="299" class="1004" name="data_13_fu_299">
<pin_list>
<pin id="300" dir="0" index="0" bw="16" slack="0"/>
<pin id="301" dir="0" index="1" bw="384" slack="0"/>
<pin id="302" dir="0" index="2" bw="9" slack="0"/>
<pin id="303" dir="0" index="3" bw="9" slack="0"/>
<pin id="304" dir="1" index="4" bw="16" slack="1"/>
</pin_list>
<bind>
<opcode="partselect(1002) " fcode="partselect"/>
<opset="data_13/1 "/>
</bind>
</comp>

<comp id="309" class="1004" name="data_14_fu_309">
<pin_list>
<pin id="310" dir="0" index="0" bw="16" slack="0"/>
<pin id="311" dir="0" index="1" bw="384" slack="0"/>
<pin id="312" dir="0" index="2" bw="9" slack="0"/>
<pin id="313" dir="0" index="3" bw="9" slack="0"/>
<pin id="314" dir="1" index="4" bw="16" slack="1"/>
</pin_list>
<bind>
<opcode="partselect(1002) " fcode="partselect"/>
<opset="data_14/1 "/>
</bind>
</comp>

<comp id="319" class="1004" name="data_15_fu_319">
<pin_list>
<pin id="320" dir="0" index="0" bw="16" slack="0"/>
<pin id="321" dir="0" index="1" bw="384" slack="0"/>
<pin id="322" dir="0" index="2" bw="10" slack="0"/>
<pin id="323" dir="0" index="3" bw="10" slack="0"/>
<pin id="324" dir="1" index="4" bw="16" slack="1"/>
</pin_list>
<bind>
<opcode="partselect(1002) " fcode="partselect"/>
<opset="data_15/1 "/>
</bind>
</comp>

<comp id="329" class="1004" name="data_16_fu_329">
<pin_list>
<pin id="330" dir="0" index="0" bw="16" slack="0"/>
<pin id="331" dir="0" index="1" bw="384" slack="0"/>
<pin id="332" dir="0" index="2" bw="10" slack="0"/>
<pin id="333" dir="0" index="3" bw="10" slack="0"/>
<pin id="334" dir="1" index="4" bw="16" slack="1"/>
</pin_list>
<bind>
<opcode="partselect(1002) " fcode="partselect"/>
<opset="data_16/1 "/>
</bind>
</comp>

<comp id="339" class="1004" name="data_17_fu_339">
<pin_list>
<pin id="340" dir="0" index="0" bw="16" slack="0"/>
<pin id="341" dir="0" index="1" bw="384" slack="0"/>
<pin id="342" dir="0" index="2" bw="10" slack="0"/>
<pin id="343" dir="0" index="3" bw="10" slack="0"/>
<pin id="344" dir="1" index="4" bw="16" slack="1"/>
</pin_list>
<bind>
<opcode="partselect(1002) " fcode="partselect"/>
<opset="data_17/1 "/>
</bind>
</comp>

<comp id="349" class="1004" name="data_18_fu_349">
<pin_list>
<pin id="350" dir="0" index="0" bw="16" slack="0"/>
<pin id="351" dir="0" index="1" bw="384" slack="0"/>
<pin id="352" dir="0" index="2" bw="10" slack="0"/>
<pin id="353" dir="0" index="3" bw="10" slack="0"/>
<pin id="354" dir="1" index="4" bw="16" slack="1"/>
</pin_list>
<bind>
<opcode="partselect(1002) " fcode="partselect"/>
<opset="data_18/1 "/>
</bind>
</comp>

<comp id="359" class="1004" name="data_19_fu_359">
<pin_list>
<pin id="360" dir="0" index="0" bw="16" slack="0"/>
<pin id="361" dir="0" index="1" bw="384" slack="0"/>
<pin id="362" dir="0" index="2" bw="10" slack="0"/>
<pin id="363" dir="0" index="3" bw="10" slack="0"/>
<pin id="364" dir="1" index="4" bw="16" slack="1"/>
</pin_list>
<bind>
<opcode="partselect(1002) " fcode="partselect"/>
<opset="data_19/1 "/>
</bind>
</comp>

<comp id="369" class="1004" name="data_20_fu_369">
<pin_list>
<pin id="370" dir="0" index="0" bw="16" slack="0"/>
<pin id="371" dir="0" index="1" bw="384" slack="0"/>
<pin id="372" dir="0" index="2" bw="10" slack="0"/>
<pin id="373" dir="0" index="3" bw="10" slack="0"/>
<pin id="374" dir="1" index="4" bw="16" slack="1"/>
</pin_list>
<bind>
<opcode="partselect(1002) " fcode="partselect"/>
<opset="data_20/1 "/>
</bind>
</comp>

<comp id="379" class="1004" name="data_21_fu_379">
<pin_list>
<pin id="380" dir="0" index="0" bw="16" slack="0"/>
<pin id="381" dir="0" index="1" bw="384" slack="0"/>
<pin id="382" dir="0" index="2" bw="10" slack="0"/>
<pin id="383" dir="0" index="3" bw="10" slack="0"/>
<pin id="384" dir="1" index="4" bw="16" slack="1"/>
</pin_list>
<bind>
<opcode="partselect(1002) " fcode="partselect"/>
<opset="data_21/1 "/>
</bind>
</comp>

<comp id="389" class="1004" name="data_22_fu_389">
<pin_list>
<pin id="390" dir="0" index="0" bw="16" slack="0"/>
<pin id="391" dir="0" index="1" bw="384" slack="0"/>
<pin id="392" dir="0" index="2" bw="10" slack="0"/>
<pin id="393" dir="0" index="3" bw="10" slack="0"/>
<pin id="394" dir="1" index="4" bw="16" slack="1"/>
</pin_list>
<bind>
<opcode="partselect(1002) " fcode="partselect"/>
<opset="data_22/1 "/>
</bind>
</comp>

<comp id="399" class="1004" name="res_fu_399">
<pin_list>
<pin id="400" dir="0" index="0" bw="752" slack="0"/>
<pin id="401" dir="1" index="1" bw="16" slack="1"/>
</pin_list>
<bind>
<opcode="extractvalue(56) " fcode="extractvalue"/>
<opset="res/3 "/>
</bind>
</comp>

<comp id="403" class="1004" name="res_1_fu_403">
<pin_list>
<pin id="404" dir="0" index="0" bw="752" slack="0"/>
<pin id="405" dir="1" index="1" bw="16" slack="1"/>
</pin_list>
<bind>
<opcode="extractvalue(56) " fcode="extractvalue"/>
<opset="res_1/3 "/>
</bind>
</comp>

<comp id="407" class="1004" name="res_2_fu_407">
<pin_list>
<pin id="408" dir="0" index="0" bw="752" slack="0"/>
<pin id="409" dir="1" index="1" bw="16" slack="1"/>
</pin_list>
<bind>
<opcode="extractvalue(56) " fcode="extractvalue"/>
<opset="res_2/3 "/>
</bind>
</comp>

<comp id="411" class="1004" name="res_3_fu_411">
<pin_list>
<pin id="412" dir="0" index="0" bw="752" slack="0"/>
<pin id="413" dir="1" index="1" bw="16" slack="1"/>
</pin_list>
<bind>
<opcode="extractvalue(56) " fcode="extractvalue"/>
<opset="res_3/3 "/>
</bind>
</comp>

<comp id="415" class="1004" name="res_4_fu_415">
<pin_list>
<pin id="416" dir="0" index="0" bw="752" slack="0"/>
<pin id="417" dir="1" index="1" bw="16" slack="1"/>
</pin_list>
<bind>
<opcode="extractvalue(56) " fcode="extractvalue"/>
<opset="res_4/3 "/>
</bind>
</comp>

<comp id="419" class="1004" name="res_5_fu_419">
<pin_list>
<pin id="420" dir="0" index="0" bw="752" slack="0"/>
<pin id="421" dir="1" index="1" bw="16" slack="1"/>
</pin_list>
<bind>
<opcode="extractvalue(56) " fcode="extractvalue"/>
<opset="res_5/3 "/>
</bind>
</comp>

<comp id="423" class="1004" name="res_6_fu_423">
<pin_list>
<pin id="424" dir="0" index="0" bw="752" slack="0"/>
<pin id="425" dir="1" index="1" bw="16" slack="1"/>
</pin_list>
<bind>
<opcode="extractvalue(56) " fcode="extractvalue"/>
<opset="res_6/3 "/>
</bind>
</comp>

<comp id="427" class="1004" name="res_7_fu_427">
<pin_list>
<pin id="428" dir="0" index="0" bw="752" slack="0"/>
<pin id="429" dir="1" index="1" bw="16" slack="1"/>
</pin_list>
<bind>
<opcode="extractvalue(56) " fcode="extractvalue"/>
<opset="res_7/3 "/>
</bind>
</comp>

<comp id="431" class="1004" name="res_8_fu_431">
<pin_list>
<pin id="432" dir="0" index="0" bw="752" slack="0"/>
<pin id="433" dir="1" index="1" bw="16" slack="1"/>
</pin_list>
<bind>
<opcode="extractvalue(56) " fcode="extractvalue"/>
<opset="res_8/3 "/>
</bind>
</comp>

<comp id="435" class="1004" name="res_9_fu_435">
<pin_list>
<pin id="436" dir="0" index="0" bw="752" slack="0"/>
<pin id="437" dir="1" index="1" bw="16" slack="1"/>
</pin_list>
<bind>
<opcode="extractvalue(56) " fcode="extractvalue"/>
<opset="res_9/3 "/>
</bind>
</comp>

<comp id="439" class="1004" name="res_24_fu_439">
<pin_list>
<pin id="440" dir="0" index="0" bw="752" slack="0"/>
<pin id="441" dir="1" index="1" bw="16" slack="1"/>
</pin_list>
<bind>
<opcode="extractvalue(56) " fcode="extractvalue"/>
<opset="res_24/3 "/>
</bind>
</comp>

<comp id="443" class="1004" name="res_25_fu_443">
<pin_list>
<pin id="444" dir="0" index="0" bw="752" slack="0"/>
<pin id="445" dir="1" index="1" bw="16" slack="1"/>
</pin_list>
<bind>
<opcode="extractvalue(56) " fcode="extractvalue"/>
<opset="res_25/3 "/>
</bind>
</comp>

<comp id="447" class="1004" name="res_26_fu_447">
<pin_list>
<pin id="448" dir="0" index="0" bw="752" slack="0"/>
<pin id="449" dir="1" index="1" bw="16" slack="1"/>
</pin_list>
<bind>
<opcode="extractvalue(56) " fcode="extractvalue"/>
<opset="res_26/3 "/>
</bind>
</comp>

<comp id="451" class="1004" name="res_27_fu_451">
<pin_list>
<pin id="452" dir="0" index="0" bw="752" slack="0"/>
<pin id="453" dir="1" index="1" bw="16" slack="1"/>
</pin_list>
<bind>
<opcode="extractvalue(56) " fcode="extractvalue"/>
<opset="res_27/3 "/>
</bind>
</comp>

<comp id="455" class="1004" name="res_28_fu_455">
<pin_list>
<pin id="456" dir="0" index="0" bw="752" slack="0"/>
<pin id="457" dir="1" index="1" bw="16" slack="1"/>
</pin_list>
<bind>
<opcode="extractvalue(56) " fcode="extractvalue"/>
<opset="res_28/3 "/>
</bind>
</comp>

<comp id="459" class="1004" name="res_29_fu_459">
<pin_list>
<pin id="460" dir="0" index="0" bw="752" slack="0"/>
<pin id="461" dir="1" index="1" bw="16" slack="1"/>
</pin_list>
<bind>
<opcode="extractvalue(56) " fcode="extractvalue"/>
<opset="res_29/3 "/>
</bind>
</comp>

<comp id="463" class="1004" name="res_30_fu_463">
<pin_list>
<pin id="464" dir="0" index="0" bw="752" slack="0"/>
<pin id="465" dir="1" index="1" bw="16" slack="1"/>
</pin_list>
<bind>
<opcode="extractvalue(56) " fcode="extractvalue"/>
<opset="res_30/3 "/>
</bind>
</comp>

<comp id="467" class="1004" name="res_31_fu_467">
<pin_list>
<pin id="468" dir="0" index="0" bw="752" slack="0"/>
<pin id="469" dir="1" index="1" bw="16" slack="1"/>
</pin_list>
<bind>
<opcode="extractvalue(56) " fcode="extractvalue"/>
<opset="res_31/3 "/>
</bind>
</comp>

<comp id="471" class="1004" name="res_32_fu_471">
<pin_list>
<pin id="472" dir="0" index="0" bw="752" slack="0"/>
<pin id="473" dir="1" index="1" bw="16" slack="1"/>
</pin_list>
<bind>
<opcode="extractvalue(56) " fcode="extractvalue"/>
<opset="res_32/3 "/>
</bind>
</comp>

<comp id="475" class="1004" name="res_33_fu_475">
<pin_list>
<pin id="476" dir="0" index="0" bw="752" slack="0"/>
<pin id="477" dir="1" index="1" bw="16" slack="1"/>
</pin_list>
<bind>
<opcode="extractvalue(56) " fcode="extractvalue"/>
<opset="res_33/3 "/>
</bind>
</comp>

<comp id="479" class="1004" name="res_34_fu_479">
<pin_list>
<pin id="480" dir="0" index="0" bw="752" slack="0"/>
<pin id="481" dir="1" index="1" bw="16" slack="1"/>
</pin_list>
<bind>
<opcode="extractvalue(56) " fcode="extractvalue"/>
<opset="res_34/3 "/>
</bind>
</comp>

<comp id="483" class="1004" name="res_35_fu_483">
<pin_list>
<pin id="484" dir="0" index="0" bw="752" slack="0"/>
<pin id="485" dir="1" index="1" bw="16" slack="1"/>
</pin_list>
<bind>
<opcode="extractvalue(56) " fcode="extractvalue"/>
<opset="res_35/3 "/>
</bind>
</comp>

<comp id="487" class="1004" name="res_36_fu_487">
<pin_list>
<pin id="488" dir="0" index="0" bw="752" slack="0"/>
<pin id="489" dir="1" index="1" bw="16" slack="1"/>
</pin_list>
<bind>
<opcode="extractvalue(56) " fcode="extractvalue"/>
<opset="res_36/3 "/>
</bind>
</comp>

<comp id="491" class="1004" name="res_37_fu_491">
<pin_list>
<pin id="492" dir="0" index="0" bw="752" slack="0"/>
<pin id="493" dir="1" index="1" bw="16" slack="1"/>
</pin_list>
<bind>
<opcode="extractvalue(56) " fcode="extractvalue"/>
<opset="res_37/3 "/>
</bind>
</comp>

<comp id="495" class="1004" name="res_38_fu_495">
<pin_list>
<pin id="496" dir="0" index="0" bw="752" slack="0"/>
<pin id="497" dir="1" index="1" bw="16" slack="1"/>
</pin_list>
<bind>
<opcode="extractvalue(56) " fcode="extractvalue"/>
<opset="res_38/3 "/>
</bind>
</comp>

<comp id="499" class="1004" name="res_39_fu_499">
<pin_list>
<pin id="500" dir="0" index="0" bw="752" slack="0"/>
<pin id="501" dir="1" index="1" bw="16" slack="1"/>
</pin_list>
<bind>
<opcode="extractvalue(56) " fcode="extractvalue"/>
<opset="res_39/3 "/>
</bind>
</comp>

<comp id="503" class="1004" name="res_40_fu_503">
<pin_list>
<pin id="504" dir="0" index="0" bw="752" slack="0"/>
<pin id="505" dir="1" index="1" bw="16" slack="1"/>
</pin_list>
<bind>
<opcode="extractvalue(56) " fcode="extractvalue"/>
<opset="res_40/3 "/>
</bind>
</comp>

<comp id="507" class="1004" name="res_41_fu_507">
<pin_list>
<pin id="508" dir="0" index="0" bw="752" slack="0"/>
<pin id="509" dir="1" index="1" bw="16" slack="1"/>
</pin_list>
<bind>
<opcode="extractvalue(56) " fcode="extractvalue"/>
<opset="res_41/3 "/>
</bind>
</comp>

<comp id="511" class="1004" name="res_42_fu_511">
<pin_list>
<pin id="512" dir="0" index="0" bw="752" slack="0"/>
<pin id="513" dir="1" index="1" bw="16" slack="1"/>
</pin_list>
<bind>
<opcode="extractvalue(56) " fcode="extractvalue"/>
<opset="res_42/3 "/>
</bind>
</comp>

<comp id="515" class="1004" name="res_43_fu_515">
<pin_list>
<pin id="516" dir="0" index="0" bw="752" slack="0"/>
<pin id="517" dir="1" index="1" bw="16" slack="1"/>
</pin_list>
<bind>
<opcode="extractvalue(56) " fcode="extractvalue"/>
<opset="res_43/3 "/>
</bind>
</comp>

<comp id="519" class="1004" name="res_44_fu_519">
<pin_list>
<pin id="520" dir="0" index="0" bw="752" slack="0"/>
<pin id="521" dir="1" index="1" bw="16" slack="1"/>
</pin_list>
<bind>
<opcode="extractvalue(56) " fcode="extractvalue"/>
<opset="res_44/3 "/>
</bind>
</comp>

<comp id="523" class="1004" name="res_45_fu_523">
<pin_list>
<pin id="524" dir="0" index="0" bw="752" slack="0"/>
<pin id="525" dir="1" index="1" bw="16" slack="1"/>
</pin_list>
<bind>
<opcode="extractvalue(56) " fcode="extractvalue"/>
<opset="res_45/3 "/>
</bind>
</comp>

<comp id="527" class="1004" name="res_46_fu_527">
<pin_list>
<pin id="528" dir="0" index="0" bw="752" slack="0"/>
<pin id="529" dir="1" index="1" bw="16" slack="1"/>
</pin_list>
<bind>
<opcode="extractvalue(56) " fcode="extractvalue"/>
<opset="res_46/3 "/>
</bind>
</comp>

<comp id="531" class="1004" name="res_47_fu_531">
<pin_list>
<pin id="532" dir="0" index="0" bw="752" slack="0"/>
<pin id="533" dir="1" index="1" bw="16" slack="1"/>
</pin_list>
<bind>
<opcode="extractvalue(56) " fcode="extractvalue"/>
<opset="res_47/3 "/>
</bind>
</comp>

<comp id="535" class="1004" name="res_48_fu_535">
<pin_list>
<pin id="536" dir="0" index="0" bw="752" slack="0"/>
<pin id="537" dir="1" index="1" bw="16" slack="1"/>
</pin_list>
<bind>
<opcode="extractvalue(56) " fcode="extractvalue"/>
<opset="res_48/3 "/>
</bind>
</comp>

<comp id="539" class="1004" name="res_49_fu_539">
<pin_list>
<pin id="540" dir="0" index="0" bw="752" slack="0"/>
<pin id="541" dir="1" index="1" bw="16" slack="1"/>
</pin_list>
<bind>
<opcode="extractvalue(56) " fcode="extractvalue"/>
<opset="res_49/3 "/>
</bind>
</comp>

<comp id="543" class="1004" name="res_50_fu_543">
<pin_list>
<pin id="544" dir="0" index="0" bw="752" slack="0"/>
<pin id="545" dir="1" index="1" bw="16" slack="1"/>
</pin_list>
<bind>
<opcode="extractvalue(56) " fcode="extractvalue"/>
<opset="res_50/3 "/>
</bind>
</comp>

<comp id="547" class="1004" name="res_51_fu_547">
<pin_list>
<pin id="548" dir="0" index="0" bw="752" slack="0"/>
<pin id="549" dir="1" index="1" bw="16" slack="1"/>
</pin_list>
<bind>
<opcode="extractvalue(56) " fcode="extractvalue"/>
<opset="res_51/3 "/>
</bind>
</comp>

<comp id="551" class="1004" name="res_52_fu_551">
<pin_list>
<pin id="552" dir="0" index="0" bw="752" slack="0"/>
<pin id="553" dir="1" index="1" bw="16" slack="1"/>
</pin_list>
<bind>
<opcode="extractvalue(56) " fcode="extractvalue"/>
<opset="res_52/3 "/>
</bind>
</comp>

<comp id="555" class="1004" name="res_53_fu_555">
<pin_list>
<pin id="556" dir="0" index="0" bw="752" slack="0"/>
<pin id="557" dir="1" index="1" bw="16" slack="1"/>
</pin_list>
<bind>
<opcode="extractvalue(56) " fcode="extractvalue"/>
<opset="res_53/3 "/>
</bind>
</comp>

<comp id="559" class="1004" name="res_54_fu_559">
<pin_list>
<pin id="560" dir="0" index="0" bw="752" slack="0"/>
<pin id="561" dir="1" index="1" bw="16" slack="1"/>
</pin_list>
<bind>
<opcode="extractvalue(56) " fcode="extractvalue"/>
<opset="res_54/3 "/>
</bind>
</comp>

<comp id="563" class="1004" name="res_55_fu_563">
<pin_list>
<pin id="564" dir="0" index="0" bw="752" slack="0"/>
<pin id="565" dir="1" index="1" bw="16" slack="1"/>
</pin_list>
<bind>
<opcode="extractvalue(56) " fcode="extractvalue"/>
<opset="res_55/3 "/>
</bind>
</comp>

<comp id="567" class="1004" name="res_56_fu_567">
<pin_list>
<pin id="568" dir="0" index="0" bw="752" slack="0"/>
<pin id="569" dir="1" index="1" bw="16" slack="1"/>
</pin_list>
<bind>
<opcode="extractvalue(56) " fcode="extractvalue"/>
<opset="res_56/3 "/>
</bind>
</comp>

<comp id="571" class="1004" name="res_57_fu_571">
<pin_list>
<pin id="572" dir="0" index="0" bw="752" slack="0"/>
<pin id="573" dir="1" index="1" bw="16" slack="1"/>
</pin_list>
<bind>
<opcode="extractvalue(56) " fcode="extractvalue"/>
<opset="res_57/3 "/>
</bind>
</comp>

<comp id="575" class="1004" name="res_58_fu_575">
<pin_list>
<pin id="576" dir="0" index="0" bw="752" slack="0"/>
<pin id="577" dir="1" index="1" bw="16" slack="1"/>
</pin_list>
<bind>
<opcode="extractvalue(56) " fcode="extractvalue"/>
<opset="res_58/3 "/>
</bind>
</comp>

<comp id="579" class="1004" name="res_59_fu_579">
<pin_list>
<pin id="580" dir="0" index="0" bw="752" slack="0"/>
<pin id="581" dir="1" index="1" bw="16" slack="1"/>
</pin_list>
<bind>
<opcode="extractvalue(56) " fcode="extractvalue"/>
<opset="res_59/3 "/>
</bind>
</comp>

<comp id="583" class="1004" name="res_60_fu_583">
<pin_list>
<pin id="584" dir="0" index="0" bw="752" slack="0"/>
<pin id="585" dir="1" index="1" bw="16" slack="1"/>
</pin_list>
<bind>
<opcode="extractvalue(56) " fcode="extractvalue"/>
<opset="res_60/3 "/>
</bind>
</comp>

<comp id="587" class="1004" name="p_s_fu_587">
<pin_list>
<pin id="588" dir="0" index="0" bw="752" slack="0"/>
<pin id="589" dir="0" index="1" bw="16" slack="1"/>
<pin id="590" dir="0" index="2" bw="16" slack="1"/>
<pin id="591" dir="0" index="3" bw="16" slack="1"/>
<pin id="592" dir="0" index="4" bw="16" slack="1"/>
<pin id="593" dir="0" index="5" bw="16" slack="1"/>
<pin id="594" dir="0" index="6" bw="16" slack="1"/>
<pin id="595" dir="0" index="7" bw="16" slack="1"/>
<pin id="596" dir="0" index="8" bw="16" slack="1"/>
<pin id="597" dir="0" index="9" bw="16" slack="1"/>
<pin id="598" dir="0" index="10" bw="16" slack="1"/>
<pin id="599" dir="0" index="11" bw="16" slack="1"/>
<pin id="600" dir="0" index="12" bw="16" slack="1"/>
<pin id="601" dir="0" index="13" bw="16" slack="1"/>
<pin id="602" dir="0" index="14" bw="16" slack="1"/>
<pin id="603" dir="0" index="15" bw="16" slack="1"/>
<pin id="604" dir="0" index="16" bw="16" slack="1"/>
<pin id="605" dir="0" index="17" bw="16" slack="1"/>
<pin id="606" dir="0" index="18" bw="16" slack="1"/>
<pin id="607" dir="0" index="19" bw="16" slack="1"/>
<pin id="608" dir="0" index="20" bw="16" slack="1"/>
<pin id="609" dir="0" index="21" bw="16" slack="1"/>
<pin id="610" dir="0" index="22" bw="16" slack="1"/>
<pin id="611" dir="0" index="23" bw="16" slack="1"/>
<pin id="612" dir="0" index="24" bw="16" slack="1"/>
<pin id="613" dir="0" index="25" bw="16" slack="1"/>
<pin id="614" dir="0" index="26" bw="16" slack="1"/>
<pin id="615" dir="0" index="27" bw="16" slack="1"/>
<pin id="616" dir="0" index="28" bw="16" slack="1"/>
<pin id="617" dir="0" index="29" bw="16" slack="1"/>
<pin id="618" dir="0" index="30" bw="16" slack="1"/>
<pin id="619" dir="0" index="31" bw="16" slack="1"/>
<pin id="620" dir="0" index="32" bw="16" slack="1"/>
<pin id="621" dir="0" index="33" bw="16" slack="1"/>
<pin id="622" dir="0" index="34" bw="16" slack="1"/>
<pin id="623" dir="0" index="35" bw="16" slack="1"/>
<pin id="624" dir="0" index="36" bw="16" slack="1"/>
<pin id="625" dir="0" index="37" bw="16" slack="1"/>
<pin id="626" dir="0" index="38" bw="16" slack="1"/>
<pin id="627" dir="0" index="39" bw="16" slack="1"/>
<pin id="628" dir="0" index="40" bw="16" slack="1"/>
<pin id="629" dir="0" index="41" bw="16" slack="1"/>
<pin id="630" dir="0" index="42" bw="16" slack="1"/>
<pin id="631" dir="0" index="43" bw="16" slack="1"/>
<pin id="632" dir="0" index="44" bw="16" slack="1"/>
<pin id="633" dir="0" index="45" bw="16" slack="1"/>
<pin id="634" dir="0" index="46" bw="16" slack="1"/>
<pin id="635" dir="0" index="47" bw="16" slack="1"/>
<pin id="636" dir="1" index="48" bw="752" slack="0"/>
</pin_list>
<bind>
<opcode="bitconcatenate(1004) " fcode="bitconcatenate"/>
<opset="p_s/4 "/>
</bind>
</comp>

<comp id="639" class="1005" name="data_reg_639">
<pin_list>
<pin id="640" dir="0" index="0" bw="16" slack="1"/>
<pin id="641" dir="1" index="1" bw="16" slack="1"/>
</pin_list>
<bind>
<opset="data "/>
</bind>
</comp>

<comp id="644" class="1005" name="data_23_reg_644">
<pin_list>
<pin id="645" dir="0" index="0" bw="16" slack="1"/>
<pin id="646" dir="1" index="1" bw="16" slack="1"/>
</pin_list>
<bind>
<opset="data_23 "/>
</bind>
</comp>

<comp id="649" class="1005" name="data_1_reg_649">
<pin_list>
<pin id="650" dir="0" index="0" bw="16" slack="1"/>
<pin id="651" dir="1" index="1" bw="16" slack="1"/>
</pin_list>
<bind>
<opset="data_1 "/>
</bind>
</comp>

<comp id="654" class="1005" name="data_2_reg_654">
<pin_list>
<pin id="655" dir="0" index="0" bw="16" slack="1"/>
<pin id="656" dir="1" index="1" bw="16" slack="1"/>
</pin_list>
<bind>
<opset="data_2 "/>
</bind>
</comp>

<comp id="659" class="1005" name="data_3_reg_659">
<pin_list>
<pin id="660" dir="0" index="0" bw="16" slack="1"/>
<pin id="661" dir="1" index="1" bw="16" slack="1"/>
</pin_list>
<bind>
<opset="data_3 "/>
</bind>
</comp>

<comp id="664" class="1005" name="data_4_reg_664">
<pin_list>
<pin id="665" dir="0" index="0" bw="16" slack="1"/>
<pin id="666" dir="1" index="1" bw="16" slack="1"/>
</pin_list>
<bind>
<opset="data_4 "/>
</bind>
</comp>

<comp id="669" class="1005" name="data_5_reg_669">
<pin_list>
<pin id="670" dir="0" index="0" bw="16" slack="1"/>
<pin id="671" dir="1" index="1" bw="16" slack="1"/>
</pin_list>
<bind>
<opset="data_5 "/>
</bind>
</comp>

<comp id="674" class="1005" name="data_6_reg_674">
<pin_list>
<pin id="675" dir="0" index="0" bw="16" slack="1"/>
<pin id="676" dir="1" index="1" bw="16" slack="1"/>
</pin_list>
<bind>
<opset="data_6 "/>
</bind>
</comp>

<comp id="679" class="1005" name="data_7_reg_679">
<pin_list>
<pin id="680" dir="0" index="0" bw="16" slack="1"/>
<pin id="681" dir="1" index="1" bw="16" slack="1"/>
</pin_list>
<bind>
<opset="data_7 "/>
</bind>
</comp>

<comp id="684" class="1005" name="data_8_reg_684">
<pin_list>
<pin id="685" dir="0" index="0" bw="16" slack="1"/>
<pin id="686" dir="1" index="1" bw="16" slack="1"/>
</pin_list>
<bind>
<opset="data_8 "/>
</bind>
</comp>

<comp id="689" class="1005" name="data_9_reg_689">
<pin_list>
<pin id="690" dir="0" index="0" bw="16" slack="1"/>
<pin id="691" dir="1" index="1" bw="16" slack="1"/>
</pin_list>
<bind>
<opset="data_9 "/>
</bind>
</comp>

<comp id="694" class="1005" name="data_10_reg_694">
<pin_list>
<pin id="695" dir="0" index="0" bw="16" slack="1"/>
<pin id="696" dir="1" index="1" bw="16" slack="1"/>
</pin_list>
<bind>
<opset="data_10 "/>
</bind>
</comp>

<comp id="699" class="1005" name="data_11_reg_699">
<pin_list>
<pin id="700" dir="0" index="0" bw="16" slack="1"/>
<pin id="701" dir="1" index="1" bw="16" slack="1"/>
</pin_list>
<bind>
<opset="data_11 "/>
</bind>
</comp>

<comp id="704" class="1005" name="data_12_reg_704">
<pin_list>
<pin id="705" dir="0" index="0" bw="16" slack="1"/>
<pin id="706" dir="1" index="1" bw="16" slack="1"/>
</pin_list>
<bind>
<opset="data_12 "/>
</bind>
</comp>

<comp id="709" class="1005" name="data_13_reg_709">
<pin_list>
<pin id="710" dir="0" index="0" bw="16" slack="1"/>
<pin id="711" dir="1" index="1" bw="16" slack="1"/>
</pin_list>
<bind>
<opset="data_13 "/>
</bind>
</comp>

<comp id="714" class="1005" name="data_14_reg_714">
<pin_list>
<pin id="715" dir="0" index="0" bw="16" slack="1"/>
<pin id="716" dir="1" index="1" bw="16" slack="1"/>
</pin_list>
<bind>
<opset="data_14 "/>
</bind>
</comp>

<comp id="719" class="1005" name="data_15_reg_719">
<pin_list>
<pin id="720" dir="0" index="0" bw="16" slack="1"/>
<pin id="721" dir="1" index="1" bw="16" slack="1"/>
</pin_list>
<bind>
<opset="data_15 "/>
</bind>
</comp>

<comp id="724" class="1005" name="data_16_reg_724">
<pin_list>
<pin id="725" dir="0" index="0" bw="16" slack="1"/>
<pin id="726" dir="1" index="1" bw="16" slack="1"/>
</pin_list>
<bind>
<opset="data_16 "/>
</bind>
</comp>

<comp id="729" class="1005" name="data_17_reg_729">
<pin_list>
<pin id="730" dir="0" index="0" bw="16" slack="1"/>
<pin id="731" dir="1" index="1" bw="16" slack="1"/>
</pin_list>
<bind>
<opset="data_17 "/>
</bind>
</comp>

<comp id="734" class="1005" name="data_18_reg_734">
<pin_list>
<pin id="735" dir="0" index="0" bw="16" slack="1"/>
<pin id="736" dir="1" index="1" bw="16" slack="1"/>
</pin_list>
<bind>
<opset="data_18 "/>
</bind>
</comp>

<comp id="739" class="1005" name="data_19_reg_739">
<pin_list>
<pin id="740" dir="0" index="0" bw="16" slack="1"/>
<pin id="741" dir="1" index="1" bw="16" slack="1"/>
</pin_list>
<bind>
<opset="data_19 "/>
</bind>
</comp>

<comp id="744" class="1005" name="data_20_reg_744">
<pin_list>
<pin id="745" dir="0" index="0" bw="16" slack="1"/>
<pin id="746" dir="1" index="1" bw="16" slack="1"/>
</pin_list>
<bind>
<opset="data_20 "/>
</bind>
</comp>

<comp id="749" class="1005" name="data_21_reg_749">
<pin_list>
<pin id="750" dir="0" index="0" bw="16" slack="1"/>
<pin id="751" dir="1" index="1" bw="16" slack="1"/>
</pin_list>
<bind>
<opset="data_21 "/>
</bind>
</comp>

<comp id="754" class="1005" name="data_22_reg_754">
<pin_list>
<pin id="755" dir="0" index="0" bw="16" slack="1"/>
<pin id="756" dir="1" index="1" bw="16" slack="1"/>
</pin_list>
<bind>
<opset="data_22 "/>
</bind>
</comp>

<comp id="759" class="1005" name="res_reg_759">
<pin_list>
<pin id="760" dir="0" index="0" bw="16" slack="1"/>
<pin id="761" dir="1" index="1" bw="16" slack="1"/>
</pin_list>
<bind>
<opset="res "/>
</bind>
</comp>

<comp id="764" class="1005" name="res_1_reg_764">
<pin_list>
<pin id="765" dir="0" index="0" bw="16" slack="1"/>
<pin id="766" dir="1" index="1" bw="16" slack="1"/>
</pin_list>
<bind>
<opset="res_1 "/>
</bind>
</comp>

<comp id="769" class="1005" name="res_2_reg_769">
<pin_list>
<pin id="770" dir="0" index="0" bw="16" slack="1"/>
<pin id="771" dir="1" index="1" bw="16" slack="1"/>
</pin_list>
<bind>
<opset="res_2 "/>
</bind>
</comp>

<comp id="774" class="1005" name="res_3_reg_774">
<pin_list>
<pin id="775" dir="0" index="0" bw="16" slack="1"/>
<pin id="776" dir="1" index="1" bw="16" slack="1"/>
</pin_list>
<bind>
<opset="res_3 "/>
</bind>
</comp>

<comp id="779" class="1005" name="res_4_reg_779">
<pin_list>
<pin id="780" dir="0" index="0" bw="16" slack="1"/>
<pin id="781" dir="1" index="1" bw="16" slack="1"/>
</pin_list>
<bind>
<opset="res_4 "/>
</bind>
</comp>

<comp id="784" class="1005" name="res_5_reg_784">
<pin_list>
<pin id="785" dir="0" index="0" bw="16" slack="1"/>
<pin id="786" dir="1" index="1" bw="16" slack="1"/>
</pin_list>
<bind>
<opset="res_5 "/>
</bind>
</comp>

<comp id="789" class="1005" name="res_6_reg_789">
<pin_list>
<pin id="790" dir="0" index="0" bw="16" slack="1"/>
<pin id="791" dir="1" index="1" bw="16" slack="1"/>
</pin_list>
<bind>
<opset="res_6 "/>
</bind>
</comp>

<comp id="794" class="1005" name="res_7_reg_794">
<pin_list>
<pin id="795" dir="0" index="0" bw="16" slack="1"/>
<pin id="796" dir="1" index="1" bw="16" slack="1"/>
</pin_list>
<bind>
<opset="res_7 "/>
</bind>
</comp>

<comp id="799" class="1005" name="res_8_reg_799">
<pin_list>
<pin id="800" dir="0" index="0" bw="16" slack="1"/>
<pin id="801" dir="1" index="1" bw="16" slack="1"/>
</pin_list>
<bind>
<opset="res_8 "/>
</bind>
</comp>

<comp id="804" class="1005" name="res_9_reg_804">
<pin_list>
<pin id="805" dir="0" index="0" bw="16" slack="1"/>
<pin id="806" dir="1" index="1" bw="16" slack="1"/>
</pin_list>
<bind>
<opset="res_9 "/>
</bind>
</comp>

<comp id="809" class="1005" name="res_24_reg_809">
<pin_list>
<pin id="810" dir="0" index="0" bw="16" slack="1"/>
<pin id="811" dir="1" index="1" bw="16" slack="1"/>
</pin_list>
<bind>
<opset="res_24 "/>
</bind>
</comp>

<comp id="814" class="1005" name="res_25_reg_814">
<pin_list>
<pin id="815" dir="0" index="0" bw="16" slack="1"/>
<pin id="816" dir="1" index="1" bw="16" slack="1"/>
</pin_list>
<bind>
<opset="res_25 "/>
</bind>
</comp>

<comp id="819" class="1005" name="res_26_reg_819">
<pin_list>
<pin id="820" dir="0" index="0" bw="16" slack="1"/>
<pin id="821" dir="1" index="1" bw="16" slack="1"/>
</pin_list>
<bind>
<opset="res_26 "/>
</bind>
</comp>

<comp id="824" class="1005" name="res_27_reg_824">
<pin_list>
<pin id="825" dir="0" index="0" bw="16" slack="1"/>
<pin id="826" dir="1" index="1" bw="16" slack="1"/>
</pin_list>
<bind>
<opset="res_27 "/>
</bind>
</comp>

<comp id="829" class="1005" name="res_28_reg_829">
<pin_list>
<pin id="830" dir="0" index="0" bw="16" slack="1"/>
<pin id="831" dir="1" index="1" bw="16" slack="1"/>
</pin_list>
<bind>
<opset="res_28 "/>
</bind>
</comp>

<comp id="834" class="1005" name="res_29_reg_834">
<pin_list>
<pin id="835" dir="0" index="0" bw="16" slack="1"/>
<pin id="836" dir="1" index="1" bw="16" slack="1"/>
</pin_list>
<bind>
<opset="res_29 "/>
</bind>
</comp>

<comp id="839" class="1005" name="res_30_reg_839">
<pin_list>
<pin id="840" dir="0" index="0" bw="16" slack="1"/>
<pin id="841" dir="1" index="1" bw="16" slack="1"/>
</pin_list>
<bind>
<opset="res_30 "/>
</bind>
</comp>

<comp id="844" class="1005" name="res_31_reg_844">
<pin_list>
<pin id="845" dir="0" index="0" bw="16" slack="1"/>
<pin id="846" dir="1" index="1" bw="16" slack="1"/>
</pin_list>
<bind>
<opset="res_31 "/>
</bind>
</comp>

<comp id="849" class="1005" name="res_32_reg_849">
<pin_list>
<pin id="850" dir="0" index="0" bw="16" slack="1"/>
<pin id="851" dir="1" index="1" bw="16" slack="1"/>
</pin_list>
<bind>
<opset="res_32 "/>
</bind>
</comp>

<comp id="854" class="1005" name="res_33_reg_854">
<pin_list>
<pin id="855" dir="0" index="0" bw="16" slack="1"/>
<pin id="856" dir="1" index="1" bw="16" slack="1"/>
</pin_list>
<bind>
<opset="res_33 "/>
</bind>
</comp>

<comp id="859" class="1005" name="res_34_reg_859">
<pin_list>
<pin id="860" dir="0" index="0" bw="16" slack="1"/>
<pin id="861" dir="1" index="1" bw="16" slack="1"/>
</pin_list>
<bind>
<opset="res_34 "/>
</bind>
</comp>

<comp id="864" class="1005" name="res_35_reg_864">
<pin_list>
<pin id="865" dir="0" index="0" bw="16" slack="1"/>
<pin id="866" dir="1" index="1" bw="16" slack="1"/>
</pin_list>
<bind>
<opset="res_35 "/>
</bind>
</comp>

<comp id="869" class="1005" name="res_36_reg_869">
<pin_list>
<pin id="870" dir="0" index="0" bw="16" slack="1"/>
<pin id="871" dir="1" index="1" bw="16" slack="1"/>
</pin_list>
<bind>
<opset="res_36 "/>
</bind>
</comp>

<comp id="874" class="1005" name="res_37_reg_874">
<pin_list>
<pin id="875" dir="0" index="0" bw="16" slack="1"/>
<pin id="876" dir="1" index="1" bw="16" slack="1"/>
</pin_list>
<bind>
<opset="res_37 "/>
</bind>
</comp>

<comp id="879" class="1005" name="res_38_reg_879">
<pin_list>
<pin id="880" dir="0" index="0" bw="16" slack="1"/>
<pin id="881" dir="1" index="1" bw="16" slack="1"/>
</pin_list>
<bind>
<opset="res_38 "/>
</bind>
</comp>

<comp id="884" class="1005" name="res_39_reg_884">
<pin_list>
<pin id="885" dir="0" index="0" bw="16" slack="1"/>
<pin id="886" dir="1" index="1" bw="16" slack="1"/>
</pin_list>
<bind>
<opset="res_39 "/>
</bind>
</comp>

<comp id="889" class="1005" name="res_40_reg_889">
<pin_list>
<pin id="890" dir="0" index="0" bw="16" slack="1"/>
<pin id="891" dir="1" index="1" bw="16" slack="1"/>
</pin_list>
<bind>
<opset="res_40 "/>
</bind>
</comp>

<comp id="894" class="1005" name="res_41_reg_894">
<pin_list>
<pin id="895" dir="0" index="0" bw="16" slack="1"/>
<pin id="896" dir="1" index="1" bw="16" slack="1"/>
</pin_list>
<bind>
<opset="res_41 "/>
</bind>
</comp>

<comp id="899" class="1005" name="res_42_reg_899">
<pin_list>
<pin id="900" dir="0" index="0" bw="16" slack="1"/>
<pin id="901" dir="1" index="1" bw="16" slack="1"/>
</pin_list>
<bind>
<opset="res_42 "/>
</bind>
</comp>

<comp id="904" class="1005" name="res_43_reg_904">
<pin_list>
<pin id="905" dir="0" index="0" bw="16" slack="1"/>
<pin id="906" dir="1" index="1" bw="16" slack="1"/>
</pin_list>
<bind>
<opset="res_43 "/>
</bind>
</comp>

<comp id="909" class="1005" name="res_44_reg_909">
<pin_list>
<pin id="910" dir="0" index="0" bw="16" slack="1"/>
<pin id="911" dir="1" index="1" bw="16" slack="1"/>
</pin_list>
<bind>
<opset="res_44 "/>
</bind>
</comp>

<comp id="914" class="1005" name="res_45_reg_914">
<pin_list>
<pin id="915" dir="0" index="0" bw="16" slack="1"/>
<pin id="916" dir="1" index="1" bw="16" slack="1"/>
</pin_list>
<bind>
<opset="res_45 "/>
</bind>
</comp>

<comp id="919" class="1005" name="res_46_reg_919">
<pin_list>
<pin id="920" dir="0" index="0" bw="16" slack="1"/>
<pin id="921" dir="1" index="1" bw="16" slack="1"/>
</pin_list>
<bind>
<opset="res_46 "/>
</bind>
</comp>

<comp id="924" class="1005" name="res_47_reg_924">
<pin_list>
<pin id="925" dir="0" index="0" bw="16" slack="1"/>
<pin id="926" dir="1" index="1" bw="16" slack="1"/>
</pin_list>
<bind>
<opset="res_47 "/>
</bind>
</comp>

<comp id="929" class="1005" name="res_48_reg_929">
<pin_list>
<pin id="930" dir="0" index="0" bw="16" slack="1"/>
<pin id="931" dir="1" index="1" bw="16" slack="1"/>
</pin_list>
<bind>
<opset="res_48 "/>
</bind>
</comp>

<comp id="934" class="1005" name="res_49_reg_934">
<pin_list>
<pin id="935" dir="0" index="0" bw="16" slack="1"/>
<pin id="936" dir="1" index="1" bw="16" slack="1"/>
</pin_list>
<bind>
<opset="res_49 "/>
</bind>
</comp>

<comp id="939" class="1005" name="res_50_reg_939">
<pin_list>
<pin id="940" dir="0" index="0" bw="16" slack="1"/>
<pin id="941" dir="1" index="1" bw="16" slack="1"/>
</pin_list>
<bind>
<opset="res_50 "/>
</bind>
</comp>

<comp id="944" class="1005" name="res_51_reg_944">
<pin_list>
<pin id="945" dir="0" index="0" bw="16" slack="1"/>
<pin id="946" dir="1" index="1" bw="16" slack="1"/>
</pin_list>
<bind>
<opset="res_51 "/>
</bind>
</comp>

<comp id="949" class="1005" name="res_52_reg_949">
<pin_list>
<pin id="950" dir="0" index="0" bw="16" slack="1"/>
<pin id="951" dir="1" index="1" bw="16" slack="1"/>
</pin_list>
<bind>
<opset="res_52 "/>
</bind>
</comp>

<comp id="954" class="1005" name="res_53_reg_954">
<pin_list>
<pin id="955" dir="0" index="0" bw="16" slack="1"/>
<pin id="956" dir="1" index="1" bw="16" slack="1"/>
</pin_list>
<bind>
<opset="res_53 "/>
</bind>
</comp>

<comp id="959" class="1005" name="res_54_reg_959">
<pin_list>
<pin id="960" dir="0" index="0" bw="16" slack="1"/>
<pin id="961" dir="1" index="1" bw="16" slack="1"/>
</pin_list>
<bind>
<opset="res_54 "/>
</bind>
</comp>

<comp id="964" class="1005" name="res_55_reg_964">
<pin_list>
<pin id="965" dir="0" index="0" bw="16" slack="1"/>
<pin id="966" dir="1" index="1" bw="16" slack="1"/>
</pin_list>
<bind>
<opset="res_55 "/>
</bind>
</comp>

<comp id="969" class="1005" name="res_56_reg_969">
<pin_list>
<pin id="970" dir="0" index="0" bw="16" slack="1"/>
<pin id="971" dir="1" index="1" bw="16" slack="1"/>
</pin_list>
<bind>
<opset="res_56 "/>
</bind>
</comp>

<comp id="974" class="1005" name="res_57_reg_974">
<pin_list>
<pin id="975" dir="0" index="0" bw="16" slack="1"/>
<pin id="976" dir="1" index="1" bw="16" slack="1"/>
</pin_list>
<bind>
<opset="res_57 "/>
</bind>
</comp>

<comp id="979" class="1005" name="res_58_reg_979">
<pin_list>
<pin id="980" dir="0" index="0" bw="16" slack="1"/>
<pin id="981" dir="1" index="1" bw="16" slack="1"/>
</pin_list>
<bind>
<opset="res_58 "/>
</bind>
</comp>

<comp id="984" class="1005" name="res_59_reg_984">
<pin_list>
<pin id="985" dir="0" index="0" bw="16" slack="1"/>
<pin id="986" dir="1" index="1" bw="16" slack="1"/>
</pin_list>
<bind>
<opset="res_59 "/>
</bind>
</comp>

<comp id="989" class="1005" name="res_60_reg_989">
<pin_list>
<pin id="990" dir="0" index="0" bw="16" slack="1"/>
<pin id="991" dir="1" index="1" bw="16" slack="1"/>
</pin_list>
<bind>
<opset="res_60 "/>
</bind>
</comp>

</comp_list>

<net_list>
<net id="124"><net_src comp="8" pin="0"/><net_sink comp="120" pin=0"/></net>

<net id="125"><net_src comp="0" pin="0"/><net_sink comp="120" pin=1"/></net>

<net id="131"><net_src comp="118" pin="0"/><net_sink comp="126" pin=0"/></net>

<net id="132"><net_src comp="2" pin="0"/><net_sink comp="126" pin=1"/></net>

<net id="162"><net_src comp="104" pin="0"/><net_sink comp="133" pin=0"/></net>

<net id="163"><net_src comp="4" pin="0"/><net_sink comp="133" pin=25"/></net>

<net id="164"><net_src comp="6" pin="0"/><net_sink comp="133" pin=26"/></net>

<net id="168"><net_src comp="120" pin="2"/><net_sink comp="165" pin=0"/></net>

<net id="175"><net_src comp="10" pin="0"/><net_sink comp="169" pin=0"/></net>

<net id="176"><net_src comp="120" pin="2"/><net_sink comp="169" pin=1"/></net>

<net id="177"><net_src comp="12" pin="0"/><net_sink comp="169" pin=2"/></net>

<net id="178"><net_src comp="14" pin="0"/><net_sink comp="169" pin=3"/></net>

<net id="185"><net_src comp="10" pin="0"/><net_sink comp="179" pin=0"/></net>

<net id="186"><net_src comp="120" pin="2"/><net_sink comp="179" pin=1"/></net>

<net id="187"><net_src comp="16" pin="0"/><net_sink comp="179" pin=2"/></net>

<net id="188"><net_src comp="18" pin="0"/><net_sink comp="179" pin=3"/></net>

<net id="195"><net_src comp="10" pin="0"/><net_sink comp="189" pin=0"/></net>

<net id="196"><net_src comp="120" pin="2"/><net_sink comp="189" pin=1"/></net>

<net id="197"><net_src comp="20" pin="0"/><net_sink comp="189" pin=2"/></net>

<net id="198"><net_src comp="22" pin="0"/><net_sink comp="189" pin=3"/></net>

<net id="205"><net_src comp="10" pin="0"/><net_sink comp="199" pin=0"/></net>

<net id="206"><net_src comp="120" pin="2"/><net_sink comp="199" pin=1"/></net>

<net id="207"><net_src comp="24" pin="0"/><net_sink comp="199" pin=2"/></net>

<net id="208"><net_src comp="26" pin="0"/><net_sink comp="199" pin=3"/></net>

<net id="215"><net_src comp="10" pin="0"/><net_sink comp="209" pin=0"/></net>

<net id="216"><net_src comp="120" pin="2"/><net_sink comp="209" pin=1"/></net>

<net id="217"><net_src comp="28" pin="0"/><net_sink comp="209" pin=2"/></net>

<net id="218"><net_src comp="30" pin="0"/><net_sink comp="209" pin=3"/></net>

<net id="225"><net_src comp="10" pin="0"/><net_sink comp="219" pin=0"/></net>

<net id="226"><net_src comp="120" pin="2"/><net_sink comp="219" pin=1"/></net>

<net id="227"><net_src comp="32" pin="0"/><net_sink comp="219" pin=2"/></net>

<net id="228"><net_src comp="34" pin="0"/><net_sink comp="219" pin=3"/></net>

<net id="235"><net_src comp="10" pin="0"/><net_sink comp="229" pin=0"/></net>

<net id="236"><net_src comp="120" pin="2"/><net_sink comp="229" pin=1"/></net>

<net id="237"><net_src comp="36" pin="0"/><net_sink comp="229" pin=2"/></net>

<net id="238"><net_src comp="38" pin="0"/><net_sink comp="229" pin=3"/></net>

<net id="245"><net_src comp="10" pin="0"/><net_sink comp="239" pin=0"/></net>

<net id="246"><net_src comp="120" pin="2"/><net_sink comp="239" pin=1"/></net>

<net id="247"><net_src comp="40" pin="0"/><net_sink comp="239" pin=2"/></net>

<net id="248"><net_src comp="42" pin="0"/><net_sink comp="239" pin=3"/></net>

<net id="255"><net_src comp="10" pin="0"/><net_sink comp="249" pin=0"/></net>

<net id="256"><net_src comp="120" pin="2"/><net_sink comp="249" pin=1"/></net>

<net id="257"><net_src comp="44" pin="0"/><net_sink comp="249" pin=2"/></net>

<net id="258"><net_src comp="46" pin="0"/><net_sink comp="249" pin=3"/></net>

<net id="265"><net_src comp="10" pin="0"/><net_sink comp="259" pin=0"/></net>

<net id="266"><net_src comp="120" pin="2"/><net_sink comp="259" pin=1"/></net>

<net id="267"><net_src comp="48" pin="0"/><net_sink comp="259" pin=2"/></net>

<net id="268"><net_src comp="50" pin="0"/><net_sink comp="259" pin=3"/></net>

<net id="275"><net_src comp="10" pin="0"/><net_sink comp="269" pin=0"/></net>

<net id="276"><net_src comp="120" pin="2"/><net_sink comp="269" pin=1"/></net>

<net id="277"><net_src comp="52" pin="0"/><net_sink comp="269" pin=2"/></net>

<net id="278"><net_src comp="54" pin="0"/><net_sink comp="269" pin=3"/></net>

<net id="285"><net_src comp="10" pin="0"/><net_sink comp="279" pin=0"/></net>

<net id="286"><net_src comp="120" pin="2"/><net_sink comp="279" pin=1"/></net>

<net id="287"><net_src comp="56" pin="0"/><net_sink comp="279" pin=2"/></net>

<net id="288"><net_src comp="58" pin="0"/><net_sink comp="279" pin=3"/></net>

<net id="295"><net_src comp="10" pin="0"/><net_sink comp="289" pin=0"/></net>

<net id="296"><net_src comp="120" pin="2"/><net_sink comp="289" pin=1"/></net>

<net id="297"><net_src comp="60" pin="0"/><net_sink comp="289" pin=2"/></net>

<net id="298"><net_src comp="62" pin="0"/><net_sink comp="289" pin=3"/></net>

<net id="305"><net_src comp="10" pin="0"/><net_sink comp="299" pin=0"/></net>

<net id="306"><net_src comp="120" pin="2"/><net_sink comp="299" pin=1"/></net>

<net id="307"><net_src comp="64" pin="0"/><net_sink comp="299" pin=2"/></net>

<net id="308"><net_src comp="66" pin="0"/><net_sink comp="299" pin=3"/></net>

<net id="315"><net_src comp="10" pin="0"/><net_sink comp="309" pin=0"/></net>

<net id="316"><net_src comp="120" pin="2"/><net_sink comp="309" pin=1"/></net>

<net id="317"><net_src comp="68" pin="0"/><net_sink comp="309" pin=2"/></net>

<net id="318"><net_src comp="70" pin="0"/><net_sink comp="309" pin=3"/></net>

<net id="325"><net_src comp="10" pin="0"/><net_sink comp="319" pin=0"/></net>

<net id="326"><net_src comp="120" pin="2"/><net_sink comp="319" pin=1"/></net>

<net id="327"><net_src comp="72" pin="0"/><net_sink comp="319" pin=2"/></net>

<net id="328"><net_src comp="74" pin="0"/><net_sink comp="319" pin=3"/></net>

<net id="335"><net_src comp="10" pin="0"/><net_sink comp="329" pin=0"/></net>

<net id="336"><net_src comp="120" pin="2"/><net_sink comp="329" pin=1"/></net>

<net id="337"><net_src comp="76" pin="0"/><net_sink comp="329" pin=2"/></net>

<net id="338"><net_src comp="78" pin="0"/><net_sink comp="329" pin=3"/></net>

<net id="345"><net_src comp="10" pin="0"/><net_sink comp="339" pin=0"/></net>

<net id="346"><net_src comp="120" pin="2"/><net_sink comp="339" pin=1"/></net>

<net id="347"><net_src comp="80" pin="0"/><net_sink comp="339" pin=2"/></net>

<net id="348"><net_src comp="82" pin="0"/><net_sink comp="339" pin=3"/></net>

<net id="355"><net_src comp="10" pin="0"/><net_sink comp="349" pin=0"/></net>

<net id="356"><net_src comp="120" pin="2"/><net_sink comp="349" pin=1"/></net>

<net id="357"><net_src comp="84" pin="0"/><net_sink comp="349" pin=2"/></net>

<net id="358"><net_src comp="86" pin="0"/><net_sink comp="349" pin=3"/></net>

<net id="365"><net_src comp="10" pin="0"/><net_sink comp="359" pin=0"/></net>

<net id="366"><net_src comp="120" pin="2"/><net_sink comp="359" pin=1"/></net>

<net id="367"><net_src comp="88" pin="0"/><net_sink comp="359" pin=2"/></net>

<net id="368"><net_src comp="90" pin="0"/><net_sink comp="359" pin=3"/></net>

<net id="375"><net_src comp="10" pin="0"/><net_sink comp="369" pin=0"/></net>

<net id="376"><net_src comp="120" pin="2"/><net_sink comp="369" pin=1"/></net>

<net id="377"><net_src comp="92" pin="0"/><net_sink comp="369" pin=2"/></net>

<net id="378"><net_src comp="94" pin="0"/><net_sink comp="369" pin=3"/></net>

<net id="385"><net_src comp="10" pin="0"/><net_sink comp="379" pin=0"/></net>

<net id="386"><net_src comp="120" pin="2"/><net_sink comp="379" pin=1"/></net>

<net id="387"><net_src comp="96" pin="0"/><net_sink comp="379" pin=2"/></net>

<net id="388"><net_src comp="98" pin="0"/><net_sink comp="379" pin=3"/></net>

<net id="395"><net_src comp="10" pin="0"/><net_sink comp="389" pin=0"/></net>

<net id="396"><net_src comp="120" pin="2"/><net_sink comp="389" pin=1"/></net>

<net id="397"><net_src comp="100" pin="0"/><net_sink comp="389" pin=2"/></net>

<net id="398"><net_src comp="102" pin="0"/><net_sink comp="389" pin=3"/></net>

<net id="402"><net_src comp="133" pin="27"/><net_sink comp="399" pin=0"/></net>

<net id="406"><net_src comp="133" pin="27"/><net_sink comp="403" pin=0"/></net>

<net id="410"><net_src comp="133" pin="27"/><net_sink comp="407" pin=0"/></net>

<net id="414"><net_src comp="133" pin="27"/><net_sink comp="411" pin=0"/></net>

<net id="418"><net_src comp="133" pin="27"/><net_sink comp="415" pin=0"/></net>

<net id="422"><net_src comp="133" pin="27"/><net_sink comp="419" pin=0"/></net>

<net id="426"><net_src comp="133" pin="27"/><net_sink comp="423" pin=0"/></net>

<net id="430"><net_src comp="133" pin="27"/><net_sink comp="427" pin=0"/></net>

<net id="434"><net_src comp="133" pin="27"/><net_sink comp="431" pin=0"/></net>

<net id="438"><net_src comp="133" pin="27"/><net_sink comp="435" pin=0"/></net>

<net id="442"><net_src comp="133" pin="27"/><net_sink comp="439" pin=0"/></net>

<net id="446"><net_src comp="133" pin="27"/><net_sink comp="443" pin=0"/></net>

<net id="450"><net_src comp="133" pin="27"/><net_sink comp="447" pin=0"/></net>

<net id="454"><net_src comp="133" pin="27"/><net_sink comp="451" pin=0"/></net>

<net id="458"><net_src comp="133" pin="27"/><net_sink comp="455" pin=0"/></net>

<net id="462"><net_src comp="133" pin="27"/><net_sink comp="459" pin=0"/></net>

<net id="466"><net_src comp="133" pin="27"/><net_sink comp="463" pin=0"/></net>

<net id="470"><net_src comp="133" pin="27"/><net_sink comp="467" pin=0"/></net>

<net id="474"><net_src comp="133" pin="27"/><net_sink comp="471" pin=0"/></net>

<net id="478"><net_src comp="133" pin="27"/><net_sink comp="475" pin=0"/></net>

<net id="482"><net_src comp="133" pin="27"/><net_sink comp="479" pin=0"/></net>

<net id="486"><net_src comp="133" pin="27"/><net_sink comp="483" pin=0"/></net>

<net id="490"><net_src comp="133" pin="27"/><net_sink comp="487" pin=0"/></net>

<net id="494"><net_src comp="133" pin="27"/><net_sink comp="491" pin=0"/></net>

<net id="498"><net_src comp="133" pin="27"/><net_sink comp="495" pin=0"/></net>

<net id="502"><net_src comp="133" pin="27"/><net_sink comp="499" pin=0"/></net>

<net id="506"><net_src comp="133" pin="27"/><net_sink comp="503" pin=0"/></net>

<net id="510"><net_src comp="133" pin="27"/><net_sink comp="507" pin=0"/></net>

<net id="514"><net_src comp="133" pin="27"/><net_sink comp="511" pin=0"/></net>

<net id="518"><net_src comp="133" pin="27"/><net_sink comp="515" pin=0"/></net>

<net id="522"><net_src comp="133" pin="27"/><net_sink comp="519" pin=0"/></net>

<net id="526"><net_src comp="133" pin="27"/><net_sink comp="523" pin=0"/></net>

<net id="530"><net_src comp="133" pin="27"/><net_sink comp="527" pin=0"/></net>

<net id="534"><net_src comp="133" pin="27"/><net_sink comp="531" pin=0"/></net>

<net id="538"><net_src comp="133" pin="27"/><net_sink comp="535" pin=0"/></net>

<net id="542"><net_src comp="133" pin="27"/><net_sink comp="539" pin=0"/></net>

<net id="546"><net_src comp="133" pin="27"/><net_sink comp="543" pin=0"/></net>

<net id="550"><net_src comp="133" pin="27"/><net_sink comp="547" pin=0"/></net>

<net id="554"><net_src comp="133" pin="27"/><net_sink comp="551" pin=0"/></net>

<net id="558"><net_src comp="133" pin="27"/><net_sink comp="555" pin=0"/></net>

<net id="562"><net_src comp="133" pin="27"/><net_sink comp="559" pin=0"/></net>

<net id="566"><net_src comp="133" pin="27"/><net_sink comp="563" pin=0"/></net>

<net id="570"><net_src comp="133" pin="27"/><net_sink comp="567" pin=0"/></net>

<net id="574"><net_src comp="133" pin="27"/><net_sink comp="571" pin=0"/></net>

<net id="578"><net_src comp="133" pin="27"/><net_sink comp="575" pin=0"/></net>

<net id="582"><net_src comp="133" pin="27"/><net_sink comp="579" pin=0"/></net>

<net id="586"><net_src comp="133" pin="27"/><net_sink comp="583" pin=0"/></net>

<net id="637"><net_src comp="116" pin="0"/><net_sink comp="587" pin=0"/></net>

<net id="638"><net_src comp="587" pin="48"/><net_sink comp="126" pin=2"/></net>

<net id="642"><net_src comp="165" pin="1"/><net_sink comp="639" pin=0"/></net>

<net id="643"><net_src comp="639" pin="1"/><net_sink comp="133" pin=1"/></net>

<net id="647"><net_src comp="169" pin="4"/><net_sink comp="644" pin=0"/></net>

<net id="648"><net_src comp="644" pin="1"/><net_sink comp="133" pin=2"/></net>

<net id="652"><net_src comp="179" pin="4"/><net_sink comp="649" pin=0"/></net>

<net id="653"><net_src comp="649" pin="1"/><net_sink comp="133" pin=3"/></net>

<net id="657"><net_src comp="189" pin="4"/><net_sink comp="654" pin=0"/></net>

<net id="658"><net_src comp="654" pin="1"/><net_sink comp="133" pin=4"/></net>

<net id="662"><net_src comp="199" pin="4"/><net_sink comp="659" pin=0"/></net>

<net id="663"><net_src comp="659" pin="1"/><net_sink comp="133" pin=5"/></net>

<net id="667"><net_src comp="209" pin="4"/><net_sink comp="664" pin=0"/></net>

<net id="668"><net_src comp="664" pin="1"/><net_sink comp="133" pin=6"/></net>

<net id="672"><net_src comp="219" pin="4"/><net_sink comp="669" pin=0"/></net>

<net id="673"><net_src comp="669" pin="1"/><net_sink comp="133" pin=7"/></net>

<net id="677"><net_src comp="229" pin="4"/><net_sink comp="674" pin=0"/></net>

<net id="678"><net_src comp="674" pin="1"/><net_sink comp="133" pin=8"/></net>

<net id="682"><net_src comp="239" pin="4"/><net_sink comp="679" pin=0"/></net>

<net id="683"><net_src comp="679" pin="1"/><net_sink comp="133" pin=9"/></net>

<net id="687"><net_src comp="249" pin="4"/><net_sink comp="684" pin=0"/></net>

<net id="688"><net_src comp="684" pin="1"/><net_sink comp="133" pin=10"/></net>

<net id="692"><net_src comp="259" pin="4"/><net_sink comp="689" pin=0"/></net>

<net id="693"><net_src comp="689" pin="1"/><net_sink comp="133" pin=11"/></net>

<net id="697"><net_src comp="269" pin="4"/><net_sink comp="694" pin=0"/></net>

<net id="698"><net_src comp="694" pin="1"/><net_sink comp="133" pin=12"/></net>

<net id="702"><net_src comp="279" pin="4"/><net_sink comp="699" pin=0"/></net>

<net id="703"><net_src comp="699" pin="1"/><net_sink comp="133" pin=13"/></net>

<net id="707"><net_src comp="289" pin="4"/><net_sink comp="704" pin=0"/></net>

<net id="708"><net_src comp="704" pin="1"/><net_sink comp="133" pin=14"/></net>

<net id="712"><net_src comp="299" pin="4"/><net_sink comp="709" pin=0"/></net>

<net id="713"><net_src comp="709" pin="1"/><net_sink comp="133" pin=15"/></net>

<net id="717"><net_src comp="309" pin="4"/><net_sink comp="714" pin=0"/></net>

<net id="718"><net_src comp="714" pin="1"/><net_sink comp="133" pin=16"/></net>

<net id="722"><net_src comp="319" pin="4"/><net_sink comp="719" pin=0"/></net>

<net id="723"><net_src comp="719" pin="1"/><net_sink comp="133" pin=17"/></net>

<net id="727"><net_src comp="329" pin="4"/><net_sink comp="724" pin=0"/></net>

<net id="728"><net_src comp="724" pin="1"/><net_sink comp="133" pin=18"/></net>

<net id="732"><net_src comp="339" pin="4"/><net_sink comp="729" pin=0"/></net>

<net id="733"><net_src comp="729" pin="1"/><net_sink comp="133" pin=19"/></net>

<net id="737"><net_src comp="349" pin="4"/><net_sink comp="734" pin=0"/></net>

<net id="738"><net_src comp="734" pin="1"/><net_sink comp="133" pin=20"/></net>

<net id="742"><net_src comp="359" pin="4"/><net_sink comp="739" pin=0"/></net>

<net id="743"><net_src comp="739" pin="1"/><net_sink comp="133" pin=21"/></net>

<net id="747"><net_src comp="369" pin="4"/><net_sink comp="744" pin=0"/></net>

<net id="748"><net_src comp="744" pin="1"/><net_sink comp="133" pin=22"/></net>

<net id="752"><net_src comp="379" pin="4"/><net_sink comp="749" pin=0"/></net>

<net id="753"><net_src comp="749" pin="1"/><net_sink comp="133" pin=23"/></net>

<net id="757"><net_src comp="389" pin="4"/><net_sink comp="754" pin=0"/></net>

<net id="758"><net_src comp="754" pin="1"/><net_sink comp="133" pin=24"/></net>

<net id="762"><net_src comp="399" pin="1"/><net_sink comp="759" pin=0"/></net>

<net id="763"><net_src comp="759" pin="1"/><net_sink comp="587" pin=47"/></net>

<net id="767"><net_src comp="403" pin="1"/><net_sink comp="764" pin=0"/></net>

<net id="768"><net_src comp="764" pin="1"/><net_sink comp="587" pin=46"/></net>

<net id="772"><net_src comp="407" pin="1"/><net_sink comp="769" pin=0"/></net>

<net id="773"><net_src comp="769" pin="1"/><net_sink comp="587" pin=45"/></net>

<net id="777"><net_src comp="411" pin="1"/><net_sink comp="774" pin=0"/></net>

<net id="778"><net_src comp="774" pin="1"/><net_sink comp="587" pin=44"/></net>

<net id="782"><net_src comp="415" pin="1"/><net_sink comp="779" pin=0"/></net>

<net id="783"><net_src comp="779" pin="1"/><net_sink comp="587" pin=43"/></net>

<net id="787"><net_src comp="419" pin="1"/><net_sink comp="784" pin=0"/></net>

<net id="788"><net_src comp="784" pin="1"/><net_sink comp="587" pin=42"/></net>

<net id="792"><net_src comp="423" pin="1"/><net_sink comp="789" pin=0"/></net>

<net id="793"><net_src comp="789" pin="1"/><net_sink comp="587" pin=41"/></net>

<net id="797"><net_src comp="427" pin="1"/><net_sink comp="794" pin=0"/></net>

<net id="798"><net_src comp="794" pin="1"/><net_sink comp="587" pin=40"/></net>

<net id="802"><net_src comp="431" pin="1"/><net_sink comp="799" pin=0"/></net>

<net id="803"><net_src comp="799" pin="1"/><net_sink comp="587" pin=39"/></net>

<net id="807"><net_src comp="435" pin="1"/><net_sink comp="804" pin=0"/></net>

<net id="808"><net_src comp="804" pin="1"/><net_sink comp="587" pin=38"/></net>

<net id="812"><net_src comp="439" pin="1"/><net_sink comp="809" pin=0"/></net>

<net id="813"><net_src comp="809" pin="1"/><net_sink comp="587" pin=37"/></net>

<net id="817"><net_src comp="443" pin="1"/><net_sink comp="814" pin=0"/></net>

<net id="818"><net_src comp="814" pin="1"/><net_sink comp="587" pin=36"/></net>

<net id="822"><net_src comp="447" pin="1"/><net_sink comp="819" pin=0"/></net>

<net id="823"><net_src comp="819" pin="1"/><net_sink comp="587" pin=35"/></net>

<net id="827"><net_src comp="451" pin="1"/><net_sink comp="824" pin=0"/></net>

<net id="828"><net_src comp="824" pin="1"/><net_sink comp="587" pin=34"/></net>

<net id="832"><net_src comp="455" pin="1"/><net_sink comp="829" pin=0"/></net>

<net id="833"><net_src comp="829" pin="1"/><net_sink comp="587" pin=33"/></net>

<net id="837"><net_src comp="459" pin="1"/><net_sink comp="834" pin=0"/></net>

<net id="838"><net_src comp="834" pin="1"/><net_sink comp="587" pin=32"/></net>

<net id="842"><net_src comp="463" pin="1"/><net_sink comp="839" pin=0"/></net>

<net id="843"><net_src comp="839" pin="1"/><net_sink comp="587" pin=31"/></net>

<net id="847"><net_src comp="467" pin="1"/><net_sink comp="844" pin=0"/></net>

<net id="848"><net_src comp="844" pin="1"/><net_sink comp="587" pin=30"/></net>

<net id="852"><net_src comp="471" pin="1"/><net_sink comp="849" pin=0"/></net>

<net id="853"><net_src comp="849" pin="1"/><net_sink comp="587" pin=29"/></net>

<net id="857"><net_src comp="475" pin="1"/><net_sink comp="854" pin=0"/></net>

<net id="858"><net_src comp="854" pin="1"/><net_sink comp="587" pin=28"/></net>

<net id="862"><net_src comp="479" pin="1"/><net_sink comp="859" pin=0"/></net>

<net id="863"><net_src comp="859" pin="1"/><net_sink comp="587" pin=27"/></net>

<net id="867"><net_src comp="483" pin="1"/><net_sink comp="864" pin=0"/></net>

<net id="868"><net_src comp="864" pin="1"/><net_sink comp="587" pin=26"/></net>

<net id="872"><net_src comp="487" pin="1"/><net_sink comp="869" pin=0"/></net>

<net id="873"><net_src comp="869" pin="1"/><net_sink comp="587" pin=25"/></net>

<net id="877"><net_src comp="491" pin="1"/><net_sink comp="874" pin=0"/></net>

<net id="878"><net_src comp="874" pin="1"/><net_sink comp="587" pin=24"/></net>

<net id="882"><net_src comp="495" pin="1"/><net_sink comp="879" pin=0"/></net>

<net id="883"><net_src comp="879" pin="1"/><net_sink comp="587" pin=23"/></net>

<net id="887"><net_src comp="499" pin="1"/><net_sink comp="884" pin=0"/></net>

<net id="888"><net_src comp="884" pin="1"/><net_sink comp="587" pin=22"/></net>

<net id="892"><net_src comp="503" pin="1"/><net_sink comp="889" pin=0"/></net>

<net id="893"><net_src comp="889" pin="1"/><net_sink comp="587" pin=21"/></net>

<net id="897"><net_src comp="507" pin="1"/><net_sink comp="894" pin=0"/></net>

<net id="898"><net_src comp="894" pin="1"/><net_sink comp="587" pin=20"/></net>

<net id="902"><net_src comp="511" pin="1"/><net_sink comp="899" pin=0"/></net>

<net id="903"><net_src comp="899" pin="1"/><net_sink comp="587" pin=19"/></net>

<net id="907"><net_src comp="515" pin="1"/><net_sink comp="904" pin=0"/></net>

<net id="908"><net_src comp="904" pin="1"/><net_sink comp="587" pin=18"/></net>

<net id="912"><net_src comp="519" pin="1"/><net_sink comp="909" pin=0"/></net>

<net id="913"><net_src comp="909" pin="1"/><net_sink comp="587" pin=17"/></net>

<net id="917"><net_src comp="523" pin="1"/><net_sink comp="914" pin=0"/></net>

<net id="918"><net_src comp="914" pin="1"/><net_sink comp="587" pin=16"/></net>

<net id="922"><net_src comp="527" pin="1"/><net_sink comp="919" pin=0"/></net>

<net id="923"><net_src comp="919" pin="1"/><net_sink comp="587" pin=15"/></net>

<net id="927"><net_src comp="531" pin="1"/><net_sink comp="924" pin=0"/></net>

<net id="928"><net_src comp="924" pin="1"/><net_sink comp="587" pin=14"/></net>

<net id="932"><net_src comp="535" pin="1"/><net_sink comp="929" pin=0"/></net>

<net id="933"><net_src comp="929" pin="1"/><net_sink comp="587" pin=13"/></net>

<net id="937"><net_src comp="539" pin="1"/><net_sink comp="934" pin=0"/></net>

<net id="938"><net_src comp="934" pin="1"/><net_sink comp="587" pin=12"/></net>

<net id="942"><net_src comp="543" pin="1"/><net_sink comp="939" pin=0"/></net>

<net id="943"><net_src comp="939" pin="1"/><net_sink comp="587" pin=11"/></net>

<net id="947"><net_src comp="547" pin="1"/><net_sink comp="944" pin=0"/></net>

<net id="948"><net_src comp="944" pin="1"/><net_sink comp="587" pin=10"/></net>

<net id="952"><net_src comp="551" pin="1"/><net_sink comp="949" pin=0"/></net>

<net id="953"><net_src comp="949" pin="1"/><net_sink comp="587" pin=9"/></net>

<net id="957"><net_src comp="555" pin="1"/><net_sink comp="954" pin=0"/></net>

<net id="958"><net_src comp="954" pin="1"/><net_sink comp="587" pin=8"/></net>

<net id="962"><net_src comp="559" pin="1"/><net_sink comp="959" pin=0"/></net>

<net id="963"><net_src comp="959" pin="1"/><net_sink comp="587" pin=7"/></net>

<net id="967"><net_src comp="563" pin="1"/><net_sink comp="964" pin=0"/></net>

<net id="968"><net_src comp="964" pin="1"/><net_sink comp="587" pin=6"/></net>

<net id="972"><net_src comp="567" pin="1"/><net_sink comp="969" pin=0"/></net>

<net id="973"><net_src comp="969" pin="1"/><net_sink comp="587" pin=5"/></net>

<net id="977"><net_src comp="571" pin="1"/><net_sink comp="974" pin=0"/></net>

<net id="978"><net_src comp="974" pin="1"/><net_sink comp="587" pin=4"/></net>

<net id="982"><net_src comp="575" pin="1"/><net_sink comp="979" pin=0"/></net>

<net id="983"><net_src comp="979" pin="1"/><net_sink comp="587" pin=3"/></net>

<net id="987"><net_src comp="579" pin="1"/><net_sink comp="984" pin=0"/></net>

<net id="988"><net_src comp="984" pin="1"/><net_sink comp="587" pin=2"/></net>

<net id="992"><net_src comp="583" pin="1"/><net_sink comp="989" pin=0"/></net>

<net id="993"><net_src comp="989" pin="1"/><net_sink comp="587" pin=1"/></net>

</net_list>

</model> 
---------------- Datapath Model END ------------------

* FSMD analyzer results:
  - Output states:
	Port: layer26_out | {4 }
 - Input state : 
	Port: dense<array<ap_fixed,24u>,array<ap_fixed<16,6,5,3,0>,47u>,config26> : layer20_out | {1 }
	Port: dense<array<ap_fixed,24u>,array<ap_fixed<16,6,5,3,0>,47u>,config26> : outidx_65 | {2 3 }
	Port: dense<array<ap_fixed,24u>,array<ap_fixed<16,6,5,3,0>,47u>,config26> : w26 | {2 3 }
  - Chain level:
	State 1
	State 2
	State 3
		res : 1
		res_1 : 1
		res_2 : 1
		res_3 : 1
		res_4 : 1
		res_5 : 1
		res_6 : 1
		res_7 : 1
		res_8 : 1
		res_9 : 1
		res_24 : 1
		res_25 : 1
		res_26 : 1
		res_27 : 1
		res_28 : 1
		res_29 : 1
		res_30 : 1
		res_31 : 1
		res_32 : 1
		res_33 : 1
		res_34 : 1
		res_35 : 1
		res_36 : 1
		res_37 : 1
		res_38 : 1
		res_39 : 1
		res_40 : 1
		res_41 : 1
		res_42 : 1
		res_43 : 1
		res_44 : 1
		res_45 : 1
		res_46 : 1
		res_47 : 1
		res_48 : 1
		res_49 : 1
		res_50 : 1
		res_51 : 1
		res_52 : 1
		res_53 : 1
		res_54 : 1
		res_55 : 1
		res_56 : 1
		res_57 : 1
		res_58 : 1
		res_59 : 1
		res_60 : 1
	State 4
		write_ln77 : 1


============================================================
+ Verbose Summary: Datapath Resource usage 
============================================================

* Functional unit list:
|----------|----------------------------------------------------------------------------------|---------|---------|---------|---------|
| Operation|                                  Functional Unit                                 |   DSP   |  Delay  |    FF   |   LUT   |
|----------|----------------------------------------------------------------------------------|---------|---------|---------|---------|
|   call   | grp_dense_resource_rf_gt_nin_rem0_ap_fixed_ap_fixed_16_6_5_3_0_config26_s_fu_133 |    1    |  83.72  |   3276  |   1011  |
|----------|----------------------------------------------------------------------------------|---------|---------|---------|---------|
|   read   |                           layer20_out_read_read_fu_120                           |    0    |    0    |    0    |    0    |
|----------|----------------------------------------------------------------------------------|---------|---------|---------|---------|
|   write  |                              write_ln77_write_fu_126                             |    0    |    0    |    0    |    0    |
|----------|----------------------------------------------------------------------------------|---------|---------|---------|---------|
|   trunc  |                                    data_fu_165                                   |    0    |    0    |    0    |    0    |
|----------|----------------------------------------------------------------------------------|---------|---------|---------|---------|
|          |                                  data_23_fu_169                                  |    0    |    0    |    0    |    0    |
|          |                                   data_1_fu_179                                  |    0    |    0    |    0    |    0    |
|          |                                   data_2_fu_189                                  |    0    |    0    |    0    |    0    |
|          |                                   data_3_fu_199                                  |    0    |    0    |    0    |    0    |
|          |                                   data_4_fu_209                                  |    0    |    0    |    0    |    0    |
|          |                                   data_5_fu_219                                  |    0    |    0    |    0    |    0    |
|          |                                   data_6_fu_229                                  |    0    |    0    |    0    |    0    |
|          |                                   data_7_fu_239                                  |    0    |    0    |    0    |    0    |
|          |                                   data_8_fu_249                                  |    0    |    0    |    0    |    0    |
|          |                                   data_9_fu_259                                  |    0    |    0    |    0    |    0    |
|          |                                  data_10_fu_269                                  |    0    |    0    |    0    |    0    |
|partselect|                                  data_11_fu_279                                  |    0    |    0    |    0    |    0    |
|          |                                  data_12_fu_289                                  |    0    |    0    |    0    |    0    |
|          |                                  data_13_fu_299                                  |    0    |    0    |    0    |    0    |
|          |                                  data_14_fu_309                                  |    0    |    0    |    0    |    0    |
|          |                                  data_15_fu_319                                  |    0    |    0    |    0    |    0    |
|          |                                  data_16_fu_329                                  |    0    |    0    |    0    |    0    |
|          |                                  data_17_fu_339                                  |    0    |    0    |    0    |    0    |
|          |                                  data_18_fu_349                                  |    0    |    0    |    0    |    0    |
|          |                                  data_19_fu_359                                  |    0    |    0    |    0    |    0    |
|          |                                  data_20_fu_369                                  |    0    |    0    |    0    |    0    |
|          |                                  data_21_fu_379                                  |    0    |    0    |    0    |    0    |
|          |                                  data_22_fu_389                                  |    0    |    0    |    0    |    0    |
|----------|----------------------------------------------------------------------------------|---------|---------|---------|---------|
|          |                                    res_fu_399                                    |    0    |    0    |    0    |    0    |
|          |                                   res_1_fu_403                                   |    0    |    0    |    0    |    0    |
|          |                                   res_2_fu_407                                   |    0    |    0    |    0    |    0    |
|          |                                   res_3_fu_411                                   |    0    |    0    |    0    |    0    |
|          |                                   res_4_fu_415                                   |    0    |    0    |    0    |    0    |
|          |                                   res_5_fu_419                                   |    0    |    0    |    0    |    0    |
|          |                                   res_6_fu_423                                   |    0    |    0    |    0    |    0    |
|          |                                   res_7_fu_427                                   |    0    |    0    |    0    |    0    |
|          |                                   res_8_fu_431                                   |    0    |    0    |    0    |    0    |
|          |                                   res_9_fu_435                                   |    0    |    0    |    0    |    0    |
|          |                                   res_24_fu_439                                  |    0    |    0    |    0    |    0    |
|          |                                   res_25_fu_443                                  |    0    |    0    |    0    |    0    |
|          |                                   res_26_fu_447                                  |    0    |    0    |    0    |    0    |
|          |                                   res_27_fu_451                                  |    0    |    0    |    0    |    0    |
|          |                                   res_28_fu_455                                  |    0    |    0    |    0    |    0    |
|          |                                   res_29_fu_459                                  |    0    |    0    |    0    |    0    |
|          |                                   res_30_fu_463                                  |    0    |    0    |    0    |    0    |
|          |                                   res_31_fu_467                                  |    0    |    0    |    0    |    0    |
|          |                                   res_32_fu_471                                  |    0    |    0    |    0    |    0    |
|          |                                   res_33_fu_475                                  |    0    |    0    |    0    |    0    |
|          |                                   res_34_fu_479                                  |    0    |    0    |    0    |    0    |
|          |                                   res_35_fu_483                                  |    0    |    0    |    0    |    0    |
|          |                                   res_36_fu_487                                  |    0    |    0    |    0    |    0    |
|extractvalue|                                   res_37_fu_491                                  |    0    |    0    |    0    |    0    |
|          |                                   res_38_fu_495                                  |    0    |    0    |    0    |    0    |
|          |                                   res_39_fu_499                                  |    0    |    0    |    0    |    0    |
|          |                                   res_40_fu_503                                  |    0    |    0    |    0    |    0    |
|          |                                   res_41_fu_507                                  |    0    |    0    |    0    |    0    |
|          |                                   res_42_fu_511                                  |    0    |    0    |    0    |    0    |
|          |                                   res_43_fu_515                                  |    0    |    0    |    0    |    0    |
|          |                                   res_44_fu_519                                  |    0    |    0    |    0    |    0    |
|          |                                   res_45_fu_523                                  |    0    |    0    |    0    |    0    |
|          |                                   res_46_fu_527                                  |    0    |    0    |    0    |    0    |
|          |                                   res_47_fu_531                                  |    0    |    0    |    0    |    0    |
|          |                                   res_48_fu_535                                  |    0    |    0    |    0    |    0    |
|          |                                   res_49_fu_539                                  |    0    |    0    |    0    |    0    |
|          |                                   res_50_fu_543                                  |    0    |    0    |    0    |    0    |
|          |                                   res_51_fu_547                                  |    0    |    0    |    0    |    0    |
|          |                                   res_52_fu_551                                  |    0    |    0    |    0    |    0    |
|          |                                   res_53_fu_555                                  |    0    |    0    |    0    |    0    |
|          |                                   res_54_fu_559                                  |    0    |    0    |    0    |    0    |
|          |                                   res_55_fu_563                                  |    0    |    0    |    0    |    0    |
|          |                                   res_56_fu_567                                  |    0    |    0    |    0    |    0    |
|          |                                   res_57_fu_571                                  |    0    |    0    |    0    |    0    |
|          |                                   res_58_fu_575                                  |    0    |    0    |    0    |    0    |
|          |                                   res_59_fu_579                                  |    0    |    0    |    0    |    0    |
|          |                                   res_60_fu_583                                  |    0    |    0    |    0    |    0    |
|----------|----------------------------------------------------------------------------------|---------|---------|---------|---------|
|bitconcatenate|                                    p_s_fu_587                                    |    0    |    0    |    0    |    0    |
|----------|----------------------------------------------------------------------------------|---------|---------|---------|---------|
|   Total  |                                                                                  |    1    |  83.72  |   3276  |   1011  |
|----------|----------------------------------------------------------------------------------|---------|---------|---------|---------|

Memories:
N/A

* Register list:
+---------------+--------+
|               |   FF   |
+---------------+--------+
|data_10_reg_694|   16   |
|data_11_reg_699|   16   |
|data_12_reg_704|   16   |
|data_13_reg_709|   16   |
|data_14_reg_714|   16   |
|data_15_reg_719|   16   |
|data_16_reg_724|   16   |
|data_17_reg_729|   16   |
|data_18_reg_734|   16   |
|data_19_reg_739|   16   |
| data_1_reg_649|   16   |
|data_20_reg_744|   16   |
|data_21_reg_749|   16   |
|data_22_reg_754|   16   |
|data_23_reg_644|   16   |
| data_2_reg_654|   16   |
| data_3_reg_659|   16   |
| data_4_reg_664|   16   |
| data_5_reg_669|   16   |
| data_6_reg_674|   16   |
| data_7_reg_679|   16   |
| data_8_reg_684|   16   |
| data_9_reg_689|   16   |
|  data_reg_639 |   16   |
| res_1_reg_764 |   16   |
| res_24_reg_809|   16   |
| res_25_reg_814|   16   |
| res_26_reg_819|   16   |
| res_27_reg_824|   16   |
| res_28_reg_829|   16   |
| res_29_reg_834|   16   |
| res_2_reg_769 |   16   |
| res_30_reg_839|   16   |
| res_31_reg_844|   16   |
| res_32_reg_849|   16   |
| res_33_reg_854|   16   |
| res_34_reg_859|   16   |
| res_35_reg_864|   16   |
| res_36_reg_869|   16   |
| res_37_reg_874|   16   |
| res_38_reg_879|   16   |
| res_39_reg_884|   16   |
| res_3_reg_774 |   16   |
| res_40_reg_889|   16   |
| res_41_reg_894|   16   |
| res_42_reg_899|   16   |
| res_43_reg_904|   16   |
| res_44_reg_909|   16   |
| res_45_reg_914|   16   |
| res_46_reg_919|   16   |
| res_47_reg_924|   16   |
| res_48_reg_929|   16   |
| res_49_reg_934|   16   |
| res_4_reg_779 |   16   |
| res_50_reg_939|   16   |
| res_51_reg_944|   16   |
| res_52_reg_949|   16   |
| res_53_reg_954|   16   |
| res_54_reg_959|   16   |
| res_55_reg_964|   16   |
| res_56_reg_969|   16   |
| res_57_reg_974|   16   |
| res_58_reg_979|   16   |
| res_59_reg_984|   16   |
| res_5_reg_784 |   16   |
| res_60_reg_989|   16   |
| res_6_reg_789 |   16   |
| res_7_reg_794 |   16   |
| res_8_reg_799 |   16   |
| res_9_reg_804 |   16   |
|  res_reg_759  |   16   |
+---------------+--------+
|     Total     |  1136  |
+---------------+--------+

* Multiplexer (MUX) list: 
|--------|------|------|------|--------|
|  Comp  |  Pin | Size |  BW  | S x BW |
|--------|------|------|------|--------|
|  Total |      |      |      |    0   |
|--------|------|------|------|--------|



* Summary:
+-----------+--------+--------+--------+--------+
|           |   DSP  |  Delay |   FF   |   LUT  |
+-----------+--------+--------+--------+--------+
|  Function |    1   |   83   |  3276  |  1011  |
|   Memory  |    -   |    -   |    -   |    -   |
|Multiplexer|    -   |    -   |    -   |    -   |
|  Register |    -   |    -   |  1136  |    -   |
+-----------+--------+--------+--------+--------+
|   Total   |    1   |   83   |  4412  |  1011  |
+-----------+--------+--------+--------+--------+
