

================================================================
== Vitis HLS Report for 'transpose_array_array_ap_fixed_1u_config10_Pipeline_VITIS_LOOP_45_1'
================================================================
* Date:           Tue Oct  6 08:54:02 2026

* Version:        2026.1 (Build 6493734 on Jun 16 2026)
* Project:        myproject_prj
* Solution:       solution1
* Product family: artix7
* Target device:  xc7a35t-ftg256-1


================================================================
== Performance Estimates
================================================================
+ Timing: 
    * Summary: 
    +--------+---------+----------+------------+
    |  Clock |  Target | Estimated| Uncertainty|
    +--------+---------+----------+------------+
    |ap_clk  |  5.00 ns|  3.471 ns|     1.35 ns|
    +--------+---------+----------+------------+

+ Latency: 
    * Summary: 
    +---------+---------+----------+----------+-----+-----+-------------------+
    |  Latency (cycles) |  Latency (absolute) |  Interval |      Pipeline     |
    |   min   |   max   |    min   |    max   | min | max |        Type       |
    +---------+---------+----------+----------+-----+-----+-------------------+
    |       30|       30|  0.294 us|  0.294 us|    0|    0|  loop pipeline stp|
    +---------+---------+----------+----------+-----+-----+-------------------+

    + Detail: 
        * Instance: 
        N/A

        * Loop: 
        +-------------------+---------+---------+----------+-----------+-----------+------+----------+
        |                   |  Latency (cycles) | Iteration|  Initiation Interval  | Trip |          |
        |     Loop Name     |   min   |   max   |  Latency |  achieved |   target  | Count| Pipelined|
        +-------------------+---------+---------+----------+-----------+-----------+------+----------+
        |- VITIS_LOOP_45_1  |       28|       28|         2|          1|        N/A|    28|       yes|
        +-------------------+---------+---------+----------+-----------+-----------+------+----------+



================================================================
== Utilization Estimates
================================================================
* Summary: 
+-----------------+---------+----+-------+-------+-----+
|       Name      | BRAM_18K| DSP|   FF  |  LUT  | URAM|
+-----------------+---------+----+-------+-------+-----+
|DSP              |        -|   -|      -|      -|    -|
|Expression       |        -|   -|      0|     30|    -|
|FIFO             |        -|   -|      -|      -|    -|
|Instance         |        -|   -|      -|      -|    -|
|Memory           |        -|   -|      -|      -|    -|
|Multiplexer      |        -|   -|      0|     49|    -|
|Register         |        -|   -|  12562|      -|    -|
+-----------------+---------+----+-------+-------+-----+
|Total            |        0|   0|  12562|     79|    0|
+-----------------+---------+----+-------+-------+-----+
|Available        |      100|  90|  41600|  20800|    0|
+-----------------+---------+----+-------+-------+-----+
|Utilization (%)  |        0|   0|     30|     ~0|    0|
+-----------------+---------+----+-------+-------+-----+

+ Detail: 
    * Instance: 
    N/A

    * DSP: 
    N/A

    * Memory: 
    N/A

    * FIFO: 
    N/A

    * Expression: 
    +--------------------------------+----------+----+---+----+------------+------------+
    |          Variable Name         | Operation| DSP| FF| LUT| Bitwidth P0| Bitwidth P1|
    +--------------------------------+----------+----+---+----+------------+------------+
    |add_ln45_fu_10358_p2            |         +|   0|  0|  13|           5|           1|
    |ap_block_pp0_stage0_01001_grp1  |       and|   0|  0|   2|           1|           1|
    |icmp_ln45_fu_10352_p2           |      icmp|   0|  0|  13|           5|           4|
    |ap_enable_pp0                   |       xor|   0|  0|   2|           1|           2|
    +--------------------------------+----------+----+---+----+------------+------------+
    |Total                           |          |   0|  0|  30|          12|           8|
    +--------------------------------+----------+----+---+----+------------+------------+

    * Multiplexer: 
    +-------------------------+----+-----------+-----+-----------+
    |           Name          | LUT| Input Size| Bits| Total Bits|
    +-------------------------+----+-----------+-----+-----------+
    |ap_done_int              |   9|          2|    1|          2|
    |ap_enable_reg_pp0_iter1  |   9|          2|    1|          2|
    |ap_sig_allocacmp_i_2     |  13|          3|    5|         15|
    |global_in_TDATA_blk_n    |   9|          2|    1|          2|
    |i_fu_1710                |   9|          2|    5|         10|
    +-------------------------+----+-----------+-----+-----------+
    |Total                    |  49|         11|   13|         31|
    +-------------------------+----+-----------+-----+-----------+

    * Register: 
    +-------------------------+-----+----+-----+-----------+
    |           Name          |  FF | LUT| Bits| Const Bits|
    +-------------------------+-----+----+-----+-----------+
    |add_ln45_reg_22420       |    5|   0|    5|          0|
    |ap_CS_fsm                |    1|   0|    1|          0|
    |ap_done_reg              |    1|   0|    1|          0|
    |ap_enable_reg_pp0_iter1  |    1|   0|    1|          0|
    |data_array_100_fu_2114   |   16|   0|   16|          0|
    |data_array_101_fu_2118   |   16|   0|   16|          0|
    |data_array_102_fu_2122   |   16|   0|   16|          0|
    |data_array_103_fu_2126   |   16|   0|   16|          0|
    |data_array_104_fu_2130   |   16|   0|   16|          0|
    |data_array_105_fu_2134   |   16|   0|   16|          0|
    |data_array_106_fu_2138   |   16|   0|   16|          0|
    |data_array_107_fu_2142   |   16|   0|   16|          0|
    |data_array_108_fu_2146   |   16|   0|   16|          0|
    |data_array_109_fu_2150   |   16|   0|   16|          0|
    |data_array_10_fu_1754    |   16|   0|   16|          0|
    |data_array_110_fu_2154   |   16|   0|   16|          0|
    |data_array_111_fu_2158   |   16|   0|   16|          0|
    |data_array_112_fu_2162   |   16|   0|   16|          0|
    |data_array_113_fu_2166   |   16|   0|   16|          0|
    |data_array_114_fu_2170   |   16|   0|   16|          0|
    |data_array_115_fu_2174   |   16|   0|   16|          0|
    |data_array_116_fu_2178   |   16|   0|   16|          0|
    |data_array_117_fu_2182   |   16|   0|   16|          0|
    |data_array_118_fu_2186   |   16|   0|   16|          0|
    |data_array_119_fu_2190   |   16|   0|   16|          0|
    |data_array_11_fu_1758    |   16|   0|   16|          0|
    |data_array_120_fu_2194   |   16|   0|   16|          0|
    |data_array_121_fu_2198   |   16|   0|   16|          0|
    |data_array_122_fu_2202   |   16|   0|   16|          0|
    |data_array_123_fu_2206   |   16|   0|   16|          0|
    |data_array_124_fu_2210   |   16|   0|   16|          0|
    |data_array_125_fu_2214   |   16|   0|   16|          0|
    |data_array_126_fu_2218   |   16|   0|   16|          0|
    |data_array_127_fu_2222   |   16|   0|   16|          0|
    |data_array_128_fu_2226   |   16|   0|   16|          0|
    |data_array_129_fu_2230   |   16|   0|   16|          0|
    |data_array_12_fu_1762    |   16|   0|   16|          0|
    |data_array_130_fu_2234   |   16|   0|   16|          0|
    |data_array_131_fu_2238   |   16|   0|   16|          0|
    |data_array_132_fu_2242   |   16|   0|   16|          0|
    |data_array_133_fu_2246   |   16|   0|   16|          0|
    |data_array_134_fu_2250   |   16|   0|   16|          0|
    |data_array_135_fu_2254   |   16|   0|   16|          0|
    |data_array_136_fu_2258   |   16|   0|   16|          0|
    |data_array_137_fu_2262   |   16|   0|   16|          0|
    |data_array_138_fu_2266   |   16|   0|   16|          0|
    |data_array_139_fu_2270   |   16|   0|   16|          0|
    |data_array_13_fu_1766    |   16|   0|   16|          0|
    |data_array_140_fu_2274   |   16|   0|   16|          0|
    |data_array_141_fu_2278   |   16|   0|   16|          0|
    |data_array_142_fu_2282   |   16|   0|   16|          0|
    |data_array_143_fu_2286   |   16|   0|   16|          0|
    |data_array_144_fu_2290   |   16|   0|   16|          0|
    |data_array_145_fu_2294   |   16|   0|   16|          0|
    |data_array_146_fu_2298   |   16|   0|   16|          0|
    |data_array_147_fu_2302   |   16|   0|   16|          0|
    |data_array_148_fu_2306   |   16|   0|   16|          0|
    |data_array_149_fu_2310   |   16|   0|   16|          0|
    |data_array_14_fu_1770    |   16|   0|   16|          0|
    |data_array_150_fu_2314   |   16|   0|   16|          0|
    |data_array_151_fu_2318   |   16|   0|   16|          0|
    |data_array_152_fu_2322   |   16|   0|   16|          0|
    |data_array_153_fu_2326   |   16|   0|   16|          0|
    |data_array_154_fu_2330   |   16|   0|   16|          0|
    |data_array_155_fu_2334   |   16|   0|   16|          0|
    |data_array_156_fu_2338   |   16|   0|   16|          0|
    |data_array_157_fu_2342   |   16|   0|   16|          0|
    |data_array_158_fu_2346   |   16|   0|   16|          0|
    |data_array_159_fu_2350   |   16|   0|   16|          0|
    |data_array_15_fu_1774    |   16|   0|   16|          0|
    |data_array_160_fu_2354   |   16|   0|   16|          0|
    |data_array_161_fu_2358   |   16|   0|   16|          0|
    |data_array_162_fu_2362   |   16|   0|   16|          0|
    |data_array_163_fu_2366   |   16|   0|   16|          0|
    |data_array_164_fu_2370   |   16|   0|   16|          0|
    |data_array_165_fu_2374   |   16|   0|   16|          0|
    |data_array_166_fu_2378   |   16|   0|   16|          0|
    |data_array_167_fu_2382   |   16|   0|   16|          0|
    |data_array_168_fu_2386   |   16|   0|   16|          0|
    |data_array_169_fu_2390   |   16|   0|   16|          0|
    |data_array_16_fu_1778    |   16|   0|   16|          0|
    |data_array_170_fu_2394   |   16|   0|   16|          0|
    |data_array_171_fu_2398   |   16|   0|   16|          0|
    |data_array_172_fu_2402   |   16|   0|   16|          0|
    |data_array_173_fu_2406   |   16|   0|   16|          0|
    |data_array_174_fu_2410   |   16|   0|   16|          0|
    |data_array_175_fu_2414   |   16|   0|   16|          0|
    |data_array_176_fu_2418   |   16|   0|   16|          0|
    |data_array_177_fu_2422   |   16|   0|   16|          0|
    |data_array_178_fu_2426   |   16|   0|   16|          0|
    |data_array_179_fu_2430   |   16|   0|   16|          0|
    |data_array_17_fu_1782    |   16|   0|   16|          0|
    |data_array_180_fu_2434   |   16|   0|   16|          0|
    |data_array_181_fu_2438   |   16|   0|   16|          0|
    |data_array_182_fu_2442   |   16|   0|   16|          0|
    |data_array_183_fu_2446   |   16|   0|   16|          0|
    |data_array_184_fu_2450   |   16|   0|   16|          0|
    |data_array_185_fu_2454   |   16|   0|   16|          0|
    |data_array_186_fu_2458   |   16|   0|   16|          0|
    |data_array_187_fu_2462   |   16|   0|   16|          0|
    |data_array_188_fu_2466   |   16|   0|   16|          0|
    |data_array_189_fu_2470   |   16|   0|   16|          0|
    |data_array_18_fu_1786    |   16|   0|   16|          0|
    |data_array_190_fu_2474   |   16|   0|   16|          0|
    |data_array_191_fu_2478   |   16|   0|   16|          0|
    |data_array_192_fu_2482   |   16|   0|   16|          0|
    |data_array_193_fu_2486   |   16|   0|   16|          0|
    |data_array_194_fu_2490   |   16|   0|   16|          0|
    |data_array_195_fu_2494   |   16|   0|   16|          0|
    |data_array_196_fu_2498   |   16|   0|   16|          0|
    |data_array_197_fu_2502   |   16|   0|   16|          0|
    |data_array_198_fu_2506   |   16|   0|   16|          0|
    |data_array_199_fu_2510   |   16|   0|   16|          0|
    |data_array_19_fu_1790    |   16|   0|   16|          0|
    |data_array_1_fu_1718     |   16|   0|   16|          0|
    |data_array_200_fu_2514   |   16|   0|   16|          0|
    |data_array_201_fu_2518   |   16|   0|   16|          0|
    |data_array_202_fu_2522   |   16|   0|   16|          0|
    |data_array_203_fu_2526   |   16|   0|   16|          0|
    |data_array_204_fu_2530   |   16|   0|   16|          0|
    |data_array_205_fu_2534   |   16|   0|   16|          0|
    |data_array_206_fu_2538   |   16|   0|   16|          0|
    |data_array_207_fu_2542   |   16|   0|   16|          0|
    |data_array_208_fu_2546   |   16|   0|   16|          0|
    |data_array_209_fu_2550   |   16|   0|   16|          0|
    |data_array_20_fu_1794    |   16|   0|   16|          0|
    |data_array_210_fu_2554   |   16|   0|   16|          0|
    |data_array_211_fu_2558   |   16|   0|   16|          0|
    |data_array_212_fu_2562   |   16|   0|   16|          0|
    |data_array_213_fu_2566   |   16|   0|   16|          0|
    |data_array_214_fu_2570   |   16|   0|   16|          0|
    |data_array_215_fu_2574   |   16|   0|   16|          0|
    |data_array_216_fu_2578   |   16|   0|   16|          0|
    |data_array_217_fu_2582   |   16|   0|   16|          0|
    |data_array_218_fu_2586   |   16|   0|   16|          0|
    |data_array_219_fu_2590   |   16|   0|   16|          0|
    |data_array_21_fu_1798    |   16|   0|   16|          0|
    |data_array_220_fu_2594   |   16|   0|   16|          0|
    |data_array_221_fu_2598   |   16|   0|   16|          0|
    |data_array_222_fu_2602   |   16|   0|   16|          0|
    |data_array_223_fu_2606   |   16|   0|   16|          0|
    |data_array_224_fu_2610   |   16|   0|   16|          0|
    |data_array_225_fu_2614   |   16|   0|   16|          0|
    |data_array_226_fu_2618   |   16|   0|   16|          0|
    |data_array_227_fu_2622   |   16|   0|   16|          0|
    |data_array_228_fu_2626   |   16|   0|   16|          0|
    |data_array_229_fu_2630   |   16|   0|   16|          0|
    |data_array_22_fu_1802    |   16|   0|   16|          0|
    |data_array_230_fu_2634   |   16|   0|   16|          0|
    |data_array_231_fu_2638   |   16|   0|   16|          0|
    |data_array_232_fu_2642   |   16|   0|   16|          0|
    |data_array_233_fu_2646   |   16|   0|   16|          0|
    |data_array_234_fu_2650   |   16|   0|   16|          0|
    |data_array_235_fu_2654   |   16|   0|   16|          0|
    |data_array_236_fu_2658   |   16|   0|   16|          0|
    |data_array_237_fu_2662   |   16|   0|   16|          0|
    |data_array_238_fu_2666   |   16|   0|   16|          0|
    |data_array_239_fu_2670   |   16|   0|   16|          0|
    |data_array_23_fu_1806    |   16|   0|   16|          0|
    |data_array_240_fu_2674   |   16|   0|   16|          0|
    |data_array_241_fu_2678   |   16|   0|   16|          0|
    |data_array_242_fu_2682   |   16|   0|   16|          0|
    |data_array_243_fu_2686   |   16|   0|   16|          0|
    |data_array_244_fu_2690   |   16|   0|   16|          0|
    |data_array_245_fu_2694   |   16|   0|   16|          0|
    |data_array_246_fu_2698   |   16|   0|   16|          0|
    |data_array_247_fu_2702   |   16|   0|   16|          0|
    |data_array_248_fu_2706   |   16|   0|   16|          0|
    |data_array_249_fu_2710   |   16|   0|   16|          0|
    |data_array_24_fu_1810    |   16|   0|   16|          0|
    |data_array_250_fu_2714   |   16|   0|   16|          0|
    |data_array_251_fu_2718   |   16|   0|   16|          0|
    |data_array_252_fu_2722   |   16|   0|   16|          0|
    |data_array_253_fu_2726   |   16|   0|   16|          0|
    |data_array_254_fu_2730   |   16|   0|   16|          0|
    |data_array_255_fu_2734   |   16|   0|   16|          0|
    |data_array_256_fu_2738   |   16|   0|   16|          0|
    |data_array_257_fu_2742   |   16|   0|   16|          0|
    |data_array_258_fu_2746   |   16|   0|   16|          0|
    |data_array_259_fu_2750   |   16|   0|   16|          0|
    |data_array_25_fu_1814    |   16|   0|   16|          0|
    |data_array_260_fu_2754   |   16|   0|   16|          0|
    |data_array_261_fu_2758   |   16|   0|   16|          0|
    |data_array_262_fu_2762   |   16|   0|   16|          0|
    |data_array_263_fu_2766   |   16|   0|   16|          0|
    |data_array_264_fu_2770   |   16|   0|   16|          0|
    |data_array_265_fu_2774   |   16|   0|   16|          0|
    |data_array_266_fu_2778   |   16|   0|   16|          0|
    |data_array_267_fu_2782   |   16|   0|   16|          0|
    |data_array_268_fu_2786   |   16|   0|   16|          0|
    |data_array_269_fu_2790   |   16|   0|   16|          0|
    |data_array_26_fu_1818    |   16|   0|   16|          0|
    |data_array_270_fu_2794   |   16|   0|   16|          0|
    |data_array_271_fu_2798   |   16|   0|   16|          0|
    |data_array_272_fu_2802   |   16|   0|   16|          0|
    |data_array_273_fu_2806   |   16|   0|   16|          0|
    |data_array_274_fu_2810   |   16|   0|   16|          0|
    |data_array_275_fu_2814   |   16|   0|   16|          0|
    |data_array_276_fu_2818   |   16|   0|   16|          0|
    |data_array_277_fu_2822   |   16|   0|   16|          0|
    |data_array_278_fu_2826   |   16|   0|   16|          0|
    |data_array_279_fu_2830   |   16|   0|   16|          0|
    |data_array_27_fu_1822    |   16|   0|   16|          0|
    |data_array_280_fu_2834   |   16|   0|   16|          0|
    |data_array_281_fu_2838   |   16|   0|   16|          0|
    |data_array_282_fu_2842   |   16|   0|   16|          0|
    |data_array_283_fu_2846   |   16|   0|   16|          0|
    |data_array_284_fu_2850   |   16|   0|   16|          0|
    |data_array_285_fu_2854   |   16|   0|   16|          0|
    |data_array_286_fu_2858   |   16|   0|   16|          0|
    |data_array_287_fu_2862   |   16|   0|   16|          0|
    |data_array_288_fu_2866   |   16|   0|   16|          0|
    |data_array_289_fu_2870   |   16|   0|   16|          0|
    |data_array_28_fu_1826    |   16|   0|   16|          0|
    |data_array_290_fu_2874   |   16|   0|   16|          0|
    |data_array_291_fu_2878   |   16|   0|   16|          0|
    |data_array_292_fu_2882   |   16|   0|   16|          0|
    |data_array_293_fu_2886   |   16|   0|   16|          0|
    |data_array_294_fu_2890   |   16|   0|   16|          0|
    |data_array_295_fu_2894   |   16|   0|   16|          0|
    |data_array_296_fu_2898   |   16|   0|   16|          0|
    |data_array_297_fu_2902   |   16|   0|   16|          0|
    |data_array_298_fu_2906   |   16|   0|   16|          0|
    |data_array_299_fu_2910   |   16|   0|   16|          0|
    |data_array_29_fu_1830    |   16|   0|   16|          0|
    |data_array_2_fu_1722     |   16|   0|   16|          0|
    |data_array_300_fu_2914   |   16|   0|   16|          0|
    |data_array_301_fu_2918   |   16|   0|   16|          0|
    |data_array_302_fu_2922   |   16|   0|   16|          0|
    |data_array_303_fu_2926   |   16|   0|   16|          0|
    |data_array_304_fu_2930   |   16|   0|   16|          0|
    |data_array_305_fu_2934   |   16|   0|   16|          0|
    |data_array_306_fu_2938   |   16|   0|   16|          0|
    |data_array_307_fu_2942   |   16|   0|   16|          0|
    |data_array_308_fu_2946   |   16|   0|   16|          0|
    |data_array_309_fu_2950   |   16|   0|   16|          0|
    |data_array_30_fu_1834    |   16|   0|   16|          0|
    |data_array_310_fu_2954   |   16|   0|   16|          0|
    |data_array_311_fu_2958   |   16|   0|   16|          0|
    |data_array_312_fu_2962   |   16|   0|   16|          0|
    |data_array_313_fu_2966   |   16|   0|   16|          0|
    |data_array_314_fu_2970   |   16|   0|   16|          0|
    |data_array_315_fu_2974   |   16|   0|   16|          0|
    |data_array_316_fu_2978   |   16|   0|   16|          0|
    |data_array_317_fu_2982   |   16|   0|   16|          0|
    |data_array_318_fu_2986   |   16|   0|   16|          0|
    |data_array_319_fu_2990   |   16|   0|   16|          0|
    |data_array_31_fu_1838    |   16|   0|   16|          0|
    |data_array_320_fu_2994   |   16|   0|   16|          0|
    |data_array_321_fu_2998   |   16|   0|   16|          0|
    |data_array_322_fu_3002   |   16|   0|   16|          0|
    |data_array_323_fu_3006   |   16|   0|   16|          0|
    |data_array_324_fu_3010   |   16|   0|   16|          0|
    |data_array_325_fu_3014   |   16|   0|   16|          0|
    |data_array_326_fu_3018   |   16|   0|   16|          0|
    |data_array_327_fu_3022   |   16|   0|   16|          0|
    |data_array_328_fu_3026   |   16|   0|   16|          0|
    |data_array_329_fu_3030   |   16|   0|   16|          0|
    |data_array_32_fu_1842    |   16|   0|   16|          0|
    |data_array_330_fu_3034   |   16|   0|   16|          0|
    |data_array_331_fu_3038   |   16|   0|   16|          0|
    |data_array_332_fu_3042   |   16|   0|   16|          0|
    |data_array_333_fu_3046   |   16|   0|   16|          0|
    |data_array_334_fu_3050   |   16|   0|   16|          0|
    |data_array_335_fu_3054   |   16|   0|   16|          0|
    |data_array_336_fu_3058   |   16|   0|   16|          0|
    |data_array_337_fu_3062   |   16|   0|   16|          0|
    |data_array_338_fu_3066   |   16|   0|   16|          0|
    |data_array_339_fu_3070   |   16|   0|   16|          0|
    |data_array_33_fu_1846    |   16|   0|   16|          0|
    |data_array_340_fu_3074   |   16|   0|   16|          0|
    |data_array_341_fu_3078   |   16|   0|   16|          0|
    |data_array_342_fu_3082   |   16|   0|   16|          0|
    |data_array_343_fu_3086   |   16|   0|   16|          0|
    |data_array_344_fu_3090   |   16|   0|   16|          0|
    |data_array_345_fu_3094   |   16|   0|   16|          0|
    |data_array_346_fu_3098   |   16|   0|   16|          0|
    |data_array_347_fu_3102   |   16|   0|   16|          0|
    |data_array_348_fu_3106   |   16|   0|   16|          0|
    |data_array_349_fu_3110   |   16|   0|   16|          0|
    |data_array_34_fu_1850    |   16|   0|   16|          0|
    |data_array_350_fu_3114   |   16|   0|   16|          0|
    |data_array_351_fu_3118   |   16|   0|   16|          0|
    |data_array_352_fu_3122   |   16|   0|   16|          0|
    |data_array_353_fu_3126   |   16|   0|   16|          0|
    |data_array_354_fu_3130   |   16|   0|   16|          0|
    |data_array_355_fu_3134   |   16|   0|   16|          0|
    |data_array_356_fu_3138   |   16|   0|   16|          0|
    |data_array_357_fu_3142   |   16|   0|   16|          0|
    |data_array_358_fu_3146   |   16|   0|   16|          0|
    |data_array_359_fu_3150   |   16|   0|   16|          0|
    |data_array_35_fu_1854    |   16|   0|   16|          0|
    |data_array_360_fu_3154   |   16|   0|   16|          0|
    |data_array_361_fu_3158   |   16|   0|   16|          0|
    |data_array_362_fu_3162   |   16|   0|   16|          0|
    |data_array_363_fu_3166   |   16|   0|   16|          0|
    |data_array_364_fu_3170   |   16|   0|   16|          0|
    |data_array_365_fu_3174   |   16|   0|   16|          0|
    |data_array_366_fu_3178   |   16|   0|   16|          0|
    |data_array_367_fu_3182   |   16|   0|   16|          0|
    |data_array_368_fu_3186   |   16|   0|   16|          0|
    |data_array_369_fu_3190   |   16|   0|   16|          0|
    |data_array_36_fu_1858    |   16|   0|   16|          0|
    |data_array_370_fu_3194   |   16|   0|   16|          0|
    |data_array_371_fu_3198   |   16|   0|   16|          0|
    |data_array_372_fu_3202   |   16|   0|   16|          0|
    |data_array_373_fu_3206   |   16|   0|   16|          0|
    |data_array_374_fu_3210   |   16|   0|   16|          0|
    |data_array_375_fu_3214   |   16|   0|   16|          0|
    |data_array_376_fu_3218   |   16|   0|   16|          0|
    |data_array_377_fu_3222   |   16|   0|   16|          0|
    |data_array_378_fu_3226   |   16|   0|   16|          0|
    |data_array_379_fu_3230   |   16|   0|   16|          0|
    |data_array_37_fu_1862    |   16|   0|   16|          0|
    |data_array_380_fu_3234   |   16|   0|   16|          0|
    |data_array_381_fu_3238   |   16|   0|   16|          0|
    |data_array_382_fu_3242   |   16|   0|   16|          0|
    |data_array_383_fu_3246   |   16|   0|   16|          0|
    |data_array_384_fu_3250   |   16|   0|   16|          0|
    |data_array_385_fu_3254   |   16|   0|   16|          0|
    |data_array_386_fu_3258   |   16|   0|   16|          0|
    |data_array_387_fu_3262   |   16|   0|   16|          0|
    |data_array_388_fu_3266   |   16|   0|   16|          0|
    |data_array_389_fu_3270   |   16|   0|   16|          0|
    |data_array_38_fu_1866    |   16|   0|   16|          0|
    |data_array_390_fu_3274   |   16|   0|   16|          0|
    |data_array_391_fu_3278   |   16|   0|   16|          0|
    |data_array_392_fu_3282   |   16|   0|   16|          0|
    |data_array_393_fu_3286   |   16|   0|   16|          0|
    |data_array_394_fu_3290   |   16|   0|   16|          0|
    |data_array_395_fu_3294   |   16|   0|   16|          0|
    |data_array_396_fu_3298   |   16|   0|   16|          0|
    |data_array_397_fu_3302   |   16|   0|   16|          0|
    |data_array_398_fu_3306   |   16|   0|   16|          0|
    |data_array_399_fu_3310   |   16|   0|   16|          0|
    |data_array_39_fu_1870    |   16|   0|   16|          0|
    |data_array_3_fu_1726     |   16|   0|   16|          0|
    |data_array_400_fu_3314   |   16|   0|   16|          0|
    |data_array_401_fu_3318   |   16|   0|   16|          0|
    |data_array_402_fu_3322   |   16|   0|   16|          0|
    |data_array_403_fu_3326   |   16|   0|   16|          0|
    |data_array_404_fu_3330   |   16|   0|   16|          0|
    |data_array_405_fu_3334   |   16|   0|   16|          0|
    |data_array_406_fu_3338   |   16|   0|   16|          0|
    |data_array_407_fu_3342   |   16|   0|   16|          0|
    |data_array_408_fu_3346   |   16|   0|   16|          0|
    |data_array_409_fu_3350   |   16|   0|   16|          0|
    |data_array_40_fu_1874    |   16|   0|   16|          0|
    |data_array_410_fu_3354   |   16|   0|   16|          0|
    |data_array_411_fu_3358   |   16|   0|   16|          0|
    |data_array_412_fu_3362   |   16|   0|   16|          0|
    |data_array_413_fu_3366   |   16|   0|   16|          0|
    |data_array_414_fu_3370   |   16|   0|   16|          0|
    |data_array_415_fu_3374   |   16|   0|   16|          0|
    |data_array_416_fu_3378   |   16|   0|   16|          0|
    |data_array_417_fu_3382   |   16|   0|   16|          0|
    |data_array_418_fu_3386   |   16|   0|   16|          0|
    |data_array_419_fu_3390   |   16|   0|   16|          0|
    |data_array_41_fu_1878    |   16|   0|   16|          0|
    |data_array_420_fu_3394   |   16|   0|   16|          0|
    |data_array_421_fu_3398   |   16|   0|   16|          0|
    |data_array_422_fu_3402   |   16|   0|   16|          0|
    |data_array_423_fu_3406   |   16|   0|   16|          0|
    |data_array_424_fu_3410   |   16|   0|   16|          0|
    |data_array_425_fu_3414   |   16|   0|   16|          0|
    |data_array_426_fu_3418   |   16|   0|   16|          0|
    |data_array_427_fu_3422   |   16|   0|   16|          0|
    |data_array_428_fu_3426   |   16|   0|   16|          0|
    |data_array_429_fu_3430   |   16|   0|   16|          0|
    |data_array_42_fu_1882    |   16|   0|   16|          0|
    |data_array_430_fu_3434   |   16|   0|   16|          0|
    |data_array_431_fu_3438   |   16|   0|   16|          0|
    |data_array_432_fu_3442   |   16|   0|   16|          0|
    |data_array_433_fu_3446   |   16|   0|   16|          0|
    |data_array_434_fu_3450   |   16|   0|   16|          0|
    |data_array_435_fu_3454   |   16|   0|   16|          0|
    |data_array_436_fu_3458   |   16|   0|   16|          0|
    |data_array_437_fu_3462   |   16|   0|   16|          0|
    |data_array_438_fu_3466   |   16|   0|   16|          0|
    |data_array_439_fu_3470   |   16|   0|   16|          0|
    |data_array_43_fu_1886    |   16|   0|   16|          0|
    |data_array_440_fu_3474   |   16|   0|   16|          0|
    |data_array_441_fu_3478   |   16|   0|   16|          0|
    |data_array_442_fu_3482   |   16|   0|   16|          0|
    |data_array_443_fu_3486   |   16|   0|   16|          0|
    |data_array_444_fu_3490   |   16|   0|   16|          0|
    |data_array_445_fu_3494   |   16|   0|   16|          0|
    |data_array_446_fu_3498   |   16|   0|   16|          0|
    |data_array_447_fu_3502   |   16|   0|   16|          0|
    |data_array_448_fu_3506   |   16|   0|   16|          0|
    |data_array_449_fu_3510   |   16|   0|   16|          0|
    |data_array_44_fu_1890    |   16|   0|   16|          0|
    |data_array_450_fu_3514   |   16|   0|   16|          0|
    |data_array_451_fu_3518   |   16|   0|   16|          0|
    |data_array_452_fu_3522   |   16|   0|   16|          0|
    |data_array_453_fu_3526   |   16|   0|   16|          0|
    |data_array_454_fu_3530   |   16|   0|   16|          0|
    |data_array_455_fu_3534   |   16|   0|   16|          0|
    |data_array_456_fu_3538   |   16|   0|   16|          0|
    |data_array_457_fu_3542   |   16|   0|   16|          0|
    |data_array_458_fu_3546   |   16|   0|   16|          0|
    |data_array_459_fu_3550   |   16|   0|   16|          0|
    |data_array_45_fu_1894    |   16|   0|   16|          0|
    |data_array_460_fu_3554   |   16|   0|   16|          0|
    |data_array_461_fu_3558   |   16|   0|   16|          0|
    |data_array_462_fu_3562   |   16|   0|   16|          0|
    |data_array_463_fu_3566   |   16|   0|   16|          0|
    |data_array_464_fu_3570   |   16|   0|   16|          0|
    |data_array_465_fu_3574   |   16|   0|   16|          0|
    |data_array_466_fu_3578   |   16|   0|   16|          0|
    |data_array_467_fu_3582   |   16|   0|   16|          0|
    |data_array_468_fu_3586   |   16|   0|   16|          0|
    |data_array_469_fu_3590   |   16|   0|   16|          0|
    |data_array_46_fu_1898    |   16|   0|   16|          0|
    |data_array_470_fu_3594   |   16|   0|   16|          0|
    |data_array_471_fu_3598   |   16|   0|   16|          0|
    |data_array_472_fu_3602   |   16|   0|   16|          0|
    |data_array_473_fu_3606   |   16|   0|   16|          0|
    |data_array_474_fu_3610   |   16|   0|   16|          0|
    |data_array_475_fu_3614   |   16|   0|   16|          0|
    |data_array_476_fu_3618   |   16|   0|   16|          0|
    |data_array_477_fu_3622   |   16|   0|   16|          0|
    |data_array_478_fu_3626   |   16|   0|   16|          0|
    |data_array_479_fu_3630   |   16|   0|   16|          0|
    |data_array_47_fu_1902    |   16|   0|   16|          0|
    |data_array_480_fu_3634   |   16|   0|   16|          0|
    |data_array_481_fu_3638   |   16|   0|   16|          0|
    |data_array_482_fu_3642   |   16|   0|   16|          0|
    |data_array_483_fu_3646   |   16|   0|   16|          0|
    |data_array_484_fu_3650   |   16|   0|   16|          0|
    |data_array_485_fu_3654   |   16|   0|   16|          0|
    |data_array_486_fu_3658   |   16|   0|   16|          0|
    |data_array_487_fu_3662   |   16|   0|   16|          0|
    |data_array_488_fu_3666   |   16|   0|   16|          0|
    |data_array_489_fu_3670   |   16|   0|   16|          0|
    |data_array_48_fu_1906    |   16|   0|   16|          0|
    |data_array_490_fu_3674   |   16|   0|   16|          0|
    |data_array_491_fu_3678   |   16|   0|   16|          0|
    |data_array_492_fu_3682   |   16|   0|   16|          0|
    |data_array_493_fu_3686   |   16|   0|   16|          0|
    |data_array_494_fu_3690   |   16|   0|   16|          0|
    |data_array_495_fu_3694   |   16|   0|   16|          0|
    |data_array_496_fu_3698   |   16|   0|   16|          0|
    |data_array_497_fu_3702   |   16|   0|   16|          0|
    |data_array_498_fu_3706   |   16|   0|   16|          0|
    |data_array_499_fu_3710   |   16|   0|   16|          0|
    |data_array_49_fu_1910    |   16|   0|   16|          0|
    |data_array_4_fu_1730     |   16|   0|   16|          0|
    |data_array_500_fu_3714   |   16|   0|   16|          0|
    |data_array_501_fu_3718   |   16|   0|   16|          0|
    |data_array_502_fu_3722   |   16|   0|   16|          0|
    |data_array_503_fu_3726   |   16|   0|   16|          0|
    |data_array_504_fu_3730   |   16|   0|   16|          0|
    |data_array_505_fu_3734   |   16|   0|   16|          0|
    |data_array_506_fu_3738   |   16|   0|   16|          0|
    |data_array_507_fu_3742   |   16|   0|   16|          0|
    |data_array_508_fu_3746   |   16|   0|   16|          0|
    |data_array_509_fu_3750   |   16|   0|   16|          0|
    |data_array_50_fu_1914    |   16|   0|   16|          0|
    |data_array_510_fu_3754   |   16|   0|   16|          0|
    |data_array_511_fu_3758   |   16|   0|   16|          0|
    |data_array_512_fu_3762   |   16|   0|   16|          0|
    |data_array_513_fu_3766   |   16|   0|   16|          0|
    |data_array_514_fu_3770   |   16|   0|   16|          0|
    |data_array_515_fu_3774   |   16|   0|   16|          0|
    |data_array_516_fu_3778   |   16|   0|   16|          0|
    |data_array_517_fu_3782   |   16|   0|   16|          0|
    |data_array_518_fu_3786   |   16|   0|   16|          0|
    |data_array_519_fu_3790   |   16|   0|   16|          0|
    |data_array_51_fu_1918    |   16|   0|   16|          0|
    |data_array_520_fu_3794   |   16|   0|   16|          0|
    |data_array_521_fu_3798   |   16|   0|   16|          0|
    |data_array_522_fu_3802   |   16|   0|   16|          0|
    |data_array_523_fu_3806   |   16|   0|   16|          0|
    |data_array_524_fu_3810   |   16|   0|   16|          0|
    |data_array_525_fu_3814   |   16|   0|   16|          0|
    |data_array_526_fu_3818   |   16|   0|   16|          0|
    |data_array_527_fu_3822   |   16|   0|   16|          0|
    |data_array_528_fu_3826   |   16|   0|   16|          0|
    |data_array_529_fu_3830   |   16|   0|   16|          0|
    |data_array_52_fu_1922    |   16|   0|   16|          0|
    |data_array_530_fu_3834   |   16|   0|   16|          0|
    |data_array_531_fu_3838   |   16|   0|   16|          0|
    |data_array_532_fu_3842   |   16|   0|   16|          0|
    |data_array_533_fu_3846   |   16|   0|   16|          0|
    |data_array_534_fu_3850   |   16|   0|   16|          0|
    |data_array_535_fu_3854   |   16|   0|   16|          0|
    |data_array_536_fu_3858   |   16|   0|   16|          0|
    |data_array_537_fu_3862   |   16|   0|   16|          0|
    |data_array_538_fu_3866   |   16|   0|   16|          0|
    |data_array_539_fu_3870   |   16|   0|   16|          0|
    |data_array_53_fu_1926    |   16|   0|   16|          0|
    |data_array_540_fu_3874   |   16|   0|   16|          0|
    |data_array_541_fu_3878   |   16|   0|   16|          0|
    |data_array_542_fu_3882   |   16|   0|   16|          0|
    |data_array_543_fu_3886   |   16|   0|   16|          0|
    |data_array_544_fu_3890   |   16|   0|   16|          0|
    |data_array_545_fu_3894   |   16|   0|   16|          0|
    |data_array_546_fu_3898   |   16|   0|   16|          0|
    |data_array_547_fu_3902   |   16|   0|   16|          0|
    |data_array_548_fu_3906   |   16|   0|   16|          0|
    |data_array_549_fu_3910   |   16|   0|   16|          0|
    |data_array_54_fu_1930    |   16|   0|   16|          0|
    |data_array_550_fu_3914   |   16|   0|   16|          0|
    |data_array_551_fu_3918   |   16|   0|   16|          0|
    |data_array_552_fu_3922   |   16|   0|   16|          0|
    |data_array_553_fu_3926   |   16|   0|   16|          0|
    |data_array_554_fu_3930   |   16|   0|   16|          0|
    |data_array_555_fu_3934   |   16|   0|   16|          0|
    |data_array_556_fu_3938   |   16|   0|   16|          0|
    |data_array_557_fu_3942   |   16|   0|   16|          0|
    |data_array_558_fu_3946   |   16|   0|   16|          0|
    |data_array_559_fu_3950   |   16|   0|   16|          0|
    |data_array_55_fu_1934    |   16|   0|   16|          0|
    |data_array_560_fu_3954   |   16|   0|   16|          0|
    |data_array_561_fu_3958   |   16|   0|   16|          0|
    |data_array_562_fu_3962   |   16|   0|   16|          0|
    |data_array_563_fu_3966   |   16|   0|   16|          0|
    |data_array_564_fu_3970   |   16|   0|   16|          0|
    |data_array_565_fu_3974   |   16|   0|   16|          0|
    |data_array_566_fu_3978   |   16|   0|   16|          0|
    |data_array_567_fu_3982   |   16|   0|   16|          0|
    |data_array_568_fu_3986   |   16|   0|   16|          0|
    |data_array_569_fu_3990   |   16|   0|   16|          0|
    |data_array_56_fu_1938    |   16|   0|   16|          0|
    |data_array_570_fu_3994   |   16|   0|   16|          0|
    |data_array_571_fu_3998   |   16|   0|   16|          0|
    |data_array_572_fu_4002   |   16|   0|   16|          0|
    |data_array_573_fu_4006   |   16|   0|   16|          0|
    |data_array_574_fu_4010   |   16|   0|   16|          0|
    |data_array_575_fu_4014   |   16|   0|   16|          0|
    |data_array_576_fu_4018   |   16|   0|   16|          0|
    |data_array_577_fu_4022   |   16|   0|   16|          0|
    |data_array_578_fu_4026   |   16|   0|   16|          0|
    |data_array_579_fu_4030   |   16|   0|   16|          0|
    |data_array_57_fu_1942    |   16|   0|   16|          0|
    |data_array_580_fu_4034   |   16|   0|   16|          0|
    |data_array_581_fu_4038   |   16|   0|   16|          0|
    |data_array_582_fu_4042   |   16|   0|   16|          0|
    |data_array_583_fu_4046   |   16|   0|   16|          0|
    |data_array_584_fu_4050   |   16|   0|   16|          0|
    |data_array_585_fu_4054   |   16|   0|   16|          0|
    |data_array_586_fu_4058   |   16|   0|   16|          0|
    |data_array_587_fu_4062   |   16|   0|   16|          0|
    |data_array_588_fu_4066   |   16|   0|   16|          0|
    |data_array_589_fu_4070   |   16|   0|   16|          0|
    |data_array_58_fu_1946    |   16|   0|   16|          0|
    |data_array_590_fu_4074   |   16|   0|   16|          0|
    |data_array_591_fu_4078   |   16|   0|   16|          0|
    |data_array_592_fu_4082   |   16|   0|   16|          0|
    |data_array_593_fu_4086   |   16|   0|   16|          0|
    |data_array_594_fu_4090   |   16|   0|   16|          0|
    |data_array_595_fu_4094   |   16|   0|   16|          0|
    |data_array_596_fu_4098   |   16|   0|   16|          0|
    |data_array_597_fu_4102   |   16|   0|   16|          0|
    |data_array_598_fu_4106   |   16|   0|   16|          0|
    |data_array_599_fu_4110   |   16|   0|   16|          0|
    |data_array_59_fu_1950    |   16|   0|   16|          0|
    |data_array_5_fu_1734     |   16|   0|   16|          0|
    |data_array_600_fu_4114   |   16|   0|   16|          0|
    |data_array_601_fu_4118   |   16|   0|   16|          0|
    |data_array_602_fu_4122   |   16|   0|   16|          0|
    |data_array_603_fu_4126   |   16|   0|   16|          0|
    |data_array_604_fu_4130   |   16|   0|   16|          0|
    |data_array_605_fu_4134   |   16|   0|   16|          0|
    |data_array_606_fu_4138   |   16|   0|   16|          0|
    |data_array_607_fu_4142   |   16|   0|   16|          0|
    |data_array_608_fu_4146   |   16|   0|   16|          0|
    |data_array_609_fu_4150   |   16|   0|   16|          0|
    |data_array_60_fu_1954    |   16|   0|   16|          0|
    |data_array_610_fu_4154   |   16|   0|   16|          0|
    |data_array_611_fu_4158   |   16|   0|   16|          0|
    |data_array_612_fu_4162   |   16|   0|   16|          0|
    |data_array_613_fu_4166   |   16|   0|   16|          0|
    |data_array_614_fu_4170   |   16|   0|   16|          0|
    |data_array_615_fu_4174   |   16|   0|   16|          0|
    |data_array_616_fu_4178   |   16|   0|   16|          0|
    |data_array_617_fu_4182   |   16|   0|   16|          0|
    |data_array_618_fu_4186   |   16|   0|   16|          0|
    |data_array_619_fu_4190   |   16|   0|   16|          0|
    |data_array_61_fu_1958    |   16|   0|   16|          0|
    |data_array_620_fu_4194   |   16|   0|   16|          0|
    |data_array_621_fu_4198   |   16|   0|   16|          0|
    |data_array_622_fu_4202   |   16|   0|   16|          0|
    |data_array_623_fu_4206   |   16|   0|   16|          0|
    |data_array_624_fu_4210   |   16|   0|   16|          0|
    |data_array_625_fu_4214   |   16|   0|   16|          0|
    |data_array_626_fu_4218   |   16|   0|   16|          0|
    |data_array_627_fu_4222   |   16|   0|   16|          0|
    |data_array_628_fu_4226   |   16|   0|   16|          0|
    |data_array_629_fu_4230   |   16|   0|   16|          0|
    |data_array_62_fu_1962    |   16|   0|   16|          0|
    |data_array_630_fu_4234   |   16|   0|   16|          0|
    |data_array_631_fu_4238   |   16|   0|   16|          0|
    |data_array_632_fu_4242   |   16|   0|   16|          0|
    |data_array_633_fu_4246   |   16|   0|   16|          0|
    |data_array_634_fu_4250   |   16|   0|   16|          0|
    |data_array_635_fu_4254   |   16|   0|   16|          0|
    |data_array_636_fu_4258   |   16|   0|   16|          0|
    |data_array_637_fu_4262   |   16|   0|   16|          0|
    |data_array_638_fu_4266   |   16|   0|   16|          0|
    |data_array_639_fu_4270   |   16|   0|   16|          0|
    |data_array_63_fu_1966    |   16|   0|   16|          0|
    |data_array_640_fu_4274   |   16|   0|   16|          0|
    |data_array_641_fu_4278   |   16|   0|   16|          0|
    |data_array_642_fu_4282   |   16|   0|   16|          0|
    |data_array_643_fu_4286   |   16|   0|   16|          0|
    |data_array_644_fu_4290   |   16|   0|   16|          0|
    |data_array_645_fu_4294   |   16|   0|   16|          0|
    |data_array_646_fu_4298   |   16|   0|   16|          0|
    |data_array_647_fu_4302   |   16|   0|   16|          0|
    |data_array_648_fu_4306   |   16|   0|   16|          0|
    |data_array_649_fu_4310   |   16|   0|   16|          0|
    |data_array_64_fu_1970    |   16|   0|   16|          0|
    |data_array_650_fu_4314   |   16|   0|   16|          0|
    |data_array_651_fu_4318   |   16|   0|   16|          0|
    |data_array_652_fu_4322   |   16|   0|   16|          0|
    |data_array_653_fu_4326   |   16|   0|   16|          0|
    |data_array_654_fu_4330   |   16|   0|   16|          0|
    |data_array_655_fu_4334   |   16|   0|   16|          0|
    |data_array_656_fu_4338   |   16|   0|   16|          0|
    |data_array_657_fu_4342   |   16|   0|   16|          0|
    |data_array_658_fu_4346   |   16|   0|   16|          0|
    |data_array_659_fu_4350   |   16|   0|   16|          0|
    |data_array_65_fu_1974    |   16|   0|   16|          0|
    |data_array_660_fu_4354   |   16|   0|   16|          0|
    |data_array_661_fu_4358   |   16|   0|   16|          0|
    |data_array_662_fu_4362   |   16|   0|   16|          0|
    |data_array_663_fu_4366   |   16|   0|   16|          0|
    |data_array_664_fu_4370   |   16|   0|   16|          0|
    |data_array_665_fu_4374   |   16|   0|   16|          0|
    |data_array_666_fu_4378   |   16|   0|   16|          0|
    |data_array_667_fu_4382   |   16|   0|   16|          0|
    |data_array_668_fu_4386   |   16|   0|   16|          0|
    |data_array_669_fu_4390   |   16|   0|   16|          0|
    |data_array_66_fu_1978    |   16|   0|   16|          0|
    |data_array_670_fu_4394   |   16|   0|   16|          0|
    |data_array_671_fu_4398   |   16|   0|   16|          0|
    |data_array_672_fu_4402   |   16|   0|   16|          0|
    |data_array_673_fu_4406   |   16|   0|   16|          0|
    |data_array_674_fu_4410   |   16|   0|   16|          0|
    |data_array_675_fu_4414   |   16|   0|   16|          0|
    |data_array_676_fu_4418   |   16|   0|   16|          0|
    |data_array_677_fu_4422   |   16|   0|   16|          0|
    |data_array_678_fu_4426   |   16|   0|   16|          0|
    |data_array_679_fu_4430   |   16|   0|   16|          0|
    |data_array_67_fu_1982    |   16|   0|   16|          0|
    |data_array_680_fu_4434   |   16|   0|   16|          0|
    |data_array_681_fu_4438   |   16|   0|   16|          0|
    |data_array_682_fu_4442   |   16|   0|   16|          0|
    |data_array_683_fu_4446   |   16|   0|   16|          0|
    |data_array_684_fu_4450   |   16|   0|   16|          0|
    |data_array_685_fu_4454   |   16|   0|   16|          0|
    |data_array_686_fu_4458   |   16|   0|   16|          0|
    |data_array_687_fu_4462   |   16|   0|   16|          0|
    |data_array_688_fu_4466   |   16|   0|   16|          0|
    |data_array_689_fu_4470   |   16|   0|   16|          0|
    |data_array_68_fu_1986    |   16|   0|   16|          0|
    |data_array_690_fu_4474   |   16|   0|   16|          0|
    |data_array_691_fu_4478   |   16|   0|   16|          0|
    |data_array_692_fu_4482   |   16|   0|   16|          0|
    |data_array_693_fu_4486   |   16|   0|   16|          0|
    |data_array_694_fu_4490   |   16|   0|   16|          0|
    |data_array_695_fu_4494   |   16|   0|   16|          0|
    |data_array_696_fu_4498   |   16|   0|   16|          0|
    |data_array_697_fu_4502   |   16|   0|   16|          0|
    |data_array_698_fu_4506   |   16|   0|   16|          0|
    |data_array_699_fu_4510   |   16|   0|   16|          0|
    |data_array_69_fu_1990    |   16|   0|   16|          0|
    |data_array_6_fu_1738     |   16|   0|   16|          0|
    |data_array_700_fu_4514   |   16|   0|   16|          0|
    |data_array_701_fu_4518   |   16|   0|   16|          0|
    |data_array_702_fu_4522   |   16|   0|   16|          0|
    |data_array_703_fu_4526   |   16|   0|   16|          0|
    |data_array_704_fu_4530   |   16|   0|   16|          0|
    |data_array_705_fu_4534   |   16|   0|   16|          0|
    |data_array_706_fu_4538   |   16|   0|   16|          0|
    |data_array_707_fu_4542   |   16|   0|   16|          0|
    |data_array_708_fu_4546   |   16|   0|   16|          0|
    |data_array_709_fu_4550   |   16|   0|   16|          0|
    |data_array_70_fu_1994    |   16|   0|   16|          0|
    |data_array_710_fu_4554   |   16|   0|   16|          0|
    |data_array_711_fu_4558   |   16|   0|   16|          0|
    |data_array_712_fu_4562   |   16|   0|   16|          0|
    |data_array_713_fu_4566   |   16|   0|   16|          0|
    |data_array_714_fu_4570   |   16|   0|   16|          0|
    |data_array_715_fu_4574   |   16|   0|   16|          0|
    |data_array_716_fu_4578   |   16|   0|   16|          0|
    |data_array_717_fu_4582   |   16|   0|   16|          0|
    |data_array_718_fu_4586   |   16|   0|   16|          0|
    |data_array_719_fu_4590   |   16|   0|   16|          0|
    |data_array_71_fu_1998    |   16|   0|   16|          0|
    |data_array_720_fu_4594   |   16|   0|   16|          0|
    |data_array_721_fu_4598   |   16|   0|   16|          0|
    |data_array_722_fu_4602   |   16|   0|   16|          0|
    |data_array_723_fu_4606   |   16|   0|   16|          0|
    |data_array_724_fu_4610   |   16|   0|   16|          0|
    |data_array_725_fu_4614   |   16|   0|   16|          0|
    |data_array_726_fu_4618   |   16|   0|   16|          0|
    |data_array_727_fu_4622   |   16|   0|   16|          0|
    |data_array_728_fu_4626   |   16|   0|   16|          0|
    |data_array_729_fu_4630   |   16|   0|   16|          0|
    |data_array_72_fu_2002    |   16|   0|   16|          0|
    |data_array_730_fu_4634   |   16|   0|   16|          0|
    |data_array_731_fu_4638   |   16|   0|   16|          0|
    |data_array_732_fu_4642   |   16|   0|   16|          0|
    |data_array_733_fu_4646   |   16|   0|   16|          0|
    |data_array_734_fu_4650   |   16|   0|   16|          0|
    |data_array_735_fu_4654   |   16|   0|   16|          0|
    |data_array_736_fu_4658   |   16|   0|   16|          0|
    |data_array_737_fu_4662   |   16|   0|   16|          0|
    |data_array_738_fu_4666   |   16|   0|   16|          0|
    |data_array_739_fu_4670   |   16|   0|   16|          0|
    |data_array_73_fu_2006    |   16|   0|   16|          0|
    |data_array_740_fu_4674   |   16|   0|   16|          0|
    |data_array_741_fu_4678   |   16|   0|   16|          0|
    |data_array_742_fu_4682   |   16|   0|   16|          0|
    |data_array_743_fu_4686   |   16|   0|   16|          0|
    |data_array_744_fu_4690   |   16|   0|   16|          0|
    |data_array_745_fu_4694   |   16|   0|   16|          0|
    |data_array_746_fu_4698   |   16|   0|   16|          0|
    |data_array_747_fu_4702   |   16|   0|   16|          0|
    |data_array_748_fu_4706   |   16|   0|   16|          0|
    |data_array_749_fu_4710   |   16|   0|   16|          0|
    |data_array_74_fu_2010    |   16|   0|   16|          0|
    |data_array_750_fu_4714   |   16|   0|   16|          0|
    |data_array_751_fu_4718   |   16|   0|   16|          0|
    |data_array_752_fu_4722   |   16|   0|   16|          0|
    |data_array_753_fu_4726   |   16|   0|   16|          0|
    |data_array_754_fu_4730   |   16|   0|   16|          0|
    |data_array_755_fu_4734   |   16|   0|   16|          0|
    |data_array_756_fu_4738   |   16|   0|   16|          0|
    |data_array_757_fu_4742   |   16|   0|   16|          0|
    |data_array_758_fu_4746   |   16|   0|   16|          0|
    |data_array_759_fu_4750   |   16|   0|   16|          0|
    |data_array_75_fu_2014    |   16|   0|   16|          0|
    |data_array_760_fu_4754   |   16|   0|   16|          0|
    |data_array_761_fu_4758   |   16|   0|   16|          0|
    |data_array_762_fu_4762   |   16|   0|   16|          0|
    |data_array_763_fu_4766   |   16|   0|   16|          0|
    |data_array_764_fu_4770   |   16|   0|   16|          0|
    |data_array_765_fu_4774   |   16|   0|   16|          0|
    |data_array_766_fu_4778   |   16|   0|   16|          0|
    |data_array_767_fu_4782   |   16|   0|   16|          0|
    |data_array_768_fu_4786   |   16|   0|   16|          0|
    |data_array_769_fu_4790   |   16|   0|   16|          0|
    |data_array_76_fu_2018    |   16|   0|   16|          0|
    |data_array_770_fu_4794   |   16|   0|   16|          0|
    |data_array_771_fu_4798   |   16|   0|   16|          0|
    |data_array_772_fu_4802   |   16|   0|   16|          0|
    |data_array_773_fu_4806   |   16|   0|   16|          0|
    |data_array_774_fu_4810   |   16|   0|   16|          0|
    |data_array_775_fu_4814   |   16|   0|   16|          0|
    |data_array_776_fu_4818   |   16|   0|   16|          0|
    |data_array_777_fu_4822   |   16|   0|   16|          0|
    |data_array_778_fu_4826   |   16|   0|   16|          0|
    |data_array_779_fu_4830   |   16|   0|   16|          0|
    |data_array_77_fu_2022    |   16|   0|   16|          0|
    |data_array_780_fu_4834   |   16|   0|   16|          0|
    |data_array_781_fu_4838   |   16|   0|   16|          0|
    |data_array_782_fu_4842   |   16|   0|   16|          0|
    |data_array_783_fu_4846   |   16|   0|   16|          0|
    |data_array_78_fu_2026    |   16|   0|   16|          0|
    |data_array_79_fu_2030    |   16|   0|   16|          0|
    |data_array_7_fu_1742     |   16|   0|   16|          0|
    |data_array_80_fu_2034    |   16|   0|   16|          0|
    |data_array_81_fu_2038    |   16|   0|   16|          0|
    |data_array_82_fu_2042    |   16|   0|   16|          0|
    |data_array_83_fu_2046    |   16|   0|   16|          0|
    |data_array_84_fu_2050    |   16|   0|   16|          0|
    |data_array_85_fu_2054    |   16|   0|   16|          0|
    |data_array_86_fu_2058    |   16|   0|   16|          0|
    |data_array_87_fu_2062    |   16|   0|   16|          0|
    |data_array_88_fu_2066    |   16|   0|   16|          0|
    |data_array_89_fu_2070    |   16|   0|   16|          0|
    |data_array_8_fu_1746     |   16|   0|   16|          0|
    |data_array_90_fu_2074    |   16|   0|   16|          0|
    |data_array_91_fu_2078    |   16|   0|   16|          0|
    |data_array_92_fu_2082    |   16|   0|   16|          0|
    |data_array_93_fu_2086    |   16|   0|   16|          0|
    |data_array_94_fu_2090    |   16|   0|   16|          0|
    |data_array_95_fu_2094    |   16|   0|   16|          0|
    |data_array_96_fu_2098    |   16|   0|   16|          0|
    |data_array_97_fu_2102    |   16|   0|   16|          0|
    |data_array_98_fu_2106    |   16|   0|   16|          0|
    |data_array_99_fu_2110    |   16|   0|   16|          0|
    |data_array_9_fu_1750     |   16|   0|   16|          0|
    |data_array_fu_1714       |   16|   0|   16|          0|
    |i_2_reg_22413            |    5|   0|    5|          0|
    |i_fu_1710                |    5|   0|    5|          0|
    +-------------------------+-----+----+-----+-----------+
    |Total                    |12562|   0|12562|          0|
    +-------------------------+-----+----+-----+-----------+



================================================================
== Interface
================================================================
* Summary: 
+---------------------------+-----+-----+------------+-----------------------------------------------------------------------+--------------+
|         RTL Ports         | Dir | Bits|  Protocol  |                             Source Object                             |    C Type    |
+---------------------------+-----+-----+------------+-----------------------------------------------------------------------+--------------+
|ap_clk                     |   in|    1|  ap_ctrl_hs|  transpose<array,array<ap_fixed,1u>,config10>_Pipeline_VITIS_LOOP_45_1|  return value|
|ap_rst                     |   in|    1|  ap_ctrl_hs|  transpose<array,array<ap_fixed,1u>,config10>_Pipeline_VITIS_LOOP_45_1|  return value|
|ap_start                   |   in|    1|  ap_ctrl_hs|  transpose<array,array<ap_fixed,1u>,config10>_Pipeline_VITIS_LOOP_45_1|  return value|
|ap_done                    |  out|    1|  ap_ctrl_hs|  transpose<array,array<ap_fixed,1u>,config10>_Pipeline_VITIS_LOOP_45_1|  return value|
|ap_idle                    |  out|    1|  ap_ctrl_hs|  transpose<array,array<ap_fixed,1u>,config10>_Pipeline_VITIS_LOOP_45_1|  return value|
|ap_ready                   |  out|    1|  ap_ctrl_hs|  transpose<array,array<ap_fixed,1u>,config10>_Pipeline_VITIS_LOOP_45_1|  return value|
|global_in_TVALID           |   in|    1|        axis|                                                              global_in|       pointer|
|global_in_TDATA            |   in|  448|        axis|                                                              global_in|       pointer|
|global_in_TREADY           |  out|    1|        axis|                                                              global_in|       pointer|
|data_array_783_out         |  out|   16|      ap_vld|                                                     data_array_783_out|       pointer|
|data_array_783_out_ap_vld  |  out|    1|      ap_vld|                                                     data_array_783_out|       pointer|
|data_array_782_out         |  out|   16|      ap_vld|                                                     data_array_782_out|       pointer|
|data_array_782_out_ap_vld  |  out|    1|      ap_vld|                                                     data_array_782_out|       pointer|
|data_array_781_out         |  out|   16|      ap_vld|                                                     data_array_781_out|       pointer|
|data_array_781_out_ap_vld  |  out|    1|      ap_vld|                                                     data_array_781_out|       pointer|
|data_array_780_out         |  out|   16|      ap_vld|                                                     data_array_780_out|       pointer|
|data_array_780_out_ap_vld  |  out|    1|      ap_vld|                                                     data_array_780_out|       pointer|
|data_array_779_out         |  out|   16|      ap_vld|                                                     data_array_779_out|       pointer|
|data_array_779_out_ap_vld  |  out|    1|      ap_vld|                                                     data_array_779_out|       pointer|
|data_array_778_out         |  out|   16|      ap_vld|                                                     data_array_778_out|       pointer|
|data_array_778_out_ap_vld  |  out|    1|      ap_vld|                                                     data_array_778_out|       pointer|
|data_array_777_out         |  out|   16|      ap_vld|                                                     data_array_777_out|       pointer|
|data_array_777_out_ap_vld  |  out|    1|      ap_vld|                                                     data_array_777_out|       pointer|
|data_array_776_out         |  out|   16|      ap_vld|                                                     data_array_776_out|       pointer|
|data_array_776_out_ap_vld  |  out|    1|      ap_vld|                                                     data_array_776_out|       pointer|
|data_array_775_out         |  out|   16|      ap_vld|                                                     data_array_775_out|       pointer|
|data_array_775_out_ap_vld  |  out|    1|      ap_vld|                                                     data_array_775_out|       pointer|
|data_array_774_out         |  out|   16|      ap_vld|                                                     data_array_774_out|       pointer|
|data_array_774_out_ap_vld  |  out|    1|      ap_vld|                                                     data_array_774_out|       pointer|
|data_array_773_out         |  out|   16|      ap_vld|                                                     data_array_773_out|       pointer|
|data_array_773_out_ap_vld  |  out|    1|      ap_vld|                                                     data_array_773_out|       pointer|
|data_array_772_out         |  out|   16|      ap_vld|                                                     data_array_772_out|       pointer|
|data_array_772_out_ap_vld  |  out|    1|      ap_vld|                                                     data_array_772_out|       pointer|
|data_array_771_out         |  out|   16|      ap_vld|                                                     data_array_771_out|       pointer|
|data_array_771_out_ap_vld  |  out|    1|      ap_vld|                                                     data_array_771_out|       pointer|
|data_array_770_out         |  out|   16|      ap_vld|                                                     data_array_770_out|       pointer|
|data_array_770_out_ap_vld  |  out|    1|      ap_vld|                                                     data_array_770_out|       pointer|
|data_array_769_out         |  out|   16|      ap_vld|                                                     data_array_769_out|       pointer|
|data_array_769_out_ap_vld  |  out|    1|      ap_vld|                                                     data_array_769_out|       pointer|
|data_array_768_out         |  out|   16|      ap_vld|                                                     data_array_768_out|       pointer|
|data_array_768_out_ap_vld  |  out|    1|      ap_vld|                                                     data_array_768_out|       pointer|
|data_array_767_out         |  out|   16|      ap_vld|                                                     data_array_767_out|       pointer|
|data_array_767_out_ap_vld  |  out|    1|      ap_vld|                                                     data_array_767_out|       pointer|
|data_array_766_out         |  out|   16|      ap_vld|                                                     data_array_766_out|       pointer|
|data_array_766_out_ap_vld  |  out|    1|      ap_vld|                                                     data_array_766_out|       pointer|
|data_array_765_out         |  out|   16|      ap_vld|                                                     data_array_765_out|       pointer|
|data_array_765_out_ap_vld  |  out|    1|      ap_vld|                                                     data_array_765_out|       pointer|
|data_array_764_out         |  out|   16|      ap_vld|                                                     data_array_764_out|       pointer|
|data_array_764_out_ap_vld  |  out|    1|      ap_vld|                                                     data_array_764_out|       pointer|
|data_array_763_out         |  out|   16|      ap_vld|                                                     data_array_763_out|       pointer|
|data_array_763_out_ap_vld  |  out|    1|      ap_vld|                                                     data_array_763_out|       pointer|
|data_array_762_out         |  out|   16|      ap_vld|                                                     data_array_762_out|       pointer|
|data_array_762_out_ap_vld  |  out|    1|      ap_vld|                                                     data_array_762_out|       pointer|
|data_array_761_out         |  out|   16|      ap_vld|                                                     data_array_761_out|       pointer|
|data_array_761_out_ap_vld  |  out|    1|      ap_vld|                                                     data_array_761_out|       pointer|
|data_array_760_out         |  out|   16|      ap_vld|                                                     data_array_760_out|       pointer|
|data_array_760_out_ap_vld  |  out|    1|      ap_vld|                                                     data_array_760_out|       pointer|
|data_array_759_out         |  out|   16|      ap_vld|                                                     data_array_759_out|       pointer|
|data_array_759_out_ap_vld  |  out|    1|      ap_vld|                                                     data_array_759_out|       pointer|
|data_array_758_out         |  out|   16|      ap_vld|                                                     data_array_758_out|       pointer|
|data_array_758_out_ap_vld  |  out|    1|      ap_vld|                                                     data_array_758_out|       pointer|
|data_array_757_out         |  out|   16|      ap_vld|                                                     data_array_757_out|       pointer|
|data_array_757_out_ap_vld  |  out|    1|      ap_vld|                                                     data_array_757_out|       pointer|
|data_array_756_out         |  out|   16|      ap_vld|                                                     data_array_756_out|       pointer|
|data_array_756_out_ap_vld  |  out|    1|      ap_vld|                                                     data_array_756_out|       pointer|
|data_array_755_out         |  out|   16|      ap_vld|                                                     data_array_755_out|       pointer|
|data_array_755_out_ap_vld  |  out|    1|      ap_vld|                                                     data_array_755_out|       pointer|
|data_array_754_out         |  out|   16|      ap_vld|                                                     data_array_754_out|       pointer|
|data_array_754_out_ap_vld  |  out|    1|      ap_vld|                                                     data_array_754_out|       pointer|
|data_array_753_out         |  out|   16|      ap_vld|                                                     data_array_753_out|       pointer|
|data_array_753_out_ap_vld  |  out|    1|      ap_vld|                                                     data_array_753_out|       pointer|
|data_array_752_out         |  out|   16|      ap_vld|                                                     data_array_752_out|       pointer|
|data_array_752_out_ap_vld  |  out|    1|      ap_vld|                                                     data_array_752_out|       pointer|
|data_array_751_out         |  out|   16|      ap_vld|                                                     data_array_751_out|       pointer|
|data_array_751_out_ap_vld  |  out|    1|      ap_vld|                                                     data_array_751_out|       pointer|
|data_array_750_out         |  out|   16|      ap_vld|                                                     data_array_750_out|       pointer|
|data_array_750_out_ap_vld  |  out|    1|      ap_vld|                                                     data_array_750_out|       pointer|
|data_array_749_out         |  out|   16|      ap_vld|                                                     data_array_749_out|       pointer|
|data_array_749_out_ap_vld  |  out|    1|      ap_vld|                                                     data_array_749_out|       pointer|
|data_array_748_out         |  out|   16|      ap_vld|                                                     data_array_748_out|       pointer|
|data_array_748_out_ap_vld  |  out|    1|      ap_vld|                                                     data_array_748_out|       pointer|
|data_array_747_out         |  out|   16|      ap_vld|                                                     data_array_747_out|       pointer|
|data_array_747_out_ap_vld  |  out|    1|      ap_vld|                                                     data_array_747_out|       pointer|
|data_array_746_out         |  out|   16|      ap_vld|                                                     data_array_746_out|       pointer|
|data_array_746_out_ap_vld  |  out|    1|      ap_vld|                                                     data_array_746_out|       pointer|
|data_array_745_out         |  out|   16|      ap_vld|                                                     data_array_745_out|       pointer|
|data_array_745_out_ap_vld  |  out|    1|      ap_vld|                                                     data_array_745_out|       pointer|
|data_array_744_out         |  out|   16|      ap_vld|                                                     data_array_744_out|       pointer|
|data_array_744_out_ap_vld  |  out|    1|      ap_vld|                                                     data_array_744_out|       pointer|
|data_array_743_out         |  out|   16|      ap_vld|                                                     data_array_743_out|       pointer|
|data_array_743_out_ap_vld  |  out|    1|      ap_vld|                                                     data_array_743_out|       pointer|
|data_array_742_out         |  out|   16|      ap_vld|                                                     data_array_742_out|       pointer|
|data_array_742_out_ap_vld  |  out|    1|      ap_vld|                                                     data_array_742_out|       pointer|
|data_array_741_out         |  out|   16|      ap_vld|                                                     data_array_741_out|       pointer|
|data_array_741_out_ap_vld  |  out|    1|      ap_vld|                                                     data_array_741_out|       pointer|
|data_array_740_out         |  out|   16|      ap_vld|                                                     data_array_740_out|       pointer|
|data_array_740_out_ap_vld  |  out|    1|      ap_vld|                                                     data_array_740_out|       pointer|
|data_array_739_out         |  out|   16|      ap_vld|                                                     data_array_739_out|       pointer|
|data_array_739_out_ap_vld  |  out|    1|      ap_vld|                                                     data_array_739_out|       pointer|
|data_array_738_out         |  out|   16|      ap_vld|                                                     data_array_738_out|       pointer|
|data_array_738_out_ap_vld  |  out|    1|      ap_vld|                                                     data_array_738_out|       pointer|
|data_array_737_out         |  out|   16|      ap_vld|                                                     data_array_737_out|       pointer|
|data_array_737_out_ap_vld  |  out|    1|      ap_vld|                                                     data_array_737_out|       pointer|
|data_array_736_out         |  out|   16|      ap_vld|                                                     data_array_736_out|       pointer|
|data_array_736_out_ap_vld  |  out|    1|      ap_vld|                                                     data_array_736_out|       pointer|
|data_array_735_out         |  out|   16|      ap_vld|                                                     data_array_735_out|       pointer|
|data_array_735_out_ap_vld  |  out|    1|      ap_vld|                                                     data_array_735_out|       pointer|
|data_array_734_out         |  out|   16|      ap_vld|                                                     data_array_734_out|       pointer|
|data_array_734_out_ap_vld  |  out|    1|      ap_vld|                                                     data_array_734_out|       pointer|
|data_array_733_out         |  out|   16|      ap_vld|                                                     data_array_733_out|       pointer|
|data_array_733_out_ap_vld  |  out|    1|      ap_vld|                                                     data_array_733_out|       pointer|
|data_array_732_out         |  out|   16|      ap_vld|                                                     data_array_732_out|       pointer|
|data_array_732_out_ap_vld  |  out|    1|      ap_vld|                                                     data_array_732_out|       pointer|
|data_array_731_out         |  out|   16|      ap_vld|                                                     data_array_731_out|       pointer|
|data_array_731_out_ap_vld  |  out|    1|      ap_vld|                                                     data_array_731_out|       pointer|
|data_array_730_out         |  out|   16|      ap_vld|                                                     data_array_730_out|       pointer|
|data_array_730_out_ap_vld  |  out|    1|      ap_vld|                                                     data_array_730_out|       pointer|
|data_array_729_out         |  out|   16|      ap_vld|                                                     data_array_729_out|       pointer|
|data_array_729_out_ap_vld  |  out|    1|      ap_vld|                                                     data_array_729_out|       pointer|
|data_array_728_out         |  out|   16|      ap_vld|                                                     data_array_728_out|       pointer|
|data_array_728_out_ap_vld  |  out|    1|      ap_vld|                                                     data_array_728_out|       pointer|
|data_array_727_out         |  out|   16|      ap_vld|                                                     data_array_727_out|       pointer|
|data_array_727_out_ap_vld  |  out|    1|      ap_vld|                                                     data_array_727_out|       pointer|
|data_array_726_out         |  out|   16|      ap_vld|                                                     data_array_726_out|       pointer|
|data_array_726_out_ap_vld  |  out|    1|      ap_vld|                                                     data_array_726_out|       pointer|
|data_array_725_out         |  out|   16|      ap_vld|                                                     data_array_725_out|       pointer|
|data_array_725_out_ap_vld  |  out|    1|      ap_vld|                                                     data_array_725_out|       pointer|
|data_array_724_out         |  out|   16|      ap_vld|                                                     data_array_724_out|       pointer|
|data_array_724_out_ap_vld  |  out|    1|      ap_vld|                                                     data_array_724_out|       pointer|
|data_array_723_out         |  out|   16|      ap_vld|                                                     data_array_723_out|       pointer|
|data_array_723_out_ap_vld  |  out|    1|      ap_vld|                                                     data_array_723_out|       pointer|
|data_array_722_out         |  out|   16|      ap_vld|                                                     data_array_722_out|       pointer|
|data_array_722_out_ap_vld  |  out|    1|      ap_vld|                                                     data_array_722_out|       pointer|
|data_array_721_out         |  out|   16|      ap_vld|                                                     data_array_721_out|       pointer|
|data_array_721_out_ap_vld  |  out|    1|      ap_vld|                                                     data_array_721_out|       pointer|
|data_array_720_out         |  out|   16|      ap_vld|                                                     data_array_720_out|       pointer|
|data_array_720_out_ap_vld  |  out|    1|      ap_vld|                                                     data_array_720_out|       pointer|
|data_array_719_out         |  out|   16|      ap_vld|                                                     data_array_719_out|       pointer|
|data_array_719_out_ap_vld  |  out|    1|      ap_vld|                                                     data_array_719_out|       pointer|
|data_array_718_out         |  out|   16|      ap_vld|                                                     data_array_718_out|       pointer|
|data_array_718_out_ap_vld  |  out|    1|      ap_vld|                                                     data_array_718_out|       pointer|
|data_array_717_out         |  out|   16|      ap_vld|                                                     data_array_717_out|       pointer|
|data_array_717_out_ap_vld  |  out|    1|      ap_vld|                                                     data_array_717_out|       pointer|
|data_array_716_out         |  out|   16|      ap_vld|                                                     data_array_716_out|       pointer|
|data_array_716_out_ap_vld  |  out|    1|      ap_vld|                                                     data_array_716_out|       pointer|
|data_array_715_out         |  out|   16|      ap_vld|                                                     data_array_715_out|       pointer|
|data_array_715_out_ap_vld  |  out|    1|      ap_vld|                                                     data_array_715_out|       pointer|
|data_array_714_out         |  out|   16|      ap_vld|                                                     data_array_714_out|       pointer|
|data_array_714_out_ap_vld  |  out|    1|      ap_vld|                                                     data_array_714_out|       pointer|
|data_array_713_out         |  out|   16|      ap_vld|                                                     data_array_713_out|       pointer|
|data_array_713_out_ap_vld  |  out|    1|      ap_vld|                                                     data_array_713_out|       pointer|
|data_array_712_out         |  out|   16|      ap_vld|                                                     data_array_712_out|       pointer|
|data_array_712_out_ap_vld  |  out|    1|      ap_vld|                                                     data_array_712_out|       pointer|
|data_array_711_out         |  out|   16|      ap_vld|                                                     data_array_711_out|       pointer|
|data_array_711_out_ap_vld  |  out|    1|      ap_vld|                                                     data_array_711_out|       pointer|
|data_array_710_out         |  out|   16|      ap_vld|                                                     data_array_710_out|       pointer|
|data_array_710_out_ap_vld  |  out|    1|      ap_vld|                                                     data_array_710_out|       pointer|
|data_array_709_out         |  out|   16|      ap_vld|                                                     data_array_709_out|       pointer|
|data_array_709_out_ap_vld  |  out|    1|      ap_vld|                                                     data_array_709_out|       pointer|
|data_array_708_out         |  out|   16|      ap_vld|                                                     data_array_708_out|       pointer|
|data_array_708_out_ap_vld  |  out|    1|      ap_vld|                                                     data_array_708_out|       pointer|
|data_array_707_out         |  out|   16|      ap_vld|                                                     data_array_707_out|       pointer|
|data_array_707_out_ap_vld  |  out|    1|      ap_vld|                                                     data_array_707_out|       pointer|
|data_array_706_out         |  out|   16|      ap_vld|                                                     data_array_706_out|       pointer|
|data_array_706_out_ap_vld  |  out|    1|      ap_vld|                                                     data_array_706_out|       pointer|
|data_array_705_out         |  out|   16|      ap_vld|                                                     data_array_705_out|       pointer|
|data_array_705_out_ap_vld  |  out|    1|      ap_vld|                                                     data_array_705_out|       pointer|
|data_array_704_out         |  out|   16|      ap_vld|                                                     data_array_704_out|       pointer|
|data_array_704_out_ap_vld  |  out|    1|      ap_vld|                                                     data_array_704_out|       pointer|
|data_array_703_out         |  out|   16|      ap_vld|                                                     data_array_703_out|       pointer|
|data_array_703_out_ap_vld  |  out|    1|      ap_vld|                                                     data_array_703_out|       pointer|
|data_array_702_out         |  out|   16|      ap_vld|                                                     data_array_702_out|       pointer|
|data_array_702_out_ap_vld  |  out|    1|      ap_vld|                                                     data_array_702_out|       pointer|
|data_array_701_out         |  out|   16|      ap_vld|                                                     data_array_701_out|       pointer|
|data_array_701_out_ap_vld  |  out|    1|      ap_vld|                                                     data_array_701_out|       pointer|
|data_array_700_out         |  out|   16|      ap_vld|                                                     data_array_700_out|       pointer|
|data_array_700_out_ap_vld  |  out|    1|      ap_vld|                                                     data_array_700_out|       pointer|
|data_array_699_out         |  out|   16|      ap_vld|                                                     data_array_699_out|       pointer|
|data_array_699_out_ap_vld  |  out|    1|      ap_vld|                                                     data_array_699_out|       pointer|
|data_array_698_out         |  out|   16|      ap_vld|                                                     data_array_698_out|       pointer|
|data_array_698_out_ap_vld  |  out|    1|      ap_vld|                                                     data_array_698_out|       pointer|
|data_array_697_out         |  out|   16|      ap_vld|                                                     data_array_697_out|       pointer|
|data_array_697_out_ap_vld  |  out|    1|      ap_vld|                                                     data_array_697_out|       pointer|
|data_array_696_out         |  out|   16|      ap_vld|                                                     data_array_696_out|       pointer|
|data_array_696_out_ap_vld  |  out|    1|      ap_vld|                                                     data_array_696_out|       pointer|
|data_array_695_out         |  out|   16|      ap_vld|                                                     data_array_695_out|       pointer|
|data_array_695_out_ap_vld  |  out|    1|      ap_vld|                                                     data_array_695_out|       pointer|
|data_array_694_out         |  out|   16|      ap_vld|                                                     data_array_694_out|       pointer|
|data_array_694_out_ap_vld  |  out|    1|      ap_vld|                                                     data_array_694_out|       pointer|
|data_array_693_out         |  out|   16|      ap_vld|                                                     data_array_693_out|       pointer|
|data_array_693_out_ap_vld  |  out|    1|      ap_vld|                                                     data_array_693_out|       pointer|
|data_array_692_out         |  out|   16|      ap_vld|                                                     data_array_692_out|       pointer|
|data_array_692_out_ap_vld  |  out|    1|      ap_vld|                                                     data_array_692_out|       pointer|
|data_array_691_out         |  out|   16|      ap_vld|                                                     data_array_691_out|       pointer|
|data_array_691_out_ap_vld  |  out|    1|      ap_vld|                                                     data_array_691_out|       pointer|
|data_array_690_out         |  out|   16|      ap_vld|                                                     data_array_690_out|       pointer|
|data_array_690_out_ap_vld  |  out|    1|      ap_vld|                                                     data_array_690_out|       pointer|
|data_array_689_out         |  out|   16|      ap_vld|                                                     data_array_689_out|       pointer|
|data_array_689_out_ap_vld  |  out|    1|      ap_vld|                                                     data_array_689_out|       pointer|
|data_array_688_out         |  out|   16|      ap_vld|                                                     data_array_688_out|       pointer|
|data_array_688_out_ap_vld  |  out|    1|      ap_vld|                                                     data_array_688_out|       pointer|
|data_array_687_out         |  out|   16|      ap_vld|                                                     data_array_687_out|       pointer|
|data_array_687_out_ap_vld  |  out|    1|      ap_vld|                                                     data_array_687_out|       pointer|
|data_array_686_out         |  out|   16|      ap_vld|                                                     data_array_686_out|       pointer|
|data_array_686_out_ap_vld  |  out|    1|      ap_vld|                                                     data_array_686_out|       pointer|
|data_array_685_out         |  out|   16|      ap_vld|                                                     data_array_685_out|       pointer|
|data_array_685_out_ap_vld  |  out|    1|      ap_vld|                                                     data_array_685_out|       pointer|
|data_array_684_out         |  out|   16|      ap_vld|                                                     data_array_684_out|       pointer|
|data_array_684_out_ap_vld  |  out|    1|      ap_vld|                                                     data_array_684_out|       pointer|
|data_array_683_out         |  out|   16|      ap_vld|                                                     data_array_683_out|       pointer|
|data_array_683_out_ap_vld  |  out|    1|      ap_vld|                                                     data_array_683_out|       pointer|
|data_array_682_out         |  out|   16|      ap_vld|                                                     data_array_682_out|       pointer|
|data_array_682_out_ap_vld  |  out|    1|      ap_vld|                                                     data_array_682_out|       pointer|
|data_array_681_out         |  out|   16|      ap_vld|                                                     data_array_681_out|       pointer|
|data_array_681_out_ap_vld  |  out|    1|      ap_vld|                                                     data_array_681_out|       pointer|
|data_array_680_out         |  out|   16|      ap_vld|                                                     data_array_680_out|       pointer|
|data_array_680_out_ap_vld  |  out|    1|      ap_vld|                                                     data_array_680_out|       pointer|
|data_array_679_out         |  out|   16|      ap_vld|                                                     data_array_679_out|       pointer|
|data_array_679_out_ap_vld  |  out|    1|      ap_vld|                                                     data_array_679_out|       pointer|
|data_array_678_out         |  out|   16|      ap_vld|                                                     data_array_678_out|       pointer|
|data_array_678_out_ap_vld  |  out|    1|      ap_vld|                                                     data_array_678_out|       pointer|
|data_array_677_out         |  out|   16|      ap_vld|                                                     data_array_677_out|       pointer|
|data_array_677_out_ap_vld  |  out|    1|      ap_vld|                                                     data_array_677_out|       pointer|
|data_array_676_out         |  out|   16|      ap_vld|                                                     data_array_676_out|       pointer|
|data_array_676_out_ap_vld  |  out|    1|      ap_vld|                                                     data_array_676_out|       pointer|
|data_array_675_out         |  out|   16|      ap_vld|                                                     data_array_675_out|       pointer|
|data_array_675_out_ap_vld  |  out|    1|      ap_vld|                                                     data_array_675_out|       pointer|
|data_array_674_out         |  out|   16|      ap_vld|                                                     data_array_674_out|       pointer|
|data_array_674_out_ap_vld  |  out|    1|      ap_vld|                                                     data_array_674_out|       pointer|
|data_array_673_out         |  out|   16|      ap_vld|                                                     data_array_673_out|       pointer|
|data_array_673_out_ap_vld  |  out|    1|      ap_vld|                                                     data_array_673_out|       pointer|
|data_array_672_out         |  out|   16|      ap_vld|                                                     data_array_672_out|       pointer|
|data_array_672_out_ap_vld  |  out|    1|      ap_vld|                                                     data_array_672_out|       pointer|
|data_array_671_out         |  out|   16|      ap_vld|                                                     data_array_671_out|       pointer|
|data_array_671_out_ap_vld  |  out|    1|      ap_vld|                                                     data_array_671_out|       pointer|
|data_array_670_out         |  out|   16|      ap_vld|                                                     data_array_670_out|       pointer|
|data_array_670_out_ap_vld  |  out|    1|      ap_vld|                                                     data_array_670_out|       pointer|
|data_array_669_out         |  out|   16|      ap_vld|                                                     data_array_669_out|       pointer|
|data_array_669_out_ap_vld  |  out|    1|      ap_vld|                                                     data_array_669_out|       pointer|
|data_array_668_out         |  out|   16|      ap_vld|                                                     data_array_668_out|       pointer|
|data_array_668_out_ap_vld  |  out|    1|      ap_vld|                                                     data_array_668_out|       pointer|
|data_array_667_out         |  out|   16|      ap_vld|                                                     data_array_667_out|       pointer|
|data_array_667_out_ap_vld  |  out|    1|      ap_vld|                                                     data_array_667_out|       pointer|
|data_array_666_out         |  out|   16|      ap_vld|                                                     data_array_666_out|       pointer|
|data_array_666_out_ap_vld  |  out|    1|      ap_vld|                                                     data_array_666_out|       pointer|
|data_array_665_out         |  out|   16|      ap_vld|                                                     data_array_665_out|       pointer|
|data_array_665_out_ap_vld  |  out|    1|      ap_vld|                                                     data_array_665_out|       pointer|
|data_array_664_out         |  out|   16|      ap_vld|                                                     data_array_664_out|       pointer|
|data_array_664_out_ap_vld  |  out|    1|      ap_vld|                                                     data_array_664_out|       pointer|
|data_array_663_out         |  out|   16|      ap_vld|                                                     data_array_663_out|       pointer|
|data_array_663_out_ap_vld  |  out|    1|      ap_vld|                                                     data_array_663_out|       pointer|
|data_array_662_out         |  out|   16|      ap_vld|                                                     data_array_662_out|       pointer|
|data_array_662_out_ap_vld  |  out|    1|      ap_vld|                                                     data_array_662_out|       pointer|
|data_array_661_out         |  out|   16|      ap_vld|                                                     data_array_661_out|       pointer|
|data_array_661_out_ap_vld  |  out|    1|      ap_vld|                                                     data_array_661_out|       pointer|
|data_array_660_out         |  out|   16|      ap_vld|                                                     data_array_660_out|       pointer|
|data_array_660_out_ap_vld  |  out|    1|      ap_vld|                                                     data_array_660_out|       pointer|
|data_array_659_out         |  out|   16|      ap_vld|                                                     data_array_659_out|       pointer|
|data_array_659_out_ap_vld  |  out|    1|      ap_vld|                                                     data_array_659_out|       pointer|
|data_array_658_out         |  out|   16|      ap_vld|                                                     data_array_658_out|       pointer|
|data_array_658_out_ap_vld  |  out|    1|      ap_vld|                                                     data_array_658_out|       pointer|
|data_array_657_out         |  out|   16|      ap_vld|                                                     data_array_657_out|       pointer|
|data_array_657_out_ap_vld  |  out|    1|      ap_vld|                                                     data_array_657_out|       pointer|
|data_array_656_out         |  out|   16|      ap_vld|                                                     data_array_656_out|       pointer|
|data_array_656_out_ap_vld  |  out|    1|      ap_vld|                                                     data_array_656_out|       pointer|
|data_array_655_out         |  out|   16|      ap_vld|                                                     data_array_655_out|       pointer|
|data_array_655_out_ap_vld  |  out|    1|      ap_vld|                                                     data_array_655_out|       pointer|
|data_array_654_out         |  out|   16|      ap_vld|                                                     data_array_654_out|       pointer|
|data_array_654_out_ap_vld  |  out|    1|      ap_vld|                                                     data_array_654_out|       pointer|
|data_array_653_out         |  out|   16|      ap_vld|                                                     data_array_653_out|       pointer|
|data_array_653_out_ap_vld  |  out|    1|      ap_vld|                                                     data_array_653_out|       pointer|
|data_array_652_out         |  out|   16|      ap_vld|                                                     data_array_652_out|       pointer|
|data_array_652_out_ap_vld  |  out|    1|      ap_vld|                                                     data_array_652_out|       pointer|
|data_array_651_out         |  out|   16|      ap_vld|                                                     data_array_651_out|       pointer|
|data_array_651_out_ap_vld  |  out|    1|      ap_vld|                                                     data_array_651_out|       pointer|
|data_array_650_out         |  out|   16|      ap_vld|                                                     data_array_650_out|       pointer|
|data_array_650_out_ap_vld  |  out|    1|      ap_vld|                                                     data_array_650_out|       pointer|
|data_array_649_out         |  out|   16|      ap_vld|                                                     data_array_649_out|       pointer|
|data_array_649_out_ap_vld  |  out|    1|      ap_vld|                                                     data_array_649_out|       pointer|
|data_array_648_out         |  out|   16|      ap_vld|                                                     data_array_648_out|       pointer|
|data_array_648_out_ap_vld  |  out|    1|      ap_vld|                                                     data_array_648_out|       pointer|
|data_array_647_out         |  out|   16|      ap_vld|                                                     data_array_647_out|       pointer|
|data_array_647_out_ap_vld  |  out|    1|      ap_vld|                                                     data_array_647_out|       pointer|
|data_array_646_out         |  out|   16|      ap_vld|                                                     data_array_646_out|       pointer|
|data_array_646_out_ap_vld  |  out|    1|      ap_vld|                                                     data_array_646_out|       pointer|
|data_array_645_out         |  out|   16|      ap_vld|                                                     data_array_645_out|       pointer|
|data_array_645_out_ap_vld  |  out|    1|      ap_vld|                                                     data_array_645_out|       pointer|
|data_array_644_out         |  out|   16|      ap_vld|                                                     data_array_644_out|       pointer|
|data_array_644_out_ap_vld  |  out|    1|      ap_vld|                                                     data_array_644_out|       pointer|
|data_array_643_out         |  out|   16|      ap_vld|                                                     data_array_643_out|       pointer|
|data_array_643_out_ap_vld  |  out|    1|      ap_vld|                                                     data_array_643_out|       pointer|
|data_array_642_out         |  out|   16|      ap_vld|                                                     data_array_642_out|       pointer|
|data_array_642_out_ap_vld  |  out|    1|      ap_vld|                                                     data_array_642_out|       pointer|
|data_array_641_out         |  out|   16|      ap_vld|                                                     data_array_641_out|       pointer|
|data_array_641_out_ap_vld  |  out|    1|      ap_vld|                                                     data_array_641_out|       pointer|
|data_array_640_out         |  out|   16|      ap_vld|                                                     data_array_640_out|       pointer|
|data_array_640_out_ap_vld  |  out|    1|      ap_vld|                                                     data_array_640_out|       pointer|
|data_array_639_out         |  out|   16|      ap_vld|                                                     data_array_639_out|       pointer|
|data_array_639_out_ap_vld  |  out|    1|      ap_vld|                                                     data_array_639_out|       pointer|
|data_array_638_out         |  out|   16|      ap_vld|                                                     data_array_638_out|       pointer|
|data_array_638_out_ap_vld  |  out|    1|      ap_vld|                                                     data_array_638_out|       pointer|
|data_array_637_out         |  out|   16|      ap_vld|                                                     data_array_637_out|       pointer|
|data_array_637_out_ap_vld  |  out|    1|      ap_vld|                                                     data_array_637_out|       pointer|
|data_array_636_out         |  out|   16|      ap_vld|                                                     data_array_636_out|       pointer|
|data_array_636_out_ap_vld  |  out|    1|      ap_vld|                                                     data_array_636_out|       pointer|
|data_array_635_out         |  out|   16|      ap_vld|                                                     data_array_635_out|       pointer|
|data_array_635_out_ap_vld  |  out|    1|      ap_vld|                                                     data_array_635_out|       pointer|
|data_array_634_out         |  out|   16|      ap_vld|                                                     data_array_634_out|       pointer|
|data_array_634_out_ap_vld  |  out|    1|      ap_vld|                                                     data_array_634_out|       pointer|
|data_array_633_out         |  out|   16|      ap_vld|                                                     data_array_633_out|       pointer|
|data_array_633_out_ap_vld  |  out|    1|      ap_vld|                                                     data_array_633_out|       pointer|
|data_array_632_out         |  out|   16|      ap_vld|                                                     data_array_632_out|       pointer|
|data_array_632_out_ap_vld  |  out|    1|      ap_vld|                                                     data_array_632_out|       pointer|
|data_array_631_out         |  out|   16|      ap_vld|                                                     data_array_631_out|       pointer|
|data_array_631_out_ap_vld  |  out|    1|      ap_vld|                                                     data_array_631_out|       pointer|
|data_array_630_out         |  out|   16|      ap_vld|                                                     data_array_630_out|       pointer|
|data_array_630_out_ap_vld  |  out|    1|      ap_vld|                                                     data_array_630_out|       pointer|
|data_array_629_out         |  out|   16|      ap_vld|                                                     data_array_629_out|       pointer|
|data_array_629_out_ap_vld  |  out|    1|      ap_vld|                                                     data_array_629_out|       pointer|
|data_array_628_out         |  out|   16|      ap_vld|                                                     data_array_628_out|       pointer|
|data_array_628_out_ap_vld  |  out|    1|      ap_vld|                                                     data_array_628_out|       pointer|
|data_array_627_out         |  out|   16|      ap_vld|                                                     data_array_627_out|       pointer|
|data_array_627_out_ap_vld  |  out|    1|      ap_vld|                                                     data_array_627_out|       pointer|
|data_array_626_out         |  out|   16|      ap_vld|                                                     data_array_626_out|       pointer|
|data_array_626_out_ap_vld  |  out|    1|      ap_vld|                                                     data_array_626_out|       pointer|
|data_array_625_out         |  out|   16|      ap_vld|                                                     data_array_625_out|       pointer|
|data_array_625_out_ap_vld  |  out|    1|      ap_vld|                                                     data_array_625_out|       pointer|
|data_array_624_out         |  out|   16|      ap_vld|                                                     data_array_624_out|       pointer|
|data_array_624_out_ap_vld  |  out|    1|      ap_vld|                                                     data_array_624_out|       pointer|
|data_array_623_out         |  out|   16|      ap_vld|                                                     data_array_623_out|       pointer|
|data_array_623_out_ap_vld  |  out|    1|      ap_vld|                                                     data_array_623_out|       pointer|
|data_array_622_out         |  out|   16|      ap_vld|                                                     data_array_622_out|       pointer|
|data_array_622_out_ap_vld  |  out|    1|      ap_vld|                                                     data_array_622_out|       pointer|
|data_array_621_out         |  out|   16|      ap_vld|                                                     data_array_621_out|       pointer|
|data_array_621_out_ap_vld  |  out|    1|      ap_vld|                                                     data_array_621_out|       pointer|
|data_array_620_out         |  out|   16|      ap_vld|                                                     data_array_620_out|       pointer|
|data_array_620_out_ap_vld  |  out|    1|      ap_vld|                                                     data_array_620_out|       pointer|
|data_array_619_out         |  out|   16|      ap_vld|                                                     data_array_619_out|       pointer|
|data_array_619_out_ap_vld  |  out|    1|      ap_vld|                                                     data_array_619_out|       pointer|
|data_array_618_out         |  out|   16|      ap_vld|                                                     data_array_618_out|       pointer|
|data_array_618_out_ap_vld  |  out|    1|      ap_vld|                                                     data_array_618_out|       pointer|
|data_array_617_out         |  out|   16|      ap_vld|                                                     data_array_617_out|       pointer|
|data_array_617_out_ap_vld  |  out|    1|      ap_vld|                                                     data_array_617_out|       pointer|
|data_array_616_out         |  out|   16|      ap_vld|                                                     data_array_616_out|       pointer|
|data_array_616_out_ap_vld  |  out|    1|      ap_vld|                                                     data_array_616_out|       pointer|
|data_array_615_out         |  out|   16|      ap_vld|                                                     data_array_615_out|       pointer|
|data_array_615_out_ap_vld  |  out|    1|      ap_vld|                                                     data_array_615_out|       pointer|
|data_array_614_out         |  out|   16|      ap_vld|                                                     data_array_614_out|       pointer|
|data_array_614_out_ap_vld  |  out|    1|      ap_vld|                                                     data_array_614_out|       pointer|
|data_array_613_out         |  out|   16|      ap_vld|                                                     data_array_613_out|       pointer|
|data_array_613_out_ap_vld  |  out|    1|      ap_vld|                                                     data_array_613_out|       pointer|
|data_array_612_out         |  out|   16|      ap_vld|                                                     data_array_612_out|       pointer|
|data_array_612_out_ap_vld  |  out|    1|      ap_vld|                                                     data_array_612_out|       pointer|
|data_array_611_out         |  out|   16|      ap_vld|                                                     data_array_611_out|       pointer|
|data_array_611_out_ap_vld  |  out|    1|      ap_vld|                                                     data_array_611_out|       pointer|
|data_array_610_out         |  out|   16|      ap_vld|                                                     data_array_610_out|       pointer|
|data_array_610_out_ap_vld  |  out|    1|      ap_vld|                                                     data_array_610_out|       pointer|
|data_array_609_out         |  out|   16|      ap_vld|                                                     data_array_609_out|       pointer|
|data_array_609_out_ap_vld  |  out|    1|      ap_vld|                                                     data_array_609_out|       pointer|
|data_array_608_out         |  out|   16|      ap_vld|                                                     data_array_608_out|       pointer|
|data_array_608_out_ap_vld  |  out|    1|      ap_vld|                                                     data_array_608_out|       pointer|
|data_array_607_out         |  out|   16|      ap_vld|                                                     data_array_607_out|       pointer|
|data_array_607_out_ap_vld  |  out|    1|      ap_vld|                                                     data_array_607_out|       pointer|
|data_array_606_out         |  out|   16|      ap_vld|                                                     data_array_606_out|       pointer|
|data_array_606_out_ap_vld  |  out|    1|      ap_vld|                                                     data_array_606_out|       pointer|
|data_array_605_out         |  out|   16|      ap_vld|                                                     data_array_605_out|       pointer|
|data_array_605_out_ap_vld  |  out|    1|      ap_vld|                                                     data_array_605_out|       pointer|
|data_array_604_out         |  out|   16|      ap_vld|                                                     data_array_604_out|       pointer|
|data_array_604_out_ap_vld  |  out|    1|      ap_vld|                                                     data_array_604_out|       pointer|
|data_array_603_out         |  out|   16|      ap_vld|                                                     data_array_603_out|       pointer|
|data_array_603_out_ap_vld  |  out|    1|      ap_vld|                                                     data_array_603_out|       pointer|
|data_array_602_out         |  out|   16|      ap_vld|                                                     data_array_602_out|       pointer|
|data_array_602_out_ap_vld  |  out|    1|      ap_vld|                                                     data_array_602_out|       pointer|
|data_array_601_out         |  out|   16|      ap_vld|                                                     data_array_601_out|       pointer|
|data_array_601_out_ap_vld  |  out|    1|      ap_vld|                                                     data_array_601_out|       pointer|
|data_array_600_out         |  out|   16|      ap_vld|                                                     data_array_600_out|       pointer|
|data_array_600_out_ap_vld  |  out|    1|      ap_vld|                                                     data_array_600_out|       pointer|
|data_array_599_out         |  out|   16|      ap_vld|                                                     data_array_599_out|       pointer|
|data_array_599_out_ap_vld  |  out|    1|      ap_vld|                                                     data_array_599_out|       pointer|
|data_array_598_out         |  out|   16|      ap_vld|                                                     data_array_598_out|       pointer|
|data_array_598_out_ap_vld  |  out|    1|      ap_vld|                                                     data_array_598_out|       pointer|
|data_array_597_out         |  out|   16|      ap_vld|                                                     data_array_597_out|       pointer|
|data_array_597_out_ap_vld  |  out|    1|      ap_vld|                                                     data_array_597_out|       pointer|
|data_array_596_out         |  out|   16|      ap_vld|                                                     data_array_596_out|       pointer|
|data_array_596_out_ap_vld  |  out|    1|      ap_vld|                                                     data_array_596_out|       pointer|
|data_array_595_out         |  out|   16|      ap_vld|                                                     data_array_595_out|       pointer|
|data_array_595_out_ap_vld  |  out|    1|      ap_vld|                                                     data_array_595_out|       pointer|
|data_array_594_out         |  out|   16|      ap_vld|                                                     data_array_594_out|       pointer|
|data_array_594_out_ap_vld  |  out|    1|      ap_vld|                                                     data_array_594_out|       pointer|
|data_array_593_out         |  out|   16|      ap_vld|                                                     data_array_593_out|       pointer|
|data_array_593_out_ap_vld  |  out|    1|      ap_vld|                                                     data_array_593_out|       pointer|
|data_array_592_out         |  out|   16|      ap_vld|                                                     data_array_592_out|       pointer|
|data_array_592_out_ap_vld  |  out|    1|      ap_vld|                                                     data_array_592_out|       pointer|
|data_array_591_out         |  out|   16|      ap_vld|                                                     data_array_591_out|       pointer|
|data_array_591_out_ap_vld  |  out|    1|      ap_vld|                                                     data_array_591_out|       pointer|
|data_array_590_out         |  out|   16|      ap_vld|                                                     data_array_590_out|       pointer|
|data_array_590_out_ap_vld  |  out|    1|      ap_vld|                                                     data_array_590_out|       pointer|
|data_array_589_out         |  out|   16|      ap_vld|                                                     data_array_589_out|       pointer|
|data_array_589_out_ap_vld  |  out|    1|      ap_vld|                                                     data_array_589_out|       pointer|
|data_array_588_out         |  out|   16|      ap_vld|                                                     data_array_588_out|       pointer|
|data_array_588_out_ap_vld  |  out|    1|      ap_vld|                                                     data_array_588_out|       pointer|
|data_array_587_out         |  out|   16|      ap_vld|                                                     data_array_587_out|       pointer|
|data_array_587_out_ap_vld  |  out|    1|      ap_vld|                                                     data_array_587_out|       pointer|
|data_array_586_out         |  out|   16|      ap_vld|                                                     data_array_586_out|       pointer|
|data_array_586_out_ap_vld  |  out|    1|      ap_vld|                                                     data_array_586_out|       pointer|
|data_array_585_out         |  out|   16|      ap_vld|                                                     data_array_585_out|       pointer|
|data_array_585_out_ap_vld  |  out|    1|      ap_vld|                                                     data_array_585_out|       pointer|
|data_array_584_out         |  out|   16|      ap_vld|                                                     data_array_584_out|       pointer|
|data_array_584_out_ap_vld  |  out|    1|      ap_vld|                                                     data_array_584_out|       pointer|
|data_array_583_out         |  out|   16|      ap_vld|                                                     data_array_583_out|       pointer|
|data_array_583_out_ap_vld  |  out|    1|      ap_vld|                                                     data_array_583_out|       pointer|
|data_array_582_out         |  out|   16|      ap_vld|                                                     data_array_582_out|       pointer|
|data_array_582_out_ap_vld  |  out|    1|      ap_vld|                                                     data_array_582_out|       pointer|
|data_array_581_out         |  out|   16|      ap_vld|                                                     data_array_581_out|       pointer|
|data_array_581_out_ap_vld  |  out|    1|      ap_vld|                                                     data_array_581_out|       pointer|
|data_array_580_out         |  out|   16|      ap_vld|                                                     data_array_580_out|       pointer|
|data_array_580_out_ap_vld  |  out|    1|      ap_vld|                                                     data_array_580_out|       pointer|
|data_array_579_out         |  out|   16|      ap_vld|                                                     data_array_579_out|       pointer|
|data_array_579_out_ap_vld  |  out|    1|      ap_vld|                                                     data_array_579_out|       pointer|
|data_array_578_out         |  out|   16|      ap_vld|                                                     data_array_578_out|       pointer|
|data_array_578_out_ap_vld  |  out|    1|      ap_vld|                                                     data_array_578_out|       pointer|
|data_array_577_out         |  out|   16|      ap_vld|                                                     data_array_577_out|       pointer|
|data_array_577_out_ap_vld  |  out|    1|      ap_vld|                                                     data_array_577_out|       pointer|
|data_array_576_out         |  out|   16|      ap_vld|                                                     data_array_576_out|       pointer|
|data_array_576_out_ap_vld  |  out|    1|      ap_vld|                                                     data_array_576_out|       pointer|
|data_array_575_out         |  out|   16|      ap_vld|                                                     data_array_575_out|       pointer|
|data_array_575_out_ap_vld  |  out|    1|      ap_vld|                                                     data_array_575_out|       pointer|
|data_array_574_out         |  out|   16|      ap_vld|                                                     data_array_574_out|       pointer|
|data_array_574_out_ap_vld  |  out|    1|      ap_vld|                                                     data_array_574_out|       pointer|
|data_array_573_out         |  out|   16|      ap_vld|                                                     data_array_573_out|       pointer|
|data_array_573_out_ap_vld  |  out|    1|      ap_vld|                                                     data_array_573_out|       pointer|
|data_array_572_out         |  out|   16|      ap_vld|                                                     data_array_572_out|       pointer|
|data_array_572_out_ap_vld  |  out|    1|      ap_vld|                                                     data_array_572_out|       pointer|
|data_array_571_out         |  out|   16|      ap_vld|                                                     data_array_571_out|       pointer|
|data_array_571_out_ap_vld  |  out|    1|      ap_vld|                                                     data_array_571_out|       pointer|
|data_array_570_out         |  out|   16|      ap_vld|                                                     data_array_570_out|       pointer|
|data_array_570_out_ap_vld  |  out|    1|      ap_vld|                                                     data_array_570_out|       pointer|
|data_array_569_out         |  out|   16|      ap_vld|                                                     data_array_569_out|       pointer|
|data_array_569_out_ap_vld  |  out|    1|      ap_vld|                                                     data_array_569_out|       pointer|
|data_array_568_out         |  out|   16|      ap_vld|                                                     data_array_568_out|       pointer|
|data_array_568_out_ap_vld  |  out|    1|      ap_vld|                                                     data_array_568_out|       pointer|
|data_array_567_out         |  out|   16|      ap_vld|                                                     data_array_567_out|       pointer|
|data_array_567_out_ap_vld  |  out|    1|      ap_vld|                                                     data_array_567_out|       pointer|
|data_array_566_out         |  out|   16|      ap_vld|                                                     data_array_566_out|       pointer|
|data_array_566_out_ap_vld  |  out|    1|      ap_vld|                                                     data_array_566_out|       pointer|
|data_array_565_out         |  out|   16|      ap_vld|                                                     data_array_565_out|       pointer|
|data_array_565_out_ap_vld  |  out|    1|      ap_vld|                                                     data_array_565_out|       pointer|
|data_array_564_out         |  out|   16|      ap_vld|                                                     data_array_564_out|       pointer|
|data_array_564_out_ap_vld  |  out|    1|      ap_vld|                                                     data_array_564_out|       pointer|
|data_array_563_out         |  out|   16|      ap_vld|                                                     data_array_563_out|       pointer|
|data_array_563_out_ap_vld  |  out|    1|      ap_vld|                                                     data_array_563_out|       pointer|
|data_array_562_out         |  out|   16|      ap_vld|                                                     data_array_562_out|       pointer|
|data_array_562_out_ap_vld  |  out|    1|      ap_vld|                                                     data_array_562_out|       pointer|
|data_array_561_out         |  out|   16|      ap_vld|                                                     data_array_561_out|       pointer|
|data_array_561_out_ap_vld  |  out|    1|      ap_vld|                                                     data_array_561_out|       pointer|
|data_array_560_out         |  out|   16|      ap_vld|                                                     data_array_560_out|       pointer|
|data_array_560_out_ap_vld  |  out|    1|      ap_vld|                                                     data_array_560_out|       pointer|
|data_array_559_out         |  out|   16|      ap_vld|                                                     data_array_559_out|       pointer|
|data_array_559_out_ap_vld  |  out|    1|      ap_vld|                                                     data_array_559_out|       pointer|
|data_array_558_out         |  out|   16|      ap_vld|                                                     data_array_558_out|       pointer|
|data_array_558_out_ap_vld  |  out|    1|      ap_vld|                                                     data_array_558_out|       pointer|
|data_array_557_out         |  out|   16|      ap_vld|                                                     data_array_557_out|       pointer|
|data_array_557_out_ap_vld  |  out|    1|      ap_vld|                                                     data_array_557_out|       pointer|
|data_array_556_out         |  out|   16|      ap_vld|                                                     data_array_556_out|       pointer|
|data_array_556_out_ap_vld  |  out|    1|      ap_vld|                                                     data_array_556_out|       pointer|
|data_array_555_out         |  out|   16|      ap_vld|                                                     data_array_555_out|       pointer|
|data_array_555_out_ap_vld  |  out|    1|      ap_vld|                                                     data_array_555_out|       pointer|
|data_array_554_out         |  out|   16|      ap_vld|                                                     data_array_554_out|       pointer|
|data_array_554_out_ap_vld  |  out|    1|      ap_vld|                                                     data_array_554_out|       pointer|
|data_array_553_out         |  out|   16|      ap_vld|                                                     data_array_553_out|       pointer|
|data_array_553_out_ap_vld  |  out|    1|      ap_vld|                                                     data_array_553_out|       pointer|
|data_array_552_out         |  out|   16|      ap_vld|                                                     data_array_552_out|       pointer|
|data_array_552_out_ap_vld  |  out|    1|      ap_vld|                                                     data_array_552_out|       pointer|
|data_array_551_out         |  out|   16|      ap_vld|                                                     data_array_551_out|       pointer|
|data_array_551_out_ap_vld  |  out|    1|      ap_vld|                                                     data_array_551_out|       pointer|
|data_array_550_out         |  out|   16|      ap_vld|                                                     data_array_550_out|       pointer|
|data_array_550_out_ap_vld  |  out|    1|      ap_vld|                                                     data_array_550_out|       pointer|
|data_array_549_out         |  out|   16|      ap_vld|                                                     data_array_549_out|       pointer|
|data_array_549_out_ap_vld  |  out|    1|      ap_vld|                                                     data_array_549_out|       pointer|
|data_array_548_out         |  out|   16|      ap_vld|                                                     data_array_548_out|       pointer|
|data_array_548_out_ap_vld  |  out|    1|      ap_vld|                                                     data_array_548_out|       pointer|
|data_array_547_out         |  out|   16|      ap_vld|                                                     data_array_547_out|       pointer|
|data_array_547_out_ap_vld  |  out|    1|      ap_vld|                                                     data_array_547_out|       pointer|
|data_array_546_out         |  out|   16|      ap_vld|                                                     data_array_546_out|       pointer|
|data_array_546_out_ap_vld  |  out|    1|      ap_vld|                                                     data_array_546_out|       pointer|
|data_array_545_out         |  out|   16|      ap_vld|                                                     data_array_545_out|       pointer|
|data_array_545_out_ap_vld  |  out|    1|      ap_vld|                                                     data_array_545_out|       pointer|
|data_array_544_out         |  out|   16|      ap_vld|                                                     data_array_544_out|       pointer|
|data_array_544_out_ap_vld  |  out|    1|      ap_vld|                                                     data_array_544_out|       pointer|
|data_array_543_out         |  out|   16|      ap_vld|                                                     data_array_543_out|       pointer|
|data_array_543_out_ap_vld  |  out|    1|      ap_vld|                                                     data_array_543_out|       pointer|
|data_array_542_out         |  out|   16|      ap_vld|                                                     data_array_542_out|       pointer|
|data_array_542_out_ap_vld  |  out|    1|      ap_vld|                                                     data_array_542_out|       pointer|
|data_array_541_out         |  out|   16|      ap_vld|                                                     data_array_541_out|       pointer|
|data_array_541_out_ap_vld  |  out|    1|      ap_vld|                                                     data_array_541_out|       pointer|
|data_array_540_out         |  out|   16|      ap_vld|                                                     data_array_540_out|       pointer|
|data_array_540_out_ap_vld  |  out|    1|      ap_vld|                                                     data_array_540_out|       pointer|
|data_array_539_out         |  out|   16|      ap_vld|                                                     data_array_539_out|       pointer|
|data_array_539_out_ap_vld  |  out|    1|      ap_vld|                                                     data_array_539_out|       pointer|
|data_array_538_out         |  out|   16|      ap_vld|                                                     data_array_538_out|       pointer|
|data_array_538_out_ap_vld  |  out|    1|      ap_vld|                                                     data_array_538_out|       pointer|
|data_array_537_out         |  out|   16|      ap_vld|                                                     data_array_537_out|       pointer|
|data_array_537_out_ap_vld  |  out|    1|      ap_vld|                                                     data_array_537_out|       pointer|
|data_array_536_out         |  out|   16|      ap_vld|                                                     data_array_536_out|       pointer|
|data_array_536_out_ap_vld  |  out|    1|      ap_vld|                                                     data_array_536_out|       pointer|
|data_array_535_out         |  out|   16|      ap_vld|                                                     data_array_535_out|       pointer|
|data_array_535_out_ap_vld  |  out|    1|      ap_vld|                                                     data_array_535_out|       pointer|
|data_array_534_out         |  out|   16|      ap_vld|                                                     data_array_534_out|       pointer|
|data_array_534_out_ap_vld  |  out|    1|      ap_vld|                                                     data_array_534_out|       pointer|
|data_array_533_out         |  out|   16|      ap_vld|                                                     data_array_533_out|       pointer|
|data_array_533_out_ap_vld  |  out|    1|      ap_vld|                                                     data_array_533_out|       pointer|
|data_array_532_out         |  out|   16|      ap_vld|                                                     data_array_532_out|       pointer|
|data_array_532_out_ap_vld  |  out|    1|      ap_vld|                                                     data_array_532_out|       pointer|
|data_array_531_out         |  out|   16|      ap_vld|                                                     data_array_531_out|       pointer|
|data_array_531_out_ap_vld  |  out|    1|      ap_vld|                                                     data_array_531_out|       pointer|
|data_array_530_out         |  out|   16|      ap_vld|                                                     data_array_530_out|       pointer|
|data_array_530_out_ap_vld  |  out|    1|      ap_vld|                                                     data_array_530_out|       pointer|
|data_array_529_out         |  out|   16|      ap_vld|                                                     data_array_529_out|       pointer|
|data_array_529_out_ap_vld  |  out|    1|      ap_vld|                                                     data_array_529_out|       pointer|
|data_array_528_out         |  out|   16|      ap_vld|                                                     data_array_528_out|       pointer|
|data_array_528_out_ap_vld  |  out|    1|      ap_vld|                                                     data_array_528_out|       pointer|
|data_array_527_out         |  out|   16|      ap_vld|                                                     data_array_527_out|       pointer|
|data_array_527_out_ap_vld  |  out|    1|      ap_vld|                                                     data_array_527_out|       pointer|
|data_array_526_out         |  out|   16|      ap_vld|                                                     data_array_526_out|       pointer|
|data_array_526_out_ap_vld  |  out|    1|      ap_vld|                                                     data_array_526_out|       pointer|
|data_array_525_out         |  out|   16|      ap_vld|                                                     data_array_525_out|       pointer|
|data_array_525_out_ap_vld  |  out|    1|      ap_vld|                                                     data_array_525_out|       pointer|
|data_array_524_out         |  out|   16|      ap_vld|                                                     data_array_524_out|       pointer|
|data_array_524_out_ap_vld  |  out|    1|      ap_vld|                                                     data_array_524_out|       pointer|
|data_array_523_out         |  out|   16|      ap_vld|                                                     data_array_523_out|       pointer|
|data_array_523_out_ap_vld  |  out|    1|      ap_vld|                                                     data_array_523_out|       pointer|
|data_array_522_out         |  out|   16|      ap_vld|                                                     data_array_522_out|       pointer|
|data_array_522_out_ap_vld  |  out|    1|      ap_vld|                                                     data_array_522_out|       pointer|
|data_array_521_out         |  out|   16|      ap_vld|                                                     data_array_521_out|       pointer|
|data_array_521_out_ap_vld  |  out|    1|      ap_vld|                                                     data_array_521_out|       pointer|
|data_array_520_out         |  out|   16|      ap_vld|                                                     data_array_520_out|       pointer|
|data_array_520_out_ap_vld  |  out|    1|      ap_vld|                                                     data_array_520_out|       pointer|
|data_array_519_out         |  out|   16|      ap_vld|                                                     data_array_519_out|       pointer|
|data_array_519_out_ap_vld  |  out|    1|      ap_vld|                                                     data_array_519_out|       pointer|
|data_array_518_out         |  out|   16|      ap_vld|                                                     data_array_518_out|       pointer|
|data_array_518_out_ap_vld  |  out|    1|      ap_vld|                                                     data_array_518_out|       pointer|
|data_array_517_out         |  out|   16|      ap_vld|                                                     data_array_517_out|       pointer|
|data_array_517_out_ap_vld  |  out|    1|      ap_vld|                                                     data_array_517_out|       pointer|
|data_array_516_out         |  out|   16|      ap_vld|                                                     data_array_516_out|       pointer|
|data_array_516_out_ap_vld  |  out|    1|      ap_vld|                                                     data_array_516_out|       pointer|
|data_array_515_out         |  out|   16|      ap_vld|                                                     data_array_515_out|       pointer|
|data_array_515_out_ap_vld  |  out|    1|      ap_vld|                                                     data_array_515_out|       pointer|
|data_array_514_out         |  out|   16|      ap_vld|                                                     data_array_514_out|       pointer|
|data_array_514_out_ap_vld  |  out|    1|      ap_vld|                                                     data_array_514_out|       pointer|
|data_array_513_out         |  out|   16|      ap_vld|                                                     data_array_513_out|       pointer|
|data_array_513_out_ap_vld  |  out|    1|      ap_vld|                                                     data_array_513_out|       pointer|
|data_array_512_out         |  out|   16|      ap_vld|                                                     data_array_512_out|       pointer|
|data_array_512_out_ap_vld  |  out|    1|      ap_vld|                                                     data_array_512_out|       pointer|
|data_array_511_out         |  out|   16|      ap_vld|                                                     data_array_511_out|       pointer|
|data_array_511_out_ap_vld  |  out|    1|      ap_vld|                                                     data_array_511_out|       pointer|
|data_array_510_out         |  out|   16|      ap_vld|                                                     data_array_510_out|       pointer|
|data_array_510_out_ap_vld  |  out|    1|      ap_vld|                                                     data_array_510_out|       pointer|
|data_array_509_out         |  out|   16|      ap_vld|                                                     data_array_509_out|       pointer|
|data_array_509_out_ap_vld  |  out|    1|      ap_vld|                                                     data_array_509_out|       pointer|
|data_array_508_out         |  out|   16|      ap_vld|                                                     data_array_508_out|       pointer|
|data_array_508_out_ap_vld  |  out|    1|      ap_vld|                                                     data_array_508_out|       pointer|
|data_array_507_out         |  out|   16|      ap_vld|                                                     data_array_507_out|       pointer|
|data_array_507_out_ap_vld  |  out|    1|      ap_vld|                                                     data_array_507_out|       pointer|
|data_array_506_out         |  out|   16|      ap_vld|                                                     data_array_506_out|       pointer|
|data_array_506_out_ap_vld  |  out|    1|      ap_vld|                                                     data_array_506_out|       pointer|
|data_array_505_out         |  out|   16|      ap_vld|                                                     data_array_505_out|       pointer|
|data_array_505_out_ap_vld  |  out|    1|      ap_vld|                                                     data_array_505_out|       pointer|
|data_array_504_out         |  out|   16|      ap_vld|                                                     data_array_504_out|       pointer|
|data_array_504_out_ap_vld  |  out|    1|      ap_vld|                                                     data_array_504_out|       pointer|
|data_array_503_out         |  out|   16|      ap_vld|                                                     data_array_503_out|       pointer|
|data_array_503_out_ap_vld  |  out|    1|      ap_vld|                                                     data_array_503_out|       pointer|
|data_array_502_out         |  out|   16|      ap_vld|                                                     data_array_502_out|       pointer|
|data_array_502_out_ap_vld  |  out|    1|      ap_vld|                                                     data_array_502_out|       pointer|
|data_array_501_out         |  out|   16|      ap_vld|                                                     data_array_501_out|       pointer|
|data_array_501_out_ap_vld  |  out|    1|      ap_vld|                                                     data_array_501_out|       pointer|
|data_array_500_out         |  out|   16|      ap_vld|                                                     data_array_500_out|       pointer|
|data_array_500_out_ap_vld  |  out|    1|      ap_vld|                                                     data_array_500_out|       pointer|
|data_array_499_out         |  out|   16|      ap_vld|                                                     data_array_499_out|       pointer|
|data_array_499_out_ap_vld  |  out|    1|      ap_vld|                                                     data_array_499_out|       pointer|
|data_array_498_out         |  out|   16|      ap_vld|                                                     data_array_498_out|       pointer|
|data_array_498_out_ap_vld  |  out|    1|      ap_vld|                                                     data_array_498_out|       pointer|
|data_array_497_out         |  out|   16|      ap_vld|                                                     data_array_497_out|       pointer|
|data_array_497_out_ap_vld  |  out|    1|      ap_vld|                                                     data_array_497_out|       pointer|
|data_array_496_out         |  out|   16|      ap_vld|                                                     data_array_496_out|       pointer|
|data_array_496_out_ap_vld  |  out|    1|      ap_vld|                                                     data_array_496_out|       pointer|
|data_array_495_out         |  out|   16|      ap_vld|                                                     data_array_495_out|       pointer|
|data_array_495_out_ap_vld  |  out|    1|      ap_vld|                                                     data_array_495_out|       pointer|
|data_array_494_out         |  out|   16|      ap_vld|                                                     data_array_494_out|       pointer|
|data_array_494_out_ap_vld  |  out|    1|      ap_vld|                                                     data_array_494_out|       pointer|
|data_array_493_out         |  out|   16|      ap_vld|                                                     data_array_493_out|       pointer|
|data_array_493_out_ap_vld  |  out|    1|      ap_vld|                                                     data_array_493_out|       pointer|
|data_array_492_out         |  out|   16|      ap_vld|                                                     data_array_492_out|       pointer|
|data_array_492_out_ap_vld  |  out|    1|      ap_vld|                                                     data_array_492_out|       pointer|
|data_array_491_out         |  out|   16|      ap_vld|                                                     data_array_491_out|       pointer|
|data_array_491_out_ap_vld  |  out|    1|      ap_vld|                                                     data_array_491_out|       pointer|
|data_array_490_out         |  out|   16|      ap_vld|                                                     data_array_490_out|       pointer|
|data_array_490_out_ap_vld  |  out|    1|      ap_vld|                                                     data_array_490_out|       pointer|
|data_array_489_out         |  out|   16|      ap_vld|                                                     data_array_489_out|       pointer|
|data_array_489_out_ap_vld  |  out|    1|      ap_vld|                                                     data_array_489_out|       pointer|
|data_array_488_out         |  out|   16|      ap_vld|                                                     data_array_488_out|       pointer|
|data_array_488_out_ap_vld  |  out|    1|      ap_vld|                                                     data_array_488_out|       pointer|
|data_array_487_out         |  out|   16|      ap_vld|                                                     data_array_487_out|       pointer|
|data_array_487_out_ap_vld  |  out|    1|      ap_vld|                                                     data_array_487_out|       pointer|
|data_array_486_out         |  out|   16|      ap_vld|                                                     data_array_486_out|       pointer|
|data_array_486_out_ap_vld  |  out|    1|      ap_vld|                                                     data_array_486_out|       pointer|
|data_array_485_out         |  out|   16|      ap_vld|                                                     data_array_485_out|       pointer|
|data_array_485_out_ap_vld  |  out|    1|      ap_vld|                                                     data_array_485_out|       pointer|
|data_array_484_out         |  out|   16|      ap_vld|                                                     data_array_484_out|       pointer|
|data_array_484_out_ap_vld  |  out|    1|      ap_vld|                                                     data_array_484_out|       pointer|
|data_array_483_out         |  out|   16|      ap_vld|                                                     data_array_483_out|       pointer|
|data_array_483_out_ap_vld  |  out|    1|      ap_vld|                                                     data_array_483_out|       pointer|
|data_array_482_out         |  out|   16|      ap_vld|                                                     data_array_482_out|       pointer|
|data_array_482_out_ap_vld  |  out|    1|      ap_vld|                                                     data_array_482_out|       pointer|
|data_array_481_out         |  out|   16|      ap_vld|                                                     data_array_481_out|       pointer|
|data_array_481_out_ap_vld  |  out|    1|      ap_vld|                                                     data_array_481_out|       pointer|
|data_array_480_out         |  out|   16|      ap_vld|                                                     data_array_480_out|       pointer|
|data_array_480_out_ap_vld  |  out|    1|      ap_vld|                                                     data_array_480_out|       pointer|
|data_array_479_out         |  out|   16|      ap_vld|                                                     data_array_479_out|       pointer|
|data_array_479_out_ap_vld  |  out|    1|      ap_vld|                                                     data_array_479_out|       pointer|
|data_array_478_out         |  out|   16|      ap_vld|                                                     data_array_478_out|       pointer|
|data_array_478_out_ap_vld  |  out|    1|      ap_vld|                                                     data_array_478_out|       pointer|
|data_array_477_out         |  out|   16|      ap_vld|                                                     data_array_477_out|       pointer|
|data_array_477_out_ap_vld  |  out|    1|      ap_vld|                                                     data_array_477_out|       pointer|
|data_array_476_out         |  out|   16|      ap_vld|                                                     data_array_476_out|       pointer|
|data_array_476_out_ap_vld  |  out|    1|      ap_vld|                                                     data_array_476_out|       pointer|
|data_array_475_out         |  out|   16|      ap_vld|                                                     data_array_475_out|       pointer|
|data_array_475_out_ap_vld  |  out|    1|      ap_vld|                                                     data_array_475_out|       pointer|
|data_array_474_out         |  out|   16|      ap_vld|                                                     data_array_474_out|       pointer|
|data_array_474_out_ap_vld  |  out|    1|      ap_vld|                                                     data_array_474_out|       pointer|
|data_array_473_out         |  out|   16|      ap_vld|                                                     data_array_473_out|       pointer|
|data_array_473_out_ap_vld  |  out|    1|      ap_vld|                                                     data_array_473_out|       pointer|
|data_array_472_out         |  out|   16|      ap_vld|                                                     data_array_472_out|       pointer|
|data_array_472_out_ap_vld  |  out|    1|      ap_vld|                                                     data_array_472_out|       pointer|
|data_array_471_out         |  out|   16|      ap_vld|                                                     data_array_471_out|       pointer|
|data_array_471_out_ap_vld  |  out|    1|      ap_vld|                                                     data_array_471_out|       pointer|
|data_array_470_out         |  out|   16|      ap_vld|                                                     data_array_470_out|       pointer|
|data_array_470_out_ap_vld  |  out|    1|      ap_vld|                                                     data_array_470_out|       pointer|
|data_array_469_out         |  out|   16|      ap_vld|                                                     data_array_469_out|       pointer|
|data_array_469_out_ap_vld  |  out|    1|      ap_vld|                                                     data_array_469_out|       pointer|
|data_array_468_out         |  out|   16|      ap_vld|                                                     data_array_468_out|       pointer|
|data_array_468_out_ap_vld  |  out|    1|      ap_vld|                                                     data_array_468_out|       pointer|
|data_array_467_out         |  out|   16|      ap_vld|                                                     data_array_467_out|       pointer|
|data_array_467_out_ap_vld  |  out|    1|      ap_vld|                                                     data_array_467_out|       pointer|
|data_array_466_out         |  out|   16|      ap_vld|                                                     data_array_466_out|       pointer|
|data_array_466_out_ap_vld  |  out|    1|      ap_vld|                                                     data_array_466_out|       pointer|
|data_array_465_out         |  out|   16|      ap_vld|                                                     data_array_465_out|       pointer|
|data_array_465_out_ap_vld  |  out|    1|      ap_vld|                                                     data_array_465_out|       pointer|
|data_array_464_out         |  out|   16|      ap_vld|                                                     data_array_464_out|       pointer|
|data_array_464_out_ap_vld  |  out|    1|      ap_vld|                                                     data_array_464_out|       pointer|
|data_array_463_out         |  out|   16|      ap_vld|                                                     data_array_463_out|       pointer|
|data_array_463_out_ap_vld  |  out|    1|      ap_vld|                                                     data_array_463_out|       pointer|
|data_array_462_out         |  out|   16|      ap_vld|                                                     data_array_462_out|       pointer|
|data_array_462_out_ap_vld  |  out|    1|      ap_vld|                                                     data_array_462_out|       pointer|
|data_array_461_out         |  out|   16|      ap_vld|                                                     data_array_461_out|       pointer|
|data_array_461_out_ap_vld  |  out|    1|      ap_vld|                                                     data_array_461_out|       pointer|
|data_array_460_out         |  out|   16|      ap_vld|                                                     data_array_460_out|       pointer|
|data_array_460_out_ap_vld  |  out|    1|      ap_vld|                                                     data_array_460_out|       pointer|
|data_array_459_out         |  out|   16|      ap_vld|                                                     data_array_459_out|       pointer|
|data_array_459_out_ap_vld  |  out|    1|      ap_vld|                                                     data_array_459_out|       pointer|
|data_array_458_out         |  out|   16|      ap_vld|                                                     data_array_458_out|       pointer|
|data_array_458_out_ap_vld  |  out|    1|      ap_vld|                                                     data_array_458_out|       pointer|
|data_array_457_out         |  out|   16|      ap_vld|                                                     data_array_457_out|       pointer|
|data_array_457_out_ap_vld  |  out|    1|      ap_vld|                                                     data_array_457_out|       pointer|
|data_array_456_out         |  out|   16|      ap_vld|                                                     data_array_456_out|       pointer|
|data_array_456_out_ap_vld  |  out|    1|      ap_vld|                                                     data_array_456_out|       pointer|
|data_array_455_out         |  out|   16|      ap_vld|                                                     data_array_455_out|       pointer|
|data_array_455_out_ap_vld  |  out|    1|      ap_vld|                                                     data_array_455_out|       pointer|
|data_array_454_out         |  out|   16|      ap_vld|                                                     data_array_454_out|       pointer|
|data_array_454_out_ap_vld  |  out|    1|      ap_vld|                                                     data_array_454_out|       pointer|
|data_array_453_out         |  out|   16|      ap_vld|                                                     data_array_453_out|       pointer|
|data_array_453_out_ap_vld  |  out|    1|      ap_vld|                                                     data_array_453_out|       pointer|
|data_array_452_out         |  out|   16|      ap_vld|                                                     data_array_452_out|       pointer|
|data_array_452_out_ap_vld  |  out|    1|      ap_vld|                                                     data_array_452_out|       pointer|
|data_array_451_out         |  out|   16|      ap_vld|                                                     data_array_451_out|       pointer|
|data_array_451_out_ap_vld  |  out|    1|      ap_vld|                                                     data_array_451_out|       pointer|
|data_array_450_out         |  out|   16|      ap_vld|                                                     data_array_450_out|       pointer|
|data_array_450_out_ap_vld  |  out|    1|      ap_vld|                                                     data_array_450_out|       pointer|
|data_array_449_out         |  out|   16|      ap_vld|                                                     data_array_449_out|       pointer|
|data_array_449_out_ap_vld  |  out|    1|      ap_vld|                                                     data_array_449_out|       pointer|
|data_array_448_out         |  out|   16|      ap_vld|                                                     data_array_448_out|       pointer|
|data_array_448_out_ap_vld  |  out|    1|      ap_vld|                                                     data_array_448_out|       pointer|
|data_array_447_out         |  out|   16|      ap_vld|                                                     data_array_447_out|       pointer|
|data_array_447_out_ap_vld  |  out|    1|      ap_vld|                                                     data_array_447_out|       pointer|
|data_array_446_out         |  out|   16|      ap_vld|                                                     data_array_446_out|       pointer|
|data_array_446_out_ap_vld  |  out|    1|      ap_vld|                                                     data_array_446_out|       pointer|
|data_array_445_out         |  out|   16|      ap_vld|                                                     data_array_445_out|       pointer|
|data_array_445_out_ap_vld  |  out|    1|      ap_vld|                                                     data_array_445_out|       pointer|
|data_array_444_out         |  out|   16|      ap_vld|                                                     data_array_444_out|       pointer|
|data_array_444_out_ap_vld  |  out|    1|      ap_vld|                                                     data_array_444_out|       pointer|
|data_array_443_out         |  out|   16|      ap_vld|                                                     data_array_443_out|       pointer|
|data_array_443_out_ap_vld  |  out|    1|      ap_vld|                                                     data_array_443_out|       pointer|
|data_array_442_out         |  out|   16|      ap_vld|                                                     data_array_442_out|       pointer|
|data_array_442_out_ap_vld  |  out|    1|      ap_vld|                                                     data_array_442_out|       pointer|
|data_array_441_out         |  out|   16|      ap_vld|                                                     data_array_441_out|       pointer|
|data_array_441_out_ap_vld  |  out|    1|      ap_vld|                                                     data_array_441_out|       pointer|
|data_array_440_out         |  out|   16|      ap_vld|                                                     data_array_440_out|       pointer|
|data_array_440_out_ap_vld  |  out|    1|      ap_vld|                                                     data_array_440_out|       pointer|
|data_array_439_out         |  out|   16|      ap_vld|                                                     data_array_439_out|       pointer|
|data_array_439_out_ap_vld  |  out|    1|      ap_vld|                                                     data_array_439_out|       pointer|
|data_array_438_out         |  out|   16|      ap_vld|                                                     data_array_438_out|       pointer|
|data_array_438_out_ap_vld  |  out|    1|      ap_vld|                                                     data_array_438_out|       pointer|
|data_array_437_out         |  out|   16|      ap_vld|                                                     data_array_437_out|       pointer|
|data_array_437_out_ap_vld  |  out|    1|      ap_vld|                                                     data_array_437_out|       pointer|
|data_array_436_out         |  out|   16|      ap_vld|                                                     data_array_436_out|       pointer|
|data_array_436_out_ap_vld  |  out|    1|      ap_vld|                                                     data_array_436_out|       pointer|
|data_array_435_out         |  out|   16|      ap_vld|                                                     data_array_435_out|       pointer|
|data_array_435_out_ap_vld  |  out|    1|      ap_vld|                                                     data_array_435_out|       pointer|
|data_array_434_out         |  out|   16|      ap_vld|                                                     data_array_434_out|       pointer|
|data_array_434_out_ap_vld  |  out|    1|      ap_vld|                                                     data_array_434_out|       pointer|
|data_array_433_out         |  out|   16|      ap_vld|                                                     data_array_433_out|       pointer|
|data_array_433_out_ap_vld  |  out|    1|      ap_vld|                                                     data_array_433_out|       pointer|
|data_array_432_out         |  out|   16|      ap_vld|                                                     data_array_432_out|       pointer|
|data_array_432_out_ap_vld  |  out|    1|      ap_vld|                                                     data_array_432_out|       pointer|
|data_array_431_out         |  out|   16|      ap_vld|                                                     data_array_431_out|       pointer|
|data_array_431_out_ap_vld  |  out|    1|      ap_vld|                                                     data_array_431_out|       pointer|
|data_array_430_out         |  out|   16|      ap_vld|                                                     data_array_430_out|       pointer|
|data_array_430_out_ap_vld  |  out|    1|      ap_vld|                                                     data_array_430_out|       pointer|
|data_array_429_out         |  out|   16|      ap_vld|                                                     data_array_429_out|       pointer|
|data_array_429_out_ap_vld  |  out|    1|      ap_vld|                                                     data_array_429_out|       pointer|
|data_array_428_out         |  out|   16|      ap_vld|                                                     data_array_428_out|       pointer|
|data_array_428_out_ap_vld  |  out|    1|      ap_vld|                                                     data_array_428_out|       pointer|
|data_array_427_out         |  out|   16|      ap_vld|                                                     data_array_427_out|       pointer|
|data_array_427_out_ap_vld  |  out|    1|      ap_vld|                                                     data_array_427_out|       pointer|
|data_array_426_out         |  out|   16|      ap_vld|                                                     data_array_426_out|       pointer|
|data_array_426_out_ap_vld  |  out|    1|      ap_vld|                                                     data_array_426_out|       pointer|
|data_array_425_out         |  out|   16|      ap_vld|                                                     data_array_425_out|       pointer|
|data_array_425_out_ap_vld  |  out|    1|      ap_vld|                                                     data_array_425_out|       pointer|
|data_array_424_out         |  out|   16|      ap_vld|                                                     data_array_424_out|       pointer|
|data_array_424_out_ap_vld  |  out|    1|      ap_vld|                                                     data_array_424_out|       pointer|
|data_array_423_out         |  out|   16|      ap_vld|                                                     data_array_423_out|       pointer|
|data_array_423_out_ap_vld  |  out|    1|      ap_vld|                                                     data_array_423_out|       pointer|
|data_array_422_out         |  out|   16|      ap_vld|                                                     data_array_422_out|       pointer|
|data_array_422_out_ap_vld  |  out|    1|      ap_vld|                                                     data_array_422_out|       pointer|
|data_array_421_out         |  out|   16|      ap_vld|                                                     data_array_421_out|       pointer|
|data_array_421_out_ap_vld  |  out|    1|      ap_vld|                                                     data_array_421_out|       pointer|
|data_array_420_out         |  out|   16|      ap_vld|                                                     data_array_420_out|       pointer|
|data_array_420_out_ap_vld  |  out|    1|      ap_vld|                                                     data_array_420_out|       pointer|
|data_array_419_out         |  out|   16|      ap_vld|                                                     data_array_419_out|       pointer|
|data_array_419_out_ap_vld  |  out|    1|      ap_vld|                                                     data_array_419_out|       pointer|
|data_array_418_out         |  out|   16|      ap_vld|                                                     data_array_418_out|       pointer|
|data_array_418_out_ap_vld  |  out|    1|      ap_vld|                                                     data_array_418_out|       pointer|
|data_array_417_out         |  out|   16|      ap_vld|                                                     data_array_417_out|       pointer|
|data_array_417_out_ap_vld  |  out|    1|      ap_vld|                                                     data_array_417_out|       pointer|
|data_array_416_out         |  out|   16|      ap_vld|                                                     data_array_416_out|       pointer|
|data_array_416_out_ap_vld  |  out|    1|      ap_vld|                                                     data_array_416_out|       pointer|
|data_array_415_out         |  out|   16|      ap_vld|                                                     data_array_415_out|       pointer|
|data_array_415_out_ap_vld  |  out|    1|      ap_vld|                                                     data_array_415_out|       pointer|
|data_array_414_out         |  out|   16|      ap_vld|                                                     data_array_414_out|       pointer|
|data_array_414_out_ap_vld  |  out|    1|      ap_vld|                                                     data_array_414_out|       pointer|
|data_array_413_out         |  out|   16|      ap_vld|                                                     data_array_413_out|       pointer|
|data_array_413_out_ap_vld  |  out|    1|      ap_vld|                                                     data_array_413_out|       pointer|
|data_array_412_out         |  out|   16|      ap_vld|                                                     data_array_412_out|       pointer|
|data_array_412_out_ap_vld  |  out|    1|      ap_vld|                                                     data_array_412_out|       pointer|
|data_array_411_out         |  out|   16|      ap_vld|                                                     data_array_411_out|       pointer|
|data_array_411_out_ap_vld  |  out|    1|      ap_vld|                                                     data_array_411_out|       pointer|
|data_array_410_out         |  out|   16|      ap_vld|                                                     data_array_410_out|       pointer|
|data_array_410_out_ap_vld  |  out|    1|      ap_vld|                                                     data_array_410_out|       pointer|
|data_array_409_out         |  out|   16|      ap_vld|                                                     data_array_409_out|       pointer|
|data_array_409_out_ap_vld  |  out|    1|      ap_vld|                                                     data_array_409_out|       pointer|
|data_array_408_out         |  out|   16|      ap_vld|                                                     data_array_408_out|       pointer|
|data_array_408_out_ap_vld  |  out|    1|      ap_vld|                                                     data_array_408_out|       pointer|
|data_array_407_out         |  out|   16|      ap_vld|                                                     data_array_407_out|       pointer|
|data_array_407_out_ap_vld  |  out|    1|      ap_vld|                                                     data_array_407_out|       pointer|
|data_array_406_out         |  out|   16|      ap_vld|                                                     data_array_406_out|       pointer|
|data_array_406_out_ap_vld  |  out|    1|      ap_vld|                                                     data_array_406_out|       pointer|
|data_array_405_out         |  out|   16|      ap_vld|                                                     data_array_405_out|       pointer|
|data_array_405_out_ap_vld  |  out|    1|      ap_vld|                                                     data_array_405_out|       pointer|
|data_array_404_out         |  out|   16|      ap_vld|                                                     data_array_404_out|       pointer|
|data_array_404_out_ap_vld  |  out|    1|      ap_vld|                                                     data_array_404_out|       pointer|
|data_array_403_out         |  out|   16|      ap_vld|                                                     data_array_403_out|       pointer|
|data_array_403_out_ap_vld  |  out|    1|      ap_vld|                                                     data_array_403_out|       pointer|
|data_array_402_out         |  out|   16|      ap_vld|                                                     data_array_402_out|       pointer|
|data_array_402_out_ap_vld  |  out|    1|      ap_vld|                                                     data_array_402_out|       pointer|
|data_array_401_out         |  out|   16|      ap_vld|                                                     data_array_401_out|       pointer|
|data_array_401_out_ap_vld  |  out|    1|      ap_vld|                                                     data_array_401_out|       pointer|
|data_array_400_out         |  out|   16|      ap_vld|                                                     data_array_400_out|       pointer|
|data_array_400_out_ap_vld  |  out|    1|      ap_vld|                                                     data_array_400_out|       pointer|
|data_array_399_out         |  out|   16|      ap_vld|                                                     data_array_399_out|       pointer|
|data_array_399_out_ap_vld  |  out|    1|      ap_vld|                                                     data_array_399_out|       pointer|
|data_array_398_out         |  out|   16|      ap_vld|                                                     data_array_398_out|       pointer|
|data_array_398_out_ap_vld  |  out|    1|      ap_vld|                                                     data_array_398_out|       pointer|
|data_array_397_out         |  out|   16|      ap_vld|                                                     data_array_397_out|       pointer|
|data_array_397_out_ap_vld  |  out|    1|      ap_vld|                                                     data_array_397_out|       pointer|
|data_array_396_out         |  out|   16|      ap_vld|                                                     data_array_396_out|       pointer|
|data_array_396_out_ap_vld  |  out|    1|      ap_vld|                                                     data_array_396_out|       pointer|
|data_array_395_out         |  out|   16|      ap_vld|                                                     data_array_395_out|       pointer|
|data_array_395_out_ap_vld  |  out|    1|      ap_vld|                                                     data_array_395_out|       pointer|
|data_array_394_out         |  out|   16|      ap_vld|                                                     data_array_394_out|       pointer|
|data_array_394_out_ap_vld  |  out|    1|      ap_vld|                                                     data_array_394_out|       pointer|
|data_array_393_out         |  out|   16|      ap_vld|                                                     data_array_393_out|       pointer|
|data_array_393_out_ap_vld  |  out|    1|      ap_vld|                                                     data_array_393_out|       pointer|
|data_array_392_out         |  out|   16|      ap_vld|                                                     data_array_392_out|       pointer|
|data_array_392_out_ap_vld  |  out|    1|      ap_vld|                                                     data_array_392_out|       pointer|
|data_array_391_out         |  out|   16|      ap_vld|                                                     data_array_391_out|       pointer|
|data_array_391_out_ap_vld  |  out|    1|      ap_vld|                                                     data_array_391_out|       pointer|
|data_array_390_out         |  out|   16|      ap_vld|                                                     data_array_390_out|       pointer|
|data_array_390_out_ap_vld  |  out|    1|      ap_vld|                                                     data_array_390_out|       pointer|
|data_array_389_out         |  out|   16|      ap_vld|                                                     data_array_389_out|       pointer|
|data_array_389_out_ap_vld  |  out|    1|      ap_vld|                                                     data_array_389_out|       pointer|
|data_array_388_out         |  out|   16|      ap_vld|                                                     data_array_388_out|       pointer|
|data_array_388_out_ap_vld  |  out|    1|      ap_vld|                                                     data_array_388_out|       pointer|
|data_array_387_out         |  out|   16|      ap_vld|                                                     data_array_387_out|       pointer|
|data_array_387_out_ap_vld  |  out|    1|      ap_vld|                                                     data_array_387_out|       pointer|
|data_array_386_out         |  out|   16|      ap_vld|                                                     data_array_386_out|       pointer|
|data_array_386_out_ap_vld  |  out|    1|      ap_vld|                                                     data_array_386_out|       pointer|
|data_array_385_out         |  out|   16|      ap_vld|                                                     data_array_385_out|       pointer|
|data_array_385_out_ap_vld  |  out|    1|      ap_vld|                                                     data_array_385_out|       pointer|
|data_array_384_out         |  out|   16|      ap_vld|                                                     data_array_384_out|       pointer|
|data_array_384_out_ap_vld  |  out|    1|      ap_vld|                                                     data_array_384_out|       pointer|
|data_array_383_out         |  out|   16|      ap_vld|                                                     data_array_383_out|       pointer|
|data_array_383_out_ap_vld  |  out|    1|      ap_vld|                                                     data_array_383_out|       pointer|
|data_array_382_out         |  out|   16|      ap_vld|                                                     data_array_382_out|       pointer|
|data_array_382_out_ap_vld  |  out|    1|      ap_vld|                                                     data_array_382_out|       pointer|
|data_array_381_out         |  out|   16|      ap_vld|                                                     data_array_381_out|       pointer|
|data_array_381_out_ap_vld  |  out|    1|      ap_vld|                                                     data_array_381_out|       pointer|
|data_array_380_out         |  out|   16|      ap_vld|                                                     data_array_380_out|       pointer|
|data_array_380_out_ap_vld  |  out|    1|      ap_vld|                                                     data_array_380_out|       pointer|
|data_array_379_out         |  out|   16|      ap_vld|                                                     data_array_379_out|       pointer|
|data_array_379_out_ap_vld  |  out|    1|      ap_vld|                                                     data_array_379_out|       pointer|
|data_array_378_out         |  out|   16|      ap_vld|                                                     data_array_378_out|       pointer|
|data_array_378_out_ap_vld  |  out|    1|      ap_vld|                                                     data_array_378_out|       pointer|
|data_array_377_out         |  out|   16|      ap_vld|                                                     data_array_377_out|       pointer|
|data_array_377_out_ap_vld  |  out|    1|      ap_vld|                                                     data_array_377_out|       pointer|
|data_array_376_out         |  out|   16|      ap_vld|                                                     data_array_376_out|       pointer|
|data_array_376_out_ap_vld  |  out|    1|      ap_vld|                                                     data_array_376_out|       pointer|
|data_array_375_out         |  out|   16|      ap_vld|                                                     data_array_375_out|       pointer|
|data_array_375_out_ap_vld  |  out|    1|      ap_vld|                                                     data_array_375_out|       pointer|
|data_array_374_out         |  out|   16|      ap_vld|                                                     data_array_374_out|       pointer|
|data_array_374_out_ap_vld  |  out|    1|      ap_vld|                                                     data_array_374_out|       pointer|
|data_array_373_out         |  out|   16|      ap_vld|                                                     data_array_373_out|       pointer|
|data_array_373_out_ap_vld  |  out|    1|      ap_vld|                                                     data_array_373_out|       pointer|
|data_array_372_out         |  out|   16|      ap_vld|                                                     data_array_372_out|       pointer|
|data_array_372_out_ap_vld  |  out|    1|      ap_vld|                                                     data_array_372_out|       pointer|
|data_array_371_out         |  out|   16|      ap_vld|                                                     data_array_371_out|       pointer|
|data_array_371_out_ap_vld  |  out|    1|      ap_vld|                                                     data_array_371_out|       pointer|
|data_array_370_out         |  out|   16|      ap_vld|                                                     data_array_370_out|       pointer|
|data_array_370_out_ap_vld  |  out|    1|      ap_vld|                                                     data_array_370_out|       pointer|
|data_array_369_out         |  out|   16|      ap_vld|                                                     data_array_369_out|       pointer|
|data_array_369_out_ap_vld  |  out|    1|      ap_vld|                                                     data_array_369_out|       pointer|
|data_array_368_out         |  out|   16|      ap_vld|                                                     data_array_368_out|       pointer|
|data_array_368_out_ap_vld  |  out|    1|      ap_vld|                                                     data_array_368_out|       pointer|
|data_array_367_out         |  out|   16|      ap_vld|                                                     data_array_367_out|       pointer|
|data_array_367_out_ap_vld  |  out|    1|      ap_vld|                                                     data_array_367_out|       pointer|
|data_array_366_out         |  out|   16|      ap_vld|                                                     data_array_366_out|       pointer|
|data_array_366_out_ap_vld  |  out|    1|      ap_vld|                                                     data_array_366_out|       pointer|
|data_array_365_out         |  out|   16|      ap_vld|                                                     data_array_365_out|       pointer|
|data_array_365_out_ap_vld  |  out|    1|      ap_vld|                                                     data_array_365_out|       pointer|
|data_array_364_out         |  out|   16|      ap_vld|                                                     data_array_364_out|       pointer|
|data_array_364_out_ap_vld  |  out|    1|      ap_vld|                                                     data_array_364_out|       pointer|
|data_array_363_out         |  out|   16|      ap_vld|                                                     data_array_363_out|       pointer|
|data_array_363_out_ap_vld  |  out|    1|      ap_vld|                                                     data_array_363_out|       pointer|
|data_array_362_out         |  out|   16|      ap_vld|                                                     data_array_362_out|       pointer|
|data_array_362_out_ap_vld  |  out|    1|      ap_vld|                                                     data_array_362_out|       pointer|
|data_array_361_out         |  out|   16|      ap_vld|                                                     data_array_361_out|       pointer|
|data_array_361_out_ap_vld  |  out|    1|      ap_vld|                                                     data_array_361_out|       pointer|
|data_array_360_out         |  out|   16|      ap_vld|                                                     data_array_360_out|       pointer|
|data_array_360_out_ap_vld  |  out|    1|      ap_vld|                                                     data_array_360_out|       pointer|
|data_array_359_out         |  out|   16|      ap_vld|                                                     data_array_359_out|       pointer|
|data_array_359_out_ap_vld  |  out|    1|      ap_vld|                                                     data_array_359_out|       pointer|
|data_array_358_out         |  out|   16|      ap_vld|                                                     data_array_358_out|       pointer|
|data_array_358_out_ap_vld  |  out|    1|      ap_vld|                                                     data_array_358_out|       pointer|
|data_array_357_out         |  out|   16|      ap_vld|                                                     data_array_357_out|       pointer|
|data_array_357_out_ap_vld  |  out|    1|      ap_vld|                                                     data_array_357_out|       pointer|
|data_array_356_out         |  out|   16|      ap_vld|                                                     data_array_356_out|       pointer|
|data_array_356_out_ap_vld  |  out|    1|      ap_vld|                                                     data_array_356_out|       pointer|
|data_array_355_out         |  out|   16|      ap_vld|                                                     data_array_355_out|       pointer|
|data_array_355_out_ap_vld  |  out|    1|      ap_vld|                                                     data_array_355_out|       pointer|
|data_array_354_out         |  out|   16|      ap_vld|                                                     data_array_354_out|       pointer|
|data_array_354_out_ap_vld  |  out|    1|      ap_vld|                                                     data_array_354_out|       pointer|
|data_array_353_out         |  out|   16|      ap_vld|                                                     data_array_353_out|       pointer|
|data_array_353_out_ap_vld  |  out|    1|      ap_vld|                                                     data_array_353_out|       pointer|
|data_array_352_out         |  out|   16|      ap_vld|                                                     data_array_352_out|       pointer|
|data_array_352_out_ap_vld  |  out|    1|      ap_vld|                                                     data_array_352_out|       pointer|
|data_array_351_out         |  out|   16|      ap_vld|                                                     data_array_351_out|       pointer|
|data_array_351_out_ap_vld  |  out|    1|      ap_vld|                                                     data_array_351_out|       pointer|
|data_array_350_out         |  out|   16|      ap_vld|                                                     data_array_350_out|       pointer|
|data_array_350_out_ap_vld  |  out|    1|      ap_vld|                                                     data_array_350_out|       pointer|
|data_array_349_out         |  out|   16|      ap_vld|                                                     data_array_349_out|       pointer|
|data_array_349_out_ap_vld  |  out|    1|      ap_vld|                                                     data_array_349_out|       pointer|
|data_array_348_out         |  out|   16|      ap_vld|                                                     data_array_348_out|       pointer|
|data_array_348_out_ap_vld  |  out|    1|      ap_vld|                                                     data_array_348_out|       pointer|
|data_array_347_out         |  out|   16|      ap_vld|                                                     data_array_347_out|       pointer|
|data_array_347_out_ap_vld  |  out|    1|      ap_vld|                                                     data_array_347_out|       pointer|
|data_array_346_out         |  out|   16|      ap_vld|                                                     data_array_346_out|       pointer|
|data_array_346_out_ap_vld  |  out|    1|      ap_vld|                                                     data_array_346_out|       pointer|
|data_array_345_out         |  out|   16|      ap_vld|                                                     data_array_345_out|       pointer|
|data_array_345_out_ap_vld  |  out|    1|      ap_vld|                                                     data_array_345_out|       pointer|
|data_array_344_out         |  out|   16|      ap_vld|                                                     data_array_344_out|       pointer|
|data_array_344_out_ap_vld  |  out|    1|      ap_vld|                                                     data_array_344_out|       pointer|
|data_array_343_out         |  out|   16|      ap_vld|                                                     data_array_343_out|       pointer|
|data_array_343_out_ap_vld  |  out|    1|      ap_vld|                                                     data_array_343_out|       pointer|
|data_array_342_out         |  out|   16|      ap_vld|                                                     data_array_342_out|       pointer|
|data_array_342_out_ap_vld  |  out|    1|      ap_vld|                                                     data_array_342_out|       pointer|
|data_array_341_out         |  out|   16|      ap_vld|                                                     data_array_341_out|       pointer|
|data_array_341_out_ap_vld  |  out|    1|      ap_vld|                                                     data_array_341_out|       pointer|
|data_array_340_out         |  out|   16|      ap_vld|                                                     data_array_340_out|       pointer|
|data_array_340_out_ap_vld  |  out|    1|      ap_vld|                                                     data_array_340_out|       pointer|
|data_array_339_out         |  out|   16|      ap_vld|                                                     data_array_339_out|       pointer|
|data_array_339_out_ap_vld  |  out|    1|      ap_vld|                                                     data_array_339_out|       pointer|
|data_array_338_out         |  out|   16|      ap_vld|                                                     data_array_338_out|       pointer|
|data_array_338_out_ap_vld  |  out|    1|      ap_vld|                                                     data_array_338_out|       pointer|
|data_array_337_out         |  out|   16|      ap_vld|                                                     data_array_337_out|       pointer|
|data_array_337_out_ap_vld  |  out|    1|      ap_vld|                                                     data_array_337_out|       pointer|
|data_array_336_out         |  out|   16|      ap_vld|                                                     data_array_336_out|       pointer|
|data_array_336_out_ap_vld  |  out|    1|      ap_vld|                                                     data_array_336_out|       pointer|
|data_array_335_out         |  out|   16|      ap_vld|                                                     data_array_335_out|       pointer|
|data_array_335_out_ap_vld  |  out|    1|      ap_vld|                                                     data_array_335_out|       pointer|
|data_array_334_out         |  out|   16|      ap_vld|                                                     data_array_334_out|       pointer|
|data_array_334_out_ap_vld  |  out|    1|      ap_vld|                                                     data_array_334_out|       pointer|
|data_array_333_out         |  out|   16|      ap_vld|                                                     data_array_333_out|       pointer|
|data_array_333_out_ap_vld  |  out|    1|      ap_vld|                                                     data_array_333_out|       pointer|
|data_array_332_out         |  out|   16|      ap_vld|                                                     data_array_332_out|       pointer|
|data_array_332_out_ap_vld  |  out|    1|      ap_vld|                                                     data_array_332_out|       pointer|
|data_array_331_out         |  out|   16|      ap_vld|                                                     data_array_331_out|       pointer|
|data_array_331_out_ap_vld  |  out|    1|      ap_vld|                                                     data_array_331_out|       pointer|
|data_array_330_out         |  out|   16|      ap_vld|                                                     data_array_330_out|       pointer|
|data_array_330_out_ap_vld  |  out|    1|      ap_vld|                                                     data_array_330_out|       pointer|
|data_array_329_out         |  out|   16|      ap_vld|                                                     data_array_329_out|       pointer|
|data_array_329_out_ap_vld  |  out|    1|      ap_vld|                                                     data_array_329_out|       pointer|
|data_array_328_out         |  out|   16|      ap_vld|                                                     data_array_328_out|       pointer|
|data_array_328_out_ap_vld  |  out|    1|      ap_vld|                                                     data_array_328_out|       pointer|
|data_array_327_out         |  out|   16|      ap_vld|                                                     data_array_327_out|       pointer|
|data_array_327_out_ap_vld  |  out|    1|      ap_vld|                                                     data_array_327_out|       pointer|
|data_array_326_out         |  out|   16|      ap_vld|                                                     data_array_326_out|       pointer|
|data_array_326_out_ap_vld  |  out|    1|      ap_vld|                                                     data_array_326_out|       pointer|
|data_array_325_out         |  out|   16|      ap_vld|                                                     data_array_325_out|       pointer|
|data_array_325_out_ap_vld  |  out|    1|      ap_vld|                                                     data_array_325_out|       pointer|
|data_array_324_out         |  out|   16|      ap_vld|                                                     data_array_324_out|       pointer|
|data_array_324_out_ap_vld  |  out|    1|      ap_vld|                                                     data_array_324_out|       pointer|
|data_array_323_out         |  out|   16|      ap_vld|                                                     data_array_323_out|       pointer|
|data_array_323_out_ap_vld  |  out|    1|      ap_vld|                                                     data_array_323_out|       pointer|
|data_array_322_out         |  out|   16|      ap_vld|                                                     data_array_322_out|       pointer|
|data_array_322_out_ap_vld  |  out|    1|      ap_vld|                                                     data_array_322_out|       pointer|
|data_array_321_out         |  out|   16|      ap_vld|                                                     data_array_321_out|       pointer|
|data_array_321_out_ap_vld  |  out|    1|      ap_vld|                                                     data_array_321_out|       pointer|
|data_array_320_out         |  out|   16|      ap_vld|                                                     data_array_320_out|       pointer|
|data_array_320_out_ap_vld  |  out|    1|      ap_vld|                                                     data_array_320_out|       pointer|
|data_array_319_out         |  out|   16|      ap_vld|                                                     data_array_319_out|       pointer|
|data_array_319_out_ap_vld  |  out|    1|      ap_vld|                                                     data_array_319_out|       pointer|
|data_array_318_out         |  out|   16|      ap_vld|                                                     data_array_318_out|       pointer|
|data_array_318_out_ap_vld  |  out|    1|      ap_vld|                                                     data_array_318_out|       pointer|
|data_array_317_out         |  out|   16|      ap_vld|                                                     data_array_317_out|       pointer|
|data_array_317_out_ap_vld  |  out|    1|      ap_vld|                                                     data_array_317_out|       pointer|
|data_array_316_out         |  out|   16|      ap_vld|                                                     data_array_316_out|       pointer|
|data_array_316_out_ap_vld  |  out|    1|      ap_vld|                                                     data_array_316_out|       pointer|
|data_array_315_out         |  out|   16|      ap_vld|                                                     data_array_315_out|       pointer|
|data_array_315_out_ap_vld  |  out|    1|      ap_vld|                                                     data_array_315_out|       pointer|
|data_array_314_out         |  out|   16|      ap_vld|                                                     data_array_314_out|       pointer|
|data_array_314_out_ap_vld  |  out|    1|      ap_vld|                                                     data_array_314_out|       pointer|
|data_array_313_out         |  out|   16|      ap_vld|                                                     data_array_313_out|       pointer|
|data_array_313_out_ap_vld  |  out|    1|      ap_vld|                                                     data_array_313_out|       pointer|
|data_array_312_out         |  out|   16|      ap_vld|                                                     data_array_312_out|       pointer|
|data_array_312_out_ap_vld  |  out|    1|      ap_vld|                                                     data_array_312_out|       pointer|
|data_array_311_out         |  out|   16|      ap_vld|                                                     data_array_311_out|       pointer|
|data_array_311_out_ap_vld  |  out|    1|      ap_vld|                                                     data_array_311_out|       pointer|
|data_array_310_out         |  out|   16|      ap_vld|                                                     data_array_310_out|       pointer|
|data_array_310_out_ap_vld  |  out|    1|      ap_vld|                                                     data_array_310_out|       pointer|
|data_array_309_out         |  out|   16|      ap_vld|                                                     data_array_309_out|       pointer|
|data_array_309_out_ap_vld  |  out|    1|      ap_vld|                                                     data_array_309_out|       pointer|
|data_array_308_out         |  out|   16|      ap_vld|                                                     data_array_308_out|       pointer|
|data_array_308_out_ap_vld  |  out|    1|      ap_vld|                                                     data_array_308_out|       pointer|
|data_array_307_out         |  out|   16|      ap_vld|                                                     data_array_307_out|       pointer|
|data_array_307_out_ap_vld  |  out|    1|      ap_vld|                                                     data_array_307_out|       pointer|
|data_array_306_out         |  out|   16|      ap_vld|                                                     data_array_306_out|       pointer|
|data_array_306_out_ap_vld  |  out|    1|      ap_vld|                                                     data_array_306_out|       pointer|
|data_array_305_out         |  out|   16|      ap_vld|                                                     data_array_305_out|       pointer|
|data_array_305_out_ap_vld  |  out|    1|      ap_vld|                                                     data_array_305_out|       pointer|
|data_array_304_out         |  out|   16|      ap_vld|                                                     data_array_304_out|       pointer|
|data_array_304_out_ap_vld  |  out|    1|      ap_vld|                                                     data_array_304_out|       pointer|
|data_array_303_out         |  out|   16|      ap_vld|                                                     data_array_303_out|       pointer|
|data_array_303_out_ap_vld  |  out|    1|      ap_vld|                                                     data_array_303_out|       pointer|
|data_array_302_out         |  out|   16|      ap_vld|                                                     data_array_302_out|       pointer|
|data_array_302_out_ap_vld  |  out|    1|      ap_vld|                                                     data_array_302_out|       pointer|
|data_array_301_out         |  out|   16|      ap_vld|                                                     data_array_301_out|       pointer|
|data_array_301_out_ap_vld  |  out|    1|      ap_vld|                                                     data_array_301_out|       pointer|
|data_array_300_out         |  out|   16|      ap_vld|                                                     data_array_300_out|       pointer|
|data_array_300_out_ap_vld  |  out|    1|      ap_vld|                                                     data_array_300_out|       pointer|
|data_array_299_out         |  out|   16|      ap_vld|                                                     data_array_299_out|       pointer|
|data_array_299_out_ap_vld  |  out|    1|      ap_vld|                                                     data_array_299_out|       pointer|
|data_array_298_out         |  out|   16|      ap_vld|                                                     data_array_298_out|       pointer|
|data_array_298_out_ap_vld  |  out|    1|      ap_vld|                                                     data_array_298_out|       pointer|
|data_array_297_out         |  out|   16|      ap_vld|                                                     data_array_297_out|       pointer|
|data_array_297_out_ap_vld  |  out|    1|      ap_vld|                                                     data_array_297_out|       pointer|
|data_array_296_out         |  out|   16|      ap_vld|                                                     data_array_296_out|       pointer|
|data_array_296_out_ap_vld  |  out|    1|      ap_vld|                                                     data_array_296_out|       pointer|
|data_array_295_out         |  out|   16|      ap_vld|                                                     data_array_295_out|       pointer|
|data_array_295_out_ap_vld  |  out|    1|      ap_vld|                                                     data_array_295_out|       pointer|
|data_array_294_out         |  out|   16|      ap_vld|                                                     data_array_294_out|       pointer|
|data_array_294_out_ap_vld  |  out|    1|      ap_vld|                                                     data_array_294_out|       pointer|
|data_array_293_out         |  out|   16|      ap_vld|                                                     data_array_293_out|       pointer|
|data_array_293_out_ap_vld  |  out|    1|      ap_vld|                                                     data_array_293_out|       pointer|
|data_array_292_out         |  out|   16|      ap_vld|                                                     data_array_292_out|       pointer|
|data_array_292_out_ap_vld  |  out|    1|      ap_vld|                                                     data_array_292_out|       pointer|
|data_array_291_out         |  out|   16|      ap_vld|                                                     data_array_291_out|       pointer|
|data_array_291_out_ap_vld  |  out|    1|      ap_vld|                                                     data_array_291_out|       pointer|
|data_array_290_out         |  out|   16|      ap_vld|                                                     data_array_290_out|       pointer|
|data_array_290_out_ap_vld  |  out|    1|      ap_vld|                                                     data_array_290_out|       pointer|
|data_array_289_out         |  out|   16|      ap_vld|                                                     data_array_289_out|       pointer|
|data_array_289_out_ap_vld  |  out|    1|      ap_vld|                                                     data_array_289_out|       pointer|
|data_array_288_out         |  out|   16|      ap_vld|                                                     data_array_288_out|       pointer|
|data_array_288_out_ap_vld  |  out|    1|      ap_vld|                                                     data_array_288_out|       pointer|
|data_array_287_out         |  out|   16|      ap_vld|                                                     data_array_287_out|       pointer|
|data_array_287_out_ap_vld  |  out|    1|      ap_vld|                                                     data_array_287_out|       pointer|
|data_array_286_out         |  out|   16|      ap_vld|                                                     data_array_286_out|       pointer|
|data_array_286_out_ap_vld  |  out|    1|      ap_vld|                                                     data_array_286_out|       pointer|
|data_array_285_out         |  out|   16|      ap_vld|                                                     data_array_285_out|       pointer|
|data_array_285_out_ap_vld  |  out|    1|      ap_vld|                                                     data_array_285_out|       pointer|
|data_array_284_out         |  out|   16|      ap_vld|                                                     data_array_284_out|       pointer|
|data_array_284_out_ap_vld  |  out|    1|      ap_vld|                                                     data_array_284_out|       pointer|
|data_array_283_out         |  out|   16|      ap_vld|                                                     data_array_283_out|       pointer|
|data_array_283_out_ap_vld  |  out|    1|      ap_vld|                                                     data_array_283_out|       pointer|
|data_array_282_out         |  out|   16|      ap_vld|                                                     data_array_282_out|       pointer|
|data_array_282_out_ap_vld  |  out|    1|      ap_vld|                                                     data_array_282_out|       pointer|
|data_array_281_out         |  out|   16|      ap_vld|                                                     data_array_281_out|       pointer|
|data_array_281_out_ap_vld  |  out|    1|      ap_vld|                                                     data_array_281_out|       pointer|
|data_array_280_out         |  out|   16|      ap_vld|                                                     data_array_280_out|       pointer|
|data_array_280_out_ap_vld  |  out|    1|      ap_vld|                                                     data_array_280_out|       pointer|
|data_array_279_out         |  out|   16|      ap_vld|                                                     data_array_279_out|       pointer|
|data_array_279_out_ap_vld  |  out|    1|      ap_vld|                                                     data_array_279_out|       pointer|
|data_array_278_out         |  out|   16|      ap_vld|                                                     data_array_278_out|       pointer|
|data_array_278_out_ap_vld  |  out|    1|      ap_vld|                                                     data_array_278_out|       pointer|
|data_array_277_out         |  out|   16|      ap_vld|                                                     data_array_277_out|       pointer|
|data_array_277_out_ap_vld  |  out|    1|      ap_vld|                                                     data_array_277_out|       pointer|
|data_array_276_out         |  out|   16|      ap_vld|                                                     data_array_276_out|       pointer|
|data_array_276_out_ap_vld  |  out|    1|      ap_vld|                                                     data_array_276_out|       pointer|
|data_array_275_out         |  out|   16|      ap_vld|                                                     data_array_275_out|       pointer|
|data_array_275_out_ap_vld  |  out|    1|      ap_vld|                                                     data_array_275_out|       pointer|
|data_array_274_out         |  out|   16|      ap_vld|                                                     data_array_274_out|       pointer|
|data_array_274_out_ap_vld  |  out|    1|      ap_vld|                                                     data_array_274_out|       pointer|
|data_array_273_out         |  out|   16|      ap_vld|                                                     data_array_273_out|       pointer|
|data_array_273_out_ap_vld  |  out|    1|      ap_vld|                                                     data_array_273_out|       pointer|
|data_array_272_out         |  out|   16|      ap_vld|                                                     data_array_272_out|       pointer|
|data_array_272_out_ap_vld  |  out|    1|      ap_vld|                                                     data_array_272_out|       pointer|
|data_array_271_out         |  out|   16|      ap_vld|                                                     data_array_271_out|       pointer|
|data_array_271_out_ap_vld  |  out|    1|      ap_vld|                                                     data_array_271_out|       pointer|
|data_array_270_out         |  out|   16|      ap_vld|                                                     data_array_270_out|       pointer|
|data_array_270_out_ap_vld  |  out|    1|      ap_vld|                                                     data_array_270_out|       pointer|
|data_array_269_out         |  out|   16|      ap_vld|                                                     data_array_269_out|       pointer|
|data_array_269_out_ap_vld  |  out|    1|      ap_vld|                                                     data_array_269_out|       pointer|
|data_array_268_out         |  out|   16|      ap_vld|                                                     data_array_268_out|       pointer|
|data_array_268_out_ap_vld  |  out|    1|      ap_vld|                                                     data_array_268_out|       pointer|
|data_array_267_out         |  out|   16|      ap_vld|                                                     data_array_267_out|       pointer|
|data_array_267_out_ap_vld  |  out|    1|      ap_vld|                                                     data_array_267_out|       pointer|
|data_array_266_out         |  out|   16|      ap_vld|                                                     data_array_266_out|       pointer|
|data_array_266_out_ap_vld  |  out|    1|      ap_vld|                                                     data_array_266_out|       pointer|
|data_array_265_out         |  out|   16|      ap_vld|                                                     data_array_265_out|       pointer|
|data_array_265_out_ap_vld  |  out|    1|      ap_vld|                                                     data_array_265_out|       pointer|
|data_array_264_out         |  out|   16|      ap_vld|                                                     data_array_264_out|       pointer|
|data_array_264_out_ap_vld  |  out|    1|      ap_vld|                                                     data_array_264_out|       pointer|
|data_array_263_out         |  out|   16|      ap_vld|                                                     data_array_263_out|       pointer|
|data_array_263_out_ap_vld  |  out|    1|      ap_vld|                                                     data_array_263_out|       pointer|
|data_array_262_out         |  out|   16|      ap_vld|                                                     data_array_262_out|       pointer|
|data_array_262_out_ap_vld  |  out|    1|      ap_vld|                                                     data_array_262_out|       pointer|
|data_array_261_out         |  out|   16|      ap_vld|                                                     data_array_261_out|       pointer|
|data_array_261_out_ap_vld  |  out|    1|      ap_vld|                                                     data_array_261_out|       pointer|
|data_array_260_out         |  out|   16|      ap_vld|                                                     data_array_260_out|       pointer|
|data_array_260_out_ap_vld  |  out|    1|      ap_vld|                                                     data_array_260_out|       pointer|
|data_array_259_out         |  out|   16|      ap_vld|                                                     data_array_259_out|       pointer|
|data_array_259_out_ap_vld  |  out|    1|      ap_vld|                                                     data_array_259_out|       pointer|
|data_array_258_out         |  out|   16|      ap_vld|                                                     data_array_258_out|       pointer|
|data_array_258_out_ap_vld  |  out|    1|      ap_vld|                                                     data_array_258_out|       pointer|
|data_array_257_out         |  out|   16|      ap_vld|                                                     data_array_257_out|       pointer|
|data_array_257_out_ap_vld  |  out|    1|      ap_vld|                                                     data_array_257_out|       pointer|
|data_array_256_out         |  out|   16|      ap_vld|                                                     data_array_256_out|       pointer|
|data_array_256_out_ap_vld  |  out|    1|      ap_vld|                                                     data_array_256_out|       pointer|
|data_array_255_out         |  out|   16|      ap_vld|                                                     data_array_255_out|       pointer|
|data_array_255_out_ap_vld  |  out|    1|      ap_vld|                                                     data_array_255_out|       pointer|
|data_array_254_out         |  out|   16|      ap_vld|                                                     data_array_254_out|       pointer|
|data_array_254_out_ap_vld  |  out|    1|      ap_vld|                                                     data_array_254_out|       pointer|
|data_array_253_out         |  out|   16|      ap_vld|                                                     data_array_253_out|       pointer|
|data_array_253_out_ap_vld  |  out|    1|      ap_vld|                                                     data_array_253_out|       pointer|
|data_array_252_out         |  out|   16|      ap_vld|                                                     data_array_252_out|       pointer|
|data_array_252_out_ap_vld  |  out|    1|      ap_vld|                                                     data_array_252_out|       pointer|
|data_array_251_out         |  out|   16|      ap_vld|                                                     data_array_251_out|       pointer|
|data_array_251_out_ap_vld  |  out|    1|      ap_vld|                                                     data_array_251_out|       pointer|
|data_array_250_out         |  out|   16|      ap_vld|                                                     data_array_250_out|       pointer|
|data_array_250_out_ap_vld  |  out|    1|      ap_vld|                                                     data_array_250_out|       pointer|
|data_array_249_out         |  out|   16|      ap_vld|                                                     data_array_249_out|       pointer|
|data_array_249_out_ap_vld  |  out|    1|      ap_vld|                                                     data_array_249_out|       pointer|
|data_array_248_out         |  out|   16|      ap_vld|                                                     data_array_248_out|       pointer|
|data_array_248_out_ap_vld  |  out|    1|      ap_vld|                                                     data_array_248_out|       pointer|
|data_array_247_out         |  out|   16|      ap_vld|                                                     data_array_247_out|       pointer|
|data_array_247_out_ap_vld  |  out|    1|      ap_vld|                                                     data_array_247_out|       pointer|
|data_array_246_out         |  out|   16|      ap_vld|                                                     data_array_246_out|       pointer|
|data_array_246_out_ap_vld  |  out|    1|      ap_vld|                                                     data_array_246_out|       pointer|
|data_array_245_out         |  out|   16|      ap_vld|                                                     data_array_245_out|       pointer|
|data_array_245_out_ap_vld  |  out|    1|      ap_vld|                                                     data_array_245_out|       pointer|
|data_array_244_out         |  out|   16|      ap_vld|                                                     data_array_244_out|       pointer|
|data_array_244_out_ap_vld  |  out|    1|      ap_vld|                                                     data_array_244_out|       pointer|
|data_array_243_out         |  out|   16|      ap_vld|                                                     data_array_243_out|       pointer|
|data_array_243_out_ap_vld  |  out|    1|      ap_vld|                                                     data_array_243_out|       pointer|
|data_array_242_out         |  out|   16|      ap_vld|                                                     data_array_242_out|       pointer|
|data_array_242_out_ap_vld  |  out|    1|      ap_vld|                                                     data_array_242_out|       pointer|
|data_array_241_out         |  out|   16|      ap_vld|                                                     data_array_241_out|       pointer|
|data_array_241_out_ap_vld  |  out|    1|      ap_vld|                                                     data_array_241_out|       pointer|
|data_array_240_out         |  out|   16|      ap_vld|                                                     data_array_240_out|       pointer|
|data_array_240_out_ap_vld  |  out|    1|      ap_vld|                                                     data_array_240_out|       pointer|
|data_array_239_out         |  out|   16|      ap_vld|                                                     data_array_239_out|       pointer|
|data_array_239_out_ap_vld  |  out|    1|      ap_vld|                                                     data_array_239_out|       pointer|
|data_array_238_out         |  out|   16|      ap_vld|                                                     data_array_238_out|       pointer|
|data_array_238_out_ap_vld  |  out|    1|      ap_vld|                                                     data_array_238_out|       pointer|
|data_array_237_out         |  out|   16|      ap_vld|                                                     data_array_237_out|       pointer|
|data_array_237_out_ap_vld  |  out|    1|      ap_vld|                                                     data_array_237_out|       pointer|
|data_array_236_out         |  out|   16|      ap_vld|                                                     data_array_236_out|       pointer|
|data_array_236_out_ap_vld  |  out|    1|      ap_vld|                                                     data_array_236_out|       pointer|
|data_array_235_out         |  out|   16|      ap_vld|                                                     data_array_235_out|       pointer|
|data_array_235_out_ap_vld  |  out|    1|      ap_vld|                                                     data_array_235_out|       pointer|
|data_array_234_out         |  out|   16|      ap_vld|                                                     data_array_234_out|       pointer|
|data_array_234_out_ap_vld  |  out|    1|      ap_vld|                                                     data_array_234_out|       pointer|
|data_array_233_out         |  out|   16|      ap_vld|                                                     data_array_233_out|       pointer|
|data_array_233_out_ap_vld  |  out|    1|      ap_vld|                                                     data_array_233_out|       pointer|
|data_array_232_out         |  out|   16|      ap_vld|                                                     data_array_232_out|       pointer|
|data_array_232_out_ap_vld  |  out|    1|      ap_vld|                                                     data_array_232_out|       pointer|
|data_array_231_out         |  out|   16|      ap_vld|                                                     data_array_231_out|       pointer|
|data_array_231_out_ap_vld  |  out|    1|      ap_vld|                                                     data_array_231_out|       pointer|
|data_array_230_out         |  out|   16|      ap_vld|                                                     data_array_230_out|       pointer|
|data_array_230_out_ap_vld  |  out|    1|      ap_vld|                                                     data_array_230_out|       pointer|
|data_array_229_out         |  out|   16|      ap_vld|                                                     data_array_229_out|       pointer|
|data_array_229_out_ap_vld  |  out|    1|      ap_vld|                                                     data_array_229_out|       pointer|
|data_array_228_out         |  out|   16|      ap_vld|                                                     data_array_228_out|       pointer|
|data_array_228_out_ap_vld  |  out|    1|      ap_vld|                                                     data_array_228_out|       pointer|
|data_array_227_out         |  out|   16|      ap_vld|                                                     data_array_227_out|       pointer|
|data_array_227_out_ap_vld  |  out|    1|      ap_vld|                                                     data_array_227_out|       pointer|
|data_array_226_out         |  out|   16|      ap_vld|                                                     data_array_226_out|       pointer|
|data_array_226_out_ap_vld  |  out|    1|      ap_vld|                                                     data_array_226_out|       pointer|
|data_array_225_out         |  out|   16|      ap_vld|                                                     data_array_225_out|       pointer|
|data_array_225_out_ap_vld  |  out|    1|      ap_vld|                                                     data_array_225_out|       pointer|
|data_array_224_out         |  out|   16|      ap_vld|                                                     data_array_224_out|       pointer|
|data_array_224_out_ap_vld  |  out|    1|      ap_vld|                                                     data_array_224_out|       pointer|
|data_array_223_out         |  out|   16|      ap_vld|                                                     data_array_223_out|       pointer|
|data_array_223_out_ap_vld  |  out|    1|      ap_vld|                                                     data_array_223_out|       pointer|
|data_array_222_out         |  out|   16|      ap_vld|                                                     data_array_222_out|       pointer|
|data_array_222_out_ap_vld  |  out|    1|      ap_vld|                                                     data_array_222_out|       pointer|
|data_array_221_out         |  out|   16|      ap_vld|                                                     data_array_221_out|       pointer|
|data_array_221_out_ap_vld  |  out|    1|      ap_vld|                                                     data_array_221_out|       pointer|
|data_array_220_out         |  out|   16|      ap_vld|                                                     data_array_220_out|       pointer|
|data_array_220_out_ap_vld  |  out|    1|      ap_vld|                                                     data_array_220_out|       pointer|
|data_array_219_out         |  out|   16|      ap_vld|                                                     data_array_219_out|       pointer|
|data_array_219_out_ap_vld  |  out|    1|      ap_vld|                                                     data_array_219_out|       pointer|
|data_array_218_out         |  out|   16|      ap_vld|                                                     data_array_218_out|       pointer|
|data_array_218_out_ap_vld  |  out|    1|      ap_vld|                                                     data_array_218_out|       pointer|
|data_array_217_out         |  out|   16|      ap_vld|                                                     data_array_217_out|       pointer|
|data_array_217_out_ap_vld  |  out|    1|      ap_vld|                                                     data_array_217_out|       pointer|
|data_array_216_out         |  out|   16|      ap_vld|                                                     data_array_216_out|       pointer|
|data_array_216_out_ap_vld  |  out|    1|      ap_vld|                                                     data_array_216_out|       pointer|
|data_array_215_out         |  out|   16|      ap_vld|                                                     data_array_215_out|       pointer|
|data_array_215_out_ap_vld  |  out|    1|      ap_vld|                                                     data_array_215_out|       pointer|
|data_array_214_out         |  out|   16|      ap_vld|                                                     data_array_214_out|       pointer|
|data_array_214_out_ap_vld  |  out|    1|      ap_vld|                                                     data_array_214_out|       pointer|
|data_array_213_out         |  out|   16|      ap_vld|                                                     data_array_213_out|       pointer|
|data_array_213_out_ap_vld  |  out|    1|      ap_vld|                                                     data_array_213_out|       pointer|
|data_array_212_out         |  out|   16|      ap_vld|                                                     data_array_212_out|       pointer|
|data_array_212_out_ap_vld  |  out|    1|      ap_vld|                                                     data_array_212_out|       pointer|
|data_array_211_out         |  out|   16|      ap_vld|                                                     data_array_211_out|       pointer|
|data_array_211_out_ap_vld  |  out|    1|      ap_vld|                                                     data_array_211_out|       pointer|
|data_array_210_out         |  out|   16|      ap_vld|                                                     data_array_210_out|       pointer|
|data_array_210_out_ap_vld  |  out|    1|      ap_vld|                                                     data_array_210_out|       pointer|
|data_array_209_out         |  out|   16|      ap_vld|                                                     data_array_209_out|       pointer|
|data_array_209_out_ap_vld  |  out|    1|      ap_vld|                                                     data_array_209_out|       pointer|
|data_array_208_out         |  out|   16|      ap_vld|                                                     data_array_208_out|       pointer|
|data_array_208_out_ap_vld  |  out|    1|      ap_vld|                                                     data_array_208_out|       pointer|
|data_array_207_out         |  out|   16|      ap_vld|                                                     data_array_207_out|       pointer|
|data_array_207_out_ap_vld  |  out|    1|      ap_vld|                                                     data_array_207_out|       pointer|
|data_array_206_out         |  out|   16|      ap_vld|                                                     data_array_206_out|       pointer|
|data_array_206_out_ap_vld  |  out|    1|      ap_vld|                                                     data_array_206_out|       pointer|
|data_array_205_out         |  out|   16|      ap_vld|                                                     data_array_205_out|       pointer|
|data_array_205_out_ap_vld  |  out|    1|      ap_vld|                                                     data_array_205_out|       pointer|
|data_array_204_out         |  out|   16|      ap_vld|                                                     data_array_204_out|       pointer|
|data_array_204_out_ap_vld  |  out|    1|      ap_vld|                                                     data_array_204_out|       pointer|
|data_array_203_out         |  out|   16|      ap_vld|                                                     data_array_203_out|       pointer|
|data_array_203_out_ap_vld  |  out|    1|      ap_vld|                                                     data_array_203_out|       pointer|
|data_array_202_out         |  out|   16|      ap_vld|                                                     data_array_202_out|       pointer|
|data_array_202_out_ap_vld  |  out|    1|      ap_vld|                                                     data_array_202_out|       pointer|
|data_array_201_out         |  out|   16|      ap_vld|                                                     data_array_201_out|       pointer|
|data_array_201_out_ap_vld  |  out|    1|      ap_vld|                                                     data_array_201_out|       pointer|
|data_array_200_out         |  out|   16|      ap_vld|                                                     data_array_200_out|       pointer|
|data_array_200_out_ap_vld  |  out|    1|      ap_vld|                                                     data_array_200_out|       pointer|
|data_array_199_out         |  out|   16|      ap_vld|                                                     data_array_199_out|       pointer|
|data_array_199_out_ap_vld  |  out|    1|      ap_vld|                                                     data_array_199_out|       pointer|
|data_array_198_out         |  out|   16|      ap_vld|                                                     data_array_198_out|       pointer|
|data_array_198_out_ap_vld  |  out|    1|      ap_vld|                                                     data_array_198_out|       pointer|
|data_array_197_out         |  out|   16|      ap_vld|                                                     data_array_197_out|       pointer|
|data_array_197_out_ap_vld  |  out|    1|      ap_vld|                                                     data_array_197_out|       pointer|
|data_array_196_out         |  out|   16|      ap_vld|                                                     data_array_196_out|       pointer|
|data_array_196_out_ap_vld  |  out|    1|      ap_vld|                                                     data_array_196_out|       pointer|
|data_array_195_out         |  out|   16|      ap_vld|                                                     data_array_195_out|       pointer|
|data_array_195_out_ap_vld  |  out|    1|      ap_vld|                                                     data_array_195_out|       pointer|
|data_array_194_out         |  out|   16|      ap_vld|                                                     data_array_194_out|       pointer|
|data_array_194_out_ap_vld  |  out|    1|      ap_vld|                                                     data_array_194_out|       pointer|
|data_array_193_out         |  out|   16|      ap_vld|                                                     data_array_193_out|       pointer|
|data_array_193_out_ap_vld  |  out|    1|      ap_vld|                                                     data_array_193_out|       pointer|
|data_array_192_out         |  out|   16|      ap_vld|                                                     data_array_192_out|       pointer|
|data_array_192_out_ap_vld  |  out|    1|      ap_vld|                                                     data_array_192_out|       pointer|
|data_array_191_out         |  out|   16|      ap_vld|                                                     data_array_191_out|       pointer|
|data_array_191_out_ap_vld  |  out|    1|      ap_vld|                                                     data_array_191_out|       pointer|
|data_array_190_out         |  out|   16|      ap_vld|                                                     data_array_190_out|       pointer|
|data_array_190_out_ap_vld  |  out|    1|      ap_vld|                                                     data_array_190_out|       pointer|
|data_array_189_out         |  out|   16|      ap_vld|                                                     data_array_189_out|       pointer|
|data_array_189_out_ap_vld  |  out|    1|      ap_vld|                                                     data_array_189_out|       pointer|
|data_array_188_out         |  out|   16|      ap_vld|                                                     data_array_188_out|       pointer|
|data_array_188_out_ap_vld  |  out|    1|      ap_vld|                                                     data_array_188_out|       pointer|
|data_array_187_out         |  out|   16|      ap_vld|                                                     data_array_187_out|       pointer|
|data_array_187_out_ap_vld  |  out|    1|      ap_vld|                                                     data_array_187_out|       pointer|
|data_array_186_out         |  out|   16|      ap_vld|                                                     data_array_186_out|       pointer|
|data_array_186_out_ap_vld  |  out|    1|      ap_vld|                                                     data_array_186_out|       pointer|
|data_array_185_out         |  out|   16|      ap_vld|                                                     data_array_185_out|       pointer|
|data_array_185_out_ap_vld  |  out|    1|      ap_vld|                                                     data_array_185_out|       pointer|
|data_array_184_out         |  out|   16|      ap_vld|                                                     data_array_184_out|       pointer|
|data_array_184_out_ap_vld  |  out|    1|      ap_vld|                                                     data_array_184_out|       pointer|
|data_array_183_out         |  out|   16|      ap_vld|                                                     data_array_183_out|       pointer|
|data_array_183_out_ap_vld  |  out|    1|      ap_vld|                                                     data_array_183_out|       pointer|
|data_array_182_out         |  out|   16|      ap_vld|                                                     data_array_182_out|       pointer|
|data_array_182_out_ap_vld  |  out|    1|      ap_vld|                                                     data_array_182_out|       pointer|
|data_array_181_out         |  out|   16|      ap_vld|                                                     data_array_181_out|       pointer|
|data_array_181_out_ap_vld  |  out|    1|      ap_vld|                                                     data_array_181_out|       pointer|
|data_array_180_out         |  out|   16|      ap_vld|                                                     data_array_180_out|       pointer|
|data_array_180_out_ap_vld  |  out|    1|      ap_vld|                                                     data_array_180_out|       pointer|
|data_array_179_out         |  out|   16|      ap_vld|                                                     data_array_179_out|       pointer|
|data_array_179_out_ap_vld  |  out|    1|      ap_vld|                                                     data_array_179_out|       pointer|
|data_array_178_out         |  out|   16|      ap_vld|                                                     data_array_178_out|       pointer|
|data_array_178_out_ap_vld  |  out|    1|      ap_vld|                                                     data_array_178_out|       pointer|
|data_array_177_out         |  out|   16|      ap_vld|                                                     data_array_177_out|       pointer|
|data_array_177_out_ap_vld  |  out|    1|      ap_vld|                                                     data_array_177_out|       pointer|
|data_array_176_out         |  out|   16|      ap_vld|                                                     data_array_176_out|       pointer|
|data_array_176_out_ap_vld  |  out|    1|      ap_vld|                                                     data_array_176_out|       pointer|
|data_array_175_out         |  out|   16|      ap_vld|                                                     data_array_175_out|       pointer|
|data_array_175_out_ap_vld  |  out|    1|      ap_vld|                                                     data_array_175_out|       pointer|
|data_array_174_out         |  out|   16|      ap_vld|                                                     data_array_174_out|       pointer|
|data_array_174_out_ap_vld  |  out|    1|      ap_vld|                                                     data_array_174_out|       pointer|
|data_array_173_out         |  out|   16|      ap_vld|                                                     data_array_173_out|       pointer|
|data_array_173_out_ap_vld  |  out|    1|      ap_vld|                                                     data_array_173_out|       pointer|
|data_array_172_out         |  out|   16|      ap_vld|                                                     data_array_172_out|       pointer|
|data_array_172_out_ap_vld  |  out|    1|      ap_vld|                                                     data_array_172_out|       pointer|
|data_array_171_out         |  out|   16|      ap_vld|                                                     data_array_171_out|       pointer|
|data_array_171_out_ap_vld  |  out|    1|      ap_vld|                                                     data_array_171_out|       pointer|
|data_array_170_out         |  out|   16|      ap_vld|                                                     data_array_170_out|       pointer|
|data_array_170_out_ap_vld  |  out|    1|      ap_vld|                                                     data_array_170_out|       pointer|
|data_array_169_out         |  out|   16|      ap_vld|                                                     data_array_169_out|       pointer|
|data_array_169_out_ap_vld  |  out|    1|      ap_vld|                                                     data_array_169_out|       pointer|
|data_array_168_out         |  out|   16|      ap_vld|                                                     data_array_168_out|       pointer|
|data_array_168_out_ap_vld  |  out|    1|      ap_vld|                                                     data_array_168_out|       pointer|
|data_array_167_out         |  out|   16|      ap_vld|                                                     data_array_167_out|       pointer|
|data_array_167_out_ap_vld  |  out|    1|      ap_vld|                                                     data_array_167_out|       pointer|
|data_array_166_out         |  out|   16|      ap_vld|                                                     data_array_166_out|       pointer|
|data_array_166_out_ap_vld  |  out|    1|      ap_vld|                                                     data_array_166_out|       pointer|
|data_array_165_out         |  out|   16|      ap_vld|                                                     data_array_165_out|       pointer|
|data_array_165_out_ap_vld  |  out|    1|      ap_vld|                                                     data_array_165_out|       pointer|
|data_array_164_out         |  out|   16|      ap_vld|                                                     data_array_164_out|       pointer|
|data_array_164_out_ap_vld  |  out|    1|      ap_vld|                                                     data_array_164_out|       pointer|
|data_array_163_out         |  out|   16|      ap_vld|                                                     data_array_163_out|       pointer|
|data_array_163_out_ap_vld  |  out|    1|      ap_vld|                                                     data_array_163_out|       pointer|
|data_array_162_out         |  out|   16|      ap_vld|                                                     data_array_162_out|       pointer|
|data_array_162_out_ap_vld  |  out|    1|      ap_vld|                                                     data_array_162_out|       pointer|
|data_array_161_out         |  out|   16|      ap_vld|                                                     data_array_161_out|       pointer|
|data_array_161_out_ap_vld  |  out|    1|      ap_vld|                                                     data_array_161_out|       pointer|
|data_array_160_out         |  out|   16|      ap_vld|                                                     data_array_160_out|       pointer|
|data_array_160_out_ap_vld  |  out|    1|      ap_vld|                                                     data_array_160_out|       pointer|
|data_array_159_out         |  out|   16|      ap_vld|                                                     data_array_159_out|       pointer|
|data_array_159_out_ap_vld  |  out|    1|      ap_vld|                                                     data_array_159_out|       pointer|
|data_array_158_out         |  out|   16|      ap_vld|                                                     data_array_158_out|       pointer|
|data_array_158_out_ap_vld  |  out|    1|      ap_vld|                                                     data_array_158_out|       pointer|
|data_array_157_out         |  out|   16|      ap_vld|                                                     data_array_157_out|       pointer|
|data_array_157_out_ap_vld  |  out|    1|      ap_vld|                                                     data_array_157_out|       pointer|
|data_array_156_out         |  out|   16|      ap_vld|                                                     data_array_156_out|       pointer|
|data_array_156_out_ap_vld  |  out|    1|      ap_vld|                                                     data_array_156_out|       pointer|
|data_array_155_out         |  out|   16|      ap_vld|                                                     data_array_155_out|       pointer|
|data_array_155_out_ap_vld  |  out|    1|      ap_vld|                                                     data_array_155_out|       pointer|
|data_array_154_out         |  out|   16|      ap_vld|                                                     data_array_154_out|       pointer|
|data_array_154_out_ap_vld  |  out|    1|      ap_vld|                                                     data_array_154_out|       pointer|
|data_array_153_out         |  out|   16|      ap_vld|                                                     data_array_153_out|       pointer|
|data_array_153_out_ap_vld  |  out|    1|      ap_vld|                                                     data_array_153_out|       pointer|
|data_array_152_out         |  out|   16|      ap_vld|                                                     data_array_152_out|       pointer|
|data_array_152_out_ap_vld  |  out|    1|      ap_vld|                                                     data_array_152_out|       pointer|
|data_array_151_out         |  out|   16|      ap_vld|                                                     data_array_151_out|       pointer|
|data_array_151_out_ap_vld  |  out|    1|      ap_vld|                                                     data_array_151_out|       pointer|
|data_array_150_out         |  out|   16|      ap_vld|                                                     data_array_150_out|       pointer|
|data_array_150_out_ap_vld  |  out|    1|      ap_vld|                                                     data_array_150_out|       pointer|
|data_array_149_out         |  out|   16|      ap_vld|                                                     data_array_149_out|       pointer|
|data_array_149_out_ap_vld  |  out|    1|      ap_vld|                                                     data_array_149_out|       pointer|
|data_array_148_out         |  out|   16|      ap_vld|                                                     data_array_148_out|       pointer|
|data_array_148_out_ap_vld  |  out|    1|      ap_vld|                                                     data_array_148_out|       pointer|
|data_array_147_out         |  out|   16|      ap_vld|                                                     data_array_147_out|       pointer|
|data_array_147_out_ap_vld  |  out|    1|      ap_vld|                                                     data_array_147_out|       pointer|
|data_array_146_out         |  out|   16|      ap_vld|                                                     data_array_146_out|       pointer|
|data_array_146_out_ap_vld  |  out|    1|      ap_vld|                                                     data_array_146_out|       pointer|
|data_array_145_out         |  out|   16|      ap_vld|                                                     data_array_145_out|       pointer|
|data_array_145_out_ap_vld  |  out|    1|      ap_vld|                                                     data_array_145_out|       pointer|
|data_array_144_out         |  out|   16|      ap_vld|                                                     data_array_144_out|       pointer|
|data_array_144_out_ap_vld  |  out|    1|      ap_vld|                                                     data_array_144_out|       pointer|
|data_array_143_out         |  out|   16|      ap_vld|                                                     data_array_143_out|       pointer|
|data_array_143_out_ap_vld  |  out|    1|      ap_vld|                                                     data_array_143_out|       pointer|
|data_array_142_out         |  out|   16|      ap_vld|                                                     data_array_142_out|       pointer|
|data_array_142_out_ap_vld  |  out|    1|      ap_vld|                                                     data_array_142_out|       pointer|
|data_array_141_out         |  out|   16|      ap_vld|                                                     data_array_141_out|       pointer|
|data_array_141_out_ap_vld  |  out|    1|      ap_vld|                                                     data_array_141_out|       pointer|
|data_array_140_out         |  out|   16|      ap_vld|                                                     data_array_140_out|       pointer|
|data_array_140_out_ap_vld  |  out|    1|      ap_vld|                                                     data_array_140_out|       pointer|
|data_array_139_out         |  out|   16|      ap_vld|                                                     data_array_139_out|       pointer|
|data_array_139_out_ap_vld  |  out|    1|      ap_vld|                                                     data_array_139_out|       pointer|
|data_array_138_out         |  out|   16|      ap_vld|                                                     data_array_138_out|       pointer|
|data_array_138_out_ap_vld  |  out|    1|      ap_vld|                                                     data_array_138_out|       pointer|
|data_array_137_out         |  out|   16|      ap_vld|                                                     data_array_137_out|       pointer|
|data_array_137_out_ap_vld  |  out|    1|      ap_vld|                                                     data_array_137_out|       pointer|
|data_array_136_out         |  out|   16|      ap_vld|                                                     data_array_136_out|       pointer|
|data_array_136_out_ap_vld  |  out|    1|      ap_vld|                                                     data_array_136_out|       pointer|
|data_array_135_out         |  out|   16|      ap_vld|                                                     data_array_135_out|       pointer|
|data_array_135_out_ap_vld  |  out|    1|      ap_vld|                                                     data_array_135_out|       pointer|
|data_array_134_out         |  out|   16|      ap_vld|                                                     data_array_134_out|       pointer|
|data_array_134_out_ap_vld  |  out|    1|      ap_vld|                                                     data_array_134_out|       pointer|
|data_array_133_out         |  out|   16|      ap_vld|                                                     data_array_133_out|       pointer|
|data_array_133_out_ap_vld  |  out|    1|      ap_vld|                                                     data_array_133_out|       pointer|
|data_array_132_out         |  out|   16|      ap_vld|                                                     data_array_132_out|       pointer|
|data_array_132_out_ap_vld  |  out|    1|      ap_vld|                                                     data_array_132_out|       pointer|
|data_array_131_out         |  out|   16|      ap_vld|                                                     data_array_131_out|       pointer|
|data_array_131_out_ap_vld  |  out|    1|      ap_vld|                                                     data_array_131_out|       pointer|
|data_array_130_out         |  out|   16|      ap_vld|                                                     data_array_130_out|       pointer|
|data_array_130_out_ap_vld  |  out|    1|      ap_vld|                                                     data_array_130_out|       pointer|
|data_array_129_out         |  out|   16|      ap_vld|                                                     data_array_129_out|       pointer|
|data_array_129_out_ap_vld  |  out|    1|      ap_vld|                                                     data_array_129_out|       pointer|
|data_array_128_out         |  out|   16|      ap_vld|                                                     data_array_128_out|       pointer|
|data_array_128_out_ap_vld  |  out|    1|      ap_vld|                                                     data_array_128_out|       pointer|
|data_array_127_out         |  out|   16|      ap_vld|                                                     data_array_127_out|       pointer|
|data_array_127_out_ap_vld  |  out|    1|      ap_vld|                                                     data_array_127_out|       pointer|
|data_array_126_out         |  out|   16|      ap_vld|                                                     data_array_126_out|       pointer|
|data_array_126_out_ap_vld  |  out|    1|      ap_vld|                                                     data_array_126_out|       pointer|
|data_array_125_out         |  out|   16|      ap_vld|                                                     data_array_125_out|       pointer|
|data_array_125_out_ap_vld  |  out|    1|      ap_vld|                                                     data_array_125_out|       pointer|
|data_array_124_out         |  out|   16|      ap_vld|                                                     data_array_124_out|       pointer|
|data_array_124_out_ap_vld  |  out|    1|      ap_vld|                                                     data_array_124_out|       pointer|
|data_array_123_out         |  out|   16|      ap_vld|                                                     data_array_123_out|       pointer|
|data_array_123_out_ap_vld  |  out|    1|      ap_vld|                                                     data_array_123_out|       pointer|
|data_array_122_out         |  out|   16|      ap_vld|                                                     data_array_122_out|       pointer|
|data_array_122_out_ap_vld  |  out|    1|      ap_vld|                                                     data_array_122_out|       pointer|
|data_array_121_out         |  out|   16|      ap_vld|                                                     data_array_121_out|       pointer|
|data_array_121_out_ap_vld  |  out|    1|      ap_vld|                                                     data_array_121_out|       pointer|
|data_array_120_out         |  out|   16|      ap_vld|                                                     data_array_120_out|       pointer|
|data_array_120_out_ap_vld  |  out|    1|      ap_vld|                                                     data_array_120_out|       pointer|
|data_array_119_out         |  out|   16|      ap_vld|                                                     data_array_119_out|       pointer|
|data_array_119_out_ap_vld  |  out|    1|      ap_vld|                                                     data_array_119_out|       pointer|
|data_array_118_out         |  out|   16|      ap_vld|                                                     data_array_118_out|       pointer|
|data_array_118_out_ap_vld  |  out|    1|      ap_vld|                                                     data_array_118_out|       pointer|
|data_array_117_out         |  out|   16|      ap_vld|                                                     data_array_117_out|       pointer|
|data_array_117_out_ap_vld  |  out|    1|      ap_vld|                                                     data_array_117_out|       pointer|
|data_array_116_out         |  out|   16|      ap_vld|                                                     data_array_116_out|       pointer|
|data_array_116_out_ap_vld  |  out|    1|      ap_vld|                                                     data_array_116_out|       pointer|
|data_array_115_out         |  out|   16|      ap_vld|                                                     data_array_115_out|       pointer|
|data_array_115_out_ap_vld  |  out|    1|      ap_vld|                                                     data_array_115_out|       pointer|
|data_array_114_out         |  out|   16|      ap_vld|                                                     data_array_114_out|       pointer|
|data_array_114_out_ap_vld  |  out|    1|      ap_vld|                                                     data_array_114_out|       pointer|
|data_array_113_out         |  out|   16|      ap_vld|                                                     data_array_113_out|       pointer|
|data_array_113_out_ap_vld  |  out|    1|      ap_vld|                                                     data_array_113_out|       pointer|
|data_array_112_out         |  out|   16|      ap_vld|                                                     data_array_112_out|       pointer|
|data_array_112_out_ap_vld  |  out|    1|      ap_vld|                                                     data_array_112_out|       pointer|
|data_array_111_out         |  out|   16|      ap_vld|                                                     data_array_111_out|       pointer|
|data_array_111_out_ap_vld  |  out|    1|      ap_vld|                                                     data_array_111_out|       pointer|
|data_array_110_out         |  out|   16|      ap_vld|                                                     data_array_110_out|       pointer|
|data_array_110_out_ap_vld  |  out|    1|      ap_vld|                                                     data_array_110_out|       pointer|
|data_array_109_out         |  out|   16|      ap_vld|                                                     data_array_109_out|       pointer|
|data_array_109_out_ap_vld  |  out|    1|      ap_vld|                                                     data_array_109_out|       pointer|
|data_array_108_out         |  out|   16|      ap_vld|                                                     data_array_108_out|       pointer|
|data_array_108_out_ap_vld  |  out|    1|      ap_vld|                                                     data_array_108_out|       pointer|
|data_array_107_out         |  out|   16|      ap_vld|                                                     data_array_107_out|       pointer|
|data_array_107_out_ap_vld  |  out|    1|      ap_vld|                                                     data_array_107_out|       pointer|
|data_array_106_out         |  out|   16|      ap_vld|                                                     data_array_106_out|       pointer|
|data_array_106_out_ap_vld  |  out|    1|      ap_vld|                                                     data_array_106_out|       pointer|
|data_array_105_out         |  out|   16|      ap_vld|                                                     data_array_105_out|       pointer|
|data_array_105_out_ap_vld  |  out|    1|      ap_vld|                                                     data_array_105_out|       pointer|
|data_array_104_out         |  out|   16|      ap_vld|                                                     data_array_104_out|       pointer|
|data_array_104_out_ap_vld  |  out|    1|      ap_vld|                                                     data_array_104_out|       pointer|
|data_array_103_out         |  out|   16|      ap_vld|                                                     data_array_103_out|       pointer|
|data_array_103_out_ap_vld  |  out|    1|      ap_vld|                                                     data_array_103_out|       pointer|
|data_array_102_out         |  out|   16|      ap_vld|                                                     data_array_102_out|       pointer|
|data_array_102_out_ap_vld  |  out|    1|      ap_vld|                                                     data_array_102_out|       pointer|
|data_array_101_out         |  out|   16|      ap_vld|                                                     data_array_101_out|       pointer|
|data_array_101_out_ap_vld  |  out|    1|      ap_vld|                                                     data_array_101_out|       pointer|
|data_array_100_out         |  out|   16|      ap_vld|                                                     data_array_100_out|       pointer|
|data_array_100_out_ap_vld  |  out|    1|      ap_vld|                                                     data_array_100_out|       pointer|
|data_array_99_out          |  out|   16|      ap_vld|                                                      data_array_99_out|       pointer|
|data_array_99_out_ap_vld   |  out|    1|      ap_vld|                                                      data_array_99_out|       pointer|
|data_array_98_out          |  out|   16|      ap_vld|                                                      data_array_98_out|       pointer|
|data_array_98_out_ap_vld   |  out|    1|      ap_vld|                                                      data_array_98_out|       pointer|
|data_array_97_out          |  out|   16|      ap_vld|                                                      data_array_97_out|       pointer|
|data_array_97_out_ap_vld   |  out|    1|      ap_vld|                                                      data_array_97_out|       pointer|
|data_array_96_out          |  out|   16|      ap_vld|                                                      data_array_96_out|       pointer|
|data_array_96_out_ap_vld   |  out|    1|      ap_vld|                                                      data_array_96_out|       pointer|
|data_array_95_out          |  out|   16|      ap_vld|                                                      data_array_95_out|       pointer|
|data_array_95_out_ap_vld   |  out|    1|      ap_vld|                                                      data_array_95_out|       pointer|
|data_array_94_out          |  out|   16|      ap_vld|                                                      data_array_94_out|       pointer|
|data_array_94_out_ap_vld   |  out|    1|      ap_vld|                                                      data_array_94_out|       pointer|
|data_array_93_out          |  out|   16|      ap_vld|                                                      data_array_93_out|       pointer|
|data_array_93_out_ap_vld   |  out|    1|      ap_vld|                                                      data_array_93_out|       pointer|
|data_array_92_out          |  out|   16|      ap_vld|                                                      data_array_92_out|       pointer|
|data_array_92_out_ap_vld   |  out|    1|      ap_vld|                                                      data_array_92_out|       pointer|
|data_array_91_out          |  out|   16|      ap_vld|                                                      data_array_91_out|       pointer|
|data_array_91_out_ap_vld   |  out|    1|      ap_vld|                                                      data_array_91_out|       pointer|
|data_array_90_out          |  out|   16|      ap_vld|                                                      data_array_90_out|       pointer|
|data_array_90_out_ap_vld   |  out|    1|      ap_vld|                                                      data_array_90_out|       pointer|
|data_array_89_out          |  out|   16|      ap_vld|                                                      data_array_89_out|       pointer|
|data_array_89_out_ap_vld   |  out|    1|      ap_vld|                                                      data_array_89_out|       pointer|
|data_array_88_out          |  out|   16|      ap_vld|                                                      data_array_88_out|       pointer|
|data_array_88_out_ap_vld   |  out|    1|      ap_vld|                                                      data_array_88_out|       pointer|
|data_array_87_out          |  out|   16|      ap_vld|                                                      data_array_87_out|       pointer|
|data_array_87_out_ap_vld   |  out|    1|      ap_vld|                                                      data_array_87_out|       pointer|
|data_array_86_out          |  out|   16|      ap_vld|                                                      data_array_86_out|       pointer|
|data_array_86_out_ap_vld   |  out|    1|      ap_vld|                                                      data_array_86_out|       pointer|
|data_array_85_out          |  out|   16|      ap_vld|                                                      data_array_85_out|       pointer|
|data_array_85_out_ap_vld   |  out|    1|      ap_vld|                                                      data_array_85_out|       pointer|
|data_array_84_out          |  out|   16|      ap_vld|                                                      data_array_84_out|       pointer|
|data_array_84_out_ap_vld   |  out|    1|      ap_vld|                                                      data_array_84_out|       pointer|
|data_array_83_out          |  out|   16|      ap_vld|                                                      data_array_83_out|       pointer|
|data_array_83_out_ap_vld   |  out|    1|      ap_vld|                                                      data_array_83_out|       pointer|
|data_array_82_out          |  out|   16|      ap_vld|                                                      data_array_82_out|       pointer|
|data_array_82_out_ap_vld   |  out|    1|      ap_vld|                                                      data_array_82_out|       pointer|
|data_array_81_out          |  out|   16|      ap_vld|                                                      data_array_81_out|       pointer|
|data_array_81_out_ap_vld   |  out|    1|      ap_vld|                                                      data_array_81_out|       pointer|
|data_array_80_out          |  out|   16|      ap_vld|                                                      data_array_80_out|       pointer|
|data_array_80_out_ap_vld   |  out|    1|      ap_vld|                                                      data_array_80_out|       pointer|
|data_array_79_out          |  out|   16|      ap_vld|                                                      data_array_79_out|       pointer|
|data_array_79_out_ap_vld   |  out|    1|      ap_vld|                                                      data_array_79_out|       pointer|
|data_array_78_out          |  out|   16|      ap_vld|                                                      data_array_78_out|       pointer|
|data_array_78_out_ap_vld   |  out|    1|      ap_vld|                                                      data_array_78_out|       pointer|
|data_array_77_out          |  out|   16|      ap_vld|                                                      data_array_77_out|       pointer|
|data_array_77_out_ap_vld   |  out|    1|      ap_vld|                                                      data_array_77_out|       pointer|
|data_array_76_out          |  out|   16|      ap_vld|                                                      data_array_76_out|       pointer|
|data_array_76_out_ap_vld   |  out|    1|      ap_vld|                                                      data_array_76_out|       pointer|
|data_array_75_out          |  out|   16|      ap_vld|                                                      data_array_75_out|       pointer|
|data_array_75_out_ap_vld   |  out|    1|      ap_vld|                                                      data_array_75_out|       pointer|
|data_array_74_out          |  out|   16|      ap_vld|                                                      data_array_74_out|       pointer|
|data_array_74_out_ap_vld   |  out|    1|      ap_vld|                                                      data_array_74_out|       pointer|
|data_array_73_out          |  out|   16|      ap_vld|                                                      data_array_73_out|       pointer|
|data_array_73_out_ap_vld   |  out|    1|      ap_vld|                                                      data_array_73_out|       pointer|
|data_array_72_out          |  out|   16|      ap_vld|                                                      data_array_72_out|       pointer|
|data_array_72_out_ap_vld   |  out|    1|      ap_vld|                                                      data_array_72_out|       pointer|
|data_array_71_out          |  out|   16|      ap_vld|                                                      data_array_71_out|       pointer|
|data_array_71_out_ap_vld   |  out|    1|      ap_vld|                                                      data_array_71_out|       pointer|
|data_array_70_out          |  out|   16|      ap_vld|                                                      data_array_70_out|       pointer|
|data_array_70_out_ap_vld   |  out|    1|      ap_vld|                                                      data_array_70_out|       pointer|
|data_array_69_out          |  out|   16|      ap_vld|                                                      data_array_69_out|       pointer|
|data_array_69_out_ap_vld   |  out|    1|      ap_vld|                                                      data_array_69_out|       pointer|
|data_array_68_out          |  out|   16|      ap_vld|                                                      data_array_68_out|       pointer|
|data_array_68_out_ap_vld   |  out|    1|      ap_vld|                                                      data_array_68_out|       pointer|
|data_array_67_out          |  out|   16|      ap_vld|                                                      data_array_67_out|       pointer|
|data_array_67_out_ap_vld   |  out|    1|      ap_vld|                                                      data_array_67_out|       pointer|
|data_array_66_out          |  out|   16|      ap_vld|                                                      data_array_66_out|       pointer|
|data_array_66_out_ap_vld   |  out|    1|      ap_vld|                                                      data_array_66_out|       pointer|
|data_array_65_out          |  out|   16|      ap_vld|                                                      data_array_65_out|       pointer|
|data_array_65_out_ap_vld   |  out|    1|      ap_vld|                                                      data_array_65_out|       pointer|
|data_array_64_out          |  out|   16|      ap_vld|                                                      data_array_64_out|       pointer|
|data_array_64_out_ap_vld   |  out|    1|      ap_vld|                                                      data_array_64_out|       pointer|
|data_array_63_out          |  out|   16|      ap_vld|                                                      data_array_63_out|       pointer|
|data_array_63_out_ap_vld   |  out|    1|      ap_vld|                                                      data_array_63_out|       pointer|
|data_array_62_out          |  out|   16|      ap_vld|                                                      data_array_62_out|       pointer|
|data_array_62_out_ap_vld   |  out|    1|      ap_vld|                                                      data_array_62_out|       pointer|
|data_array_61_out          |  out|   16|      ap_vld|                                                      data_array_61_out|       pointer|
|data_array_61_out_ap_vld   |  out|    1|      ap_vld|                                                      data_array_61_out|       pointer|
|data_array_60_out          |  out|   16|      ap_vld|                                                      data_array_60_out|       pointer|
|data_array_60_out_ap_vld   |  out|    1|      ap_vld|                                                      data_array_60_out|       pointer|
|data_array_59_out          |  out|   16|      ap_vld|                                                      data_array_59_out|       pointer|
|data_array_59_out_ap_vld   |  out|    1|      ap_vld|                                                      data_array_59_out|       pointer|
|data_array_58_out          |  out|   16|      ap_vld|                                                      data_array_58_out|       pointer|
|data_array_58_out_ap_vld   |  out|    1|      ap_vld|                                                      data_array_58_out|       pointer|
|data_array_57_out          |  out|   16|      ap_vld|                                                      data_array_57_out|       pointer|
|data_array_57_out_ap_vld   |  out|    1|      ap_vld|                                                      data_array_57_out|       pointer|
|data_array_56_out          |  out|   16|      ap_vld|                                                      data_array_56_out|       pointer|
|data_array_56_out_ap_vld   |  out|    1|      ap_vld|                                                      data_array_56_out|       pointer|
|data_array_55_out          |  out|   16|      ap_vld|                                                      data_array_55_out|       pointer|
|data_array_55_out_ap_vld   |  out|    1|      ap_vld|                                                      data_array_55_out|       pointer|
|data_array_54_out          |  out|   16|      ap_vld|                                                      data_array_54_out|       pointer|
|data_array_54_out_ap_vld   |  out|    1|      ap_vld|                                                      data_array_54_out|       pointer|
|data_array_53_out          |  out|   16|      ap_vld|                                                      data_array_53_out|       pointer|
|data_array_53_out_ap_vld   |  out|    1|      ap_vld|                                                      data_array_53_out|       pointer|
|data_array_52_out          |  out|   16|      ap_vld|                                                      data_array_52_out|       pointer|
|data_array_52_out_ap_vld   |  out|    1|      ap_vld|                                                      data_array_52_out|       pointer|
|data_array_51_out          |  out|   16|      ap_vld|                                                      data_array_51_out|       pointer|
|data_array_51_out_ap_vld   |  out|    1|      ap_vld|                                                      data_array_51_out|       pointer|
|data_array_50_out          |  out|   16|      ap_vld|                                                      data_array_50_out|       pointer|
|data_array_50_out_ap_vld   |  out|    1|      ap_vld|                                                      data_array_50_out|       pointer|
|data_array_49_out          |  out|   16|      ap_vld|                                                      data_array_49_out|       pointer|
|data_array_49_out_ap_vld   |  out|    1|      ap_vld|                                                      data_array_49_out|       pointer|
|data_array_48_out          |  out|   16|      ap_vld|                                                      data_array_48_out|       pointer|
|data_array_48_out_ap_vld   |  out|    1|      ap_vld|                                                      data_array_48_out|       pointer|
|data_array_47_out          |  out|   16|      ap_vld|                                                      data_array_47_out|       pointer|
|data_array_47_out_ap_vld   |  out|    1|      ap_vld|                                                      data_array_47_out|       pointer|
|data_array_46_out          |  out|   16|      ap_vld|                                                      data_array_46_out|       pointer|
|data_array_46_out_ap_vld   |  out|    1|      ap_vld|                                                      data_array_46_out|       pointer|
|data_array_45_out          |  out|   16|      ap_vld|                                                      data_array_45_out|       pointer|
|data_array_45_out_ap_vld   |  out|    1|      ap_vld|                                                      data_array_45_out|       pointer|
|data_array_44_out          |  out|   16|      ap_vld|                                                      data_array_44_out|       pointer|
|data_array_44_out_ap_vld   |  out|    1|      ap_vld|                                                      data_array_44_out|       pointer|
|data_array_43_out          |  out|   16|      ap_vld|                                                      data_array_43_out|       pointer|
|data_array_43_out_ap_vld   |  out|    1|      ap_vld|                                                      data_array_43_out|       pointer|
|data_array_42_out          |  out|   16|      ap_vld|                                                      data_array_42_out|       pointer|
|data_array_42_out_ap_vld   |  out|    1|      ap_vld|                                                      data_array_42_out|       pointer|
|data_array_41_out          |  out|   16|      ap_vld|                                                      data_array_41_out|       pointer|
|data_array_41_out_ap_vld   |  out|    1|      ap_vld|                                                      data_array_41_out|       pointer|
|data_array_40_out          |  out|   16|      ap_vld|                                                      data_array_40_out|       pointer|
|data_array_40_out_ap_vld   |  out|    1|      ap_vld|                                                      data_array_40_out|       pointer|
|data_array_39_out          |  out|   16|      ap_vld|                                                      data_array_39_out|       pointer|
|data_array_39_out_ap_vld   |  out|    1|      ap_vld|                                                      data_array_39_out|       pointer|
|data_array_38_out          |  out|   16|      ap_vld|                                                      data_array_38_out|       pointer|
|data_array_38_out_ap_vld   |  out|    1|      ap_vld|                                                      data_array_38_out|       pointer|
|data_array_37_out          |  out|   16|      ap_vld|                                                      data_array_37_out|       pointer|
|data_array_37_out_ap_vld   |  out|    1|      ap_vld|                                                      data_array_37_out|       pointer|
|data_array_36_out          |  out|   16|      ap_vld|                                                      data_array_36_out|       pointer|
|data_array_36_out_ap_vld   |  out|    1|      ap_vld|                                                      data_array_36_out|       pointer|
|data_array_35_out          |  out|   16|      ap_vld|                                                      data_array_35_out|       pointer|
|data_array_35_out_ap_vld   |  out|    1|      ap_vld|                                                      data_array_35_out|       pointer|
|data_array_34_out          |  out|   16|      ap_vld|                                                      data_array_34_out|       pointer|
|data_array_34_out_ap_vld   |  out|    1|      ap_vld|                                                      data_array_34_out|       pointer|
|data_array_33_out          |  out|   16|      ap_vld|                                                      data_array_33_out|       pointer|
|data_array_33_out_ap_vld   |  out|    1|      ap_vld|                                                      data_array_33_out|       pointer|
|data_array_32_out          |  out|   16|      ap_vld|                                                      data_array_32_out|       pointer|
|data_array_32_out_ap_vld   |  out|    1|      ap_vld|                                                      data_array_32_out|       pointer|
|data_array_31_out          |  out|   16|      ap_vld|                                                      data_array_31_out|       pointer|
|data_array_31_out_ap_vld   |  out|    1|      ap_vld|                                                      data_array_31_out|       pointer|
|data_array_30_out          |  out|   16|      ap_vld|                                                      data_array_30_out|       pointer|
|data_array_30_out_ap_vld   |  out|    1|      ap_vld|                                                      data_array_30_out|       pointer|
|data_array_29_out          |  out|   16|      ap_vld|                                                      data_array_29_out|       pointer|
|data_array_29_out_ap_vld   |  out|    1|      ap_vld|                                                      data_array_29_out|       pointer|
|data_array_28_out          |  out|   16|      ap_vld|                                                      data_array_28_out|       pointer|
|data_array_28_out_ap_vld   |  out|    1|      ap_vld|                                                      data_array_28_out|       pointer|
|data_array_27_out          |  out|   16|      ap_vld|                                                      data_array_27_out|       pointer|
|data_array_27_out_ap_vld   |  out|    1|      ap_vld|                                                      data_array_27_out|       pointer|
|data_array_26_out          |  out|   16|      ap_vld|                                                      data_array_26_out|       pointer|
|data_array_26_out_ap_vld   |  out|    1|      ap_vld|                                                      data_array_26_out|       pointer|
|data_array_25_out          |  out|   16|      ap_vld|                                                      data_array_25_out|       pointer|
|data_array_25_out_ap_vld   |  out|    1|      ap_vld|                                                      data_array_25_out|       pointer|
|data_array_24_out          |  out|   16|      ap_vld|                                                      data_array_24_out|       pointer|
|data_array_24_out_ap_vld   |  out|    1|      ap_vld|                                                      data_array_24_out|       pointer|
|data_array_23_out          |  out|   16|      ap_vld|                                                      data_array_23_out|       pointer|
|data_array_23_out_ap_vld   |  out|    1|      ap_vld|                                                      data_array_23_out|       pointer|
|data_array_22_out          |  out|   16|      ap_vld|                                                      data_array_22_out|       pointer|
|data_array_22_out_ap_vld   |  out|    1|      ap_vld|                                                      data_array_22_out|       pointer|
|data_array_21_out          |  out|   16|      ap_vld|                                                      data_array_21_out|       pointer|
|data_array_21_out_ap_vld   |  out|    1|      ap_vld|                                                      data_array_21_out|       pointer|
|data_array_20_out          |  out|   16|      ap_vld|                                                      data_array_20_out|       pointer|
|data_array_20_out_ap_vld   |  out|    1|      ap_vld|                                                      data_array_20_out|       pointer|
|data_array_19_out          |  out|   16|      ap_vld|                                                      data_array_19_out|       pointer|
|data_array_19_out_ap_vld   |  out|    1|      ap_vld|                                                      data_array_19_out|       pointer|
|data_array_18_out          |  out|   16|      ap_vld|                                                      data_array_18_out|       pointer|
|data_array_18_out_ap_vld   |  out|    1|      ap_vld|                                                      data_array_18_out|       pointer|
|data_array_17_out          |  out|   16|      ap_vld|                                                      data_array_17_out|       pointer|
|data_array_17_out_ap_vld   |  out|    1|      ap_vld|                                                      data_array_17_out|       pointer|
|data_array_16_out          |  out|   16|      ap_vld|                                                      data_array_16_out|       pointer|
|data_array_16_out_ap_vld   |  out|    1|      ap_vld|                                                      data_array_16_out|       pointer|
|data_array_15_out          |  out|   16|      ap_vld|                                                      data_array_15_out|       pointer|
|data_array_15_out_ap_vld   |  out|    1|      ap_vld|                                                      data_array_15_out|       pointer|
|data_array_14_out          |  out|   16|      ap_vld|                                                      data_array_14_out|       pointer|
|data_array_14_out_ap_vld   |  out|    1|      ap_vld|                                                      data_array_14_out|       pointer|
|data_array_13_out          |  out|   16|      ap_vld|                                                      data_array_13_out|       pointer|
|data_array_13_out_ap_vld   |  out|    1|      ap_vld|                                                      data_array_13_out|       pointer|
|data_array_12_out          |  out|   16|      ap_vld|                                                      data_array_12_out|       pointer|
|data_array_12_out_ap_vld   |  out|    1|      ap_vld|                                                      data_array_12_out|       pointer|
|data_array_11_out          |  out|   16|      ap_vld|                                                      data_array_11_out|       pointer|
|data_array_11_out_ap_vld   |  out|    1|      ap_vld|                                                      data_array_11_out|       pointer|
|data_array_10_out          |  out|   16|      ap_vld|                                                      data_array_10_out|       pointer|
|data_array_10_out_ap_vld   |  out|    1|      ap_vld|                                                      data_array_10_out|       pointer|
|data_array_9_out           |  out|   16|      ap_vld|                                                       data_array_9_out|       pointer|
|data_array_9_out_ap_vld    |  out|    1|      ap_vld|                                                       data_array_9_out|       pointer|
|data_array_8_out           |  out|   16|      ap_vld|                                                       data_array_8_out|       pointer|
|data_array_8_out_ap_vld    |  out|    1|      ap_vld|                                                       data_array_8_out|       pointer|
|data_array_7_out           |  out|   16|      ap_vld|                                                       data_array_7_out|       pointer|
|data_array_7_out_ap_vld    |  out|    1|      ap_vld|                                                       data_array_7_out|       pointer|
|data_array_6_out           |  out|   16|      ap_vld|                                                       data_array_6_out|       pointer|
|data_array_6_out_ap_vld    |  out|    1|      ap_vld|                                                       data_array_6_out|       pointer|
|data_array_5_out           |  out|   16|      ap_vld|                                                       data_array_5_out|       pointer|
|data_array_5_out_ap_vld    |  out|    1|      ap_vld|                                                       data_array_5_out|       pointer|
|data_array_4_out           |  out|   16|      ap_vld|                                                       data_array_4_out|       pointer|
|data_array_4_out_ap_vld    |  out|    1|      ap_vld|                                                       data_array_4_out|       pointer|
|data_array_3_out           |  out|   16|      ap_vld|                                                       data_array_3_out|       pointer|
|data_array_3_out_ap_vld    |  out|    1|      ap_vld|                                                       data_array_3_out|       pointer|
|data_array_2_out           |  out|   16|      ap_vld|                                                       data_array_2_out|       pointer|
|data_array_2_out_ap_vld    |  out|    1|      ap_vld|                                                       data_array_2_out|       pointer|
|data_array_1_out           |  out|   16|      ap_vld|                                                       data_array_1_out|       pointer|
|data_array_1_out_ap_vld    |  out|    1|      ap_vld|                                                       data_array_1_out|       pointer|
|data_array_out             |  out|   16|      ap_vld|                                                         data_array_out|       pointer|
|data_array_out_ap_vld      |  out|    1|      ap_vld|                                                         data_array_out|       pointer|
+---------------------------+-----+-----+------------+-----------------------------------------------------------------------+--------------+

