

================================================================
== Vitis HLS Report for 'transpose_array_array_ap_fixed_1u_config10_Pipeline_VITIS_LOOP_54_3'
================================================================
* Date:           Tue Oct  6 15:38:34 2026

* Version:        2026.1 (Build 6493734 on Jun 16 2026)
* Project:        myproject_prj
* Solution:       solution1
* Product family: artix7
* Target device:  xc7a35t-ftg256-1


================================================================
== Performance Estimates
================================================================
+ Timing: 
    * Summary: 
    +--------+---------+----------+------------+
    |  Clock |  Target | Estimated| Uncertainty|
    +--------+---------+----------+------------+
    |ap_clk  |  5.00 ns|  5.007 ns|     1.35 ns|
    +--------+---------+----------+------------+

+ Latency: 
    * Summary: 
    +---------+---------+-----------+-----------+-----+-----+-------------------+
    |  Latency (cycles) |   Latency (absolute)  |  Interval |      Pipeline     |
    |   min   |   max   |    min    |    max    | min | max |        Type       |
    +---------+---------+-----------+-----------+-----+-----+-------------------+
    |     1571|     1571|  19.727 us|  19.727 us|    0|    0|  loop pipeline stp|
    +---------+---------+-----------+-----------+-----+-----+-------------------+

    + Detail: 
        * Instance: 
        N/A

        * Loop: 
        +-------------------+---------+---------+----------+-----------+-----------+------+----------+
        |                   |  Latency (cycles) | Iteration|  Initiation Interval  | Trip |          |
        |     Loop Name     |   min   |   max   |  Latency |  achieved |   target  | Count| Pipelined|
        +-------------------+---------+---------+----------+-----------+-----------+------+----------+
        |- VITIS_LOOP_54_3  |     1569|     1569|         3|          2|        N/A|   784|       yes|
        +-------------------+---------+---------+----------+-----------+-----------+------+----------+



================================================================
== Utilization Estimates
================================================================
* Summary: 
+-----------------+---------+----+-------+-------+-----+
|       Name      | BRAM_18K| DSP|   FF  |  LUT  | URAM|
+-----------------+---------+----+-------+-------+-----+
|DSP              |        -|   -|      -|      -|    -|
|Expression       |        -|   -|      0|     40|    -|
|FIFO             |        -|   -|      -|      -|    -|
|Instance         |        -|   -|      0|   2693|    -|
|Memory           |        -|   -|      -|      -|    -|
|Multiplexer      |        -|   -|      0|     58|    -|
|Register         |        -|   -|     42|      -|    -|
+-----------------+---------+----+-------+-------+-----+
|Total            |        0|   0|     42|   2791|    0|
+-----------------+---------+----+-------+-------+-----+
|Available        |      100|  90|  41600|  20800|    0|
+-----------------+---------+----+-------+-------+-----+
|Utilization (%)  |        0|   0|     ~0|     13|    0|
+-----------------+---------+----+-------+-------+-----+

+ Detail: 
    * Instance: 
    +-------------------------------+--------------------------+---------+----+---+------+-----+
    |            Instance           |          Module          | BRAM_18K| DSP| FF|  LUT | URAM|
    +-------------------------------+--------------------------+---------+----+---+------+-----+
    |sparsemux_1569_10_16_1_1_U786  |sparsemux_1569_10_16_1_1  |        0|   0|  0|  2693|    0|
    +-------------------------------+--------------------------+---------+----+---+------+-----+
    |Total                          |                          |        0|   0|  0|  2693|    0|
    +-------------------------------+--------------------------+---------+----+---+------+-----+

    * DSP: 
    N/A

    * Memory: 
    N/A

    * FIFO: 
    N/A

    * Expression: 
    +--------------------------------+----------+----+---+----+------------+------------+
    |          Variable Name         | Operation| DSP| FF| LUT| Bitwidth P0| Bitwidth P1|
    +--------------------------------+----------+----+---+----+------------+------------+
    |i_fu_7899_p2                    |         +|   0|  0|  17|          10|           1|
    |ap_block_pp0_stage0_01001_grp1  |       and|   0|  0|   2|           1|           1|
    |ap_condition_861                |       and|   0|  0|   2|           1|           1|
    |icmp_ln54_fu_7893_p2            |      icmp|   0|  0|  17|          10|           9|
    |ap_enable_pp0                   |       xor|   0|  0|   2|           1|           2|
    +--------------------------------+----------+----+---+----+------------+------------+
    |Total                           |          |   0|  0|  40|          23|          14|
    +--------------------------------+----------+----+---+----+------------+------------+

    * Multiplexer: 
    +-------------------------+----+-----------+-----+-----------+
    |           Name          | LUT| Input Size| Bits| Total Bits|
    +-------------------------+----+-----------+-----+-----------+
    |ap_NS_fsm                |  13|          3|    1|          3|
    |ap_done_int              |   9|          2|    1|          2|
    |ap_enable_reg_pp0_iter0  |   9|          2|    1|          2|
    |ap_enable_reg_pp0_iter1  |   9|          2|    1|          2|
    |idx_fu_3170              |   9|          2|   10|         20|
    |layer10_out_blk_n        |   9|          2|    1|          2|
    +-------------------------+----+-----------+-----+-----------+
    |Total                    |  58|         13|   15|         31|
    +-------------------------+----+-----------+-----+-----------+

    * Register: 
    +-------------------------------------------+----+----+-----+-----------+
    |                    Name                   | FF | LUT| Bits| Const Bits|
    +-------------------------------------------+----+----+-----+-----------+
    |ap_CS_fsm                                  |   2|   0|    2|          0|
    |ap_block_pp0_stage0_subdone_grp0_done_reg  |   1|   0|    1|          0|
    |ap_done_reg                                |   1|   0|    1|          0|
    |ap_enable_reg_pp0_iter0_reg                |   1|   0|    1|          0|
    |ap_enable_reg_pp0_iter1                    |   1|   0|    1|          0|
    |i_reg_14199                                |  10|   0|   10|          0|
    |idx_fu_3170                                |  10|   0|   10|          0|
    |p_0_reg_14204                              |  16|   0|   16|          0|
    +-------------------------------------------+----+----+-----+-----------+
    |Total                                      |  42|   0|   42|          0|
    +-------------------------------------------+----+----+-----+-----------+



================================================================
== Interface
================================================================
* Summary: 
+----------------------------+-----+-----+------------+-----------------------------------------------------------------------+--------------+
|          RTL Ports         | Dir | Bits|  Protocol  |                             Source Object                             |    C Type    |
+----------------------------+-----+-----+------------+-----------------------------------------------------------------------+--------------+
|ap_clk                      |   in|    1|  ap_ctrl_hs|  transpose<array,array<ap_fixed,1u>,config10>_Pipeline_VITIS_LOOP_54_3|  return value|
|ap_rst                      |   in|    1|  ap_ctrl_hs|  transpose<array,array<ap_fixed,1u>,config10>_Pipeline_VITIS_LOOP_54_3|  return value|
|ap_start                    |   in|    1|  ap_ctrl_hs|  transpose<array,array<ap_fixed,1u>,config10>_Pipeline_VITIS_LOOP_54_3|  return value|
|ap_done                     |  out|    1|  ap_ctrl_hs|  transpose<array,array<ap_fixed,1u>,config10>_Pipeline_VITIS_LOOP_54_3|  return value|
|ap_idle                     |  out|    1|  ap_ctrl_hs|  transpose<array,array<ap_fixed,1u>,config10>_Pipeline_VITIS_LOOP_54_3|  return value|
|ap_ready                    |  out|    1|  ap_ctrl_hs|  transpose<array,array<ap_fixed,1u>,config10>_Pipeline_VITIS_LOOP_54_3|  return value|
|data_array_reload           |   in|   16|     ap_none|                                                      data_array_reload|        scalar|
|data_array_1_reload         |   in|   16|     ap_none|                                                    data_array_1_reload|        scalar|
|data_array_2_reload         |   in|   16|     ap_none|                                                    data_array_2_reload|        scalar|
|data_array_3_reload         |   in|   16|     ap_none|                                                    data_array_3_reload|        scalar|
|data_array_4_reload         |   in|   16|     ap_none|                                                    data_array_4_reload|        scalar|
|data_array_5_reload         |   in|   16|     ap_none|                                                    data_array_5_reload|        scalar|
|data_array_6_reload         |   in|   16|     ap_none|                                                    data_array_6_reload|        scalar|
|data_array_7_reload         |   in|   16|     ap_none|                                                    data_array_7_reload|        scalar|
|data_array_8_reload         |   in|   16|     ap_none|                                                    data_array_8_reload|        scalar|
|data_array_9_reload         |   in|   16|     ap_none|                                                    data_array_9_reload|        scalar|
|data_array_10_reload        |   in|   16|     ap_none|                                                   data_array_10_reload|        scalar|
|data_array_11_reload        |   in|   16|     ap_none|                                                   data_array_11_reload|        scalar|
|data_array_12_reload        |   in|   16|     ap_none|                                                   data_array_12_reload|        scalar|
|data_array_13_reload        |   in|   16|     ap_none|                                                   data_array_13_reload|        scalar|
|data_array_14_reload        |   in|   16|     ap_none|                                                   data_array_14_reload|        scalar|
|data_array_15_reload        |   in|   16|     ap_none|                                                   data_array_15_reload|        scalar|
|data_array_16_reload        |   in|   16|     ap_none|                                                   data_array_16_reload|        scalar|
|data_array_17_reload        |   in|   16|     ap_none|                                                   data_array_17_reload|        scalar|
|data_array_18_reload        |   in|   16|     ap_none|                                                   data_array_18_reload|        scalar|
|data_array_19_reload        |   in|   16|     ap_none|                                                   data_array_19_reload|        scalar|
|data_array_20_reload        |   in|   16|     ap_none|                                                   data_array_20_reload|        scalar|
|data_array_21_reload        |   in|   16|     ap_none|                                                   data_array_21_reload|        scalar|
|data_array_22_reload        |   in|   16|     ap_none|                                                   data_array_22_reload|        scalar|
|data_array_23_reload        |   in|   16|     ap_none|                                                   data_array_23_reload|        scalar|
|data_array_24_reload        |   in|   16|     ap_none|                                                   data_array_24_reload|        scalar|
|data_array_25_reload        |   in|   16|     ap_none|                                                   data_array_25_reload|        scalar|
|data_array_26_reload        |   in|   16|     ap_none|                                                   data_array_26_reload|        scalar|
|data_array_27_reload        |   in|   16|     ap_none|                                                   data_array_27_reload|        scalar|
|data_array_28_reload        |   in|   16|     ap_none|                                                   data_array_28_reload|        scalar|
|data_array_29_reload        |   in|   16|     ap_none|                                                   data_array_29_reload|        scalar|
|data_array_30_reload        |   in|   16|     ap_none|                                                   data_array_30_reload|        scalar|
|data_array_31_reload        |   in|   16|     ap_none|                                                   data_array_31_reload|        scalar|
|data_array_32_reload        |   in|   16|     ap_none|                                                   data_array_32_reload|        scalar|
|data_array_33_reload        |   in|   16|     ap_none|                                                   data_array_33_reload|        scalar|
|data_array_34_reload        |   in|   16|     ap_none|                                                   data_array_34_reload|        scalar|
|data_array_35_reload        |   in|   16|     ap_none|                                                   data_array_35_reload|        scalar|
|data_array_36_reload        |   in|   16|     ap_none|                                                   data_array_36_reload|        scalar|
|data_array_37_reload        |   in|   16|     ap_none|                                                   data_array_37_reload|        scalar|
|data_array_38_reload        |   in|   16|     ap_none|                                                   data_array_38_reload|        scalar|
|data_array_39_reload        |   in|   16|     ap_none|                                                   data_array_39_reload|        scalar|
|data_array_40_reload        |   in|   16|     ap_none|                                                   data_array_40_reload|        scalar|
|data_array_41_reload        |   in|   16|     ap_none|                                                   data_array_41_reload|        scalar|
|data_array_42_reload        |   in|   16|     ap_none|                                                   data_array_42_reload|        scalar|
|data_array_43_reload        |   in|   16|     ap_none|                                                   data_array_43_reload|        scalar|
|data_array_44_reload        |   in|   16|     ap_none|                                                   data_array_44_reload|        scalar|
|data_array_45_reload        |   in|   16|     ap_none|                                                   data_array_45_reload|        scalar|
|data_array_46_reload        |   in|   16|     ap_none|                                                   data_array_46_reload|        scalar|
|data_array_47_reload        |   in|   16|     ap_none|                                                   data_array_47_reload|        scalar|
|data_array_48_reload        |   in|   16|     ap_none|                                                   data_array_48_reload|        scalar|
|data_array_49_reload        |   in|   16|     ap_none|                                                   data_array_49_reload|        scalar|
|data_array_50_reload        |   in|   16|     ap_none|                                                   data_array_50_reload|        scalar|
|data_array_51_reload        |   in|   16|     ap_none|                                                   data_array_51_reload|        scalar|
|data_array_52_reload        |   in|   16|     ap_none|                                                   data_array_52_reload|        scalar|
|data_array_53_reload        |   in|   16|     ap_none|                                                   data_array_53_reload|        scalar|
|data_array_54_reload        |   in|   16|     ap_none|                                                   data_array_54_reload|        scalar|
|data_array_55_reload        |   in|   16|     ap_none|                                                   data_array_55_reload|        scalar|
|data_array_56_reload        |   in|   16|     ap_none|                                                   data_array_56_reload|        scalar|
|data_array_57_reload        |   in|   16|     ap_none|                                                   data_array_57_reload|        scalar|
|data_array_58_reload        |   in|   16|     ap_none|                                                   data_array_58_reload|        scalar|
|data_array_59_reload        |   in|   16|     ap_none|                                                   data_array_59_reload|        scalar|
|data_array_60_reload        |   in|   16|     ap_none|                                                   data_array_60_reload|        scalar|
|data_array_61_reload        |   in|   16|     ap_none|                                                   data_array_61_reload|        scalar|
|data_array_62_reload        |   in|   16|     ap_none|                                                   data_array_62_reload|        scalar|
|data_array_63_reload        |   in|   16|     ap_none|                                                   data_array_63_reload|        scalar|
|data_array_64_reload        |   in|   16|     ap_none|                                                   data_array_64_reload|        scalar|
|data_array_65_reload        |   in|   16|     ap_none|                                                   data_array_65_reload|        scalar|
|data_array_66_reload        |   in|   16|     ap_none|                                                   data_array_66_reload|        scalar|
|data_array_67_reload        |   in|   16|     ap_none|                                                   data_array_67_reload|        scalar|
|data_array_68_reload        |   in|   16|     ap_none|                                                   data_array_68_reload|        scalar|
|data_array_69_reload        |   in|   16|     ap_none|                                                   data_array_69_reload|        scalar|
|data_array_70_reload        |   in|   16|     ap_none|                                                   data_array_70_reload|        scalar|
|data_array_71_reload        |   in|   16|     ap_none|                                                   data_array_71_reload|        scalar|
|data_array_72_reload        |   in|   16|     ap_none|                                                   data_array_72_reload|        scalar|
|data_array_73_reload        |   in|   16|     ap_none|                                                   data_array_73_reload|        scalar|
|data_array_74_reload        |   in|   16|     ap_none|                                                   data_array_74_reload|        scalar|
|data_array_75_reload        |   in|   16|     ap_none|                                                   data_array_75_reload|        scalar|
|data_array_76_reload        |   in|   16|     ap_none|                                                   data_array_76_reload|        scalar|
|data_array_77_reload        |   in|   16|     ap_none|                                                   data_array_77_reload|        scalar|
|data_array_78_reload        |   in|   16|     ap_none|                                                   data_array_78_reload|        scalar|
|data_array_79_reload        |   in|   16|     ap_none|                                                   data_array_79_reload|        scalar|
|data_array_80_reload        |   in|   16|     ap_none|                                                   data_array_80_reload|        scalar|
|data_array_81_reload        |   in|   16|     ap_none|                                                   data_array_81_reload|        scalar|
|data_array_82_reload        |   in|   16|     ap_none|                                                   data_array_82_reload|        scalar|
|data_array_83_reload        |   in|   16|     ap_none|                                                   data_array_83_reload|        scalar|
|data_array_84_reload        |   in|   16|     ap_none|                                                   data_array_84_reload|        scalar|
|data_array_85_reload        |   in|   16|     ap_none|                                                   data_array_85_reload|        scalar|
|data_array_86_reload        |   in|   16|     ap_none|                                                   data_array_86_reload|        scalar|
|data_array_87_reload        |   in|   16|     ap_none|                                                   data_array_87_reload|        scalar|
|data_array_88_reload        |   in|   16|     ap_none|                                                   data_array_88_reload|        scalar|
|data_array_89_reload        |   in|   16|     ap_none|                                                   data_array_89_reload|        scalar|
|data_array_90_reload        |   in|   16|     ap_none|                                                   data_array_90_reload|        scalar|
|data_array_91_reload        |   in|   16|     ap_none|                                                   data_array_91_reload|        scalar|
|data_array_92_reload        |   in|   16|     ap_none|                                                   data_array_92_reload|        scalar|
|data_array_93_reload        |   in|   16|     ap_none|                                                   data_array_93_reload|        scalar|
|data_array_94_reload        |   in|   16|     ap_none|                                                   data_array_94_reload|        scalar|
|data_array_95_reload        |   in|   16|     ap_none|                                                   data_array_95_reload|        scalar|
|data_array_96_reload        |   in|   16|     ap_none|                                                   data_array_96_reload|        scalar|
|data_array_97_reload        |   in|   16|     ap_none|                                                   data_array_97_reload|        scalar|
|data_array_98_reload        |   in|   16|     ap_none|                                                   data_array_98_reload|        scalar|
|data_array_99_reload        |   in|   16|     ap_none|                                                   data_array_99_reload|        scalar|
|data_array_100_reload       |   in|   16|     ap_none|                                                  data_array_100_reload|        scalar|
|data_array_101_reload       |   in|   16|     ap_none|                                                  data_array_101_reload|        scalar|
|data_array_102_reload       |   in|   16|     ap_none|                                                  data_array_102_reload|        scalar|
|data_array_103_reload       |   in|   16|     ap_none|                                                  data_array_103_reload|        scalar|
|data_array_104_reload       |   in|   16|     ap_none|                                                  data_array_104_reload|        scalar|
|data_array_105_reload       |   in|   16|     ap_none|                                                  data_array_105_reload|        scalar|
|data_array_106_reload       |   in|   16|     ap_none|                                                  data_array_106_reload|        scalar|
|data_array_107_reload       |   in|   16|     ap_none|                                                  data_array_107_reload|        scalar|
|data_array_108_reload       |   in|   16|     ap_none|                                                  data_array_108_reload|        scalar|
|data_array_109_reload       |   in|   16|     ap_none|                                                  data_array_109_reload|        scalar|
|data_array_110_reload       |   in|   16|     ap_none|                                                  data_array_110_reload|        scalar|
|data_array_111_reload       |   in|   16|     ap_none|                                                  data_array_111_reload|        scalar|
|data_array_112_reload       |   in|   16|     ap_none|                                                  data_array_112_reload|        scalar|
|data_array_113_reload       |   in|   16|     ap_none|                                                  data_array_113_reload|        scalar|
|data_array_114_reload       |   in|   16|     ap_none|                                                  data_array_114_reload|        scalar|
|data_array_115_reload       |   in|   16|     ap_none|                                                  data_array_115_reload|        scalar|
|data_array_116_reload       |   in|   16|     ap_none|                                                  data_array_116_reload|        scalar|
|data_array_117_reload       |   in|   16|     ap_none|                                                  data_array_117_reload|        scalar|
|data_array_118_reload       |   in|   16|     ap_none|                                                  data_array_118_reload|        scalar|
|data_array_119_reload       |   in|   16|     ap_none|                                                  data_array_119_reload|        scalar|
|data_array_120_reload       |   in|   16|     ap_none|                                                  data_array_120_reload|        scalar|
|data_array_121_reload       |   in|   16|     ap_none|                                                  data_array_121_reload|        scalar|
|data_array_122_reload       |   in|   16|     ap_none|                                                  data_array_122_reload|        scalar|
|data_array_123_reload       |   in|   16|     ap_none|                                                  data_array_123_reload|        scalar|
|data_array_124_reload       |   in|   16|     ap_none|                                                  data_array_124_reload|        scalar|
|data_array_125_reload       |   in|   16|     ap_none|                                                  data_array_125_reload|        scalar|
|data_array_126_reload       |   in|   16|     ap_none|                                                  data_array_126_reload|        scalar|
|data_array_127_reload       |   in|   16|     ap_none|                                                  data_array_127_reload|        scalar|
|data_array_128_reload       |   in|   16|     ap_none|                                                  data_array_128_reload|        scalar|
|data_array_129_reload       |   in|   16|     ap_none|                                                  data_array_129_reload|        scalar|
|data_array_130_reload       |   in|   16|     ap_none|                                                  data_array_130_reload|        scalar|
|data_array_131_reload       |   in|   16|     ap_none|                                                  data_array_131_reload|        scalar|
|data_array_132_reload       |   in|   16|     ap_none|                                                  data_array_132_reload|        scalar|
|data_array_133_reload       |   in|   16|     ap_none|                                                  data_array_133_reload|        scalar|
|data_array_134_reload       |   in|   16|     ap_none|                                                  data_array_134_reload|        scalar|
|data_array_135_reload       |   in|   16|     ap_none|                                                  data_array_135_reload|        scalar|
|data_array_136_reload       |   in|   16|     ap_none|                                                  data_array_136_reload|        scalar|
|data_array_137_reload       |   in|   16|     ap_none|                                                  data_array_137_reload|        scalar|
|data_array_138_reload       |   in|   16|     ap_none|                                                  data_array_138_reload|        scalar|
|data_array_139_reload       |   in|   16|     ap_none|                                                  data_array_139_reload|        scalar|
|data_array_140_reload       |   in|   16|     ap_none|                                                  data_array_140_reload|        scalar|
|data_array_141_reload       |   in|   16|     ap_none|                                                  data_array_141_reload|        scalar|
|data_array_142_reload       |   in|   16|     ap_none|                                                  data_array_142_reload|        scalar|
|data_array_143_reload       |   in|   16|     ap_none|                                                  data_array_143_reload|        scalar|
|data_array_144_reload       |   in|   16|     ap_none|                                                  data_array_144_reload|        scalar|
|data_array_145_reload       |   in|   16|     ap_none|                                                  data_array_145_reload|        scalar|
|data_array_146_reload       |   in|   16|     ap_none|                                                  data_array_146_reload|        scalar|
|data_array_147_reload       |   in|   16|     ap_none|                                                  data_array_147_reload|        scalar|
|data_array_148_reload       |   in|   16|     ap_none|                                                  data_array_148_reload|        scalar|
|data_array_149_reload       |   in|   16|     ap_none|                                                  data_array_149_reload|        scalar|
|data_array_150_reload       |   in|   16|     ap_none|                                                  data_array_150_reload|        scalar|
|data_array_151_reload       |   in|   16|     ap_none|                                                  data_array_151_reload|        scalar|
|data_array_152_reload       |   in|   16|     ap_none|                                                  data_array_152_reload|        scalar|
|data_array_153_reload       |   in|   16|     ap_none|                                                  data_array_153_reload|        scalar|
|data_array_154_reload       |   in|   16|     ap_none|                                                  data_array_154_reload|        scalar|
|data_array_155_reload       |   in|   16|     ap_none|                                                  data_array_155_reload|        scalar|
|data_array_156_reload       |   in|   16|     ap_none|                                                  data_array_156_reload|        scalar|
|data_array_157_reload       |   in|   16|     ap_none|                                                  data_array_157_reload|        scalar|
|data_array_158_reload       |   in|   16|     ap_none|                                                  data_array_158_reload|        scalar|
|data_array_159_reload       |   in|   16|     ap_none|                                                  data_array_159_reload|        scalar|
|data_array_160_reload       |   in|   16|     ap_none|                                                  data_array_160_reload|        scalar|
|data_array_161_reload       |   in|   16|     ap_none|                                                  data_array_161_reload|        scalar|
|data_array_162_reload       |   in|   16|     ap_none|                                                  data_array_162_reload|        scalar|
|data_array_163_reload       |   in|   16|     ap_none|                                                  data_array_163_reload|        scalar|
|data_array_164_reload       |   in|   16|     ap_none|                                                  data_array_164_reload|        scalar|
|data_array_165_reload       |   in|   16|     ap_none|                                                  data_array_165_reload|        scalar|
|data_array_166_reload       |   in|   16|     ap_none|                                                  data_array_166_reload|        scalar|
|data_array_167_reload       |   in|   16|     ap_none|                                                  data_array_167_reload|        scalar|
|data_array_168_reload       |   in|   16|     ap_none|                                                  data_array_168_reload|        scalar|
|data_array_169_reload       |   in|   16|     ap_none|                                                  data_array_169_reload|        scalar|
|data_array_170_reload       |   in|   16|     ap_none|                                                  data_array_170_reload|        scalar|
|data_array_171_reload       |   in|   16|     ap_none|                                                  data_array_171_reload|        scalar|
|data_array_172_reload       |   in|   16|     ap_none|                                                  data_array_172_reload|        scalar|
|data_array_173_reload       |   in|   16|     ap_none|                                                  data_array_173_reload|        scalar|
|data_array_174_reload       |   in|   16|     ap_none|                                                  data_array_174_reload|        scalar|
|data_array_175_reload       |   in|   16|     ap_none|                                                  data_array_175_reload|        scalar|
|data_array_176_reload       |   in|   16|     ap_none|                                                  data_array_176_reload|        scalar|
|data_array_177_reload       |   in|   16|     ap_none|                                                  data_array_177_reload|        scalar|
|data_array_178_reload       |   in|   16|     ap_none|                                                  data_array_178_reload|        scalar|
|data_array_179_reload       |   in|   16|     ap_none|                                                  data_array_179_reload|        scalar|
|data_array_180_reload       |   in|   16|     ap_none|                                                  data_array_180_reload|        scalar|
|data_array_181_reload       |   in|   16|     ap_none|                                                  data_array_181_reload|        scalar|
|data_array_182_reload       |   in|   16|     ap_none|                                                  data_array_182_reload|        scalar|
|data_array_183_reload       |   in|   16|     ap_none|                                                  data_array_183_reload|        scalar|
|data_array_184_reload       |   in|   16|     ap_none|                                                  data_array_184_reload|        scalar|
|data_array_185_reload       |   in|   16|     ap_none|                                                  data_array_185_reload|        scalar|
|data_array_186_reload       |   in|   16|     ap_none|                                                  data_array_186_reload|        scalar|
|data_array_187_reload       |   in|   16|     ap_none|                                                  data_array_187_reload|        scalar|
|data_array_188_reload       |   in|   16|     ap_none|                                                  data_array_188_reload|        scalar|
|data_array_189_reload       |   in|   16|     ap_none|                                                  data_array_189_reload|        scalar|
|data_array_190_reload       |   in|   16|     ap_none|                                                  data_array_190_reload|        scalar|
|data_array_191_reload       |   in|   16|     ap_none|                                                  data_array_191_reload|        scalar|
|data_array_192_reload       |   in|   16|     ap_none|                                                  data_array_192_reload|        scalar|
|data_array_193_reload       |   in|   16|     ap_none|                                                  data_array_193_reload|        scalar|
|data_array_194_reload       |   in|   16|     ap_none|                                                  data_array_194_reload|        scalar|
|data_array_195_reload       |   in|   16|     ap_none|                                                  data_array_195_reload|        scalar|
|data_array_196_reload       |   in|   16|     ap_none|                                                  data_array_196_reload|        scalar|
|data_array_197_reload       |   in|   16|     ap_none|                                                  data_array_197_reload|        scalar|
|data_array_198_reload       |   in|   16|     ap_none|                                                  data_array_198_reload|        scalar|
|data_array_199_reload       |   in|   16|     ap_none|                                                  data_array_199_reload|        scalar|
|data_array_200_reload       |   in|   16|     ap_none|                                                  data_array_200_reload|        scalar|
|data_array_201_reload       |   in|   16|     ap_none|                                                  data_array_201_reload|        scalar|
|data_array_202_reload       |   in|   16|     ap_none|                                                  data_array_202_reload|        scalar|
|data_array_203_reload       |   in|   16|     ap_none|                                                  data_array_203_reload|        scalar|
|data_array_204_reload       |   in|   16|     ap_none|                                                  data_array_204_reload|        scalar|
|data_array_205_reload       |   in|   16|     ap_none|                                                  data_array_205_reload|        scalar|
|data_array_206_reload       |   in|   16|     ap_none|                                                  data_array_206_reload|        scalar|
|data_array_207_reload       |   in|   16|     ap_none|                                                  data_array_207_reload|        scalar|
|data_array_208_reload       |   in|   16|     ap_none|                                                  data_array_208_reload|        scalar|
|data_array_209_reload       |   in|   16|     ap_none|                                                  data_array_209_reload|        scalar|
|data_array_210_reload       |   in|   16|     ap_none|                                                  data_array_210_reload|        scalar|
|data_array_211_reload       |   in|   16|     ap_none|                                                  data_array_211_reload|        scalar|
|data_array_212_reload       |   in|   16|     ap_none|                                                  data_array_212_reload|        scalar|
|data_array_213_reload       |   in|   16|     ap_none|                                                  data_array_213_reload|        scalar|
|data_array_214_reload       |   in|   16|     ap_none|                                                  data_array_214_reload|        scalar|
|data_array_215_reload       |   in|   16|     ap_none|                                                  data_array_215_reload|        scalar|
|data_array_216_reload       |   in|   16|     ap_none|                                                  data_array_216_reload|        scalar|
|data_array_217_reload       |   in|   16|     ap_none|                                                  data_array_217_reload|        scalar|
|data_array_218_reload       |   in|   16|     ap_none|                                                  data_array_218_reload|        scalar|
|data_array_219_reload       |   in|   16|     ap_none|                                                  data_array_219_reload|        scalar|
|data_array_220_reload       |   in|   16|     ap_none|                                                  data_array_220_reload|        scalar|
|data_array_221_reload       |   in|   16|     ap_none|                                                  data_array_221_reload|        scalar|
|data_array_222_reload       |   in|   16|     ap_none|                                                  data_array_222_reload|        scalar|
|data_array_223_reload       |   in|   16|     ap_none|                                                  data_array_223_reload|        scalar|
|data_array_224_reload       |   in|   16|     ap_none|                                                  data_array_224_reload|        scalar|
|data_array_225_reload       |   in|   16|     ap_none|                                                  data_array_225_reload|        scalar|
|data_array_226_reload       |   in|   16|     ap_none|                                                  data_array_226_reload|        scalar|
|data_array_227_reload       |   in|   16|     ap_none|                                                  data_array_227_reload|        scalar|
|data_array_228_reload       |   in|   16|     ap_none|                                                  data_array_228_reload|        scalar|
|data_array_229_reload       |   in|   16|     ap_none|                                                  data_array_229_reload|        scalar|
|data_array_230_reload       |   in|   16|     ap_none|                                                  data_array_230_reload|        scalar|
|data_array_231_reload       |   in|   16|     ap_none|                                                  data_array_231_reload|        scalar|
|data_array_232_reload       |   in|   16|     ap_none|                                                  data_array_232_reload|        scalar|
|data_array_233_reload       |   in|   16|     ap_none|                                                  data_array_233_reload|        scalar|
|data_array_234_reload       |   in|   16|     ap_none|                                                  data_array_234_reload|        scalar|
|data_array_235_reload       |   in|   16|     ap_none|                                                  data_array_235_reload|        scalar|
|data_array_236_reload       |   in|   16|     ap_none|                                                  data_array_236_reload|        scalar|
|data_array_237_reload       |   in|   16|     ap_none|                                                  data_array_237_reload|        scalar|
|data_array_238_reload       |   in|   16|     ap_none|                                                  data_array_238_reload|        scalar|
|data_array_239_reload       |   in|   16|     ap_none|                                                  data_array_239_reload|        scalar|
|data_array_240_reload       |   in|   16|     ap_none|                                                  data_array_240_reload|        scalar|
|data_array_241_reload       |   in|   16|     ap_none|                                                  data_array_241_reload|        scalar|
|data_array_242_reload       |   in|   16|     ap_none|                                                  data_array_242_reload|        scalar|
|data_array_243_reload       |   in|   16|     ap_none|                                                  data_array_243_reload|        scalar|
|data_array_244_reload       |   in|   16|     ap_none|                                                  data_array_244_reload|        scalar|
|data_array_245_reload       |   in|   16|     ap_none|                                                  data_array_245_reload|        scalar|
|data_array_246_reload       |   in|   16|     ap_none|                                                  data_array_246_reload|        scalar|
|data_array_247_reload       |   in|   16|     ap_none|                                                  data_array_247_reload|        scalar|
|data_array_248_reload       |   in|   16|     ap_none|                                                  data_array_248_reload|        scalar|
|data_array_249_reload       |   in|   16|     ap_none|                                                  data_array_249_reload|        scalar|
|data_array_250_reload       |   in|   16|     ap_none|                                                  data_array_250_reload|        scalar|
|data_array_251_reload       |   in|   16|     ap_none|                                                  data_array_251_reload|        scalar|
|data_array_252_reload       |   in|   16|     ap_none|                                                  data_array_252_reload|        scalar|
|data_array_253_reload       |   in|   16|     ap_none|                                                  data_array_253_reload|        scalar|
|data_array_254_reload       |   in|   16|     ap_none|                                                  data_array_254_reload|        scalar|
|data_array_255_reload       |   in|   16|     ap_none|                                                  data_array_255_reload|        scalar|
|data_array_256_reload       |   in|   16|     ap_none|                                                  data_array_256_reload|        scalar|
|data_array_257_reload       |   in|   16|     ap_none|                                                  data_array_257_reload|        scalar|
|data_array_258_reload       |   in|   16|     ap_none|                                                  data_array_258_reload|        scalar|
|data_array_259_reload       |   in|   16|     ap_none|                                                  data_array_259_reload|        scalar|
|data_array_260_reload       |   in|   16|     ap_none|                                                  data_array_260_reload|        scalar|
|data_array_261_reload       |   in|   16|     ap_none|                                                  data_array_261_reload|        scalar|
|data_array_262_reload       |   in|   16|     ap_none|                                                  data_array_262_reload|        scalar|
|data_array_263_reload       |   in|   16|     ap_none|                                                  data_array_263_reload|        scalar|
|data_array_264_reload       |   in|   16|     ap_none|                                                  data_array_264_reload|        scalar|
|data_array_265_reload       |   in|   16|     ap_none|                                                  data_array_265_reload|        scalar|
|data_array_266_reload       |   in|   16|     ap_none|                                                  data_array_266_reload|        scalar|
|data_array_267_reload       |   in|   16|     ap_none|                                                  data_array_267_reload|        scalar|
|data_array_268_reload       |   in|   16|     ap_none|                                                  data_array_268_reload|        scalar|
|data_array_269_reload       |   in|   16|     ap_none|                                                  data_array_269_reload|        scalar|
|data_array_270_reload       |   in|   16|     ap_none|                                                  data_array_270_reload|        scalar|
|data_array_271_reload       |   in|   16|     ap_none|                                                  data_array_271_reload|        scalar|
|data_array_272_reload       |   in|   16|     ap_none|                                                  data_array_272_reload|        scalar|
|data_array_273_reload       |   in|   16|     ap_none|                                                  data_array_273_reload|        scalar|
|data_array_274_reload       |   in|   16|     ap_none|                                                  data_array_274_reload|        scalar|
|data_array_275_reload       |   in|   16|     ap_none|                                                  data_array_275_reload|        scalar|
|data_array_276_reload       |   in|   16|     ap_none|                                                  data_array_276_reload|        scalar|
|data_array_277_reload       |   in|   16|     ap_none|                                                  data_array_277_reload|        scalar|
|data_array_278_reload       |   in|   16|     ap_none|                                                  data_array_278_reload|        scalar|
|data_array_279_reload       |   in|   16|     ap_none|                                                  data_array_279_reload|        scalar|
|data_array_280_reload       |   in|   16|     ap_none|                                                  data_array_280_reload|        scalar|
|data_array_281_reload       |   in|   16|     ap_none|                                                  data_array_281_reload|        scalar|
|data_array_282_reload       |   in|   16|     ap_none|                                                  data_array_282_reload|        scalar|
|data_array_283_reload       |   in|   16|     ap_none|                                                  data_array_283_reload|        scalar|
|data_array_284_reload       |   in|   16|     ap_none|                                                  data_array_284_reload|        scalar|
|data_array_285_reload       |   in|   16|     ap_none|                                                  data_array_285_reload|        scalar|
|data_array_286_reload       |   in|   16|     ap_none|                                                  data_array_286_reload|        scalar|
|data_array_287_reload       |   in|   16|     ap_none|                                                  data_array_287_reload|        scalar|
|data_array_288_reload       |   in|   16|     ap_none|                                                  data_array_288_reload|        scalar|
|data_array_289_reload       |   in|   16|     ap_none|                                                  data_array_289_reload|        scalar|
|data_array_290_reload       |   in|   16|     ap_none|                                                  data_array_290_reload|        scalar|
|data_array_291_reload       |   in|   16|     ap_none|                                                  data_array_291_reload|        scalar|
|data_array_292_reload       |   in|   16|     ap_none|                                                  data_array_292_reload|        scalar|
|data_array_293_reload       |   in|   16|     ap_none|                                                  data_array_293_reload|        scalar|
|data_array_294_reload       |   in|   16|     ap_none|                                                  data_array_294_reload|        scalar|
|data_array_295_reload       |   in|   16|     ap_none|                                                  data_array_295_reload|        scalar|
|data_array_296_reload       |   in|   16|     ap_none|                                                  data_array_296_reload|        scalar|
|data_array_297_reload       |   in|   16|     ap_none|                                                  data_array_297_reload|        scalar|
|data_array_298_reload       |   in|   16|     ap_none|                                                  data_array_298_reload|        scalar|
|data_array_299_reload       |   in|   16|     ap_none|                                                  data_array_299_reload|        scalar|
|data_array_300_reload       |   in|   16|     ap_none|                                                  data_array_300_reload|        scalar|
|data_array_301_reload       |   in|   16|     ap_none|                                                  data_array_301_reload|        scalar|
|data_array_302_reload       |   in|   16|     ap_none|                                                  data_array_302_reload|        scalar|
|data_array_303_reload       |   in|   16|     ap_none|                                                  data_array_303_reload|        scalar|
|data_array_304_reload       |   in|   16|     ap_none|                                                  data_array_304_reload|        scalar|
|data_array_305_reload       |   in|   16|     ap_none|                                                  data_array_305_reload|        scalar|
|data_array_306_reload       |   in|   16|     ap_none|                                                  data_array_306_reload|        scalar|
|data_array_307_reload       |   in|   16|     ap_none|                                                  data_array_307_reload|        scalar|
|data_array_308_reload       |   in|   16|     ap_none|                                                  data_array_308_reload|        scalar|
|data_array_309_reload       |   in|   16|     ap_none|                                                  data_array_309_reload|        scalar|
|data_array_310_reload       |   in|   16|     ap_none|                                                  data_array_310_reload|        scalar|
|data_array_311_reload       |   in|   16|     ap_none|                                                  data_array_311_reload|        scalar|
|data_array_312_reload       |   in|   16|     ap_none|                                                  data_array_312_reload|        scalar|
|data_array_313_reload       |   in|   16|     ap_none|                                                  data_array_313_reload|        scalar|
|data_array_314_reload       |   in|   16|     ap_none|                                                  data_array_314_reload|        scalar|
|data_array_315_reload       |   in|   16|     ap_none|                                                  data_array_315_reload|        scalar|
|data_array_316_reload       |   in|   16|     ap_none|                                                  data_array_316_reload|        scalar|
|data_array_317_reload       |   in|   16|     ap_none|                                                  data_array_317_reload|        scalar|
|data_array_318_reload       |   in|   16|     ap_none|                                                  data_array_318_reload|        scalar|
|data_array_319_reload       |   in|   16|     ap_none|                                                  data_array_319_reload|        scalar|
|data_array_320_reload       |   in|   16|     ap_none|                                                  data_array_320_reload|        scalar|
|data_array_321_reload       |   in|   16|     ap_none|                                                  data_array_321_reload|        scalar|
|data_array_322_reload       |   in|   16|     ap_none|                                                  data_array_322_reload|        scalar|
|data_array_323_reload       |   in|   16|     ap_none|                                                  data_array_323_reload|        scalar|
|data_array_324_reload       |   in|   16|     ap_none|                                                  data_array_324_reload|        scalar|
|data_array_325_reload       |   in|   16|     ap_none|                                                  data_array_325_reload|        scalar|
|data_array_326_reload       |   in|   16|     ap_none|                                                  data_array_326_reload|        scalar|
|data_array_327_reload       |   in|   16|     ap_none|                                                  data_array_327_reload|        scalar|
|data_array_328_reload       |   in|   16|     ap_none|                                                  data_array_328_reload|        scalar|
|data_array_329_reload       |   in|   16|     ap_none|                                                  data_array_329_reload|        scalar|
|data_array_330_reload       |   in|   16|     ap_none|                                                  data_array_330_reload|        scalar|
|data_array_331_reload       |   in|   16|     ap_none|                                                  data_array_331_reload|        scalar|
|data_array_332_reload       |   in|   16|     ap_none|                                                  data_array_332_reload|        scalar|
|data_array_333_reload       |   in|   16|     ap_none|                                                  data_array_333_reload|        scalar|
|data_array_334_reload       |   in|   16|     ap_none|                                                  data_array_334_reload|        scalar|
|data_array_335_reload       |   in|   16|     ap_none|                                                  data_array_335_reload|        scalar|
|data_array_336_reload       |   in|   16|     ap_none|                                                  data_array_336_reload|        scalar|
|data_array_337_reload       |   in|   16|     ap_none|                                                  data_array_337_reload|        scalar|
|data_array_338_reload       |   in|   16|     ap_none|                                                  data_array_338_reload|        scalar|
|data_array_339_reload       |   in|   16|     ap_none|                                                  data_array_339_reload|        scalar|
|data_array_340_reload       |   in|   16|     ap_none|                                                  data_array_340_reload|        scalar|
|data_array_341_reload       |   in|   16|     ap_none|                                                  data_array_341_reload|        scalar|
|data_array_342_reload       |   in|   16|     ap_none|                                                  data_array_342_reload|        scalar|
|data_array_343_reload       |   in|   16|     ap_none|                                                  data_array_343_reload|        scalar|
|data_array_344_reload       |   in|   16|     ap_none|                                                  data_array_344_reload|        scalar|
|data_array_345_reload       |   in|   16|     ap_none|                                                  data_array_345_reload|        scalar|
|data_array_346_reload       |   in|   16|     ap_none|                                                  data_array_346_reload|        scalar|
|data_array_347_reload       |   in|   16|     ap_none|                                                  data_array_347_reload|        scalar|
|data_array_348_reload       |   in|   16|     ap_none|                                                  data_array_348_reload|        scalar|
|data_array_349_reload       |   in|   16|     ap_none|                                                  data_array_349_reload|        scalar|
|data_array_350_reload       |   in|   16|     ap_none|                                                  data_array_350_reload|        scalar|
|data_array_351_reload       |   in|   16|     ap_none|                                                  data_array_351_reload|        scalar|
|data_array_352_reload       |   in|   16|     ap_none|                                                  data_array_352_reload|        scalar|
|data_array_353_reload       |   in|   16|     ap_none|                                                  data_array_353_reload|        scalar|
|data_array_354_reload       |   in|   16|     ap_none|                                                  data_array_354_reload|        scalar|
|data_array_355_reload       |   in|   16|     ap_none|                                                  data_array_355_reload|        scalar|
|data_array_356_reload       |   in|   16|     ap_none|                                                  data_array_356_reload|        scalar|
|data_array_357_reload       |   in|   16|     ap_none|                                                  data_array_357_reload|        scalar|
|data_array_358_reload       |   in|   16|     ap_none|                                                  data_array_358_reload|        scalar|
|data_array_359_reload       |   in|   16|     ap_none|                                                  data_array_359_reload|        scalar|
|data_array_360_reload       |   in|   16|     ap_none|                                                  data_array_360_reload|        scalar|
|data_array_361_reload       |   in|   16|     ap_none|                                                  data_array_361_reload|        scalar|
|data_array_362_reload       |   in|   16|     ap_none|                                                  data_array_362_reload|        scalar|
|data_array_363_reload       |   in|   16|     ap_none|                                                  data_array_363_reload|        scalar|
|data_array_364_reload       |   in|   16|     ap_none|                                                  data_array_364_reload|        scalar|
|data_array_365_reload       |   in|   16|     ap_none|                                                  data_array_365_reload|        scalar|
|data_array_366_reload       |   in|   16|     ap_none|                                                  data_array_366_reload|        scalar|
|data_array_367_reload       |   in|   16|     ap_none|                                                  data_array_367_reload|        scalar|
|data_array_368_reload       |   in|   16|     ap_none|                                                  data_array_368_reload|        scalar|
|data_array_369_reload       |   in|   16|     ap_none|                                                  data_array_369_reload|        scalar|
|data_array_370_reload       |   in|   16|     ap_none|                                                  data_array_370_reload|        scalar|
|data_array_371_reload       |   in|   16|     ap_none|                                                  data_array_371_reload|        scalar|
|data_array_372_reload       |   in|   16|     ap_none|                                                  data_array_372_reload|        scalar|
|data_array_373_reload       |   in|   16|     ap_none|                                                  data_array_373_reload|        scalar|
|data_array_374_reload       |   in|   16|     ap_none|                                                  data_array_374_reload|        scalar|
|data_array_375_reload       |   in|   16|     ap_none|                                                  data_array_375_reload|        scalar|
|data_array_376_reload       |   in|   16|     ap_none|                                                  data_array_376_reload|        scalar|
|data_array_377_reload       |   in|   16|     ap_none|                                                  data_array_377_reload|        scalar|
|data_array_378_reload       |   in|   16|     ap_none|                                                  data_array_378_reload|        scalar|
|data_array_379_reload       |   in|   16|     ap_none|                                                  data_array_379_reload|        scalar|
|data_array_380_reload       |   in|   16|     ap_none|                                                  data_array_380_reload|        scalar|
|data_array_381_reload       |   in|   16|     ap_none|                                                  data_array_381_reload|        scalar|
|data_array_382_reload       |   in|   16|     ap_none|                                                  data_array_382_reload|        scalar|
|data_array_383_reload       |   in|   16|     ap_none|                                                  data_array_383_reload|        scalar|
|data_array_384_reload       |   in|   16|     ap_none|                                                  data_array_384_reload|        scalar|
|data_array_385_reload       |   in|   16|     ap_none|                                                  data_array_385_reload|        scalar|
|data_array_386_reload       |   in|   16|     ap_none|                                                  data_array_386_reload|        scalar|
|data_array_387_reload       |   in|   16|     ap_none|                                                  data_array_387_reload|        scalar|
|data_array_388_reload       |   in|   16|     ap_none|                                                  data_array_388_reload|        scalar|
|data_array_389_reload       |   in|   16|     ap_none|                                                  data_array_389_reload|        scalar|
|data_array_390_reload       |   in|   16|     ap_none|                                                  data_array_390_reload|        scalar|
|data_array_391_reload       |   in|   16|     ap_none|                                                  data_array_391_reload|        scalar|
|data_array_392_reload       |   in|   16|     ap_none|                                                  data_array_392_reload|        scalar|
|data_array_393_reload       |   in|   16|     ap_none|                                                  data_array_393_reload|        scalar|
|data_array_394_reload       |   in|   16|     ap_none|                                                  data_array_394_reload|        scalar|
|data_array_395_reload       |   in|   16|     ap_none|                                                  data_array_395_reload|        scalar|
|data_array_396_reload       |   in|   16|     ap_none|                                                  data_array_396_reload|        scalar|
|data_array_397_reload       |   in|   16|     ap_none|                                                  data_array_397_reload|        scalar|
|data_array_398_reload       |   in|   16|     ap_none|                                                  data_array_398_reload|        scalar|
|data_array_399_reload       |   in|   16|     ap_none|                                                  data_array_399_reload|        scalar|
|data_array_400_reload       |   in|   16|     ap_none|                                                  data_array_400_reload|        scalar|
|data_array_401_reload       |   in|   16|     ap_none|                                                  data_array_401_reload|        scalar|
|data_array_402_reload       |   in|   16|     ap_none|                                                  data_array_402_reload|        scalar|
|data_array_403_reload       |   in|   16|     ap_none|                                                  data_array_403_reload|        scalar|
|data_array_404_reload       |   in|   16|     ap_none|                                                  data_array_404_reload|        scalar|
|data_array_405_reload       |   in|   16|     ap_none|                                                  data_array_405_reload|        scalar|
|data_array_406_reload       |   in|   16|     ap_none|                                                  data_array_406_reload|        scalar|
|data_array_407_reload       |   in|   16|     ap_none|                                                  data_array_407_reload|        scalar|
|data_array_408_reload       |   in|   16|     ap_none|                                                  data_array_408_reload|        scalar|
|data_array_409_reload       |   in|   16|     ap_none|                                                  data_array_409_reload|        scalar|
|data_array_410_reload       |   in|   16|     ap_none|                                                  data_array_410_reload|        scalar|
|data_array_411_reload       |   in|   16|     ap_none|                                                  data_array_411_reload|        scalar|
|data_array_412_reload       |   in|   16|     ap_none|                                                  data_array_412_reload|        scalar|
|data_array_413_reload       |   in|   16|     ap_none|                                                  data_array_413_reload|        scalar|
|data_array_414_reload       |   in|   16|     ap_none|                                                  data_array_414_reload|        scalar|
|data_array_415_reload       |   in|   16|     ap_none|                                                  data_array_415_reload|        scalar|
|data_array_416_reload       |   in|   16|     ap_none|                                                  data_array_416_reload|        scalar|
|data_array_417_reload       |   in|   16|     ap_none|                                                  data_array_417_reload|        scalar|
|data_array_418_reload       |   in|   16|     ap_none|                                                  data_array_418_reload|        scalar|
|data_array_419_reload       |   in|   16|     ap_none|                                                  data_array_419_reload|        scalar|
|data_array_420_reload       |   in|   16|     ap_none|                                                  data_array_420_reload|        scalar|
|data_array_421_reload       |   in|   16|     ap_none|                                                  data_array_421_reload|        scalar|
|data_array_422_reload       |   in|   16|     ap_none|                                                  data_array_422_reload|        scalar|
|data_array_423_reload       |   in|   16|     ap_none|                                                  data_array_423_reload|        scalar|
|data_array_424_reload       |   in|   16|     ap_none|                                                  data_array_424_reload|        scalar|
|data_array_425_reload       |   in|   16|     ap_none|                                                  data_array_425_reload|        scalar|
|data_array_426_reload       |   in|   16|     ap_none|                                                  data_array_426_reload|        scalar|
|data_array_427_reload       |   in|   16|     ap_none|                                                  data_array_427_reload|        scalar|
|data_array_428_reload       |   in|   16|     ap_none|                                                  data_array_428_reload|        scalar|
|data_array_429_reload       |   in|   16|     ap_none|                                                  data_array_429_reload|        scalar|
|data_array_430_reload       |   in|   16|     ap_none|                                                  data_array_430_reload|        scalar|
|data_array_431_reload       |   in|   16|     ap_none|                                                  data_array_431_reload|        scalar|
|data_array_432_reload       |   in|   16|     ap_none|                                                  data_array_432_reload|        scalar|
|data_array_433_reload       |   in|   16|     ap_none|                                                  data_array_433_reload|        scalar|
|data_array_434_reload       |   in|   16|     ap_none|                                                  data_array_434_reload|        scalar|
|data_array_435_reload       |   in|   16|     ap_none|                                                  data_array_435_reload|        scalar|
|data_array_436_reload       |   in|   16|     ap_none|                                                  data_array_436_reload|        scalar|
|data_array_437_reload       |   in|   16|     ap_none|                                                  data_array_437_reload|        scalar|
|data_array_438_reload       |   in|   16|     ap_none|                                                  data_array_438_reload|        scalar|
|data_array_439_reload       |   in|   16|     ap_none|                                                  data_array_439_reload|        scalar|
|data_array_440_reload       |   in|   16|     ap_none|                                                  data_array_440_reload|        scalar|
|data_array_441_reload       |   in|   16|     ap_none|                                                  data_array_441_reload|        scalar|
|data_array_442_reload       |   in|   16|     ap_none|                                                  data_array_442_reload|        scalar|
|data_array_443_reload       |   in|   16|     ap_none|                                                  data_array_443_reload|        scalar|
|data_array_444_reload       |   in|   16|     ap_none|                                                  data_array_444_reload|        scalar|
|data_array_445_reload       |   in|   16|     ap_none|                                                  data_array_445_reload|        scalar|
|data_array_446_reload       |   in|   16|     ap_none|                                                  data_array_446_reload|        scalar|
|data_array_447_reload       |   in|   16|     ap_none|                                                  data_array_447_reload|        scalar|
|data_array_448_reload       |   in|   16|     ap_none|                                                  data_array_448_reload|        scalar|
|data_array_449_reload       |   in|   16|     ap_none|                                                  data_array_449_reload|        scalar|
|data_array_450_reload       |   in|   16|     ap_none|                                                  data_array_450_reload|        scalar|
|data_array_451_reload       |   in|   16|     ap_none|                                                  data_array_451_reload|        scalar|
|data_array_452_reload       |   in|   16|     ap_none|                                                  data_array_452_reload|        scalar|
|data_array_453_reload       |   in|   16|     ap_none|                                                  data_array_453_reload|        scalar|
|data_array_454_reload       |   in|   16|     ap_none|                                                  data_array_454_reload|        scalar|
|data_array_455_reload       |   in|   16|     ap_none|                                                  data_array_455_reload|        scalar|
|data_array_456_reload       |   in|   16|     ap_none|                                                  data_array_456_reload|        scalar|
|data_array_457_reload       |   in|   16|     ap_none|                                                  data_array_457_reload|        scalar|
|data_array_458_reload       |   in|   16|     ap_none|                                                  data_array_458_reload|        scalar|
|data_array_459_reload       |   in|   16|     ap_none|                                                  data_array_459_reload|        scalar|
|data_array_460_reload       |   in|   16|     ap_none|                                                  data_array_460_reload|        scalar|
|data_array_461_reload       |   in|   16|     ap_none|                                                  data_array_461_reload|        scalar|
|data_array_462_reload       |   in|   16|     ap_none|                                                  data_array_462_reload|        scalar|
|data_array_463_reload       |   in|   16|     ap_none|                                                  data_array_463_reload|        scalar|
|data_array_464_reload       |   in|   16|     ap_none|                                                  data_array_464_reload|        scalar|
|data_array_465_reload       |   in|   16|     ap_none|                                                  data_array_465_reload|        scalar|
|data_array_466_reload       |   in|   16|     ap_none|                                                  data_array_466_reload|        scalar|
|data_array_467_reload       |   in|   16|     ap_none|                                                  data_array_467_reload|        scalar|
|data_array_468_reload       |   in|   16|     ap_none|                                                  data_array_468_reload|        scalar|
|data_array_469_reload       |   in|   16|     ap_none|                                                  data_array_469_reload|        scalar|
|data_array_470_reload       |   in|   16|     ap_none|                                                  data_array_470_reload|        scalar|
|data_array_471_reload       |   in|   16|     ap_none|                                                  data_array_471_reload|        scalar|
|data_array_472_reload       |   in|   16|     ap_none|                                                  data_array_472_reload|        scalar|
|data_array_473_reload       |   in|   16|     ap_none|                                                  data_array_473_reload|        scalar|
|data_array_474_reload       |   in|   16|     ap_none|                                                  data_array_474_reload|        scalar|
|data_array_475_reload       |   in|   16|     ap_none|                                                  data_array_475_reload|        scalar|
|data_array_476_reload       |   in|   16|     ap_none|                                                  data_array_476_reload|        scalar|
|data_array_477_reload       |   in|   16|     ap_none|                                                  data_array_477_reload|        scalar|
|data_array_478_reload       |   in|   16|     ap_none|                                                  data_array_478_reload|        scalar|
|data_array_479_reload       |   in|   16|     ap_none|                                                  data_array_479_reload|        scalar|
|data_array_480_reload       |   in|   16|     ap_none|                                                  data_array_480_reload|        scalar|
|data_array_481_reload       |   in|   16|     ap_none|                                                  data_array_481_reload|        scalar|
|data_array_482_reload       |   in|   16|     ap_none|                                                  data_array_482_reload|        scalar|
|data_array_483_reload       |   in|   16|     ap_none|                                                  data_array_483_reload|        scalar|
|data_array_484_reload       |   in|   16|     ap_none|                                                  data_array_484_reload|        scalar|
|data_array_485_reload       |   in|   16|     ap_none|                                                  data_array_485_reload|        scalar|
|data_array_486_reload       |   in|   16|     ap_none|                                                  data_array_486_reload|        scalar|
|data_array_487_reload       |   in|   16|     ap_none|                                                  data_array_487_reload|        scalar|
|data_array_488_reload       |   in|   16|     ap_none|                                                  data_array_488_reload|        scalar|
|data_array_489_reload       |   in|   16|     ap_none|                                                  data_array_489_reload|        scalar|
|data_array_490_reload       |   in|   16|     ap_none|                                                  data_array_490_reload|        scalar|
|data_array_491_reload       |   in|   16|     ap_none|                                                  data_array_491_reload|        scalar|
|data_array_492_reload       |   in|   16|     ap_none|                                                  data_array_492_reload|        scalar|
|data_array_493_reload       |   in|   16|     ap_none|                                                  data_array_493_reload|        scalar|
|data_array_494_reload       |   in|   16|     ap_none|                                                  data_array_494_reload|        scalar|
|data_array_495_reload       |   in|   16|     ap_none|                                                  data_array_495_reload|        scalar|
|data_array_496_reload       |   in|   16|     ap_none|                                                  data_array_496_reload|        scalar|
|data_array_497_reload       |   in|   16|     ap_none|                                                  data_array_497_reload|        scalar|
|data_array_498_reload       |   in|   16|     ap_none|                                                  data_array_498_reload|        scalar|
|data_array_499_reload       |   in|   16|     ap_none|                                                  data_array_499_reload|        scalar|
|data_array_500_reload       |   in|   16|     ap_none|                                                  data_array_500_reload|        scalar|
|data_array_501_reload       |   in|   16|     ap_none|                                                  data_array_501_reload|        scalar|
|data_array_502_reload       |   in|   16|     ap_none|                                                  data_array_502_reload|        scalar|
|data_array_503_reload       |   in|   16|     ap_none|                                                  data_array_503_reload|        scalar|
|data_array_504_reload       |   in|   16|     ap_none|                                                  data_array_504_reload|        scalar|
|data_array_505_reload       |   in|   16|     ap_none|                                                  data_array_505_reload|        scalar|
|data_array_506_reload       |   in|   16|     ap_none|                                                  data_array_506_reload|        scalar|
|data_array_507_reload       |   in|   16|     ap_none|                                                  data_array_507_reload|        scalar|
|data_array_508_reload       |   in|   16|     ap_none|                                                  data_array_508_reload|        scalar|
|data_array_509_reload       |   in|   16|     ap_none|                                                  data_array_509_reload|        scalar|
|data_array_510_reload       |   in|   16|     ap_none|                                                  data_array_510_reload|        scalar|
|data_array_511_reload       |   in|   16|     ap_none|                                                  data_array_511_reload|        scalar|
|data_array_512_reload       |   in|   16|     ap_none|                                                  data_array_512_reload|        scalar|
|data_array_513_reload       |   in|   16|     ap_none|                                                  data_array_513_reload|        scalar|
|data_array_514_reload       |   in|   16|     ap_none|                                                  data_array_514_reload|        scalar|
|data_array_515_reload       |   in|   16|     ap_none|                                                  data_array_515_reload|        scalar|
|data_array_516_reload       |   in|   16|     ap_none|                                                  data_array_516_reload|        scalar|
|data_array_517_reload       |   in|   16|     ap_none|                                                  data_array_517_reload|        scalar|
|data_array_518_reload       |   in|   16|     ap_none|                                                  data_array_518_reload|        scalar|
|data_array_519_reload       |   in|   16|     ap_none|                                                  data_array_519_reload|        scalar|
|data_array_520_reload       |   in|   16|     ap_none|                                                  data_array_520_reload|        scalar|
|data_array_521_reload       |   in|   16|     ap_none|                                                  data_array_521_reload|        scalar|
|data_array_522_reload       |   in|   16|     ap_none|                                                  data_array_522_reload|        scalar|
|data_array_523_reload       |   in|   16|     ap_none|                                                  data_array_523_reload|        scalar|
|data_array_524_reload       |   in|   16|     ap_none|                                                  data_array_524_reload|        scalar|
|data_array_525_reload       |   in|   16|     ap_none|                                                  data_array_525_reload|        scalar|
|data_array_526_reload       |   in|   16|     ap_none|                                                  data_array_526_reload|        scalar|
|data_array_527_reload       |   in|   16|     ap_none|                                                  data_array_527_reload|        scalar|
|data_array_528_reload       |   in|   16|     ap_none|                                                  data_array_528_reload|        scalar|
|data_array_529_reload       |   in|   16|     ap_none|                                                  data_array_529_reload|        scalar|
|data_array_530_reload       |   in|   16|     ap_none|                                                  data_array_530_reload|        scalar|
|data_array_531_reload       |   in|   16|     ap_none|                                                  data_array_531_reload|        scalar|
|data_array_532_reload       |   in|   16|     ap_none|                                                  data_array_532_reload|        scalar|
|data_array_533_reload       |   in|   16|     ap_none|                                                  data_array_533_reload|        scalar|
|data_array_534_reload       |   in|   16|     ap_none|                                                  data_array_534_reload|        scalar|
|data_array_535_reload       |   in|   16|     ap_none|                                                  data_array_535_reload|        scalar|
|data_array_536_reload       |   in|   16|     ap_none|                                                  data_array_536_reload|        scalar|
|data_array_537_reload       |   in|   16|     ap_none|                                                  data_array_537_reload|        scalar|
|data_array_538_reload       |   in|   16|     ap_none|                                                  data_array_538_reload|        scalar|
|data_array_539_reload       |   in|   16|     ap_none|                                                  data_array_539_reload|        scalar|
|data_array_540_reload       |   in|   16|     ap_none|                                                  data_array_540_reload|        scalar|
|data_array_541_reload       |   in|   16|     ap_none|                                                  data_array_541_reload|        scalar|
|data_array_542_reload       |   in|   16|     ap_none|                                                  data_array_542_reload|        scalar|
|data_array_543_reload       |   in|   16|     ap_none|                                                  data_array_543_reload|        scalar|
|data_array_544_reload       |   in|   16|     ap_none|                                                  data_array_544_reload|        scalar|
|data_array_545_reload       |   in|   16|     ap_none|                                                  data_array_545_reload|        scalar|
|data_array_546_reload       |   in|   16|     ap_none|                                                  data_array_546_reload|        scalar|
|data_array_547_reload       |   in|   16|     ap_none|                                                  data_array_547_reload|        scalar|
|data_array_548_reload       |   in|   16|     ap_none|                                                  data_array_548_reload|        scalar|
|data_array_549_reload       |   in|   16|     ap_none|                                                  data_array_549_reload|        scalar|
|data_array_550_reload       |   in|   16|     ap_none|                                                  data_array_550_reload|        scalar|
|data_array_551_reload       |   in|   16|     ap_none|                                                  data_array_551_reload|        scalar|
|data_array_552_reload       |   in|   16|     ap_none|                                                  data_array_552_reload|        scalar|
|data_array_553_reload       |   in|   16|     ap_none|                                                  data_array_553_reload|        scalar|
|data_array_554_reload       |   in|   16|     ap_none|                                                  data_array_554_reload|        scalar|
|data_array_555_reload       |   in|   16|     ap_none|                                                  data_array_555_reload|        scalar|
|data_array_556_reload       |   in|   16|     ap_none|                                                  data_array_556_reload|        scalar|
|data_array_557_reload       |   in|   16|     ap_none|                                                  data_array_557_reload|        scalar|
|data_array_558_reload       |   in|   16|     ap_none|                                                  data_array_558_reload|        scalar|
|data_array_559_reload       |   in|   16|     ap_none|                                                  data_array_559_reload|        scalar|
|data_array_560_reload       |   in|   16|     ap_none|                                                  data_array_560_reload|        scalar|
|data_array_561_reload       |   in|   16|     ap_none|                                                  data_array_561_reload|        scalar|
|data_array_562_reload       |   in|   16|     ap_none|                                                  data_array_562_reload|        scalar|
|data_array_563_reload       |   in|   16|     ap_none|                                                  data_array_563_reload|        scalar|
|data_array_564_reload       |   in|   16|     ap_none|                                                  data_array_564_reload|        scalar|
|data_array_565_reload       |   in|   16|     ap_none|                                                  data_array_565_reload|        scalar|
|data_array_566_reload       |   in|   16|     ap_none|                                                  data_array_566_reload|        scalar|
|data_array_567_reload       |   in|   16|     ap_none|                                                  data_array_567_reload|        scalar|
|data_array_568_reload       |   in|   16|     ap_none|                                                  data_array_568_reload|        scalar|
|data_array_569_reload       |   in|   16|     ap_none|                                                  data_array_569_reload|        scalar|
|data_array_570_reload       |   in|   16|     ap_none|                                                  data_array_570_reload|        scalar|
|data_array_571_reload       |   in|   16|     ap_none|                                                  data_array_571_reload|        scalar|
|data_array_572_reload       |   in|   16|     ap_none|                                                  data_array_572_reload|        scalar|
|data_array_573_reload       |   in|   16|     ap_none|                                                  data_array_573_reload|        scalar|
|data_array_574_reload       |   in|   16|     ap_none|                                                  data_array_574_reload|        scalar|
|data_array_575_reload       |   in|   16|     ap_none|                                                  data_array_575_reload|        scalar|
|data_array_576_reload       |   in|   16|     ap_none|                                                  data_array_576_reload|        scalar|
|data_array_577_reload       |   in|   16|     ap_none|                                                  data_array_577_reload|        scalar|
|data_array_578_reload       |   in|   16|     ap_none|                                                  data_array_578_reload|        scalar|
|data_array_579_reload       |   in|   16|     ap_none|                                                  data_array_579_reload|        scalar|
|data_array_580_reload       |   in|   16|     ap_none|                                                  data_array_580_reload|        scalar|
|data_array_581_reload       |   in|   16|     ap_none|                                                  data_array_581_reload|        scalar|
|data_array_582_reload       |   in|   16|     ap_none|                                                  data_array_582_reload|        scalar|
|data_array_583_reload       |   in|   16|     ap_none|                                                  data_array_583_reload|        scalar|
|data_array_584_reload       |   in|   16|     ap_none|                                                  data_array_584_reload|        scalar|
|data_array_585_reload       |   in|   16|     ap_none|                                                  data_array_585_reload|        scalar|
|data_array_586_reload       |   in|   16|     ap_none|                                                  data_array_586_reload|        scalar|
|data_array_587_reload       |   in|   16|     ap_none|                                                  data_array_587_reload|        scalar|
|data_array_588_reload       |   in|   16|     ap_none|                                                  data_array_588_reload|        scalar|
|data_array_589_reload       |   in|   16|     ap_none|                                                  data_array_589_reload|        scalar|
|data_array_590_reload       |   in|   16|     ap_none|                                                  data_array_590_reload|        scalar|
|data_array_591_reload       |   in|   16|     ap_none|                                                  data_array_591_reload|        scalar|
|data_array_592_reload       |   in|   16|     ap_none|                                                  data_array_592_reload|        scalar|
|data_array_593_reload       |   in|   16|     ap_none|                                                  data_array_593_reload|        scalar|
|data_array_594_reload       |   in|   16|     ap_none|                                                  data_array_594_reload|        scalar|
|data_array_595_reload       |   in|   16|     ap_none|                                                  data_array_595_reload|        scalar|
|data_array_596_reload       |   in|   16|     ap_none|                                                  data_array_596_reload|        scalar|
|data_array_597_reload       |   in|   16|     ap_none|                                                  data_array_597_reload|        scalar|
|data_array_598_reload       |   in|   16|     ap_none|                                                  data_array_598_reload|        scalar|
|data_array_599_reload       |   in|   16|     ap_none|                                                  data_array_599_reload|        scalar|
|data_array_600_reload       |   in|   16|     ap_none|                                                  data_array_600_reload|        scalar|
|data_array_601_reload       |   in|   16|     ap_none|                                                  data_array_601_reload|        scalar|
|data_array_602_reload       |   in|   16|     ap_none|                                                  data_array_602_reload|        scalar|
|data_array_603_reload       |   in|   16|     ap_none|                                                  data_array_603_reload|        scalar|
|data_array_604_reload       |   in|   16|     ap_none|                                                  data_array_604_reload|        scalar|
|data_array_605_reload       |   in|   16|     ap_none|                                                  data_array_605_reload|        scalar|
|data_array_606_reload       |   in|   16|     ap_none|                                                  data_array_606_reload|        scalar|
|data_array_607_reload       |   in|   16|     ap_none|                                                  data_array_607_reload|        scalar|
|data_array_608_reload       |   in|   16|     ap_none|                                                  data_array_608_reload|        scalar|
|data_array_609_reload       |   in|   16|     ap_none|                                                  data_array_609_reload|        scalar|
|data_array_610_reload       |   in|   16|     ap_none|                                                  data_array_610_reload|        scalar|
|data_array_611_reload       |   in|   16|     ap_none|                                                  data_array_611_reload|        scalar|
|data_array_612_reload       |   in|   16|     ap_none|                                                  data_array_612_reload|        scalar|
|data_array_613_reload       |   in|   16|     ap_none|                                                  data_array_613_reload|        scalar|
|data_array_614_reload       |   in|   16|     ap_none|                                                  data_array_614_reload|        scalar|
|data_array_615_reload       |   in|   16|     ap_none|                                                  data_array_615_reload|        scalar|
|data_array_616_reload       |   in|   16|     ap_none|                                                  data_array_616_reload|        scalar|
|data_array_617_reload       |   in|   16|     ap_none|                                                  data_array_617_reload|        scalar|
|data_array_618_reload       |   in|   16|     ap_none|                                                  data_array_618_reload|        scalar|
|data_array_619_reload       |   in|   16|     ap_none|                                                  data_array_619_reload|        scalar|
|data_array_620_reload       |   in|   16|     ap_none|                                                  data_array_620_reload|        scalar|
|data_array_621_reload       |   in|   16|     ap_none|                                                  data_array_621_reload|        scalar|
|data_array_622_reload       |   in|   16|     ap_none|                                                  data_array_622_reload|        scalar|
|data_array_623_reload       |   in|   16|     ap_none|                                                  data_array_623_reload|        scalar|
|data_array_624_reload       |   in|   16|     ap_none|                                                  data_array_624_reload|        scalar|
|data_array_625_reload       |   in|   16|     ap_none|                                                  data_array_625_reload|        scalar|
|data_array_626_reload       |   in|   16|     ap_none|                                                  data_array_626_reload|        scalar|
|data_array_627_reload       |   in|   16|     ap_none|                                                  data_array_627_reload|        scalar|
|data_array_628_reload       |   in|   16|     ap_none|                                                  data_array_628_reload|        scalar|
|data_array_629_reload       |   in|   16|     ap_none|                                                  data_array_629_reload|        scalar|
|data_array_630_reload       |   in|   16|     ap_none|                                                  data_array_630_reload|        scalar|
|data_array_631_reload       |   in|   16|     ap_none|                                                  data_array_631_reload|        scalar|
|data_array_632_reload       |   in|   16|     ap_none|                                                  data_array_632_reload|        scalar|
|data_array_633_reload       |   in|   16|     ap_none|                                                  data_array_633_reload|        scalar|
|data_array_634_reload       |   in|   16|     ap_none|                                                  data_array_634_reload|        scalar|
|data_array_635_reload       |   in|   16|     ap_none|                                                  data_array_635_reload|        scalar|
|data_array_636_reload       |   in|   16|     ap_none|                                                  data_array_636_reload|        scalar|
|data_array_637_reload       |   in|   16|     ap_none|                                                  data_array_637_reload|        scalar|
|data_array_638_reload       |   in|   16|     ap_none|                                                  data_array_638_reload|        scalar|
|data_array_639_reload       |   in|   16|     ap_none|                                                  data_array_639_reload|        scalar|
|data_array_640_reload       |   in|   16|     ap_none|                                                  data_array_640_reload|        scalar|
|data_array_641_reload       |   in|   16|     ap_none|                                                  data_array_641_reload|        scalar|
|data_array_642_reload       |   in|   16|     ap_none|                                                  data_array_642_reload|        scalar|
|data_array_643_reload       |   in|   16|     ap_none|                                                  data_array_643_reload|        scalar|
|data_array_644_reload       |   in|   16|     ap_none|                                                  data_array_644_reload|        scalar|
|data_array_645_reload       |   in|   16|     ap_none|                                                  data_array_645_reload|        scalar|
|data_array_646_reload       |   in|   16|     ap_none|                                                  data_array_646_reload|        scalar|
|data_array_647_reload       |   in|   16|     ap_none|                                                  data_array_647_reload|        scalar|
|data_array_648_reload       |   in|   16|     ap_none|                                                  data_array_648_reload|        scalar|
|data_array_649_reload       |   in|   16|     ap_none|                                                  data_array_649_reload|        scalar|
|data_array_650_reload       |   in|   16|     ap_none|                                                  data_array_650_reload|        scalar|
|data_array_651_reload       |   in|   16|     ap_none|                                                  data_array_651_reload|        scalar|
|data_array_652_reload       |   in|   16|     ap_none|                                                  data_array_652_reload|        scalar|
|data_array_653_reload       |   in|   16|     ap_none|                                                  data_array_653_reload|        scalar|
|data_array_654_reload       |   in|   16|     ap_none|                                                  data_array_654_reload|        scalar|
|data_array_655_reload       |   in|   16|     ap_none|                                                  data_array_655_reload|        scalar|
|data_array_656_reload       |   in|   16|     ap_none|                                                  data_array_656_reload|        scalar|
|data_array_657_reload       |   in|   16|     ap_none|                                                  data_array_657_reload|        scalar|
|data_array_658_reload       |   in|   16|     ap_none|                                                  data_array_658_reload|        scalar|
|data_array_659_reload       |   in|   16|     ap_none|                                                  data_array_659_reload|        scalar|
|data_array_660_reload       |   in|   16|     ap_none|                                                  data_array_660_reload|        scalar|
|data_array_661_reload       |   in|   16|     ap_none|                                                  data_array_661_reload|        scalar|
|data_array_662_reload       |   in|   16|     ap_none|                                                  data_array_662_reload|        scalar|
|data_array_663_reload       |   in|   16|     ap_none|                                                  data_array_663_reload|        scalar|
|data_array_664_reload       |   in|   16|     ap_none|                                                  data_array_664_reload|        scalar|
|data_array_665_reload       |   in|   16|     ap_none|                                                  data_array_665_reload|        scalar|
|data_array_666_reload       |   in|   16|     ap_none|                                                  data_array_666_reload|        scalar|
|data_array_667_reload       |   in|   16|     ap_none|                                                  data_array_667_reload|        scalar|
|data_array_668_reload       |   in|   16|     ap_none|                                                  data_array_668_reload|        scalar|
|data_array_669_reload       |   in|   16|     ap_none|                                                  data_array_669_reload|        scalar|
|data_array_670_reload       |   in|   16|     ap_none|                                                  data_array_670_reload|        scalar|
|data_array_671_reload       |   in|   16|     ap_none|                                                  data_array_671_reload|        scalar|
|data_array_672_reload       |   in|   16|     ap_none|                                                  data_array_672_reload|        scalar|
|data_array_673_reload       |   in|   16|     ap_none|                                                  data_array_673_reload|        scalar|
|data_array_674_reload       |   in|   16|     ap_none|                                                  data_array_674_reload|        scalar|
|data_array_675_reload       |   in|   16|     ap_none|                                                  data_array_675_reload|        scalar|
|data_array_676_reload       |   in|   16|     ap_none|                                                  data_array_676_reload|        scalar|
|data_array_677_reload       |   in|   16|     ap_none|                                                  data_array_677_reload|        scalar|
|data_array_678_reload       |   in|   16|     ap_none|                                                  data_array_678_reload|        scalar|
|data_array_679_reload       |   in|   16|     ap_none|                                                  data_array_679_reload|        scalar|
|data_array_680_reload       |   in|   16|     ap_none|                                                  data_array_680_reload|        scalar|
|data_array_681_reload       |   in|   16|     ap_none|                                                  data_array_681_reload|        scalar|
|data_array_682_reload       |   in|   16|     ap_none|                                                  data_array_682_reload|        scalar|
|data_array_683_reload       |   in|   16|     ap_none|                                                  data_array_683_reload|        scalar|
|data_array_684_reload       |   in|   16|     ap_none|                                                  data_array_684_reload|        scalar|
|data_array_685_reload       |   in|   16|     ap_none|                                                  data_array_685_reload|        scalar|
|data_array_686_reload       |   in|   16|     ap_none|                                                  data_array_686_reload|        scalar|
|data_array_687_reload       |   in|   16|     ap_none|                                                  data_array_687_reload|        scalar|
|data_array_688_reload       |   in|   16|     ap_none|                                                  data_array_688_reload|        scalar|
|data_array_689_reload       |   in|   16|     ap_none|                                                  data_array_689_reload|        scalar|
|data_array_690_reload       |   in|   16|     ap_none|                                                  data_array_690_reload|        scalar|
|data_array_691_reload       |   in|   16|     ap_none|                                                  data_array_691_reload|        scalar|
|data_array_692_reload       |   in|   16|     ap_none|                                                  data_array_692_reload|        scalar|
|data_array_693_reload       |   in|   16|     ap_none|                                                  data_array_693_reload|        scalar|
|data_array_694_reload       |   in|   16|     ap_none|                                                  data_array_694_reload|        scalar|
|data_array_695_reload       |   in|   16|     ap_none|                                                  data_array_695_reload|        scalar|
|data_array_696_reload       |   in|   16|     ap_none|                                                  data_array_696_reload|        scalar|
|data_array_697_reload       |   in|   16|     ap_none|                                                  data_array_697_reload|        scalar|
|data_array_698_reload       |   in|   16|     ap_none|                                                  data_array_698_reload|        scalar|
|data_array_699_reload       |   in|   16|     ap_none|                                                  data_array_699_reload|        scalar|
|data_array_700_reload       |   in|   16|     ap_none|                                                  data_array_700_reload|        scalar|
|data_array_701_reload       |   in|   16|     ap_none|                                                  data_array_701_reload|        scalar|
|data_array_702_reload       |   in|   16|     ap_none|                                                  data_array_702_reload|        scalar|
|data_array_703_reload       |   in|   16|     ap_none|                                                  data_array_703_reload|        scalar|
|data_array_704_reload       |   in|   16|     ap_none|                                                  data_array_704_reload|        scalar|
|data_array_705_reload       |   in|   16|     ap_none|                                                  data_array_705_reload|        scalar|
|data_array_706_reload       |   in|   16|     ap_none|                                                  data_array_706_reload|        scalar|
|data_array_707_reload       |   in|   16|     ap_none|                                                  data_array_707_reload|        scalar|
|data_array_708_reload       |   in|   16|     ap_none|                                                  data_array_708_reload|        scalar|
|data_array_709_reload       |   in|   16|     ap_none|                                                  data_array_709_reload|        scalar|
|data_array_710_reload       |   in|   16|     ap_none|                                                  data_array_710_reload|        scalar|
|data_array_711_reload       |   in|   16|     ap_none|                                                  data_array_711_reload|        scalar|
|data_array_712_reload       |   in|   16|     ap_none|                                                  data_array_712_reload|        scalar|
|data_array_713_reload       |   in|   16|     ap_none|                                                  data_array_713_reload|        scalar|
|data_array_714_reload       |   in|   16|     ap_none|                                                  data_array_714_reload|        scalar|
|data_array_715_reload       |   in|   16|     ap_none|                                                  data_array_715_reload|        scalar|
|data_array_716_reload       |   in|   16|     ap_none|                                                  data_array_716_reload|        scalar|
|data_array_717_reload       |   in|   16|     ap_none|                                                  data_array_717_reload|        scalar|
|data_array_718_reload       |   in|   16|     ap_none|                                                  data_array_718_reload|        scalar|
|data_array_719_reload       |   in|   16|     ap_none|                                                  data_array_719_reload|        scalar|
|data_array_720_reload       |   in|   16|     ap_none|                                                  data_array_720_reload|        scalar|
|data_array_721_reload       |   in|   16|     ap_none|                                                  data_array_721_reload|        scalar|
|data_array_722_reload       |   in|   16|     ap_none|                                                  data_array_722_reload|        scalar|
|data_array_723_reload       |   in|   16|     ap_none|                                                  data_array_723_reload|        scalar|
|data_array_724_reload       |   in|   16|     ap_none|                                                  data_array_724_reload|        scalar|
|data_array_725_reload       |   in|   16|     ap_none|                                                  data_array_725_reload|        scalar|
|data_array_726_reload       |   in|   16|     ap_none|                                                  data_array_726_reload|        scalar|
|data_array_727_reload       |   in|   16|     ap_none|                                                  data_array_727_reload|        scalar|
|data_array_728_reload       |   in|   16|     ap_none|                                                  data_array_728_reload|        scalar|
|data_array_729_reload       |   in|   16|     ap_none|                                                  data_array_729_reload|        scalar|
|data_array_730_reload       |   in|   16|     ap_none|                                                  data_array_730_reload|        scalar|
|data_array_731_reload       |   in|   16|     ap_none|                                                  data_array_731_reload|        scalar|
|data_array_732_reload       |   in|   16|     ap_none|                                                  data_array_732_reload|        scalar|
|data_array_733_reload       |   in|   16|     ap_none|                                                  data_array_733_reload|        scalar|
|data_array_734_reload       |   in|   16|     ap_none|                                                  data_array_734_reload|        scalar|
|data_array_735_reload       |   in|   16|     ap_none|                                                  data_array_735_reload|        scalar|
|data_array_736_reload       |   in|   16|     ap_none|                                                  data_array_736_reload|        scalar|
|data_array_737_reload       |   in|   16|     ap_none|                                                  data_array_737_reload|        scalar|
|data_array_738_reload       |   in|   16|     ap_none|                                                  data_array_738_reload|        scalar|
|data_array_739_reload       |   in|   16|     ap_none|                                                  data_array_739_reload|        scalar|
|data_array_740_reload       |   in|   16|     ap_none|                                                  data_array_740_reload|        scalar|
|data_array_741_reload       |   in|   16|     ap_none|                                                  data_array_741_reload|        scalar|
|data_array_742_reload       |   in|   16|     ap_none|                                                  data_array_742_reload|        scalar|
|data_array_743_reload       |   in|   16|     ap_none|                                                  data_array_743_reload|        scalar|
|data_array_744_reload       |   in|   16|     ap_none|                                                  data_array_744_reload|        scalar|
|data_array_745_reload       |   in|   16|     ap_none|                                                  data_array_745_reload|        scalar|
|data_array_746_reload       |   in|   16|     ap_none|                                                  data_array_746_reload|        scalar|
|data_array_747_reload       |   in|   16|     ap_none|                                                  data_array_747_reload|        scalar|
|data_array_748_reload       |   in|   16|     ap_none|                                                  data_array_748_reload|        scalar|
|data_array_749_reload       |   in|   16|     ap_none|                                                  data_array_749_reload|        scalar|
|data_array_750_reload       |   in|   16|     ap_none|                                                  data_array_750_reload|        scalar|
|data_array_751_reload       |   in|   16|     ap_none|                                                  data_array_751_reload|        scalar|
|data_array_752_reload       |   in|   16|     ap_none|                                                  data_array_752_reload|        scalar|
|data_array_753_reload       |   in|   16|     ap_none|                                                  data_array_753_reload|        scalar|
|data_array_754_reload       |   in|   16|     ap_none|                                                  data_array_754_reload|        scalar|
|data_array_755_reload       |   in|   16|     ap_none|                                                  data_array_755_reload|        scalar|
|data_array_756_reload       |   in|   16|     ap_none|                                                  data_array_756_reload|        scalar|
|data_array_757_reload       |   in|   16|     ap_none|                                                  data_array_757_reload|        scalar|
|data_array_758_reload       |   in|   16|     ap_none|                                                  data_array_758_reload|        scalar|
|data_array_759_reload       |   in|   16|     ap_none|                                                  data_array_759_reload|        scalar|
|data_array_760_reload       |   in|   16|     ap_none|                                                  data_array_760_reload|        scalar|
|data_array_761_reload       |   in|   16|     ap_none|                                                  data_array_761_reload|        scalar|
|data_array_762_reload       |   in|   16|     ap_none|                                                  data_array_762_reload|        scalar|
|data_array_763_reload       |   in|   16|     ap_none|                                                  data_array_763_reload|        scalar|
|data_array_764_reload       |   in|   16|     ap_none|                                                  data_array_764_reload|        scalar|
|data_array_765_reload       |   in|   16|     ap_none|                                                  data_array_765_reload|        scalar|
|data_array_766_reload       |   in|   16|     ap_none|                                                  data_array_766_reload|        scalar|
|data_array_767_reload       |   in|   16|     ap_none|                                                  data_array_767_reload|        scalar|
|data_array_768_reload       |   in|   16|     ap_none|                                                  data_array_768_reload|        scalar|
|data_array_769_reload       |   in|   16|     ap_none|                                                  data_array_769_reload|        scalar|
|data_array_770_reload       |   in|   16|     ap_none|                                                  data_array_770_reload|        scalar|
|data_array_771_reload       |   in|   16|     ap_none|                                                  data_array_771_reload|        scalar|
|data_array_772_reload       |   in|   16|     ap_none|                                                  data_array_772_reload|        scalar|
|data_array_773_reload       |   in|   16|     ap_none|                                                  data_array_773_reload|        scalar|
|data_array_774_reload       |   in|   16|     ap_none|                                                  data_array_774_reload|        scalar|
|data_array_775_reload       |   in|   16|     ap_none|                                                  data_array_775_reload|        scalar|
|data_array_776_reload       |   in|   16|     ap_none|                                                  data_array_776_reload|        scalar|
|data_array_777_reload       |   in|   16|     ap_none|                                                  data_array_777_reload|        scalar|
|data_array_778_reload       |   in|   16|     ap_none|                                                  data_array_778_reload|        scalar|
|data_array_779_reload       |   in|   16|     ap_none|                                                  data_array_779_reload|        scalar|
|data_array_780_reload       |   in|   16|     ap_none|                                                  data_array_780_reload|        scalar|
|data_array_781_reload       |   in|   16|     ap_none|                                                  data_array_781_reload|        scalar|
|data_array_782_reload       |   in|   16|     ap_none|                                                  data_array_782_reload|        scalar|
|data_array_783_reload       |   in|   16|     ap_none|                                                  data_array_783_reload|        scalar|
|layer10_out_din             |  out|   16|     ap_fifo|                                                            layer10_out|       pointer|
|layer10_out_full_n          |   in|    1|     ap_fifo|                                                            layer10_out|       pointer|
|layer10_out_write           |  out|    1|     ap_fifo|                                                            layer10_out|       pointer|
|layer10_out_num_data_valid  |   in|   32|     ap_fifo|                                                            layer10_out|       pointer|
|layer10_out_fifo_cap        |   in|   32|     ap_fifo|                                                            layer10_out|       pointer|
+----------------------------+-----+-----+------------+-----------------------------------------------------------------------+--------------+

