

================================================================
== Vitis HLS Report for 'conv_2d_cl_array_ap_fixed_8u_array_ap_fixed_16_6_5_3_0_16u_config28_s'
================================================================
* Date:           Tue Oct  6 08:54:17 2026

* Version:        2026.1 (Build 6493734 on Jun 16 2026)
* Project:        myproject_prj
* Solution:       solution1
* Product family: artix7
* Target device:  xc7a35t-ftg256-1


================================================================
== Performance Estimates
================================================================
+ Timing: 
    * Summary: 
    +--------+---------+----------+------------+
    |  Clock |  Target | Estimated| Uncertainty|
    +--------+---------+----------+------------+
    |ap_clk  |  5.00 ns|  9.816 ns|     1.35 ns|
    +--------+---------+----------+------------+

+ Latency: 
    * Summary: 
    +---------+---------+-----------+----------+------+-------+---------+
    |  Latency (cycles) |  Latency (absolute)  |   Interval   | Pipeline|
    |   min   |   max   |    min    |    max   |  min |  max  |   Type  |
    +---------+---------+-----------+----------+------+-------+---------+
    |     1184|    26365|  11.622 us|  0.259 ms|  1184|  26365|       no|
    +---------+---------+-----------+----------+------+-------+---------+

    + Detail: 
        * Instance: 
        +------------------------------------------------------------------------------------+-------------------------------------------------------------------------+---------+---------+-----------+----------+-----+-----+---------+
        |                                                                                    |                                                                         |  Latency (cycles) |  Latency (absolute)  |  Interval | Pipeline|
        |                                      Instance                                      |                                  Module                                 |   min   |   max   |    min    |    max   | min | max |   Type  |
        +------------------------------------------------------------------------------------+-------------------------------------------------------------------------+---------+---------+-----------+----------+-----+-----+---------+
        |grp_compute_output_buffer_2d_array_array_ap_fixed_16_6_5_3_0_16u_config28_s_fu_262  |compute_output_buffer_2d_array_array_ap_fixed_16_6_5_3_0_16u_config28_s  |        4|      153|  39.263 ns|  1.502 us|    4|  153|       no|
        +------------------------------------------------------------------------------------+-------------------------------------------------------------------------+---------+---------+-----------+----------+-----+-----+---------+

        * Loop: 
        +----------------------------------+---------+---------+----------+-----------+-----------+------+----------+
        |                                  |  Latency (cycles) | Iteration|  Initiation Interval  | Trip |          |
        |             Loop Name            |   min   |   max   |  Latency |  achieved |   target  | Count| Pipelined|
        +----------------------------------+---------+---------+----------+-----------+-----------+------+----------+
        |- ReadInputHeight_ReadInputWidth  |     1183|    26364|   7 ~ 156|          -|          -|   169|        no|
        +----------------------------------+---------+---------+----------+-----------+-----------+------+----------+



================================================================
== Utilization Estimates
================================================================
* Summary: 
+-----------------+---------+----+-------+-------+-----+
|       Name      | BRAM_18K| DSP|   FF  |  LUT  | URAM|
+-----------------+---------+----+-------+-------+-----+
|DSP              |        -|   -|      -|      -|    -|
|Expression       |        -|   -|      0|     32|    -|
|FIFO             |        -|   -|      -|      -|    -|
|Instance         |        4|   8|   5193|   5826|    -|
|Memory           |        -|   -|      -|      -|    -|
|Multiplexer      |        -|   -|      0|     57|    -|
|Register         |        -|   -|    151|      -|    -|
+-----------------+---------+----+-------+-------+-----+
|Total            |        4|   8|   5344|   5915|    0|
+-----------------+---------+----+-------+-------+-----+
|Available        |      100|  90|  41600|  20800|    0|
+-----------------+---------+----+-------+-------+-----+
|Utilization (%)  |        4|   8|     12|     28|    0|
+-----------------+---------+----+-------+-------+-----+

+ Detail: 
    * Instance: 
    +------------------------------------------------------------------------------------+-------------------------------------------------------------------------+---------+----+------+------+-----+
    |                                      Instance                                      |                                  Module                                 | BRAM_18K| DSP|  FF  |  LUT | URAM|
    +------------------------------------------------------------------------------------+-------------------------------------------------------------------------+---------+----+------+------+-----+
    |grp_compute_output_buffer_2d_array_array_ap_fixed_16_6_5_3_0_16u_config28_s_fu_262  |compute_output_buffer_2d_array_array_ap_fixed_16_6_5_3_0_16u_config28_s  |        4|   8|  5193|  5826|    0|
    +------------------------------------------------------------------------------------+-------------------------------------------------------------------------+---------+----+------+------+-----+
    |Total                                                                               |                                                                         |        4|   8|  5193|  5826|    0|
    +------------------------------------------------------------------------------------+-------------------------------------------------------------------------+---------+----+------+------+-----+

    * DSP: 
    N/A

    * Memory: 
    N/A

    * FIFO: 
    N/A

    * Expression: 
    +---------------------+----------+----+---+----+------------+------------+
    |    Variable Name    | Operation| DSP| FF| LUT| Bitwidth P0| Bitwidth P1|
    +---------------------+----------+----+---+----+------------+------------+
    |add_ln52_fu_478_p2   |         +|   0|  0|  15|           8|           1|
    |icmp_ln52_fu_472_p2  |      icmp|   0|  0|  15|           8|           8|
    |ap_block_state1      |        or|   0|  0|   2|           1|           1|
    +---------------------+----------+----+---+----+------------+------------+
    |Total                |          |   0|  0|  32|          17|          10|
    +---------------------+----------+----+---+----+------------+------------+

    * Multiplexer: 
    +-----------------------+----+-----------+-----+-----------+
    |          Name         | LUT| Input Size| Bits| Total Bits|
    +-----------------------+----+-----------+-----+-----------+
    |ap_NS_fsm              |  21|          5|    1|          5|
    |ap_done                |   9|          2|    1|          2|
    |indvar_flatten_fu_252  |   9|          2|    8|         16|
    |layer13_out_blk_n      |   9|          2|    1|          2|
    |real_start             |   9|          2|    1|          2|
    +-----------------------+----+-----------+-----+-----------+
    |Total                  |  57|         13|   12|         27|
    +-----------------------+----+-----------+-----+-----------+

    * Register: 
    +-------------------------------------------------------------------------------------------------+----+----+-----+-----------+
    |                                               Name                                              | FF | LUT| Bits| Const Bits|
    +-------------------------------------------------------------------------------------------------+----+----+-----+-----------+
    |add_ln52_reg_580                                                                                 |   8|   0|    8|          0|
    |ap_CS_fsm                                                                                        |   4|   0|    4|          0|
    |ap_done_reg                                                                                      |   1|   0|    1|          0|
    |grp_compute_output_buffer_2d_array_array_ap_fixed_16_6_5_3_0_16u_config28_s_fu_262_ap_start_reg  |   1|   0|    1|          0|
    |indvar_flatten_fu_252                                                                            |   8|   0|    8|          0|
    |start_once_reg                                                                                   |   1|   0|    1|          0|
    |trunc_ln58_46_reg_595                                                                            |  16|   0|   16|          0|
    |trunc_ln58_47_reg_600                                                                            |  16|   0|   16|          0|
    |trunc_ln58_48_reg_605                                                                            |  16|   0|   16|          0|
    |trunc_ln58_49_reg_610                                                                            |  16|   0|   16|          0|
    |trunc_ln58_50_reg_615                                                                            |  16|   0|   16|          0|
    |trunc_ln58_51_reg_620                                                                            |  16|   0|   16|          0|
    |trunc_ln58_reg_585                                                                               |  16|   0|   16|          0|
    |trunc_ln58_s_reg_590                                                                             |  16|   0|   16|          0|
    +-------------------------------------------------------------------------------------------------+----+----+-----+-----------+
    |Total                                                                                            | 151|   0|  151|          0|
    +-------------------------------------------------------------------------------------------------+----+----+-----+-----------+



================================================================
== Interface
================================================================
* Summary: 
+----------------------------+-----+-----+------------+-------------------------------------------------------------------------+--------------+
|          RTL Ports         | Dir | Bits|  Protocol  |                              Source Object                              |    C Type    |
+----------------------------+-----+-----+------------+-------------------------------------------------------------------------+--------------+
|ap_clk                      |   in|    1|  ap_ctrl_hs|  conv_2d_cl<array<ap_fixed,8u>,array<ap_fixed<16,6,5,3,0>,16u>,config28>|  return value|
|ap_rst                      |   in|    1|  ap_ctrl_hs|  conv_2d_cl<array<ap_fixed,8u>,array<ap_fixed<16,6,5,3,0>,16u>,config28>|  return value|
|ap_start                    |   in|    1|  ap_ctrl_hs|  conv_2d_cl<array<ap_fixed,8u>,array<ap_fixed<16,6,5,3,0>,16u>,config28>|  return value|
|start_full_n                |   in|    1|  ap_ctrl_hs|  conv_2d_cl<array<ap_fixed,8u>,array<ap_fixed<16,6,5,3,0>,16u>,config28>|  return value|
|ap_done                     |  out|    1|  ap_ctrl_hs|  conv_2d_cl<array<ap_fixed,8u>,array<ap_fixed<16,6,5,3,0>,16u>,config28>|  return value|
|ap_continue                 |   in|    1|  ap_ctrl_hs|  conv_2d_cl<array<ap_fixed,8u>,array<ap_fixed<16,6,5,3,0>,16u>,config28>|  return value|
|ap_idle                     |  out|    1|  ap_ctrl_hs|  conv_2d_cl<array<ap_fixed,8u>,array<ap_fixed<16,6,5,3,0>,16u>,config28>|  return value|
|ap_ready                    |  out|    1|  ap_ctrl_hs|  conv_2d_cl<array<ap_fixed,8u>,array<ap_fixed<16,6,5,3,0>,16u>,config28>|  return value|
|start_out                   |  out|    1|  ap_ctrl_hs|  conv_2d_cl<array<ap_fixed,8u>,array<ap_fixed<16,6,5,3,0>,16u>,config28>|  return value|
|start_write                 |  out|    1|  ap_ctrl_hs|  conv_2d_cl<array<ap_fixed,8u>,array<ap_fixed<16,6,5,3,0>,16u>,config28>|  return value|
|layer13_out_dout            |   in|  128|     ap_fifo|                                                              layer13_out|       pointer|
|layer13_out_empty_n         |   in|    1|     ap_fifo|                                                              layer13_out|       pointer|
|layer13_out_read            |  out|    1|     ap_fifo|                                                              layer13_out|       pointer|
|layer13_out_num_data_valid  |   in|    9|     ap_fifo|                                                              layer13_out|       pointer|
|layer13_out_fifo_cap        |   in|    9|     ap_fifo|                                                              layer13_out|       pointer|
|layer28_out_din             |  out|  256|     ap_fifo|                                                              layer28_out|       pointer|
|layer28_out_full_n          |   in|    1|     ap_fifo|                                                              layer28_out|       pointer|
|layer28_out_write           |  out|    1|     ap_fifo|                                                              layer28_out|       pointer|
|layer28_out_num_data_valid  |   in|    8|     ap_fifo|                                                              layer28_out|       pointer|
|layer28_out_fifo_cap        |   in|    8|     ap_fifo|                                                              layer28_out|       pointer|
+----------------------------+-----+-----+------------+-------------------------------------------------------------------------+--------------+

============================================================
+ Verbose Summary: Synthesis Manager
============================================================
InlineROM: 1
ExposeGlobal: 0
============================================================
+ Verbose Summary: CDFG Model
============================================================
IsTopModel: 0
ResetActiveHigh: 1
IsCombinational: 2
IsDatapathOnly: 0
HasWiredReturn: 1
HasMFsm: 0
HasVarLatency: 1
IsPipeline: 0
IsRtlPipelined: 0
IsInstanceOverlapped: 0
IsDontTouch: 0
HasImplIP: 0
IsGatedGlobalClock: 0


============================================================
+ Verbose Summary: Schedule
============================================================
* Number of FSM states : 4
* Pipeline : 0
* Dataflow Pipeline: 0

* FSM state transitions: 
1 --> 2 
2 --> 3 
3 --> 4 
4 --> 2 

* FSM state operations: 

State 1 <SV = 0> <Delay = 1.61>
ST_1 : Operation 5 [1/1] (0.00ns)   --->   "%indvar_flatten = alloca i32 1"   --->   Operation 5 'alloca' 'indvar_flatten' <Predicate = true> <Delay = 0.00>
ST_1 : Operation 6 [1/1] (0.00ns)   --->   "%specinterface_ln0 = specinterface void @_ssdm_op_SpecInterface, i256 %layer28_out, void @empty_5, i32 0, i32 0, void @empty_9, i32 0, i32 0, void @empty_9, void @empty_9, void @empty_9, i32 0, i32 0, i32 0, i32 0, void @empty_9, void @empty_9, i32 4294967295, i32 0, i32 0, i32 0"   --->   Operation 6 'specinterface' 'specinterface_ln0' <Predicate = true> <Delay = 0.00>
ST_1 : Operation 7 [1/1] (0.00ns)   --->   "%specinterface_ln0 = specinterface void @_ssdm_op_SpecInterface, i128 %layer13_out, void @empty_5, i32 0, i32 0, void @empty_9, i32 0, i32 0, void @empty_9, void @empty_9, void @empty_9, i32 0, i32 0, i32 0, i32 0, void @empty_9, void @empty_9, i32 4294967295, i32 0, i32 0, i32 0"   --->   Operation 7 'specinterface' 'specinterface_ln0' <Predicate = true> <Delay = 0.00>
ST_1 : Operation 8 [1/1] (1.61ns)   --->   "%store_ln0 = store i8 0, i8 %indvar_flatten"   --->   Operation 8 'store' 'store_ln0' <Predicate = true> <Delay = 1.61>
ST_1 : Operation 9 [1/1] (0.00ns)   --->   "%br_ln52 = br void %for.body12.i" [firmware/nnet_utils/nnet_conv2d_stream.h:52->firmware/nnet_utils/nnet_conv2d_stream.h:78]   --->   Operation 9 'br' 'br_ln52' <Predicate = true> <Delay = 0.00>

State 2 <SV = 1> <Delay = 2.11>
ST_2 : Operation 10 [1/1] (0.00ns)   --->   "%indvar_flatten_load = load i8 %indvar_flatten" [firmware/nnet_utils/nnet_conv2d_stream.h:52->firmware/nnet_utils/nnet_conv2d_stream.h:78]   --->   Operation 10 'load' 'indvar_flatten_load' <Predicate = true> <Delay = 0.00>
ST_2 : Operation 11 [1/1] (2.11ns)   --->   "%icmp_ln52 = icmp_eq  i8 %indvar_flatten_load, i8 169" [firmware/nnet_utils/nnet_conv2d_stream.h:52->firmware/nnet_utils/nnet_conv2d_stream.h:78]   --->   Operation 11 'icmp' 'icmp_ln52' <Predicate = true> <Delay = 2.11> <CoreInst = "Cmp">   --->   Core 9 'Cmp' <Latency = 0> <II = 1> <Delay = 2.11> <FuncUnit> <Opcode : 'seteq' 'setne' 'setle' 'setge' 'setlt' 'setgt'> <InPorts = 2> <OutPorts = 1>
ST_2 : Operation 12 [1/1] (2.11ns)   --->   "%add_ln52 = add i8 %indvar_flatten_load, i8 1" [firmware/nnet_utils/nnet_conv2d_stream.h:52->firmware/nnet_utils/nnet_conv2d_stream.h:78]   --->   Operation 12 'add' 'add_ln52' <Predicate = true> <Delay = 2.11> <CoreInst = "Adder">   --->   Core 1 'Adder' <Latency = 0> <II = 1> <Delay = 2.11> <FuncUnit> <Opcode : 'add' 'sub'> <InPorts = 2> <OutPorts = 1>
ST_2 : Operation 13 [1/1] (0.00ns)   --->   "%br_ln52 = br i1 %icmp_ln52, void %for.cond.cleanup11.i, void %_ZN4nnet26conv_2d_buffer_resource_clINS_5arrayI8ap_fixedILi16ELi6EL9ap_q_mode5EL9ap_o_mode3ELi0EELj8EEENS1_IS5_Lj16EEE8config28EEvRN3hls6streamIT_Li0EEERNSA_IT0_Li0EEEPNT1_8weight_tEPNSH_6bias_tE.30.exit" [firmware/nnet_utils/nnet_conv2d_stream.h:52->firmware/nnet_utils/nnet_conv2d_stream.h:78]   --->   Operation 13 'br' 'br_ln52' <Predicate = true> <Delay = 0.00>
ST_2 : Operation 14 [1/1] (0.00ns)   --->   "%ret_ln82 = ret" [firmware/nnet_utils/nnet_conv2d_stream.h:82]   --->   Operation 14 'ret' 'ret_ln82' <Predicate = (icmp_ln52)> <Delay = 0.00>

State 3 <SV = 2> <Delay = 1.82>
ST_3 : Operation 15 [1/1] ( I:1.82ns O:1.82ns )   --->   "%layer13_out_read = read i128 @_ssdm_op_Read.ap_fifo.volatile.i128P0A, i128 %layer13_out" [firmware/nnet_utils/nnet_conv2d_stream.h:58->firmware/nnet_utils/nnet_conv2d_stream.h:78]   --->   Operation 15 'read' 'layer13_out_read' <Predicate = true> <Delay = 1.82> <CoreInst = "FIFO">   --->   Core 77 'FIFO' <Latency = 0> <II = 1> <Delay = 3.78> <Storage> <Opcode : 'read' 'write' 'nbread' 'nbwrite'> <Ports = 0> <Width = 128> <Depth = 169> <FIFO>
ST_3 : Operation 16 [1/1] (0.00ns)   --->   "%trunc_ln58 = trunc i128 %layer13_out_read" [firmware/nnet_utils/nnet_conv2d_stream.h:58->firmware/nnet_utils/nnet_conv2d_stream.h:78]   --->   Operation 16 'trunc' 'trunc_ln58' <Predicate = true> <Delay = 0.00>
ST_3 : Operation 17 [1/1] (0.00ns)   --->   "%trunc_ln58_s = partselect i16 @_ssdm_op_PartSelect.i16.i128.i32.i32, i128 %layer13_out_read, i32 16, i32 31" [firmware/nnet_utils/nnet_conv2d_stream.h:58->firmware/nnet_utils/nnet_conv2d_stream.h:78]   --->   Operation 17 'partselect' 'trunc_ln58_s' <Predicate = true> <Delay = 0.00>
ST_3 : Operation 18 [1/1] (0.00ns)   --->   "%trunc_ln58_46 = partselect i16 @_ssdm_op_PartSelect.i16.i128.i32.i32, i128 %layer13_out_read, i32 32, i32 47" [firmware/nnet_utils/nnet_conv2d_stream.h:58->firmware/nnet_utils/nnet_conv2d_stream.h:78]   --->   Operation 18 'partselect' 'trunc_ln58_46' <Predicate = true> <Delay = 0.00>
ST_3 : Operation 19 [1/1] (0.00ns)   --->   "%trunc_ln58_47 = partselect i16 @_ssdm_op_PartSelect.i16.i128.i32.i32, i128 %layer13_out_read, i32 48, i32 63" [firmware/nnet_utils/nnet_conv2d_stream.h:58->firmware/nnet_utils/nnet_conv2d_stream.h:78]   --->   Operation 19 'partselect' 'trunc_ln58_47' <Predicate = true> <Delay = 0.00>
ST_3 : Operation 20 [1/1] (0.00ns)   --->   "%trunc_ln58_48 = partselect i16 @_ssdm_op_PartSelect.i16.i128.i32.i32, i128 %layer13_out_read, i32 64, i32 79" [firmware/nnet_utils/nnet_conv2d_stream.h:58->firmware/nnet_utils/nnet_conv2d_stream.h:78]   --->   Operation 20 'partselect' 'trunc_ln58_48' <Predicate = true> <Delay = 0.00>
ST_3 : Operation 21 [1/1] (0.00ns)   --->   "%trunc_ln58_49 = partselect i16 @_ssdm_op_PartSelect.i16.i128.i32.i32, i128 %layer13_out_read, i32 80, i32 95" [firmware/nnet_utils/nnet_conv2d_stream.h:58->firmware/nnet_utils/nnet_conv2d_stream.h:78]   --->   Operation 21 'partselect' 'trunc_ln58_49' <Predicate = true> <Delay = 0.00>
ST_3 : Operation 22 [1/1] (0.00ns)   --->   "%trunc_ln58_50 = partselect i16 @_ssdm_op_PartSelect.i16.i128.i32.i32, i128 %layer13_out_read, i32 96, i32 111" [firmware/nnet_utils/nnet_conv2d_stream.h:58->firmware/nnet_utils/nnet_conv2d_stream.h:78]   --->   Operation 22 'partselect' 'trunc_ln58_50' <Predicate = true> <Delay = 0.00>
ST_3 : Operation 23 [1/1] (0.00ns)   --->   "%trunc_ln58_51 = partselect i16 @_ssdm_op_PartSelect.i16.i128.i32.i32, i128 %layer13_out_read, i32 112, i32 127" [firmware/nnet_utils/nnet_conv2d_stream.h:58->firmware/nnet_utils/nnet_conv2d_stream.h:78]   --->   Operation 23 'partselect' 'trunc_ln58_51' <Predicate = true> <Delay = 0.00>
ST_3 : Operation 24 [2/2] (0.00ns)   --->   "%call_ln58 = call void @compute_output_buffer_2d<array,array<ap_fixed<16,6,5,3,0>,16u>,config28>, i16 %trunc_ln58, i16 %trunc_ln58_s, i16 %trunc_ln58_46, i16 %trunc_ln58_47, i16 %trunc_ln58_48, i16 %trunc_ln58_49, i16 %trunc_ln58_50, i16 %trunc_ln58_51, i256 %layer28_out, i16 %void_compute_output_buffer_2d_array_const_ap_shift_reg_n_chan_stream_weig_1, i16 %void_compute_output_buffer_2d_array_const_ap_shift_reg_n_chan_stream_weig_9, i16 %void_compute_output_buffer_2d_array_const_ap_shift_reg_n_chan_stream_weig, i16 %void_compute_output_buffer_2d_array_const_ap_shift_reg_n_chan_stream_weig_8, i16 %p_ZZN4nnet24compute_output_buffer_2dINS_5arrayI8ap_fixedILi16ELi6EL9ap_q_mode5EL9_61, i16 %void_compute_output_buffer_2d_array_const_ap_shift_reg_n_chan_stream_weig_7, i16 %p_ZZN4nnet24compute_output_buffer_2dINS_5arrayI8ap_fixedILi16ELi6EL9ap_q_mode5EL9_60, i16 %void_compute_output_buffer_2d_array_const_ap_shift_reg_n_chan_stream_weig_6, i16 %p_ZZN4nnet24compute_output_buffer_2dINS_5arrayI8ap_fixedILi16ELi6EL9ap_q_mode5EL9_59, i16 %void_compute_output_buffer_2d_array_const_ap_shift_reg_n_chan_stream_weig_5, i16 %p_ZZN4nnet24compute_output_buffer_2dINS_5arrayI8ap_fixedILi16ELi6EL9ap_q_mode5EL9_58, i16 %void_compute_output_buffer_2d_array_const_ap_shift_reg_n_chan_stream_weig_4, i16 %p_ZZN4nnet24compute_output_buffer_2dINS_5arrayI8ap_fixedILi16ELi6EL9ap_q_mode5EL9_57, i16 %void_compute_output_buffer_2d_array_const_ap_shift_reg_n_chan_stream_weig_3, i16 %p_ZZN4nnet24compute_output_buffer_2dINS_5arrayI8ap_fixedILi16ELi6EL9ap_q_mode5EL9_56, i16 %void_compute_output_buffer_2d_array_const_ap_shift_reg_n_chan_stream_weig_2, i16 %p_ZZN4nnet24compute_output_buffer_2dINS_5arrayI8ap_fixedILi16ELi6EL9ap_q_mode5EL9_39, i16 %p_ZZN4nnet24compute_output_buffer_2dINS_5arrayI8ap_fixedILi16ELi6EL9ap_q_mode5EL9_47, i16 %p_ZZN4nnet24compute_output_buffer_2dINS_5arrayI8ap_fixedILi16ELi6EL9ap_q_mode5EL9_38, i16 %p_ZZN4nnet24compute_output_buffer_2dINS_5arrayI8ap_fixedILi16ELi6EL9ap_q_mode5EL9_46, i16 %p_ZZN4nnet24compute_output_buffer_2dINS_5arrayI8ap_fixedILi16ELi6EL9ap_q_mode5EL9_37, i16 %p_ZZN4nnet24compute_output_buffer_2dINS_5arrayI8ap_fixedILi16ELi6EL9ap_q_mode5EL9_45, i16 %p_ZZN4nnet24compute_output_buffer_2dINS_5arrayI8ap_fixedILi16ELi6EL9ap_q_mode5EL9_36, i16 %p_ZZN4nnet24compute_output_buffer_2dINS_5arrayI8ap_fixedILi16ELi6EL9ap_q_mode5EL9_44, i16 %p_ZZN4nnet24compute_output_buffer_2dINS_5arrayI8ap_fixedILi16ELi6EL9ap_q_mode5EL9_35, i16 %p_ZZN4nnet24compute_output_buffer_2dINS_5arrayI8ap_fixedILi16ELi6EL9ap_q_mode5EL9_43, i16 %p_ZZN4nnet24compute_output_buffer_2dINS_5arrayI8ap_fixedILi16ELi6EL9ap_q_mode5EL9_34, i16 %p_ZZN4nnet24compute_output_buffer_2dINS_5arrayI8ap_fixedILi16ELi6EL9ap_q_mode5EL9_42, i16 %p_ZZN4nnet24compute_output_buffer_2dINS_5arrayI8ap_fixedILi16ELi6EL9ap_q_mode5EL9_33, i16 %p_ZZN4nnet24compute_output_buffer_2dINS_5arrayI8ap_fixedILi16ELi6EL9ap_q_mode5EL9_41, i16 %p_ZZN4nnet24compute_output_buffer_2dINS_5arrayI8ap_fixedILi16ELi6EL9ap_q_mode5EL9_32, i16 %p_ZZN4nnet24compute_output_buffer_2dINS_5arrayI8ap_fixedILi16ELi6EL9ap_q_mode5EL9_40, i16 %p_ZZN4nnet24compute_output_buffer_2dINS_5arrayI8ap_fixedILi16ELi6EL9ap_q_mode5EL9_15, i16 %p_ZZN4nnet24compute_output_buffer_2dINS_5arrayI8ap_fixedILi16ELi6EL9ap_q_mode5EL9_23, i16 %p_ZZN4nnet24compute_output_buffer_2dINS_5arrayI8ap_fixedILi16ELi6EL9ap_q_mode5EL9_14, i16 %p_ZZN4nnet24compute_output_buffer_2dINS_5arrayI8ap_fixedILi16ELi6EL9ap_q_mode5EL9_22, i16 %p_ZZN4nnet24compute_output_buffer_2dINS_5arrayI8ap_fixedILi16ELi6EL9ap_q_mode5EL9_13, i16 %p_ZZN4nnet24compute_output_buffer_2dINS_5arrayI8ap_fixedILi16ELi6EL9ap_q_mode5EL9_21, i16 %p_ZZN4nnet24compute_output_buffer_2dINS_5arrayI8ap_fixedILi16ELi6EL9ap_q_mode5EL9_12, i16 %p_ZZN4nnet24compute_output_buffer_2dINS_5arrayI8ap_fixedILi16ELi6EL9ap_q_mode5EL9_20, i16 %p_ZZN4nnet24compute_output_buffer_2dINS_5arrayI8ap_fixedILi16ELi6EL9ap_q_mode5EL9_11, i16 %p_ZZN4nnet24compute_output_buffer_2dINS_5arrayI8ap_fixedILi16ELi6EL9ap_q_mode5EL9_19, i16 %p_ZZN4nnet24compute_output_buffer_2dINS_5arrayI8ap_fixedILi16ELi6EL9ap_q_mode5EL9_10, i16 %p_ZZN4nnet24compute_output_buffer_2dINS_5arrayI8ap_fixedILi16ELi6EL9ap_q_mode5EL9_18, i16 %p_ZZN4nnet24compute_output_buffer_2dINS_5arrayI8ap_fixedILi16ELi6EL9ap_q_mode5EL9_9, i16 %p_ZZN4nnet24compute_output_buffer_2dINS_5arrayI8ap_fixedILi16ELi6EL9ap_q_mode5EL9_17, i16 %p_ZZN4nnet24compute_output_buffer_2dINS_5arrayI8ap_fixedILi16ELi6EL9ap_q_mode5EL9_8, i16 %p_ZZN4nnet24compute_output_buffer_2dINS_5arrayI8ap_fixedILi16ELi6EL9ap_q_mode5EL9_16, i16 %p_ZZN4nnet24compute_output_buffer_2dINS_5arrayI8ap_fixedILi16ELi6EL9ap_q_mode5EL9_55, i16 %p_ZZN4nnet24compute_output_buffer_2dINS_5arrayI8ap_fixedILi16ELi6EL9ap_q_mode5EL9_54, i16 %p_ZZN4nnet24compute_output_buffer_2dINS_5arrayI8ap_fixedILi16ELi6EL9ap_q_mode5EL9_53, i16 %p_ZZN4nnet24compute_output_buffer_2dINS_5arrayI8ap_fixedILi16ELi6EL9ap_q_mode5EL9_52, i16 %p_ZZN4nnet24compute_output_buffer_2dINS_5arrayI8ap_fixedILi16ELi6EL9ap_q_mode5EL9_51, i16 %p_ZZN4nnet24compute_output_buffer_2dINS_5arrayI8ap_fixedILi16ELi6EL9ap_q_mode5EL9_50, i16 %p_ZZN4nnet24compute_output_buffer_2dINS_5arrayI8ap_fixedILi16ELi6EL9ap_q_mode5EL9_49, i16 %p_ZZN4nnet24compute_output_buffer_2dINS_5arrayI8ap_fixedILi16ELi6EL9ap_q_mode5EL9_48, i16 %p_ZZN4nnet24compute_output_buffer_2dINS_5arrayI8ap_fixedILi16ELi6EL9ap_q_mode5EL9_31, i16 %p_ZZN4nnet24compute_output_buffer_2dINS_5arrayI8ap_fixedILi16ELi6EL9ap_q_mode5EL9_30, i16 %p_ZZN4nnet24compute_output_buffer_2dINS_5arrayI8ap_fixedILi16ELi6EL9ap_q_mode5EL9_29, i16 %p_ZZN4nnet24compute_output_buffer_2dINS_5arrayI8ap_fixedILi16ELi6EL9ap_q_mode5EL9_28, i16 %p_ZZN4nnet24compute_output_buffer_2dINS_5arrayI8ap_fixedILi16ELi6EL9ap_q_mode5EL9_27, i16 %p_ZZN4nnet24compute_output_buffer_2dINS_5arrayI8ap_fixedILi16ELi6EL9ap_q_mode5EL9_26, i16 %p_ZZN4nnet24compute_output_buffer_2dINS_5arrayI8ap_fixedILi16ELi6EL9ap_q_mode5EL9_25, i16 %p_ZZN4nnet24compute_output_buffer_2dINS_5arrayI8ap_fixedILi16ELi6EL9ap_q_mode5EL9_24, i16 %p_ZZN4nnet24compute_output_buffer_2dINS_5arrayI8ap_fixedILi16ELi6EL9ap_q_mode5EL9_7, i16 %p_ZZN4nnet24compute_output_buffer_2dINS_5arrayI8ap_fixedILi16ELi6EL9ap_q_mode5EL9_6, i16 %p_ZZN4nnet24compute_output_buffer_2dINS_5arrayI8ap_fixedILi16ELi6EL9ap_q_mode5EL9_5, i16 %p_ZZN4nnet24compute_output_buffer_2dINS_5arrayI8ap_fixedILi16ELi6EL9ap_q_mode5EL9_4, i16 %p_ZZN4nnet24compute_output_buffer_2dINS_5arrayI8ap_fixedILi16ELi6EL9ap_q_mode5EL9_3, i16 %p_ZZN4nnet24compute_output_buffer_2dINS_5arrayI8ap_fixedILi16ELi6EL9ap_q_mode5EL9_2, i16 %p_ZZN4nnet24compute_output_buffer_2dINS_5arrayI8ap_fixedILi16ELi6EL9ap_q_mode5EL9_1, i16 %p_ZZN4nnet24compute_output_buffer_2dINS_5arrayI8ap_fixedILi16ELi6EL9ap_q_mode5EL9, i16 %p_ZZN4nnet26conv_2d_buffer_resource_clINS_5arrayI8ap_fixedILi16ELi6EL9ap_q_mode5E_15, i16 %p_ZZN4nnet26conv_2d_buffer_resource_clINS_5arrayI8ap_fixedILi16ELi6EL9ap_q_mode5E_7, i16 %p_ZZN4nnet26conv_2d_buffer_resource_clINS_5arrayI8ap_fixedILi16ELi6EL9ap_q_mode5E_14, i16 %p_ZZN4nnet26conv_2d_buffer_resource_clINS_5arrayI8ap_fixedILi16ELi6EL9ap_q_mode5E_6, i16 %p_ZZN4nnet26conv_2d_buffer_resource_clINS_5arrayI8ap_fixedILi16ELi6EL9ap_q_mode5E_13, i16 %p_ZZN4nnet26conv_2d_buffer_resource_clINS_5arrayI8ap_fixedILi16ELi6EL9ap_q_mode5E_5, i16 %p_ZZN4nnet26conv_2d_buffer_resource_clINS_5arrayI8ap_fixedILi16ELi6EL9ap_q_mode5E_12, i16 %p_ZZN4nnet26conv_2d_buffer_resource_clINS_5arrayI8ap_fixedILi16ELi6EL9ap_q_mode5E_4, i16 %p_ZZN4nnet26conv_2d_buffer_resource_clINS_5arrayI8ap_fixedILi16ELi6EL9ap_q_mode5E_11, i16 %p_ZZN4nnet26conv_2d_buffer_resource_clINS_5arrayI8ap_fixedILi16ELi6EL9ap_q_mode5E_3, i16 %p_ZZN4nnet26conv_2d_buffer_resource_clINS_5arrayI8ap_fixedILi16ELi6EL9ap_q_mode5E_10, i16 %p_ZZN4nnet26conv_2d_buffer_resource_clINS_5arrayI8ap_fixedILi16ELi6EL9ap_q_mode5E_2, i16 %p_ZZN4nnet26conv_2d_buffer_resource_clINS_5arrayI8ap_fixedILi16ELi6EL9ap_q_mode5E_9, i16 %p_ZZN4nnet26conv_2d_buffer_resource_clINS_5arrayI8ap_fixedILi16ELi6EL9ap_q_mode5E_1, i16 %p_ZZN4nnet26conv_2d_buffer_resource_clINS_5arrayI8ap_fixedILi16ELi6EL9ap_q_mode5E_8, i16 %p_ZZN4nnet26conv_2d_buffer_resource_clINS_5arrayI8ap_fixedILi16ELi6EL9ap_q_mode5E, i32 %sX_2, i32 %sY_2, i32 %pY_2, i32 %pX_2, i1 %outidx, i123 %w28" [firmware/nnet_utils/nnet_conv2d_stream.h:58->firmware/nnet_utils/nnet_conv2d_stream.h:78]   --->   Operation 24 'call' 'call_ln58' <Predicate = true> <Delay = 0.00> <CoreType = "Generic">   --->   Generic Core
ST_3 : Operation 25 [1/1] (1.61ns)   --->   "%store_ln52 = store i8 %add_ln52, i8 %indvar_flatten" [firmware/nnet_utils/nnet_conv2d_stream.h:52->firmware/nnet_utils/nnet_conv2d_stream.h:78]   --->   Operation 25 'store' 'store_ln52' <Predicate = true> <Delay = 1.61>

State 4 <SV = 3> <Delay = 0.00>
ST_4 : Operation 26 [1/1] (0.00ns)   --->   "%specloopname_ln0 = specloopname void @_ssdm_op_SpecLoopName, void @ReadInputHeight_ReadInputWidth_str"   --->   Operation 26 'specloopname' 'specloopname_ln0' <Predicate = true> <Delay = 0.00>
ST_4 : Operation 27 [1/1] (0.00ns)   --->   "%speclooptripcount_ln0 = speclooptripcount void @_ssdm_op_SpecLoopTripCount, i64 169, i64 169, i64 169"   --->   Operation 27 'speclooptripcount' 'speclooptripcount_ln0' <Predicate = true> <Delay = 0.00>
ST_4 : Operation 28 [1/2] (0.00ns)   --->   "%call_ln58 = call void @compute_output_buffer_2d<array,array<ap_fixed<16,6,5,3,0>,16u>,config28>, i16 %trunc_ln58, i16 %trunc_ln58_s, i16 %trunc_ln58_46, i16 %trunc_ln58_47, i16 %trunc_ln58_48, i16 %trunc_ln58_49, i16 %trunc_ln58_50, i16 %trunc_ln58_51, i256 %layer28_out, i16 %void_compute_output_buffer_2d_array_const_ap_shift_reg_n_chan_stream_weig_1, i16 %void_compute_output_buffer_2d_array_const_ap_shift_reg_n_chan_stream_weig_9, i16 %void_compute_output_buffer_2d_array_const_ap_shift_reg_n_chan_stream_weig, i16 %void_compute_output_buffer_2d_array_const_ap_shift_reg_n_chan_stream_weig_8, i16 %p_ZZN4nnet24compute_output_buffer_2dINS_5arrayI8ap_fixedILi16ELi6EL9ap_q_mode5EL9_61, i16 %void_compute_output_buffer_2d_array_const_ap_shift_reg_n_chan_stream_weig_7, i16 %p_ZZN4nnet24compute_output_buffer_2dINS_5arrayI8ap_fixedILi16ELi6EL9ap_q_mode5EL9_60, i16 %void_compute_output_buffer_2d_array_const_ap_shift_reg_n_chan_stream_weig_6, i16 %p_ZZN4nnet24compute_output_buffer_2dINS_5arrayI8ap_fixedILi16ELi6EL9ap_q_mode5EL9_59, i16 %void_compute_output_buffer_2d_array_const_ap_shift_reg_n_chan_stream_weig_5, i16 %p_ZZN4nnet24compute_output_buffer_2dINS_5arrayI8ap_fixedILi16ELi6EL9ap_q_mode5EL9_58, i16 %void_compute_output_buffer_2d_array_const_ap_shift_reg_n_chan_stream_weig_4, i16 %p_ZZN4nnet24compute_output_buffer_2dINS_5arrayI8ap_fixedILi16ELi6EL9ap_q_mode5EL9_57, i16 %void_compute_output_buffer_2d_array_const_ap_shift_reg_n_chan_stream_weig_3, i16 %p_ZZN4nnet24compute_output_buffer_2dINS_5arrayI8ap_fixedILi16ELi6EL9ap_q_mode5EL9_56, i16 %void_compute_output_buffer_2d_array_const_ap_shift_reg_n_chan_stream_weig_2, i16 %p_ZZN4nnet24compute_output_buffer_2dINS_5arrayI8ap_fixedILi16ELi6EL9ap_q_mode5EL9_39, i16 %p_ZZN4nnet24compute_output_buffer_2dINS_5arrayI8ap_fixedILi16ELi6EL9ap_q_mode5EL9_47, i16 %p_ZZN4nnet24compute_output_buffer_2dINS_5arrayI8ap_fixedILi16ELi6EL9ap_q_mode5EL9_38, i16 %p_ZZN4nnet24compute_output_buffer_2dINS_5arrayI8ap_fixedILi16ELi6EL9ap_q_mode5EL9_46, i16 %p_ZZN4nnet24compute_output_buffer_2dINS_5arrayI8ap_fixedILi16ELi6EL9ap_q_mode5EL9_37, i16 %p_ZZN4nnet24compute_output_buffer_2dINS_5arrayI8ap_fixedILi16ELi6EL9ap_q_mode5EL9_45, i16 %p_ZZN4nnet24compute_output_buffer_2dINS_5arrayI8ap_fixedILi16ELi6EL9ap_q_mode5EL9_36, i16 %p_ZZN4nnet24compute_output_buffer_2dINS_5arrayI8ap_fixedILi16ELi6EL9ap_q_mode5EL9_44, i16 %p_ZZN4nnet24compute_output_buffer_2dINS_5arrayI8ap_fixedILi16ELi6EL9ap_q_mode5EL9_35, i16 %p_ZZN4nnet24compute_output_buffer_2dINS_5arrayI8ap_fixedILi16ELi6EL9ap_q_mode5EL9_43, i16 %p_ZZN4nnet24compute_output_buffer_2dINS_5arrayI8ap_fixedILi16ELi6EL9ap_q_mode5EL9_34, i16 %p_ZZN4nnet24compute_output_buffer_2dINS_5arrayI8ap_fixedILi16ELi6EL9ap_q_mode5EL9_42, i16 %p_ZZN4nnet24compute_output_buffer_2dINS_5arrayI8ap_fixedILi16ELi6EL9ap_q_mode5EL9_33, i16 %p_ZZN4nnet24compute_output_buffer_2dINS_5arrayI8ap_fixedILi16ELi6EL9ap_q_mode5EL9_41, i16 %p_ZZN4nnet24compute_output_buffer_2dINS_5arrayI8ap_fixedILi16ELi6EL9ap_q_mode5EL9_32, i16 %p_ZZN4nnet24compute_output_buffer_2dINS_5arrayI8ap_fixedILi16ELi6EL9ap_q_mode5EL9_40, i16 %p_ZZN4nnet24compute_output_buffer_2dINS_5arrayI8ap_fixedILi16ELi6EL9ap_q_mode5EL9_15, i16 %p_ZZN4nnet24compute_output_buffer_2dINS_5arrayI8ap_fixedILi16ELi6EL9ap_q_mode5EL9_23, i16 %p_ZZN4nnet24compute_output_buffer_2dINS_5arrayI8ap_fixedILi16ELi6EL9ap_q_mode5EL9_14, i16 %p_ZZN4nnet24compute_output_buffer_2dINS_5arrayI8ap_fixedILi16ELi6EL9ap_q_mode5EL9_22, i16 %p_ZZN4nnet24compute_output_buffer_2dINS_5arrayI8ap_fixedILi16ELi6EL9ap_q_mode5EL9_13, i16 %p_ZZN4nnet24compute_output_buffer_2dINS_5arrayI8ap_fixedILi16ELi6EL9ap_q_mode5EL9_21, i16 %p_ZZN4nnet24compute_output_buffer_2dINS_5arrayI8ap_fixedILi16ELi6EL9ap_q_mode5EL9_12, i16 %p_ZZN4nnet24compute_output_buffer_2dINS_5arrayI8ap_fixedILi16ELi6EL9ap_q_mode5EL9_20, i16 %p_ZZN4nnet24compute_output_buffer_2dINS_5arrayI8ap_fixedILi16ELi6EL9ap_q_mode5EL9_11, i16 %p_ZZN4nnet24compute_output_buffer_2dINS_5arrayI8ap_fixedILi16ELi6EL9ap_q_mode5EL9_19, i16 %p_ZZN4nnet24compute_output_buffer_2dINS_5arrayI8ap_fixedILi16ELi6EL9ap_q_mode5EL9_10, i16 %p_ZZN4nnet24compute_output_buffer_2dINS_5arrayI8ap_fixedILi16ELi6EL9ap_q_mode5EL9_18, i16 %p_ZZN4nnet24compute_output_buffer_2dINS_5arrayI8ap_fixedILi16ELi6EL9ap_q_mode5EL9_9, i16 %p_ZZN4nnet24compute_output_buffer_2dINS_5arrayI8ap_fixedILi16ELi6EL9ap_q_mode5EL9_17, i16 %p_ZZN4nnet24compute_output_buffer_2dINS_5arrayI8ap_fixedILi16ELi6EL9ap_q_mode5EL9_8, i16 %p_ZZN4nnet24compute_output_buffer_2dINS_5arrayI8ap_fixedILi16ELi6EL9ap_q_mode5EL9_16, i16 %p_ZZN4nnet24compute_output_buffer_2dINS_5arrayI8ap_fixedILi16ELi6EL9ap_q_mode5EL9_55, i16 %p_ZZN4nnet24compute_output_buffer_2dINS_5arrayI8ap_fixedILi16ELi6EL9ap_q_mode5EL9_54, i16 %p_ZZN4nnet24compute_output_buffer_2dINS_5arrayI8ap_fixedILi16ELi6EL9ap_q_mode5EL9_53, i16 %p_ZZN4nnet24compute_output_buffer_2dINS_5arrayI8ap_fixedILi16ELi6EL9ap_q_mode5EL9_52, i16 %p_ZZN4nnet24compute_output_buffer_2dINS_5arrayI8ap_fixedILi16ELi6EL9ap_q_mode5EL9_51, i16 %p_ZZN4nnet24compute_output_buffer_2dINS_5arrayI8ap_fixedILi16ELi6EL9ap_q_mode5EL9_50, i16 %p_ZZN4nnet24compute_output_buffer_2dINS_5arrayI8ap_fixedILi16ELi6EL9ap_q_mode5EL9_49, i16 %p_ZZN4nnet24compute_output_buffer_2dINS_5arrayI8ap_fixedILi16ELi6EL9ap_q_mode5EL9_48, i16 %p_ZZN4nnet24compute_output_buffer_2dINS_5arrayI8ap_fixedILi16ELi6EL9ap_q_mode5EL9_31, i16 %p_ZZN4nnet24compute_output_buffer_2dINS_5arrayI8ap_fixedILi16ELi6EL9ap_q_mode5EL9_30, i16 %p_ZZN4nnet24compute_output_buffer_2dINS_5arrayI8ap_fixedILi16ELi6EL9ap_q_mode5EL9_29, i16 %p_ZZN4nnet24compute_output_buffer_2dINS_5arrayI8ap_fixedILi16ELi6EL9ap_q_mode5EL9_28, i16 %p_ZZN4nnet24compute_output_buffer_2dINS_5arrayI8ap_fixedILi16ELi6EL9ap_q_mode5EL9_27, i16 %p_ZZN4nnet24compute_output_buffer_2dINS_5arrayI8ap_fixedILi16ELi6EL9ap_q_mode5EL9_26, i16 %p_ZZN4nnet24compute_output_buffer_2dINS_5arrayI8ap_fixedILi16ELi6EL9ap_q_mode5EL9_25, i16 %p_ZZN4nnet24compute_output_buffer_2dINS_5arrayI8ap_fixedILi16ELi6EL9ap_q_mode5EL9_24, i16 %p_ZZN4nnet24compute_output_buffer_2dINS_5arrayI8ap_fixedILi16ELi6EL9ap_q_mode5EL9_7, i16 %p_ZZN4nnet24compute_output_buffer_2dINS_5arrayI8ap_fixedILi16ELi6EL9ap_q_mode5EL9_6, i16 %p_ZZN4nnet24compute_output_buffer_2dINS_5arrayI8ap_fixedILi16ELi6EL9ap_q_mode5EL9_5, i16 %p_ZZN4nnet24compute_output_buffer_2dINS_5arrayI8ap_fixedILi16ELi6EL9ap_q_mode5EL9_4, i16 %p_ZZN4nnet24compute_output_buffer_2dINS_5arrayI8ap_fixedILi16ELi6EL9ap_q_mode5EL9_3, i16 %p_ZZN4nnet24compute_output_buffer_2dINS_5arrayI8ap_fixedILi16ELi6EL9ap_q_mode5EL9_2, i16 %p_ZZN4nnet24compute_output_buffer_2dINS_5arrayI8ap_fixedILi16ELi6EL9ap_q_mode5EL9_1, i16 %p_ZZN4nnet24compute_output_buffer_2dINS_5arrayI8ap_fixedILi16ELi6EL9ap_q_mode5EL9, i16 %p_ZZN4nnet26conv_2d_buffer_resource_clINS_5arrayI8ap_fixedILi16ELi6EL9ap_q_mode5E_15, i16 %p_ZZN4nnet26conv_2d_buffer_resource_clINS_5arrayI8ap_fixedILi16ELi6EL9ap_q_mode5E_7, i16 %p_ZZN4nnet26conv_2d_buffer_resource_clINS_5arrayI8ap_fixedILi16ELi6EL9ap_q_mode5E_14, i16 %p_ZZN4nnet26conv_2d_buffer_resource_clINS_5arrayI8ap_fixedILi16ELi6EL9ap_q_mode5E_6, i16 %p_ZZN4nnet26conv_2d_buffer_resource_clINS_5arrayI8ap_fixedILi16ELi6EL9ap_q_mode5E_13, i16 %p_ZZN4nnet26conv_2d_buffer_resource_clINS_5arrayI8ap_fixedILi16ELi6EL9ap_q_mode5E_5, i16 %p_ZZN4nnet26conv_2d_buffer_resource_clINS_5arrayI8ap_fixedILi16ELi6EL9ap_q_mode5E_12, i16 %p_ZZN4nnet26conv_2d_buffer_resource_clINS_5arrayI8ap_fixedILi16ELi6EL9ap_q_mode5E_4, i16 %p_ZZN4nnet26conv_2d_buffer_resource_clINS_5arrayI8ap_fixedILi16ELi6EL9ap_q_mode5E_11, i16 %p_ZZN4nnet26conv_2d_buffer_resource_clINS_5arrayI8ap_fixedILi16ELi6EL9ap_q_mode5E_3, i16 %p_ZZN4nnet26conv_2d_buffer_resource_clINS_5arrayI8ap_fixedILi16ELi6EL9ap_q_mode5E_10, i16 %p_ZZN4nnet26conv_2d_buffer_resource_clINS_5arrayI8ap_fixedILi16ELi6EL9ap_q_mode5E_2, i16 %p_ZZN4nnet26conv_2d_buffer_resource_clINS_5arrayI8ap_fixedILi16ELi6EL9ap_q_mode5E_9, i16 %p_ZZN4nnet26conv_2d_buffer_resource_clINS_5arrayI8ap_fixedILi16ELi6EL9ap_q_mode5E_1, i16 %p_ZZN4nnet26conv_2d_buffer_resource_clINS_5arrayI8ap_fixedILi16ELi6EL9ap_q_mode5E_8, i16 %p_ZZN4nnet26conv_2d_buffer_resource_clINS_5arrayI8ap_fixedILi16ELi6EL9ap_q_mode5E, i32 %sX_2, i32 %sY_2, i32 %pY_2, i32 %pX_2, i1 %outidx, i123 %w28" [firmware/nnet_utils/nnet_conv2d_stream.h:58->firmware/nnet_utils/nnet_conv2d_stream.h:78]   --->   Operation 28 'call' 'call_ln58' <Predicate = true> <Delay = 0.00> <CoreType = "Generic">   --->   Generic Core
ST_4 : Operation 29 [1/1] (0.00ns)   --->   "%br_ln54 = br void %for.body12.i" [firmware/nnet_utils/nnet_conv2d_stream.h:54->firmware/nnet_utils/nnet_conv2d_stream.h:78]   --->   Operation 29 'br' 'br_ln54' <Predicate = true> <Delay = 0.00>


============================================================
+ Verbose Summary: Binding
============================================================
STG Binding: 
---------------- STG Properties BEGIN ----------------
- Is combinational: 0
- Is one-state seq: 0
- Is datapath-only: 0
- Is pipelined: 0
- Is top level: 0
Port [ Return ] is wired: 1; IO mode=ap_ctrl_hs:ce=0
Port [ layer13_out]:  wired=1; compound=1; hidden=0; nouse=0; global=0; static=0; extern=0; dir=0; type=3; pingpong=0; private_global=0; IO mode=ap_fifo:ce=0
Port [ layer28_out]:  wired=1; compound=1; hidden=0; nouse=0; global=0; static=0; extern=0; dir=1; type=3; pingpong=0; private_global=0; IO mode=ap_fifo:ce=0
Port [ void_compute_output_buffer_2d_array_const_ap_shift_reg_n_chan_stream_weig_1]:  wired=0; compound=0; hidden=1; nouse=1; global=1; static=1; extern=0; dir=2; type=0; pingpong=0; private_global=0; IO mode=ap_ovld:ce=0
Port [ void_compute_output_buffer_2d_array_const_ap_shift_reg_n_chan_stream_weig_9]:  wired=0; compound=0; hidden=1; nouse=1; global=1; static=1; extern=0; dir=2; type=0; pingpong=0; private_global=0; IO mode=ap_ovld:ce=0
Port [ void_compute_output_buffer_2d_array_const_ap_shift_reg_n_chan_stream_weig]:  wired=0; compound=0; hidden=1; nouse=1; global=1; static=1; extern=0; dir=2; type=0; pingpong=0; private_global=0; IO mode=ap_ovld:ce=0
Port [ void_compute_output_buffer_2d_array_const_ap_shift_reg_n_chan_stream_weig_8]:  wired=0; compound=0; hidden=1; nouse=1; global=1; static=1; extern=0; dir=2; type=0; pingpong=0; private_global=0; IO mode=ap_ovld:ce=0
Port [ p_ZZN4nnet24compute_output_buffer_2dINS_5arrayI8ap_fixedILi16ELi6EL9ap_q_mode5EL9_61]:  wired=0; compound=0; hidden=1; nouse=1; global=1; static=1; extern=0; dir=2; type=0; pingpong=0; private_global=0; IO mode=ap_ovld:ce=0
Port [ void_compute_output_buffer_2d_array_const_ap_shift_reg_n_chan_stream_weig_7]:  wired=0; compound=0; hidden=1; nouse=1; global=1; static=1; extern=0; dir=2; type=0; pingpong=0; private_global=0; IO mode=ap_ovld:ce=0
Port [ p_ZZN4nnet24compute_output_buffer_2dINS_5arrayI8ap_fixedILi16ELi6EL9ap_q_mode5EL9_60]:  wired=0; compound=0; hidden=1; nouse=1; global=1; static=1; extern=0; dir=2; type=0; pingpong=0; private_global=0; IO mode=ap_ovld:ce=0
Port [ void_compute_output_buffer_2d_array_const_ap_shift_reg_n_chan_stream_weig_6]:  wired=0; compound=0; hidden=1; nouse=1; global=1; static=1; extern=0; dir=2; type=0; pingpong=0; private_global=0; IO mode=ap_ovld:ce=0
Port [ p_ZZN4nnet24compute_output_buffer_2dINS_5arrayI8ap_fixedILi16ELi6EL9ap_q_mode5EL9_59]:  wired=0; compound=0; hidden=1; nouse=1; global=1; static=1; extern=0; dir=2; type=0; pingpong=0; private_global=0; IO mode=ap_ovld:ce=0
Port [ void_compute_output_buffer_2d_array_const_ap_shift_reg_n_chan_stream_weig_5]:  wired=0; compound=0; hidden=1; nouse=1; global=1; static=1; extern=0; dir=2; type=0; pingpong=0; private_global=0; IO mode=ap_ovld:ce=0
Port [ p_ZZN4nnet24compute_output_buffer_2dINS_5arrayI8ap_fixedILi16ELi6EL9ap_q_mode5EL9_58]:  wired=0; compound=0; hidden=1; nouse=1; global=1; static=1; extern=0; dir=2; type=0; pingpong=0; private_global=0; IO mode=ap_ovld:ce=0
Port [ void_compute_output_buffer_2d_array_const_ap_shift_reg_n_chan_stream_weig_4]:  wired=0; compound=0; hidden=1; nouse=1; global=1; static=1; extern=0; dir=2; type=0; pingpong=0; private_global=0; IO mode=ap_ovld:ce=0
Port [ p_ZZN4nnet24compute_output_buffer_2dINS_5arrayI8ap_fixedILi16ELi6EL9ap_q_mode5EL9_57]:  wired=0; compound=0; hidden=1; nouse=1; global=1; static=1; extern=0; dir=2; type=0; pingpong=0; private_global=0; IO mode=ap_ovld:ce=0
Port [ void_compute_output_buffer_2d_array_const_ap_shift_reg_n_chan_stream_weig_3]:  wired=0; compound=0; hidden=1; nouse=1; global=1; static=1; extern=0; dir=2; type=0; pingpong=0; private_global=0; IO mode=ap_ovld:ce=0
Port [ p_ZZN4nnet24compute_output_buffer_2dINS_5arrayI8ap_fixedILi16ELi6EL9ap_q_mode5EL9_56]:  wired=0; compound=0; hidden=1; nouse=1; global=1; static=1; extern=0; dir=2; type=0; pingpong=0; private_global=0; IO mode=ap_ovld:ce=0
Port [ void_compute_output_buffer_2d_array_const_ap_shift_reg_n_chan_stream_weig_2]:  wired=0; compound=0; hidden=1; nouse=1; global=1; static=1; extern=0; dir=2; type=0; pingpong=0; private_global=0; IO mode=ap_ovld:ce=0
Port [ p_ZZN4nnet24compute_output_buffer_2dINS_5arrayI8ap_fixedILi16ELi6EL9ap_q_mode5EL9_39]:  wired=0; compound=0; hidden=1; nouse=1; global=1; static=1; extern=0; dir=2; type=0; pingpong=0; private_global=0; IO mode=ap_ovld:ce=0
Port [ p_ZZN4nnet24compute_output_buffer_2dINS_5arrayI8ap_fixedILi16ELi6EL9ap_q_mode5EL9_47]:  wired=0; compound=0; hidden=1; nouse=1; global=1; static=1; extern=0; dir=2; type=0; pingpong=0; private_global=0; IO mode=ap_ovld:ce=0
Port [ p_ZZN4nnet24compute_output_buffer_2dINS_5arrayI8ap_fixedILi16ELi6EL9ap_q_mode5EL9_38]:  wired=0; compound=0; hidden=1; nouse=1; global=1; static=1; extern=0; dir=2; type=0; pingpong=0; private_global=0; IO mode=ap_ovld:ce=0
Port [ p_ZZN4nnet24compute_output_buffer_2dINS_5arrayI8ap_fixedILi16ELi6EL9ap_q_mode5EL9_46]:  wired=0; compound=0; hidden=1; nouse=1; global=1; static=1; extern=0; dir=2; type=0; pingpong=0; private_global=0; IO mode=ap_ovld:ce=0
Port [ p_ZZN4nnet24compute_output_buffer_2dINS_5arrayI8ap_fixedILi16ELi6EL9ap_q_mode5EL9_37]:  wired=0; compound=0; hidden=1; nouse=1; global=1; static=1; extern=0; dir=2; type=0; pingpong=0; private_global=0; IO mode=ap_ovld:ce=0
Port [ p_ZZN4nnet24compute_output_buffer_2dINS_5arrayI8ap_fixedILi16ELi6EL9ap_q_mode5EL9_45]:  wired=0; compound=0; hidden=1; nouse=1; global=1; static=1; extern=0; dir=2; type=0; pingpong=0; private_global=0; IO mode=ap_ovld:ce=0
Port [ p_ZZN4nnet24compute_output_buffer_2dINS_5arrayI8ap_fixedILi16ELi6EL9ap_q_mode5EL9_36]:  wired=0; compound=0; hidden=1; nouse=1; global=1; static=1; extern=0; dir=2; type=0; pingpong=0; private_global=0; IO mode=ap_ovld:ce=0
Port [ p_ZZN4nnet24compute_output_buffer_2dINS_5arrayI8ap_fixedILi16ELi6EL9ap_q_mode5EL9_44]:  wired=0; compound=0; hidden=1; nouse=1; global=1; static=1; extern=0; dir=2; type=0; pingpong=0; private_global=0; IO mode=ap_ovld:ce=0
Port [ p_ZZN4nnet24compute_output_buffer_2dINS_5arrayI8ap_fixedILi16ELi6EL9ap_q_mode5EL9_35]:  wired=0; compound=0; hidden=1; nouse=1; global=1; static=1; extern=0; dir=2; type=0; pingpong=0; private_global=0; IO mode=ap_ovld:ce=0
Port [ p_ZZN4nnet24compute_output_buffer_2dINS_5arrayI8ap_fixedILi16ELi6EL9ap_q_mode5EL9_43]:  wired=0; compound=0; hidden=1; nouse=1; global=1; static=1; extern=0; dir=2; type=0; pingpong=0; private_global=0; IO mode=ap_ovld:ce=0
Port [ p_ZZN4nnet24compute_output_buffer_2dINS_5arrayI8ap_fixedILi16ELi6EL9ap_q_mode5EL9_34]:  wired=0; compound=0; hidden=1; nouse=1; global=1; static=1; extern=0; dir=2; type=0; pingpong=0; private_global=0; IO mode=ap_ovld:ce=0
Port [ p_ZZN4nnet24compute_output_buffer_2dINS_5arrayI8ap_fixedILi16ELi6EL9ap_q_mode5EL9_42]:  wired=0; compound=0; hidden=1; nouse=1; global=1; static=1; extern=0; dir=2; type=0; pingpong=0; private_global=0; IO mode=ap_ovld:ce=0
Port [ p_ZZN4nnet24compute_output_buffer_2dINS_5arrayI8ap_fixedILi16ELi6EL9ap_q_mode5EL9_33]:  wired=0; compound=0; hidden=1; nouse=1; global=1; static=1; extern=0; dir=2; type=0; pingpong=0; private_global=0; IO mode=ap_ovld:ce=0
Port [ p_ZZN4nnet24compute_output_buffer_2dINS_5arrayI8ap_fixedILi16ELi6EL9ap_q_mode5EL9_41]:  wired=0; compound=0; hidden=1; nouse=1; global=1; static=1; extern=0; dir=2; type=0; pingpong=0; private_global=0; IO mode=ap_ovld:ce=0
Port [ p_ZZN4nnet24compute_output_buffer_2dINS_5arrayI8ap_fixedILi16ELi6EL9ap_q_mode5EL9_32]:  wired=0; compound=0; hidden=1; nouse=1; global=1; static=1; extern=0; dir=2; type=0; pingpong=0; private_global=0; IO mode=ap_ovld:ce=0
Port [ p_ZZN4nnet24compute_output_buffer_2dINS_5arrayI8ap_fixedILi16ELi6EL9ap_q_mode5EL9_40]:  wired=0; compound=0; hidden=1; nouse=1; global=1; static=1; extern=0; dir=2; type=0; pingpong=0; private_global=0; IO mode=ap_ovld:ce=0
Port [ p_ZZN4nnet24compute_output_buffer_2dINS_5arrayI8ap_fixedILi16ELi6EL9ap_q_mode5EL9_15]:  wired=0; compound=0; hidden=1; nouse=1; global=1; static=1; extern=0; dir=2; type=0; pingpong=0; private_global=0; IO mode=ap_ovld:ce=0
Port [ p_ZZN4nnet24compute_output_buffer_2dINS_5arrayI8ap_fixedILi16ELi6EL9ap_q_mode5EL9_23]:  wired=0; compound=0; hidden=1; nouse=1; global=1; static=1; extern=0; dir=2; type=0; pingpong=0; private_global=0; IO mode=ap_ovld:ce=0
Port [ p_ZZN4nnet24compute_output_buffer_2dINS_5arrayI8ap_fixedILi16ELi6EL9ap_q_mode5EL9_14]:  wired=0; compound=0; hidden=1; nouse=1; global=1; static=1; extern=0; dir=2; type=0; pingpong=0; private_global=0; IO mode=ap_ovld:ce=0
Port [ p_ZZN4nnet24compute_output_buffer_2dINS_5arrayI8ap_fixedILi16ELi6EL9ap_q_mode5EL9_22]:  wired=0; compound=0; hidden=1; nouse=1; global=1; static=1; extern=0; dir=2; type=0; pingpong=0; private_global=0; IO mode=ap_ovld:ce=0
Port [ p_ZZN4nnet24compute_output_buffer_2dINS_5arrayI8ap_fixedILi16ELi6EL9ap_q_mode5EL9_13]:  wired=0; compound=0; hidden=1; nouse=1; global=1; static=1; extern=0; dir=2; type=0; pingpong=0; private_global=0; IO mode=ap_ovld:ce=0
Port [ p_ZZN4nnet24compute_output_buffer_2dINS_5arrayI8ap_fixedILi16ELi6EL9ap_q_mode5EL9_21]:  wired=0; compound=0; hidden=1; nouse=1; global=1; static=1; extern=0; dir=2; type=0; pingpong=0; private_global=0; IO mode=ap_ovld:ce=0
Port [ p_ZZN4nnet24compute_output_buffer_2dINS_5arrayI8ap_fixedILi16ELi6EL9ap_q_mode5EL9_12]:  wired=0; compound=0; hidden=1; nouse=1; global=1; static=1; extern=0; dir=2; type=0; pingpong=0; private_global=0; IO mode=ap_ovld:ce=0
Port [ p_ZZN4nnet24compute_output_buffer_2dINS_5arrayI8ap_fixedILi16ELi6EL9ap_q_mode5EL9_20]:  wired=0; compound=0; hidden=1; nouse=1; global=1; static=1; extern=0; dir=2; type=0; pingpong=0; private_global=0; IO mode=ap_ovld:ce=0
Port [ p_ZZN4nnet24compute_output_buffer_2dINS_5arrayI8ap_fixedILi16ELi6EL9ap_q_mode5EL9_11]:  wired=0; compound=0; hidden=1; nouse=1; global=1; static=1; extern=0; dir=2; type=0; pingpong=0; private_global=0; IO mode=ap_ovld:ce=0
Port [ p_ZZN4nnet24compute_output_buffer_2dINS_5arrayI8ap_fixedILi16ELi6EL9ap_q_mode5EL9_19]:  wired=0; compound=0; hidden=1; nouse=1; global=1; static=1; extern=0; dir=2; type=0; pingpong=0; private_global=0; IO mode=ap_ovld:ce=0
Port [ p_ZZN4nnet24compute_output_buffer_2dINS_5arrayI8ap_fixedILi16ELi6EL9ap_q_mode5EL9_10]:  wired=0; compound=0; hidden=1; nouse=1; global=1; static=1; extern=0; dir=2; type=0; pingpong=0; private_global=0; IO mode=ap_ovld:ce=0
Port [ p_ZZN4nnet24compute_output_buffer_2dINS_5arrayI8ap_fixedILi16ELi6EL9ap_q_mode5EL9_18]:  wired=0; compound=0; hidden=1; nouse=1; global=1; static=1; extern=0; dir=2; type=0; pingpong=0; private_global=0; IO mode=ap_ovld:ce=0
Port [ p_ZZN4nnet24compute_output_buffer_2dINS_5arrayI8ap_fixedILi16ELi6EL9ap_q_mode5EL9_9]:  wired=0; compound=0; hidden=1; nouse=1; global=1; static=1; extern=0; dir=2; type=0; pingpong=0; private_global=0; IO mode=ap_ovld:ce=0
Port [ p_ZZN4nnet24compute_output_buffer_2dINS_5arrayI8ap_fixedILi16ELi6EL9ap_q_mode5EL9_17]:  wired=0; compound=0; hidden=1; nouse=1; global=1; static=1; extern=0; dir=2; type=0; pingpong=0; private_global=0; IO mode=ap_ovld:ce=0
Port [ p_ZZN4nnet24compute_output_buffer_2dINS_5arrayI8ap_fixedILi16ELi6EL9ap_q_mode5EL9_8]:  wired=0; compound=0; hidden=1; nouse=1; global=1; static=1; extern=0; dir=2; type=0; pingpong=0; private_global=0; IO mode=ap_ovld:ce=0
Port [ p_ZZN4nnet24compute_output_buffer_2dINS_5arrayI8ap_fixedILi16ELi6EL9ap_q_mode5EL9_16]:  wired=0; compound=0; hidden=1; nouse=1; global=1; static=1; extern=0; dir=2; type=0; pingpong=0; private_global=0; IO mode=ap_ovld:ce=0
Port [ p_ZZN4nnet24compute_output_buffer_2dINS_5arrayI8ap_fixedILi16ELi6EL9ap_q_mode5EL9_55]:  wired=0; compound=0; hidden=1; nouse=1; global=1; static=1; extern=0; dir=2; type=0; pingpong=0; private_global=0; IO mode=ap_ovld:ce=0
Port [ p_ZZN4nnet24compute_output_buffer_2dINS_5arrayI8ap_fixedILi16ELi6EL9ap_q_mode5EL9_54]:  wired=0; compound=0; hidden=1; nouse=1; global=1; static=1; extern=0; dir=2; type=0; pingpong=0; private_global=0; IO mode=ap_ovld:ce=0
Port [ p_ZZN4nnet24compute_output_buffer_2dINS_5arrayI8ap_fixedILi16ELi6EL9ap_q_mode5EL9_53]:  wired=0; compound=0; hidden=1; nouse=1; global=1; static=1; extern=0; dir=2; type=0; pingpong=0; private_global=0; IO mode=ap_ovld:ce=0
Port [ p_ZZN4nnet24compute_output_buffer_2dINS_5arrayI8ap_fixedILi16ELi6EL9ap_q_mode5EL9_52]:  wired=0; compound=0; hidden=1; nouse=1; global=1; static=1; extern=0; dir=2; type=0; pingpong=0; private_global=0; IO mode=ap_ovld:ce=0
Port [ p_ZZN4nnet24compute_output_buffer_2dINS_5arrayI8ap_fixedILi16ELi6EL9ap_q_mode5EL9_51]:  wired=0; compound=0; hidden=1; nouse=1; global=1; static=1; extern=0; dir=2; type=0; pingpong=0; private_global=0; IO mode=ap_ovld:ce=0
Port [ p_ZZN4nnet24compute_output_buffer_2dINS_5arrayI8ap_fixedILi16ELi6EL9ap_q_mode5EL9_50]:  wired=0; compound=0; hidden=1; nouse=1; global=1; static=1; extern=0; dir=2; type=0; pingpong=0; private_global=0; IO mode=ap_ovld:ce=0
Port [ p_ZZN4nnet24compute_output_buffer_2dINS_5arrayI8ap_fixedILi16ELi6EL9ap_q_mode5EL9_49]:  wired=0; compound=0; hidden=1; nouse=1; global=1; static=1; extern=0; dir=2; type=0; pingpong=0; private_global=0; IO mode=ap_ovld:ce=0
Port [ p_ZZN4nnet24compute_output_buffer_2dINS_5arrayI8ap_fixedILi16ELi6EL9ap_q_mode5EL9_48]:  wired=0; compound=0; hidden=1; nouse=1; global=1; static=1; extern=0; dir=2; type=0; pingpong=0; private_global=0; IO mode=ap_ovld:ce=0
Port [ p_ZZN4nnet24compute_output_buffer_2dINS_5arrayI8ap_fixedILi16ELi6EL9ap_q_mode5EL9_31]:  wired=0; compound=0; hidden=1; nouse=1; global=1; static=1; extern=0; dir=2; type=0; pingpong=0; private_global=0; IO mode=ap_ovld:ce=0
Port [ p_ZZN4nnet24compute_output_buffer_2dINS_5arrayI8ap_fixedILi16ELi6EL9ap_q_mode5EL9_30]:  wired=0; compound=0; hidden=1; nouse=1; global=1; static=1; extern=0; dir=2; type=0; pingpong=0; private_global=0; IO mode=ap_ovld:ce=0
Port [ p_ZZN4nnet24compute_output_buffer_2dINS_5arrayI8ap_fixedILi16ELi6EL9ap_q_mode5EL9_29]:  wired=0; compound=0; hidden=1; nouse=1; global=1; static=1; extern=0; dir=2; type=0; pingpong=0; private_global=0; IO mode=ap_ovld:ce=0
Port [ p_ZZN4nnet24compute_output_buffer_2dINS_5arrayI8ap_fixedILi16ELi6EL9ap_q_mode5EL9_28]:  wired=0; compound=0; hidden=1; nouse=1; global=1; static=1; extern=0; dir=2; type=0; pingpong=0; private_global=0; IO mode=ap_ovld:ce=0
Port [ p_ZZN4nnet24compute_output_buffer_2dINS_5arrayI8ap_fixedILi16ELi6EL9ap_q_mode5EL9_27]:  wired=0; compound=0; hidden=1; nouse=1; global=1; static=1; extern=0; dir=2; type=0; pingpong=0; private_global=0; IO mode=ap_ovld:ce=0
Port [ p_ZZN4nnet24compute_output_buffer_2dINS_5arrayI8ap_fixedILi16ELi6EL9ap_q_mode5EL9_26]:  wired=0; compound=0; hidden=1; nouse=1; global=1; static=1; extern=0; dir=2; type=0; pingpong=0; private_global=0; IO mode=ap_ovld:ce=0
Port [ p_ZZN4nnet24compute_output_buffer_2dINS_5arrayI8ap_fixedILi16ELi6EL9ap_q_mode5EL9_25]:  wired=0; compound=0; hidden=1; nouse=1; global=1; static=1; extern=0; dir=2; type=0; pingpong=0; private_global=0; IO mode=ap_ovld:ce=0
Port [ p_ZZN4nnet24compute_output_buffer_2dINS_5arrayI8ap_fixedILi16ELi6EL9ap_q_mode5EL9_24]:  wired=0; compound=0; hidden=1; nouse=1; global=1; static=1; extern=0; dir=2; type=0; pingpong=0; private_global=0; IO mode=ap_ovld:ce=0
Port [ p_ZZN4nnet24compute_output_buffer_2dINS_5arrayI8ap_fixedILi16ELi6EL9ap_q_mode5EL9_7]:  wired=0; compound=0; hidden=1; nouse=1; global=1; static=1; extern=0; dir=2; type=0; pingpong=0; private_global=0; IO mode=ap_ovld:ce=0
Port [ p_ZZN4nnet24compute_output_buffer_2dINS_5arrayI8ap_fixedILi16ELi6EL9ap_q_mode5EL9_6]:  wired=0; compound=0; hidden=1; nouse=1; global=1; static=1; extern=0; dir=2; type=0; pingpong=0; private_global=0; IO mode=ap_ovld:ce=0
Port [ p_ZZN4nnet24compute_output_buffer_2dINS_5arrayI8ap_fixedILi16ELi6EL9ap_q_mode5EL9_5]:  wired=0; compound=0; hidden=1; nouse=1; global=1; static=1; extern=0; dir=2; type=0; pingpong=0; private_global=0; IO mode=ap_ovld:ce=0
Port [ p_ZZN4nnet24compute_output_buffer_2dINS_5arrayI8ap_fixedILi16ELi6EL9ap_q_mode5EL9_4]:  wired=0; compound=0; hidden=1; nouse=1; global=1; static=1; extern=0; dir=2; type=0; pingpong=0; private_global=0; IO mode=ap_ovld:ce=0
Port [ p_ZZN4nnet24compute_output_buffer_2dINS_5arrayI8ap_fixedILi16ELi6EL9ap_q_mode5EL9_3]:  wired=0; compound=0; hidden=1; nouse=1; global=1; static=1; extern=0; dir=2; type=0; pingpong=0; private_global=0; IO mode=ap_ovld:ce=0
Port [ p_ZZN4nnet24compute_output_buffer_2dINS_5arrayI8ap_fixedILi16ELi6EL9ap_q_mode5EL9_2]:  wired=0; compound=0; hidden=1; nouse=1; global=1; static=1; extern=0; dir=2; type=0; pingpong=0; private_global=0; IO mode=ap_ovld:ce=0
Port [ p_ZZN4nnet24compute_output_buffer_2dINS_5arrayI8ap_fixedILi16ELi6EL9ap_q_mode5EL9_1]:  wired=0; compound=0; hidden=1; nouse=1; global=1; static=1; extern=0; dir=2; type=0; pingpong=0; private_global=0; IO mode=ap_ovld:ce=0
Port [ p_ZZN4nnet24compute_output_buffer_2dINS_5arrayI8ap_fixedILi16ELi6EL9ap_q_mode5EL9]:  wired=0; compound=0; hidden=1; nouse=1; global=1; static=1; extern=0; dir=2; type=0; pingpong=0; private_global=0; IO mode=ap_ovld:ce=0
Port [ p_ZZN4nnet26conv_2d_buffer_resource_clINS_5arrayI8ap_fixedILi16ELi6EL9ap_q_mode5E_15]:  wired=0; compound=1; hidden=1; nouse=1; global=1; static=1; extern=0; dir=3; type=1; pingpong=0; private_global=0; MemPort=[2]; IO mode=ap_memory:ce=0
Port [ p_ZZN4nnet26conv_2d_buffer_resource_clINS_5arrayI8ap_fixedILi16ELi6EL9ap_q_mode5E_7]:  wired=0; compound=1; hidden=1; nouse=1; global=1; static=1; extern=0; dir=3; type=1; pingpong=0; private_global=0; MemPort=[2]; IO mode=ap_memory:ce=0
Port [ p_ZZN4nnet26conv_2d_buffer_resource_clINS_5arrayI8ap_fixedILi16ELi6EL9ap_q_mode5E_14]:  wired=0; compound=1; hidden=1; nouse=1; global=1; static=1; extern=0; dir=3; type=1; pingpong=0; private_global=0; MemPort=[2]; IO mode=ap_memory:ce=0
Port [ p_ZZN4nnet26conv_2d_buffer_resource_clINS_5arrayI8ap_fixedILi16ELi6EL9ap_q_mode5E_6]:  wired=0; compound=1; hidden=1; nouse=1; global=1; static=1; extern=0; dir=3; type=1; pingpong=0; private_global=0; MemPort=[2]; IO mode=ap_memory:ce=0
Port [ p_ZZN4nnet26conv_2d_buffer_resource_clINS_5arrayI8ap_fixedILi16ELi6EL9ap_q_mode5E_13]:  wired=0; compound=1; hidden=1; nouse=1; global=1; static=1; extern=0; dir=3; type=1; pingpong=0; private_global=0; MemPort=[2]; IO mode=ap_memory:ce=0
Port [ p_ZZN4nnet26conv_2d_buffer_resource_clINS_5arrayI8ap_fixedILi16ELi6EL9ap_q_mode5E_5]:  wired=0; compound=1; hidden=1; nouse=1; global=1; static=1; extern=0; dir=3; type=1; pingpong=0; private_global=0; MemPort=[2]; IO mode=ap_memory:ce=0
Port [ p_ZZN4nnet26conv_2d_buffer_resource_clINS_5arrayI8ap_fixedILi16ELi6EL9ap_q_mode5E_12]:  wired=0; compound=1; hidden=1; nouse=1; global=1; static=1; extern=0; dir=3; type=1; pingpong=0; private_global=0; MemPort=[2]; IO mode=ap_memory:ce=0
Port [ p_ZZN4nnet26conv_2d_buffer_resource_clINS_5arrayI8ap_fixedILi16ELi6EL9ap_q_mode5E_4]:  wired=0; compound=1; hidden=1; nouse=1; global=1; static=1; extern=0; dir=3; type=1; pingpong=0; private_global=0; MemPort=[2]; IO mode=ap_memory:ce=0
Port [ p_ZZN4nnet26conv_2d_buffer_resource_clINS_5arrayI8ap_fixedILi16ELi6EL9ap_q_mode5E_11]:  wired=0; compound=1; hidden=1; nouse=1; global=1; static=1; extern=0; dir=3; type=1; pingpong=0; private_global=0; MemPort=[2]; IO mode=ap_memory:ce=0
Port [ p_ZZN4nnet26conv_2d_buffer_resource_clINS_5arrayI8ap_fixedILi16ELi6EL9ap_q_mode5E_3]:  wired=0; compound=1; hidden=1; nouse=1; global=1; static=1; extern=0; dir=3; type=1; pingpong=0; private_global=0; MemPort=[2]; IO mode=ap_memory:ce=0
Port [ p_ZZN4nnet26conv_2d_buffer_resource_clINS_5arrayI8ap_fixedILi16ELi6EL9ap_q_mode5E_10]:  wired=0; compound=1; hidden=1; nouse=1; global=1; static=1; extern=0; dir=3; type=1; pingpong=0; private_global=0; MemPort=[2]; IO mode=ap_memory:ce=0
Port [ p_ZZN4nnet26conv_2d_buffer_resource_clINS_5arrayI8ap_fixedILi16ELi6EL9ap_q_mode5E_2]:  wired=0; compound=1; hidden=1; nouse=1; global=1; static=1; extern=0; dir=3; type=1; pingpong=0; private_global=0; MemPort=[2]; IO mode=ap_memory:ce=0
Port [ p_ZZN4nnet26conv_2d_buffer_resource_clINS_5arrayI8ap_fixedILi16ELi6EL9ap_q_mode5E_9]:  wired=0; compound=1; hidden=1; nouse=1; global=1; static=1; extern=0; dir=3; type=1; pingpong=0; private_global=0; MemPort=[2]; IO mode=ap_memory:ce=0
Port [ p_ZZN4nnet26conv_2d_buffer_resource_clINS_5arrayI8ap_fixedILi16ELi6EL9ap_q_mode5E_1]:  wired=0; compound=1; hidden=1; nouse=1; global=1; static=1; extern=0; dir=3; type=1; pingpong=0; private_global=0; MemPort=[2]; IO mode=ap_memory:ce=0
Port [ p_ZZN4nnet26conv_2d_buffer_resource_clINS_5arrayI8ap_fixedILi16ELi6EL9ap_q_mode5E_8]:  wired=0; compound=1; hidden=1; nouse=1; global=1; static=1; extern=0; dir=3; type=1; pingpong=0; private_global=0; MemPort=[2]; IO mode=ap_memory:ce=0
Port [ p_ZZN4nnet26conv_2d_buffer_resource_clINS_5arrayI8ap_fixedILi16ELi6EL9ap_q_mode5E]:  wired=0; compound=1; hidden=1; nouse=1; global=1; static=1; extern=0; dir=3; type=1; pingpong=0; private_global=0; MemPort=[2]; IO mode=ap_memory:ce=0
Port [ sX_2]:  wired=0; compound=0; hidden=1; nouse=1; global=1; static=1; extern=0; dir=2; type=0; pingpong=0; private_global=0; IO mode=ap_ovld:ce=0
Port [ sY_2]:  wired=0; compound=0; hidden=1; nouse=1; global=1; static=1; extern=0; dir=2; type=0; pingpong=0; private_global=0; IO mode=ap_ovld:ce=0
Port [ pY_2]:  wired=0; compound=0; hidden=1; nouse=1; global=1; static=1; extern=0; dir=2; type=0; pingpong=0; private_global=0; IO mode=ap_ovld:ce=0
Port [ pX_2]:  wired=0; compound=0; hidden=1; nouse=1; global=1; static=1; extern=0; dir=2; type=0; pingpong=0; private_global=0; IO mode=ap_ovld:ce=0
Port [ outidx]:  wired=0; compound=1; hidden=1; nouse=1; global=1; static=1; extern=0; dir=0; type=1; pingpong=0; private_global=0; MemPort=[1]; IO mode=ap_memory:ce=0
Port [ w28]:  wired=0; compound=1; hidden=1; nouse=1; global=1; static=1; extern=0; dir=0; type=1; pingpong=0; private_global=0; MemPort=[1]; IO mode=ap_memory:ce=0
---------------- STG Properties END ------------------

---------------- Datapath Model BEGIN ----------------

<LifeTime>
<method=bitvector/>
indvar_flatten        (alloca           ) [ 01111]
specinterface_ln0     (specinterface    ) [ 00000]
specinterface_ln0     (specinterface    ) [ 00000]
store_ln0             (store            ) [ 00000]
br_ln52               (br               ) [ 00000]
indvar_flatten_load   (load             ) [ 00000]
icmp_ln52             (icmp             ) [ 00111]
add_ln52              (add              ) [ 00010]
br_ln52               (br               ) [ 00000]
ret_ln82              (ret              ) [ 00000]
layer13_out_read      (read             ) [ 00000]
trunc_ln58            (trunc            ) [ 00001]
trunc_ln58_s          (partselect       ) [ 00001]
trunc_ln58_46         (partselect       ) [ 00001]
trunc_ln58_47         (partselect       ) [ 00001]
trunc_ln58_48         (partselect       ) [ 00001]
trunc_ln58_49         (partselect       ) [ 00001]
trunc_ln58_50         (partselect       ) [ 00001]
trunc_ln58_51         (partselect       ) [ 00001]
store_ln52            (store            ) [ 00000]
specloopname_ln0      (specloopname     ) [ 00000]
speclooptripcount_ln0 (speclooptripcount) [ 00000]
call_ln58             (call             ) [ 00000]
br_ln54               (br               ) [ 00000]
</LifeTime>

<model>

<comp_list>
<comp id="0" class="1000" name="layer13_out">
<pin_list>
<pin id="1" dir="1" index="0" bw="1" slack="0"/>
</pin_list>
<bind>
<StgValue><ssdm name="layer13_out"/></StgValue>
</bind>
</comp>

<comp id="2" class="1000" name="layer28_out">
<pin_list>
<pin id="3" dir="1" index="0" bw="1" slack="0"/>
</pin_list>
<bind>
<StgValue><ssdm name="layer28_out"/></StgValue>
</bind>
</comp>

<comp id="4" class="1000" name="void_compute_output_buffer_2d_array_const_ap_shift_reg_n_chan_stream_weig_1">
<pin_list>
<pin id="5" dir="1" index="0" bw="1" slack="0"/>
</pin_list>
<bind>
<StgValue><ssdm name="void_compute_output_buffer_2d_array_const_ap_shift_reg_n_chan_stream_weig_1"/></StgValue>
</bind>
</comp>

<comp id="6" class="1000" name="void_compute_output_buffer_2d_array_const_ap_shift_reg_n_chan_stream_weig_9">
<pin_list>
<pin id="7" dir="1" index="0" bw="1" slack="0"/>
</pin_list>
<bind>
<StgValue><ssdm name="void_compute_output_buffer_2d_array_const_ap_shift_reg_n_chan_stream_weig_9"/></StgValue>
</bind>
</comp>

<comp id="8" class="1000" name="void_compute_output_buffer_2d_array_const_ap_shift_reg_n_chan_stream_weig">
<pin_list>
<pin id="9" dir="1" index="0" bw="1" slack="0"/>
</pin_list>
<bind>
<StgValue><ssdm name="void_compute_output_buffer_2d_array_const_ap_shift_reg_n_chan_stream_weig"/></StgValue>
</bind>
</comp>

<comp id="10" class="1000" name="void_compute_output_buffer_2d_array_const_ap_shift_reg_n_chan_stream_weig_8">
<pin_list>
<pin id="11" dir="1" index="0" bw="1" slack="0"/>
</pin_list>
<bind>
<StgValue><ssdm name="void_compute_output_buffer_2d_array_const_ap_shift_reg_n_chan_stream_weig_8"/></StgValue>
</bind>
</comp>

<comp id="12" class="1000" name="p_ZZN4nnet24compute_output_buffer_2dINS_5arrayI8ap_fixedILi16ELi6EL9ap_q_mode5EL9_61">
<pin_list>
<pin id="13" dir="1" index="0" bw="1" slack="0"/>
</pin_list>
<bind>
<StgValue><ssdm name="p_ZZN4nnet24compute_output_buffer_2dINS_5arrayI8ap_fixedILi16ELi6EL9ap_q_mode5EL9_61"/></StgValue>
</bind>
</comp>

<comp id="14" class="1000" name="void_compute_output_buffer_2d_array_const_ap_shift_reg_n_chan_stream_weig_7">
<pin_list>
<pin id="15" dir="1" index="0" bw="1" slack="0"/>
</pin_list>
<bind>
<StgValue><ssdm name="void_compute_output_buffer_2d_array_const_ap_shift_reg_n_chan_stream_weig_7"/></StgValue>
</bind>
</comp>

<comp id="16" class="1000" name="p_ZZN4nnet24compute_output_buffer_2dINS_5arrayI8ap_fixedILi16ELi6EL9ap_q_mode5EL9_60">
<pin_list>
<pin id="17" dir="1" index="0" bw="1" slack="0"/>
</pin_list>
<bind>
<StgValue><ssdm name="p_ZZN4nnet24compute_output_buffer_2dINS_5arrayI8ap_fixedILi16ELi6EL9ap_q_mode5EL9_60"/></StgValue>
</bind>
</comp>

<comp id="18" class="1000" name="void_compute_output_buffer_2d_array_const_ap_shift_reg_n_chan_stream_weig_6">
<pin_list>
<pin id="19" dir="1" index="0" bw="1" slack="0"/>
</pin_list>
<bind>
<StgValue><ssdm name="void_compute_output_buffer_2d_array_const_ap_shift_reg_n_chan_stream_weig_6"/></StgValue>
</bind>
</comp>

<comp id="20" class="1000" name="p_ZZN4nnet24compute_output_buffer_2dINS_5arrayI8ap_fixedILi16ELi6EL9ap_q_mode5EL9_59">
<pin_list>
<pin id="21" dir="1" index="0" bw="1" slack="0"/>
</pin_list>
<bind>
<StgValue><ssdm name="p_ZZN4nnet24compute_output_buffer_2dINS_5arrayI8ap_fixedILi16ELi6EL9ap_q_mode5EL9_59"/></StgValue>
</bind>
</comp>

<comp id="22" class="1000" name="void_compute_output_buffer_2d_array_const_ap_shift_reg_n_chan_stream_weig_5">
<pin_list>
<pin id="23" dir="1" index="0" bw="1" slack="0"/>
</pin_list>
<bind>
<StgValue><ssdm name="void_compute_output_buffer_2d_array_const_ap_shift_reg_n_chan_stream_weig_5"/></StgValue>
</bind>
</comp>

<comp id="24" class="1000" name="p_ZZN4nnet24compute_output_buffer_2dINS_5arrayI8ap_fixedILi16ELi6EL9ap_q_mode5EL9_58">
<pin_list>
<pin id="25" dir="1" index="0" bw="1" slack="0"/>
</pin_list>
<bind>
<StgValue><ssdm name="p_ZZN4nnet24compute_output_buffer_2dINS_5arrayI8ap_fixedILi16ELi6EL9ap_q_mode5EL9_58"/></StgValue>
</bind>
</comp>

<comp id="26" class="1000" name="void_compute_output_buffer_2d_array_const_ap_shift_reg_n_chan_stream_weig_4">
<pin_list>
<pin id="27" dir="1" index="0" bw="1" slack="0"/>
</pin_list>
<bind>
<StgValue><ssdm name="void_compute_output_buffer_2d_array_const_ap_shift_reg_n_chan_stream_weig_4"/></StgValue>
</bind>
</comp>

<comp id="28" class="1000" name="p_ZZN4nnet24compute_output_buffer_2dINS_5arrayI8ap_fixedILi16ELi6EL9ap_q_mode5EL9_57">
<pin_list>
<pin id="29" dir="1" index="0" bw="1" slack="0"/>
</pin_list>
<bind>
<StgValue><ssdm name="p_ZZN4nnet24compute_output_buffer_2dINS_5arrayI8ap_fixedILi16ELi6EL9ap_q_mode5EL9_57"/></StgValue>
</bind>
</comp>

<comp id="30" class="1000" name="void_compute_output_buffer_2d_array_const_ap_shift_reg_n_chan_stream_weig_3">
<pin_list>
<pin id="31" dir="1" index="0" bw="1" slack="0"/>
</pin_list>
<bind>
<StgValue><ssdm name="void_compute_output_buffer_2d_array_const_ap_shift_reg_n_chan_stream_weig_3"/></StgValue>
</bind>
</comp>

<comp id="32" class="1000" name="p_ZZN4nnet24compute_output_buffer_2dINS_5arrayI8ap_fixedILi16ELi6EL9ap_q_mode5EL9_56">
<pin_list>
<pin id="33" dir="1" index="0" bw="1" slack="0"/>
</pin_list>
<bind>
<StgValue><ssdm name="p_ZZN4nnet24compute_output_buffer_2dINS_5arrayI8ap_fixedILi16ELi6EL9ap_q_mode5EL9_56"/></StgValue>
</bind>
</comp>

<comp id="34" class="1000" name="void_compute_output_buffer_2d_array_const_ap_shift_reg_n_chan_stream_weig_2">
<pin_list>
<pin id="35" dir="1" index="0" bw="1" slack="0"/>
</pin_list>
<bind>
<StgValue><ssdm name="void_compute_output_buffer_2d_array_const_ap_shift_reg_n_chan_stream_weig_2"/></StgValue>
</bind>
</comp>

<comp id="36" class="1000" name="p_ZZN4nnet24compute_output_buffer_2dINS_5arrayI8ap_fixedILi16ELi6EL9ap_q_mode5EL9_39">
<pin_list>
<pin id="37" dir="1" index="0" bw="1" slack="0"/>
</pin_list>
<bind>
<StgValue><ssdm name="p_ZZN4nnet24compute_output_buffer_2dINS_5arrayI8ap_fixedILi16ELi6EL9ap_q_mode5EL9_39"/></StgValue>
</bind>
</comp>

<comp id="38" class="1000" name="p_ZZN4nnet24compute_output_buffer_2dINS_5arrayI8ap_fixedILi16ELi6EL9ap_q_mode5EL9_47">
<pin_list>
<pin id="39" dir="1" index="0" bw="1" slack="0"/>
</pin_list>
<bind>
<StgValue><ssdm name="p_ZZN4nnet24compute_output_buffer_2dINS_5arrayI8ap_fixedILi16ELi6EL9ap_q_mode5EL9_47"/></StgValue>
</bind>
</comp>

<comp id="40" class="1000" name="p_ZZN4nnet24compute_output_buffer_2dINS_5arrayI8ap_fixedILi16ELi6EL9ap_q_mode5EL9_38">
<pin_list>
<pin id="41" dir="1" index="0" bw="1" slack="0"/>
</pin_list>
<bind>
<StgValue><ssdm name="p_ZZN4nnet24compute_output_buffer_2dINS_5arrayI8ap_fixedILi16ELi6EL9ap_q_mode5EL9_38"/></StgValue>
</bind>
</comp>

<comp id="42" class="1000" name="p_ZZN4nnet24compute_output_buffer_2dINS_5arrayI8ap_fixedILi16ELi6EL9ap_q_mode5EL9_46">
<pin_list>
<pin id="43" dir="1" index="0" bw="1" slack="0"/>
</pin_list>
<bind>
<StgValue><ssdm name="p_ZZN4nnet24compute_output_buffer_2dINS_5arrayI8ap_fixedILi16ELi6EL9ap_q_mode5EL9_46"/></StgValue>
</bind>
</comp>

<comp id="44" class="1000" name="p_ZZN4nnet24compute_output_buffer_2dINS_5arrayI8ap_fixedILi16ELi6EL9ap_q_mode5EL9_37">
<pin_list>
<pin id="45" dir="1" index="0" bw="1" slack="0"/>
</pin_list>
<bind>
<StgValue><ssdm name="p_ZZN4nnet24compute_output_buffer_2dINS_5arrayI8ap_fixedILi16ELi6EL9ap_q_mode5EL9_37"/></StgValue>
</bind>
</comp>

<comp id="46" class="1000" name="p_ZZN4nnet24compute_output_buffer_2dINS_5arrayI8ap_fixedILi16ELi6EL9ap_q_mode5EL9_45">
<pin_list>
<pin id="47" dir="1" index="0" bw="1" slack="0"/>
</pin_list>
<bind>
<StgValue><ssdm name="p_ZZN4nnet24compute_output_buffer_2dINS_5arrayI8ap_fixedILi16ELi6EL9ap_q_mode5EL9_45"/></StgValue>
</bind>
</comp>

<comp id="48" class="1000" name="p_ZZN4nnet24compute_output_buffer_2dINS_5arrayI8ap_fixedILi16ELi6EL9ap_q_mode5EL9_36">
<pin_list>
<pin id="49" dir="1" index="0" bw="1" slack="0"/>
</pin_list>
<bind>
<StgValue><ssdm name="p_ZZN4nnet24compute_output_buffer_2dINS_5arrayI8ap_fixedILi16ELi6EL9ap_q_mode5EL9_36"/></StgValue>
</bind>
</comp>

<comp id="50" class="1000" name="p_ZZN4nnet24compute_output_buffer_2dINS_5arrayI8ap_fixedILi16ELi6EL9ap_q_mode5EL9_44">
<pin_list>
<pin id="51" dir="1" index="0" bw="1" slack="0"/>
</pin_list>
<bind>
<StgValue><ssdm name="p_ZZN4nnet24compute_output_buffer_2dINS_5arrayI8ap_fixedILi16ELi6EL9ap_q_mode5EL9_44"/></StgValue>
</bind>
</comp>

<comp id="52" class="1000" name="p_ZZN4nnet24compute_output_buffer_2dINS_5arrayI8ap_fixedILi16ELi6EL9ap_q_mode5EL9_35">
<pin_list>
<pin id="53" dir="1" index="0" bw="1" slack="0"/>
</pin_list>
<bind>
<StgValue><ssdm name="p_ZZN4nnet24compute_output_buffer_2dINS_5arrayI8ap_fixedILi16ELi6EL9ap_q_mode5EL9_35"/></StgValue>
</bind>
</comp>

<comp id="54" class="1000" name="p_ZZN4nnet24compute_output_buffer_2dINS_5arrayI8ap_fixedILi16ELi6EL9ap_q_mode5EL9_43">
<pin_list>
<pin id="55" dir="1" index="0" bw="1" slack="0"/>
</pin_list>
<bind>
<StgValue><ssdm name="p_ZZN4nnet24compute_output_buffer_2dINS_5arrayI8ap_fixedILi16ELi6EL9ap_q_mode5EL9_43"/></StgValue>
</bind>
</comp>

<comp id="56" class="1000" name="p_ZZN4nnet24compute_output_buffer_2dINS_5arrayI8ap_fixedILi16ELi6EL9ap_q_mode5EL9_34">
<pin_list>
<pin id="57" dir="1" index="0" bw="1" slack="0"/>
</pin_list>
<bind>
<StgValue><ssdm name="p_ZZN4nnet24compute_output_buffer_2dINS_5arrayI8ap_fixedILi16ELi6EL9ap_q_mode5EL9_34"/></StgValue>
</bind>
</comp>

<comp id="58" class="1000" name="p_ZZN4nnet24compute_output_buffer_2dINS_5arrayI8ap_fixedILi16ELi6EL9ap_q_mode5EL9_42">
<pin_list>
<pin id="59" dir="1" index="0" bw="1" slack="0"/>
</pin_list>
<bind>
<StgValue><ssdm name="p_ZZN4nnet24compute_output_buffer_2dINS_5arrayI8ap_fixedILi16ELi6EL9ap_q_mode5EL9_42"/></StgValue>
</bind>
</comp>

<comp id="60" class="1000" name="p_ZZN4nnet24compute_output_buffer_2dINS_5arrayI8ap_fixedILi16ELi6EL9ap_q_mode5EL9_33">
<pin_list>
<pin id="61" dir="1" index="0" bw="1" slack="0"/>
</pin_list>
<bind>
<StgValue><ssdm name="p_ZZN4nnet24compute_output_buffer_2dINS_5arrayI8ap_fixedILi16ELi6EL9ap_q_mode5EL9_33"/></StgValue>
</bind>
</comp>

<comp id="62" class="1000" name="p_ZZN4nnet24compute_output_buffer_2dINS_5arrayI8ap_fixedILi16ELi6EL9ap_q_mode5EL9_41">
<pin_list>
<pin id="63" dir="1" index="0" bw="1" slack="0"/>
</pin_list>
<bind>
<StgValue><ssdm name="p_ZZN4nnet24compute_output_buffer_2dINS_5arrayI8ap_fixedILi16ELi6EL9ap_q_mode5EL9_41"/></StgValue>
</bind>
</comp>

<comp id="64" class="1000" name="p_ZZN4nnet24compute_output_buffer_2dINS_5arrayI8ap_fixedILi16ELi6EL9ap_q_mode5EL9_32">
<pin_list>
<pin id="65" dir="1" index="0" bw="1" slack="0"/>
</pin_list>
<bind>
<StgValue><ssdm name="p_ZZN4nnet24compute_output_buffer_2dINS_5arrayI8ap_fixedILi16ELi6EL9ap_q_mode5EL9_32"/></StgValue>
</bind>
</comp>

<comp id="66" class="1000" name="p_ZZN4nnet24compute_output_buffer_2dINS_5arrayI8ap_fixedILi16ELi6EL9ap_q_mode5EL9_40">
<pin_list>
<pin id="67" dir="1" index="0" bw="1" slack="0"/>
</pin_list>
<bind>
<StgValue><ssdm name="p_ZZN4nnet24compute_output_buffer_2dINS_5arrayI8ap_fixedILi16ELi6EL9ap_q_mode5EL9_40"/></StgValue>
</bind>
</comp>

<comp id="68" class="1000" name="p_ZZN4nnet24compute_output_buffer_2dINS_5arrayI8ap_fixedILi16ELi6EL9ap_q_mode5EL9_15">
<pin_list>
<pin id="69" dir="1" index="0" bw="1" slack="0"/>
</pin_list>
<bind>
<StgValue><ssdm name="p_ZZN4nnet24compute_output_buffer_2dINS_5arrayI8ap_fixedILi16ELi6EL9ap_q_mode5EL9_15"/></StgValue>
</bind>
</comp>

<comp id="70" class="1000" name="p_ZZN4nnet24compute_output_buffer_2dINS_5arrayI8ap_fixedILi16ELi6EL9ap_q_mode5EL9_23">
<pin_list>
<pin id="71" dir="1" index="0" bw="1" slack="0"/>
</pin_list>
<bind>
<StgValue><ssdm name="p_ZZN4nnet24compute_output_buffer_2dINS_5arrayI8ap_fixedILi16ELi6EL9ap_q_mode5EL9_23"/></StgValue>
</bind>
</comp>

<comp id="72" class="1000" name="p_ZZN4nnet24compute_output_buffer_2dINS_5arrayI8ap_fixedILi16ELi6EL9ap_q_mode5EL9_14">
<pin_list>
<pin id="73" dir="1" index="0" bw="1" slack="0"/>
</pin_list>
<bind>
<StgValue><ssdm name="p_ZZN4nnet24compute_output_buffer_2dINS_5arrayI8ap_fixedILi16ELi6EL9ap_q_mode5EL9_14"/></StgValue>
</bind>
</comp>

<comp id="74" class="1000" name="p_ZZN4nnet24compute_output_buffer_2dINS_5arrayI8ap_fixedILi16ELi6EL9ap_q_mode5EL9_22">
<pin_list>
<pin id="75" dir="1" index="0" bw="1" slack="0"/>
</pin_list>
<bind>
<StgValue><ssdm name="p_ZZN4nnet24compute_output_buffer_2dINS_5arrayI8ap_fixedILi16ELi6EL9ap_q_mode5EL9_22"/></StgValue>
</bind>
</comp>

<comp id="76" class="1000" name="p_ZZN4nnet24compute_output_buffer_2dINS_5arrayI8ap_fixedILi16ELi6EL9ap_q_mode5EL9_13">
<pin_list>
<pin id="77" dir="1" index="0" bw="1" slack="0"/>
</pin_list>
<bind>
<StgValue><ssdm name="p_ZZN4nnet24compute_output_buffer_2dINS_5arrayI8ap_fixedILi16ELi6EL9ap_q_mode5EL9_13"/></StgValue>
</bind>
</comp>

<comp id="78" class="1000" name="p_ZZN4nnet24compute_output_buffer_2dINS_5arrayI8ap_fixedILi16ELi6EL9ap_q_mode5EL9_21">
<pin_list>
<pin id="79" dir="1" index="0" bw="1" slack="0"/>
</pin_list>
<bind>
<StgValue><ssdm name="p_ZZN4nnet24compute_output_buffer_2dINS_5arrayI8ap_fixedILi16ELi6EL9ap_q_mode5EL9_21"/></StgValue>
</bind>
</comp>

<comp id="80" class="1000" name="p_ZZN4nnet24compute_output_buffer_2dINS_5arrayI8ap_fixedILi16ELi6EL9ap_q_mode5EL9_12">
<pin_list>
<pin id="81" dir="1" index="0" bw="1" slack="0"/>
</pin_list>
<bind>
<StgValue><ssdm name="p_ZZN4nnet24compute_output_buffer_2dINS_5arrayI8ap_fixedILi16ELi6EL9ap_q_mode5EL9_12"/></StgValue>
</bind>
</comp>

<comp id="82" class="1000" name="p_ZZN4nnet24compute_output_buffer_2dINS_5arrayI8ap_fixedILi16ELi6EL9ap_q_mode5EL9_20">
<pin_list>
<pin id="83" dir="1" index="0" bw="1" slack="0"/>
</pin_list>
<bind>
<StgValue><ssdm name="p_ZZN4nnet24compute_output_buffer_2dINS_5arrayI8ap_fixedILi16ELi6EL9ap_q_mode5EL9_20"/></StgValue>
</bind>
</comp>

<comp id="84" class="1000" name="p_ZZN4nnet24compute_output_buffer_2dINS_5arrayI8ap_fixedILi16ELi6EL9ap_q_mode5EL9_11">
<pin_list>
<pin id="85" dir="1" index="0" bw="1" slack="0"/>
</pin_list>
<bind>
<StgValue><ssdm name="p_ZZN4nnet24compute_output_buffer_2dINS_5arrayI8ap_fixedILi16ELi6EL9ap_q_mode5EL9_11"/></StgValue>
</bind>
</comp>

<comp id="86" class="1000" name="p_ZZN4nnet24compute_output_buffer_2dINS_5arrayI8ap_fixedILi16ELi6EL9ap_q_mode5EL9_19">
<pin_list>
<pin id="87" dir="1" index="0" bw="1" slack="0"/>
</pin_list>
<bind>
<StgValue><ssdm name="p_ZZN4nnet24compute_output_buffer_2dINS_5arrayI8ap_fixedILi16ELi6EL9ap_q_mode5EL9_19"/></StgValue>
</bind>
</comp>

<comp id="88" class="1000" name="p_ZZN4nnet24compute_output_buffer_2dINS_5arrayI8ap_fixedILi16ELi6EL9ap_q_mode5EL9_10">
<pin_list>
<pin id="89" dir="1" index="0" bw="1" slack="0"/>
</pin_list>
<bind>
<StgValue><ssdm name="p_ZZN4nnet24compute_output_buffer_2dINS_5arrayI8ap_fixedILi16ELi6EL9ap_q_mode5EL9_10"/></StgValue>
</bind>
</comp>

<comp id="90" class="1000" name="p_ZZN4nnet24compute_output_buffer_2dINS_5arrayI8ap_fixedILi16ELi6EL9ap_q_mode5EL9_18">
<pin_list>
<pin id="91" dir="1" index="0" bw="1" slack="0"/>
</pin_list>
<bind>
<StgValue><ssdm name="p_ZZN4nnet24compute_output_buffer_2dINS_5arrayI8ap_fixedILi16ELi6EL9ap_q_mode5EL9_18"/></StgValue>
</bind>
</comp>

<comp id="92" class="1000" name="p_ZZN4nnet24compute_output_buffer_2dINS_5arrayI8ap_fixedILi16ELi6EL9ap_q_mode5EL9_9">
<pin_list>
<pin id="93" dir="1" index="0" bw="1" slack="0"/>
</pin_list>
<bind>
<StgValue><ssdm name="p_ZZN4nnet24compute_output_buffer_2dINS_5arrayI8ap_fixedILi16ELi6EL9ap_q_mode5EL9_9"/></StgValue>
</bind>
</comp>

<comp id="94" class="1000" name="p_ZZN4nnet24compute_output_buffer_2dINS_5arrayI8ap_fixedILi16ELi6EL9ap_q_mode5EL9_17">
<pin_list>
<pin id="95" dir="1" index="0" bw="1" slack="0"/>
</pin_list>
<bind>
<StgValue><ssdm name="p_ZZN4nnet24compute_output_buffer_2dINS_5arrayI8ap_fixedILi16ELi6EL9ap_q_mode5EL9_17"/></StgValue>
</bind>
</comp>

<comp id="96" class="1000" name="p_ZZN4nnet24compute_output_buffer_2dINS_5arrayI8ap_fixedILi16ELi6EL9ap_q_mode5EL9_8">
<pin_list>
<pin id="97" dir="1" index="0" bw="1" slack="0"/>
</pin_list>
<bind>
<StgValue><ssdm name="p_ZZN4nnet24compute_output_buffer_2dINS_5arrayI8ap_fixedILi16ELi6EL9ap_q_mode5EL9_8"/></StgValue>
</bind>
</comp>

<comp id="98" class="1000" name="p_ZZN4nnet24compute_output_buffer_2dINS_5arrayI8ap_fixedILi16ELi6EL9ap_q_mode5EL9_16">
<pin_list>
<pin id="99" dir="1" index="0" bw="1" slack="0"/>
</pin_list>
<bind>
<StgValue><ssdm name="p_ZZN4nnet24compute_output_buffer_2dINS_5arrayI8ap_fixedILi16ELi6EL9ap_q_mode5EL9_16"/></StgValue>
</bind>
</comp>

<comp id="100" class="1000" name="p_ZZN4nnet24compute_output_buffer_2dINS_5arrayI8ap_fixedILi16ELi6EL9ap_q_mode5EL9_55">
<pin_list>
<pin id="101" dir="1" index="0" bw="1" slack="0"/>
</pin_list>
<bind>
<StgValue><ssdm name="p_ZZN4nnet24compute_output_buffer_2dINS_5arrayI8ap_fixedILi16ELi6EL9ap_q_mode5EL9_55"/></StgValue>
</bind>
</comp>

<comp id="102" class="1000" name="p_ZZN4nnet24compute_output_buffer_2dINS_5arrayI8ap_fixedILi16ELi6EL9ap_q_mode5EL9_54">
<pin_list>
<pin id="103" dir="1" index="0" bw="1" slack="0"/>
</pin_list>
<bind>
<StgValue><ssdm name="p_ZZN4nnet24compute_output_buffer_2dINS_5arrayI8ap_fixedILi16ELi6EL9ap_q_mode5EL9_54"/></StgValue>
</bind>
</comp>

<comp id="104" class="1000" name="p_ZZN4nnet24compute_output_buffer_2dINS_5arrayI8ap_fixedILi16ELi6EL9ap_q_mode5EL9_53">
<pin_list>
<pin id="105" dir="1" index="0" bw="1" slack="0"/>
</pin_list>
<bind>
<StgValue><ssdm name="p_ZZN4nnet24compute_output_buffer_2dINS_5arrayI8ap_fixedILi16ELi6EL9ap_q_mode5EL9_53"/></StgValue>
</bind>
</comp>

<comp id="106" class="1000" name="p_ZZN4nnet24compute_output_buffer_2dINS_5arrayI8ap_fixedILi16ELi6EL9ap_q_mode5EL9_52">
<pin_list>
<pin id="107" dir="1" index="0" bw="1" slack="0"/>
</pin_list>
<bind>
<StgValue><ssdm name="p_ZZN4nnet24compute_output_buffer_2dINS_5arrayI8ap_fixedILi16ELi6EL9ap_q_mode5EL9_52"/></StgValue>
</bind>
</comp>

<comp id="108" class="1000" name="p_ZZN4nnet24compute_output_buffer_2dINS_5arrayI8ap_fixedILi16ELi6EL9ap_q_mode5EL9_51">
<pin_list>
<pin id="109" dir="1" index="0" bw="1" slack="0"/>
</pin_list>
<bind>
<StgValue><ssdm name="p_ZZN4nnet24compute_output_buffer_2dINS_5arrayI8ap_fixedILi16ELi6EL9ap_q_mode5EL9_51"/></StgValue>
</bind>
</comp>

<comp id="110" class="1000" name="p_ZZN4nnet24compute_output_buffer_2dINS_5arrayI8ap_fixedILi16ELi6EL9ap_q_mode5EL9_50">
<pin_list>
<pin id="111" dir="1" index="0" bw="1" slack="0"/>
</pin_list>
<bind>
<StgValue><ssdm name="p_ZZN4nnet24compute_output_buffer_2dINS_5arrayI8ap_fixedILi16ELi6EL9ap_q_mode5EL9_50"/></StgValue>
</bind>
</comp>

<comp id="112" class="1000" name="p_ZZN4nnet24compute_output_buffer_2dINS_5arrayI8ap_fixedILi16ELi6EL9ap_q_mode5EL9_49">
<pin_list>
<pin id="113" dir="1" index="0" bw="1" slack="0"/>
</pin_list>
<bind>
<StgValue><ssdm name="p_ZZN4nnet24compute_output_buffer_2dINS_5arrayI8ap_fixedILi16ELi6EL9ap_q_mode5EL9_49"/></StgValue>
</bind>
</comp>

<comp id="114" class="1000" name="p_ZZN4nnet24compute_output_buffer_2dINS_5arrayI8ap_fixedILi16ELi6EL9ap_q_mode5EL9_48">
<pin_list>
<pin id="115" dir="1" index="0" bw="1" slack="0"/>
</pin_list>
<bind>
<StgValue><ssdm name="p_ZZN4nnet24compute_output_buffer_2dINS_5arrayI8ap_fixedILi16ELi6EL9ap_q_mode5EL9_48"/></StgValue>
</bind>
</comp>

<comp id="116" class="1000" name="p_ZZN4nnet24compute_output_buffer_2dINS_5arrayI8ap_fixedILi16ELi6EL9ap_q_mode5EL9_31">
<pin_list>
<pin id="117" dir="1" index="0" bw="1" slack="0"/>
</pin_list>
<bind>
<StgValue><ssdm name="p_ZZN4nnet24compute_output_buffer_2dINS_5arrayI8ap_fixedILi16ELi6EL9ap_q_mode5EL9_31"/></StgValue>
</bind>
</comp>

<comp id="118" class="1000" name="p_ZZN4nnet24compute_output_buffer_2dINS_5arrayI8ap_fixedILi16ELi6EL9ap_q_mode5EL9_30">
<pin_list>
<pin id="119" dir="1" index="0" bw="1" slack="0"/>
</pin_list>
<bind>
<StgValue><ssdm name="p_ZZN4nnet24compute_output_buffer_2dINS_5arrayI8ap_fixedILi16ELi6EL9ap_q_mode5EL9_30"/></StgValue>
</bind>
</comp>

<comp id="120" class="1000" name="p_ZZN4nnet24compute_output_buffer_2dINS_5arrayI8ap_fixedILi16ELi6EL9ap_q_mode5EL9_29">
<pin_list>
<pin id="121" dir="1" index="0" bw="1" slack="0"/>
</pin_list>
<bind>
<StgValue><ssdm name="p_ZZN4nnet24compute_output_buffer_2dINS_5arrayI8ap_fixedILi16ELi6EL9ap_q_mode5EL9_29"/></StgValue>
</bind>
</comp>

<comp id="122" class="1000" name="p_ZZN4nnet24compute_output_buffer_2dINS_5arrayI8ap_fixedILi16ELi6EL9ap_q_mode5EL9_28">
<pin_list>
<pin id="123" dir="1" index="0" bw="1" slack="0"/>
</pin_list>
<bind>
<StgValue><ssdm name="p_ZZN4nnet24compute_output_buffer_2dINS_5arrayI8ap_fixedILi16ELi6EL9ap_q_mode5EL9_28"/></StgValue>
</bind>
</comp>

<comp id="124" class="1000" name="p_ZZN4nnet24compute_output_buffer_2dINS_5arrayI8ap_fixedILi16ELi6EL9ap_q_mode5EL9_27">
<pin_list>
<pin id="125" dir="1" index="0" bw="1" slack="0"/>
</pin_list>
<bind>
<StgValue><ssdm name="p_ZZN4nnet24compute_output_buffer_2dINS_5arrayI8ap_fixedILi16ELi6EL9ap_q_mode5EL9_27"/></StgValue>
</bind>
</comp>

<comp id="126" class="1000" name="p_ZZN4nnet24compute_output_buffer_2dINS_5arrayI8ap_fixedILi16ELi6EL9ap_q_mode5EL9_26">
<pin_list>
<pin id="127" dir="1" index="0" bw="1" slack="0"/>
</pin_list>
<bind>
<StgValue><ssdm name="p_ZZN4nnet24compute_output_buffer_2dINS_5arrayI8ap_fixedILi16ELi6EL9ap_q_mode5EL9_26"/></StgValue>
</bind>
</comp>

<comp id="128" class="1000" name="p_ZZN4nnet24compute_output_buffer_2dINS_5arrayI8ap_fixedILi16ELi6EL9ap_q_mode5EL9_25">
<pin_list>
<pin id="129" dir="1" index="0" bw="1" slack="0"/>
</pin_list>
<bind>
<StgValue><ssdm name="p_ZZN4nnet24compute_output_buffer_2dINS_5arrayI8ap_fixedILi16ELi6EL9ap_q_mode5EL9_25"/></StgValue>
</bind>
</comp>

<comp id="130" class="1000" name="p_ZZN4nnet24compute_output_buffer_2dINS_5arrayI8ap_fixedILi16ELi6EL9ap_q_mode5EL9_24">
<pin_list>
<pin id="131" dir="1" index="0" bw="1" slack="0"/>
</pin_list>
<bind>
<StgValue><ssdm name="p_ZZN4nnet24compute_output_buffer_2dINS_5arrayI8ap_fixedILi16ELi6EL9ap_q_mode5EL9_24"/></StgValue>
</bind>
</comp>

<comp id="132" class="1000" name="p_ZZN4nnet24compute_output_buffer_2dINS_5arrayI8ap_fixedILi16ELi6EL9ap_q_mode5EL9_7">
<pin_list>
<pin id="133" dir="1" index="0" bw="1" slack="0"/>
</pin_list>
<bind>
<StgValue><ssdm name="p_ZZN4nnet24compute_output_buffer_2dINS_5arrayI8ap_fixedILi16ELi6EL9ap_q_mode5EL9_7"/></StgValue>
</bind>
</comp>

<comp id="134" class="1000" name="p_ZZN4nnet24compute_output_buffer_2dINS_5arrayI8ap_fixedILi16ELi6EL9ap_q_mode5EL9_6">
<pin_list>
<pin id="135" dir="1" index="0" bw="1" slack="0"/>
</pin_list>
<bind>
<StgValue><ssdm name="p_ZZN4nnet24compute_output_buffer_2dINS_5arrayI8ap_fixedILi16ELi6EL9ap_q_mode5EL9_6"/></StgValue>
</bind>
</comp>

<comp id="136" class="1000" name="p_ZZN4nnet24compute_output_buffer_2dINS_5arrayI8ap_fixedILi16ELi6EL9ap_q_mode5EL9_5">
<pin_list>
<pin id="137" dir="1" index="0" bw="1" slack="0"/>
</pin_list>
<bind>
<StgValue><ssdm name="p_ZZN4nnet24compute_output_buffer_2dINS_5arrayI8ap_fixedILi16ELi6EL9ap_q_mode5EL9_5"/></StgValue>
</bind>
</comp>

<comp id="138" class="1000" name="p_ZZN4nnet24compute_output_buffer_2dINS_5arrayI8ap_fixedILi16ELi6EL9ap_q_mode5EL9_4">
<pin_list>
<pin id="139" dir="1" index="0" bw="1" slack="0"/>
</pin_list>
<bind>
<StgValue><ssdm name="p_ZZN4nnet24compute_output_buffer_2dINS_5arrayI8ap_fixedILi16ELi6EL9ap_q_mode5EL9_4"/></StgValue>
</bind>
</comp>

<comp id="140" class="1000" name="p_ZZN4nnet24compute_output_buffer_2dINS_5arrayI8ap_fixedILi16ELi6EL9ap_q_mode5EL9_3">
<pin_list>
<pin id="141" dir="1" index="0" bw="1" slack="0"/>
</pin_list>
<bind>
<StgValue><ssdm name="p_ZZN4nnet24compute_output_buffer_2dINS_5arrayI8ap_fixedILi16ELi6EL9ap_q_mode5EL9_3"/></StgValue>
</bind>
</comp>

<comp id="142" class="1000" name="p_ZZN4nnet24compute_output_buffer_2dINS_5arrayI8ap_fixedILi16ELi6EL9ap_q_mode5EL9_2">
<pin_list>
<pin id="143" dir="1" index="0" bw="1" slack="0"/>
</pin_list>
<bind>
<StgValue><ssdm name="p_ZZN4nnet24compute_output_buffer_2dINS_5arrayI8ap_fixedILi16ELi6EL9ap_q_mode5EL9_2"/></StgValue>
</bind>
</comp>

<comp id="144" class="1000" name="p_ZZN4nnet24compute_output_buffer_2dINS_5arrayI8ap_fixedILi16ELi6EL9ap_q_mode5EL9_1">
<pin_list>
<pin id="145" dir="1" index="0" bw="1" slack="0"/>
</pin_list>
<bind>
<StgValue><ssdm name="p_ZZN4nnet24compute_output_buffer_2dINS_5arrayI8ap_fixedILi16ELi6EL9ap_q_mode5EL9_1"/></StgValue>
</bind>
</comp>

<comp id="146" class="1000" name="p_ZZN4nnet24compute_output_buffer_2dINS_5arrayI8ap_fixedILi16ELi6EL9ap_q_mode5EL9">
<pin_list>
<pin id="147" dir="1" index="0" bw="1" slack="0"/>
</pin_list>
<bind>
<StgValue><ssdm name="p_ZZN4nnet24compute_output_buffer_2dINS_5arrayI8ap_fixedILi16ELi6EL9ap_q_mode5EL9"/></StgValue>
</bind>
</comp>

<comp id="148" class="1000" name="p_ZZN4nnet26conv_2d_buffer_resource_clINS_5arrayI8ap_fixedILi16ELi6EL9ap_q_mode5E_15">
<pin_list>
<pin id="149" dir="1" index="0" bw="1" slack="0"/>
</pin_list>
<bind>
<StgValue><ssdm name="p_ZZN4nnet26conv_2d_buffer_resource_clINS_5arrayI8ap_fixedILi16ELi6EL9ap_q_mode5E_15"/><MemPortTyVec>2 </MemPortTyVec>
</StgValue>
</bind>
</comp>

<comp id="150" class="1000" name="p_ZZN4nnet26conv_2d_buffer_resource_clINS_5arrayI8ap_fixedILi16ELi6EL9ap_q_mode5E_7">
<pin_list>
<pin id="151" dir="1" index="0" bw="1" slack="0"/>
</pin_list>
<bind>
<StgValue><ssdm name="p_ZZN4nnet26conv_2d_buffer_resource_clINS_5arrayI8ap_fixedILi16ELi6EL9ap_q_mode5E_7"/><MemPortTyVec>2 </MemPortTyVec>
</StgValue>
</bind>
</comp>

<comp id="152" class="1000" name="p_ZZN4nnet26conv_2d_buffer_resource_clINS_5arrayI8ap_fixedILi16ELi6EL9ap_q_mode5E_14">
<pin_list>
<pin id="153" dir="1" index="0" bw="1" slack="0"/>
</pin_list>
<bind>
<StgValue><ssdm name="p_ZZN4nnet26conv_2d_buffer_resource_clINS_5arrayI8ap_fixedILi16ELi6EL9ap_q_mode5E_14"/><MemPortTyVec>2 </MemPortTyVec>
</StgValue>
</bind>
</comp>

<comp id="154" class="1000" name="p_ZZN4nnet26conv_2d_buffer_resource_clINS_5arrayI8ap_fixedILi16ELi6EL9ap_q_mode5E_6">
<pin_list>
<pin id="155" dir="1" index="0" bw="1" slack="0"/>
</pin_list>
<bind>
<StgValue><ssdm name="p_ZZN4nnet26conv_2d_buffer_resource_clINS_5arrayI8ap_fixedILi16ELi6EL9ap_q_mode5E_6"/><MemPortTyVec>2 </MemPortTyVec>
</StgValue>
</bind>
</comp>

<comp id="156" class="1000" name="p_ZZN4nnet26conv_2d_buffer_resource_clINS_5arrayI8ap_fixedILi16ELi6EL9ap_q_mode5E_13">
<pin_list>
<pin id="157" dir="1" index="0" bw="1" slack="0"/>
</pin_list>
<bind>
<StgValue><ssdm name="p_ZZN4nnet26conv_2d_buffer_resource_clINS_5arrayI8ap_fixedILi16ELi6EL9ap_q_mode5E_13"/><MemPortTyVec>2 </MemPortTyVec>
</StgValue>
</bind>
</comp>

<comp id="158" class="1000" name="p_ZZN4nnet26conv_2d_buffer_resource_clINS_5arrayI8ap_fixedILi16ELi6EL9ap_q_mode5E_5">
<pin_list>
<pin id="159" dir="1" index="0" bw="1" slack="0"/>
</pin_list>
<bind>
<StgValue><ssdm name="p_ZZN4nnet26conv_2d_buffer_resource_clINS_5arrayI8ap_fixedILi16ELi6EL9ap_q_mode5E_5"/><MemPortTyVec>2 </MemPortTyVec>
</StgValue>
</bind>
</comp>

<comp id="160" class="1000" name="p_ZZN4nnet26conv_2d_buffer_resource_clINS_5arrayI8ap_fixedILi16ELi6EL9ap_q_mode5E_12">
<pin_list>
<pin id="161" dir="1" index="0" bw="1" slack="0"/>
</pin_list>
<bind>
<StgValue><ssdm name="p_ZZN4nnet26conv_2d_buffer_resource_clINS_5arrayI8ap_fixedILi16ELi6EL9ap_q_mode5E_12"/><MemPortTyVec>2 </MemPortTyVec>
</StgValue>
</bind>
</comp>

<comp id="162" class="1000" name="p_ZZN4nnet26conv_2d_buffer_resource_clINS_5arrayI8ap_fixedILi16ELi6EL9ap_q_mode5E_4">
<pin_list>
<pin id="163" dir="1" index="0" bw="1" slack="0"/>
</pin_list>
<bind>
<StgValue><ssdm name="p_ZZN4nnet26conv_2d_buffer_resource_clINS_5arrayI8ap_fixedILi16ELi6EL9ap_q_mode5E_4"/><MemPortTyVec>2 </MemPortTyVec>
</StgValue>
</bind>
</comp>

<comp id="164" class="1000" name="p_ZZN4nnet26conv_2d_buffer_resource_clINS_5arrayI8ap_fixedILi16ELi6EL9ap_q_mode5E_11">
<pin_list>
<pin id="165" dir="1" index="0" bw="1" slack="0"/>
</pin_list>
<bind>
<StgValue><ssdm name="p_ZZN4nnet26conv_2d_buffer_resource_clINS_5arrayI8ap_fixedILi16ELi6EL9ap_q_mode5E_11"/><MemPortTyVec>2 </MemPortTyVec>
</StgValue>
</bind>
</comp>

<comp id="166" class="1000" name="p_ZZN4nnet26conv_2d_buffer_resource_clINS_5arrayI8ap_fixedILi16ELi6EL9ap_q_mode5E_3">
<pin_list>
<pin id="167" dir="1" index="0" bw="1" slack="0"/>
</pin_list>
<bind>
<StgValue><ssdm name="p_ZZN4nnet26conv_2d_buffer_resource_clINS_5arrayI8ap_fixedILi16ELi6EL9ap_q_mode5E_3"/><MemPortTyVec>2 </MemPortTyVec>
</StgValue>
</bind>
</comp>

<comp id="168" class="1000" name="p_ZZN4nnet26conv_2d_buffer_resource_clINS_5arrayI8ap_fixedILi16ELi6EL9ap_q_mode5E_10">
<pin_list>
<pin id="169" dir="1" index="0" bw="1" slack="0"/>
</pin_list>
<bind>
<StgValue><ssdm name="p_ZZN4nnet26conv_2d_buffer_resource_clINS_5arrayI8ap_fixedILi16ELi6EL9ap_q_mode5E_10"/><MemPortTyVec>2 </MemPortTyVec>
</StgValue>
</bind>
</comp>

<comp id="170" class="1000" name="p_ZZN4nnet26conv_2d_buffer_resource_clINS_5arrayI8ap_fixedILi16ELi6EL9ap_q_mode5E_2">
<pin_list>
<pin id="171" dir="1" index="0" bw="1" slack="0"/>
</pin_list>
<bind>
<StgValue><ssdm name="p_ZZN4nnet26conv_2d_buffer_resource_clINS_5arrayI8ap_fixedILi16ELi6EL9ap_q_mode5E_2"/><MemPortTyVec>2 </MemPortTyVec>
</StgValue>
</bind>
</comp>

<comp id="172" class="1000" name="p_ZZN4nnet26conv_2d_buffer_resource_clINS_5arrayI8ap_fixedILi16ELi6EL9ap_q_mode5E_9">
<pin_list>
<pin id="173" dir="1" index="0" bw="1" slack="0"/>
</pin_list>
<bind>
<StgValue><ssdm name="p_ZZN4nnet26conv_2d_buffer_resource_clINS_5arrayI8ap_fixedILi16ELi6EL9ap_q_mode5E_9"/><MemPortTyVec>2 </MemPortTyVec>
</StgValue>
</bind>
</comp>

<comp id="174" class="1000" name="p_ZZN4nnet26conv_2d_buffer_resource_clINS_5arrayI8ap_fixedILi16ELi6EL9ap_q_mode5E_1">
<pin_list>
<pin id="175" dir="1" index="0" bw="1" slack="0"/>
</pin_list>
<bind>
<StgValue><ssdm name="p_ZZN4nnet26conv_2d_buffer_resource_clINS_5arrayI8ap_fixedILi16ELi6EL9ap_q_mode5E_1"/><MemPortTyVec>2 </MemPortTyVec>
</StgValue>
</bind>
</comp>

<comp id="176" class="1000" name="p_ZZN4nnet26conv_2d_buffer_resource_clINS_5arrayI8ap_fixedILi16ELi6EL9ap_q_mode5E_8">
<pin_list>
<pin id="177" dir="1" index="0" bw="1" slack="0"/>
</pin_list>
<bind>
<StgValue><ssdm name="p_ZZN4nnet26conv_2d_buffer_resource_clINS_5arrayI8ap_fixedILi16ELi6EL9ap_q_mode5E_8"/><MemPortTyVec>2 </MemPortTyVec>
</StgValue>
</bind>
</comp>

<comp id="178" class="1000" name="p_ZZN4nnet26conv_2d_buffer_resource_clINS_5arrayI8ap_fixedILi16ELi6EL9ap_q_mode5E">
<pin_list>
<pin id="179" dir="1" index="0" bw="1" slack="0"/>
</pin_list>
<bind>
<StgValue><ssdm name="p_ZZN4nnet26conv_2d_buffer_resource_clINS_5arrayI8ap_fixedILi16ELi6EL9ap_q_mode5E"/><MemPortTyVec>2 </MemPortTyVec>
</StgValue>
</bind>
</comp>

<comp id="180" class="1000" name="sX_2">
<pin_list>
<pin id="181" dir="1" index="0" bw="1" slack="0"/>
</pin_list>
<bind>
<StgValue><ssdm name="sX_2"/></StgValue>
</bind>
</comp>

<comp id="182" class="1000" name="sY_2">
<pin_list>
<pin id="183" dir="1" index="0" bw="1" slack="0"/>
</pin_list>
<bind>
<StgValue><ssdm name="sY_2"/></StgValue>
</bind>
</comp>

<comp id="184" class="1000" name="pY_2">
<pin_list>
<pin id="185" dir="1" index="0" bw="1" slack="0"/>
</pin_list>
<bind>
<StgValue><ssdm name="pY_2"/></StgValue>
</bind>
</comp>

<comp id="186" class="1000" name="pX_2">
<pin_list>
<pin id="187" dir="1" index="0" bw="1" slack="0"/>
</pin_list>
<bind>
<StgValue><ssdm name="pX_2"/></StgValue>
</bind>
</comp>

<comp id="188" class="1000" name="outidx">
<pin_list>
<pin id="189" dir="1" index="0" bw="1" slack="0"/>
</pin_list>
<bind>
<StgValue><ssdm name="outidx"/><MemPortTyVec>1 </MemPortTyVec>
</StgValue>
</bind>
</comp>

<comp id="190" class="1000" name="w28">
<pin_list>
<pin id="191" dir="1" index="0" bw="1" slack="0"/>
</pin_list>
<bind>
<StgValue><ssdm name="w28"/><MemPortTyVec>1 </MemPortTyVec>
</StgValue>
</bind>
</comp>

<comp id="192" class="1001" name="const_192">
<pin_list>
<pin id="193" dir="1" index="0" bw="1" slack="0"/>
</pin_list>
<bind>
<StgValue><ssdm name=""/></StgValue>
</bind>
</comp>

<comp id="194" class="1001" name="const_194">
<pin_list>
<pin id="195" dir="1" index="0" bw="1" slack="2147483647"/>
</pin_list>
<bind>
<StgValue><ssdm name="_ssdm_op_SpecInterface"/></StgValue>
</bind>
</comp>

<comp id="196" class="1001" name="const_196">
<pin_list>
<pin id="197" dir="1" index="0" bw="1" slack="2147483647"/>
</pin_list>
<bind>
<StgValue><ssdm name="empty_5"/></StgValue>
</bind>
</comp>

<comp id="198" class="1001" name="const_198">
<pin_list>
<pin id="199" dir="1" index="0" bw="1" slack="2147483647"/>
</pin_list>
<bind>
<StgValue><ssdm name=""/></StgValue>
</bind>
</comp>

<comp id="200" class="1001" name="const_200">
<pin_list>
<pin id="201" dir="1" index="0" bw="1" slack="2147483647"/>
</pin_list>
<bind>
<StgValue><ssdm name="empty_9"/></StgValue>
</bind>
</comp>

<comp id="202" class="1001" name="const_202">
<pin_list>
<pin id="203" dir="1" index="0" bw="1" slack="2147483647"/>
</pin_list>
<bind>
<StgValue><ssdm name=""/></StgValue>
</bind>
</comp>

<comp id="204" class="1001" name="const_204">
<pin_list>
<pin id="205" dir="1" index="0" bw="1" slack="0"/>
</pin_list>
<bind>
<StgValue><ssdm name=""/></StgValue>
</bind>
</comp>

<comp id="206" class="1001" name="const_206">
<pin_list>
<pin id="207" dir="1" index="0" bw="1" slack="0"/>
</pin_list>
<bind>
<StgValue><ssdm name=""/></StgValue>
</bind>
</comp>

<comp id="208" class="1001" name="const_208">
<pin_list>
<pin id="209" dir="1" index="0" bw="1" slack="0"/>
</pin_list>
<bind>
<StgValue><ssdm name=""/></StgValue>
</bind>
</comp>

<comp id="210" class="1001" name="const_210">
<pin_list>
<pin id="211" dir="1" index="0" bw="1" slack="0"/>
</pin_list>
<bind>
<StgValue><ssdm name="_ssdm_op_Read.ap_fifo.volatile.i128P0A"/></StgValue>
</bind>
</comp>

<comp id="212" class="1001" name="const_212">
<pin_list>
<pin id="213" dir="1" index="0" bw="1" slack="0"/>
</pin_list>
<bind>
<StgValue><ssdm name="_ssdm_op_PartSelect.i16.i128.i32.i32"/></StgValue>
</bind>
</comp>

<comp id="214" class="1001" name="const_214">
<pin_list>
<pin id="215" dir="1" index="0" bw="1" slack="0"/>
</pin_list>
<bind>
<StgValue><ssdm name=""/></StgValue>
</bind>
</comp>

<comp id="216" class="1001" name="const_216">
<pin_list>
<pin id="217" dir="1" index="0" bw="1" slack="0"/>
</pin_list>
<bind>
<StgValue><ssdm name=""/></StgValue>
</bind>
</comp>

<comp id="218" class="1001" name="const_218">
<pin_list>
<pin id="219" dir="1" index="0" bw="1" slack="0"/>
</pin_list>
<bind>
<StgValue><ssdm name=""/></StgValue>
</bind>
</comp>

<comp id="220" class="1001" name="const_220">
<pin_list>
<pin id="221" dir="1" index="0" bw="1" slack="0"/>
</pin_list>
<bind>
<StgValue><ssdm name=""/></StgValue>
</bind>
</comp>

<comp id="222" class="1001" name="const_222">
<pin_list>
<pin id="223" dir="1" index="0" bw="1" slack="0"/>
</pin_list>
<bind>
<StgValue><ssdm name=""/></StgValue>
</bind>
</comp>

<comp id="224" class="1001" name="const_224">
<pin_list>
<pin id="225" dir="1" index="0" bw="1" slack="0"/>
</pin_list>
<bind>
<StgValue><ssdm name=""/></StgValue>
</bind>
</comp>

<comp id="226" class="1001" name="const_226">
<pin_list>
<pin id="227" dir="1" index="0" bw="1" slack="0"/>
</pin_list>
<bind>
<StgValue><ssdm name=""/></StgValue>
</bind>
</comp>

<comp id="228" class="1001" name="const_228">
<pin_list>
<pin id="229" dir="1" index="0" bw="1" slack="0"/>
</pin_list>
<bind>
<StgValue><ssdm name=""/></StgValue>
</bind>
</comp>

<comp id="230" class="1001" name="const_230">
<pin_list>
<pin id="231" dir="1" index="0" bw="1" slack="0"/>
</pin_list>
<bind>
<StgValue><ssdm name=""/></StgValue>
</bind>
</comp>

<comp id="232" class="1001" name="const_232">
<pin_list>
<pin id="233" dir="1" index="0" bw="1" slack="0"/>
</pin_list>
<bind>
<StgValue><ssdm name=""/></StgValue>
</bind>
</comp>

<comp id="234" class="1001" name="const_234">
<pin_list>
<pin id="235" dir="1" index="0" bw="1" slack="0"/>
</pin_list>
<bind>
<StgValue><ssdm name=""/></StgValue>
</bind>
</comp>

<comp id="236" class="1001" name="const_236">
<pin_list>
<pin id="237" dir="1" index="0" bw="1" slack="0"/>
</pin_list>
<bind>
<StgValue><ssdm name=""/></StgValue>
</bind>
</comp>

<comp id="238" class="1001" name="const_238">
<pin_list>
<pin id="239" dir="1" index="0" bw="1" slack="0"/>
</pin_list>
<bind>
<StgValue><ssdm name=""/></StgValue>
</bind>
</comp>

<comp id="240" class="1001" name="const_240">
<pin_list>
<pin id="241" dir="1" index="0" bw="1" slack="0"/>
</pin_list>
<bind>
<StgValue><ssdm name=""/></StgValue>
</bind>
</comp>

<comp id="242" class="1001" name="const_242">
<pin_list>
<pin id="243" dir="1" index="0" bw="1" slack="0"/>
</pin_list>
<bind>
<StgValue><ssdm name="compute_output_buffer_2d<array,array<ap_fixed<16,6,5,3,0>,16u>,config28>"/></StgValue>
</bind>
</comp>

<comp id="244" class="1001" name="const_244">
<pin_list>
<pin id="245" dir="1" index="0" bw="1" slack="2147483647"/>
</pin_list>
<bind>
<StgValue><ssdm name="_ssdm_op_SpecLoopName"/></StgValue>
</bind>
</comp>

<comp id="246" class="1001" name="const_246">
<pin_list>
<pin id="247" dir="1" index="0" bw="1" slack="2147483647"/>
</pin_list>
<bind>
<StgValue><ssdm name="ReadInputHeight_ReadInputWidth_str"/></StgValue>
</bind>
</comp>

<comp id="248" class="1001" name="const_248">
<pin_list>
<pin id="249" dir="1" index="0" bw="1" slack="2147483647"/>
</pin_list>
<bind>
<StgValue><ssdm name="_ssdm_op_SpecLoopTripCount"/></StgValue>
</bind>
</comp>

<comp id="250" class="1001" name="const_250">
<pin_list>
<pin id="251" dir="1" index="0" bw="1" slack="2147483647"/>
</pin_list>
<bind>
<StgValue><ssdm name=""/></StgValue>
</bind>
</comp>

<comp id="252" class="1004" name="indvar_flatten_fu_252">
<pin_list>
<pin id="253" dir="0" index="0" bw="1" slack="0"/>
<pin id="254" dir="1" index="1" bw="8" slack="0"/>
</pin_list>
<bind>
<opcode="alloca(26) " fcode="alloca"/>
<opset="indvar_flatten/1 "/>
</bind>
</comp>

<comp id="256" class="1004" name="layer13_out_read_read_fu_256">
<pin_list>
<pin id="257" dir="0" index="0" bw="128" slack="0"/>
<pin id="258" dir="0" index="1" bw="128" slack="0"/>
<pin id="259" dir="1" index="2" bw="128" slack="0"/>
</pin_list>
<bind>
<opcode="read(1150) " fcode="read"/>
<opset="layer13_out_read/3 "/>
</bind>
</comp>

<comp id="262" class="1004" name="grp_compute_output_buffer_2d_array_array_ap_fixed_16_6_5_3_0_16u_config28_s_fu_262">
<pin_list>
<pin id="263" dir="0" index="0" bw="0" slack="0"/>
<pin id="264" dir="0" index="1" bw="16" slack="0"/>
<pin id="265" dir="0" index="2" bw="16" slack="0"/>
<pin id="266" dir="0" index="3" bw="16" slack="0"/>
<pin id="267" dir="0" index="4" bw="16" slack="0"/>
<pin id="268" dir="0" index="5" bw="16" slack="0"/>
<pin id="269" dir="0" index="6" bw="16" slack="0"/>
<pin id="270" dir="0" index="7" bw="16" slack="0"/>
<pin id="271" dir="0" index="8" bw="16" slack="0"/>
<pin id="272" dir="0" index="9" bw="256" slack="0"/>
<pin id="273" dir="0" index="10" bw="16" slack="0"/>
<pin id="274" dir="0" index="11" bw="16" slack="0"/>
<pin id="275" dir="0" index="12" bw="16" slack="0"/>
<pin id="276" dir="0" index="13" bw="16" slack="0"/>
<pin id="277" dir="0" index="14" bw="16" slack="0"/>
<pin id="278" dir="0" index="15" bw="16" slack="0"/>
<pin id="279" dir="0" index="16" bw="16" slack="0"/>
<pin id="280" dir="0" index="17" bw="16" slack="0"/>
<pin id="281" dir="0" index="18" bw="16" slack="0"/>
<pin id="282" dir="0" index="19" bw="16" slack="0"/>
<pin id="283" dir="0" index="20" bw="16" slack="0"/>
<pin id="284" dir="0" index="21" bw="16" slack="0"/>
<pin id="285" dir="0" index="22" bw="16" slack="0"/>
<pin id="286" dir="0" index="23" bw="16" slack="0"/>
<pin id="287" dir="0" index="24" bw="16" slack="0"/>
<pin id="288" dir="0" index="25" bw="16" slack="0"/>
<pin id="289" dir="0" index="26" bw="16" slack="0"/>
<pin id="290" dir="0" index="27" bw="16" slack="0"/>
<pin id="291" dir="0" index="28" bw="16" slack="0"/>
<pin id="292" dir="0" index="29" bw="16" slack="0"/>
<pin id="293" dir="0" index="30" bw="16" slack="0"/>
<pin id="294" dir="0" index="31" bw="16" slack="0"/>
<pin id="295" dir="0" index="32" bw="16" slack="0"/>
<pin id="296" dir="0" index="33" bw="16" slack="0"/>
<pin id="297" dir="0" index="34" bw="16" slack="0"/>
<pin id="298" dir="0" index="35" bw="16" slack="0"/>
<pin id="299" dir="0" index="36" bw="16" slack="0"/>
<pin id="300" dir="0" index="37" bw="16" slack="0"/>
<pin id="301" dir="0" index="38" bw="16" slack="0"/>
<pin id="302" dir="0" index="39" bw="16" slack="0"/>
<pin id="303" dir="0" index="40" bw="16" slack="0"/>
<pin id="304" dir="0" index="41" bw="16" slack="0"/>
<pin id="305" dir="0" index="42" bw="16" slack="0"/>
<pin id="306" dir="0" index="43" bw="16" slack="0"/>
<pin id="307" dir="0" index="44" bw="16" slack="0"/>
<pin id="308" dir="0" index="45" bw="16" slack="0"/>
<pin id="309" dir="0" index="46" bw="16" slack="0"/>
<pin id="310" dir="0" index="47" bw="16" slack="0"/>
<pin id="311" dir="0" index="48" bw="16" slack="0"/>
<pin id="312" dir="0" index="49" bw="16" slack="0"/>
<pin id="313" dir="0" index="50" bw="16" slack="0"/>
<pin id="314" dir="0" index="51" bw="16" slack="0"/>
<pin id="315" dir="0" index="52" bw="16" slack="0"/>
<pin id="316" dir="0" index="53" bw="16" slack="0"/>
<pin id="317" dir="0" index="54" bw="16" slack="0"/>
<pin id="318" dir="0" index="55" bw="16" slack="0"/>
<pin id="319" dir="0" index="56" bw="16" slack="0"/>
<pin id="320" dir="0" index="57" bw="16" slack="0"/>
<pin id="321" dir="0" index="58" bw="16" slack="0"/>
<pin id="322" dir="0" index="59" bw="16" slack="0"/>
<pin id="323" dir="0" index="60" bw="16" slack="0"/>
<pin id="324" dir="0" index="61" bw="16" slack="0"/>
<pin id="325" dir="0" index="62" bw="16" slack="0"/>
<pin id="326" dir="0" index="63" bw="16" slack="0"/>
<pin id="327" dir="0" index="64" bw="16" slack="0"/>
<pin id="328" dir="0" index="65" bw="16" slack="0"/>
<pin id="329" dir="0" index="66" bw="16" slack="0"/>
<pin id="330" dir="0" index="67" bw="16" slack="0"/>
<pin id="331" dir="0" index="68" bw="16" slack="0"/>
<pin id="332" dir="0" index="69" bw="16" slack="0"/>
<pin id="333" dir="0" index="70" bw="16" slack="0"/>
<pin id="334" dir="0" index="71" bw="16" slack="0"/>
<pin id="335" dir="0" index="72" bw="16" slack="0"/>
<pin id="336" dir="0" index="73" bw="16" slack="0"/>
<pin id="337" dir="0" index="74" bw="16" slack="0"/>
<pin id="338" dir="0" index="75" bw="16" slack="0"/>
<pin id="339" dir="0" index="76" bw="16" slack="0"/>
<pin id="340" dir="0" index="77" bw="16" slack="0"/>
<pin id="341" dir="0" index="78" bw="16" slack="0"/>
<pin id="342" dir="0" index="79" bw="16" slack="0"/>
<pin id="343" dir="0" index="80" bw="16" slack="0"/>
<pin id="344" dir="0" index="81" bw="16" slack="0"/>
<pin id="345" dir="0" index="82" bw="16" slack="0"/>
<pin id="346" dir="0" index="83" bw="16" slack="0"/>
<pin id="347" dir="0" index="84" bw="16" slack="0"/>
<pin id="348" dir="0" index="85" bw="16" slack="0"/>
<pin id="349" dir="0" index="86" bw="16" slack="0"/>
<pin id="350" dir="0" index="87" bw="16" slack="0"/>
<pin id="351" dir="0" index="88" bw="16" slack="0"/>
<pin id="352" dir="0" index="89" bw="16" slack="0"/>
<pin id="353" dir="0" index="90" bw="16" slack="0"/>
<pin id="354" dir="0" index="91" bw="16" slack="0"/>
<pin id="355" dir="0" index="92" bw="16" slack="0"/>
<pin id="356" dir="0" index="93" bw="16" slack="0"/>
<pin id="357" dir="0" index="94" bw="16" slack="0"/>
<pin id="358" dir="0" index="95" bw="16" slack="0"/>
<pin id="359" dir="0" index="96" bw="16" slack="0"/>
<pin id="360" dir="0" index="97" bw="16" slack="0"/>
<pin id="361" dir="0" index="98" bw="32" slack="0"/>
<pin id="362" dir="0" index="99" bw="32" slack="0"/>
<pin id="363" dir="0" index="100" bw="32" slack="0"/>
<pin id="364" dir="0" index="101" bw="32" slack="0"/>
<pin id="365" dir="0" index="102" bw="1" slack="0"/>
<pin id="366" dir="0" index="103" bw="123" slack="0"/>
<pin id="367" dir="1" index="104" bw="0" slack="2147483647"/>
</pin_list>
<bind>
<opcode="call(48) " fcode="call"/>
<opset="call_ln58/3 "/>
</bind>
</comp>

<comp id="464" class="1004" name="store_ln0_store_fu_464">
<pin_list>
<pin id="465" dir="0" index="0" bw="1" slack="0"/>
<pin id="466" dir="0" index="1" bw="8" slack="0"/>
<pin id="467" dir="1" index="2" bw="0" slack="2147483647"/>
</pin_list>
<bind>
<opcode="store(28) " fcode="store"/>
<opset="store_ln0/1 "/>
</bind>
</comp>

<comp id="469" class="1004" name="indvar_flatten_load_load_fu_469">
<pin_list>
<pin id="470" dir="0" index="0" bw="8" slack="1"/>
<pin id="471" dir="1" index="1" bw="8" slack="0"/>
</pin_list>
<bind>
<opcode="load(27) " fcode="load"/>
<opset="indvar_flatten_load/2 "/>
</bind>
</comp>

<comp id="472" class="1004" name="icmp_ln52_fu_472">
<pin_list>
<pin id="473" dir="0" index="0" bw="8" slack="0"/>
<pin id="474" dir="0" index="1" bw="8" slack="0"/>
<pin id="475" dir="1" index="2" bw="1" slack="2147483647"/>
</pin_list>
<bind>
<opcode="icmp(45) " fcode="icmp"/>
<opset="icmp_ln52/2 "/>
</bind>
</comp>

<comp id="478" class="1004" name="add_ln52_fu_478">
<pin_list>
<pin id="479" dir="0" index="0" bw="8" slack="0"/>
<pin id="480" dir="0" index="1" bw="1" slack="0"/>
<pin id="481" dir="1" index="2" bw="8" slack="1"/>
</pin_list>
<bind>
<opcode="add(8) " fcode="add"/>
<opset="add_ln52/2 "/>
</bind>
</comp>

<comp id="484" class="1004" name="trunc_ln58_fu_484">
<pin_list>
<pin id="485" dir="0" index="0" bw="128" slack="0"/>
<pin id="486" dir="1" index="1" bw="16" slack="0"/>
</pin_list>
<bind>
<opcode="trunc(33) " fcode="trunc"/>
<opset="trunc_ln58/3 "/>
</bind>
</comp>

<comp id="489" class="1004" name="trunc_ln58_s_fu_489">
<pin_list>
<pin id="490" dir="0" index="0" bw="16" slack="0"/>
<pin id="491" dir="0" index="1" bw="128" slack="0"/>
<pin id="492" dir="0" index="2" bw="6" slack="0"/>
<pin id="493" dir="0" index="3" bw="6" slack="0"/>
<pin id="494" dir="1" index="4" bw="16" slack="0"/>
</pin_list>
<bind>
<opcode="partselect(1002) " fcode="partselect"/>
<opset="trunc_ln58_s/3 "/>
</bind>
</comp>

<comp id="500" class="1004" name="trunc_ln58_46_fu_500">
<pin_list>
<pin id="501" dir="0" index="0" bw="16" slack="0"/>
<pin id="502" dir="0" index="1" bw="128" slack="0"/>
<pin id="503" dir="0" index="2" bw="7" slack="0"/>
<pin id="504" dir="0" index="3" bw="7" slack="0"/>
<pin id="505" dir="1" index="4" bw="16" slack="0"/>
</pin_list>
<bind>
<opcode="partselect(1002) " fcode="partselect"/>
<opset="trunc_ln58_46/3 "/>
</bind>
</comp>

<comp id="511" class="1004" name="trunc_ln58_47_fu_511">
<pin_list>
<pin id="512" dir="0" index="0" bw="16" slack="0"/>
<pin id="513" dir="0" index="1" bw="128" slack="0"/>
<pin id="514" dir="0" index="2" bw="7" slack="0"/>
<pin id="515" dir="0" index="3" bw="7" slack="0"/>
<pin id="516" dir="1" index="4" bw="16" slack="0"/>
</pin_list>
<bind>
<opcode="partselect(1002) " fcode="partselect"/>
<opset="trunc_ln58_47/3 "/>
</bind>
</comp>

<comp id="522" class="1004" name="trunc_ln58_48_fu_522">
<pin_list>
<pin id="523" dir="0" index="0" bw="16" slack="0"/>
<pin id="524" dir="0" index="1" bw="128" slack="0"/>
<pin id="525" dir="0" index="2" bw="8" slack="0"/>
<pin id="526" dir="0" index="3" bw="8" slack="0"/>
<pin id="527" dir="1" index="4" bw="16" slack="0"/>
</pin_list>
<bind>
<opcode="partselect(1002) " fcode="partselect"/>
<opset="trunc_ln58_48/3 "/>
</bind>
</comp>

<comp id="533" class="1004" name="trunc_ln58_49_fu_533">
<pin_list>
<pin id="534" dir="0" index="0" bw="16" slack="0"/>
<pin id="535" dir="0" index="1" bw="128" slack="0"/>
<pin id="536" dir="0" index="2" bw="8" slack="0"/>
<pin id="537" dir="0" index="3" bw="8" slack="0"/>
<pin id="538" dir="1" index="4" bw="16" slack="0"/>
</pin_list>
<bind>
<opcode="partselect(1002) " fcode="partselect"/>
<opset="trunc_ln58_49/3 "/>
</bind>
</comp>

<comp id="544" class="1004" name="trunc_ln58_50_fu_544">
<pin_list>
<pin id="545" dir="0" index="0" bw="16" slack="0"/>
<pin id="546" dir="0" index="1" bw="128" slack="0"/>
<pin id="547" dir="0" index="2" bw="8" slack="0"/>
<pin id="548" dir="0" index="3" bw="8" slack="0"/>
<pin id="549" dir="1" index="4" bw="16" slack="0"/>
</pin_list>
<bind>
<opcode="partselect(1002) " fcode="partselect"/>
<opset="trunc_ln58_50/3 "/>
</bind>
</comp>

<comp id="555" class="1004" name="trunc_ln58_51_fu_555">
<pin_list>
<pin id="556" dir="0" index="0" bw="16" slack="0"/>
<pin id="557" dir="0" index="1" bw="128" slack="0"/>
<pin id="558" dir="0" index="2" bw="8" slack="0"/>
<pin id="559" dir="0" index="3" bw="8" slack="0"/>
<pin id="560" dir="1" index="4" bw="16" slack="0"/>
</pin_list>
<bind>
<opcode="partselect(1002) " fcode="partselect"/>
<opset="trunc_ln58_51/3 "/>
</bind>
</comp>

<comp id="566" class="1004" name="store_ln52_store_fu_566">
<pin_list>
<pin id="567" dir="0" index="0" bw="8" slack="1"/>
<pin id="568" dir="0" index="1" bw="8" slack="2"/>
<pin id="569" dir="1" index="2" bw="0" slack="2147483647"/>
</pin_list>
<bind>
<opcode="store(28) " fcode="store"/>
<opset="store_ln52/3 "/>
</bind>
</comp>

<comp id="570" class="1005" name="indvar_flatten_reg_570">
<pin_list>
<pin id="571" dir="0" index="0" bw="8" slack="0"/>
<pin id="572" dir="1" index="1" bw="8" slack="0"/>
</pin_list>
<bind>
<opset="indvar_flatten "/>
</bind>
</comp>

<comp id="580" class="1005" name="add_ln52_reg_580">
<pin_list>
<pin id="581" dir="0" index="0" bw="8" slack="1"/>
<pin id="582" dir="1" index="1" bw="8" slack="1"/>
</pin_list>
<bind>
<opset="add_ln52 "/>
</bind>
</comp>

<comp id="585" class="1005" name="trunc_ln58_reg_585">
<pin_list>
<pin id="586" dir="0" index="0" bw="16" slack="1"/>
<pin id="587" dir="1" index="1" bw="16" slack="1"/>
</pin_list>
<bind>
<opset="trunc_ln58 "/>
</bind>
</comp>

<comp id="590" class="1005" name="trunc_ln58_s_reg_590">
<pin_list>
<pin id="591" dir="0" index="0" bw="16" slack="1"/>
<pin id="592" dir="1" index="1" bw="16" slack="1"/>
</pin_list>
<bind>
<opset="trunc_ln58_s "/>
</bind>
</comp>

<comp id="595" class="1005" name="trunc_ln58_46_reg_595">
<pin_list>
<pin id="596" dir="0" index="0" bw="16" slack="1"/>
<pin id="597" dir="1" index="1" bw="16" slack="1"/>
</pin_list>
<bind>
<opset="trunc_ln58_46 "/>
</bind>
</comp>

<comp id="600" class="1005" name="trunc_ln58_47_reg_600">
<pin_list>
<pin id="601" dir="0" index="0" bw="16" slack="1"/>
<pin id="602" dir="1" index="1" bw="16" slack="1"/>
</pin_list>
<bind>
<opset="trunc_ln58_47 "/>
</bind>
</comp>

<comp id="605" class="1005" name="trunc_ln58_48_reg_605">
<pin_list>
<pin id="606" dir="0" index="0" bw="16" slack="1"/>
<pin id="607" dir="1" index="1" bw="16" slack="1"/>
</pin_list>
<bind>
<opset="trunc_ln58_48 "/>
</bind>
</comp>

<comp id="610" class="1005" name="trunc_ln58_49_reg_610">
<pin_list>
<pin id="611" dir="0" index="0" bw="16" slack="1"/>
<pin id="612" dir="1" index="1" bw="16" slack="1"/>
</pin_list>
<bind>
<opset="trunc_ln58_49 "/>
</bind>
</comp>

<comp id="615" class="1005" name="trunc_ln58_50_reg_615">
<pin_list>
<pin id="616" dir="0" index="0" bw="16" slack="1"/>
<pin id="617" dir="1" index="1" bw="16" slack="1"/>
</pin_list>
<bind>
<opset="trunc_ln58_50 "/>
</bind>
</comp>

<comp id="620" class="1005" name="trunc_ln58_51_reg_620">
<pin_list>
<pin id="621" dir="0" index="0" bw="16" slack="1"/>
<pin id="622" dir="1" index="1" bw="16" slack="1"/>
</pin_list>
<bind>
<opset="trunc_ln58_51 "/>
</bind>
</comp>

</comp_list>

<net_list>
<net id="255"><net_src comp="192" pin="0"/><net_sink comp="252" pin=0"/></net>

<net id="260"><net_src comp="210" pin="0"/><net_sink comp="256" pin=0"/></net>

<net id="261"><net_src comp="0" pin="0"/><net_sink comp="256" pin=1"/></net>

<net id="368"><net_src comp="242" pin="0"/><net_sink comp="262" pin=0"/></net>

<net id="369"><net_src comp="2" pin="0"/><net_sink comp="262" pin=9"/></net>

<net id="370"><net_src comp="4" pin="0"/><net_sink comp="262" pin=10"/></net>

<net id="371"><net_src comp="6" pin="0"/><net_sink comp="262" pin=11"/></net>

<net id="372"><net_src comp="8" pin="0"/><net_sink comp="262" pin=12"/></net>

<net id="373"><net_src comp="10" pin="0"/><net_sink comp="262" pin=13"/></net>

<net id="374"><net_src comp="12" pin="0"/><net_sink comp="262" pin=14"/></net>

<net id="375"><net_src comp="14" pin="0"/><net_sink comp="262" pin=15"/></net>

<net id="376"><net_src comp="16" pin="0"/><net_sink comp="262" pin=16"/></net>

<net id="377"><net_src comp="18" pin="0"/><net_sink comp="262" pin=17"/></net>

<net id="378"><net_src comp="20" pin="0"/><net_sink comp="262" pin=18"/></net>

<net id="379"><net_src comp="22" pin="0"/><net_sink comp="262" pin=19"/></net>

<net id="380"><net_src comp="24" pin="0"/><net_sink comp="262" pin=20"/></net>

<net id="381"><net_src comp="26" pin="0"/><net_sink comp="262" pin=21"/></net>

<net id="382"><net_src comp="28" pin="0"/><net_sink comp="262" pin=22"/></net>

<net id="383"><net_src comp="30" pin="0"/><net_sink comp="262" pin=23"/></net>

<net id="384"><net_src comp="32" pin="0"/><net_sink comp="262" pin=24"/></net>

<net id="385"><net_src comp="34" pin="0"/><net_sink comp="262" pin=25"/></net>

<net id="386"><net_src comp="36" pin="0"/><net_sink comp="262" pin=26"/></net>

<net id="387"><net_src comp="38" pin="0"/><net_sink comp="262" pin=27"/></net>

<net id="388"><net_src comp="40" pin="0"/><net_sink comp="262" pin=28"/></net>

<net id="389"><net_src comp="42" pin="0"/><net_sink comp="262" pin=29"/></net>

<net id="390"><net_src comp="44" pin="0"/><net_sink comp="262" pin=30"/></net>

<net id="391"><net_src comp="46" pin="0"/><net_sink comp="262" pin=31"/></net>

<net id="392"><net_src comp="48" pin="0"/><net_sink comp="262" pin=32"/></net>

<net id="393"><net_src comp="50" pin="0"/><net_sink comp="262" pin=33"/></net>

<net id="394"><net_src comp="52" pin="0"/><net_sink comp="262" pin=34"/></net>

<net id="395"><net_src comp="54" pin="0"/><net_sink comp="262" pin=35"/></net>

<net id="396"><net_src comp="56" pin="0"/><net_sink comp="262" pin=36"/></net>

<net id="397"><net_src comp="58" pin="0"/><net_sink comp="262" pin=37"/></net>

<net id="398"><net_src comp="60" pin="0"/><net_sink comp="262" pin=38"/></net>

<net id="399"><net_src comp="62" pin="0"/><net_sink comp="262" pin=39"/></net>

<net id="400"><net_src comp="64" pin="0"/><net_sink comp="262" pin=40"/></net>

<net id="401"><net_src comp="66" pin="0"/><net_sink comp="262" pin=41"/></net>

<net id="402"><net_src comp="68" pin="0"/><net_sink comp="262" pin=42"/></net>

<net id="403"><net_src comp="70" pin="0"/><net_sink comp="262" pin=43"/></net>

<net id="404"><net_src comp="72" pin="0"/><net_sink comp="262" pin=44"/></net>

<net id="405"><net_src comp="74" pin="0"/><net_sink comp="262" pin=45"/></net>

<net id="406"><net_src comp="76" pin="0"/><net_sink comp="262" pin=46"/></net>

<net id="407"><net_src comp="78" pin="0"/><net_sink comp="262" pin=47"/></net>

<net id="408"><net_src comp="80" pin="0"/><net_sink comp="262" pin=48"/></net>

<net id="409"><net_src comp="82" pin="0"/><net_sink comp="262" pin=49"/></net>

<net id="410"><net_src comp="84" pin="0"/><net_sink comp="262" pin=50"/></net>

<net id="411"><net_src comp="86" pin="0"/><net_sink comp="262" pin=51"/></net>

<net id="412"><net_src comp="88" pin="0"/><net_sink comp="262" pin=52"/></net>

<net id="413"><net_src comp="90" pin="0"/><net_sink comp="262" pin=53"/></net>

<net id="414"><net_src comp="92" pin="0"/><net_sink comp="262" pin=54"/></net>

<net id="415"><net_src comp="94" pin="0"/><net_sink comp="262" pin=55"/></net>

<net id="416"><net_src comp="96" pin="0"/><net_sink comp="262" pin=56"/></net>

<net id="417"><net_src comp="98" pin="0"/><net_sink comp="262" pin=57"/></net>

<net id="418"><net_src comp="100" pin="0"/><net_sink comp="262" pin=58"/></net>

<net id="419"><net_src comp="102" pin="0"/><net_sink comp="262" pin=59"/></net>

<net id="420"><net_src comp="104" pin="0"/><net_sink comp="262" pin=60"/></net>

<net id="421"><net_src comp="106" pin="0"/><net_sink comp="262" pin=61"/></net>

<net id="422"><net_src comp="108" pin="0"/><net_sink comp="262" pin=62"/></net>

<net id="423"><net_src comp="110" pin="0"/><net_sink comp="262" pin=63"/></net>

<net id="424"><net_src comp="112" pin="0"/><net_sink comp="262" pin=64"/></net>

<net id="425"><net_src comp="114" pin="0"/><net_sink comp="262" pin=65"/></net>

<net id="426"><net_src comp="116" pin="0"/><net_sink comp="262" pin=66"/></net>

<net id="427"><net_src comp="118" pin="0"/><net_sink comp="262" pin=67"/></net>

<net id="428"><net_src comp="120" pin="0"/><net_sink comp="262" pin=68"/></net>

<net id="429"><net_src comp="122" pin="0"/><net_sink comp="262" pin=69"/></net>

<net id="430"><net_src comp="124" pin="0"/><net_sink comp="262" pin=70"/></net>

<net id="431"><net_src comp="126" pin="0"/><net_sink comp="262" pin=71"/></net>

<net id="432"><net_src comp="128" pin="0"/><net_sink comp="262" pin=72"/></net>

<net id="433"><net_src comp="130" pin="0"/><net_sink comp="262" pin=73"/></net>

<net id="434"><net_src comp="132" pin="0"/><net_sink comp="262" pin=74"/></net>

<net id="435"><net_src comp="134" pin="0"/><net_sink comp="262" pin=75"/></net>

<net id="436"><net_src comp="136" pin="0"/><net_sink comp="262" pin=76"/></net>

<net id="437"><net_src comp="138" pin="0"/><net_sink comp="262" pin=77"/></net>

<net id="438"><net_src comp="140" pin="0"/><net_sink comp="262" pin=78"/></net>

<net id="439"><net_src comp="142" pin="0"/><net_sink comp="262" pin=79"/></net>

<net id="440"><net_src comp="144" pin="0"/><net_sink comp="262" pin=80"/></net>

<net id="441"><net_src comp="146" pin="0"/><net_sink comp="262" pin=81"/></net>

<net id="442"><net_src comp="148" pin="0"/><net_sink comp="262" pin=82"/></net>

<net id="443"><net_src comp="150" pin="0"/><net_sink comp="262" pin=83"/></net>

<net id="444"><net_src comp="152" pin="0"/><net_sink comp="262" pin=84"/></net>

<net id="445"><net_src comp="154" pin="0"/><net_sink comp="262" pin=85"/></net>

<net id="446"><net_src comp="156" pin="0"/><net_sink comp="262" pin=86"/></net>

<net id="447"><net_src comp="158" pin="0"/><net_sink comp="262" pin=87"/></net>

<net id="448"><net_src comp="160" pin="0"/><net_sink comp="262" pin=88"/></net>

<net id="449"><net_src comp="162" pin="0"/><net_sink comp="262" pin=89"/></net>

<net id="450"><net_src comp="164" pin="0"/><net_sink comp="262" pin=90"/></net>

<net id="451"><net_src comp="166" pin="0"/><net_sink comp="262" pin=91"/></net>

<net id="452"><net_src comp="168" pin="0"/><net_sink comp="262" pin=92"/></net>

<net id="453"><net_src comp="170" pin="0"/><net_sink comp="262" pin=93"/></net>

<net id="454"><net_src comp="172" pin="0"/><net_sink comp="262" pin=94"/></net>

<net id="455"><net_src comp="174" pin="0"/><net_sink comp="262" pin=95"/></net>

<net id="456"><net_src comp="176" pin="0"/><net_sink comp="262" pin=96"/></net>

<net id="457"><net_src comp="178" pin="0"/><net_sink comp="262" pin=97"/></net>

<net id="458"><net_src comp="180" pin="0"/><net_sink comp="262" pin=98"/></net>

<net id="459"><net_src comp="182" pin="0"/><net_sink comp="262" pin=99"/></net>

<net id="460"><net_src comp="184" pin="0"/><net_sink comp="262" pin=100"/></net>

<net id="461"><net_src comp="186" pin="0"/><net_sink comp="262" pin=101"/></net>

<net id="462"><net_src comp="188" pin="0"/><net_sink comp="262" pin=102"/></net>

<net id="463"><net_src comp="190" pin="0"/><net_sink comp="262" pin=103"/></net>

<net id="468"><net_src comp="204" pin="0"/><net_sink comp="464" pin=0"/></net>

<net id="476"><net_src comp="469" pin="1"/><net_sink comp="472" pin=0"/></net>

<net id="477"><net_src comp="206" pin="0"/><net_sink comp="472" pin=1"/></net>

<net id="482"><net_src comp="469" pin="1"/><net_sink comp="478" pin=0"/></net>

<net id="483"><net_src comp="208" pin="0"/><net_sink comp="478" pin=1"/></net>

<net id="487"><net_src comp="256" pin="2"/><net_sink comp="484" pin=0"/></net>

<net id="488"><net_src comp="484" pin="1"/><net_sink comp="262" pin=1"/></net>

<net id="495"><net_src comp="212" pin="0"/><net_sink comp="489" pin=0"/></net>

<net id="496"><net_src comp="256" pin="2"/><net_sink comp="489" pin=1"/></net>

<net id="497"><net_src comp="214" pin="0"/><net_sink comp="489" pin=2"/></net>

<net id="498"><net_src comp="216" pin="0"/><net_sink comp="489" pin=3"/></net>

<net id="499"><net_src comp="489" pin="4"/><net_sink comp="262" pin=2"/></net>

<net id="506"><net_src comp="212" pin="0"/><net_sink comp="500" pin=0"/></net>

<net id="507"><net_src comp="256" pin="2"/><net_sink comp="500" pin=1"/></net>

<net id="508"><net_src comp="218" pin="0"/><net_sink comp="500" pin=2"/></net>

<net id="509"><net_src comp="220" pin="0"/><net_sink comp="500" pin=3"/></net>

<net id="510"><net_src comp="500" pin="4"/><net_sink comp="262" pin=3"/></net>

<net id="517"><net_src comp="212" pin="0"/><net_sink comp="511" pin=0"/></net>

<net id="518"><net_src comp="256" pin="2"/><net_sink comp="511" pin=1"/></net>

<net id="519"><net_src comp="222" pin="0"/><net_sink comp="511" pin=2"/></net>

<net id="520"><net_src comp="224" pin="0"/><net_sink comp="511" pin=3"/></net>

<net id="521"><net_src comp="511" pin="4"/><net_sink comp="262" pin=4"/></net>

<net id="528"><net_src comp="212" pin="0"/><net_sink comp="522" pin=0"/></net>

<net id="529"><net_src comp="256" pin="2"/><net_sink comp="522" pin=1"/></net>

<net id="530"><net_src comp="226" pin="0"/><net_sink comp="522" pin=2"/></net>

<net id="531"><net_src comp="228" pin="0"/><net_sink comp="522" pin=3"/></net>

<net id="532"><net_src comp="522" pin="4"/><net_sink comp="262" pin=5"/></net>

<net id="539"><net_src comp="212" pin="0"/><net_sink comp="533" pin=0"/></net>

<net id="540"><net_src comp="256" pin="2"/><net_sink comp="533" pin=1"/></net>

<net id="541"><net_src comp="230" pin="0"/><net_sink comp="533" pin=2"/></net>

<net id="542"><net_src comp="232" pin="0"/><net_sink comp="533" pin=3"/></net>

<net id="543"><net_src comp="533" pin="4"/><net_sink comp="262" pin=6"/></net>

<net id="550"><net_src comp="212" pin="0"/><net_sink comp="544" pin=0"/></net>

<net id="551"><net_src comp="256" pin="2"/><net_sink comp="544" pin=1"/></net>

<net id="552"><net_src comp="234" pin="0"/><net_sink comp="544" pin=2"/></net>

<net id="553"><net_src comp="236" pin="0"/><net_sink comp="544" pin=3"/></net>

<net id="554"><net_src comp="544" pin="4"/><net_sink comp="262" pin=7"/></net>

<net id="561"><net_src comp="212" pin="0"/><net_sink comp="555" pin=0"/></net>

<net id="562"><net_src comp="256" pin="2"/><net_sink comp="555" pin=1"/></net>

<net id="563"><net_src comp="238" pin="0"/><net_sink comp="555" pin=2"/></net>

<net id="564"><net_src comp="240" pin="0"/><net_sink comp="555" pin=3"/></net>

<net id="565"><net_src comp="555" pin="4"/><net_sink comp="262" pin=8"/></net>

<net id="573"><net_src comp="252" pin="1"/><net_sink comp="570" pin=0"/></net>

<net id="574"><net_src comp="570" pin="1"/><net_sink comp="464" pin=1"/></net>

<net id="575"><net_src comp="570" pin="1"/><net_sink comp="469" pin=0"/></net>

<net id="576"><net_src comp="570" pin="1"/><net_sink comp="566" pin=1"/></net>

<net id="583"><net_src comp="478" pin="2"/><net_sink comp="580" pin=0"/></net>

<net id="584"><net_src comp="580" pin="1"/><net_sink comp="566" pin=0"/></net>

<net id="588"><net_src comp="484" pin="1"/><net_sink comp="585" pin=0"/></net>

<net id="589"><net_src comp="585" pin="1"/><net_sink comp="262" pin=1"/></net>

<net id="593"><net_src comp="489" pin="4"/><net_sink comp="590" pin=0"/></net>

<net id="594"><net_src comp="590" pin="1"/><net_sink comp="262" pin=2"/></net>

<net id="598"><net_src comp="500" pin="4"/><net_sink comp="595" pin=0"/></net>

<net id="599"><net_src comp="595" pin="1"/><net_sink comp="262" pin=3"/></net>

<net id="603"><net_src comp="511" pin="4"/><net_sink comp="600" pin=0"/></net>

<net id="604"><net_src comp="600" pin="1"/><net_sink comp="262" pin=4"/></net>

<net id="608"><net_src comp="522" pin="4"/><net_sink comp="605" pin=0"/></net>

<net id="609"><net_src comp="605" pin="1"/><net_sink comp="262" pin=5"/></net>

<net id="613"><net_src comp="533" pin="4"/><net_sink comp="610" pin=0"/></net>

<net id="614"><net_src comp="610" pin="1"/><net_sink comp="262" pin=6"/></net>

<net id="618"><net_src comp="544" pin="4"/><net_sink comp="615" pin=0"/></net>

<net id="619"><net_src comp="615" pin="1"/><net_sink comp="262" pin=7"/></net>

<net id="623"><net_src comp="555" pin="4"/><net_sink comp="620" pin=0"/></net>

<net id="624"><net_src comp="620" pin="1"/><net_sink comp="262" pin=8"/></net>

</net_list>

</model> 
---------------- Datapath Model END ------------------

* FSMD analyzer results:
  - Output states:
	Port: layer28_out | {3 4 }
	Port: void_compute_output_buffer_2d_array_const_ap_shift_reg_n_chan_stream_weig_1 | {3 4 }
	Port: void_compute_output_buffer_2d_array_const_ap_shift_reg_n_chan_stream_weig_9 | {3 4 }
	Port: void_compute_output_buffer_2d_array_const_ap_shift_reg_n_chan_stream_weig | {3 4 }
	Port: void_compute_output_buffer_2d_array_const_ap_shift_reg_n_chan_stream_weig_8 | {3 4 }
	Port: p_ZZN4nnet24compute_output_buffer_2dINS_5arrayI8ap_fixedILi16ELi6EL9ap_q_mode5EL9_61 | {3 4 }
	Port: void_compute_output_buffer_2d_array_const_ap_shift_reg_n_chan_stream_weig_7 | {3 4 }
	Port: p_ZZN4nnet24compute_output_buffer_2dINS_5arrayI8ap_fixedILi16ELi6EL9ap_q_mode5EL9_60 | {3 4 }
	Port: void_compute_output_buffer_2d_array_const_ap_shift_reg_n_chan_stream_weig_6 | {3 4 }
	Port: p_ZZN4nnet24compute_output_buffer_2dINS_5arrayI8ap_fixedILi16ELi6EL9ap_q_mode5EL9_59 | {3 4 }
	Port: void_compute_output_buffer_2d_array_const_ap_shift_reg_n_chan_stream_weig_5 | {3 4 }
	Port: p_ZZN4nnet24compute_output_buffer_2dINS_5arrayI8ap_fixedILi16ELi6EL9ap_q_mode5EL9_58 | {3 4 }
	Port: void_compute_output_buffer_2d_array_const_ap_shift_reg_n_chan_stream_weig_4 | {3 4 }
	Port: p_ZZN4nnet24compute_output_buffer_2dINS_5arrayI8ap_fixedILi16ELi6EL9ap_q_mode5EL9_57 | {3 4 }
	Port: void_compute_output_buffer_2d_array_const_ap_shift_reg_n_chan_stream_weig_3 | {3 4 }
	Port: p_ZZN4nnet24compute_output_buffer_2dINS_5arrayI8ap_fixedILi16ELi6EL9ap_q_mode5EL9_56 | {3 4 }
	Port: void_compute_output_buffer_2d_array_const_ap_shift_reg_n_chan_stream_weig_2 | {3 4 }
	Port: p_ZZN4nnet24compute_output_buffer_2dINS_5arrayI8ap_fixedILi16ELi6EL9ap_q_mode5EL9_39 | {3 4 }
	Port: p_ZZN4nnet24compute_output_buffer_2dINS_5arrayI8ap_fixedILi16ELi6EL9ap_q_mode5EL9_47 | {3 4 }
	Port: p_ZZN4nnet24compute_output_buffer_2dINS_5arrayI8ap_fixedILi16ELi6EL9ap_q_mode5EL9_38 | {3 4 }
	Port: p_ZZN4nnet24compute_output_buffer_2dINS_5arrayI8ap_fixedILi16ELi6EL9ap_q_mode5EL9_46 | {3 4 }
	Port: p_ZZN4nnet24compute_output_buffer_2dINS_5arrayI8ap_fixedILi16ELi6EL9ap_q_mode5EL9_37 | {3 4 }
	Port: p_ZZN4nnet24compute_output_buffer_2dINS_5arrayI8ap_fixedILi16ELi6EL9ap_q_mode5EL9_45 | {3 4 }
	Port: p_ZZN4nnet24compute_output_buffer_2dINS_5arrayI8ap_fixedILi16ELi6EL9ap_q_mode5EL9_36 | {3 4 }
	Port: p_ZZN4nnet24compute_output_buffer_2dINS_5arrayI8ap_fixedILi16ELi6EL9ap_q_mode5EL9_44 | {3 4 }
	Port: p_ZZN4nnet24compute_output_buffer_2dINS_5arrayI8ap_fixedILi16ELi6EL9ap_q_mode5EL9_35 | {3 4 }
	Port: p_ZZN4nnet24compute_output_buffer_2dINS_5arrayI8ap_fixedILi16ELi6EL9ap_q_mode5EL9_43 | {3 4 }
	Port: p_ZZN4nnet24compute_output_buffer_2dINS_5arrayI8ap_fixedILi16ELi6EL9ap_q_mode5EL9_34 | {3 4 }
	Port: p_ZZN4nnet24compute_output_buffer_2dINS_5arrayI8ap_fixedILi16ELi6EL9ap_q_mode5EL9_42 | {3 4 }
	Port: p_ZZN4nnet24compute_output_buffer_2dINS_5arrayI8ap_fixedILi16ELi6EL9ap_q_mode5EL9_33 | {3 4 }
	Port: p_ZZN4nnet24compute_output_buffer_2dINS_5arrayI8ap_fixedILi16ELi6EL9ap_q_mode5EL9_41 | {3 4 }
	Port: p_ZZN4nnet24compute_output_buffer_2dINS_5arrayI8ap_fixedILi16ELi6EL9ap_q_mode5EL9_32 | {3 4 }
	Port: p_ZZN4nnet24compute_output_buffer_2dINS_5arrayI8ap_fixedILi16ELi6EL9ap_q_mode5EL9_40 | {3 4 }
	Port: p_ZZN4nnet24compute_output_buffer_2dINS_5arrayI8ap_fixedILi16ELi6EL9ap_q_mode5EL9_15 | {3 4 }
	Port: p_ZZN4nnet24compute_output_buffer_2dINS_5arrayI8ap_fixedILi16ELi6EL9ap_q_mode5EL9_23 | {3 4 }
	Port: p_ZZN4nnet24compute_output_buffer_2dINS_5arrayI8ap_fixedILi16ELi6EL9ap_q_mode5EL9_14 | {3 4 }
	Port: p_ZZN4nnet24compute_output_buffer_2dINS_5arrayI8ap_fixedILi16ELi6EL9ap_q_mode5EL9_22 | {3 4 }
	Port: p_ZZN4nnet24compute_output_buffer_2dINS_5arrayI8ap_fixedILi16ELi6EL9ap_q_mode5EL9_13 | {3 4 }
	Port: p_ZZN4nnet24compute_output_buffer_2dINS_5arrayI8ap_fixedILi16ELi6EL9ap_q_mode5EL9_21 | {3 4 }
	Port: p_ZZN4nnet24compute_output_buffer_2dINS_5arrayI8ap_fixedILi16ELi6EL9ap_q_mode5EL9_12 | {3 4 }
	Port: p_ZZN4nnet24compute_output_buffer_2dINS_5arrayI8ap_fixedILi16ELi6EL9ap_q_mode5EL9_20 | {3 4 }
	Port: p_ZZN4nnet24compute_output_buffer_2dINS_5arrayI8ap_fixedILi16ELi6EL9ap_q_mode5EL9_11 | {3 4 }
	Port: p_ZZN4nnet24compute_output_buffer_2dINS_5arrayI8ap_fixedILi16ELi6EL9ap_q_mode5EL9_19 | {3 4 }
	Port: p_ZZN4nnet24compute_output_buffer_2dINS_5arrayI8ap_fixedILi16ELi6EL9ap_q_mode5EL9_10 | {3 4 }
	Port: p_ZZN4nnet24compute_output_buffer_2dINS_5arrayI8ap_fixedILi16ELi6EL9ap_q_mode5EL9_18 | {3 4 }
	Port: p_ZZN4nnet24compute_output_buffer_2dINS_5arrayI8ap_fixedILi16ELi6EL9ap_q_mode5EL9_9 | {3 4 }
	Port: p_ZZN4nnet24compute_output_buffer_2dINS_5arrayI8ap_fixedILi16ELi6EL9ap_q_mode5EL9_17 | {3 4 }
	Port: p_ZZN4nnet24compute_output_buffer_2dINS_5arrayI8ap_fixedILi16ELi6EL9ap_q_mode5EL9_8 | {3 4 }
	Port: p_ZZN4nnet24compute_output_buffer_2dINS_5arrayI8ap_fixedILi16ELi6EL9ap_q_mode5EL9_16 | {3 4 }
	Port: p_ZZN4nnet24compute_output_buffer_2dINS_5arrayI8ap_fixedILi16ELi6EL9ap_q_mode5EL9_55 | {3 4 }
	Port: p_ZZN4nnet24compute_output_buffer_2dINS_5arrayI8ap_fixedILi16ELi6EL9ap_q_mode5EL9_54 | {3 4 }
	Port: p_ZZN4nnet24compute_output_buffer_2dINS_5arrayI8ap_fixedILi16ELi6EL9ap_q_mode5EL9_53 | {3 4 }
	Port: p_ZZN4nnet24compute_output_buffer_2dINS_5arrayI8ap_fixedILi16ELi6EL9ap_q_mode5EL9_52 | {3 4 }
	Port: p_ZZN4nnet24compute_output_buffer_2dINS_5arrayI8ap_fixedILi16ELi6EL9ap_q_mode5EL9_51 | {3 4 }
	Port: p_ZZN4nnet24compute_output_buffer_2dINS_5arrayI8ap_fixedILi16ELi6EL9ap_q_mode5EL9_50 | {3 4 }
	Port: p_ZZN4nnet24compute_output_buffer_2dINS_5arrayI8ap_fixedILi16ELi6EL9ap_q_mode5EL9_49 | {3 4 }
	Port: p_ZZN4nnet24compute_output_buffer_2dINS_5arrayI8ap_fixedILi16ELi6EL9ap_q_mode5EL9_48 | {3 4 }
	Port: p_ZZN4nnet24compute_output_buffer_2dINS_5arrayI8ap_fixedILi16ELi6EL9ap_q_mode5EL9_31 | {3 4 }
	Port: p_ZZN4nnet24compute_output_buffer_2dINS_5arrayI8ap_fixedILi16ELi6EL9ap_q_mode5EL9_30 | {3 4 }
	Port: p_ZZN4nnet24compute_output_buffer_2dINS_5arrayI8ap_fixedILi16ELi6EL9ap_q_mode5EL9_29 | {3 4 }
	Port: p_ZZN4nnet24compute_output_buffer_2dINS_5arrayI8ap_fixedILi16ELi6EL9ap_q_mode5EL9_28 | {3 4 }
	Port: p_ZZN4nnet24compute_output_buffer_2dINS_5arrayI8ap_fixedILi16ELi6EL9ap_q_mode5EL9_27 | {3 4 }
	Port: p_ZZN4nnet24compute_output_buffer_2dINS_5arrayI8ap_fixedILi16ELi6EL9ap_q_mode5EL9_26 | {3 4 }
	Port: p_ZZN4nnet24compute_output_buffer_2dINS_5arrayI8ap_fixedILi16ELi6EL9ap_q_mode5EL9_25 | {3 4 }
	Port: p_ZZN4nnet24compute_output_buffer_2dINS_5arrayI8ap_fixedILi16ELi6EL9ap_q_mode5EL9_24 | {3 4 }
	Port: p_ZZN4nnet24compute_output_buffer_2dINS_5arrayI8ap_fixedILi16ELi6EL9ap_q_mode5EL9_7 | {3 4 }
	Port: p_ZZN4nnet24compute_output_buffer_2dINS_5arrayI8ap_fixedILi16ELi6EL9ap_q_mode5EL9_6 | {3 4 }
	Port: p_ZZN4nnet24compute_output_buffer_2dINS_5arrayI8ap_fixedILi16ELi6EL9ap_q_mode5EL9_5 | {3 4 }
	Port: p_ZZN4nnet24compute_output_buffer_2dINS_5arrayI8ap_fixedILi16ELi6EL9ap_q_mode5EL9_4 | {3 4 }
	Port: p_ZZN4nnet24compute_output_buffer_2dINS_5arrayI8ap_fixedILi16ELi6EL9ap_q_mode5EL9_3 | {3 4 }
	Port: p_ZZN4nnet24compute_output_buffer_2dINS_5arrayI8ap_fixedILi16ELi6EL9ap_q_mode5EL9_2 | {3 4 }
	Port: p_ZZN4nnet24compute_output_buffer_2dINS_5arrayI8ap_fixedILi16ELi6EL9ap_q_mode5EL9_1 | {3 4 }
	Port: p_ZZN4nnet24compute_output_buffer_2dINS_5arrayI8ap_fixedILi16ELi6EL9ap_q_mode5EL9 | {3 4 }
	Port: p_ZZN4nnet26conv_2d_buffer_resource_clINS_5arrayI8ap_fixedILi16ELi6EL9ap_q_mode5E_15 | {3 4 }
	Port: p_ZZN4nnet26conv_2d_buffer_resource_clINS_5arrayI8ap_fixedILi16ELi6EL9ap_q_mode5E_7 | {3 4 }
	Port: p_ZZN4nnet26conv_2d_buffer_resource_clINS_5arrayI8ap_fixedILi16ELi6EL9ap_q_mode5E_14 | {3 4 }
	Port: p_ZZN4nnet26conv_2d_buffer_resource_clINS_5arrayI8ap_fixedILi16ELi6EL9ap_q_mode5E_6 | {3 4 }
	Port: p_ZZN4nnet26conv_2d_buffer_resource_clINS_5arrayI8ap_fixedILi16ELi6EL9ap_q_mode5E_13 | {3 4 }
	Port: p_ZZN4nnet26conv_2d_buffer_resource_clINS_5arrayI8ap_fixedILi16ELi6EL9ap_q_mode5E_5 | {3 4 }
	Port: p_ZZN4nnet26conv_2d_buffer_resource_clINS_5arrayI8ap_fixedILi16ELi6EL9ap_q_mode5E_12 | {3 4 }
	Port: p_ZZN4nnet26conv_2d_buffer_resource_clINS_5arrayI8ap_fixedILi16ELi6EL9ap_q_mode5E_4 | {3 4 }
	Port: p_ZZN4nnet26conv_2d_buffer_resource_clINS_5arrayI8ap_fixedILi16ELi6EL9ap_q_mode5E_11 | {3 4 }
	Port: p_ZZN4nnet26conv_2d_buffer_resource_clINS_5arrayI8ap_fixedILi16ELi6EL9ap_q_mode5E_3 | {3 4 }
	Port: p_ZZN4nnet26conv_2d_buffer_resource_clINS_5arrayI8ap_fixedILi16ELi6EL9ap_q_mode5E_10 | {3 4 }
	Port: p_ZZN4nnet26conv_2d_buffer_resource_clINS_5arrayI8ap_fixedILi16ELi6EL9ap_q_mode5E_2 | {3 4 }
	Port: p_ZZN4nnet26conv_2d_buffer_resource_clINS_5arrayI8ap_fixedILi16ELi6EL9ap_q_mode5E_9 | {3 4 }
	Port: p_ZZN4nnet26conv_2d_buffer_resource_clINS_5arrayI8ap_fixedILi16ELi6EL9ap_q_mode5E_1 | {3 4 }
	Port: p_ZZN4nnet26conv_2d_buffer_resource_clINS_5arrayI8ap_fixedILi16ELi6EL9ap_q_mode5E_8 | {3 4 }
	Port: p_ZZN4nnet26conv_2d_buffer_resource_clINS_5arrayI8ap_fixedILi16ELi6EL9ap_q_mode5E | {3 4 }
	Port: sX_2 | {3 4 }
	Port: sY_2 | {3 4 }
	Port: pY_2 | {3 4 }
	Port: pX_2 | {3 4 }
	Port: outidx | {}
	Port: w28 | {}
 - Input state : 
	Port: conv_2d_cl<array<ap_fixed,8u>,array<ap_fixed<16,6,5,3,0>,16u>,config28> : layer13_out | {3 }
	Port: conv_2d_cl<array<ap_fixed,8u>,array<ap_fixed<16,6,5,3,0>,16u>,config28> : void_compute_output_buffer_2d_array_const_ap_shift_reg_n_chan_stream_weig_1 | {3 4 }
	Port: conv_2d_cl<array<ap_fixed,8u>,array<ap_fixed<16,6,5,3,0>,16u>,config28> : void_compute_output_buffer_2d_array_const_ap_shift_reg_n_chan_stream_weig_9 | {3 4 }
	Port: conv_2d_cl<array<ap_fixed,8u>,array<ap_fixed<16,6,5,3,0>,16u>,config28> : void_compute_output_buffer_2d_array_const_ap_shift_reg_n_chan_stream_weig | {3 4 }
	Port: conv_2d_cl<array<ap_fixed,8u>,array<ap_fixed<16,6,5,3,0>,16u>,config28> : void_compute_output_buffer_2d_array_const_ap_shift_reg_n_chan_stream_weig_8 | {3 4 }
	Port: conv_2d_cl<array<ap_fixed,8u>,array<ap_fixed<16,6,5,3,0>,16u>,config28> : p_ZZN4nnet24compute_output_buffer_2dINS_5arrayI8ap_fixedILi16ELi6EL9ap_q_mode5EL9_61 | {3 4 }
	Port: conv_2d_cl<array<ap_fixed,8u>,array<ap_fixed<16,6,5,3,0>,16u>,config28> : void_compute_output_buffer_2d_array_const_ap_shift_reg_n_chan_stream_weig_7 | {3 4 }
	Port: conv_2d_cl<array<ap_fixed,8u>,array<ap_fixed<16,6,5,3,0>,16u>,config28> : p_ZZN4nnet24compute_output_buffer_2dINS_5arrayI8ap_fixedILi16ELi6EL9ap_q_mode5EL9_60 | {3 4 }
	Port: conv_2d_cl<array<ap_fixed,8u>,array<ap_fixed<16,6,5,3,0>,16u>,config28> : void_compute_output_buffer_2d_array_const_ap_shift_reg_n_chan_stream_weig_6 | {3 4 }
	Port: conv_2d_cl<array<ap_fixed,8u>,array<ap_fixed<16,6,5,3,0>,16u>,config28> : p_ZZN4nnet24compute_output_buffer_2dINS_5arrayI8ap_fixedILi16ELi6EL9ap_q_mode5EL9_59 | {3 4 }
	Port: conv_2d_cl<array<ap_fixed,8u>,array<ap_fixed<16,6,5,3,0>,16u>,config28> : void_compute_output_buffer_2d_array_const_ap_shift_reg_n_chan_stream_weig_5 | {3 4 }
	Port: conv_2d_cl<array<ap_fixed,8u>,array<ap_fixed<16,6,5,3,0>,16u>,config28> : p_ZZN4nnet24compute_output_buffer_2dINS_5arrayI8ap_fixedILi16ELi6EL9ap_q_mode5EL9_58 | {3 4 }
	Port: conv_2d_cl<array<ap_fixed,8u>,array<ap_fixed<16,6,5,3,0>,16u>,config28> : void_compute_output_buffer_2d_array_const_ap_shift_reg_n_chan_stream_weig_4 | {3 4 }
	Port: conv_2d_cl<array<ap_fixed,8u>,array<ap_fixed<16,6,5,3,0>,16u>,config28> : p_ZZN4nnet24compute_output_buffer_2dINS_5arrayI8ap_fixedILi16ELi6EL9ap_q_mode5EL9_57 | {3 4 }
	Port: conv_2d_cl<array<ap_fixed,8u>,array<ap_fixed<16,6,5,3,0>,16u>,config28> : void_compute_output_buffer_2d_array_const_ap_shift_reg_n_chan_stream_weig_3 | {3 4 }
	Port: conv_2d_cl<array<ap_fixed,8u>,array<ap_fixed<16,6,5,3,0>,16u>,config28> : p_ZZN4nnet24compute_output_buffer_2dINS_5arrayI8ap_fixedILi16ELi6EL9ap_q_mode5EL9_56 | {3 4 }
	Port: conv_2d_cl<array<ap_fixed,8u>,array<ap_fixed<16,6,5,3,0>,16u>,config28> : void_compute_output_buffer_2d_array_const_ap_shift_reg_n_chan_stream_weig_2 | {3 4 }
	Port: conv_2d_cl<array<ap_fixed,8u>,array<ap_fixed<16,6,5,3,0>,16u>,config28> : p_ZZN4nnet24compute_output_buffer_2dINS_5arrayI8ap_fixedILi16ELi6EL9ap_q_mode5EL9_39 | {3 4 }
	Port: conv_2d_cl<array<ap_fixed,8u>,array<ap_fixed<16,6,5,3,0>,16u>,config28> : p_ZZN4nnet24compute_output_buffer_2dINS_5arrayI8ap_fixedILi16ELi6EL9ap_q_mode5EL9_47 | {3 4 }
	Port: conv_2d_cl<array<ap_fixed,8u>,array<ap_fixed<16,6,5,3,0>,16u>,config28> : p_ZZN4nnet24compute_output_buffer_2dINS_5arrayI8ap_fixedILi16ELi6EL9ap_q_mode5EL9_38 | {3 4 }
	Port: conv_2d_cl<array<ap_fixed,8u>,array<ap_fixed<16,6,5,3,0>,16u>,config28> : p_ZZN4nnet24compute_output_buffer_2dINS_5arrayI8ap_fixedILi16ELi6EL9ap_q_mode5EL9_46 | {3 4 }
	Port: conv_2d_cl<array<ap_fixed,8u>,array<ap_fixed<16,6,5,3,0>,16u>,config28> : p_ZZN4nnet24compute_output_buffer_2dINS_5arrayI8ap_fixedILi16ELi6EL9ap_q_mode5EL9_37 | {3 4 }
	Port: conv_2d_cl<array<ap_fixed,8u>,array<ap_fixed<16,6,5,3,0>,16u>,config28> : p_ZZN4nnet24compute_output_buffer_2dINS_5arrayI8ap_fixedILi16ELi6EL9ap_q_mode5EL9_45 | {3 4 }
	Port: conv_2d_cl<array<ap_fixed,8u>,array<ap_fixed<16,6,5,3,0>,16u>,config28> : p_ZZN4nnet24compute_output_buffer_2dINS_5arrayI8ap_fixedILi16ELi6EL9ap_q_mode5EL9_36 | {3 4 }
	Port: conv_2d_cl<array<ap_fixed,8u>,array<ap_fixed<16,6,5,3,0>,16u>,config28> : p_ZZN4nnet24compute_output_buffer_2dINS_5arrayI8ap_fixedILi16ELi6EL9ap_q_mode5EL9_44 | {3 4 }
	Port: conv_2d_cl<array<ap_fixed,8u>,array<ap_fixed<16,6,5,3,0>,16u>,config28> : p_ZZN4nnet24compute_output_buffer_2dINS_5arrayI8ap_fixedILi16ELi6EL9ap_q_mode5EL9_35 | {3 4 }
	Port: conv_2d_cl<array<ap_fixed,8u>,array<ap_fixed<16,6,5,3,0>,16u>,config28> : p_ZZN4nnet24compute_output_buffer_2dINS_5arrayI8ap_fixedILi16ELi6EL9ap_q_mode5EL9_43 | {3 4 }
	Port: conv_2d_cl<array<ap_fixed,8u>,array<ap_fixed<16,6,5,3,0>,16u>,config28> : p_ZZN4nnet24compute_output_buffer_2dINS_5arrayI8ap_fixedILi16ELi6EL9ap_q_mode5EL9_34 | {3 4 }
	Port: conv_2d_cl<array<ap_fixed,8u>,array<ap_fixed<16,6,5,3,0>,16u>,config28> : p_ZZN4nnet24compute_output_buffer_2dINS_5arrayI8ap_fixedILi16ELi6EL9ap_q_mode5EL9_42 | {3 4 }
	Port: conv_2d_cl<array<ap_fixed,8u>,array<ap_fixed<16,6,5,3,0>,16u>,config28> : p_ZZN4nnet24compute_output_buffer_2dINS_5arrayI8ap_fixedILi16ELi6EL9ap_q_mode5EL9_33 | {3 4 }
	Port: conv_2d_cl<array<ap_fixed,8u>,array<ap_fixed<16,6,5,3,0>,16u>,config28> : p_ZZN4nnet24compute_output_buffer_2dINS_5arrayI8ap_fixedILi16ELi6EL9ap_q_mode5EL9_41 | {3 4 }
	Port: conv_2d_cl<array<ap_fixed,8u>,array<ap_fixed<16,6,5,3,0>,16u>,config28> : p_ZZN4nnet24compute_output_buffer_2dINS_5arrayI8ap_fixedILi16ELi6EL9ap_q_mode5EL9_32 | {3 4 }
	Port: conv_2d_cl<array<ap_fixed,8u>,array<ap_fixed<16,6,5,3,0>,16u>,config28> : p_ZZN4nnet24compute_output_buffer_2dINS_5arrayI8ap_fixedILi16ELi6EL9ap_q_mode5EL9_40 | {3 4 }
	Port: conv_2d_cl<array<ap_fixed,8u>,array<ap_fixed<16,6,5,3,0>,16u>,config28> : p_ZZN4nnet24compute_output_buffer_2dINS_5arrayI8ap_fixedILi16ELi6EL9ap_q_mode5EL9_15 | {3 4 }
	Port: conv_2d_cl<array<ap_fixed,8u>,array<ap_fixed<16,6,5,3,0>,16u>,config28> : p_ZZN4nnet24compute_output_buffer_2dINS_5arrayI8ap_fixedILi16ELi6EL9ap_q_mode5EL9_23 | {3 4 }
	Port: conv_2d_cl<array<ap_fixed,8u>,array<ap_fixed<16,6,5,3,0>,16u>,config28> : p_ZZN4nnet24compute_output_buffer_2dINS_5arrayI8ap_fixedILi16ELi6EL9ap_q_mode5EL9_14 | {3 4 }
	Port: conv_2d_cl<array<ap_fixed,8u>,array<ap_fixed<16,6,5,3,0>,16u>,config28> : p_ZZN4nnet24compute_output_buffer_2dINS_5arrayI8ap_fixedILi16ELi6EL9ap_q_mode5EL9_22 | {3 4 }
	Port: conv_2d_cl<array<ap_fixed,8u>,array<ap_fixed<16,6,5,3,0>,16u>,config28> : p_ZZN4nnet24compute_output_buffer_2dINS_5arrayI8ap_fixedILi16ELi6EL9ap_q_mode5EL9_13 | {3 4 }
	Port: conv_2d_cl<array<ap_fixed,8u>,array<ap_fixed<16,6,5,3,0>,16u>,config28> : p_ZZN4nnet24compute_output_buffer_2dINS_5arrayI8ap_fixedILi16ELi6EL9ap_q_mode5EL9_21 | {3 4 }
	Port: conv_2d_cl<array<ap_fixed,8u>,array<ap_fixed<16,6,5,3,0>,16u>,config28> : p_ZZN4nnet24compute_output_buffer_2dINS_5arrayI8ap_fixedILi16ELi6EL9ap_q_mode5EL9_12 | {3 4 }
	Port: conv_2d_cl<array<ap_fixed,8u>,array<ap_fixed<16,6,5,3,0>,16u>,config28> : p_ZZN4nnet24compute_output_buffer_2dINS_5arrayI8ap_fixedILi16ELi6EL9ap_q_mode5EL9_20 | {3 4 }
	Port: conv_2d_cl<array<ap_fixed,8u>,array<ap_fixed<16,6,5,3,0>,16u>,config28> : p_ZZN4nnet24compute_output_buffer_2dINS_5arrayI8ap_fixedILi16ELi6EL9ap_q_mode5EL9_11 | {3 4 }
	Port: conv_2d_cl<array<ap_fixed,8u>,array<ap_fixed<16,6,5,3,0>,16u>,config28> : p_ZZN4nnet24compute_output_buffer_2dINS_5arrayI8ap_fixedILi16ELi6EL9ap_q_mode5EL9_19 | {3 4 }
	Port: conv_2d_cl<array<ap_fixed,8u>,array<ap_fixed<16,6,5,3,0>,16u>,config28> : p_ZZN4nnet24compute_output_buffer_2dINS_5arrayI8ap_fixedILi16ELi6EL9ap_q_mode5EL9_10 | {3 4 }
	Port: conv_2d_cl<array<ap_fixed,8u>,array<ap_fixed<16,6,5,3,0>,16u>,config28> : p_ZZN4nnet24compute_output_buffer_2dINS_5arrayI8ap_fixedILi16ELi6EL9ap_q_mode5EL9_18 | {3 4 }
	Port: conv_2d_cl<array<ap_fixed,8u>,array<ap_fixed<16,6,5,3,0>,16u>,config28> : p_ZZN4nnet24compute_output_buffer_2dINS_5arrayI8ap_fixedILi16ELi6EL9ap_q_mode5EL9_9 | {3 4 }
	Port: conv_2d_cl<array<ap_fixed,8u>,array<ap_fixed<16,6,5,3,0>,16u>,config28> : p_ZZN4nnet24compute_output_buffer_2dINS_5arrayI8ap_fixedILi16ELi6EL9ap_q_mode5EL9_17 | {3 4 }
	Port: conv_2d_cl<array<ap_fixed,8u>,array<ap_fixed<16,6,5,3,0>,16u>,config28> : p_ZZN4nnet24compute_output_buffer_2dINS_5arrayI8ap_fixedILi16ELi6EL9ap_q_mode5EL9_8 | {3 4 }
	Port: conv_2d_cl<array<ap_fixed,8u>,array<ap_fixed<16,6,5,3,0>,16u>,config28> : p_ZZN4nnet24compute_output_buffer_2dINS_5arrayI8ap_fixedILi16ELi6EL9ap_q_mode5EL9_16 | {3 4 }
	Port: conv_2d_cl<array<ap_fixed,8u>,array<ap_fixed<16,6,5,3,0>,16u>,config28> : p_ZZN4nnet24compute_output_buffer_2dINS_5arrayI8ap_fixedILi16ELi6EL9ap_q_mode5EL9_55 | {3 4 }
	Port: conv_2d_cl<array<ap_fixed,8u>,array<ap_fixed<16,6,5,3,0>,16u>,config28> : p_ZZN4nnet24compute_output_buffer_2dINS_5arrayI8ap_fixedILi16ELi6EL9ap_q_mode5EL9_54 | {3 4 }
	Port: conv_2d_cl<array<ap_fixed,8u>,array<ap_fixed<16,6,5,3,0>,16u>,config28> : p_ZZN4nnet24compute_output_buffer_2dINS_5arrayI8ap_fixedILi16ELi6EL9ap_q_mode5EL9_53 | {3 4 }
	Port: conv_2d_cl<array<ap_fixed,8u>,array<ap_fixed<16,6,5,3,0>,16u>,config28> : p_ZZN4nnet24compute_output_buffer_2dINS_5arrayI8ap_fixedILi16ELi6EL9ap_q_mode5EL9_52 | {3 4 }
	Port: conv_2d_cl<array<ap_fixed,8u>,array<ap_fixed<16,6,5,3,0>,16u>,config28> : p_ZZN4nnet24compute_output_buffer_2dINS_5arrayI8ap_fixedILi16ELi6EL9ap_q_mode5EL9_51 | {3 4 }
	Port: conv_2d_cl<array<ap_fixed,8u>,array<ap_fixed<16,6,5,3,0>,16u>,config28> : p_ZZN4nnet24compute_output_buffer_2dINS_5arrayI8ap_fixedILi16ELi6EL9ap_q_mode5EL9_50 | {3 4 }
	Port: conv_2d_cl<array<ap_fixed,8u>,array<ap_fixed<16,6,5,3,0>,16u>,config28> : p_ZZN4nnet24compute_output_buffer_2dINS_5arrayI8ap_fixedILi16ELi6EL9ap_q_mode5EL9_49 | {3 4 }
	Port: conv_2d_cl<array<ap_fixed,8u>,array<ap_fixed<16,6,5,3,0>,16u>,config28> : p_ZZN4nnet24compute_output_buffer_2dINS_5arrayI8ap_fixedILi16ELi6EL9ap_q_mode5EL9_48 | {3 4 }
	Port: conv_2d_cl<array<ap_fixed,8u>,array<ap_fixed<16,6,5,3,0>,16u>,config28> : p_ZZN4nnet24compute_output_buffer_2dINS_5arrayI8ap_fixedILi16ELi6EL9ap_q_mode5EL9_31 | {3 4 }
	Port: conv_2d_cl<array<ap_fixed,8u>,array<ap_fixed<16,6,5,3,0>,16u>,config28> : p_ZZN4nnet24compute_output_buffer_2dINS_5arrayI8ap_fixedILi16ELi6EL9ap_q_mode5EL9_30 | {3 4 }
	Port: conv_2d_cl<array<ap_fixed,8u>,array<ap_fixed<16,6,5,3,0>,16u>,config28> : p_ZZN4nnet24compute_output_buffer_2dINS_5arrayI8ap_fixedILi16ELi6EL9ap_q_mode5EL9_29 | {3 4 }
	Port: conv_2d_cl<array<ap_fixed,8u>,array<ap_fixed<16,6,5,3,0>,16u>,config28> : p_ZZN4nnet24compute_output_buffer_2dINS_5arrayI8ap_fixedILi16ELi6EL9ap_q_mode5EL9_28 | {3 4 }
	Port: conv_2d_cl<array<ap_fixed,8u>,array<ap_fixed<16,6,5,3,0>,16u>,config28> : p_ZZN4nnet24compute_output_buffer_2dINS_5arrayI8ap_fixedILi16ELi6EL9ap_q_mode5EL9_27 | {3 4 }
	Port: conv_2d_cl<array<ap_fixed,8u>,array<ap_fixed<16,6,5,3,0>,16u>,config28> : p_ZZN4nnet24compute_output_buffer_2dINS_5arrayI8ap_fixedILi16ELi6EL9ap_q_mode5EL9_26 | {3 4 }
	Port: conv_2d_cl<array<ap_fixed,8u>,array<ap_fixed<16,6,5,3,0>,16u>,config28> : p_ZZN4nnet24compute_output_buffer_2dINS_5arrayI8ap_fixedILi16ELi6EL9ap_q_mode5EL9_25 | {3 4 }
	Port: conv_2d_cl<array<ap_fixed,8u>,array<ap_fixed<16,6,5,3,0>,16u>,config28> : p_ZZN4nnet24compute_output_buffer_2dINS_5arrayI8ap_fixedILi16ELi6EL9ap_q_mode5EL9_24 | {3 4 }
	Port: conv_2d_cl<array<ap_fixed,8u>,array<ap_fixed<16,6,5,3,0>,16u>,config28> : p_ZZN4nnet24compute_output_buffer_2dINS_5arrayI8ap_fixedILi16ELi6EL9ap_q_mode5EL9_7 | {3 4 }
	Port: conv_2d_cl<array<ap_fixed,8u>,array<ap_fixed<16,6,5,3,0>,16u>,config28> : p_ZZN4nnet24compute_output_buffer_2dINS_5arrayI8ap_fixedILi16ELi6EL9ap_q_mode5EL9_6 | {3 4 }
	Port: conv_2d_cl<array<ap_fixed,8u>,array<ap_fixed<16,6,5,3,0>,16u>,config28> : p_ZZN4nnet24compute_output_buffer_2dINS_5arrayI8ap_fixedILi16ELi6EL9ap_q_mode5EL9_5 | {3 4 }
	Port: conv_2d_cl<array<ap_fixed,8u>,array<ap_fixed<16,6,5,3,0>,16u>,config28> : p_ZZN4nnet24compute_output_buffer_2dINS_5arrayI8ap_fixedILi16ELi6EL9ap_q_mode5EL9_4 | {3 4 }
	Port: conv_2d_cl<array<ap_fixed,8u>,array<ap_fixed<16,6,5,3,0>,16u>,config28> : p_ZZN4nnet24compute_output_buffer_2dINS_5arrayI8ap_fixedILi16ELi6EL9ap_q_mode5EL9_3 | {3 4 }
	Port: conv_2d_cl<array<ap_fixed,8u>,array<ap_fixed<16,6,5,3,0>,16u>,config28> : p_ZZN4nnet24compute_output_buffer_2dINS_5arrayI8ap_fixedILi16ELi6EL9ap_q_mode5EL9_2 | {3 4 }
	Port: conv_2d_cl<array<ap_fixed,8u>,array<ap_fixed<16,6,5,3,0>,16u>,config28> : p_ZZN4nnet24compute_output_buffer_2dINS_5arrayI8ap_fixedILi16ELi6EL9ap_q_mode5EL9_1 | {3 4 }
	Port: conv_2d_cl<array<ap_fixed,8u>,array<ap_fixed<16,6,5,3,0>,16u>,config28> : p_ZZN4nnet24compute_output_buffer_2dINS_5arrayI8ap_fixedILi16ELi6EL9ap_q_mode5EL9 | {3 4 }
	Port: conv_2d_cl<array<ap_fixed,8u>,array<ap_fixed<16,6,5,3,0>,16u>,config28> : p_ZZN4nnet26conv_2d_buffer_resource_clINS_5arrayI8ap_fixedILi16ELi6EL9ap_q_mode5E_15 | {3 4 }
	Port: conv_2d_cl<array<ap_fixed,8u>,array<ap_fixed<16,6,5,3,0>,16u>,config28> : p_ZZN4nnet26conv_2d_buffer_resource_clINS_5arrayI8ap_fixedILi16ELi6EL9ap_q_mode5E_7 | {3 4 }
	Port: conv_2d_cl<array<ap_fixed,8u>,array<ap_fixed<16,6,5,3,0>,16u>,config28> : p_ZZN4nnet26conv_2d_buffer_resource_clINS_5arrayI8ap_fixedILi16ELi6EL9ap_q_mode5E_14 | {3 4 }
	Port: conv_2d_cl<array<ap_fixed,8u>,array<ap_fixed<16,6,5,3,0>,16u>,config28> : p_ZZN4nnet26conv_2d_buffer_resource_clINS_5arrayI8ap_fixedILi16ELi6EL9ap_q_mode5E_6 | {3 4 }
	Port: conv_2d_cl<array<ap_fixed,8u>,array<ap_fixed<16,6,5,3,0>,16u>,config28> : p_ZZN4nnet26conv_2d_buffer_resource_clINS_5arrayI8ap_fixedILi16ELi6EL9ap_q_mode5E_13 | {3 4 }
	Port: conv_2d_cl<array<ap_fixed,8u>,array<ap_fixed<16,6,5,3,0>,16u>,config28> : p_ZZN4nnet26conv_2d_buffer_resource_clINS_5arrayI8ap_fixedILi16ELi6EL9ap_q_mode5E_5 | {3 4 }
	Port: conv_2d_cl<array<ap_fixed,8u>,array<ap_fixed<16,6,5,3,0>,16u>,config28> : p_ZZN4nnet26conv_2d_buffer_resource_clINS_5arrayI8ap_fixedILi16ELi6EL9ap_q_mode5E_12 | {3 4 }
	Port: conv_2d_cl<array<ap_fixed,8u>,array<ap_fixed<16,6,5,3,0>,16u>,config28> : p_ZZN4nnet26conv_2d_buffer_resource_clINS_5arrayI8ap_fixedILi16ELi6EL9ap_q_mode5E_4 | {3 4 }
	Port: conv_2d_cl<array<ap_fixed,8u>,array<ap_fixed<16,6,5,3,0>,16u>,config28> : p_ZZN4nnet26conv_2d_buffer_resource_clINS_5arrayI8ap_fixedILi16ELi6EL9ap_q_mode5E_11 | {3 4 }
	Port: conv_2d_cl<array<ap_fixed,8u>,array<ap_fixed<16,6,5,3,0>,16u>,config28> : p_ZZN4nnet26conv_2d_buffer_resource_clINS_5arrayI8ap_fixedILi16ELi6EL9ap_q_mode5E_3 | {3 4 }
	Port: conv_2d_cl<array<ap_fixed,8u>,array<ap_fixed<16,6,5,3,0>,16u>,config28> : p_ZZN4nnet26conv_2d_buffer_resource_clINS_5arrayI8ap_fixedILi16ELi6EL9ap_q_mode5E_10 | {3 4 }
	Port: conv_2d_cl<array<ap_fixed,8u>,array<ap_fixed<16,6,5,3,0>,16u>,config28> : p_ZZN4nnet26conv_2d_buffer_resource_clINS_5arrayI8ap_fixedILi16ELi6EL9ap_q_mode5E_2 | {3 4 }
	Port: conv_2d_cl<array<ap_fixed,8u>,array<ap_fixed<16,6,5,3,0>,16u>,config28> : p_ZZN4nnet26conv_2d_buffer_resource_clINS_5arrayI8ap_fixedILi16ELi6EL9ap_q_mode5E_9 | {3 4 }
	Port: conv_2d_cl<array<ap_fixed,8u>,array<ap_fixed<16,6,5,3,0>,16u>,config28> : p_ZZN4nnet26conv_2d_buffer_resource_clINS_5arrayI8ap_fixedILi16ELi6EL9ap_q_mode5E_1 | {3 4 }
	Port: conv_2d_cl<array<ap_fixed,8u>,array<ap_fixed<16,6,5,3,0>,16u>,config28> : p_ZZN4nnet26conv_2d_buffer_resource_clINS_5arrayI8ap_fixedILi16ELi6EL9ap_q_mode5E_8 | {3 4 }
	Port: conv_2d_cl<array<ap_fixed,8u>,array<ap_fixed<16,6,5,3,0>,16u>,config28> : p_ZZN4nnet26conv_2d_buffer_resource_clINS_5arrayI8ap_fixedILi16ELi6EL9ap_q_mode5E | {3 4 }
	Port: conv_2d_cl<array<ap_fixed,8u>,array<ap_fixed<16,6,5,3,0>,16u>,config28> : sX_2 | {3 4 }
	Port: conv_2d_cl<array<ap_fixed,8u>,array<ap_fixed<16,6,5,3,0>,16u>,config28> : sY_2 | {3 4 }
	Port: conv_2d_cl<array<ap_fixed,8u>,array<ap_fixed<16,6,5,3,0>,16u>,config28> : pY_2 | {3 4 }
	Port: conv_2d_cl<array<ap_fixed,8u>,array<ap_fixed<16,6,5,3,0>,16u>,config28> : pX_2 | {3 4 }
	Port: conv_2d_cl<array<ap_fixed,8u>,array<ap_fixed<16,6,5,3,0>,16u>,config28> : outidx | {3 4 }
	Port: conv_2d_cl<array<ap_fixed,8u>,array<ap_fixed<16,6,5,3,0>,16u>,config28> : w28 | {3 4 }
  - Chain level:
	State 1
		store_ln0 : 1
	State 2
		icmp_ln52 : 1
		add_ln52 : 1
		br_ln52 : 2
	State 3
		call_ln58 : 1
	State 4


============================================================
+ Verbose Summary: Datapath Resource usage 
============================================================

* Functional unit list:
|----------|------------------------------------------------------------------------------------|---------|---------|---------|---------|
| Operation|                                   Functional Unit                                  |   DSP   |  Delay  |    FF   |   LUT   |
|----------|------------------------------------------------------------------------------------|---------|---------|---------|---------|
|   call   | grp_compute_output_buffer_2d_array_array_ap_fixed_16_6_5_3_0_16u_config28_s_fu_262 |    8    |  56.35  |   4498  |   2759  |
|----------|------------------------------------------------------------------------------------|---------|---------|---------|---------|
|   icmp   |                                  icmp_ln52_fu_472                                  |    0    |    0    |    0    |    15   |
|----------|------------------------------------------------------------------------------------|---------|---------|---------|---------|
|    add   |                                   add_ln52_fu_478                                  |    0    |    0    |    0    |    15   |
|----------|------------------------------------------------------------------------------------|---------|---------|---------|---------|
|   read   |                            layer13_out_read_read_fu_256                            |    0    |    0    |    0    |    0    |
|----------|------------------------------------------------------------------------------------|---------|---------|---------|---------|
|   trunc  |                                  trunc_ln58_fu_484                                 |    0    |    0    |    0    |    0    |
|----------|------------------------------------------------------------------------------------|---------|---------|---------|---------|
|          |                                 trunc_ln58_s_fu_489                                |    0    |    0    |    0    |    0    |
|          |                                trunc_ln58_46_fu_500                                |    0    |    0    |    0    |    0    |
|          |                                trunc_ln58_47_fu_511                                |    0    |    0    |    0    |    0    |
|partselect|                                trunc_ln58_48_fu_522                                |    0    |    0    |    0    |    0    |
|          |                                trunc_ln58_49_fu_533                                |    0    |    0    |    0    |    0    |
|          |                                trunc_ln58_50_fu_544                                |    0    |    0    |    0    |    0    |
|          |                                trunc_ln58_51_fu_555                                |    0    |    0    |    0    |    0    |
|----------|------------------------------------------------------------------------------------|---------|---------|---------|---------|
|   Total  |                                                                                    |    8    |  56.35  |   4498  |   2789  |
|----------|------------------------------------------------------------------------------------|---------|---------|---------|---------|

Memories:
N/A

* Register list:
+----------------------+--------+
|                      |   FF   |
+----------------------+--------+
|   add_ln52_reg_580   |    8   |
|indvar_flatten_reg_570|    8   |
| trunc_ln58_46_reg_595|   16   |
| trunc_ln58_47_reg_600|   16   |
| trunc_ln58_48_reg_605|   16   |
| trunc_ln58_49_reg_610|   16   |
| trunc_ln58_50_reg_615|   16   |
| trunc_ln58_51_reg_620|   16   |
|  trunc_ln58_reg_585  |   16   |
| trunc_ln58_s_reg_590 |   16   |
+----------------------+--------+
|         Total        |   144  |
+----------------------+--------+

* Multiplexer (MUX) list: 
|------------------------------------------------------------------------------------|------|------|------|--------||---------||---------||---------|
|                                        Comp                                        |  Pin | Size |  BW  | S x BW ||  Delay  ||    FF   ||   LUT   |
|------------------------------------------------------------------------------------|------|------|------|--------||---------||---------||---------|
| grp_compute_output_buffer_2d_array_array_ap_fixed_16_6_5_3_0_16u_config28_s_fu_262 |  p1  |   2  |  16  |   32   ||    0    ||    9    |
| grp_compute_output_buffer_2d_array_array_ap_fixed_16_6_5_3_0_16u_config28_s_fu_262 |  p2  |   2  |  16  |   32   ||    0    ||    9    |
| grp_compute_output_buffer_2d_array_array_ap_fixed_16_6_5_3_0_16u_config28_s_fu_262 |  p3  |   2  |  16  |   32   ||    0    ||    9    |
| grp_compute_output_buffer_2d_array_array_ap_fixed_16_6_5_3_0_16u_config28_s_fu_262 |  p4  |   2  |  16  |   32   ||    0    ||    9    |
| grp_compute_output_buffer_2d_array_array_ap_fixed_16_6_5_3_0_16u_config28_s_fu_262 |  p5  |   2  |  16  |   32   ||    0    ||    9    |
| grp_compute_output_buffer_2d_array_array_ap_fixed_16_6_5_3_0_16u_config28_s_fu_262 |  p6  |   2  |  16  |   32   ||    0    ||    9    |
| grp_compute_output_buffer_2d_array_array_ap_fixed_16_6_5_3_0_16u_config28_s_fu_262 |  p7  |   2  |  16  |   32   ||    0    ||    9    |
| grp_compute_output_buffer_2d_array_array_ap_fixed_16_6_5_3_0_16u_config28_s_fu_262 |  p8  |   2  |  16  |   32   ||    0    ||    9    |
|------------------------------------------------------------------------------------|------|------|------|--------||---------||---------||---------|
|                                        Total                                       |      |      |      |   256  ||  12.88  ||    0    ||    72   |
|------------------------------------------------------------------------------------|------|------|------|--------||---------||---------||---------|



* Summary:
+-----------+--------+--------+--------+--------+
|           |   DSP  |  Delay |   FF   |   LUT  |
+-----------+--------+--------+--------+--------+
|  Function |    8   |   56   |  4498  |  2789  |
|   Memory  |    -   |    -   |    -   |    -   |
|Multiplexer|    -   |   12   |    0   |   72   |
|  Register |    -   |    -   |   144  |    -   |
+-----------+--------+--------+--------+--------+
|   Total   |    8   |   69   |  4642  |  2861  |
+-----------+--------+--------+--------+--------+
