

================================================================
== Vitis HLS Report for 'dense_resource_rf_leq_nin_ap_fixed_ap_fixed_16_6_5_3_0_config26_s'
================================================================
* Date:           Tue Oct  6 08:54:24 2026

* Version:        2026.1 (Build 6493734 on Jun 16 2026)
* Project:        myproject_prj
* Solution:       solution1
* Product family: artix7
* Target device:  xc7a35t-ftg256-1


================================================================
== Performance Estimates
================================================================
+ Timing: 
    * Summary: 
    +--------+---------+----------+------------+
    |  Clock |  Target | Estimated| Uncertainty|
    +--------+---------+----------+------------+
    |ap_clk  |  5.00 ns|  3.352 ns|     1.35 ns|
    +--------+---------+----------+------------+

+ Latency: 
    * Summary: 
    +---------+---------+----------+----------+-----+-----+------------------------------------+
    |  Latency (cycles) |  Latency (absolute) |  Interval |              Pipeline              |
    |   min   |   max   |    min   |    max   | min | max |                Type                |
    +---------+---------+----------+----------+-----+-----+------------------------------------+
    |       35|       36|  0.344 us|  0.353 us|   32|   32|  loop rewind stp (delay=0 cycle(s))|
    +---------+---------+----------+----------+-----+-----+------------------------------------+

    + Detail: 
        * Instance: 
        N/A

        * Loop: 
        +-------------+---------+---------+----------+-----------+-----------+------+----------+
        |             |  Latency (cycles) | Iteration|  Initiation Interval  | Trip |          |
        |  Loop Name  |   min   |   max   |  Latency |  achieved |   target  | Count| Pipelined|
        +-------------+---------+---------+----------+-----------+-----------+------+----------+
        |- ReuseLoop  |       35|       35|         5|          1|          1|    32|       yes|
        +-------------+---------+---------+----------+-----------+-----------+------+----------+



================================================================
== Utilization Estimates
================================================================
* Summary: 
+-----------------+---------+----+-------+-------+-----+
|       Name      | BRAM_18K| DSP|   FF  |  LUT  | URAM|
+-----------------+---------+----+-------+-------+-----+
|DSP              |        -|   -|      -|      -|    -|
|Expression       |        -|   -|      0|   1113|    -|
|FIFO             |        -|   -|      -|      -|    -|
|Instance         |        -|  47|   3149|    242|    -|
|Memory           |       21|   -|      0|      0|    -|
|Multiplexer      |        -|   -|      0|   1731|    -|
|Register         |        -|   -|   3613|     32|    -|
+-----------------+---------+----+-------+-------+-----+
|Total            |       21|  47|   6762|   3118|    0|
+-----------------+---------+----+-------+-------+-----+
|Available        |      100|  90|  41600|  20800|    0|
+-----------------+---------+----+-------+-------+-----+
|Utilization (%)  |       21|  52|     16|     14|    0|
+-----------------+---------+----+-------+-------+-----+

+ Detail: 
    * Instance: 
    +-----------------------------+-----------------------+---------+----+----+-----+-----+
    |           Instance          |         Module        | BRAM_18K| DSP| FF | LUT | URAM|
    +-----------------------------+-----------------------+---------+----+----+-----+-----+
    |mul_16s_11s_26_2_1_U2671     |mul_16s_11s_26_2_1     |        0|   1|  67|    2|    0|
    |mul_16s_16s_26_2_1_U2625     |mul_16s_16s_26_2_1     |        0|   1|  67|    2|    0|
    |mul_16s_16s_26_2_1_U2626     |mul_16s_16s_26_2_1     |        0|   1|  67|    2|    0|
    |mul_16s_16s_26_2_1_U2627     |mul_16s_16s_26_2_1     |        0|   1|  67|    2|    0|
    |mul_16s_16s_26_2_1_U2628     |mul_16s_16s_26_2_1     |        0|   1|  67|    2|    0|
    |mul_16s_16s_26_2_1_U2629     |mul_16s_16s_26_2_1     |        0|   1|  67|    2|    0|
    |mul_16s_16s_26_2_1_U2630     |mul_16s_16s_26_2_1     |        0|   1|  67|    2|    0|
    |mul_16s_16s_26_2_1_U2631     |mul_16s_16s_26_2_1     |        0|   1|  67|    2|    0|
    |mul_16s_16s_26_2_1_U2632     |mul_16s_16s_26_2_1     |        0|   1|  67|    2|    0|
    |mul_16s_16s_26_2_1_U2633     |mul_16s_16s_26_2_1     |        0|   1|  67|    2|    0|
    |mul_16s_16s_26_2_1_U2634     |mul_16s_16s_26_2_1     |        0|   1|  67|    2|    0|
    |mul_16s_16s_26_2_1_U2635     |mul_16s_16s_26_2_1     |        0|   1|  67|    2|    0|
    |mul_16s_16s_26_2_1_U2636     |mul_16s_16s_26_2_1     |        0|   1|  67|    2|    0|
    |mul_16s_16s_26_2_1_U2637     |mul_16s_16s_26_2_1     |        0|   1|  67|    2|    0|
    |mul_16s_16s_26_2_1_U2638     |mul_16s_16s_26_2_1     |        0|   1|  67|    2|    0|
    |mul_16s_16s_26_2_1_U2639     |mul_16s_16s_26_2_1     |        0|   1|  67|    2|    0|
    |mul_16s_16s_26_2_1_U2640     |mul_16s_16s_26_2_1     |        0|   1|  67|    2|    0|
    |mul_16s_16s_26_2_1_U2641     |mul_16s_16s_26_2_1     |        0|   1|  67|    2|    0|
    |mul_16s_16s_26_2_1_U2642     |mul_16s_16s_26_2_1     |        0|   1|  67|    2|    0|
    |mul_16s_16s_26_2_1_U2643     |mul_16s_16s_26_2_1     |        0|   1|  67|    2|    0|
    |mul_16s_16s_26_2_1_U2644     |mul_16s_16s_26_2_1     |        0|   1|  67|    2|    0|
    |mul_16s_16s_26_2_1_U2645     |mul_16s_16s_26_2_1     |        0|   1|  67|    2|    0|
    |mul_16s_16s_26_2_1_U2646     |mul_16s_16s_26_2_1     |        0|   1|  67|    2|    0|
    |mul_16s_16s_26_2_1_U2647     |mul_16s_16s_26_2_1     |        0|   1|  67|    2|    0|
    |mul_16s_16s_26_2_1_U2648     |mul_16s_16s_26_2_1     |        0|   1|  67|    2|    0|
    |mul_16s_16s_26_2_1_U2649     |mul_16s_16s_26_2_1     |        0|   1|  67|    2|    0|
    |mul_16s_16s_26_2_1_U2650     |mul_16s_16s_26_2_1     |        0|   1|  67|    2|    0|
    |mul_16s_16s_26_2_1_U2651     |mul_16s_16s_26_2_1     |        0|   1|  67|    2|    0|
    |mul_16s_16s_26_2_1_U2652     |mul_16s_16s_26_2_1     |        0|   1|  67|    2|    0|
    |mul_16s_16s_26_2_1_U2653     |mul_16s_16s_26_2_1     |        0|   1|  67|    2|    0|
    |mul_16s_16s_26_2_1_U2654     |mul_16s_16s_26_2_1     |        0|   1|  67|    2|    0|
    |mul_16s_16s_26_2_1_U2655     |mul_16s_16s_26_2_1     |        0|   1|  67|    2|    0|
    |mul_16s_16s_26_2_1_U2656     |mul_16s_16s_26_2_1     |        0|   1|  67|    2|    0|
    |mul_16s_16s_26_2_1_U2657     |mul_16s_16s_26_2_1     |        0|   1|  67|    2|    0|
    |mul_16s_16s_26_2_1_U2658     |mul_16s_16s_26_2_1     |        0|   1|  67|    2|    0|
    |mul_16s_16s_26_2_1_U2659     |mul_16s_16s_26_2_1     |        0|   1|  67|    2|    0|
    |mul_16s_16s_26_2_1_U2660     |mul_16s_16s_26_2_1     |        0|   1|  67|    2|    0|
    |mul_16s_16s_26_2_1_U2661     |mul_16s_16s_26_2_1     |        0|   1|  67|    2|    0|
    |mul_16s_16s_26_2_1_U2662     |mul_16s_16s_26_2_1     |        0|   1|  67|    2|    0|
    |mul_16s_16s_26_2_1_U2663     |mul_16s_16s_26_2_1     |        0|   1|  67|    2|    0|
    |mul_16s_16s_26_2_1_U2664     |mul_16s_16s_26_2_1     |        0|   1|  67|    2|    0|
    |mul_16s_16s_26_2_1_U2665     |mul_16s_16s_26_2_1     |        0|   1|  67|    2|    0|
    |mul_16s_16s_26_2_1_U2666     |mul_16s_16s_26_2_1     |        0|   1|  67|    2|    0|
    |mul_16s_16s_26_2_1_U2667     |mul_16s_16s_26_2_1     |        0|   1|  67|    2|    0|
    |mul_16s_16s_26_2_1_U2668     |mul_16s_16s_26_2_1     |        0|   1|  67|    2|    0|
    |mul_16s_16s_26_2_1_U2669     |mul_16s_16s_26_2_1     |        0|   1|  67|    2|    0|
    |mul_16s_16s_26_2_1_U2670     |mul_16s_16s_26_2_1     |        0|   1|  67|    2|    0|
    |sparsemux_65_5_16_1_1_U2624  |sparsemux_65_5_16_1_1  |        0|   0|   0|  148|    0|
    +-----------------------------+-----------------------+---------+----+----+-----+-----+
    |Total                        |                       |        0|  47|3149|  242|    0|
    +-----------------------------+-----------------------+---------+----+----+-----+-----+

    * DSP: 
    N/A

    * Memory: 
    +-------+----------------------------------------------------------------------------------+---------+---+----+-----+------+-----+------+-------------+
    | Memory|                                      Module                                      | BRAM_18K| FF| LUT| URAM| Words| Bits| Banks| W*Bits*Banks|
    +-------+----------------------------------------------------------------------------------+---------+---+----+-----+------+-----+------+-------------+
    |w26_U  |dense_resource_rf_leq_nin_ap_fixed_ap_fixed_16_6_5_3_0_config26_s_w26_ROM_NP_yd2  |       21|  0|   0|    0|    32|  747|     1|        23904|
    +-------+----------------------------------------------------------------------------------+---------+---+----+-----+------+-----+------+-------------+
    |Total  |                                                                                  |       21|  0|   0|    0|    32|  747|     1|        23904|
    +-------+----------------------------------------------------------------------------------+---------+---+----+-----+------+-----+------+-------------+

    * FIFO: 
    N/A

    * Expression: 
    +------------------------+----------+----+---+----+------------+------------+
    |      Variable Name     | Operation| DSP| FF| LUT| Bitwidth P0| Bitwidth P1|
    +------------------------+----------+----+---+----+------------+------------+
    |add_ln58_10_fu_3652_p2  |         +|   0|  0|  23|          16|          16|
    |add_ln58_11_fu_3657_p2  |         +|   0|  0|  23|          16|          16|
    |add_ln58_12_fu_3662_p2  |         +|   0|  0|  23|          16|          16|
    |add_ln58_13_fu_3667_p2  |         +|   0|  0|  23|          16|          16|
    |add_ln58_14_fu_3672_p2  |         +|   0|  0|  23|          16|          16|
    |add_ln58_15_fu_3677_p2  |         +|   0|  0|  23|          16|          16|
    |add_ln58_16_fu_3682_p2  |         +|   0|  0|  23|          16|          16|
    |add_ln58_17_fu_3687_p2  |         +|   0|  0|  23|          16|          16|
    |add_ln58_18_fu_3692_p2  |         +|   0|  0|  23|          16|          16|
    |add_ln58_19_fu_3697_p2  |         +|   0|  0|  23|          16|          16|
    |add_ln58_20_fu_3702_p2  |         +|   0|  0|  23|          16|          16|
    |add_ln58_21_fu_3707_p2  |         +|   0|  0|  23|          16|          16|
    |add_ln58_22_fu_3712_p2  |         +|   0|  0|  23|          16|          16|
    |add_ln58_23_fu_3717_p2  |         +|   0|  0|  23|          16|          16|
    |add_ln58_24_fu_3722_p2  |         +|   0|  0|  23|          16|          16|
    |add_ln58_25_fu_3727_p2  |         +|   0|  0|  23|          16|          16|
    |add_ln58_26_fu_3732_p2  |         +|   0|  0|  23|          16|          16|
    |add_ln58_27_fu_3737_p2  |         +|   0|  0|  23|          16|          16|
    |add_ln58_28_fu_3742_p2  |         +|   0|  0|  23|          16|          16|
    |add_ln58_29_fu_3747_p2  |         +|   0|  0|  23|          16|          16|
    |add_ln58_30_fu_3752_p2  |         +|   0|  0|  23|          16|          16|
    |add_ln58_31_fu_3757_p2  |         +|   0|  0|  23|          16|          16|
    |add_ln58_32_fu_3762_p2  |         +|   0|  0|  23|          16|          16|
    |add_ln58_33_fu_3767_p2  |         +|   0|  0|  23|          16|          16|
    |add_ln58_34_fu_3772_p2  |         +|   0|  0|  23|          16|          16|
    |add_ln58_35_fu_3777_p2  |         +|   0|  0|  23|          16|          16|
    |add_ln58_36_fu_3782_p2  |         +|   0|  0|  23|          16|          16|
    |add_ln58_37_fu_3787_p2  |         +|   0|  0|  23|          16|          16|
    |add_ln58_38_fu_3792_p2  |         +|   0|  0|  23|          16|          16|
    |add_ln58_39_fu_3797_p2  |         +|   0|  0|  23|          16|          16|
    |add_ln58_40_fu_3802_p2  |         +|   0|  0|  23|          16|          16|
    |add_ln58_41_fu_3807_p2  |         +|   0|  0|  23|          16|          16|
    |add_ln58_42_fu_3812_p2  |         +|   0|  0|  23|          16|          16|
    |add_ln58_43_fu_3817_p2  |         +|   0|  0|  23|          16|          16|
    |add_ln58_44_fu_3822_p2  |         +|   0|  0|  23|          16|          16|
    |add_ln58_45_fu_3827_p2  |         +|   0|  0|  23|          16|          16|
    |add_ln58_46_fu_3832_p2  |         +|   0|  0|  23|          16|          16|
    |add_ln58_47_fu_3837_p2  |         +|   0|  0|  23|          16|          16|
    |add_ln58_48_fu_3842_p2  |         +|   0|  0|  23|          16|          16|
    |add_ln58_49_fu_3847_p2  |         +|   0|  0|  23|          16|          16|
    |add_ln58_50_fu_3852_p2  |         +|   0|  0|  23|          16|          16|
    |add_ln58_51_fu_3857_p2  |         +|   0|  0|  23|          16|          16|
    |add_ln58_52_fu_3862_p2  |         +|   0|  0|  23|          16|          16|
    |add_ln58_53_fu_3867_p2  |         +|   0|  0|  23|          16|          16|
    |add_ln58_8_fu_3642_p2   |         +|   0|  0|  23|          16|          16|
    |add_ln58_9_fu_3647_p2   |         +|   0|  0|  23|          16|          16|
    |add_ln58_fu_3637_p2     |         +|   0|  0|  23|          16|          16|
    |w_index_fu_2129_p2      |         +|   0|  0|  13|           5|           1|
    |ap_condition_769        |       and|   0|  0|   2|           1|           1|
    |ap_condition_775        |       and|   0|  0|   2|           1|           1|
    |icmp_ln46_fu_2135_p2    |      icmp|   0|  0|  13|           5|           2|
    |ap_enable_pp0           |       xor|   0|  0|   2|           1|           2|
    +------------------------+----------+----+---+----+------------+------------+
    |Total                   |          |   0|  0|1113|         765|         759|
    +------------------------+----------+----+---+----+------------+------------+

    * Multiplexer: 
    +----------------------------------------------+----+-----------+-----+-----------+
    |                     Name                     | LUT| Input Size| Bits| Total Bits|
    +----------------------------------------------+----+-----------+-----+-----------+
    |ap_NS_fsm                                     |  13|          3|    1|          3|
    |ap_enable_reg_pp0_iter1                       |   9|          2|    1|          2|
    |ap_enable_reg_pp0_iter4                       |   9|          2|    1|          2|
    |ap_phi_mux_data_0_val99_phi_phi_fu_1054_p4    |  13|          3|   16|         48|
    |ap_phi_mux_data_10_val109_phi_phi_fu_1184_p4  |  13|          3|   16|         48|
    |ap_phi_mux_data_11_val110_phi_phi_fu_1197_p4  |  13|          3|   16|         48|
    |ap_phi_mux_data_12_val111_phi_phi_fu_1210_p4  |  13|          3|   16|         48|
    |ap_phi_mux_data_13_val112_phi_phi_fu_1223_p4  |  13|          3|   16|         48|
    |ap_phi_mux_data_14_val113_phi_phi_fu_1236_p4  |  13|          3|   16|         48|
    |ap_phi_mux_data_15_val114_phi_phi_fu_1249_p4  |  13|          3|   16|         48|
    |ap_phi_mux_data_16_val115_phi_phi_fu_1262_p4  |  13|          3|   16|         48|
    |ap_phi_mux_data_17_val116_phi_phi_fu_1275_p4  |  13|          3|   16|         48|
    |ap_phi_mux_data_18_val117_phi_phi_fu_1288_p4  |  13|          3|   16|         48|
    |ap_phi_mux_data_19_val118_phi_phi_fu_1301_p4  |  13|          3|   16|         48|
    |ap_phi_mux_data_1_val100_phi_phi_fu_1067_p4   |  13|          3|   16|         48|
    |ap_phi_mux_data_20_val119_phi_phi_fu_1314_p4  |  13|          3|   16|         48|
    |ap_phi_mux_data_21_val120_phi_phi_fu_1327_p4  |  13|          3|   16|         48|
    |ap_phi_mux_data_22_val121_phi_phi_fu_1340_p4  |  13|          3|   16|         48|
    |ap_phi_mux_data_23_val122_phi_phi_fu_1353_p4  |  13|          3|   16|         48|
    |ap_phi_mux_data_24_val123_phi_phi_fu_1366_p4  |  13|          3|   16|         48|
    |ap_phi_mux_data_25_val124_phi_phi_fu_1379_p4  |  13|          3|   16|         48|
    |ap_phi_mux_data_26_val125_phi_phi_fu_1392_p4  |  13|          3|   16|         48|
    |ap_phi_mux_data_27_val126_phi_phi_fu_1405_p4  |  13|          3|   16|         48|
    |ap_phi_mux_data_28_val127_phi_phi_fu_1418_p4  |  13|          3|   16|         48|
    |ap_phi_mux_data_29_val128_phi_phi_fu_1431_p4  |  13|          3|   16|         48|
    |ap_phi_mux_data_2_val101_phi_phi_fu_1080_p4   |  13|          3|   16|         48|
    |ap_phi_mux_data_30_val129_phi_phi_fu_1444_p4  |  13|          3|   16|         48|
    |ap_phi_mux_data_31_val130_phi_phi_fu_1457_p4  |  13|          3|   16|         48|
    |ap_phi_mux_data_3_val102_phi_phi_fu_1093_p4   |  13|          3|   16|         48|
    |ap_phi_mux_data_4_val103_phi_phi_fu_1106_p4   |  13|          3|   16|         48|
    |ap_phi_mux_data_5_val104_phi_phi_fu_1119_p4   |  13|          3|   16|         48|
    |ap_phi_mux_data_6_val105_phi_phi_fu_1132_p4   |  13|          3|   16|         48|
    |ap_phi_mux_data_7_val106_phi_phi_fu_1145_p4   |  13|          3|   16|         48|
    |ap_phi_mux_data_8_val107_phi_phi_fu_1158_p4   |  13|          3|   16|         48|
    |ap_phi_mux_data_9_val108_phi_phi_fu_1171_p4   |  13|          3|   16|         48|
    |ap_phi_mux_ir_phi_fu_591_p6                   |  13|          3|    5|         15|
    |ap_return_0                                   |   9|          2|   16|         32|
    |ap_return_1                                   |   9|          2|   16|         32|
    |ap_return_10                                  |   9|          2|   16|         32|
    |ap_return_11                                  |   9|          2|   16|         32|
    |ap_return_12                                  |   9|          2|   16|         32|
    |ap_return_13                                  |   9|          2|   16|         32|
    |ap_return_14                                  |   9|          2|   16|         32|
    |ap_return_15                                  |   9|          2|   16|         32|
    |ap_return_16                                  |   9|          2|   16|         32|
    |ap_return_17                                  |   9|          2|   16|         32|
    |ap_return_18                                  |   9|          2|   16|         32|
    |ap_return_19                                  |   9|          2|   16|         32|
    |ap_return_2                                   |   9|          2|   16|         32|
    |ap_return_20                                  |   9|          2|   16|         32|
    |ap_return_21                                  |   9|          2|   16|         32|
    |ap_return_22                                  |   9|          2|   16|         32|
    |ap_return_23                                  |   9|          2|   16|         32|
    |ap_return_24                                  |   9|          2|   16|         32|
    |ap_return_25                                  |   9|          2|   16|         32|
    |ap_return_26                                  |   9|          2|   16|         32|
    |ap_return_27                                  |   9|          2|   16|         32|
    |ap_return_28                                  |   9|          2|   16|         32|
    |ap_return_29                                  |   9|          2|   16|         32|
    |ap_return_3                                   |   9|          2|   16|         32|
    |ap_return_30                                  |   9|          2|   16|         32|
    |ap_return_31                                  |   9|          2|   16|         32|
    |ap_return_32                                  |   9|          2|   16|         32|
    |ap_return_33                                  |   9|          2|   16|         32|
    |ap_return_34                                  |   9|          2|   16|         32|
    |ap_return_35                                  |   9|          2|   16|         32|
    |ap_return_36                                  |   9|          2|   16|         32|
    |ap_return_37                                  |   9|          2|   16|         32|
    |ap_return_38                                  |   9|          2|   16|         32|
    |ap_return_39                                  |   9|          2|   16|         32|
    |ap_return_4                                   |   9|          2|   16|         32|
    |ap_return_40                                  |   9|          2|   16|         32|
    |ap_return_41                                  |   9|          2|   16|         32|
    |ap_return_42                                  |   9|          2|   16|         32|
    |ap_return_43                                  |   9|          2|   16|         32|
    |ap_return_44                                  |   9|          2|   16|         32|
    |ap_return_45                                  |   9|          2|   16|         32|
    |ap_return_46                                  |   9|          2|   16|         32|
    |ap_return_5                                   |   9|          2|   16|         32|
    |ap_return_6                                   |   9|          2|   16|         32|
    |ap_return_7                                   |   9|          2|   16|         32|
    |ap_return_8                                   |   9|          2|   16|         32|
    |ap_return_9                                   |   9|          2|   16|         32|
    |data_0_val99_phi_reg_1050                     |  13|          3|   16|         48|
    |data_10_val109_phi_reg_1180                   |  13|          3|   16|         48|
    |data_11_val110_phi_reg_1193                   |  13|          3|   16|         48|
    |data_12_val111_phi_reg_1206                   |  13|          3|   16|         48|
    |data_13_val112_phi_reg_1219                   |  13|          3|   16|         48|
    |data_14_val113_phi_reg_1232                   |  13|          3|   16|         48|
    |data_15_val114_phi_reg_1245                   |  13|          3|   16|         48|
    |data_16_val115_phi_reg_1258                   |  13|          3|   16|         48|
    |data_17_val116_phi_reg_1271                   |  13|          3|   16|         48|
    |data_18_val117_phi_reg_1284                   |  13|          3|   16|         48|
    |data_19_val118_phi_reg_1297                   |  13|          3|   16|         48|
    |data_1_val100_phi_reg_1063                    |  13|          3|   16|         48|
    |data_20_val119_phi_reg_1310                   |  13|          3|   16|         48|
    |data_21_val120_phi_reg_1323                   |  13|          3|   16|         48|
    |data_22_val121_phi_reg_1336                   |  13|          3|   16|         48|
    |data_23_val122_phi_reg_1349                   |  13|          3|   16|         48|
    |data_24_val123_phi_reg_1362                   |  13|          3|   16|         48|
    |data_25_val124_phi_reg_1375                   |  13|          3|   16|         48|
    |data_26_val125_phi_reg_1388                   |  13|          3|   16|         48|
    |data_27_val126_phi_reg_1401                   |  13|          3|   16|         48|
    |data_28_val127_phi_reg_1414                   |  13|          3|   16|         48|
    |data_29_val128_phi_reg_1427                   |  13|          3|   16|         48|
    |data_2_val101_phi_reg_1076                    |  13|          3|   16|         48|
    |data_30_val129_phi_reg_1440                   |  13|          3|   16|         48|
    |data_31_val130_phi_reg_1453                   |  13|          3|   16|         48|
    |data_3_val102_phi_reg_1089                    |  13|          3|   16|         48|
    |data_4_val103_phi_reg_1102                    |  13|          3|   16|         48|
    |data_5_val104_phi_reg_1115                    |  13|          3|   16|         48|
    |data_6_val105_phi_reg_1128                    |  13|          3|   16|         48|
    |data_7_val106_phi_reg_1141                    |  13|          3|   16|         48|
    |data_8_val107_phi_reg_1154                    |  13|          3|   16|         48|
    |data_9_val108_phi_reg_1167                    |  13|          3|   16|         48|
    |ir_reg_587                                    |   9|          2|    5|         10|
    |res_0_096_reg_1466                            |   9|          2|   16|         32|
    |res_10_076_reg_1606                           |   9|          2|   16|         32|
    |res_11_074_reg_1620                           |   9|          2|   16|         32|
    |res_12_072_reg_1634                           |   9|          2|   16|         32|
    |res_13_070_reg_1648                           |   9|          2|   16|         32|
    |res_1445_068_reg_1662                         |   9|          2|   16|         32|
    |res_15_066_reg_1676                           |   9|          2|   16|         32|
    |res_16_064_reg_1690                           |   9|          2|   16|         32|
    |res_17_062_reg_1704                           |   9|          2|   16|         32|
    |res_18_060_reg_1718                           |   9|          2|   16|         32|
    |res_19_058_reg_1732                           |   9|          2|   16|         32|
    |res_1_094_reg_1480                            |   9|          2|   16|         32|
    |res_20_056_reg_1746                           |   9|          2|   16|         32|
    |res_21_054_reg_1760                           |   9|          2|   16|         32|
    |res_22_052_reg_1774                           |   9|          2|   16|         32|
    |res_23_050_reg_1788                           |   9|          2|   16|         32|
    |res_24_048_reg_1802                           |   9|          2|   16|         32|
    |res_25_046_reg_1816                           |   9|          2|   16|         32|
    |res_26_044_reg_1830                           |   9|          2|   16|         32|
    |res_2786_042_reg_1844                         |   9|          2|   16|         32|
    |res_28_040_reg_1858                           |   9|          2|   16|         32|
    |res_29_038_reg_1872                           |   9|          2|   16|         32|
    |res_2_092_reg_1494                            |   9|          2|   16|         32|
    |res_30_036_reg_1886                           |   9|          2|   16|         32|
    |res_31_034_reg_1900                           |   9|          2|   16|         32|
    |res_32_032_reg_1914                           |   9|          2|   16|         32|
    |res_33_030_reg_1928                           |   9|          2|   16|         32|
    |res_34_028_reg_1942                           |   9|          2|   16|         32|
    |res_35_026_reg_1956                           |   9|          2|   16|         32|
    |res_36_024_reg_1970                           |   9|          2|   16|         32|
    |res_37_022_reg_1984                           |   9|          2|   16|         32|
    |res_38_020_reg_1998                           |   9|          2|   16|         32|
    |res_39_018_reg_2012                           |   9|          2|   16|         32|
    |res_3_090_reg_1508                            |   9|          2|   16|         32|
    |res_40_016_reg_2026                           |   9|          2|   16|         32|
    |res_41_014_reg_2040                           |   9|          2|   16|         32|
    |res_42_012_reg_2054                           |   9|          2|   16|         32|
    |res_43_010_reg_2068                           |   9|          2|   16|         32|
    |res_44_08_reg_2082                            |   9|          2|   16|         32|
    |res_45_06_reg_2096                            |   9|          2|   16|         32|
    |res_46_04_reg_2110                            |   9|          2|   16|         32|
    |res_4_088_reg_1522                            |   9|          2|   16|         32|
    |res_5_086_reg_1536                            |   9|          2|   16|         32|
    |res_6_084_reg_1550                            |   9|          2|   16|         32|
    |res_7_082_reg_1564                            |   9|          2|   16|         32|
    |res_8_080_reg_1578                            |   9|          2|   16|         32|
    |res_9_078_reg_1592                            |   9|          2|   16|         32|
    +----------------------------------------------+----+-----------+-----+-----------+
    |Total                                         |1731|        392| 2541|       6112|
    +----------------------------------------------+----+-----------+-----+-----------+

    * Register: 
    +-----------------------------+----+----+-----+-----------+
    |             Name            | FF | LUT| Bits| Const Bits|
    +-----------------------------+----+----+-----+-----------+
    |a_reg_4172                   |  16|   0|   16|          0|
    |ap_CS_fsm                    |   2|   0|    2|          0|
    |ap_enable_reg_pp0_iter1      |   1|   0|    1|          0|
    |ap_enable_reg_pp0_iter2      |   1|   0|    1|          0|
    |ap_enable_reg_pp0_iter3      |   1|   0|    1|          0|
    |ap_enable_reg_pp0_iter4      |   1|   0|    1|          0|
    |ap_return_0_preg             |  16|   0|   16|          0|
    |ap_return_10_preg            |  16|   0|   16|          0|
    |ap_return_11_preg            |  16|   0|   16|          0|
    |ap_return_12_preg            |  16|   0|   16|          0|
    |ap_return_13_preg            |  16|   0|   16|          0|
    |ap_return_14_preg            |  16|   0|   16|          0|
    |ap_return_15_preg            |  16|   0|   16|          0|
    |ap_return_16_preg            |  16|   0|   16|          0|
    |ap_return_17_preg            |  16|   0|   16|          0|
    |ap_return_18_preg            |  16|   0|   16|          0|
    |ap_return_19_preg            |  16|   0|   16|          0|
    |ap_return_1_preg             |  16|   0|   16|          0|
    |ap_return_20_preg            |  16|   0|   16|          0|
    |ap_return_21_preg            |  16|   0|   16|          0|
    |ap_return_22_preg            |  16|   0|   16|          0|
    |ap_return_23_preg            |  16|   0|   16|          0|
    |ap_return_24_preg            |  16|   0|   16|          0|
    |ap_return_25_preg            |  16|   0|   16|          0|
    |ap_return_26_preg            |  16|   0|   16|          0|
    |ap_return_27_preg            |  16|   0|   16|          0|
    |ap_return_28_preg            |  16|   0|   16|          0|
    |ap_return_29_preg            |  16|   0|   16|          0|
    |ap_return_2_preg             |  16|   0|   16|          0|
    |ap_return_30_preg            |  16|   0|   16|          0|
    |ap_return_31_preg            |  16|   0|   16|          0|
    |ap_return_32_preg            |  16|   0|   16|          0|
    |ap_return_33_preg            |  16|   0|   16|          0|
    |ap_return_34_preg            |  16|   0|   16|          0|
    |ap_return_35_preg            |  16|   0|   16|          0|
    |ap_return_36_preg            |  16|   0|   16|          0|
    |ap_return_37_preg            |  16|   0|   16|          0|
    |ap_return_38_preg            |  16|   0|   16|          0|
    |ap_return_39_preg            |  16|   0|   16|          0|
    |ap_return_3_preg             |  16|   0|   16|          0|
    |ap_return_40_preg            |  16|   0|   16|          0|
    |ap_return_41_preg            |  16|   0|   16|          0|
    |ap_return_42_preg            |  16|   0|   16|          0|
    |ap_return_43_preg            |  16|   0|   16|          0|
    |ap_return_44_preg            |  16|   0|   16|          0|
    |ap_return_45_preg            |  16|   0|   16|          0|
    |ap_return_46_preg            |  16|   0|   16|          0|
    |ap_return_4_preg             |  16|   0|   16|          0|
    |ap_return_5_preg             |  16|   0|   16|          0|
    |ap_return_6_preg             |  16|   0|   16|          0|
    |ap_return_7_preg             |  16|   0|   16|          0|
    |ap_return_8_preg             |  16|   0|   16|          0|
    |ap_return_9_preg             |  16|   0|   16|          0|
    |data_0_val99_phi_reg_1050    |  16|   0|   16|          0|
    |data_10_val109_phi_reg_1180  |  16|   0|   16|          0|
    |data_11_val110_phi_reg_1193  |  16|   0|   16|          0|
    |data_12_val111_phi_reg_1206  |  16|   0|   16|          0|
    |data_13_val112_phi_reg_1219  |  16|   0|   16|          0|
    |data_14_val113_phi_reg_1232  |  16|   0|   16|          0|
    |data_15_val114_phi_reg_1245  |  16|   0|   16|          0|
    |data_16_val115_phi_reg_1258  |  16|   0|   16|          0|
    |data_17_val116_phi_reg_1271  |  16|   0|   16|          0|
    |data_18_val117_phi_reg_1284  |  16|   0|   16|          0|
    |data_19_val118_phi_reg_1297  |  16|   0|   16|          0|
    |data_1_val100_phi_reg_1063   |  16|   0|   16|          0|
    |data_20_val119_phi_reg_1310  |  16|   0|   16|          0|
    |data_21_val120_phi_reg_1323  |  16|   0|   16|          0|
    |data_22_val121_phi_reg_1336  |  16|   0|   16|          0|
    |data_23_val122_phi_reg_1349  |  16|   0|   16|          0|
    |data_24_val123_phi_reg_1362  |  16|   0|   16|          0|
    |data_25_val124_phi_reg_1375  |  16|   0|   16|          0|
    |data_26_val125_phi_reg_1388  |  16|   0|   16|          0|
    |data_27_val126_phi_reg_1401  |  16|   0|   16|          0|
    |data_28_val127_phi_reg_1414  |  16|   0|   16|          0|
    |data_29_val128_phi_reg_1427  |  16|   0|   16|          0|
    |data_2_val101_phi_reg_1076   |  16|   0|   16|          0|
    |data_30_val129_phi_reg_1440  |  16|   0|   16|          0|
    |data_31_val130_phi_reg_1453  |  16|   0|   16|          0|
    |data_3_val102_phi_reg_1089   |  16|   0|   16|          0|
    |data_4_val103_phi_reg_1102   |  16|   0|   16|          0|
    |data_5_val104_phi_reg_1115   |  16|   0|   16|          0|
    |data_6_val105_phi_reg_1128   |  16|   0|   16|          0|
    |data_7_val106_phi_reg_1141   |  16|   0|   16|          0|
    |data_8_val107_phi_reg_1154   |  16|   0|   16|          0|
    |data_9_val108_phi_reg_1167   |  16|   0|   16|          0|
    |do_init_reg_571              |   1|   0|    1|          0|
    |icmp_ln46_reg_4168           |   1|   0|    1|          0|
    |ir_reg_587                   |   5|   0|    5|          0|
    |res_0_096_reg_1466           |  16|   0|   16|          0|
    |res_10_076_reg_1606          |  16|   0|   16|          0|
    |res_11_074_reg_1620          |  16|   0|   16|          0|
    |res_12_072_reg_1634          |  16|   0|   16|          0|
    |res_13_070_reg_1648          |  16|   0|   16|          0|
    |res_1445_068_reg_1662        |  16|   0|   16|          0|
    |res_15_066_reg_1676          |  16|   0|   16|          0|
    |res_16_064_reg_1690          |  16|   0|   16|          0|
    |res_17_062_reg_1704          |  16|   0|   16|          0|
    |res_18_060_reg_1718          |  16|   0|   16|          0|
    |res_19_058_reg_1732          |  16|   0|   16|          0|
    |res_1_094_reg_1480           |  16|   0|   16|          0|
    |res_20_056_reg_1746          |  16|   0|   16|          0|
    |res_21_054_reg_1760          |  16|   0|   16|          0|
    |res_22_052_reg_1774          |  16|   0|   16|          0|
    |res_23_050_reg_1788          |  16|   0|   16|          0|
    |res_24_048_reg_1802          |  16|   0|   16|          0|
    |res_25_046_reg_1816          |  16|   0|   16|          0|
    |res_26_044_reg_1830          |  16|   0|   16|          0|
    |res_2786_042_reg_1844        |  16|   0|   16|          0|
    |res_28_040_reg_1858          |  16|   0|   16|          0|
    |res_29_038_reg_1872          |  16|   0|   16|          0|
    |res_2_092_reg_1494           |  16|   0|   16|          0|
    |res_30_036_reg_1886          |  16|   0|   16|          0|
    |res_31_034_reg_1900          |  16|   0|   16|          0|
    |res_32_032_reg_1914          |  16|   0|   16|          0|
    |res_33_030_reg_1928          |  16|   0|   16|          0|
    |res_34_028_reg_1942          |  16|   0|   16|          0|
    |res_35_026_reg_1956          |  16|   0|   16|          0|
    |res_36_024_reg_1970          |  16|   0|   16|          0|
    |res_37_022_reg_1984          |  16|   0|   16|          0|
    |res_38_020_reg_1998          |  16|   0|   16|          0|
    |res_39_018_reg_2012          |  16|   0|   16|          0|
    |res_3_090_reg_1508           |  16|   0|   16|          0|
    |res_40_016_reg_2026          |  16|   0|   16|          0|
    |res_41_014_reg_2040          |  16|   0|   16|          0|
    |res_42_012_reg_2054          |  16|   0|   16|          0|
    |res_43_010_reg_2068          |  16|   0|   16|          0|
    |res_44_08_reg_2082           |  16|   0|   16|          0|
    |res_45_06_reg_2096           |  16|   0|   16|          0|
    |res_46_04_reg_2110           |  16|   0|   16|          0|
    |res_4_088_reg_1522           |  16|   0|   16|          0|
    |res_5_086_reg_1536           |  16|   0|   16|          0|
    |res_6_084_reg_1550           |  16|   0|   16|          0|
    |res_7_082_reg_1564           |  16|   0|   16|          0|
    |res_8_080_reg_1578           |  16|   0|   16|          0|
    |res_9_078_reg_1592           |  16|   0|   16|          0|
    |tmp_reg_4407                 |  11|   0|   11|          0|
    |trunc_ln4_reg_4698           |  16|   0|   16|          0|
    |trunc_ln58_10_reg_4753       |  16|   0|   16|          0|
    |trunc_ln58_11_reg_4758       |  16|   0|   16|          0|
    |trunc_ln58_12_reg_4763       |  16|   0|   16|          0|
    |trunc_ln58_13_reg_4768       |  16|   0|   16|          0|
    |trunc_ln58_14_reg_4773       |  16|   0|   16|          0|
    |trunc_ln58_15_reg_4778       |  16|   0|   16|          0|
    |trunc_ln58_16_reg_4783       |  16|   0|   16|          0|
    |trunc_ln58_17_reg_4788       |  16|   0|   16|          0|
    |trunc_ln58_18_reg_4793       |  16|   0|   16|          0|
    |trunc_ln58_19_reg_4798       |  16|   0|   16|          0|
    |trunc_ln58_1_reg_4718        |  16|   0|   16|          0|
    |trunc_ln58_20_reg_4803       |  16|   0|   16|          0|
    |trunc_ln58_21_reg_4808       |  16|   0|   16|          0|
    |trunc_ln58_22_reg_4813       |  16|   0|   16|          0|
    |trunc_ln58_23_reg_4818       |  16|   0|   16|          0|
    |trunc_ln58_24_reg_4823       |  16|   0|   16|          0|
    |trunc_ln58_25_reg_4828       |  16|   0|   16|          0|
    |trunc_ln58_26_reg_4833       |  16|   0|   16|          0|
    |trunc_ln58_27_reg_4838       |  16|   0|   16|          0|
    |trunc_ln58_28_reg_4843       |  16|   0|   16|          0|
    |trunc_ln58_29_reg_4848       |  16|   0|   16|          0|
    |trunc_ln58_2_reg_4723        |  16|   0|   16|          0|
    |trunc_ln58_30_reg_4853       |  16|   0|   16|          0|
    |trunc_ln58_31_reg_4858       |  16|   0|   16|          0|
    |trunc_ln58_32_reg_4863       |  16|   0|   16|          0|
    |trunc_ln58_33_reg_4868       |  16|   0|   16|          0|
    |trunc_ln58_34_reg_4873       |  16|   0|   16|          0|
    |trunc_ln58_35_reg_4878       |  16|   0|   16|          0|
    |trunc_ln58_36_reg_4883       |  16|   0|   16|          0|
    |trunc_ln58_37_reg_4888       |  16|   0|   16|          0|
    |trunc_ln58_38_reg_4893       |  16|   0|   16|          0|
    |trunc_ln58_39_reg_4898       |  16|   0|   16|          0|
    |trunc_ln58_3_reg_4728        |  16|   0|   16|          0|
    |trunc_ln58_40_reg_4903       |  16|   0|   16|          0|
    |trunc_ln58_41_reg_4908       |  16|   0|   16|          0|
    |trunc_ln58_42_reg_4913       |  16|   0|   16|          0|
    |trunc_ln58_43_reg_4918       |  16|   0|   16|          0|
    |trunc_ln58_44_reg_4923       |  16|   0|   16|          0|
    |trunc_ln58_45_reg_4928       |  16|   0|   16|          0|
    |trunc_ln58_4_reg_4733        |  16|   0|   16|          0|
    |trunc_ln58_5_reg_4738        |  16|   0|   16|          0|
    |trunc_ln58_6_reg_4743        |  16|   0|   16|          0|
    |trunc_ln58_7_reg_4748        |  16|   0|   16|          0|
    |trunc_ln58_8_reg_4703        |  16|   0|   16|          0|
    |trunc_ln58_9_reg_4708        |  16|   0|   16|          0|
    |trunc_ln58_s_reg_4713        |  16|   0|   16|          0|
    |w_10_reg_4197                |  16|   0|   16|          0|
    |w_11_reg_4202                |  16|   0|   16|          0|
    |w_12_reg_4207                |  16|   0|   16|          0|
    |w_13_reg_4212                |  16|   0|   16|          0|
    |w_14_reg_4217                |  16|   0|   16|          0|
    |w_15_reg_4222                |  16|   0|   16|          0|
    |w_16_reg_4227                |  16|   0|   16|          0|
    |w_17_reg_4232                |  16|   0|   16|          0|
    |w_18_reg_4237                |  16|   0|   16|          0|
    |w_19_reg_4242                |  16|   0|   16|          0|
    |w_20_reg_4247                |  16|   0|   16|          0|
    |w_21_reg_4252                |  16|   0|   16|          0|
    |w_22_reg_4257                |  16|   0|   16|          0|
    |w_23_reg_4262                |  16|   0|   16|          0|
    |w_24_reg_4267                |  16|   0|   16|          0|
    |w_25_reg_4272                |  16|   0|   16|          0|
    |w_26_reg_4277                |  16|   0|   16|          0|
    |w_27_reg_4282                |  16|   0|   16|          0|
    |w_28_reg_4287                |  16|   0|   16|          0|
    |w_29_reg_4292                |  16|   0|   16|          0|
    |w_30_reg_4297                |  16|   0|   16|          0|
    |w_31_reg_4302                |  16|   0|   16|          0|
    |w_32_reg_4307                |  16|   0|   16|          0|
    |w_33_reg_4312                |  16|   0|   16|          0|
    |w_34_reg_4317                |  16|   0|   16|          0|
    |w_35_reg_4322                |  16|   0|   16|          0|
    |w_36_reg_4327                |  16|   0|   16|          0|
    |w_37_reg_4332                |  16|   0|   16|          0|
    |w_38_reg_4337                |  16|   0|   16|          0|
    |w_39_reg_4342                |  16|   0|   16|          0|
    |w_40_reg_4347                |  16|   0|   16|          0|
    |w_41_reg_4352                |  16|   0|   16|          0|
    |w_42_reg_4357                |  16|   0|   16|          0|
    |w_43_reg_4362                |  16|   0|   16|          0|
    |w_44_reg_4367                |  16|   0|   16|          0|
    |w_45_reg_4372                |  16|   0|   16|          0|
    |w_46_reg_4377                |  16|   0|   16|          0|
    |w_47_reg_4382                |  16|   0|   16|          0|
    |w_48_reg_4387                |  16|   0|   16|          0|
    |w_49_reg_4392                |  16|   0|   16|          0|
    |w_50_reg_4397                |  16|   0|   16|          0|
    |w_51_reg_4402                |  16|   0|   16|          0|
    |w_7_reg_4182                 |  16|   0|   16|          0|
    |w_8_reg_4187                 |  16|   0|   16|          0|
    |w_9_reg_4192                 |  16|   0|   16|          0|
    |w_index_reg_4163             |   5|   0|    5|          0|
    |w_reg_4177                   |  16|   0|   16|          0|
    |icmp_ln46_reg_4168           |  64|  32|    1|          0|
    +-----------------------------+----+----+-----+-----------+
    |Total                        |3613|  32| 3550|          0|
    +-----------------------------+----+----+-----+-----------+



================================================================
== Interface
================================================================
* Summary: 
+--------------+-----+-----+------------+-------------------------------------------------------------------+--------------+
|   RTL Ports  | Dir | Bits|  Protocol  |                           Source Object                           |    C Type    |
+--------------+-----+-----+------------+-------------------------------------------------------------------+--------------+
|ap_clk        |   in|    1|  ap_ctrl_hs|  dense_resource_rf_leq_nin<ap_fixed,ap_fixed<16,6,5,3,0>,config26>|  return value|
|ap_rst        |   in|    1|  ap_ctrl_hs|  dense_resource_rf_leq_nin<ap_fixed,ap_fixed<16,6,5,3,0>,config26>|  return value|
|ap_start      |   in|    1|  ap_ctrl_hs|  dense_resource_rf_leq_nin<ap_fixed,ap_fixed<16,6,5,3,0>,config26>|  return value|
|ap_done       |  out|    1|  ap_ctrl_hs|  dense_resource_rf_leq_nin<ap_fixed,ap_fixed<16,6,5,3,0>,config26>|  return value|
|ap_idle       |  out|    1|  ap_ctrl_hs|  dense_resource_rf_leq_nin<ap_fixed,ap_fixed<16,6,5,3,0>,config26>|  return value|
|ap_ready      |  out|    1|  ap_ctrl_hs|  dense_resource_rf_leq_nin<ap_fixed,ap_fixed<16,6,5,3,0>,config26>|  return value|
|ap_return_0   |  out|   16|  ap_ctrl_hs|  dense_resource_rf_leq_nin<ap_fixed,ap_fixed<16,6,5,3,0>,config26>|  return value|
|ap_return_1   |  out|   16|  ap_ctrl_hs|  dense_resource_rf_leq_nin<ap_fixed,ap_fixed<16,6,5,3,0>,config26>|  return value|
|ap_return_2   |  out|   16|  ap_ctrl_hs|  dense_resource_rf_leq_nin<ap_fixed,ap_fixed<16,6,5,3,0>,config26>|  return value|
|ap_return_3   |  out|   16|  ap_ctrl_hs|  dense_resource_rf_leq_nin<ap_fixed,ap_fixed<16,6,5,3,0>,config26>|  return value|
|ap_return_4   |  out|   16|  ap_ctrl_hs|  dense_resource_rf_leq_nin<ap_fixed,ap_fixed<16,6,5,3,0>,config26>|  return value|
|ap_return_5   |  out|   16|  ap_ctrl_hs|  dense_resource_rf_leq_nin<ap_fixed,ap_fixed<16,6,5,3,0>,config26>|  return value|
|ap_return_6   |  out|   16|  ap_ctrl_hs|  dense_resource_rf_leq_nin<ap_fixed,ap_fixed<16,6,5,3,0>,config26>|  return value|
|ap_return_7   |  out|   16|  ap_ctrl_hs|  dense_resource_rf_leq_nin<ap_fixed,ap_fixed<16,6,5,3,0>,config26>|  return value|
|ap_return_8   |  out|   16|  ap_ctrl_hs|  dense_resource_rf_leq_nin<ap_fixed,ap_fixed<16,6,5,3,0>,config26>|  return value|
|ap_return_9   |  out|   16|  ap_ctrl_hs|  dense_resource_rf_leq_nin<ap_fixed,ap_fixed<16,6,5,3,0>,config26>|  return value|
|ap_return_10  |  out|   16|  ap_ctrl_hs|  dense_resource_rf_leq_nin<ap_fixed,ap_fixed<16,6,5,3,0>,config26>|  return value|
|ap_return_11  |  out|   16|  ap_ctrl_hs|  dense_resource_rf_leq_nin<ap_fixed,ap_fixed<16,6,5,3,0>,config26>|  return value|
|ap_return_12  |  out|   16|  ap_ctrl_hs|  dense_resource_rf_leq_nin<ap_fixed,ap_fixed<16,6,5,3,0>,config26>|  return value|
|ap_return_13  |  out|   16|  ap_ctrl_hs|  dense_resource_rf_leq_nin<ap_fixed,ap_fixed<16,6,5,3,0>,config26>|  return value|
|ap_return_14  |  out|   16|  ap_ctrl_hs|  dense_resource_rf_leq_nin<ap_fixed,ap_fixed<16,6,5,3,0>,config26>|  return value|
|ap_return_15  |  out|   16|  ap_ctrl_hs|  dense_resource_rf_leq_nin<ap_fixed,ap_fixed<16,6,5,3,0>,config26>|  return value|
|ap_return_16  |  out|   16|  ap_ctrl_hs|  dense_resource_rf_leq_nin<ap_fixed,ap_fixed<16,6,5,3,0>,config26>|  return value|
|ap_return_17  |  out|   16|  ap_ctrl_hs|  dense_resource_rf_leq_nin<ap_fixed,ap_fixed<16,6,5,3,0>,config26>|  return value|
|ap_return_18  |  out|   16|  ap_ctrl_hs|  dense_resource_rf_leq_nin<ap_fixed,ap_fixed<16,6,5,3,0>,config26>|  return value|
|ap_return_19  |  out|   16|  ap_ctrl_hs|  dense_resource_rf_leq_nin<ap_fixed,ap_fixed<16,6,5,3,0>,config26>|  return value|
|ap_return_20  |  out|   16|  ap_ctrl_hs|  dense_resource_rf_leq_nin<ap_fixed,ap_fixed<16,6,5,3,0>,config26>|  return value|
|ap_return_21  |  out|   16|  ap_ctrl_hs|  dense_resource_rf_leq_nin<ap_fixed,ap_fixed<16,6,5,3,0>,config26>|  return value|
|ap_return_22  |  out|   16|  ap_ctrl_hs|  dense_resource_rf_leq_nin<ap_fixed,ap_fixed<16,6,5,3,0>,config26>|  return value|
|ap_return_23  |  out|   16|  ap_ctrl_hs|  dense_resource_rf_leq_nin<ap_fixed,ap_fixed<16,6,5,3,0>,config26>|  return value|
|ap_return_24  |  out|   16|  ap_ctrl_hs|  dense_resource_rf_leq_nin<ap_fixed,ap_fixed<16,6,5,3,0>,config26>|  return value|
|ap_return_25  |  out|   16|  ap_ctrl_hs|  dense_resource_rf_leq_nin<ap_fixed,ap_fixed<16,6,5,3,0>,config26>|  return value|
|ap_return_26  |  out|   16|  ap_ctrl_hs|  dense_resource_rf_leq_nin<ap_fixed,ap_fixed<16,6,5,3,0>,config26>|  return value|
|ap_return_27  |  out|   16|  ap_ctrl_hs|  dense_resource_rf_leq_nin<ap_fixed,ap_fixed<16,6,5,3,0>,config26>|  return value|
|ap_return_28  |  out|   16|  ap_ctrl_hs|  dense_resource_rf_leq_nin<ap_fixed,ap_fixed<16,6,5,3,0>,config26>|  return value|
|ap_return_29  |  out|   16|  ap_ctrl_hs|  dense_resource_rf_leq_nin<ap_fixed,ap_fixed<16,6,5,3,0>,config26>|  return value|
|ap_return_30  |  out|   16|  ap_ctrl_hs|  dense_resource_rf_leq_nin<ap_fixed,ap_fixed<16,6,5,3,0>,config26>|  return value|
|ap_return_31  |  out|   16|  ap_ctrl_hs|  dense_resource_rf_leq_nin<ap_fixed,ap_fixed<16,6,5,3,0>,config26>|  return value|
|ap_return_32  |  out|   16|  ap_ctrl_hs|  dense_resource_rf_leq_nin<ap_fixed,ap_fixed<16,6,5,3,0>,config26>|  return value|
|ap_return_33  |  out|   16|  ap_ctrl_hs|  dense_resource_rf_leq_nin<ap_fixed,ap_fixed<16,6,5,3,0>,config26>|  return value|
|ap_return_34  |  out|   16|  ap_ctrl_hs|  dense_resource_rf_leq_nin<ap_fixed,ap_fixed<16,6,5,3,0>,config26>|  return value|
|ap_return_35  |  out|   16|  ap_ctrl_hs|  dense_resource_rf_leq_nin<ap_fixed,ap_fixed<16,6,5,3,0>,config26>|  return value|
|ap_return_36  |  out|   16|  ap_ctrl_hs|  dense_resource_rf_leq_nin<ap_fixed,ap_fixed<16,6,5,3,0>,config26>|  return value|
|ap_return_37  |  out|   16|  ap_ctrl_hs|  dense_resource_rf_leq_nin<ap_fixed,ap_fixed<16,6,5,3,0>,config26>|  return value|
|ap_return_38  |  out|   16|  ap_ctrl_hs|  dense_resource_rf_leq_nin<ap_fixed,ap_fixed<16,6,5,3,0>,config26>|  return value|
|ap_return_39  |  out|   16|  ap_ctrl_hs|  dense_resource_rf_leq_nin<ap_fixed,ap_fixed<16,6,5,3,0>,config26>|  return value|
|ap_return_40  |  out|   16|  ap_ctrl_hs|  dense_resource_rf_leq_nin<ap_fixed,ap_fixed<16,6,5,3,0>,config26>|  return value|
|ap_return_41  |  out|   16|  ap_ctrl_hs|  dense_resource_rf_leq_nin<ap_fixed,ap_fixed<16,6,5,3,0>,config26>|  return value|
|ap_return_42  |  out|   16|  ap_ctrl_hs|  dense_resource_rf_leq_nin<ap_fixed,ap_fixed<16,6,5,3,0>,config26>|  return value|
|ap_return_43  |  out|   16|  ap_ctrl_hs|  dense_resource_rf_leq_nin<ap_fixed,ap_fixed<16,6,5,3,0>,config26>|  return value|
|ap_return_44  |  out|   16|  ap_ctrl_hs|  dense_resource_rf_leq_nin<ap_fixed,ap_fixed<16,6,5,3,0>,config26>|  return value|
|ap_return_45  |  out|   16|  ap_ctrl_hs|  dense_resource_rf_leq_nin<ap_fixed,ap_fixed<16,6,5,3,0>,config26>|  return value|
|ap_return_46  |  out|   16|  ap_ctrl_hs|  dense_resource_rf_leq_nin<ap_fixed,ap_fixed<16,6,5,3,0>,config26>|  return value|
|data_0_val    |   in|   16|     ap_none|                                                         data_0_val|        scalar|
|data_1_val    |   in|   16|     ap_none|                                                         data_1_val|        scalar|
|data_2_val    |   in|   16|     ap_none|                                                         data_2_val|        scalar|
|data_3_val    |   in|   16|     ap_none|                                                         data_3_val|        scalar|
|data_4_val    |   in|   16|     ap_none|                                                         data_4_val|        scalar|
|data_5_val    |   in|   16|     ap_none|                                                         data_5_val|        scalar|
|data_6_val    |   in|   16|     ap_none|                                                         data_6_val|        scalar|
|data_7_val    |   in|   16|     ap_none|                                                         data_7_val|        scalar|
|data_8_val    |   in|   16|     ap_none|                                                         data_8_val|        scalar|
|data_9_val    |   in|   16|     ap_none|                                                         data_9_val|        scalar|
|data_10_val   |   in|   16|     ap_none|                                                        data_10_val|        scalar|
|data_11_val   |   in|   16|     ap_none|                                                        data_11_val|        scalar|
|data_12_val   |   in|   16|     ap_none|                                                        data_12_val|        scalar|
|data_13_val   |   in|   16|     ap_none|                                                        data_13_val|        scalar|
|data_14_val   |   in|   16|     ap_none|                                                        data_14_val|        scalar|
|data_15_val   |   in|   16|     ap_none|                                                        data_15_val|        scalar|
|data_16_val   |   in|   16|     ap_none|                                                        data_16_val|        scalar|
|data_17_val   |   in|   16|     ap_none|                                                        data_17_val|        scalar|
|data_18_val   |   in|   16|     ap_none|                                                        data_18_val|        scalar|
|data_19_val   |   in|   16|     ap_none|                                                        data_19_val|        scalar|
|data_20_val   |   in|   16|     ap_none|                                                        data_20_val|        scalar|
|data_21_val   |   in|   16|     ap_none|                                                        data_21_val|        scalar|
|data_22_val   |   in|   16|     ap_none|                                                        data_22_val|        scalar|
|data_23_val   |   in|   16|     ap_none|                                                        data_23_val|        scalar|
|data_24_val   |   in|   16|     ap_none|                                                        data_24_val|        scalar|
|data_25_val   |   in|   16|     ap_none|                                                        data_25_val|        scalar|
|data_26_val   |   in|   16|     ap_none|                                                        data_26_val|        scalar|
|data_27_val   |   in|   16|     ap_none|                                                        data_27_val|        scalar|
|data_28_val   |   in|   16|     ap_none|                                                        data_28_val|        scalar|
|data_29_val   |   in|   16|     ap_none|                                                        data_29_val|        scalar|
|data_30_val   |   in|   16|     ap_none|                                                        data_30_val|        scalar|
|data_31_val   |   in|   16|     ap_none|                                                        data_31_val|        scalar|
+--------------+-----+-----+------------+-------------------------------------------------------------------+--------------+

============================================================
+ Verbose Summary: Synthesis Manager
============================================================
InlineROM: 1
ExposeGlobal: 0
============================================================
+ Verbose Summary: CDFG Model
============================================================
IsTopModel: 0
ResetActiveHigh: 1
IsCombinational: 2
IsDatapathOnly: 2
HasWiredReturn: 1
HasMFsm: 2
HasVarLatency: 1
IsPipeline: 0
IsRtlPipelined: 0
IsInstanceOverlapped: 0
IsDontTouch: 0
HasImplIP: 0
IsGatedGlobalClock: 0

+ Individual pipeline summary: 
  * Pipeline-0: initiation interval (II) = 1, depth = 5


============================================================
+ Verbose Summary: Schedule
============================================================
* Number of FSM states : 6
* Pipeline : 1
  Pipeline-0 : II = 1, D = 5, States = { 2 3 4 5 6 }
* Dataflow Pipeline: 0

* FSM state transitions: 
1 --> 2 
2 --> 3 
3 --> 4 
4 --> 5 
5 --> 6 
6 --> 2 

* FSM state operations: 

State 1 <SV = 0> <Delay = 1.61>
ST_1 : Operation 7 [1/1] (1.61ns)   --->   "%br_ln46 = br void %rewind_header" [firmware/nnet_utils/nnet_dense_resource.h:46]   --->   Operation 7 'br' 'br_ln46' <Predicate = true> <Delay = 1.61>

State 2 <SV = 1> <Delay = 3.25>
ST_2 : Operation 8 [1/1] (0.00ns)   --->   "%do_init = phi i1 1, void %entry, i1 0, void %MultLoop.split, i1 1, void %Result"   --->   Operation 8 'phi' 'do_init' <Predicate = true> <Delay = 0.00>
ST_2 : Operation 9 [1/1] (0.00ns)   --->   "%ir = phi i5 0, void %entry, i5 %w_index, void %MultLoop.split, i5 0, void %Result"   --->   Operation 9 'phi' 'ir' <Predicate = true> <Delay = 0.00>
ST_2 : Operation 10 [1/1] (1.61ns)   --->   "%br_ln0 = br i1 %do_init, void %MultLoop.split, void %rewind_init"   --->   Operation 10 'br' 'br_ln0' <Predicate = true> <Delay = 1.61>
ST_2 : Operation 11 [1/1] (1.61ns)   --->   "%br_ln46 = br void %MultLoop.split" [firmware/nnet_utils/nnet_dense_resource.h:46]   --->   Operation 11 'br' 'br_ln46' <Predicate = (do_init)> <Delay = 1.61>
ST_2 : Operation 12 [1/1] (0.00ns)   --->   "%zext_ln46 = zext i5 %ir" [firmware/nnet_utils/nnet_dense_resource.h:46]   --->   Operation 12 'zext' 'zext_ln46' <Predicate = true> <Delay = 0.00>
ST_2 : Operation 13 [1/1] (0.00ns)   --->   "%w26_addr = getelementptr i747 %w26, i64 0, i64 %zext_ln46" [firmware/nnet_utils/nnet_dense_resource.h:59]   --->   Operation 13 'getelementptr' 'w26_addr' <Predicate = true> <Delay = 0.00>
ST_2 : Operation 14 [2/2] (3.25ns)   --->   "%w26_load = load i5 %w26_addr" [firmware/nnet_utils/nnet_dense_resource.h:59]   --->   Operation 14 'load' 'w26_load' <Predicate = true> <Delay = 3.25> <CoreInst = "ROM_nP_BRAM">   --->   Core 102 'ROM_nP_BRAM' <Latency = 1> <II = 1> <Delay = 3.25> <Storage> <Opcode : 'load'> <Ports = 0> <Width = 747> <Depth = 32> <ROM>
ST_2 : Operation 15 [1/1] (1.86ns)   --->   "%w_index = add i5 %ir, i5 1" [firmware/nnet_utils/nnet_dense_resource.h:46]   --->   Operation 15 'add' 'w_index' <Predicate = true> <Delay = 1.86> <CoreInst = "Adder">   --->   Core 1 'Adder' <Latency = 0> <II = 1> <Delay = 1.86> <FuncUnit> <Opcode : 'add' 'sub'> <InPorts = 2> <OutPorts = 1>
ST_2 : Operation 16 [1/1] (1.86ns)   --->   "%icmp_ln46 = icmp_eq  i5 %ir, i5 31" [firmware/nnet_utils/nnet_dense_resource.h:46]   --->   Operation 16 'icmp' 'icmp_ln46' <Predicate = true> <Delay = 1.86> <CoreInst = "Cmp">   --->   Core 9 'Cmp' <Latency = 0> <II = 1> <Delay = 1.86> <FuncUnit> <Opcode : 'seteq' 'setne' 'setle' 'setge' 'setlt' 'setgt'> <InPorts = 2> <OutPorts = 1>
ST_2 : Operation 17 [1/1] (0.00ns)   --->   "%br_ln46 = br i1 %icmp_ln46, void %rewind_header, void %Result" [firmware/nnet_utils/nnet_dense_resource.h:46]   --->   Operation 17 'br' 'br_ln46' <Predicate = true> <Delay = 0.00>
ST_2 : Operation 18 [1/1] (0.00ns)   --->   "%br_ln84 = br void %rewind_header" [firmware/nnet_utils/nnet_dense_resource.h:84]   --->   Operation 18 'br' 'br_ln84' <Predicate = (icmp_ln46)> <Delay = 0.00>

State 3 <SV = 2> <Delay = 3.25>
ST_3 : Operation 19 [1/1] (0.00ns)   --->   "%data_0_val99_rewind = phi i16 0, void %entry, i16 %data_0_val99_phi, void %MultLoop.split, i16 0, void %Result" [firmware/nnet_utils/nnet_dense_resource.h:46]   --->   Operation 19 'phi' 'data_0_val99_rewind' <Predicate = true> <Delay = 0.00>
ST_3 : Operation 20 [1/1] (0.00ns)   --->   "%data_1_val100_rewind = phi i16 0, void %entry, i16 %data_1_val100_phi, void %MultLoop.split, i16 0, void %Result" [firmware/nnet_utils/nnet_dense_resource.h:46]   --->   Operation 20 'phi' 'data_1_val100_rewind' <Predicate = true> <Delay = 0.00>
ST_3 : Operation 21 [1/1] (0.00ns)   --->   "%data_2_val101_rewind = phi i16 0, void %entry, i16 %data_2_val101_phi, void %MultLoop.split, i16 0, void %Result" [firmware/nnet_utils/nnet_dense_resource.h:46]   --->   Operation 21 'phi' 'data_2_val101_rewind' <Predicate = true> <Delay = 0.00>
ST_3 : Operation 22 [1/1] (0.00ns)   --->   "%data_3_val102_rewind = phi i16 0, void %entry, i16 %data_3_val102_phi, void %MultLoop.split, i16 0, void %Result" [firmware/nnet_utils/nnet_dense_resource.h:46]   --->   Operation 22 'phi' 'data_3_val102_rewind' <Predicate = true> <Delay = 0.00>
ST_3 : Operation 23 [1/1] (0.00ns)   --->   "%data_4_val103_rewind = phi i16 0, void %entry, i16 %data_4_val103_phi, void %MultLoop.split, i16 0, void %Result" [firmware/nnet_utils/nnet_dense_resource.h:46]   --->   Operation 23 'phi' 'data_4_val103_rewind' <Predicate = true> <Delay = 0.00>
ST_3 : Operation 24 [1/1] (0.00ns)   --->   "%data_5_val104_rewind = phi i16 0, void %entry, i16 %data_5_val104_phi, void %MultLoop.split, i16 0, void %Result" [firmware/nnet_utils/nnet_dense_resource.h:46]   --->   Operation 24 'phi' 'data_5_val104_rewind' <Predicate = true> <Delay = 0.00>
ST_3 : Operation 25 [1/1] (0.00ns)   --->   "%data_6_val105_rewind = phi i16 0, void %entry, i16 %data_6_val105_phi, void %MultLoop.split, i16 0, void %Result" [firmware/nnet_utils/nnet_dense_resource.h:46]   --->   Operation 25 'phi' 'data_6_val105_rewind' <Predicate = true> <Delay = 0.00>
ST_3 : Operation 26 [1/1] (0.00ns)   --->   "%data_7_val106_rewind = phi i16 0, void %entry, i16 %data_7_val106_phi, void %MultLoop.split, i16 0, void %Result" [firmware/nnet_utils/nnet_dense_resource.h:46]   --->   Operation 26 'phi' 'data_7_val106_rewind' <Predicate = true> <Delay = 0.00>
ST_3 : Operation 27 [1/1] (0.00ns)   --->   "%data_8_val107_rewind = phi i16 0, void %entry, i16 %data_8_val107_phi, void %MultLoop.split, i16 0, void %Result" [firmware/nnet_utils/nnet_dense_resource.h:46]   --->   Operation 27 'phi' 'data_8_val107_rewind' <Predicate = true> <Delay = 0.00>
ST_3 : Operation 28 [1/1] (0.00ns)   --->   "%data_9_val108_rewind = phi i16 0, void %entry, i16 %data_9_val108_phi, void %MultLoop.split, i16 0, void %Result" [firmware/nnet_utils/nnet_dense_resource.h:46]   --->   Operation 28 'phi' 'data_9_val108_rewind' <Predicate = true> <Delay = 0.00>
ST_3 : Operation 29 [1/1] (0.00ns)   --->   "%data_10_val109_rewind = phi i16 0, void %entry, i16 %data_10_val109_phi, void %MultLoop.split, i16 0, void %Result" [firmware/nnet_utils/nnet_dense_resource.h:46]   --->   Operation 29 'phi' 'data_10_val109_rewind' <Predicate = true> <Delay = 0.00>
ST_3 : Operation 30 [1/1] (0.00ns)   --->   "%data_11_val110_rewind = phi i16 0, void %entry, i16 %data_11_val110_phi, void %MultLoop.split, i16 0, void %Result" [firmware/nnet_utils/nnet_dense_resource.h:46]   --->   Operation 30 'phi' 'data_11_val110_rewind' <Predicate = true> <Delay = 0.00>
ST_3 : Operation 31 [1/1] (0.00ns)   --->   "%data_12_val111_rewind = phi i16 0, void %entry, i16 %data_12_val111_phi, void %MultLoop.split, i16 0, void %Result" [firmware/nnet_utils/nnet_dense_resource.h:46]   --->   Operation 31 'phi' 'data_12_val111_rewind' <Predicate = true> <Delay = 0.00>
ST_3 : Operation 32 [1/1] (0.00ns)   --->   "%data_13_val112_rewind = phi i16 0, void %entry, i16 %data_13_val112_phi, void %MultLoop.split, i16 0, void %Result" [firmware/nnet_utils/nnet_dense_resource.h:46]   --->   Operation 32 'phi' 'data_13_val112_rewind' <Predicate = true> <Delay = 0.00>
ST_3 : Operation 33 [1/1] (0.00ns)   --->   "%data_14_val113_rewind = phi i16 0, void %entry, i16 %data_14_val113_phi, void %MultLoop.split, i16 0, void %Result" [firmware/nnet_utils/nnet_dense_resource.h:46]   --->   Operation 33 'phi' 'data_14_val113_rewind' <Predicate = true> <Delay = 0.00>
ST_3 : Operation 34 [1/1] (0.00ns)   --->   "%data_15_val114_rewind = phi i16 0, void %entry, i16 %data_15_val114_phi, void %MultLoop.split, i16 0, void %Result" [firmware/nnet_utils/nnet_dense_resource.h:46]   --->   Operation 34 'phi' 'data_15_val114_rewind' <Predicate = true> <Delay = 0.00>
ST_3 : Operation 35 [1/1] (0.00ns)   --->   "%data_16_val115_rewind = phi i16 0, void %entry, i16 %data_16_val115_phi, void %MultLoop.split, i16 0, void %Result" [firmware/nnet_utils/nnet_dense_resource.h:46]   --->   Operation 35 'phi' 'data_16_val115_rewind' <Predicate = true> <Delay = 0.00>
ST_3 : Operation 36 [1/1] (0.00ns)   --->   "%data_17_val116_rewind = phi i16 0, void %entry, i16 %data_17_val116_phi, void %MultLoop.split, i16 0, void %Result" [firmware/nnet_utils/nnet_dense_resource.h:46]   --->   Operation 36 'phi' 'data_17_val116_rewind' <Predicate = true> <Delay = 0.00>
ST_3 : Operation 37 [1/1] (0.00ns)   --->   "%data_18_val117_rewind = phi i16 0, void %entry, i16 %data_18_val117_phi, void %MultLoop.split, i16 0, void %Result" [firmware/nnet_utils/nnet_dense_resource.h:46]   --->   Operation 37 'phi' 'data_18_val117_rewind' <Predicate = true> <Delay = 0.00>
ST_3 : Operation 38 [1/1] (0.00ns)   --->   "%data_19_val118_rewind = phi i16 0, void %entry, i16 %data_19_val118_phi, void %MultLoop.split, i16 0, void %Result" [firmware/nnet_utils/nnet_dense_resource.h:46]   --->   Operation 38 'phi' 'data_19_val118_rewind' <Predicate = true> <Delay = 0.00>
ST_3 : Operation 39 [1/1] (0.00ns)   --->   "%data_20_val119_rewind = phi i16 0, void %entry, i16 %data_20_val119_phi, void %MultLoop.split, i16 0, void %Result" [firmware/nnet_utils/nnet_dense_resource.h:46]   --->   Operation 39 'phi' 'data_20_val119_rewind' <Predicate = true> <Delay = 0.00>
ST_3 : Operation 40 [1/1] (0.00ns)   --->   "%data_21_val120_rewind = phi i16 0, void %entry, i16 %data_21_val120_phi, void %MultLoop.split, i16 0, void %Result" [firmware/nnet_utils/nnet_dense_resource.h:46]   --->   Operation 40 'phi' 'data_21_val120_rewind' <Predicate = true> <Delay = 0.00>
ST_3 : Operation 41 [1/1] (0.00ns)   --->   "%data_22_val121_rewind = phi i16 0, void %entry, i16 %data_22_val121_phi, void %MultLoop.split, i16 0, void %Result" [firmware/nnet_utils/nnet_dense_resource.h:46]   --->   Operation 41 'phi' 'data_22_val121_rewind' <Predicate = true> <Delay = 0.00>
ST_3 : Operation 42 [1/1] (0.00ns)   --->   "%data_23_val122_rewind = phi i16 0, void %entry, i16 %data_23_val122_phi, void %MultLoop.split, i16 0, void %Result" [firmware/nnet_utils/nnet_dense_resource.h:46]   --->   Operation 42 'phi' 'data_23_val122_rewind' <Predicate = true> <Delay = 0.00>
ST_3 : Operation 43 [1/1] (0.00ns)   --->   "%data_24_val123_rewind = phi i16 0, void %entry, i16 %data_24_val123_phi, void %MultLoop.split, i16 0, void %Result" [firmware/nnet_utils/nnet_dense_resource.h:46]   --->   Operation 43 'phi' 'data_24_val123_rewind' <Predicate = true> <Delay = 0.00>
ST_3 : Operation 44 [1/1] (0.00ns)   --->   "%data_25_val124_rewind = phi i16 0, void %entry, i16 %data_25_val124_phi, void %MultLoop.split, i16 0, void %Result" [firmware/nnet_utils/nnet_dense_resource.h:46]   --->   Operation 44 'phi' 'data_25_val124_rewind' <Predicate = true> <Delay = 0.00>
ST_3 : Operation 45 [1/1] (0.00ns)   --->   "%data_26_val125_rewind = phi i16 0, void %entry, i16 %data_26_val125_phi, void %MultLoop.split, i16 0, void %Result" [firmware/nnet_utils/nnet_dense_resource.h:46]   --->   Operation 45 'phi' 'data_26_val125_rewind' <Predicate = true> <Delay = 0.00>
ST_3 : Operation 46 [1/1] (0.00ns)   --->   "%data_27_val126_rewind = phi i16 0, void %entry, i16 %data_27_val126_phi, void %MultLoop.split, i16 0, void %Result" [firmware/nnet_utils/nnet_dense_resource.h:46]   --->   Operation 46 'phi' 'data_27_val126_rewind' <Predicate = true> <Delay = 0.00>
ST_3 : Operation 47 [1/1] (0.00ns)   --->   "%data_28_val127_rewind = phi i16 0, void %entry, i16 %data_28_val127_phi, void %MultLoop.split, i16 0, void %Result" [firmware/nnet_utils/nnet_dense_resource.h:46]   --->   Operation 47 'phi' 'data_28_val127_rewind' <Predicate = true> <Delay = 0.00>
ST_3 : Operation 48 [1/1] (0.00ns)   --->   "%data_29_val128_rewind = phi i16 0, void %entry, i16 %data_29_val128_phi, void %MultLoop.split, i16 0, void %Result" [firmware/nnet_utils/nnet_dense_resource.h:46]   --->   Operation 48 'phi' 'data_29_val128_rewind' <Predicate = true> <Delay = 0.00>
ST_3 : Operation 49 [1/1] (0.00ns)   --->   "%data_30_val129_rewind = phi i16 0, void %entry, i16 %data_30_val129_phi, void %MultLoop.split, i16 0, void %Result" [firmware/nnet_utils/nnet_dense_resource.h:46]   --->   Operation 49 'phi' 'data_30_val129_rewind' <Predicate = true> <Delay = 0.00>
ST_3 : Operation 50 [1/1] (0.00ns)   --->   "%data_31_val130_rewind = phi i16 0, void %entry, i16 %data_31_val130_phi, void %MultLoop.split, i16 0, void %Result" [firmware/nnet_utils/nnet_dense_resource.h:46]   --->   Operation 50 'phi' 'data_31_val130_rewind' <Predicate = true> <Delay = 0.00>
ST_3 : Operation 51 [1/1] (0.00ns)   --->   "%specmemcore_ln0 = specmemcore void @_ssdm_op_SpecMemCore, i747 %w26, i64 666, i64 38, i64 18446744073709551615, i1 0"   --->   Operation 51 'specmemcore' 'specmemcore_ln0' <Predicate = (do_init)> <Delay = 0.00>
ST_3 : Operation 52 [1/1] (0.00ns)   --->   "%data_31_val_read = read i16 @_ssdm_op_Read.ap_auto.i16, i16 %data_31_val" [firmware/nnet_utils/nnet_dense_resource.h:46]   --->   Operation 52 'read' 'data_31_val_read' <Predicate = (do_init)> <Delay = 0.00>
ST_3 : Operation 53 [1/1] (0.00ns)   --->   "%data_30_val_read = read i16 @_ssdm_op_Read.ap_auto.i16, i16 %data_30_val" [firmware/nnet_utils/nnet_dense_resource.h:46]   --->   Operation 53 'read' 'data_30_val_read' <Predicate = (do_init)> <Delay = 0.00>
ST_3 : Operation 54 [1/1] (0.00ns)   --->   "%data_29_val_read = read i16 @_ssdm_op_Read.ap_auto.i16, i16 %data_29_val" [firmware/nnet_utils/nnet_dense_resource.h:46]   --->   Operation 54 'read' 'data_29_val_read' <Predicate = (do_init)> <Delay = 0.00>
ST_3 : Operation 55 [1/1] (0.00ns)   --->   "%data_28_val_read = read i16 @_ssdm_op_Read.ap_auto.i16, i16 %data_28_val" [firmware/nnet_utils/nnet_dense_resource.h:46]   --->   Operation 55 'read' 'data_28_val_read' <Predicate = (do_init)> <Delay = 0.00>
ST_3 : Operation 56 [1/1] (0.00ns)   --->   "%data_27_val_read = read i16 @_ssdm_op_Read.ap_auto.i16, i16 %data_27_val" [firmware/nnet_utils/nnet_dense_resource.h:46]   --->   Operation 56 'read' 'data_27_val_read' <Predicate = (do_init)> <Delay = 0.00>
ST_3 : Operation 57 [1/1] (0.00ns)   --->   "%data_26_val_read = read i16 @_ssdm_op_Read.ap_auto.i16, i16 %data_26_val" [firmware/nnet_utils/nnet_dense_resource.h:46]   --->   Operation 57 'read' 'data_26_val_read' <Predicate = (do_init)> <Delay = 0.00>
ST_3 : Operation 58 [1/1] (0.00ns)   --->   "%data_25_val_read = read i16 @_ssdm_op_Read.ap_auto.i16, i16 %data_25_val" [firmware/nnet_utils/nnet_dense_resource.h:46]   --->   Operation 58 'read' 'data_25_val_read' <Predicate = (do_init)> <Delay = 0.00>
ST_3 : Operation 59 [1/1] (0.00ns)   --->   "%data_24_val_read = read i16 @_ssdm_op_Read.ap_auto.i16, i16 %data_24_val" [firmware/nnet_utils/nnet_dense_resource.h:46]   --->   Operation 59 'read' 'data_24_val_read' <Predicate = (do_init)> <Delay = 0.00>
ST_3 : Operation 60 [1/1] (0.00ns)   --->   "%data_23_val_read = read i16 @_ssdm_op_Read.ap_auto.i16, i16 %data_23_val" [firmware/nnet_utils/nnet_dense_resource.h:46]   --->   Operation 60 'read' 'data_23_val_read' <Predicate = (do_init)> <Delay = 0.00>
ST_3 : Operation 61 [1/1] (0.00ns)   --->   "%data_22_val_read = read i16 @_ssdm_op_Read.ap_auto.i16, i16 %data_22_val" [firmware/nnet_utils/nnet_dense_resource.h:46]   --->   Operation 61 'read' 'data_22_val_read' <Predicate = (do_init)> <Delay = 0.00>
ST_3 : Operation 62 [1/1] (0.00ns)   --->   "%data_21_val_read = read i16 @_ssdm_op_Read.ap_auto.i16, i16 %data_21_val" [firmware/nnet_utils/nnet_dense_resource.h:46]   --->   Operation 62 'read' 'data_21_val_read' <Predicate = (do_init)> <Delay = 0.00>
ST_3 : Operation 63 [1/1] (0.00ns)   --->   "%data_20_val_read = read i16 @_ssdm_op_Read.ap_auto.i16, i16 %data_20_val" [firmware/nnet_utils/nnet_dense_resource.h:46]   --->   Operation 63 'read' 'data_20_val_read' <Predicate = (do_init)> <Delay = 0.00>
ST_3 : Operation 64 [1/1] (0.00ns)   --->   "%data_19_val_read = read i16 @_ssdm_op_Read.ap_auto.i16, i16 %data_19_val" [firmware/nnet_utils/nnet_dense_resource.h:46]   --->   Operation 64 'read' 'data_19_val_read' <Predicate = (do_init)> <Delay = 0.00>
ST_3 : Operation 65 [1/1] (0.00ns)   --->   "%data_18_val_read = read i16 @_ssdm_op_Read.ap_auto.i16, i16 %data_18_val" [firmware/nnet_utils/nnet_dense_resource.h:46]   --->   Operation 65 'read' 'data_18_val_read' <Predicate = (do_init)> <Delay = 0.00>
ST_3 : Operation 66 [1/1] (0.00ns)   --->   "%data_17_val_read = read i16 @_ssdm_op_Read.ap_auto.i16, i16 %data_17_val" [firmware/nnet_utils/nnet_dense_resource.h:46]   --->   Operation 66 'read' 'data_17_val_read' <Predicate = (do_init)> <Delay = 0.00>
ST_3 : Operation 67 [1/1] (0.00ns)   --->   "%data_16_val_read = read i16 @_ssdm_op_Read.ap_auto.i16, i16 %data_16_val" [firmware/nnet_utils/nnet_dense_resource.h:46]   --->   Operation 67 'read' 'data_16_val_read' <Predicate = (do_init)> <Delay = 0.00>
ST_3 : Operation 68 [1/1] (0.00ns)   --->   "%data_15_val_read = read i16 @_ssdm_op_Read.ap_auto.i16, i16 %data_15_val" [firmware/nnet_utils/nnet_dense_resource.h:46]   --->   Operation 68 'read' 'data_15_val_read' <Predicate = (do_init)> <Delay = 0.00>
ST_3 : Operation 69 [1/1] (0.00ns)   --->   "%data_14_val_read = read i16 @_ssdm_op_Read.ap_auto.i16, i16 %data_14_val" [firmware/nnet_utils/nnet_dense_resource.h:46]   --->   Operation 69 'read' 'data_14_val_read' <Predicate = (do_init)> <Delay = 0.00>
ST_3 : Operation 70 [1/1] (0.00ns)   --->   "%data_13_val_read = read i16 @_ssdm_op_Read.ap_auto.i16, i16 %data_13_val" [firmware/nnet_utils/nnet_dense_resource.h:46]   --->   Operation 70 'read' 'data_13_val_read' <Predicate = (do_init)> <Delay = 0.00>
ST_3 : Operation 71 [1/1] (0.00ns)   --->   "%data_12_val_read = read i16 @_ssdm_op_Read.ap_auto.i16, i16 %data_12_val" [firmware/nnet_utils/nnet_dense_resource.h:46]   --->   Operation 71 'read' 'data_12_val_read' <Predicate = (do_init)> <Delay = 0.00>
ST_3 : Operation 72 [1/1] (0.00ns)   --->   "%data_11_val_read = read i16 @_ssdm_op_Read.ap_auto.i16, i16 %data_11_val" [firmware/nnet_utils/nnet_dense_resource.h:46]   --->   Operation 72 'read' 'data_11_val_read' <Predicate = (do_init)> <Delay = 0.00>
ST_3 : Operation 73 [1/1] (0.00ns)   --->   "%data_10_val_read = read i16 @_ssdm_op_Read.ap_auto.i16, i16 %data_10_val" [firmware/nnet_utils/nnet_dense_resource.h:46]   --->   Operation 73 'read' 'data_10_val_read' <Predicate = (do_init)> <Delay = 0.00>
ST_3 : Operation 74 [1/1] (0.00ns)   --->   "%data_9_val_read = read i16 @_ssdm_op_Read.ap_auto.i16, i16 %data_9_val" [firmware/nnet_utils/nnet_dense_resource.h:46]   --->   Operation 74 'read' 'data_9_val_read' <Predicate = (do_init)> <Delay = 0.00>
ST_3 : Operation 75 [1/1] (0.00ns)   --->   "%data_8_val_read = read i16 @_ssdm_op_Read.ap_auto.i16, i16 %data_8_val" [firmware/nnet_utils/nnet_dense_resource.h:46]   --->   Operation 75 'read' 'data_8_val_read' <Predicate = (do_init)> <Delay = 0.00>
ST_3 : Operation 76 [1/1] (0.00ns)   --->   "%data_7_val_read = read i16 @_ssdm_op_Read.ap_auto.i16, i16 %data_7_val" [firmware/nnet_utils/nnet_dense_resource.h:46]   --->   Operation 76 'read' 'data_7_val_read' <Predicate = (do_init)> <Delay = 0.00>
ST_3 : Operation 77 [1/1] (0.00ns)   --->   "%data_6_val_read = read i16 @_ssdm_op_Read.ap_auto.i16, i16 %data_6_val" [firmware/nnet_utils/nnet_dense_resource.h:46]   --->   Operation 77 'read' 'data_6_val_read' <Predicate = (do_init)> <Delay = 0.00>
ST_3 : Operation 78 [1/1] (0.00ns)   --->   "%data_5_val_read = read i16 @_ssdm_op_Read.ap_auto.i16, i16 %data_5_val" [firmware/nnet_utils/nnet_dense_resource.h:46]   --->   Operation 78 'read' 'data_5_val_read' <Predicate = (do_init)> <Delay = 0.00>
ST_3 : Operation 79 [1/1] (0.00ns)   --->   "%data_4_val_read = read i16 @_ssdm_op_Read.ap_auto.i16, i16 %data_4_val" [firmware/nnet_utils/nnet_dense_resource.h:46]   --->   Operation 79 'read' 'data_4_val_read' <Predicate = (do_init)> <Delay = 0.00>
ST_3 : Operation 80 [1/1] (0.00ns)   --->   "%data_3_val_read = read i16 @_ssdm_op_Read.ap_auto.i16, i16 %data_3_val" [firmware/nnet_utils/nnet_dense_resource.h:46]   --->   Operation 80 'read' 'data_3_val_read' <Predicate = (do_init)> <Delay = 0.00>
ST_3 : Operation 81 [1/1] (0.00ns)   --->   "%data_2_val_read = read i16 @_ssdm_op_Read.ap_auto.i16, i16 %data_2_val" [firmware/nnet_utils/nnet_dense_resource.h:46]   --->   Operation 81 'read' 'data_2_val_read' <Predicate = (do_init)> <Delay = 0.00>
ST_3 : Operation 82 [1/1] (0.00ns)   --->   "%data_1_val_read = read i16 @_ssdm_op_Read.ap_auto.i16, i16 %data_1_val" [firmware/nnet_utils/nnet_dense_resource.h:46]   --->   Operation 82 'read' 'data_1_val_read' <Predicate = (do_init)> <Delay = 0.00>
ST_3 : Operation 83 [1/1] (0.00ns)   --->   "%data_0_val_read = read i16 @_ssdm_op_Read.ap_auto.i16, i16 %data_0_val" [firmware/nnet_utils/nnet_dense_resource.h:46]   --->   Operation 83 'read' 'data_0_val_read' <Predicate = (do_init)> <Delay = 0.00>
ST_3 : Operation 84 [1/1] (0.00ns)   --->   "%data_0_val99_phi = phi i16 %data_0_val_read, void %rewind_init, i16 %data_0_val99_rewind, void %rewind_header" [firmware/nnet_utils/nnet_dense_resource.h:46]   --->   Operation 84 'phi' 'data_0_val99_phi' <Predicate = true> <Delay = 0.00>
ST_3 : Operation 85 [1/1] (0.00ns)   --->   "%data_1_val100_phi = phi i16 %data_1_val_read, void %rewind_init, i16 %data_1_val100_rewind, void %rewind_header" [firmware/nnet_utils/nnet_dense_resource.h:46]   --->   Operation 85 'phi' 'data_1_val100_phi' <Predicate = true> <Delay = 0.00>
ST_3 : Operation 86 [1/1] (0.00ns)   --->   "%data_2_val101_phi = phi i16 %data_2_val_read, void %rewind_init, i16 %data_2_val101_rewind, void %rewind_header" [firmware/nnet_utils/nnet_dense_resource.h:46]   --->   Operation 86 'phi' 'data_2_val101_phi' <Predicate = true> <Delay = 0.00>
ST_3 : Operation 87 [1/1] (0.00ns)   --->   "%data_3_val102_phi = phi i16 %data_3_val_read, void %rewind_init, i16 %data_3_val102_rewind, void %rewind_header" [firmware/nnet_utils/nnet_dense_resource.h:46]   --->   Operation 87 'phi' 'data_3_val102_phi' <Predicate = true> <Delay = 0.00>
ST_3 : Operation 88 [1/1] (0.00ns)   --->   "%data_4_val103_phi = phi i16 %data_4_val_read, void %rewind_init, i16 %data_4_val103_rewind, void %rewind_header" [firmware/nnet_utils/nnet_dense_resource.h:46]   --->   Operation 88 'phi' 'data_4_val103_phi' <Predicate = true> <Delay = 0.00>
ST_3 : Operation 89 [1/1] (0.00ns)   --->   "%data_5_val104_phi = phi i16 %data_5_val_read, void %rewind_init, i16 %data_5_val104_rewind, void %rewind_header" [firmware/nnet_utils/nnet_dense_resource.h:46]   --->   Operation 89 'phi' 'data_5_val104_phi' <Predicate = true> <Delay = 0.00>
ST_3 : Operation 90 [1/1] (0.00ns)   --->   "%data_6_val105_phi = phi i16 %data_6_val_read, void %rewind_init, i16 %data_6_val105_rewind, void %rewind_header" [firmware/nnet_utils/nnet_dense_resource.h:46]   --->   Operation 90 'phi' 'data_6_val105_phi' <Predicate = true> <Delay = 0.00>
ST_3 : Operation 91 [1/1] (0.00ns)   --->   "%data_7_val106_phi = phi i16 %data_7_val_read, void %rewind_init, i16 %data_7_val106_rewind, void %rewind_header" [firmware/nnet_utils/nnet_dense_resource.h:46]   --->   Operation 91 'phi' 'data_7_val106_phi' <Predicate = true> <Delay = 0.00>
ST_3 : Operation 92 [1/1] (0.00ns)   --->   "%data_8_val107_phi = phi i16 %data_8_val_read, void %rewind_init, i16 %data_8_val107_rewind, void %rewind_header" [firmware/nnet_utils/nnet_dense_resource.h:46]   --->   Operation 92 'phi' 'data_8_val107_phi' <Predicate = true> <Delay = 0.00>
ST_3 : Operation 93 [1/1] (0.00ns)   --->   "%data_9_val108_phi = phi i16 %data_9_val_read, void %rewind_init, i16 %data_9_val108_rewind, void %rewind_header" [firmware/nnet_utils/nnet_dense_resource.h:46]   --->   Operation 93 'phi' 'data_9_val108_phi' <Predicate = true> <Delay = 0.00>
ST_3 : Operation 94 [1/1] (0.00ns)   --->   "%data_10_val109_phi = phi i16 %data_10_val_read, void %rewind_init, i16 %data_10_val109_rewind, void %rewind_header" [firmware/nnet_utils/nnet_dense_resource.h:46]   --->   Operation 94 'phi' 'data_10_val109_phi' <Predicate = true> <Delay = 0.00>
ST_3 : Operation 95 [1/1] (0.00ns)   --->   "%data_11_val110_phi = phi i16 %data_11_val_read, void %rewind_init, i16 %data_11_val110_rewind, void %rewind_header" [firmware/nnet_utils/nnet_dense_resource.h:46]   --->   Operation 95 'phi' 'data_11_val110_phi' <Predicate = true> <Delay = 0.00>
ST_3 : Operation 96 [1/1] (0.00ns)   --->   "%data_12_val111_phi = phi i16 %data_12_val_read, void %rewind_init, i16 %data_12_val111_rewind, void %rewind_header" [firmware/nnet_utils/nnet_dense_resource.h:46]   --->   Operation 96 'phi' 'data_12_val111_phi' <Predicate = true> <Delay = 0.00>
ST_3 : Operation 97 [1/1] (0.00ns)   --->   "%data_13_val112_phi = phi i16 %data_13_val_read, void %rewind_init, i16 %data_13_val112_rewind, void %rewind_header" [firmware/nnet_utils/nnet_dense_resource.h:46]   --->   Operation 97 'phi' 'data_13_val112_phi' <Predicate = true> <Delay = 0.00>
ST_3 : Operation 98 [1/1] (0.00ns)   --->   "%data_14_val113_phi = phi i16 %data_14_val_read, void %rewind_init, i16 %data_14_val113_rewind, void %rewind_header" [firmware/nnet_utils/nnet_dense_resource.h:46]   --->   Operation 98 'phi' 'data_14_val113_phi' <Predicate = true> <Delay = 0.00>
ST_3 : Operation 99 [1/1] (0.00ns)   --->   "%data_15_val114_phi = phi i16 %data_15_val_read, void %rewind_init, i16 %data_15_val114_rewind, void %rewind_header" [firmware/nnet_utils/nnet_dense_resource.h:46]   --->   Operation 99 'phi' 'data_15_val114_phi' <Predicate = true> <Delay = 0.00>
ST_3 : Operation 100 [1/1] (0.00ns)   --->   "%data_16_val115_phi = phi i16 %data_16_val_read, void %rewind_init, i16 %data_16_val115_rewind, void %rewind_header" [firmware/nnet_utils/nnet_dense_resource.h:46]   --->   Operation 100 'phi' 'data_16_val115_phi' <Predicate = true> <Delay = 0.00>
ST_3 : Operation 101 [1/1] (0.00ns)   --->   "%data_17_val116_phi = phi i16 %data_17_val_read, void %rewind_init, i16 %data_17_val116_rewind, void %rewind_header" [firmware/nnet_utils/nnet_dense_resource.h:46]   --->   Operation 101 'phi' 'data_17_val116_phi' <Predicate = true> <Delay = 0.00>
ST_3 : Operation 102 [1/1] (0.00ns)   --->   "%data_18_val117_phi = phi i16 %data_18_val_read, void %rewind_init, i16 %data_18_val117_rewind, void %rewind_header" [firmware/nnet_utils/nnet_dense_resource.h:46]   --->   Operation 102 'phi' 'data_18_val117_phi' <Predicate = true> <Delay = 0.00>
ST_3 : Operation 103 [1/1] (0.00ns)   --->   "%data_19_val118_phi = phi i16 %data_19_val_read, void %rewind_init, i16 %data_19_val118_rewind, void %rewind_header" [firmware/nnet_utils/nnet_dense_resource.h:46]   --->   Operation 103 'phi' 'data_19_val118_phi' <Predicate = true> <Delay = 0.00>
ST_3 : Operation 104 [1/1] (0.00ns)   --->   "%data_20_val119_phi = phi i16 %data_20_val_read, void %rewind_init, i16 %data_20_val119_rewind, void %rewind_header" [firmware/nnet_utils/nnet_dense_resource.h:46]   --->   Operation 104 'phi' 'data_20_val119_phi' <Predicate = true> <Delay = 0.00>
ST_3 : Operation 105 [1/1] (0.00ns)   --->   "%data_21_val120_phi = phi i16 %data_21_val_read, void %rewind_init, i16 %data_21_val120_rewind, void %rewind_header" [firmware/nnet_utils/nnet_dense_resource.h:46]   --->   Operation 105 'phi' 'data_21_val120_phi' <Predicate = true> <Delay = 0.00>
ST_3 : Operation 106 [1/1] (0.00ns)   --->   "%data_22_val121_phi = phi i16 %data_22_val_read, void %rewind_init, i16 %data_22_val121_rewind, void %rewind_header" [firmware/nnet_utils/nnet_dense_resource.h:46]   --->   Operation 106 'phi' 'data_22_val121_phi' <Predicate = true> <Delay = 0.00>
ST_3 : Operation 107 [1/1] (0.00ns)   --->   "%data_23_val122_phi = phi i16 %data_23_val_read, void %rewind_init, i16 %data_23_val122_rewind, void %rewind_header" [firmware/nnet_utils/nnet_dense_resource.h:46]   --->   Operation 107 'phi' 'data_23_val122_phi' <Predicate = true> <Delay = 0.00>
ST_3 : Operation 108 [1/1] (0.00ns)   --->   "%data_24_val123_phi = phi i16 %data_24_val_read, void %rewind_init, i16 %data_24_val123_rewind, void %rewind_header" [firmware/nnet_utils/nnet_dense_resource.h:46]   --->   Operation 108 'phi' 'data_24_val123_phi' <Predicate = true> <Delay = 0.00>
ST_3 : Operation 109 [1/1] (0.00ns)   --->   "%data_25_val124_phi = phi i16 %data_25_val_read, void %rewind_init, i16 %data_25_val124_rewind, void %rewind_header" [firmware/nnet_utils/nnet_dense_resource.h:46]   --->   Operation 109 'phi' 'data_25_val124_phi' <Predicate = true> <Delay = 0.00>
ST_3 : Operation 110 [1/1] (0.00ns)   --->   "%data_26_val125_phi = phi i16 %data_26_val_read, void %rewind_init, i16 %data_26_val125_rewind, void %rewind_header" [firmware/nnet_utils/nnet_dense_resource.h:46]   --->   Operation 110 'phi' 'data_26_val125_phi' <Predicate = true> <Delay = 0.00>
ST_3 : Operation 111 [1/1] (0.00ns)   --->   "%data_27_val126_phi = phi i16 %data_27_val_read, void %rewind_init, i16 %data_27_val126_rewind, void %rewind_header" [firmware/nnet_utils/nnet_dense_resource.h:46]   --->   Operation 111 'phi' 'data_27_val126_phi' <Predicate = true> <Delay = 0.00>
ST_3 : Operation 112 [1/1] (0.00ns)   --->   "%data_28_val127_phi = phi i16 %data_28_val_read, void %rewind_init, i16 %data_28_val127_rewind, void %rewind_header" [firmware/nnet_utils/nnet_dense_resource.h:46]   --->   Operation 112 'phi' 'data_28_val127_phi' <Predicate = true> <Delay = 0.00>
ST_3 : Operation 113 [1/1] (0.00ns)   --->   "%data_29_val128_phi = phi i16 %data_29_val_read, void %rewind_init, i16 %data_29_val128_rewind, void %rewind_header" [firmware/nnet_utils/nnet_dense_resource.h:46]   --->   Operation 113 'phi' 'data_29_val128_phi' <Predicate = true> <Delay = 0.00>
ST_3 : Operation 114 [1/1] (0.00ns)   --->   "%data_30_val129_phi = phi i16 %data_30_val_read, void %rewind_init, i16 %data_30_val129_rewind, void %rewind_header" [firmware/nnet_utils/nnet_dense_resource.h:46]   --->   Operation 114 'phi' 'data_30_val129_phi' <Predicate = true> <Delay = 0.00>
ST_3 : Operation 115 [1/1] (0.00ns)   --->   "%data_31_val130_phi = phi i16 %data_31_val_read, void %rewind_init, i16 %data_31_val130_rewind, void %rewind_header" [firmware/nnet_utils/nnet_dense_resource.h:46]   --->   Operation 115 'phi' 'data_31_val130_phi' <Predicate = true> <Delay = 0.00>
ST_3 : Operation 116 [1/1] (3.03ns)   --->   "%a = sparsemux i16 @_ssdm_op_SparseMux.ap_auto.32i16.i16.i5, i5 0, i16 %data_0_val99_phi, i5 1, i16 %data_1_val100_phi, i5 2, i16 %data_2_val101_phi, i5 3, i16 %data_3_val102_phi, i5 4, i16 %data_4_val103_phi, i5 5, i16 %data_5_val104_phi, i5 6, i16 %data_6_val105_phi, i5 7, i16 %data_7_val106_phi, i5 8, i16 %data_8_val107_phi, i5 9, i16 %data_9_val108_phi, i5 10, i16 %data_10_val109_phi, i5 11, i16 %data_11_val110_phi, i5 12, i16 %data_12_val111_phi, i5 13, i16 %data_13_val112_phi, i5 14, i16 %data_14_val113_phi, i5 15, i16 %data_15_val114_phi, i5 16, i16 %data_16_val115_phi, i5 17, i16 %data_17_val116_phi, i5 18, i16 %data_18_val117_phi, i5 19, i16 %data_19_val118_phi, i5 20, i16 %data_20_val119_phi, i5 21, i16 %data_21_val120_phi, i5 22, i16 %data_22_val121_phi, i5 23, i16 %data_23_val122_phi, i5 24, i16 %data_24_val123_phi, i5 25, i16 %data_25_val124_phi, i5 26, i16 %data_26_val125_phi, i5 27, i16 %data_27_val126_phi, i5 28, i16 %data_28_val127_phi, i5 29, i16 %data_29_val128_phi, i5 30, i16 %data_30_val129_phi, i5 31, i16 %data_31_val130_phi, i16 0, i5 %ir" [firmware/nnet_utils/nnet_dense_resource.h:46]   --->   Operation 116 'sparsemux' 'a' <Predicate = true> <Delay = 3.03> <CoreInst = "BinarySparseMux_DontCare">   --->   Core 137 'BinarySparseMux_DontCare' <Latency = 0> <II = 1> <Delay = 3.03> <FuncUnit> <Opcode : 'sparsemux'> <InPorts = 2> <OutPorts = 1>
ST_3 : Operation 117 [1/2] ( I:3.25ns O:3.25ns )   --->   "%w26_load = load i5 %w26_addr" [firmware/nnet_utils/nnet_dense_resource.h:59]   --->   Operation 117 'load' 'w26_load' <Predicate = true> <Delay = 3.25> <CoreInst = "ROM_nP_BRAM">   --->   Core 102 'ROM_nP_BRAM' <Latency = 1> <II = 1> <Delay = 3.25> <Storage> <Opcode : 'load'> <Ports = 0> <Width = 747> <Depth = 32> <ROM>
ST_3 : Operation 118 [1/1] (0.00ns)   --->   "%w = trunc i747 %w26_load" [firmware/nnet_utils/nnet_dense_resource.h:59]   --->   Operation 118 'trunc' 'w' <Predicate = true> <Delay = 0.00>
ST_3 : Operation 119 [1/1] (0.00ns)   --->   "%w_7 = partselect i16 @_ssdm_op_PartSelect.i16.i747.i32.i32, i747 %w26_load, i32 16, i32 31" [firmware/nnet_utils/nnet_dense_resource.h:59]   --->   Operation 119 'partselect' 'w_7' <Predicate = true> <Delay = 0.00>
ST_3 : Operation 120 [1/1] (0.00ns)   --->   "%w_8 = partselect i16 @_ssdm_op_PartSelect.i16.i747.i32.i32, i747 %w26_load, i32 32, i32 47" [firmware/nnet_utils/nnet_dense_resource.h:59]   --->   Operation 120 'partselect' 'w_8' <Predicate = true> <Delay = 0.00>
ST_3 : Operation 121 [1/1] (0.00ns)   --->   "%w_9 = partselect i16 @_ssdm_op_PartSelect.i16.i747.i32.i32, i747 %w26_load, i32 48, i32 63" [firmware/nnet_utils/nnet_dense_resource.h:59]   --->   Operation 121 'partselect' 'w_9' <Predicate = true> <Delay = 0.00>
ST_3 : Operation 122 [1/1] (0.00ns)   --->   "%w_10 = partselect i16 @_ssdm_op_PartSelect.i16.i747.i32.i32, i747 %w26_load, i32 64, i32 79" [firmware/nnet_utils/nnet_dense_resource.h:59]   --->   Operation 122 'partselect' 'w_10' <Predicate = true> <Delay = 0.00>
ST_3 : Operation 123 [1/1] (0.00ns)   --->   "%w_11 = partselect i16 @_ssdm_op_PartSelect.i16.i747.i32.i32, i747 %w26_load, i32 80, i32 95" [firmware/nnet_utils/nnet_dense_resource.h:59]   --->   Operation 123 'partselect' 'w_11' <Predicate = true> <Delay = 0.00>
ST_3 : Operation 124 [1/1] (0.00ns)   --->   "%w_12 = partselect i16 @_ssdm_op_PartSelect.i16.i747.i32.i32, i747 %w26_load, i32 96, i32 111" [firmware/nnet_utils/nnet_dense_resource.h:59]   --->   Operation 124 'partselect' 'w_12' <Predicate = true> <Delay = 0.00>
ST_3 : Operation 125 [1/1] (0.00ns)   --->   "%w_13 = partselect i16 @_ssdm_op_PartSelect.i16.i747.i32.i32, i747 %w26_load, i32 112, i32 127" [firmware/nnet_utils/nnet_dense_resource.h:59]   --->   Operation 125 'partselect' 'w_13' <Predicate = true> <Delay = 0.00>
ST_3 : Operation 126 [1/1] (0.00ns)   --->   "%w_14 = partselect i16 @_ssdm_op_PartSelect.i16.i747.i32.i32, i747 %w26_load, i32 128, i32 143" [firmware/nnet_utils/nnet_dense_resource.h:59]   --->   Operation 126 'partselect' 'w_14' <Predicate = true> <Delay = 0.00>
ST_3 : Operation 127 [1/1] (0.00ns)   --->   "%w_15 = partselect i16 @_ssdm_op_PartSelect.i16.i747.i32.i32, i747 %w26_load, i32 144, i32 159" [firmware/nnet_utils/nnet_dense_resource.h:59]   --->   Operation 127 'partselect' 'w_15' <Predicate = true> <Delay = 0.00>
ST_3 : Operation 128 [1/1] (0.00ns)   --->   "%w_16 = partselect i16 @_ssdm_op_PartSelect.i16.i747.i32.i32, i747 %w26_load, i32 160, i32 175" [firmware/nnet_utils/nnet_dense_resource.h:59]   --->   Operation 128 'partselect' 'w_16' <Predicate = true> <Delay = 0.00>
ST_3 : Operation 129 [1/1] (0.00ns)   --->   "%w_17 = partselect i16 @_ssdm_op_PartSelect.i16.i747.i32.i32, i747 %w26_load, i32 176, i32 191" [firmware/nnet_utils/nnet_dense_resource.h:59]   --->   Operation 129 'partselect' 'w_17' <Predicate = true> <Delay = 0.00>
ST_3 : Operation 130 [1/1] (0.00ns)   --->   "%w_18 = partselect i16 @_ssdm_op_PartSelect.i16.i747.i32.i32, i747 %w26_load, i32 192, i32 207" [firmware/nnet_utils/nnet_dense_resource.h:59]   --->   Operation 130 'partselect' 'w_18' <Predicate = true> <Delay = 0.00>
ST_3 : Operation 131 [1/1] (0.00ns)   --->   "%w_19 = partselect i16 @_ssdm_op_PartSelect.i16.i747.i32.i32, i747 %w26_load, i32 208, i32 223" [firmware/nnet_utils/nnet_dense_resource.h:59]   --->   Operation 131 'partselect' 'w_19' <Predicate = true> <Delay = 0.00>
ST_3 : Operation 132 [1/1] (0.00ns)   --->   "%w_20 = partselect i16 @_ssdm_op_PartSelect.i16.i747.i32.i32, i747 %w26_load, i32 224, i32 239" [firmware/nnet_utils/nnet_dense_resource.h:59]   --->   Operation 132 'partselect' 'w_20' <Predicate = true> <Delay = 0.00>
ST_3 : Operation 133 [1/1] (0.00ns)   --->   "%w_21 = partselect i16 @_ssdm_op_PartSelect.i16.i747.i32.i32, i747 %w26_load, i32 240, i32 255" [firmware/nnet_utils/nnet_dense_resource.h:59]   --->   Operation 133 'partselect' 'w_21' <Predicate = true> <Delay = 0.00>
ST_3 : Operation 134 [1/1] (0.00ns)   --->   "%w_22 = partselect i16 @_ssdm_op_PartSelect.i16.i747.i32.i32, i747 %w26_load, i32 256, i32 271" [firmware/nnet_utils/nnet_dense_resource.h:59]   --->   Operation 134 'partselect' 'w_22' <Predicate = true> <Delay = 0.00>
ST_3 : Operation 135 [1/1] (0.00ns)   --->   "%w_23 = partselect i16 @_ssdm_op_PartSelect.i16.i747.i32.i32, i747 %w26_load, i32 272, i32 287" [firmware/nnet_utils/nnet_dense_resource.h:59]   --->   Operation 135 'partselect' 'w_23' <Predicate = true> <Delay = 0.00>
ST_3 : Operation 136 [1/1] (0.00ns)   --->   "%w_24 = partselect i16 @_ssdm_op_PartSelect.i16.i747.i32.i32, i747 %w26_load, i32 288, i32 303" [firmware/nnet_utils/nnet_dense_resource.h:59]   --->   Operation 136 'partselect' 'w_24' <Predicate = true> <Delay = 0.00>
ST_3 : Operation 137 [1/1] (0.00ns)   --->   "%w_25 = partselect i16 @_ssdm_op_PartSelect.i16.i747.i32.i32, i747 %w26_load, i32 304, i32 319" [firmware/nnet_utils/nnet_dense_resource.h:59]   --->   Operation 137 'partselect' 'w_25' <Predicate = true> <Delay = 0.00>
ST_3 : Operation 138 [1/1] (0.00ns)   --->   "%w_26 = partselect i16 @_ssdm_op_PartSelect.i16.i747.i32.i32, i747 %w26_load, i32 320, i32 335" [firmware/nnet_utils/nnet_dense_resource.h:59]   --->   Operation 138 'partselect' 'w_26' <Predicate = true> <Delay = 0.00>
ST_3 : Operation 139 [1/1] (0.00ns)   --->   "%w_27 = partselect i16 @_ssdm_op_PartSelect.i16.i747.i32.i32, i747 %w26_load, i32 336, i32 351" [firmware/nnet_utils/nnet_dense_resource.h:59]   --->   Operation 139 'partselect' 'w_27' <Predicate = true> <Delay = 0.00>
ST_3 : Operation 140 [1/1] (0.00ns)   --->   "%w_28 = partselect i16 @_ssdm_op_PartSelect.i16.i747.i32.i32, i747 %w26_load, i32 352, i32 367" [firmware/nnet_utils/nnet_dense_resource.h:59]   --->   Operation 140 'partselect' 'w_28' <Predicate = true> <Delay = 0.00>
ST_3 : Operation 141 [1/1] (0.00ns)   --->   "%w_29 = partselect i16 @_ssdm_op_PartSelect.i16.i747.i32.i32, i747 %w26_load, i32 368, i32 383" [firmware/nnet_utils/nnet_dense_resource.h:59]   --->   Operation 141 'partselect' 'w_29' <Predicate = true> <Delay = 0.00>
ST_3 : Operation 142 [1/1] (0.00ns)   --->   "%w_30 = partselect i16 @_ssdm_op_PartSelect.i16.i747.i32.i32, i747 %w26_load, i32 384, i32 399" [firmware/nnet_utils/nnet_dense_resource.h:59]   --->   Operation 142 'partselect' 'w_30' <Predicate = true> <Delay = 0.00>
ST_3 : Operation 143 [1/1] (0.00ns)   --->   "%w_31 = partselect i16 @_ssdm_op_PartSelect.i16.i747.i32.i32, i747 %w26_load, i32 400, i32 415" [firmware/nnet_utils/nnet_dense_resource.h:59]   --->   Operation 143 'partselect' 'w_31' <Predicate = true> <Delay = 0.00>
ST_3 : Operation 144 [1/1] (0.00ns)   --->   "%w_32 = partselect i16 @_ssdm_op_PartSelect.i16.i747.i32.i32, i747 %w26_load, i32 416, i32 431" [firmware/nnet_utils/nnet_dense_resource.h:59]   --->   Operation 144 'partselect' 'w_32' <Predicate = true> <Delay = 0.00>
ST_3 : Operation 145 [1/1] (0.00ns)   --->   "%w_33 = partselect i16 @_ssdm_op_PartSelect.i16.i747.i32.i32, i747 %w26_load, i32 432, i32 447" [firmware/nnet_utils/nnet_dense_resource.h:59]   --->   Operation 145 'partselect' 'w_33' <Predicate = true> <Delay = 0.00>
ST_3 : Operation 146 [1/1] (0.00ns)   --->   "%w_34 = partselect i16 @_ssdm_op_PartSelect.i16.i747.i32.i32, i747 %w26_load, i32 448, i32 463" [firmware/nnet_utils/nnet_dense_resource.h:59]   --->   Operation 146 'partselect' 'w_34' <Predicate = true> <Delay = 0.00>
ST_3 : Operation 147 [1/1] (0.00ns)   --->   "%w_35 = partselect i16 @_ssdm_op_PartSelect.i16.i747.i32.i32, i747 %w26_load, i32 464, i32 479" [firmware/nnet_utils/nnet_dense_resource.h:59]   --->   Operation 147 'partselect' 'w_35' <Predicate = true> <Delay = 0.00>
ST_3 : Operation 148 [1/1] (0.00ns)   --->   "%w_36 = partselect i16 @_ssdm_op_PartSelect.i16.i747.i32.i32, i747 %w26_load, i32 480, i32 495" [firmware/nnet_utils/nnet_dense_resource.h:59]   --->   Operation 148 'partselect' 'w_36' <Predicate = true> <Delay = 0.00>
ST_3 : Operation 149 [1/1] (0.00ns)   --->   "%w_37 = partselect i16 @_ssdm_op_PartSelect.i16.i747.i32.i32, i747 %w26_load, i32 496, i32 511" [firmware/nnet_utils/nnet_dense_resource.h:59]   --->   Operation 149 'partselect' 'w_37' <Predicate = true> <Delay = 0.00>
ST_3 : Operation 150 [1/1] (0.00ns)   --->   "%w_38 = partselect i16 @_ssdm_op_PartSelect.i16.i747.i32.i32, i747 %w26_load, i32 512, i32 527" [firmware/nnet_utils/nnet_dense_resource.h:59]   --->   Operation 150 'partselect' 'w_38' <Predicate = true> <Delay = 0.00>
ST_3 : Operation 151 [1/1] (0.00ns)   --->   "%w_39 = partselect i16 @_ssdm_op_PartSelect.i16.i747.i32.i32, i747 %w26_load, i32 528, i32 543" [firmware/nnet_utils/nnet_dense_resource.h:59]   --->   Operation 151 'partselect' 'w_39' <Predicate = true> <Delay = 0.00>
ST_3 : Operation 152 [1/1] (0.00ns)   --->   "%w_40 = partselect i16 @_ssdm_op_PartSelect.i16.i747.i32.i32, i747 %w26_load, i32 544, i32 559" [firmware/nnet_utils/nnet_dense_resource.h:59]   --->   Operation 152 'partselect' 'w_40' <Predicate = true> <Delay = 0.00>
ST_3 : Operation 153 [1/1] (0.00ns)   --->   "%w_41 = partselect i16 @_ssdm_op_PartSelect.i16.i747.i32.i32, i747 %w26_load, i32 560, i32 575" [firmware/nnet_utils/nnet_dense_resource.h:59]   --->   Operation 153 'partselect' 'w_41' <Predicate = true> <Delay = 0.00>
ST_3 : Operation 154 [1/1] (0.00ns)   --->   "%w_42 = partselect i16 @_ssdm_op_PartSelect.i16.i747.i32.i32, i747 %w26_load, i32 576, i32 591" [firmware/nnet_utils/nnet_dense_resource.h:59]   --->   Operation 154 'partselect' 'w_42' <Predicate = true> <Delay = 0.00>
ST_3 : Operation 155 [1/1] (0.00ns)   --->   "%w_43 = partselect i16 @_ssdm_op_PartSelect.i16.i747.i32.i32, i747 %w26_load, i32 592, i32 607" [firmware/nnet_utils/nnet_dense_resource.h:59]   --->   Operation 155 'partselect' 'w_43' <Predicate = true> <Delay = 0.00>
ST_3 : Operation 156 [1/1] (0.00ns)   --->   "%w_44 = partselect i16 @_ssdm_op_PartSelect.i16.i747.i32.i32, i747 %w26_load, i32 608, i32 623" [firmware/nnet_utils/nnet_dense_resource.h:59]   --->   Operation 156 'partselect' 'w_44' <Predicate = true> <Delay = 0.00>
ST_3 : Operation 157 [1/1] (0.00ns)   --->   "%w_45 = partselect i16 @_ssdm_op_PartSelect.i16.i747.i32.i32, i747 %w26_load, i32 624, i32 639" [firmware/nnet_utils/nnet_dense_resource.h:59]   --->   Operation 157 'partselect' 'w_45' <Predicate = true> <Delay = 0.00>
ST_3 : Operation 158 [1/1] (0.00ns)   --->   "%w_46 = partselect i16 @_ssdm_op_PartSelect.i16.i747.i32.i32, i747 %w26_load, i32 640, i32 655" [firmware/nnet_utils/nnet_dense_resource.h:59]   --->   Operation 158 'partselect' 'w_46' <Predicate = true> <Delay = 0.00>
ST_3 : Operation 159 [1/1] (0.00ns)   --->   "%w_47 = partselect i16 @_ssdm_op_PartSelect.i16.i747.i32.i32, i747 %w26_load, i32 656, i32 671" [firmware/nnet_utils/nnet_dense_resource.h:59]   --->   Operation 159 'partselect' 'w_47' <Predicate = true> <Delay = 0.00>
ST_3 : Operation 160 [1/1] (0.00ns)   --->   "%w_48 = partselect i16 @_ssdm_op_PartSelect.i16.i747.i32.i32, i747 %w26_load, i32 672, i32 687" [firmware/nnet_utils/nnet_dense_resource.h:59]   --->   Operation 160 'partselect' 'w_48' <Predicate = true> <Delay = 0.00>
ST_3 : Operation 161 [1/1] (0.00ns)   --->   "%w_49 = partselect i16 @_ssdm_op_PartSelect.i16.i747.i32.i32, i747 %w26_load, i32 688, i32 703" [firmware/nnet_utils/nnet_dense_resource.h:59]   --->   Operation 161 'partselect' 'w_49' <Predicate = true> <Delay = 0.00>
ST_3 : Operation 162 [1/1] (0.00ns)   --->   "%w_50 = partselect i16 @_ssdm_op_PartSelect.i16.i747.i32.i32, i747 %w26_load, i32 704, i32 719" [firmware/nnet_utils/nnet_dense_resource.h:59]   --->   Operation 162 'partselect' 'w_50' <Predicate = true> <Delay = 0.00>
ST_3 : Operation 163 [1/1] (0.00ns)   --->   "%w_51 = partselect i16 @_ssdm_op_PartSelect.i16.i747.i32.i32, i747 %w26_load, i32 720, i32 735" [firmware/nnet_utils/nnet_dense_resource.h:59]   --->   Operation 163 'partselect' 'w_51' <Predicate = true> <Delay = 0.00>
ST_3 : Operation 164 [1/1] (0.00ns)   --->   "%tmp = partselect i11 @_ssdm_op_PartSelect.i11.i747.i32.i32, i747 %w26_load, i32 736, i32 746" [firmware/nnet_utils/nnet_dense_resource.h:59]   --->   Operation 164 'partselect' 'tmp' <Predicate = true> <Delay = 0.00>

State 4 <SV = 3> <Delay = 3.35>
ST_4 : Operation 165 [1/1] (0.00ns)   --->   "%sext_ln73 = sext i16 %w" [firmware/nnet_utils/nnet_mult.h:73->firmware/nnet_utils/nnet_dense_resource.h:59]   --->   Operation 165 'sext' 'sext_ln73' <Predicate = true> <Delay = 0.00>
ST_4 : Operation 166 [1/1] (0.00ns)   --->   "%sext_ln73_9 = sext i16 %a" [firmware/nnet_utils/nnet_mult.h:73->firmware/nnet_utils/nnet_dense_resource.h:59]   --->   Operation 166 'sext' 'sext_ln73_9' <Predicate = true> <Delay = 0.00>
ST_4 : Operation 167 [2/2] (3.35ns)   --->   "%mul_ln58 = mul i26 %sext_ln73, i26 %sext_ln73_9" [firmware/nnet_utils/nnet_dense_resource.h:58]   --->   Operation 167 'mul' 'mul_ln58' <Predicate = true> <Delay = 3.35> <CoreInst = "Multiplier">   --->   Core 3 'Multiplier' <Latency = 1> <II = 1> <Delay = 3.35> <FuncUnit> <Opcode : 'mul'> <InPorts = 2> <OutPorts = 1>
ST_4 : Operation 168 [1/1] (0.00ns)   --->   "%sext_ln73_10 = sext i16 %w_7" [firmware/nnet_utils/nnet_mult.h:73->firmware/nnet_utils/nnet_dense_resource.h:59]   --->   Operation 168 'sext' 'sext_ln73_10' <Predicate = true> <Delay = 0.00>
ST_4 : Operation 169 [2/2] (3.35ns)   --->   "%mul_ln58_8 = mul i26 %sext_ln73_10, i26 %sext_ln73_9" [firmware/nnet_utils/nnet_dense_resource.h:58]   --->   Operation 169 'mul' 'mul_ln58_8' <Predicate = true> <Delay = 3.35> <CoreInst = "Multiplier">   --->   Core 3 'Multiplier' <Latency = 1> <II = 1> <Delay = 3.35> <FuncUnit> <Opcode : 'mul'> <InPorts = 2> <OutPorts = 1>
ST_4 : Operation 170 [1/1] (0.00ns)   --->   "%sext_ln73_11 = sext i16 %w_8" [firmware/nnet_utils/nnet_mult.h:73->firmware/nnet_utils/nnet_dense_resource.h:59]   --->   Operation 170 'sext' 'sext_ln73_11' <Predicate = true> <Delay = 0.00>
ST_4 : Operation 171 [2/2] (3.35ns)   --->   "%mul_ln58_9 = mul i26 %sext_ln73_11, i26 %sext_ln73_9" [firmware/nnet_utils/nnet_dense_resource.h:58]   --->   Operation 171 'mul' 'mul_ln58_9' <Predicate = true> <Delay = 3.35> <CoreInst = "Multiplier">   --->   Core 3 'Multiplier' <Latency = 1> <II = 1> <Delay = 3.35> <FuncUnit> <Opcode : 'mul'> <InPorts = 2> <OutPorts = 1>
ST_4 : Operation 172 [1/1] (0.00ns)   --->   "%sext_ln73_12 = sext i16 %w_9" [firmware/nnet_utils/nnet_mult.h:73->firmware/nnet_utils/nnet_dense_resource.h:59]   --->   Operation 172 'sext' 'sext_ln73_12' <Predicate = true> <Delay = 0.00>
ST_4 : Operation 173 [2/2] (3.35ns)   --->   "%mul_ln58_10 = mul i26 %sext_ln73_12, i26 %sext_ln73_9" [firmware/nnet_utils/nnet_dense_resource.h:58]   --->   Operation 173 'mul' 'mul_ln58_10' <Predicate = true> <Delay = 3.35> <CoreInst = "Multiplier">   --->   Core 3 'Multiplier' <Latency = 1> <II = 1> <Delay = 3.35> <FuncUnit> <Opcode : 'mul'> <InPorts = 2> <OutPorts = 1>
ST_4 : Operation 174 [1/1] (0.00ns)   --->   "%sext_ln73_13 = sext i16 %w_10" [firmware/nnet_utils/nnet_mult.h:73->firmware/nnet_utils/nnet_dense_resource.h:59]   --->   Operation 174 'sext' 'sext_ln73_13' <Predicate = true> <Delay = 0.00>
ST_4 : Operation 175 [2/2] (3.35ns)   --->   "%mul_ln58_11 = mul i26 %sext_ln73_13, i26 %sext_ln73_9" [firmware/nnet_utils/nnet_dense_resource.h:58]   --->   Operation 175 'mul' 'mul_ln58_11' <Predicate = true> <Delay = 3.35> <CoreInst = "Multiplier">   --->   Core 3 'Multiplier' <Latency = 1> <II = 1> <Delay = 3.35> <FuncUnit> <Opcode : 'mul'> <InPorts = 2> <OutPorts = 1>
ST_4 : Operation 176 [1/1] (0.00ns)   --->   "%sext_ln73_14 = sext i16 %w_11" [firmware/nnet_utils/nnet_mult.h:73->firmware/nnet_utils/nnet_dense_resource.h:59]   --->   Operation 176 'sext' 'sext_ln73_14' <Predicate = true> <Delay = 0.00>
ST_4 : Operation 177 [2/2] (3.35ns)   --->   "%mul_ln58_12 = mul i26 %sext_ln73_14, i26 %sext_ln73_9" [firmware/nnet_utils/nnet_dense_resource.h:58]   --->   Operation 177 'mul' 'mul_ln58_12' <Predicate = true> <Delay = 3.35> <CoreInst = "Multiplier">   --->   Core 3 'Multiplier' <Latency = 1> <II = 1> <Delay = 3.35> <FuncUnit> <Opcode : 'mul'> <InPorts = 2> <OutPorts = 1>
ST_4 : Operation 178 [1/1] (0.00ns)   --->   "%sext_ln73_15 = sext i16 %w_12" [firmware/nnet_utils/nnet_mult.h:73->firmware/nnet_utils/nnet_dense_resource.h:59]   --->   Operation 178 'sext' 'sext_ln73_15' <Predicate = true> <Delay = 0.00>
ST_4 : Operation 179 [2/2] (3.35ns)   --->   "%mul_ln58_13 = mul i26 %sext_ln73_15, i26 %sext_ln73_9" [firmware/nnet_utils/nnet_dense_resource.h:58]   --->   Operation 179 'mul' 'mul_ln58_13' <Predicate = true> <Delay = 3.35> <CoreInst = "Multiplier">   --->   Core 3 'Multiplier' <Latency = 1> <II = 1> <Delay = 3.35> <FuncUnit> <Opcode : 'mul'> <InPorts = 2> <OutPorts = 1>
ST_4 : Operation 180 [1/1] (0.00ns)   --->   "%sext_ln73_16 = sext i16 %w_13" [firmware/nnet_utils/nnet_mult.h:73->firmware/nnet_utils/nnet_dense_resource.h:59]   --->   Operation 180 'sext' 'sext_ln73_16' <Predicate = true> <Delay = 0.00>
ST_4 : Operation 181 [2/2] (3.35ns)   --->   "%mul_ln58_14 = mul i26 %sext_ln73_16, i26 %sext_ln73_9" [firmware/nnet_utils/nnet_dense_resource.h:58]   --->   Operation 181 'mul' 'mul_ln58_14' <Predicate = true> <Delay = 3.35> <CoreInst = "Multiplier">   --->   Core 3 'Multiplier' <Latency = 1> <II = 1> <Delay = 3.35> <FuncUnit> <Opcode : 'mul'> <InPorts = 2> <OutPorts = 1>
ST_4 : Operation 182 [1/1] (0.00ns)   --->   "%sext_ln73_17 = sext i16 %w_14" [firmware/nnet_utils/nnet_mult.h:73->firmware/nnet_utils/nnet_dense_resource.h:59]   --->   Operation 182 'sext' 'sext_ln73_17' <Predicate = true> <Delay = 0.00>
ST_4 : Operation 183 [2/2] (3.35ns)   --->   "%mul_ln58_15 = mul i26 %sext_ln73_17, i26 %sext_ln73_9" [firmware/nnet_utils/nnet_dense_resource.h:58]   --->   Operation 183 'mul' 'mul_ln58_15' <Predicate = true> <Delay = 3.35> <CoreInst = "Multiplier">   --->   Core 3 'Multiplier' <Latency = 1> <II = 1> <Delay = 3.35> <FuncUnit> <Opcode : 'mul'> <InPorts = 2> <OutPorts = 1>
ST_4 : Operation 184 [1/1] (0.00ns)   --->   "%sext_ln73_18 = sext i16 %w_15" [firmware/nnet_utils/nnet_mult.h:73->firmware/nnet_utils/nnet_dense_resource.h:59]   --->   Operation 184 'sext' 'sext_ln73_18' <Predicate = true> <Delay = 0.00>
ST_4 : Operation 185 [2/2] (3.35ns)   --->   "%mul_ln58_16 = mul i26 %sext_ln73_18, i26 %sext_ln73_9" [firmware/nnet_utils/nnet_dense_resource.h:58]   --->   Operation 185 'mul' 'mul_ln58_16' <Predicate = true> <Delay = 3.35> <CoreInst = "Multiplier">   --->   Core 3 'Multiplier' <Latency = 1> <II = 1> <Delay = 3.35> <FuncUnit> <Opcode : 'mul'> <InPorts = 2> <OutPorts = 1>
ST_4 : Operation 186 [1/1] (0.00ns)   --->   "%sext_ln73_19 = sext i16 %w_16" [firmware/nnet_utils/nnet_mult.h:73->firmware/nnet_utils/nnet_dense_resource.h:59]   --->   Operation 186 'sext' 'sext_ln73_19' <Predicate = true> <Delay = 0.00>
ST_4 : Operation 187 [2/2] (3.35ns)   --->   "%mul_ln58_17 = mul i26 %sext_ln73_19, i26 %sext_ln73_9" [firmware/nnet_utils/nnet_dense_resource.h:58]   --->   Operation 187 'mul' 'mul_ln58_17' <Predicate = true> <Delay = 3.35> <CoreInst = "Multiplier">   --->   Core 3 'Multiplier' <Latency = 1> <II = 1> <Delay = 3.35> <FuncUnit> <Opcode : 'mul'> <InPorts = 2> <OutPorts = 1>
ST_4 : Operation 188 [1/1] (0.00ns)   --->   "%sext_ln73_20 = sext i16 %w_17" [firmware/nnet_utils/nnet_mult.h:73->firmware/nnet_utils/nnet_dense_resource.h:59]   --->   Operation 188 'sext' 'sext_ln73_20' <Predicate = true> <Delay = 0.00>
ST_4 : Operation 189 [2/2] (3.35ns)   --->   "%mul_ln58_18 = mul i26 %sext_ln73_20, i26 %sext_ln73_9" [firmware/nnet_utils/nnet_dense_resource.h:58]   --->   Operation 189 'mul' 'mul_ln58_18' <Predicate = true> <Delay = 3.35> <CoreInst = "Multiplier">   --->   Core 3 'Multiplier' <Latency = 1> <II = 1> <Delay = 3.35> <FuncUnit> <Opcode : 'mul'> <InPorts = 2> <OutPorts = 1>
ST_4 : Operation 190 [1/1] (0.00ns)   --->   "%sext_ln73_21 = sext i16 %w_18" [firmware/nnet_utils/nnet_mult.h:73->firmware/nnet_utils/nnet_dense_resource.h:59]   --->   Operation 190 'sext' 'sext_ln73_21' <Predicate = true> <Delay = 0.00>
ST_4 : Operation 191 [2/2] (3.35ns)   --->   "%mul_ln58_19 = mul i26 %sext_ln73_21, i26 %sext_ln73_9" [firmware/nnet_utils/nnet_dense_resource.h:58]   --->   Operation 191 'mul' 'mul_ln58_19' <Predicate = true> <Delay = 3.35> <CoreInst = "Multiplier">   --->   Core 3 'Multiplier' <Latency = 1> <II = 1> <Delay = 3.35> <FuncUnit> <Opcode : 'mul'> <InPorts = 2> <OutPorts = 1>
ST_4 : Operation 192 [1/1] (0.00ns)   --->   "%sext_ln73_22 = sext i16 %w_19" [firmware/nnet_utils/nnet_mult.h:73->firmware/nnet_utils/nnet_dense_resource.h:59]   --->   Operation 192 'sext' 'sext_ln73_22' <Predicate = true> <Delay = 0.00>
ST_4 : Operation 193 [2/2] (3.35ns)   --->   "%mul_ln58_20 = mul i26 %sext_ln73_22, i26 %sext_ln73_9" [firmware/nnet_utils/nnet_dense_resource.h:58]   --->   Operation 193 'mul' 'mul_ln58_20' <Predicate = true> <Delay = 3.35> <CoreInst = "Multiplier">   --->   Core 3 'Multiplier' <Latency = 1> <II = 1> <Delay = 3.35> <FuncUnit> <Opcode : 'mul'> <InPorts = 2> <OutPorts = 1>
ST_4 : Operation 194 [1/1] (0.00ns)   --->   "%sext_ln73_23 = sext i16 %w_20" [firmware/nnet_utils/nnet_mult.h:73->firmware/nnet_utils/nnet_dense_resource.h:59]   --->   Operation 194 'sext' 'sext_ln73_23' <Predicate = true> <Delay = 0.00>
ST_4 : Operation 195 [2/2] (3.35ns)   --->   "%mul_ln58_21 = mul i26 %sext_ln73_23, i26 %sext_ln73_9" [firmware/nnet_utils/nnet_dense_resource.h:58]   --->   Operation 195 'mul' 'mul_ln58_21' <Predicate = true> <Delay = 3.35> <CoreInst = "Multiplier">   --->   Core 3 'Multiplier' <Latency = 1> <II = 1> <Delay = 3.35> <FuncUnit> <Opcode : 'mul'> <InPorts = 2> <OutPorts = 1>
ST_4 : Operation 196 [1/1] (0.00ns)   --->   "%sext_ln73_24 = sext i16 %w_21" [firmware/nnet_utils/nnet_mult.h:73->firmware/nnet_utils/nnet_dense_resource.h:59]   --->   Operation 196 'sext' 'sext_ln73_24' <Predicate = true> <Delay = 0.00>
ST_4 : Operation 197 [2/2] (3.35ns)   --->   "%mul_ln58_22 = mul i26 %sext_ln73_24, i26 %sext_ln73_9" [firmware/nnet_utils/nnet_dense_resource.h:58]   --->   Operation 197 'mul' 'mul_ln58_22' <Predicate = true> <Delay = 3.35> <CoreInst = "Multiplier">   --->   Core 3 'Multiplier' <Latency = 1> <II = 1> <Delay = 3.35> <FuncUnit> <Opcode : 'mul'> <InPorts = 2> <OutPorts = 1>
ST_4 : Operation 198 [1/1] (0.00ns)   --->   "%sext_ln73_25 = sext i16 %w_22" [firmware/nnet_utils/nnet_mult.h:73->firmware/nnet_utils/nnet_dense_resource.h:59]   --->   Operation 198 'sext' 'sext_ln73_25' <Predicate = true> <Delay = 0.00>
ST_4 : Operation 199 [2/2] (3.35ns)   --->   "%mul_ln58_23 = mul i26 %sext_ln73_25, i26 %sext_ln73_9" [firmware/nnet_utils/nnet_dense_resource.h:58]   --->   Operation 199 'mul' 'mul_ln58_23' <Predicate = true> <Delay = 3.35> <CoreInst = "Multiplier">   --->   Core 3 'Multiplier' <Latency = 1> <II = 1> <Delay = 3.35> <FuncUnit> <Opcode : 'mul'> <InPorts = 2> <OutPorts = 1>
ST_4 : Operation 200 [1/1] (0.00ns)   --->   "%sext_ln73_26 = sext i16 %w_23" [firmware/nnet_utils/nnet_mult.h:73->firmware/nnet_utils/nnet_dense_resource.h:59]   --->   Operation 200 'sext' 'sext_ln73_26' <Predicate = true> <Delay = 0.00>
ST_4 : Operation 201 [2/2] (3.35ns)   --->   "%mul_ln58_24 = mul i26 %sext_ln73_26, i26 %sext_ln73_9" [firmware/nnet_utils/nnet_dense_resource.h:58]   --->   Operation 201 'mul' 'mul_ln58_24' <Predicate = true> <Delay = 3.35> <CoreInst = "Multiplier">   --->   Core 3 'Multiplier' <Latency = 1> <II = 1> <Delay = 3.35> <FuncUnit> <Opcode : 'mul'> <InPorts = 2> <OutPorts = 1>
ST_4 : Operation 202 [1/1] (0.00ns)   --->   "%sext_ln73_27 = sext i16 %w_24" [firmware/nnet_utils/nnet_mult.h:73->firmware/nnet_utils/nnet_dense_resource.h:59]   --->   Operation 202 'sext' 'sext_ln73_27' <Predicate = true> <Delay = 0.00>
ST_4 : Operation 203 [2/2] (3.35ns)   --->   "%mul_ln58_25 = mul i26 %sext_ln73_27, i26 %sext_ln73_9" [firmware/nnet_utils/nnet_dense_resource.h:58]   --->   Operation 203 'mul' 'mul_ln58_25' <Predicate = true> <Delay = 3.35> <CoreInst = "Multiplier">   --->   Core 3 'Multiplier' <Latency = 1> <II = 1> <Delay = 3.35> <FuncUnit> <Opcode : 'mul'> <InPorts = 2> <OutPorts = 1>
ST_4 : Operation 204 [1/1] (0.00ns)   --->   "%sext_ln73_28 = sext i16 %w_25" [firmware/nnet_utils/nnet_mult.h:73->firmware/nnet_utils/nnet_dense_resource.h:59]   --->   Operation 204 'sext' 'sext_ln73_28' <Predicate = true> <Delay = 0.00>
ST_4 : Operation 205 [2/2] (3.35ns)   --->   "%mul_ln58_26 = mul i26 %sext_ln73_28, i26 %sext_ln73_9" [firmware/nnet_utils/nnet_dense_resource.h:58]   --->   Operation 205 'mul' 'mul_ln58_26' <Predicate = true> <Delay = 3.35> <CoreInst = "Multiplier">   --->   Core 3 'Multiplier' <Latency = 1> <II = 1> <Delay = 3.35> <FuncUnit> <Opcode : 'mul'> <InPorts = 2> <OutPorts = 1>
ST_4 : Operation 206 [1/1] (0.00ns)   --->   "%sext_ln73_29 = sext i16 %w_26" [firmware/nnet_utils/nnet_mult.h:73->firmware/nnet_utils/nnet_dense_resource.h:59]   --->   Operation 206 'sext' 'sext_ln73_29' <Predicate = true> <Delay = 0.00>
ST_4 : Operation 207 [2/2] (3.35ns)   --->   "%mul_ln58_27 = mul i26 %sext_ln73_29, i26 %sext_ln73_9" [firmware/nnet_utils/nnet_dense_resource.h:58]   --->   Operation 207 'mul' 'mul_ln58_27' <Predicate = true> <Delay = 3.35> <CoreInst = "Multiplier">   --->   Core 3 'Multiplier' <Latency = 1> <II = 1> <Delay = 3.35> <FuncUnit> <Opcode : 'mul'> <InPorts = 2> <OutPorts = 1>
ST_4 : Operation 208 [1/1] (0.00ns)   --->   "%sext_ln73_30 = sext i16 %w_27" [firmware/nnet_utils/nnet_mult.h:73->firmware/nnet_utils/nnet_dense_resource.h:59]   --->   Operation 208 'sext' 'sext_ln73_30' <Predicate = true> <Delay = 0.00>
ST_4 : Operation 209 [2/2] (3.35ns)   --->   "%mul_ln58_28 = mul i26 %sext_ln73_30, i26 %sext_ln73_9" [firmware/nnet_utils/nnet_dense_resource.h:58]   --->   Operation 209 'mul' 'mul_ln58_28' <Predicate = true> <Delay = 3.35> <CoreInst = "Multiplier">   --->   Core 3 'Multiplier' <Latency = 1> <II = 1> <Delay = 3.35> <FuncUnit> <Opcode : 'mul'> <InPorts = 2> <OutPorts = 1>
ST_4 : Operation 210 [1/1] (0.00ns)   --->   "%sext_ln73_31 = sext i16 %w_28" [firmware/nnet_utils/nnet_mult.h:73->firmware/nnet_utils/nnet_dense_resource.h:59]   --->   Operation 210 'sext' 'sext_ln73_31' <Predicate = true> <Delay = 0.00>
ST_4 : Operation 211 [2/2] (3.35ns)   --->   "%mul_ln58_29 = mul i26 %sext_ln73_31, i26 %sext_ln73_9" [firmware/nnet_utils/nnet_dense_resource.h:58]   --->   Operation 211 'mul' 'mul_ln58_29' <Predicate = true> <Delay = 3.35> <CoreInst = "Multiplier">   --->   Core 3 'Multiplier' <Latency = 1> <II = 1> <Delay = 3.35> <FuncUnit> <Opcode : 'mul'> <InPorts = 2> <OutPorts = 1>
ST_4 : Operation 212 [1/1] (0.00ns)   --->   "%sext_ln73_32 = sext i16 %w_29" [firmware/nnet_utils/nnet_mult.h:73->firmware/nnet_utils/nnet_dense_resource.h:59]   --->   Operation 212 'sext' 'sext_ln73_32' <Predicate = true> <Delay = 0.00>
ST_4 : Operation 213 [2/2] (3.35ns)   --->   "%mul_ln58_30 = mul i26 %sext_ln73_32, i26 %sext_ln73_9" [firmware/nnet_utils/nnet_dense_resource.h:58]   --->   Operation 213 'mul' 'mul_ln58_30' <Predicate = true> <Delay = 3.35> <CoreInst = "Multiplier">   --->   Core 3 'Multiplier' <Latency = 1> <II = 1> <Delay = 3.35> <FuncUnit> <Opcode : 'mul'> <InPorts = 2> <OutPorts = 1>
ST_4 : Operation 214 [1/1] (0.00ns)   --->   "%sext_ln73_33 = sext i16 %w_30" [firmware/nnet_utils/nnet_mult.h:73->firmware/nnet_utils/nnet_dense_resource.h:59]   --->   Operation 214 'sext' 'sext_ln73_33' <Predicate = true> <Delay = 0.00>
ST_4 : Operation 215 [2/2] (3.35ns)   --->   "%mul_ln58_31 = mul i26 %sext_ln73_33, i26 %sext_ln73_9" [firmware/nnet_utils/nnet_dense_resource.h:58]   --->   Operation 215 'mul' 'mul_ln58_31' <Predicate = true> <Delay = 3.35> <CoreInst = "Multiplier">   --->   Core 3 'Multiplier' <Latency = 1> <II = 1> <Delay = 3.35> <FuncUnit> <Opcode : 'mul'> <InPorts = 2> <OutPorts = 1>
ST_4 : Operation 216 [1/1] (0.00ns)   --->   "%sext_ln73_34 = sext i16 %w_31" [firmware/nnet_utils/nnet_mult.h:73->firmware/nnet_utils/nnet_dense_resource.h:59]   --->   Operation 216 'sext' 'sext_ln73_34' <Predicate = true> <Delay = 0.00>
ST_4 : Operation 217 [2/2] (3.35ns)   --->   "%mul_ln58_32 = mul i26 %sext_ln73_34, i26 %sext_ln73_9" [firmware/nnet_utils/nnet_dense_resource.h:58]   --->   Operation 217 'mul' 'mul_ln58_32' <Predicate = true> <Delay = 3.35> <CoreInst = "Multiplier">   --->   Core 3 'Multiplier' <Latency = 1> <II = 1> <Delay = 3.35> <FuncUnit> <Opcode : 'mul'> <InPorts = 2> <OutPorts = 1>
ST_4 : Operation 218 [1/1] (0.00ns)   --->   "%sext_ln73_35 = sext i16 %w_32" [firmware/nnet_utils/nnet_mult.h:73->firmware/nnet_utils/nnet_dense_resource.h:59]   --->   Operation 218 'sext' 'sext_ln73_35' <Predicate = true> <Delay = 0.00>
ST_4 : Operation 219 [2/2] (3.35ns)   --->   "%mul_ln58_33 = mul i26 %sext_ln73_35, i26 %sext_ln73_9" [firmware/nnet_utils/nnet_dense_resource.h:58]   --->   Operation 219 'mul' 'mul_ln58_33' <Predicate = true> <Delay = 3.35> <CoreInst = "Multiplier">   --->   Core 3 'Multiplier' <Latency = 1> <II = 1> <Delay = 3.35> <FuncUnit> <Opcode : 'mul'> <InPorts = 2> <OutPorts = 1>
ST_4 : Operation 220 [1/1] (0.00ns)   --->   "%sext_ln73_36 = sext i16 %w_33" [firmware/nnet_utils/nnet_mult.h:73->firmware/nnet_utils/nnet_dense_resource.h:59]   --->   Operation 220 'sext' 'sext_ln73_36' <Predicate = true> <Delay = 0.00>
ST_4 : Operation 221 [2/2] (3.35ns)   --->   "%mul_ln58_34 = mul i26 %sext_ln73_36, i26 %sext_ln73_9" [firmware/nnet_utils/nnet_dense_resource.h:58]   --->   Operation 221 'mul' 'mul_ln58_34' <Predicate = true> <Delay = 3.35> <CoreInst = "Multiplier">   --->   Core 3 'Multiplier' <Latency = 1> <II = 1> <Delay = 3.35> <FuncUnit> <Opcode : 'mul'> <InPorts = 2> <OutPorts = 1>
ST_4 : Operation 222 [1/1] (0.00ns)   --->   "%sext_ln73_37 = sext i16 %w_34" [firmware/nnet_utils/nnet_mult.h:73->firmware/nnet_utils/nnet_dense_resource.h:59]   --->   Operation 222 'sext' 'sext_ln73_37' <Predicate = true> <Delay = 0.00>
ST_4 : Operation 223 [2/2] (3.35ns)   --->   "%mul_ln58_35 = mul i26 %sext_ln73_37, i26 %sext_ln73_9" [firmware/nnet_utils/nnet_dense_resource.h:58]   --->   Operation 223 'mul' 'mul_ln58_35' <Predicate = true> <Delay = 3.35> <CoreInst = "Multiplier">   --->   Core 3 'Multiplier' <Latency = 1> <II = 1> <Delay = 3.35> <FuncUnit> <Opcode : 'mul'> <InPorts = 2> <OutPorts = 1>
ST_4 : Operation 224 [1/1] (0.00ns)   --->   "%sext_ln73_38 = sext i16 %w_35" [firmware/nnet_utils/nnet_mult.h:73->firmware/nnet_utils/nnet_dense_resource.h:59]   --->   Operation 224 'sext' 'sext_ln73_38' <Predicate = true> <Delay = 0.00>
ST_4 : Operation 225 [2/2] (3.35ns)   --->   "%mul_ln58_36 = mul i26 %sext_ln73_38, i26 %sext_ln73_9" [firmware/nnet_utils/nnet_dense_resource.h:58]   --->   Operation 225 'mul' 'mul_ln58_36' <Predicate = true> <Delay = 3.35> <CoreInst = "Multiplier">   --->   Core 3 'Multiplier' <Latency = 1> <II = 1> <Delay = 3.35> <FuncUnit> <Opcode : 'mul'> <InPorts = 2> <OutPorts = 1>
ST_4 : Operation 226 [1/1] (0.00ns)   --->   "%sext_ln73_39 = sext i16 %w_36" [firmware/nnet_utils/nnet_mult.h:73->firmware/nnet_utils/nnet_dense_resource.h:59]   --->   Operation 226 'sext' 'sext_ln73_39' <Predicate = true> <Delay = 0.00>
ST_4 : Operation 227 [2/2] (3.35ns)   --->   "%mul_ln58_37 = mul i26 %sext_ln73_39, i26 %sext_ln73_9" [firmware/nnet_utils/nnet_dense_resource.h:58]   --->   Operation 227 'mul' 'mul_ln58_37' <Predicate = true> <Delay = 3.35> <CoreInst = "Multiplier">   --->   Core 3 'Multiplier' <Latency = 1> <II = 1> <Delay = 3.35> <FuncUnit> <Opcode : 'mul'> <InPorts = 2> <OutPorts = 1>
ST_4 : Operation 228 [1/1] (0.00ns)   --->   "%sext_ln73_40 = sext i16 %w_37" [firmware/nnet_utils/nnet_mult.h:73->firmware/nnet_utils/nnet_dense_resource.h:59]   --->   Operation 228 'sext' 'sext_ln73_40' <Predicate = true> <Delay = 0.00>
ST_4 : Operation 229 [2/2] (3.35ns)   --->   "%mul_ln58_38 = mul i26 %sext_ln73_40, i26 %sext_ln73_9" [firmware/nnet_utils/nnet_dense_resource.h:58]   --->   Operation 229 'mul' 'mul_ln58_38' <Predicate = true> <Delay = 3.35> <CoreInst = "Multiplier">   --->   Core 3 'Multiplier' <Latency = 1> <II = 1> <Delay = 3.35> <FuncUnit> <Opcode : 'mul'> <InPorts = 2> <OutPorts = 1>
ST_4 : Operation 230 [1/1] (0.00ns)   --->   "%sext_ln73_41 = sext i16 %w_38" [firmware/nnet_utils/nnet_mult.h:73->firmware/nnet_utils/nnet_dense_resource.h:59]   --->   Operation 230 'sext' 'sext_ln73_41' <Predicate = true> <Delay = 0.00>
ST_4 : Operation 231 [2/2] (3.35ns)   --->   "%mul_ln58_39 = mul i26 %sext_ln73_41, i26 %sext_ln73_9" [firmware/nnet_utils/nnet_dense_resource.h:58]   --->   Operation 231 'mul' 'mul_ln58_39' <Predicate = true> <Delay = 3.35> <CoreInst = "Multiplier">   --->   Core 3 'Multiplier' <Latency = 1> <II = 1> <Delay = 3.35> <FuncUnit> <Opcode : 'mul'> <InPorts = 2> <OutPorts = 1>
ST_4 : Operation 232 [1/1] (0.00ns)   --->   "%sext_ln73_42 = sext i16 %w_39" [firmware/nnet_utils/nnet_mult.h:73->firmware/nnet_utils/nnet_dense_resource.h:59]   --->   Operation 232 'sext' 'sext_ln73_42' <Predicate = true> <Delay = 0.00>
ST_4 : Operation 233 [2/2] (3.35ns)   --->   "%mul_ln58_40 = mul i26 %sext_ln73_42, i26 %sext_ln73_9" [firmware/nnet_utils/nnet_dense_resource.h:58]   --->   Operation 233 'mul' 'mul_ln58_40' <Predicate = true> <Delay = 3.35> <CoreInst = "Multiplier">   --->   Core 3 'Multiplier' <Latency = 1> <II = 1> <Delay = 3.35> <FuncUnit> <Opcode : 'mul'> <InPorts = 2> <OutPorts = 1>
ST_4 : Operation 234 [1/1] (0.00ns)   --->   "%sext_ln73_43 = sext i16 %w_40" [firmware/nnet_utils/nnet_mult.h:73->firmware/nnet_utils/nnet_dense_resource.h:59]   --->   Operation 234 'sext' 'sext_ln73_43' <Predicate = true> <Delay = 0.00>
ST_4 : Operation 235 [2/2] (3.35ns)   --->   "%mul_ln58_41 = mul i26 %sext_ln73_43, i26 %sext_ln73_9" [firmware/nnet_utils/nnet_dense_resource.h:58]   --->   Operation 235 'mul' 'mul_ln58_41' <Predicate = true> <Delay = 3.35> <CoreInst = "Multiplier">   --->   Core 3 'Multiplier' <Latency = 1> <II = 1> <Delay = 3.35> <FuncUnit> <Opcode : 'mul'> <InPorts = 2> <OutPorts = 1>
ST_4 : Operation 236 [1/1] (0.00ns)   --->   "%sext_ln73_44 = sext i16 %w_41" [firmware/nnet_utils/nnet_mult.h:73->firmware/nnet_utils/nnet_dense_resource.h:59]   --->   Operation 236 'sext' 'sext_ln73_44' <Predicate = true> <Delay = 0.00>
ST_4 : Operation 237 [2/2] (3.35ns)   --->   "%mul_ln58_42 = mul i26 %sext_ln73_44, i26 %sext_ln73_9" [firmware/nnet_utils/nnet_dense_resource.h:58]   --->   Operation 237 'mul' 'mul_ln58_42' <Predicate = true> <Delay = 3.35> <CoreInst = "Multiplier">   --->   Core 3 'Multiplier' <Latency = 1> <II = 1> <Delay = 3.35> <FuncUnit> <Opcode : 'mul'> <InPorts = 2> <OutPorts = 1>
ST_4 : Operation 238 [1/1] (0.00ns)   --->   "%sext_ln73_45 = sext i16 %w_42" [firmware/nnet_utils/nnet_mult.h:73->firmware/nnet_utils/nnet_dense_resource.h:59]   --->   Operation 238 'sext' 'sext_ln73_45' <Predicate = true> <Delay = 0.00>
ST_4 : Operation 239 [2/2] (3.35ns)   --->   "%mul_ln58_43 = mul i26 %sext_ln73_45, i26 %sext_ln73_9" [firmware/nnet_utils/nnet_dense_resource.h:58]   --->   Operation 239 'mul' 'mul_ln58_43' <Predicate = true> <Delay = 3.35> <CoreInst = "Multiplier">   --->   Core 3 'Multiplier' <Latency = 1> <II = 1> <Delay = 3.35> <FuncUnit> <Opcode : 'mul'> <InPorts = 2> <OutPorts = 1>
ST_4 : Operation 240 [1/1] (0.00ns)   --->   "%sext_ln73_46 = sext i16 %w_43" [firmware/nnet_utils/nnet_mult.h:73->firmware/nnet_utils/nnet_dense_resource.h:59]   --->   Operation 240 'sext' 'sext_ln73_46' <Predicate = true> <Delay = 0.00>
ST_4 : Operation 241 [2/2] (3.35ns)   --->   "%mul_ln58_44 = mul i26 %sext_ln73_46, i26 %sext_ln73_9" [firmware/nnet_utils/nnet_dense_resource.h:58]   --->   Operation 241 'mul' 'mul_ln58_44' <Predicate = true> <Delay = 3.35> <CoreInst = "Multiplier">   --->   Core 3 'Multiplier' <Latency = 1> <II = 1> <Delay = 3.35> <FuncUnit> <Opcode : 'mul'> <InPorts = 2> <OutPorts = 1>
ST_4 : Operation 242 [1/1] (0.00ns)   --->   "%sext_ln73_47 = sext i16 %w_44" [firmware/nnet_utils/nnet_mult.h:73->firmware/nnet_utils/nnet_dense_resource.h:59]   --->   Operation 242 'sext' 'sext_ln73_47' <Predicate = true> <Delay = 0.00>
ST_4 : Operation 243 [2/2] (3.35ns)   --->   "%mul_ln58_45 = mul i26 %sext_ln73_47, i26 %sext_ln73_9" [firmware/nnet_utils/nnet_dense_resource.h:58]   --->   Operation 243 'mul' 'mul_ln58_45' <Predicate = true> <Delay = 3.35> <CoreInst = "Multiplier">   --->   Core 3 'Multiplier' <Latency = 1> <II = 1> <Delay = 3.35> <FuncUnit> <Opcode : 'mul'> <InPorts = 2> <OutPorts = 1>
ST_4 : Operation 244 [1/1] (0.00ns)   --->   "%sext_ln73_48 = sext i16 %w_45" [firmware/nnet_utils/nnet_mult.h:73->firmware/nnet_utils/nnet_dense_resource.h:59]   --->   Operation 244 'sext' 'sext_ln73_48' <Predicate = true> <Delay = 0.00>
ST_4 : Operation 245 [2/2] (3.35ns)   --->   "%mul_ln58_46 = mul i26 %sext_ln73_48, i26 %sext_ln73_9" [firmware/nnet_utils/nnet_dense_resource.h:58]   --->   Operation 245 'mul' 'mul_ln58_46' <Predicate = true> <Delay = 3.35> <CoreInst = "Multiplier">   --->   Core 3 'Multiplier' <Latency = 1> <II = 1> <Delay = 3.35> <FuncUnit> <Opcode : 'mul'> <InPorts = 2> <OutPorts = 1>
ST_4 : Operation 246 [1/1] (0.00ns)   --->   "%sext_ln73_49 = sext i16 %w_46" [firmware/nnet_utils/nnet_mult.h:73->firmware/nnet_utils/nnet_dense_resource.h:59]   --->   Operation 246 'sext' 'sext_ln73_49' <Predicate = true> <Delay = 0.00>
ST_4 : Operation 247 [2/2] (3.35ns)   --->   "%mul_ln58_47 = mul i26 %sext_ln73_49, i26 %sext_ln73_9" [firmware/nnet_utils/nnet_dense_resource.h:58]   --->   Operation 247 'mul' 'mul_ln58_47' <Predicate = true> <Delay = 3.35> <CoreInst = "Multiplier">   --->   Core 3 'Multiplier' <Latency = 1> <II = 1> <Delay = 3.35> <FuncUnit> <Opcode : 'mul'> <InPorts = 2> <OutPorts = 1>
ST_4 : Operation 248 [1/1] (0.00ns)   --->   "%sext_ln73_50 = sext i16 %w_47" [firmware/nnet_utils/nnet_mult.h:73->firmware/nnet_utils/nnet_dense_resource.h:59]   --->   Operation 248 'sext' 'sext_ln73_50' <Predicate = true> <Delay = 0.00>
ST_4 : Operation 249 [2/2] (3.35ns)   --->   "%mul_ln58_48 = mul i26 %sext_ln73_50, i26 %sext_ln73_9" [firmware/nnet_utils/nnet_dense_resource.h:58]   --->   Operation 249 'mul' 'mul_ln58_48' <Predicate = true> <Delay = 3.35> <CoreInst = "Multiplier">   --->   Core 3 'Multiplier' <Latency = 1> <II = 1> <Delay = 3.35> <FuncUnit> <Opcode : 'mul'> <InPorts = 2> <OutPorts = 1>
ST_4 : Operation 250 [1/1] (0.00ns)   --->   "%sext_ln73_51 = sext i16 %w_48" [firmware/nnet_utils/nnet_mult.h:73->firmware/nnet_utils/nnet_dense_resource.h:59]   --->   Operation 250 'sext' 'sext_ln73_51' <Predicate = true> <Delay = 0.00>
ST_4 : Operation 251 [2/2] (3.35ns)   --->   "%mul_ln58_49 = mul i26 %sext_ln73_51, i26 %sext_ln73_9" [firmware/nnet_utils/nnet_dense_resource.h:58]   --->   Operation 251 'mul' 'mul_ln58_49' <Predicate = true> <Delay = 3.35> <CoreInst = "Multiplier">   --->   Core 3 'Multiplier' <Latency = 1> <II = 1> <Delay = 3.35> <FuncUnit> <Opcode : 'mul'> <InPorts = 2> <OutPorts = 1>
ST_4 : Operation 252 [1/1] (0.00ns)   --->   "%sext_ln73_52 = sext i16 %w_49" [firmware/nnet_utils/nnet_mult.h:73->firmware/nnet_utils/nnet_dense_resource.h:59]   --->   Operation 252 'sext' 'sext_ln73_52' <Predicate = true> <Delay = 0.00>
ST_4 : Operation 253 [2/2] (3.35ns)   --->   "%mul_ln58_50 = mul i26 %sext_ln73_52, i26 %sext_ln73_9" [firmware/nnet_utils/nnet_dense_resource.h:58]   --->   Operation 253 'mul' 'mul_ln58_50' <Predicate = true> <Delay = 3.35> <CoreInst = "Multiplier">   --->   Core 3 'Multiplier' <Latency = 1> <II = 1> <Delay = 3.35> <FuncUnit> <Opcode : 'mul'> <InPorts = 2> <OutPorts = 1>
ST_4 : Operation 254 [1/1] (0.00ns)   --->   "%sext_ln73_53 = sext i16 %w_50" [firmware/nnet_utils/nnet_mult.h:73->firmware/nnet_utils/nnet_dense_resource.h:59]   --->   Operation 254 'sext' 'sext_ln73_53' <Predicate = true> <Delay = 0.00>
ST_4 : Operation 255 [2/2] (3.35ns)   --->   "%mul_ln58_51 = mul i26 %sext_ln73_53, i26 %sext_ln73_9" [firmware/nnet_utils/nnet_dense_resource.h:58]   --->   Operation 255 'mul' 'mul_ln58_51' <Predicate = true> <Delay = 3.35> <CoreInst = "Multiplier">   --->   Core 3 'Multiplier' <Latency = 1> <II = 1> <Delay = 3.35> <FuncUnit> <Opcode : 'mul'> <InPorts = 2> <OutPorts = 1>
ST_4 : Operation 256 [1/1] (0.00ns)   --->   "%sext_ln73_54 = sext i16 %w_51" [firmware/nnet_utils/nnet_mult.h:73->firmware/nnet_utils/nnet_dense_resource.h:59]   --->   Operation 256 'sext' 'sext_ln73_54' <Predicate = true> <Delay = 0.00>
ST_4 : Operation 257 [2/2] (3.35ns)   --->   "%mul_ln58_52 = mul i26 %sext_ln73_54, i26 %sext_ln73_9" [firmware/nnet_utils/nnet_dense_resource.h:58]   --->   Operation 257 'mul' 'mul_ln58_52' <Predicate = true> <Delay = 3.35> <CoreInst = "Multiplier">   --->   Core 3 'Multiplier' <Latency = 1> <II = 1> <Delay = 3.35> <FuncUnit> <Opcode : 'mul'> <InPorts = 2> <OutPorts = 1>
ST_4 : Operation 258 [1/1] (0.00ns)   --->   "%sext_ln73_55 = sext i11 %tmp" [firmware/nnet_utils/nnet_mult.h:73->firmware/nnet_utils/nnet_dense_resource.h:59]   --->   Operation 258 'sext' 'sext_ln73_55' <Predicate = true> <Delay = 0.00>
ST_4 : Operation 259 [2/2] (3.35ns)   --->   "%mul_ln58_53 = mul i26 %sext_ln73_9, i26 %sext_ln73_55" [firmware/nnet_utils/nnet_dense_resource.h:58]   --->   Operation 259 'mul' 'mul_ln58_53' <Predicate = true> <Delay = 3.35> <CoreInst = "Multiplier">   --->   Core 3 'Multiplier' <Latency = 1> <II = 1> <Delay = 3.35> <FuncUnit> <Opcode : 'mul'> <InPorts = 2> <OutPorts = 1>

State 5 <SV = 4> <Delay = 3.35>
ST_5 : Operation 260 [1/2] (3.35ns)   --->   "%mul_ln58 = mul i26 %sext_ln73, i26 %sext_ln73_9" [firmware/nnet_utils/nnet_dense_resource.h:58]   --->   Operation 260 'mul' 'mul_ln58' <Predicate = true> <Delay = 3.35> <CoreInst = "Multiplier">   --->   Core 3 'Multiplier' <Latency = 1> <II = 1> <Delay = 3.35> <FuncUnit> <Opcode : 'mul'> <InPorts = 2> <OutPorts = 1>
ST_5 : Operation 261 [1/1] (0.00ns)   --->   "%trunc_ln4 = partselect i16 @_ssdm_op_PartSelect.i16.i26.i32.i32, i26 %mul_ln58, i32 10, i32 25" [firmware/nnet_utils/nnet_dense_resource.h:58]   --->   Operation 261 'partselect' 'trunc_ln4' <Predicate = true> <Delay = 0.00>
ST_5 : Operation 262 [1/2] (3.35ns)   --->   "%mul_ln58_8 = mul i26 %sext_ln73_10, i26 %sext_ln73_9" [firmware/nnet_utils/nnet_dense_resource.h:58]   --->   Operation 262 'mul' 'mul_ln58_8' <Predicate = true> <Delay = 3.35> <CoreInst = "Multiplier">   --->   Core 3 'Multiplier' <Latency = 1> <II = 1> <Delay = 3.35> <FuncUnit> <Opcode : 'mul'> <InPorts = 2> <OutPorts = 1>
ST_5 : Operation 263 [1/1] (0.00ns)   --->   "%trunc_ln58_8 = partselect i16 @_ssdm_op_PartSelect.i16.i26.i32.i32, i26 %mul_ln58_8, i32 10, i32 25" [firmware/nnet_utils/nnet_dense_resource.h:58]   --->   Operation 263 'partselect' 'trunc_ln58_8' <Predicate = true> <Delay = 0.00>
ST_5 : Operation 264 [1/2] (3.35ns)   --->   "%mul_ln58_9 = mul i26 %sext_ln73_11, i26 %sext_ln73_9" [firmware/nnet_utils/nnet_dense_resource.h:58]   --->   Operation 264 'mul' 'mul_ln58_9' <Predicate = true> <Delay = 3.35> <CoreInst = "Multiplier">   --->   Core 3 'Multiplier' <Latency = 1> <II = 1> <Delay = 3.35> <FuncUnit> <Opcode : 'mul'> <InPorts = 2> <OutPorts = 1>
ST_5 : Operation 265 [1/1] (0.00ns)   --->   "%trunc_ln58_9 = partselect i16 @_ssdm_op_PartSelect.i16.i26.i32.i32, i26 %mul_ln58_9, i32 10, i32 25" [firmware/nnet_utils/nnet_dense_resource.h:58]   --->   Operation 265 'partselect' 'trunc_ln58_9' <Predicate = true> <Delay = 0.00>
ST_5 : Operation 266 [1/2] (3.35ns)   --->   "%mul_ln58_10 = mul i26 %sext_ln73_12, i26 %sext_ln73_9" [firmware/nnet_utils/nnet_dense_resource.h:58]   --->   Operation 266 'mul' 'mul_ln58_10' <Predicate = true> <Delay = 3.35> <CoreInst = "Multiplier">   --->   Core 3 'Multiplier' <Latency = 1> <II = 1> <Delay = 3.35> <FuncUnit> <Opcode : 'mul'> <InPorts = 2> <OutPorts = 1>
ST_5 : Operation 267 [1/1] (0.00ns)   --->   "%trunc_ln58_s = partselect i16 @_ssdm_op_PartSelect.i16.i26.i32.i32, i26 %mul_ln58_10, i32 10, i32 25" [firmware/nnet_utils/nnet_dense_resource.h:58]   --->   Operation 267 'partselect' 'trunc_ln58_s' <Predicate = true> <Delay = 0.00>
ST_5 : Operation 268 [1/2] (3.35ns)   --->   "%mul_ln58_11 = mul i26 %sext_ln73_13, i26 %sext_ln73_9" [firmware/nnet_utils/nnet_dense_resource.h:58]   --->   Operation 268 'mul' 'mul_ln58_11' <Predicate = true> <Delay = 3.35> <CoreInst = "Multiplier">   --->   Core 3 'Multiplier' <Latency = 1> <II = 1> <Delay = 3.35> <FuncUnit> <Opcode : 'mul'> <InPorts = 2> <OutPorts = 1>
ST_5 : Operation 269 [1/1] (0.00ns)   --->   "%trunc_ln58_1 = partselect i16 @_ssdm_op_PartSelect.i16.i26.i32.i32, i26 %mul_ln58_11, i32 10, i32 25" [firmware/nnet_utils/nnet_dense_resource.h:58]   --->   Operation 269 'partselect' 'trunc_ln58_1' <Predicate = true> <Delay = 0.00>
ST_5 : Operation 270 [1/2] (3.35ns)   --->   "%mul_ln58_12 = mul i26 %sext_ln73_14, i26 %sext_ln73_9" [firmware/nnet_utils/nnet_dense_resource.h:58]   --->   Operation 270 'mul' 'mul_ln58_12' <Predicate = true> <Delay = 3.35> <CoreInst = "Multiplier">   --->   Core 3 'Multiplier' <Latency = 1> <II = 1> <Delay = 3.35> <FuncUnit> <Opcode : 'mul'> <InPorts = 2> <OutPorts = 1>
ST_5 : Operation 271 [1/1] (0.00ns)   --->   "%trunc_ln58_2 = partselect i16 @_ssdm_op_PartSelect.i16.i26.i32.i32, i26 %mul_ln58_12, i32 10, i32 25" [firmware/nnet_utils/nnet_dense_resource.h:58]   --->   Operation 271 'partselect' 'trunc_ln58_2' <Predicate = true> <Delay = 0.00>
ST_5 : Operation 272 [1/2] (3.35ns)   --->   "%mul_ln58_13 = mul i26 %sext_ln73_15, i26 %sext_ln73_9" [firmware/nnet_utils/nnet_dense_resource.h:58]   --->   Operation 272 'mul' 'mul_ln58_13' <Predicate = true> <Delay = 3.35> <CoreInst = "Multiplier">   --->   Core 3 'Multiplier' <Latency = 1> <II = 1> <Delay = 3.35> <FuncUnit> <Opcode : 'mul'> <InPorts = 2> <OutPorts = 1>
ST_5 : Operation 273 [1/1] (0.00ns)   --->   "%trunc_ln58_3 = partselect i16 @_ssdm_op_PartSelect.i16.i26.i32.i32, i26 %mul_ln58_13, i32 10, i32 25" [firmware/nnet_utils/nnet_dense_resource.h:58]   --->   Operation 273 'partselect' 'trunc_ln58_3' <Predicate = true> <Delay = 0.00>
ST_5 : Operation 274 [1/2] (3.35ns)   --->   "%mul_ln58_14 = mul i26 %sext_ln73_16, i26 %sext_ln73_9" [firmware/nnet_utils/nnet_dense_resource.h:58]   --->   Operation 274 'mul' 'mul_ln58_14' <Predicate = true> <Delay = 3.35> <CoreInst = "Multiplier">   --->   Core 3 'Multiplier' <Latency = 1> <II = 1> <Delay = 3.35> <FuncUnit> <Opcode : 'mul'> <InPorts = 2> <OutPorts = 1>
ST_5 : Operation 275 [1/1] (0.00ns)   --->   "%trunc_ln58_4 = partselect i16 @_ssdm_op_PartSelect.i16.i26.i32.i32, i26 %mul_ln58_14, i32 10, i32 25" [firmware/nnet_utils/nnet_dense_resource.h:58]   --->   Operation 275 'partselect' 'trunc_ln58_4' <Predicate = true> <Delay = 0.00>
ST_5 : Operation 276 [1/2] (3.35ns)   --->   "%mul_ln58_15 = mul i26 %sext_ln73_17, i26 %sext_ln73_9" [firmware/nnet_utils/nnet_dense_resource.h:58]   --->   Operation 276 'mul' 'mul_ln58_15' <Predicate = true> <Delay = 3.35> <CoreInst = "Multiplier">   --->   Core 3 'Multiplier' <Latency = 1> <II = 1> <Delay = 3.35> <FuncUnit> <Opcode : 'mul'> <InPorts = 2> <OutPorts = 1>
ST_5 : Operation 277 [1/1] (0.00ns)   --->   "%trunc_ln58_5 = partselect i16 @_ssdm_op_PartSelect.i16.i26.i32.i32, i26 %mul_ln58_15, i32 10, i32 25" [firmware/nnet_utils/nnet_dense_resource.h:58]   --->   Operation 277 'partselect' 'trunc_ln58_5' <Predicate = true> <Delay = 0.00>
ST_5 : Operation 278 [1/2] (3.35ns)   --->   "%mul_ln58_16 = mul i26 %sext_ln73_18, i26 %sext_ln73_9" [firmware/nnet_utils/nnet_dense_resource.h:58]   --->   Operation 278 'mul' 'mul_ln58_16' <Predicate = true> <Delay = 3.35> <CoreInst = "Multiplier">   --->   Core 3 'Multiplier' <Latency = 1> <II = 1> <Delay = 3.35> <FuncUnit> <Opcode : 'mul'> <InPorts = 2> <OutPorts = 1>
ST_5 : Operation 279 [1/1] (0.00ns)   --->   "%trunc_ln58_6 = partselect i16 @_ssdm_op_PartSelect.i16.i26.i32.i32, i26 %mul_ln58_16, i32 10, i32 25" [firmware/nnet_utils/nnet_dense_resource.h:58]   --->   Operation 279 'partselect' 'trunc_ln58_6' <Predicate = true> <Delay = 0.00>
ST_5 : Operation 280 [1/2] (3.35ns)   --->   "%mul_ln58_17 = mul i26 %sext_ln73_19, i26 %sext_ln73_9" [firmware/nnet_utils/nnet_dense_resource.h:58]   --->   Operation 280 'mul' 'mul_ln58_17' <Predicate = true> <Delay = 3.35> <CoreInst = "Multiplier">   --->   Core 3 'Multiplier' <Latency = 1> <II = 1> <Delay = 3.35> <FuncUnit> <Opcode : 'mul'> <InPorts = 2> <OutPorts = 1>
ST_5 : Operation 281 [1/1] (0.00ns)   --->   "%trunc_ln58_7 = partselect i16 @_ssdm_op_PartSelect.i16.i26.i32.i32, i26 %mul_ln58_17, i32 10, i32 25" [firmware/nnet_utils/nnet_dense_resource.h:58]   --->   Operation 281 'partselect' 'trunc_ln58_7' <Predicate = true> <Delay = 0.00>
ST_5 : Operation 282 [1/2] (3.35ns)   --->   "%mul_ln58_18 = mul i26 %sext_ln73_20, i26 %sext_ln73_9" [firmware/nnet_utils/nnet_dense_resource.h:58]   --->   Operation 282 'mul' 'mul_ln58_18' <Predicate = true> <Delay = 3.35> <CoreInst = "Multiplier">   --->   Core 3 'Multiplier' <Latency = 1> <II = 1> <Delay = 3.35> <FuncUnit> <Opcode : 'mul'> <InPorts = 2> <OutPorts = 1>
ST_5 : Operation 283 [1/1] (0.00ns)   --->   "%trunc_ln58_10 = partselect i16 @_ssdm_op_PartSelect.i16.i26.i32.i32, i26 %mul_ln58_18, i32 10, i32 25" [firmware/nnet_utils/nnet_dense_resource.h:58]   --->   Operation 283 'partselect' 'trunc_ln58_10' <Predicate = true> <Delay = 0.00>
ST_5 : Operation 284 [1/2] (3.35ns)   --->   "%mul_ln58_19 = mul i26 %sext_ln73_21, i26 %sext_ln73_9" [firmware/nnet_utils/nnet_dense_resource.h:58]   --->   Operation 284 'mul' 'mul_ln58_19' <Predicate = true> <Delay = 3.35> <CoreInst = "Multiplier">   --->   Core 3 'Multiplier' <Latency = 1> <II = 1> <Delay = 3.35> <FuncUnit> <Opcode : 'mul'> <InPorts = 2> <OutPorts = 1>
ST_5 : Operation 285 [1/1] (0.00ns)   --->   "%trunc_ln58_11 = partselect i16 @_ssdm_op_PartSelect.i16.i26.i32.i32, i26 %mul_ln58_19, i32 10, i32 25" [firmware/nnet_utils/nnet_dense_resource.h:58]   --->   Operation 285 'partselect' 'trunc_ln58_11' <Predicate = true> <Delay = 0.00>
ST_5 : Operation 286 [1/2] (3.35ns)   --->   "%mul_ln58_20 = mul i26 %sext_ln73_22, i26 %sext_ln73_9" [firmware/nnet_utils/nnet_dense_resource.h:58]   --->   Operation 286 'mul' 'mul_ln58_20' <Predicate = true> <Delay = 3.35> <CoreInst = "Multiplier">   --->   Core 3 'Multiplier' <Latency = 1> <II = 1> <Delay = 3.35> <FuncUnit> <Opcode : 'mul'> <InPorts = 2> <OutPorts = 1>
ST_5 : Operation 287 [1/1] (0.00ns)   --->   "%trunc_ln58_12 = partselect i16 @_ssdm_op_PartSelect.i16.i26.i32.i32, i26 %mul_ln58_20, i32 10, i32 25" [firmware/nnet_utils/nnet_dense_resource.h:58]   --->   Operation 287 'partselect' 'trunc_ln58_12' <Predicate = true> <Delay = 0.00>
ST_5 : Operation 288 [1/2] (3.35ns)   --->   "%mul_ln58_21 = mul i26 %sext_ln73_23, i26 %sext_ln73_9" [firmware/nnet_utils/nnet_dense_resource.h:58]   --->   Operation 288 'mul' 'mul_ln58_21' <Predicate = true> <Delay = 3.35> <CoreInst = "Multiplier">   --->   Core 3 'Multiplier' <Latency = 1> <II = 1> <Delay = 3.35> <FuncUnit> <Opcode : 'mul'> <InPorts = 2> <OutPorts = 1>
ST_5 : Operation 289 [1/1] (0.00ns)   --->   "%trunc_ln58_13 = partselect i16 @_ssdm_op_PartSelect.i16.i26.i32.i32, i26 %mul_ln58_21, i32 10, i32 25" [firmware/nnet_utils/nnet_dense_resource.h:58]   --->   Operation 289 'partselect' 'trunc_ln58_13' <Predicate = true> <Delay = 0.00>
ST_5 : Operation 290 [1/2] (3.35ns)   --->   "%mul_ln58_22 = mul i26 %sext_ln73_24, i26 %sext_ln73_9" [firmware/nnet_utils/nnet_dense_resource.h:58]   --->   Operation 290 'mul' 'mul_ln58_22' <Predicate = true> <Delay = 3.35> <CoreInst = "Multiplier">   --->   Core 3 'Multiplier' <Latency = 1> <II = 1> <Delay = 3.35> <FuncUnit> <Opcode : 'mul'> <InPorts = 2> <OutPorts = 1>
ST_5 : Operation 291 [1/1] (0.00ns)   --->   "%trunc_ln58_14 = partselect i16 @_ssdm_op_PartSelect.i16.i26.i32.i32, i26 %mul_ln58_22, i32 10, i32 25" [firmware/nnet_utils/nnet_dense_resource.h:58]   --->   Operation 291 'partselect' 'trunc_ln58_14' <Predicate = true> <Delay = 0.00>
ST_5 : Operation 292 [1/2] (3.35ns)   --->   "%mul_ln58_23 = mul i26 %sext_ln73_25, i26 %sext_ln73_9" [firmware/nnet_utils/nnet_dense_resource.h:58]   --->   Operation 292 'mul' 'mul_ln58_23' <Predicate = true> <Delay = 3.35> <CoreInst = "Multiplier">   --->   Core 3 'Multiplier' <Latency = 1> <II = 1> <Delay = 3.35> <FuncUnit> <Opcode : 'mul'> <InPorts = 2> <OutPorts = 1>
ST_5 : Operation 293 [1/1] (0.00ns)   --->   "%trunc_ln58_15 = partselect i16 @_ssdm_op_PartSelect.i16.i26.i32.i32, i26 %mul_ln58_23, i32 10, i32 25" [firmware/nnet_utils/nnet_dense_resource.h:58]   --->   Operation 293 'partselect' 'trunc_ln58_15' <Predicate = true> <Delay = 0.00>
ST_5 : Operation 294 [1/2] (3.35ns)   --->   "%mul_ln58_24 = mul i26 %sext_ln73_26, i26 %sext_ln73_9" [firmware/nnet_utils/nnet_dense_resource.h:58]   --->   Operation 294 'mul' 'mul_ln58_24' <Predicate = true> <Delay = 3.35> <CoreInst = "Multiplier">   --->   Core 3 'Multiplier' <Latency = 1> <II = 1> <Delay = 3.35> <FuncUnit> <Opcode : 'mul'> <InPorts = 2> <OutPorts = 1>
ST_5 : Operation 295 [1/1] (0.00ns)   --->   "%trunc_ln58_16 = partselect i16 @_ssdm_op_PartSelect.i16.i26.i32.i32, i26 %mul_ln58_24, i32 10, i32 25" [firmware/nnet_utils/nnet_dense_resource.h:58]   --->   Operation 295 'partselect' 'trunc_ln58_16' <Predicate = true> <Delay = 0.00>
ST_5 : Operation 296 [1/2] (3.35ns)   --->   "%mul_ln58_25 = mul i26 %sext_ln73_27, i26 %sext_ln73_9" [firmware/nnet_utils/nnet_dense_resource.h:58]   --->   Operation 296 'mul' 'mul_ln58_25' <Predicate = true> <Delay = 3.35> <CoreInst = "Multiplier">   --->   Core 3 'Multiplier' <Latency = 1> <II = 1> <Delay = 3.35> <FuncUnit> <Opcode : 'mul'> <InPorts = 2> <OutPorts = 1>
ST_5 : Operation 297 [1/1] (0.00ns)   --->   "%trunc_ln58_17 = partselect i16 @_ssdm_op_PartSelect.i16.i26.i32.i32, i26 %mul_ln58_25, i32 10, i32 25" [firmware/nnet_utils/nnet_dense_resource.h:58]   --->   Operation 297 'partselect' 'trunc_ln58_17' <Predicate = true> <Delay = 0.00>
ST_5 : Operation 298 [1/2] (3.35ns)   --->   "%mul_ln58_26 = mul i26 %sext_ln73_28, i26 %sext_ln73_9" [firmware/nnet_utils/nnet_dense_resource.h:58]   --->   Operation 298 'mul' 'mul_ln58_26' <Predicate = true> <Delay = 3.35> <CoreInst = "Multiplier">   --->   Core 3 'Multiplier' <Latency = 1> <II = 1> <Delay = 3.35> <FuncUnit> <Opcode : 'mul'> <InPorts = 2> <OutPorts = 1>
ST_5 : Operation 299 [1/1] (0.00ns)   --->   "%trunc_ln58_18 = partselect i16 @_ssdm_op_PartSelect.i16.i26.i32.i32, i26 %mul_ln58_26, i32 10, i32 25" [firmware/nnet_utils/nnet_dense_resource.h:58]   --->   Operation 299 'partselect' 'trunc_ln58_18' <Predicate = true> <Delay = 0.00>
ST_5 : Operation 300 [1/2] (3.35ns)   --->   "%mul_ln58_27 = mul i26 %sext_ln73_29, i26 %sext_ln73_9" [firmware/nnet_utils/nnet_dense_resource.h:58]   --->   Operation 300 'mul' 'mul_ln58_27' <Predicate = true> <Delay = 3.35> <CoreInst = "Multiplier">   --->   Core 3 'Multiplier' <Latency = 1> <II = 1> <Delay = 3.35> <FuncUnit> <Opcode : 'mul'> <InPorts = 2> <OutPorts = 1>
ST_5 : Operation 301 [1/1] (0.00ns)   --->   "%trunc_ln58_19 = partselect i16 @_ssdm_op_PartSelect.i16.i26.i32.i32, i26 %mul_ln58_27, i32 10, i32 25" [firmware/nnet_utils/nnet_dense_resource.h:58]   --->   Operation 301 'partselect' 'trunc_ln58_19' <Predicate = true> <Delay = 0.00>
ST_5 : Operation 302 [1/2] (3.35ns)   --->   "%mul_ln58_28 = mul i26 %sext_ln73_30, i26 %sext_ln73_9" [firmware/nnet_utils/nnet_dense_resource.h:58]   --->   Operation 302 'mul' 'mul_ln58_28' <Predicate = true> <Delay = 3.35> <CoreInst = "Multiplier">   --->   Core 3 'Multiplier' <Latency = 1> <II = 1> <Delay = 3.35> <FuncUnit> <Opcode : 'mul'> <InPorts = 2> <OutPorts = 1>
ST_5 : Operation 303 [1/1] (0.00ns)   --->   "%trunc_ln58_20 = partselect i16 @_ssdm_op_PartSelect.i16.i26.i32.i32, i26 %mul_ln58_28, i32 10, i32 25" [firmware/nnet_utils/nnet_dense_resource.h:58]   --->   Operation 303 'partselect' 'trunc_ln58_20' <Predicate = true> <Delay = 0.00>
ST_5 : Operation 304 [1/2] (3.35ns)   --->   "%mul_ln58_29 = mul i26 %sext_ln73_31, i26 %sext_ln73_9" [firmware/nnet_utils/nnet_dense_resource.h:58]   --->   Operation 304 'mul' 'mul_ln58_29' <Predicate = true> <Delay = 3.35> <CoreInst = "Multiplier">   --->   Core 3 'Multiplier' <Latency = 1> <II = 1> <Delay = 3.35> <FuncUnit> <Opcode : 'mul'> <InPorts = 2> <OutPorts = 1>
ST_5 : Operation 305 [1/1] (0.00ns)   --->   "%trunc_ln58_21 = partselect i16 @_ssdm_op_PartSelect.i16.i26.i32.i32, i26 %mul_ln58_29, i32 10, i32 25" [firmware/nnet_utils/nnet_dense_resource.h:58]   --->   Operation 305 'partselect' 'trunc_ln58_21' <Predicate = true> <Delay = 0.00>
ST_5 : Operation 306 [1/2] (3.35ns)   --->   "%mul_ln58_30 = mul i26 %sext_ln73_32, i26 %sext_ln73_9" [firmware/nnet_utils/nnet_dense_resource.h:58]   --->   Operation 306 'mul' 'mul_ln58_30' <Predicate = true> <Delay = 3.35> <CoreInst = "Multiplier">   --->   Core 3 'Multiplier' <Latency = 1> <II = 1> <Delay = 3.35> <FuncUnit> <Opcode : 'mul'> <InPorts = 2> <OutPorts = 1>
ST_5 : Operation 307 [1/1] (0.00ns)   --->   "%trunc_ln58_22 = partselect i16 @_ssdm_op_PartSelect.i16.i26.i32.i32, i26 %mul_ln58_30, i32 10, i32 25" [firmware/nnet_utils/nnet_dense_resource.h:58]   --->   Operation 307 'partselect' 'trunc_ln58_22' <Predicate = true> <Delay = 0.00>
ST_5 : Operation 308 [1/2] (3.35ns)   --->   "%mul_ln58_31 = mul i26 %sext_ln73_33, i26 %sext_ln73_9" [firmware/nnet_utils/nnet_dense_resource.h:58]   --->   Operation 308 'mul' 'mul_ln58_31' <Predicate = true> <Delay = 3.35> <CoreInst = "Multiplier">   --->   Core 3 'Multiplier' <Latency = 1> <II = 1> <Delay = 3.35> <FuncUnit> <Opcode : 'mul'> <InPorts = 2> <OutPorts = 1>
ST_5 : Operation 309 [1/1] (0.00ns)   --->   "%trunc_ln58_23 = partselect i16 @_ssdm_op_PartSelect.i16.i26.i32.i32, i26 %mul_ln58_31, i32 10, i32 25" [firmware/nnet_utils/nnet_dense_resource.h:58]   --->   Operation 309 'partselect' 'trunc_ln58_23' <Predicate = true> <Delay = 0.00>
ST_5 : Operation 310 [1/2] (3.35ns)   --->   "%mul_ln58_32 = mul i26 %sext_ln73_34, i26 %sext_ln73_9" [firmware/nnet_utils/nnet_dense_resource.h:58]   --->   Operation 310 'mul' 'mul_ln58_32' <Predicate = true> <Delay = 3.35> <CoreInst = "Multiplier">   --->   Core 3 'Multiplier' <Latency = 1> <II = 1> <Delay = 3.35> <FuncUnit> <Opcode : 'mul'> <InPorts = 2> <OutPorts = 1>
ST_5 : Operation 311 [1/1] (0.00ns)   --->   "%trunc_ln58_24 = partselect i16 @_ssdm_op_PartSelect.i16.i26.i32.i32, i26 %mul_ln58_32, i32 10, i32 25" [firmware/nnet_utils/nnet_dense_resource.h:58]   --->   Operation 311 'partselect' 'trunc_ln58_24' <Predicate = true> <Delay = 0.00>
ST_5 : Operation 312 [1/2] (3.35ns)   --->   "%mul_ln58_33 = mul i26 %sext_ln73_35, i26 %sext_ln73_9" [firmware/nnet_utils/nnet_dense_resource.h:58]   --->   Operation 312 'mul' 'mul_ln58_33' <Predicate = true> <Delay = 3.35> <CoreInst = "Multiplier">   --->   Core 3 'Multiplier' <Latency = 1> <II = 1> <Delay = 3.35> <FuncUnit> <Opcode : 'mul'> <InPorts = 2> <OutPorts = 1>
ST_5 : Operation 313 [1/1] (0.00ns)   --->   "%trunc_ln58_25 = partselect i16 @_ssdm_op_PartSelect.i16.i26.i32.i32, i26 %mul_ln58_33, i32 10, i32 25" [firmware/nnet_utils/nnet_dense_resource.h:58]   --->   Operation 313 'partselect' 'trunc_ln58_25' <Predicate = true> <Delay = 0.00>
ST_5 : Operation 314 [1/2] (3.35ns)   --->   "%mul_ln58_34 = mul i26 %sext_ln73_36, i26 %sext_ln73_9" [firmware/nnet_utils/nnet_dense_resource.h:58]   --->   Operation 314 'mul' 'mul_ln58_34' <Predicate = true> <Delay = 3.35> <CoreInst = "Multiplier">   --->   Core 3 'Multiplier' <Latency = 1> <II = 1> <Delay = 3.35> <FuncUnit> <Opcode : 'mul'> <InPorts = 2> <OutPorts = 1>
ST_5 : Operation 315 [1/1] (0.00ns)   --->   "%trunc_ln58_26 = partselect i16 @_ssdm_op_PartSelect.i16.i26.i32.i32, i26 %mul_ln58_34, i32 10, i32 25" [firmware/nnet_utils/nnet_dense_resource.h:58]   --->   Operation 315 'partselect' 'trunc_ln58_26' <Predicate = true> <Delay = 0.00>
ST_5 : Operation 316 [1/2] (3.35ns)   --->   "%mul_ln58_35 = mul i26 %sext_ln73_37, i26 %sext_ln73_9" [firmware/nnet_utils/nnet_dense_resource.h:58]   --->   Operation 316 'mul' 'mul_ln58_35' <Predicate = true> <Delay = 3.35> <CoreInst = "Multiplier">   --->   Core 3 'Multiplier' <Latency = 1> <II = 1> <Delay = 3.35> <FuncUnit> <Opcode : 'mul'> <InPorts = 2> <OutPorts = 1>
ST_5 : Operation 317 [1/1] (0.00ns)   --->   "%trunc_ln58_27 = partselect i16 @_ssdm_op_PartSelect.i16.i26.i32.i32, i26 %mul_ln58_35, i32 10, i32 25" [firmware/nnet_utils/nnet_dense_resource.h:58]   --->   Operation 317 'partselect' 'trunc_ln58_27' <Predicate = true> <Delay = 0.00>
ST_5 : Operation 318 [1/2] (3.35ns)   --->   "%mul_ln58_36 = mul i26 %sext_ln73_38, i26 %sext_ln73_9" [firmware/nnet_utils/nnet_dense_resource.h:58]   --->   Operation 318 'mul' 'mul_ln58_36' <Predicate = true> <Delay = 3.35> <CoreInst = "Multiplier">   --->   Core 3 'Multiplier' <Latency = 1> <II = 1> <Delay = 3.35> <FuncUnit> <Opcode : 'mul'> <InPorts = 2> <OutPorts = 1>
ST_5 : Operation 319 [1/1] (0.00ns)   --->   "%trunc_ln58_28 = partselect i16 @_ssdm_op_PartSelect.i16.i26.i32.i32, i26 %mul_ln58_36, i32 10, i32 25" [firmware/nnet_utils/nnet_dense_resource.h:58]   --->   Operation 319 'partselect' 'trunc_ln58_28' <Predicate = true> <Delay = 0.00>
ST_5 : Operation 320 [1/2] (3.35ns)   --->   "%mul_ln58_37 = mul i26 %sext_ln73_39, i26 %sext_ln73_9" [firmware/nnet_utils/nnet_dense_resource.h:58]   --->   Operation 320 'mul' 'mul_ln58_37' <Predicate = true> <Delay = 3.35> <CoreInst = "Multiplier">   --->   Core 3 'Multiplier' <Latency = 1> <II = 1> <Delay = 3.35> <FuncUnit> <Opcode : 'mul'> <InPorts = 2> <OutPorts = 1>
ST_5 : Operation 321 [1/1] (0.00ns)   --->   "%trunc_ln58_29 = partselect i16 @_ssdm_op_PartSelect.i16.i26.i32.i32, i26 %mul_ln58_37, i32 10, i32 25" [firmware/nnet_utils/nnet_dense_resource.h:58]   --->   Operation 321 'partselect' 'trunc_ln58_29' <Predicate = true> <Delay = 0.00>
ST_5 : Operation 322 [1/2] (3.35ns)   --->   "%mul_ln58_38 = mul i26 %sext_ln73_40, i26 %sext_ln73_9" [firmware/nnet_utils/nnet_dense_resource.h:58]   --->   Operation 322 'mul' 'mul_ln58_38' <Predicate = true> <Delay = 3.35> <CoreInst = "Multiplier">   --->   Core 3 'Multiplier' <Latency = 1> <II = 1> <Delay = 3.35> <FuncUnit> <Opcode : 'mul'> <InPorts = 2> <OutPorts = 1>
ST_5 : Operation 323 [1/1] (0.00ns)   --->   "%trunc_ln58_30 = partselect i16 @_ssdm_op_PartSelect.i16.i26.i32.i32, i26 %mul_ln58_38, i32 10, i32 25" [firmware/nnet_utils/nnet_dense_resource.h:58]   --->   Operation 323 'partselect' 'trunc_ln58_30' <Predicate = true> <Delay = 0.00>
ST_5 : Operation 324 [1/2] (3.35ns)   --->   "%mul_ln58_39 = mul i26 %sext_ln73_41, i26 %sext_ln73_9" [firmware/nnet_utils/nnet_dense_resource.h:58]   --->   Operation 324 'mul' 'mul_ln58_39' <Predicate = true> <Delay = 3.35> <CoreInst = "Multiplier">   --->   Core 3 'Multiplier' <Latency = 1> <II = 1> <Delay = 3.35> <FuncUnit> <Opcode : 'mul'> <InPorts = 2> <OutPorts = 1>
ST_5 : Operation 325 [1/1] (0.00ns)   --->   "%trunc_ln58_31 = partselect i16 @_ssdm_op_PartSelect.i16.i26.i32.i32, i26 %mul_ln58_39, i32 10, i32 25" [firmware/nnet_utils/nnet_dense_resource.h:58]   --->   Operation 325 'partselect' 'trunc_ln58_31' <Predicate = true> <Delay = 0.00>
ST_5 : Operation 326 [1/2] (3.35ns)   --->   "%mul_ln58_40 = mul i26 %sext_ln73_42, i26 %sext_ln73_9" [firmware/nnet_utils/nnet_dense_resource.h:58]   --->   Operation 326 'mul' 'mul_ln58_40' <Predicate = true> <Delay = 3.35> <CoreInst = "Multiplier">   --->   Core 3 'Multiplier' <Latency = 1> <II = 1> <Delay = 3.35> <FuncUnit> <Opcode : 'mul'> <InPorts = 2> <OutPorts = 1>
ST_5 : Operation 327 [1/1] (0.00ns)   --->   "%trunc_ln58_32 = partselect i16 @_ssdm_op_PartSelect.i16.i26.i32.i32, i26 %mul_ln58_40, i32 10, i32 25" [firmware/nnet_utils/nnet_dense_resource.h:58]   --->   Operation 327 'partselect' 'trunc_ln58_32' <Predicate = true> <Delay = 0.00>
ST_5 : Operation 328 [1/2] (3.35ns)   --->   "%mul_ln58_41 = mul i26 %sext_ln73_43, i26 %sext_ln73_9" [firmware/nnet_utils/nnet_dense_resource.h:58]   --->   Operation 328 'mul' 'mul_ln58_41' <Predicate = true> <Delay = 3.35> <CoreInst = "Multiplier">   --->   Core 3 'Multiplier' <Latency = 1> <II = 1> <Delay = 3.35> <FuncUnit> <Opcode : 'mul'> <InPorts = 2> <OutPorts = 1>
ST_5 : Operation 329 [1/1] (0.00ns)   --->   "%trunc_ln58_33 = partselect i16 @_ssdm_op_PartSelect.i16.i26.i32.i32, i26 %mul_ln58_41, i32 10, i32 25" [firmware/nnet_utils/nnet_dense_resource.h:58]   --->   Operation 329 'partselect' 'trunc_ln58_33' <Predicate = true> <Delay = 0.00>
ST_5 : Operation 330 [1/2] (3.35ns)   --->   "%mul_ln58_42 = mul i26 %sext_ln73_44, i26 %sext_ln73_9" [firmware/nnet_utils/nnet_dense_resource.h:58]   --->   Operation 330 'mul' 'mul_ln58_42' <Predicate = true> <Delay = 3.35> <CoreInst = "Multiplier">   --->   Core 3 'Multiplier' <Latency = 1> <II = 1> <Delay = 3.35> <FuncUnit> <Opcode : 'mul'> <InPorts = 2> <OutPorts = 1>
ST_5 : Operation 331 [1/1] (0.00ns)   --->   "%trunc_ln58_34 = partselect i16 @_ssdm_op_PartSelect.i16.i26.i32.i32, i26 %mul_ln58_42, i32 10, i32 25" [firmware/nnet_utils/nnet_dense_resource.h:58]   --->   Operation 331 'partselect' 'trunc_ln58_34' <Predicate = true> <Delay = 0.00>
ST_5 : Operation 332 [1/2] (3.35ns)   --->   "%mul_ln58_43 = mul i26 %sext_ln73_45, i26 %sext_ln73_9" [firmware/nnet_utils/nnet_dense_resource.h:58]   --->   Operation 332 'mul' 'mul_ln58_43' <Predicate = true> <Delay = 3.35> <CoreInst = "Multiplier">   --->   Core 3 'Multiplier' <Latency = 1> <II = 1> <Delay = 3.35> <FuncUnit> <Opcode : 'mul'> <InPorts = 2> <OutPorts = 1>
ST_5 : Operation 333 [1/1] (0.00ns)   --->   "%trunc_ln58_35 = partselect i16 @_ssdm_op_PartSelect.i16.i26.i32.i32, i26 %mul_ln58_43, i32 10, i32 25" [firmware/nnet_utils/nnet_dense_resource.h:58]   --->   Operation 333 'partselect' 'trunc_ln58_35' <Predicate = true> <Delay = 0.00>
ST_5 : Operation 334 [1/2] (3.35ns)   --->   "%mul_ln58_44 = mul i26 %sext_ln73_46, i26 %sext_ln73_9" [firmware/nnet_utils/nnet_dense_resource.h:58]   --->   Operation 334 'mul' 'mul_ln58_44' <Predicate = true> <Delay = 3.35> <CoreInst = "Multiplier">   --->   Core 3 'Multiplier' <Latency = 1> <II = 1> <Delay = 3.35> <FuncUnit> <Opcode : 'mul'> <InPorts = 2> <OutPorts = 1>
ST_5 : Operation 335 [1/1] (0.00ns)   --->   "%trunc_ln58_36 = partselect i16 @_ssdm_op_PartSelect.i16.i26.i32.i32, i26 %mul_ln58_44, i32 10, i32 25" [firmware/nnet_utils/nnet_dense_resource.h:58]   --->   Operation 335 'partselect' 'trunc_ln58_36' <Predicate = true> <Delay = 0.00>
ST_5 : Operation 336 [1/2] (3.35ns)   --->   "%mul_ln58_45 = mul i26 %sext_ln73_47, i26 %sext_ln73_9" [firmware/nnet_utils/nnet_dense_resource.h:58]   --->   Operation 336 'mul' 'mul_ln58_45' <Predicate = true> <Delay = 3.35> <CoreInst = "Multiplier">   --->   Core 3 'Multiplier' <Latency = 1> <II = 1> <Delay = 3.35> <FuncUnit> <Opcode : 'mul'> <InPorts = 2> <OutPorts = 1>
ST_5 : Operation 337 [1/1] (0.00ns)   --->   "%trunc_ln58_37 = partselect i16 @_ssdm_op_PartSelect.i16.i26.i32.i32, i26 %mul_ln58_45, i32 10, i32 25" [firmware/nnet_utils/nnet_dense_resource.h:58]   --->   Operation 337 'partselect' 'trunc_ln58_37' <Predicate = true> <Delay = 0.00>
ST_5 : Operation 338 [1/2] (3.35ns)   --->   "%mul_ln58_46 = mul i26 %sext_ln73_48, i26 %sext_ln73_9" [firmware/nnet_utils/nnet_dense_resource.h:58]   --->   Operation 338 'mul' 'mul_ln58_46' <Predicate = true> <Delay = 3.35> <CoreInst = "Multiplier">   --->   Core 3 'Multiplier' <Latency = 1> <II = 1> <Delay = 3.35> <FuncUnit> <Opcode : 'mul'> <InPorts = 2> <OutPorts = 1>
ST_5 : Operation 339 [1/1] (0.00ns)   --->   "%trunc_ln58_38 = partselect i16 @_ssdm_op_PartSelect.i16.i26.i32.i32, i26 %mul_ln58_46, i32 10, i32 25" [firmware/nnet_utils/nnet_dense_resource.h:58]   --->   Operation 339 'partselect' 'trunc_ln58_38' <Predicate = true> <Delay = 0.00>
ST_5 : Operation 340 [1/2] (3.35ns)   --->   "%mul_ln58_47 = mul i26 %sext_ln73_49, i26 %sext_ln73_9" [firmware/nnet_utils/nnet_dense_resource.h:58]   --->   Operation 340 'mul' 'mul_ln58_47' <Predicate = true> <Delay = 3.35> <CoreInst = "Multiplier">   --->   Core 3 'Multiplier' <Latency = 1> <II = 1> <Delay = 3.35> <FuncUnit> <Opcode : 'mul'> <InPorts = 2> <OutPorts = 1>
ST_5 : Operation 341 [1/1] (0.00ns)   --->   "%trunc_ln58_39 = partselect i16 @_ssdm_op_PartSelect.i16.i26.i32.i32, i26 %mul_ln58_47, i32 10, i32 25" [firmware/nnet_utils/nnet_dense_resource.h:58]   --->   Operation 341 'partselect' 'trunc_ln58_39' <Predicate = true> <Delay = 0.00>
ST_5 : Operation 342 [1/2] (3.35ns)   --->   "%mul_ln58_48 = mul i26 %sext_ln73_50, i26 %sext_ln73_9" [firmware/nnet_utils/nnet_dense_resource.h:58]   --->   Operation 342 'mul' 'mul_ln58_48' <Predicate = true> <Delay = 3.35> <CoreInst = "Multiplier">   --->   Core 3 'Multiplier' <Latency = 1> <II = 1> <Delay = 3.35> <FuncUnit> <Opcode : 'mul'> <InPorts = 2> <OutPorts = 1>
ST_5 : Operation 343 [1/1] (0.00ns)   --->   "%trunc_ln58_40 = partselect i16 @_ssdm_op_PartSelect.i16.i26.i32.i32, i26 %mul_ln58_48, i32 10, i32 25" [firmware/nnet_utils/nnet_dense_resource.h:58]   --->   Operation 343 'partselect' 'trunc_ln58_40' <Predicate = true> <Delay = 0.00>
ST_5 : Operation 344 [1/2] (3.35ns)   --->   "%mul_ln58_49 = mul i26 %sext_ln73_51, i26 %sext_ln73_9" [firmware/nnet_utils/nnet_dense_resource.h:58]   --->   Operation 344 'mul' 'mul_ln58_49' <Predicate = true> <Delay = 3.35> <CoreInst = "Multiplier">   --->   Core 3 'Multiplier' <Latency = 1> <II = 1> <Delay = 3.35> <FuncUnit> <Opcode : 'mul'> <InPorts = 2> <OutPorts = 1>
ST_5 : Operation 345 [1/1] (0.00ns)   --->   "%trunc_ln58_41 = partselect i16 @_ssdm_op_PartSelect.i16.i26.i32.i32, i26 %mul_ln58_49, i32 10, i32 25" [firmware/nnet_utils/nnet_dense_resource.h:58]   --->   Operation 345 'partselect' 'trunc_ln58_41' <Predicate = true> <Delay = 0.00>
ST_5 : Operation 346 [1/2] (3.35ns)   --->   "%mul_ln58_50 = mul i26 %sext_ln73_52, i26 %sext_ln73_9" [firmware/nnet_utils/nnet_dense_resource.h:58]   --->   Operation 346 'mul' 'mul_ln58_50' <Predicate = true> <Delay = 3.35> <CoreInst = "Multiplier">   --->   Core 3 'Multiplier' <Latency = 1> <II = 1> <Delay = 3.35> <FuncUnit> <Opcode : 'mul'> <InPorts = 2> <OutPorts = 1>
ST_5 : Operation 347 [1/1] (0.00ns)   --->   "%trunc_ln58_42 = partselect i16 @_ssdm_op_PartSelect.i16.i26.i32.i32, i26 %mul_ln58_50, i32 10, i32 25" [firmware/nnet_utils/nnet_dense_resource.h:58]   --->   Operation 347 'partselect' 'trunc_ln58_42' <Predicate = true> <Delay = 0.00>
ST_5 : Operation 348 [1/2] (3.35ns)   --->   "%mul_ln58_51 = mul i26 %sext_ln73_53, i26 %sext_ln73_9" [firmware/nnet_utils/nnet_dense_resource.h:58]   --->   Operation 348 'mul' 'mul_ln58_51' <Predicate = true> <Delay = 3.35> <CoreInst = "Multiplier">   --->   Core 3 'Multiplier' <Latency = 1> <II = 1> <Delay = 3.35> <FuncUnit> <Opcode : 'mul'> <InPorts = 2> <OutPorts = 1>
ST_5 : Operation 349 [1/1] (0.00ns)   --->   "%trunc_ln58_43 = partselect i16 @_ssdm_op_PartSelect.i16.i26.i32.i32, i26 %mul_ln58_51, i32 10, i32 25" [firmware/nnet_utils/nnet_dense_resource.h:58]   --->   Operation 349 'partselect' 'trunc_ln58_43' <Predicate = true> <Delay = 0.00>
ST_5 : Operation 350 [1/2] (3.35ns)   --->   "%mul_ln58_52 = mul i26 %sext_ln73_54, i26 %sext_ln73_9" [firmware/nnet_utils/nnet_dense_resource.h:58]   --->   Operation 350 'mul' 'mul_ln58_52' <Predicate = true> <Delay = 3.35> <CoreInst = "Multiplier">   --->   Core 3 'Multiplier' <Latency = 1> <II = 1> <Delay = 3.35> <FuncUnit> <Opcode : 'mul'> <InPorts = 2> <OutPorts = 1>
ST_5 : Operation 351 [1/1] (0.00ns)   --->   "%trunc_ln58_44 = partselect i16 @_ssdm_op_PartSelect.i16.i26.i32.i32, i26 %mul_ln58_52, i32 10, i32 25" [firmware/nnet_utils/nnet_dense_resource.h:58]   --->   Operation 351 'partselect' 'trunc_ln58_44' <Predicate = true> <Delay = 0.00>
ST_5 : Operation 352 [1/2] (3.35ns)   --->   "%mul_ln58_53 = mul i26 %sext_ln73_9, i26 %sext_ln73_55" [firmware/nnet_utils/nnet_dense_resource.h:58]   --->   Operation 352 'mul' 'mul_ln58_53' <Predicate = true> <Delay = 3.35> <CoreInst = "Multiplier">   --->   Core 3 'Multiplier' <Latency = 1> <II = 1> <Delay = 3.35> <FuncUnit> <Opcode : 'mul'> <InPorts = 2> <OutPorts = 1>
ST_5 : Operation 353 [1/1] (0.00ns)   --->   "%trunc_ln58_45 = partselect i16 @_ssdm_op_PartSelect.i16.i26.i32.i32, i26 %mul_ln58_53, i32 10, i32 25" [firmware/nnet_utils/nnet_dense_resource.h:58]   --->   Operation 353 'partselect' 'trunc_ln58_45' <Predicate = true> <Delay = 0.00>

State 6 <SV = 5> <Delay = 2.14>
ST_6 : Operation 354 [1/1] (0.00ns)   --->   "%res_0_096 = phi i16 0, void %entry, i16 %add_ln58, void %MultLoop.split, i16 0, void %Result" [firmware/nnet_utils/nnet_dense_resource.h:58]   --->   Operation 354 'phi' 'res_0_096' <Predicate = true> <Delay = 0.00>
ST_6 : Operation 355 [1/1] (0.00ns)   --->   "%res_1_094 = phi i16 0, void %entry, i16 %add_ln58_8, void %MultLoop.split, i16 0, void %Result" [firmware/nnet_utils/nnet_dense_resource.h:58]   --->   Operation 355 'phi' 'res_1_094' <Predicate = true> <Delay = 0.00>
ST_6 : Operation 356 [1/1] (0.00ns)   --->   "%res_2_092 = phi i16 0, void %entry, i16 %add_ln58_9, void %MultLoop.split, i16 0, void %Result" [firmware/nnet_utils/nnet_dense_resource.h:58]   --->   Operation 356 'phi' 'res_2_092' <Predicate = true> <Delay = 0.00>
ST_6 : Operation 357 [1/1] (0.00ns)   --->   "%res_3_090 = phi i16 0, void %entry, i16 %add_ln58_10, void %MultLoop.split, i16 0, void %Result" [firmware/nnet_utils/nnet_dense_resource.h:58]   --->   Operation 357 'phi' 'res_3_090' <Predicate = true> <Delay = 0.00>
ST_6 : Operation 358 [1/1] (0.00ns)   --->   "%res_4_088 = phi i16 0, void %entry, i16 %add_ln58_11, void %MultLoop.split, i16 0, void %Result" [firmware/nnet_utils/nnet_dense_resource.h:58]   --->   Operation 358 'phi' 'res_4_088' <Predicate = true> <Delay = 0.00>
ST_6 : Operation 359 [1/1] (0.00ns)   --->   "%res_5_086 = phi i16 0, void %entry, i16 %add_ln58_12, void %MultLoop.split, i16 0, void %Result" [firmware/nnet_utils/nnet_dense_resource.h:58]   --->   Operation 359 'phi' 'res_5_086' <Predicate = true> <Delay = 0.00>
ST_6 : Operation 360 [1/1] (0.00ns)   --->   "%res_6_084 = phi i16 0, void %entry, i16 %add_ln58_13, void %MultLoop.split, i16 0, void %Result" [firmware/nnet_utils/nnet_dense_resource.h:58]   --->   Operation 360 'phi' 'res_6_084' <Predicate = true> <Delay = 0.00>
ST_6 : Operation 361 [1/1] (0.00ns)   --->   "%res_7_082 = phi i16 0, void %entry, i16 %add_ln58_14, void %MultLoop.split, i16 0, void %Result" [firmware/nnet_utils/nnet_dense_resource.h:58]   --->   Operation 361 'phi' 'res_7_082' <Predicate = true> <Delay = 0.00>
ST_6 : Operation 362 [1/1] (0.00ns)   --->   "%res_8_080 = phi i16 0, void %entry, i16 %add_ln58_15, void %MultLoop.split, i16 0, void %Result" [firmware/nnet_utils/nnet_dense_resource.h:58]   --->   Operation 362 'phi' 'res_8_080' <Predicate = true> <Delay = 0.00>
ST_6 : Operation 363 [1/1] (0.00ns)   --->   "%res_9_078 = phi i16 0, void %entry, i16 %add_ln58_16, void %MultLoop.split, i16 0, void %Result" [firmware/nnet_utils/nnet_dense_resource.h:58]   --->   Operation 363 'phi' 'res_9_078' <Predicate = true> <Delay = 0.00>
ST_6 : Operation 364 [1/1] (0.00ns)   --->   "%res_10_076 = phi i16 0, void %entry, i16 %add_ln58_17, void %MultLoop.split, i16 0, void %Result" [firmware/nnet_utils/nnet_dense_resource.h:58]   --->   Operation 364 'phi' 'res_10_076' <Predicate = true> <Delay = 0.00>
ST_6 : Operation 365 [1/1] (0.00ns)   --->   "%res_11_074 = phi i16 0, void %entry, i16 %add_ln58_18, void %MultLoop.split, i16 0, void %Result" [firmware/nnet_utils/nnet_dense_resource.h:58]   --->   Operation 365 'phi' 'res_11_074' <Predicate = true> <Delay = 0.00>
ST_6 : Operation 366 [1/1] (0.00ns)   --->   "%res_12_072 = phi i16 0, void %entry, i16 %add_ln58_19, void %MultLoop.split, i16 0, void %Result" [firmware/nnet_utils/nnet_dense_resource.h:58]   --->   Operation 366 'phi' 'res_12_072' <Predicate = true> <Delay = 0.00>
ST_6 : Operation 367 [1/1] (0.00ns)   --->   "%res_13_070 = phi i16 0, void %entry, i16 %add_ln58_20, void %MultLoop.split, i16 0, void %Result" [firmware/nnet_utils/nnet_dense_resource.h:58]   --->   Operation 367 'phi' 'res_13_070' <Predicate = true> <Delay = 0.00>
ST_6 : Operation 368 [1/1] (0.00ns)   --->   "%res_1445_068 = phi i16 0, void %entry, i16 %add_ln58_21, void %MultLoop.split, i16 0, void %Result" [firmware/nnet_utils/nnet_dense_resource.h:58]   --->   Operation 368 'phi' 'res_1445_068' <Predicate = true> <Delay = 0.00>
ST_6 : Operation 369 [1/1] (0.00ns)   --->   "%res_15_066 = phi i16 0, void %entry, i16 %add_ln58_22, void %MultLoop.split, i16 0, void %Result" [firmware/nnet_utils/nnet_dense_resource.h:58]   --->   Operation 369 'phi' 'res_15_066' <Predicate = true> <Delay = 0.00>
ST_6 : Operation 370 [1/1] (0.00ns)   --->   "%res_16_064 = phi i16 0, void %entry, i16 %add_ln58_23, void %MultLoop.split, i16 0, void %Result" [firmware/nnet_utils/nnet_dense_resource.h:58]   --->   Operation 370 'phi' 'res_16_064' <Predicate = true> <Delay = 0.00>
ST_6 : Operation 371 [1/1] (0.00ns)   --->   "%res_17_062 = phi i16 0, void %entry, i16 %add_ln58_24, void %MultLoop.split, i16 0, void %Result" [firmware/nnet_utils/nnet_dense_resource.h:58]   --->   Operation 371 'phi' 'res_17_062' <Predicate = true> <Delay = 0.00>
ST_6 : Operation 372 [1/1] (0.00ns)   --->   "%res_18_060 = phi i16 0, void %entry, i16 %add_ln58_25, void %MultLoop.split, i16 0, void %Result" [firmware/nnet_utils/nnet_dense_resource.h:58]   --->   Operation 372 'phi' 'res_18_060' <Predicate = true> <Delay = 0.00>
ST_6 : Operation 373 [1/1] (0.00ns)   --->   "%res_19_058 = phi i16 0, void %entry, i16 %add_ln58_26, void %MultLoop.split, i16 0, void %Result" [firmware/nnet_utils/nnet_dense_resource.h:58]   --->   Operation 373 'phi' 'res_19_058' <Predicate = true> <Delay = 0.00>
ST_6 : Operation 374 [1/1] (0.00ns)   --->   "%res_20_056 = phi i16 0, void %entry, i16 %add_ln58_27, void %MultLoop.split, i16 0, void %Result" [firmware/nnet_utils/nnet_dense_resource.h:58]   --->   Operation 374 'phi' 'res_20_056' <Predicate = true> <Delay = 0.00>
ST_6 : Operation 375 [1/1] (0.00ns)   --->   "%res_21_054 = phi i16 0, void %entry, i16 %add_ln58_28, void %MultLoop.split, i16 0, void %Result" [firmware/nnet_utils/nnet_dense_resource.h:58]   --->   Operation 375 'phi' 'res_21_054' <Predicate = true> <Delay = 0.00>
ST_6 : Operation 376 [1/1] (0.00ns)   --->   "%res_22_052 = phi i16 0, void %entry, i16 %add_ln58_29, void %MultLoop.split, i16 0, void %Result" [firmware/nnet_utils/nnet_dense_resource.h:58]   --->   Operation 376 'phi' 'res_22_052' <Predicate = true> <Delay = 0.00>
ST_6 : Operation 377 [1/1] (0.00ns)   --->   "%res_23_050 = phi i16 0, void %entry, i16 %add_ln58_30, void %MultLoop.split, i16 0, void %Result" [firmware/nnet_utils/nnet_dense_resource.h:58]   --->   Operation 377 'phi' 'res_23_050' <Predicate = true> <Delay = 0.00>
ST_6 : Operation 378 [1/1] (0.00ns)   --->   "%res_24_048 = phi i16 0, void %entry, i16 %add_ln58_31, void %MultLoop.split, i16 0, void %Result" [firmware/nnet_utils/nnet_dense_resource.h:58]   --->   Operation 378 'phi' 'res_24_048' <Predicate = true> <Delay = 0.00>
ST_6 : Operation 379 [1/1] (0.00ns)   --->   "%res_25_046 = phi i16 0, void %entry, i16 %add_ln58_32, void %MultLoop.split, i16 0, void %Result" [firmware/nnet_utils/nnet_dense_resource.h:58]   --->   Operation 379 'phi' 'res_25_046' <Predicate = true> <Delay = 0.00>
ST_6 : Operation 380 [1/1] (0.00ns)   --->   "%res_26_044 = phi i16 0, void %entry, i16 %add_ln58_33, void %MultLoop.split, i16 0, void %Result" [firmware/nnet_utils/nnet_dense_resource.h:58]   --->   Operation 380 'phi' 'res_26_044' <Predicate = true> <Delay = 0.00>
ST_6 : Operation 381 [1/1] (0.00ns)   --->   "%res_2786_042 = phi i16 0, void %entry, i16 %add_ln58_34, void %MultLoop.split, i16 0, void %Result" [firmware/nnet_utils/nnet_dense_resource.h:58]   --->   Operation 381 'phi' 'res_2786_042' <Predicate = true> <Delay = 0.00>
ST_6 : Operation 382 [1/1] (0.00ns)   --->   "%res_28_040 = phi i16 0, void %entry, i16 %add_ln58_35, void %MultLoop.split, i16 0, void %Result" [firmware/nnet_utils/nnet_dense_resource.h:58]   --->   Operation 382 'phi' 'res_28_040' <Predicate = true> <Delay = 0.00>
ST_6 : Operation 383 [1/1] (0.00ns)   --->   "%res_29_038 = phi i16 0, void %entry, i16 %add_ln58_36, void %MultLoop.split, i16 0, void %Result" [firmware/nnet_utils/nnet_dense_resource.h:58]   --->   Operation 383 'phi' 'res_29_038' <Predicate = true> <Delay = 0.00>
ST_6 : Operation 384 [1/1] (0.00ns)   --->   "%res_30_036 = phi i16 0, void %entry, i16 %add_ln58_37, void %MultLoop.split, i16 0, void %Result" [firmware/nnet_utils/nnet_dense_resource.h:58]   --->   Operation 384 'phi' 'res_30_036' <Predicate = true> <Delay = 0.00>
ST_6 : Operation 385 [1/1] (0.00ns)   --->   "%res_31_034 = phi i16 0, void %entry, i16 %add_ln58_38, void %MultLoop.split, i16 0, void %Result" [firmware/nnet_utils/nnet_dense_resource.h:58]   --->   Operation 385 'phi' 'res_31_034' <Predicate = true> <Delay = 0.00>
ST_6 : Operation 386 [1/1] (0.00ns)   --->   "%res_32_032 = phi i16 0, void %entry, i16 %add_ln58_39, void %MultLoop.split, i16 0, void %Result" [firmware/nnet_utils/nnet_dense_resource.h:58]   --->   Operation 386 'phi' 'res_32_032' <Predicate = true> <Delay = 0.00>
ST_6 : Operation 387 [1/1] (0.00ns)   --->   "%res_33_030 = phi i16 0, void %entry, i16 %add_ln58_40, void %MultLoop.split, i16 0, void %Result" [firmware/nnet_utils/nnet_dense_resource.h:58]   --->   Operation 387 'phi' 'res_33_030' <Predicate = true> <Delay = 0.00>
ST_6 : Operation 388 [1/1] (0.00ns)   --->   "%res_34_028 = phi i16 0, void %entry, i16 %add_ln58_41, void %MultLoop.split, i16 0, void %Result" [firmware/nnet_utils/nnet_dense_resource.h:58]   --->   Operation 388 'phi' 'res_34_028' <Predicate = true> <Delay = 0.00>
ST_6 : Operation 389 [1/1] (0.00ns)   --->   "%res_35_026 = phi i16 0, void %entry, i16 %add_ln58_42, void %MultLoop.split, i16 0, void %Result" [firmware/nnet_utils/nnet_dense_resource.h:58]   --->   Operation 389 'phi' 'res_35_026' <Predicate = true> <Delay = 0.00>
ST_6 : Operation 390 [1/1] (0.00ns)   --->   "%res_36_024 = phi i16 0, void %entry, i16 %add_ln58_43, void %MultLoop.split, i16 0, void %Result" [firmware/nnet_utils/nnet_dense_resource.h:58]   --->   Operation 390 'phi' 'res_36_024' <Predicate = true> <Delay = 0.00>
ST_6 : Operation 391 [1/1] (0.00ns)   --->   "%res_37_022 = phi i16 0, void %entry, i16 %add_ln58_44, void %MultLoop.split, i16 0, void %Result" [firmware/nnet_utils/nnet_dense_resource.h:58]   --->   Operation 391 'phi' 'res_37_022' <Predicate = true> <Delay = 0.00>
ST_6 : Operation 392 [1/1] (0.00ns)   --->   "%res_38_020 = phi i16 0, void %entry, i16 %add_ln58_45, void %MultLoop.split, i16 0, void %Result" [firmware/nnet_utils/nnet_dense_resource.h:58]   --->   Operation 392 'phi' 'res_38_020' <Predicate = true> <Delay = 0.00>
ST_6 : Operation 393 [1/1] (0.00ns)   --->   "%res_39_018 = phi i16 0, void %entry, i16 %add_ln58_46, void %MultLoop.split, i16 0, void %Result" [firmware/nnet_utils/nnet_dense_resource.h:58]   --->   Operation 393 'phi' 'res_39_018' <Predicate = true> <Delay = 0.00>
ST_6 : Operation 394 [1/1] (0.00ns)   --->   "%res_40_016 = phi i16 0, void %entry, i16 %add_ln58_47, void %MultLoop.split, i16 0, void %Result" [firmware/nnet_utils/nnet_dense_resource.h:58]   --->   Operation 394 'phi' 'res_40_016' <Predicate = true> <Delay = 0.00>
ST_6 : Operation 395 [1/1] (0.00ns)   --->   "%res_41_014 = phi i16 0, void %entry, i16 %add_ln58_48, void %MultLoop.split, i16 0, void %Result" [firmware/nnet_utils/nnet_dense_resource.h:58]   --->   Operation 395 'phi' 'res_41_014' <Predicate = true> <Delay = 0.00>
ST_6 : Operation 396 [1/1] (0.00ns)   --->   "%res_42_012 = phi i16 0, void %entry, i16 %add_ln58_49, void %MultLoop.split, i16 0, void %Result" [firmware/nnet_utils/nnet_dense_resource.h:58]   --->   Operation 396 'phi' 'res_42_012' <Predicate = true> <Delay = 0.00>
ST_6 : Operation 397 [1/1] (0.00ns)   --->   "%res_43_010 = phi i16 0, void %entry, i16 %add_ln58_50, void %MultLoop.split, i16 0, void %Result" [firmware/nnet_utils/nnet_dense_resource.h:58]   --->   Operation 397 'phi' 'res_43_010' <Predicate = true> <Delay = 0.00>
ST_6 : Operation 398 [1/1] (0.00ns)   --->   "%res_44_08 = phi i16 0, void %entry, i16 %add_ln58_51, void %MultLoop.split, i16 0, void %Result" [firmware/nnet_utils/nnet_dense_resource.h:58]   --->   Operation 398 'phi' 'res_44_08' <Predicate = true> <Delay = 0.00>
ST_6 : Operation 399 [1/1] (0.00ns)   --->   "%res_45_06 = phi i16 0, void %entry, i16 %add_ln58_52, void %MultLoop.split, i16 0, void %Result" [firmware/nnet_utils/nnet_dense_resource.h:58]   --->   Operation 399 'phi' 'res_45_06' <Predicate = true> <Delay = 0.00>
ST_6 : Operation 400 [1/1] (0.00ns)   --->   "%res_46_04 = phi i16 0, void %entry, i16 %add_ln58_53, void %MultLoop.split, i16 0, void %Result" [firmware/nnet_utils/nnet_dense_resource.h:58]   --->   Operation 400 'phi' 'res_46_04' <Predicate = true> <Delay = 0.00>
ST_6 : Operation 401 [1/1] (0.00ns)   --->   "%specpipeline_ln47 = specpipeline void @_ssdm_op_SpecPipeline, i32 1, i32 0, i32 0, i32 1, i32 4294967295, void @empty_9" [firmware/nnet_utils/nnet_dense_resource.h:47]   --->   Operation 401 'specpipeline' 'specpipeline_ln47' <Predicate = true> <Delay = 0.00>
ST_6 : Operation 402 [1/1] (0.00ns)   --->   "%speclooptripcount_ln49 = speclooptripcount void @_ssdm_op_SpecLoopTripCount, i64 32, i64 32, i64 32" [firmware/nnet_utils/nnet_dense_resource.h:49]   --->   Operation 402 'speclooptripcount' 'speclooptripcount_ln49' <Predicate = true> <Delay = 0.00>
ST_6 : Operation 403 [1/1] (0.00ns)   --->   "%specloopname_ln46 = specloopname void @_ssdm_op_SpecLoopName, void @empty" [firmware/nnet_utils/nnet_dense_resource.h:46]   --->   Operation 403 'specloopname' 'specloopname_ln46' <Predicate = true> <Delay = 0.00>
ST_6 : Operation 404 [1/1] (2.14ns)   --->   "%add_ln58 = add i16 %trunc_ln4, i16 %res_0_096" [firmware/nnet_utils/nnet_dense_resource.h:58]   --->   Operation 404 'add' 'add_ln58' <Predicate = true> <Delay = 2.14> <CoreInst = "Adder">   --->   Core 1 'Adder' <Latency = 0> <II = 1> <Delay = 2.14> <FuncUnit> <Opcode : 'add' 'sub'> <InPorts = 2> <OutPorts = 1>
ST_6 : Operation 405 [1/1] (2.14ns)   --->   "%add_ln58_8 = add i16 %trunc_ln58_8, i16 %res_1_094" [firmware/nnet_utils/nnet_dense_resource.h:58]   --->   Operation 405 'add' 'add_ln58_8' <Predicate = true> <Delay = 2.14> <CoreInst = "Adder">   --->   Core 1 'Adder' <Latency = 0> <II = 1> <Delay = 2.14> <FuncUnit> <Opcode : 'add' 'sub'> <InPorts = 2> <OutPorts = 1>
ST_6 : Operation 406 [1/1] (2.14ns)   --->   "%add_ln58_9 = add i16 %trunc_ln58_9, i16 %res_2_092" [firmware/nnet_utils/nnet_dense_resource.h:58]   --->   Operation 406 'add' 'add_ln58_9' <Predicate = true> <Delay = 2.14> <CoreInst = "Adder">   --->   Core 1 'Adder' <Latency = 0> <II = 1> <Delay = 2.14> <FuncUnit> <Opcode : 'add' 'sub'> <InPorts = 2> <OutPorts = 1>
ST_6 : Operation 407 [1/1] (2.14ns)   --->   "%add_ln58_10 = add i16 %trunc_ln58_s, i16 %res_3_090" [firmware/nnet_utils/nnet_dense_resource.h:58]   --->   Operation 407 'add' 'add_ln58_10' <Predicate = true> <Delay = 2.14> <CoreInst = "Adder">   --->   Core 1 'Adder' <Latency = 0> <II = 1> <Delay = 2.14> <FuncUnit> <Opcode : 'add' 'sub'> <InPorts = 2> <OutPorts = 1>
ST_6 : Operation 408 [1/1] (2.14ns)   --->   "%add_ln58_11 = add i16 %trunc_ln58_1, i16 %res_4_088" [firmware/nnet_utils/nnet_dense_resource.h:58]   --->   Operation 408 'add' 'add_ln58_11' <Predicate = true> <Delay = 2.14> <CoreInst = "Adder">   --->   Core 1 'Adder' <Latency = 0> <II = 1> <Delay = 2.14> <FuncUnit> <Opcode : 'add' 'sub'> <InPorts = 2> <OutPorts = 1>
ST_6 : Operation 409 [1/1] (2.14ns)   --->   "%add_ln58_12 = add i16 %trunc_ln58_2, i16 %res_5_086" [firmware/nnet_utils/nnet_dense_resource.h:58]   --->   Operation 409 'add' 'add_ln58_12' <Predicate = true> <Delay = 2.14> <CoreInst = "Adder">   --->   Core 1 'Adder' <Latency = 0> <II = 1> <Delay = 2.14> <FuncUnit> <Opcode : 'add' 'sub'> <InPorts = 2> <OutPorts = 1>
ST_6 : Operation 410 [1/1] (2.14ns)   --->   "%add_ln58_13 = add i16 %trunc_ln58_3, i16 %res_6_084" [firmware/nnet_utils/nnet_dense_resource.h:58]   --->   Operation 410 'add' 'add_ln58_13' <Predicate = true> <Delay = 2.14> <CoreInst = "Adder">   --->   Core 1 'Adder' <Latency = 0> <II = 1> <Delay = 2.14> <FuncUnit> <Opcode : 'add' 'sub'> <InPorts = 2> <OutPorts = 1>
ST_6 : Operation 411 [1/1] (2.14ns)   --->   "%add_ln58_14 = add i16 %trunc_ln58_4, i16 %res_7_082" [firmware/nnet_utils/nnet_dense_resource.h:58]   --->   Operation 411 'add' 'add_ln58_14' <Predicate = true> <Delay = 2.14> <CoreInst = "Adder">   --->   Core 1 'Adder' <Latency = 0> <II = 1> <Delay = 2.14> <FuncUnit> <Opcode : 'add' 'sub'> <InPorts = 2> <OutPorts = 1>
ST_6 : Operation 412 [1/1] (2.14ns)   --->   "%add_ln58_15 = add i16 %trunc_ln58_5, i16 %res_8_080" [firmware/nnet_utils/nnet_dense_resource.h:58]   --->   Operation 412 'add' 'add_ln58_15' <Predicate = true> <Delay = 2.14> <CoreInst = "Adder">   --->   Core 1 'Adder' <Latency = 0> <II = 1> <Delay = 2.14> <FuncUnit> <Opcode : 'add' 'sub'> <InPorts = 2> <OutPorts = 1>
ST_6 : Operation 413 [1/1] (2.14ns)   --->   "%add_ln58_16 = add i16 %trunc_ln58_6, i16 %res_9_078" [firmware/nnet_utils/nnet_dense_resource.h:58]   --->   Operation 413 'add' 'add_ln58_16' <Predicate = true> <Delay = 2.14> <CoreInst = "Adder">   --->   Core 1 'Adder' <Latency = 0> <II = 1> <Delay = 2.14> <FuncUnit> <Opcode : 'add' 'sub'> <InPorts = 2> <OutPorts = 1>
ST_6 : Operation 414 [1/1] (2.14ns)   --->   "%add_ln58_17 = add i16 %trunc_ln58_7, i16 %res_10_076" [firmware/nnet_utils/nnet_dense_resource.h:58]   --->   Operation 414 'add' 'add_ln58_17' <Predicate = true> <Delay = 2.14> <CoreInst = "Adder">   --->   Core 1 'Adder' <Latency = 0> <II = 1> <Delay = 2.14> <FuncUnit> <Opcode : 'add' 'sub'> <InPorts = 2> <OutPorts = 1>
ST_6 : Operation 415 [1/1] (2.14ns)   --->   "%add_ln58_18 = add i16 %trunc_ln58_10, i16 %res_11_074" [firmware/nnet_utils/nnet_dense_resource.h:58]   --->   Operation 415 'add' 'add_ln58_18' <Predicate = true> <Delay = 2.14> <CoreInst = "Adder">   --->   Core 1 'Adder' <Latency = 0> <II = 1> <Delay = 2.14> <FuncUnit> <Opcode : 'add' 'sub'> <InPorts = 2> <OutPorts = 1>
ST_6 : Operation 416 [1/1] (2.14ns)   --->   "%add_ln58_19 = add i16 %trunc_ln58_11, i16 %res_12_072" [firmware/nnet_utils/nnet_dense_resource.h:58]   --->   Operation 416 'add' 'add_ln58_19' <Predicate = true> <Delay = 2.14> <CoreInst = "Adder">   --->   Core 1 'Adder' <Latency = 0> <II = 1> <Delay = 2.14> <FuncUnit> <Opcode : 'add' 'sub'> <InPorts = 2> <OutPorts = 1>
ST_6 : Operation 417 [1/1] (2.14ns)   --->   "%add_ln58_20 = add i16 %trunc_ln58_12, i16 %res_13_070" [firmware/nnet_utils/nnet_dense_resource.h:58]   --->   Operation 417 'add' 'add_ln58_20' <Predicate = true> <Delay = 2.14> <CoreInst = "Adder">   --->   Core 1 'Adder' <Latency = 0> <II = 1> <Delay = 2.14> <FuncUnit> <Opcode : 'add' 'sub'> <InPorts = 2> <OutPorts = 1>
ST_6 : Operation 418 [1/1] (2.14ns)   --->   "%add_ln58_21 = add i16 %trunc_ln58_13, i16 %res_1445_068" [firmware/nnet_utils/nnet_dense_resource.h:58]   --->   Operation 418 'add' 'add_ln58_21' <Predicate = true> <Delay = 2.14> <CoreInst = "Adder">   --->   Core 1 'Adder' <Latency = 0> <II = 1> <Delay = 2.14> <FuncUnit> <Opcode : 'add' 'sub'> <InPorts = 2> <OutPorts = 1>
ST_6 : Operation 419 [1/1] (2.14ns)   --->   "%add_ln58_22 = add i16 %trunc_ln58_14, i16 %res_15_066" [firmware/nnet_utils/nnet_dense_resource.h:58]   --->   Operation 419 'add' 'add_ln58_22' <Predicate = true> <Delay = 2.14> <CoreInst = "Adder">   --->   Core 1 'Adder' <Latency = 0> <II = 1> <Delay = 2.14> <FuncUnit> <Opcode : 'add' 'sub'> <InPorts = 2> <OutPorts = 1>
ST_6 : Operation 420 [1/1] (2.14ns)   --->   "%add_ln58_23 = add i16 %trunc_ln58_15, i16 %res_16_064" [firmware/nnet_utils/nnet_dense_resource.h:58]   --->   Operation 420 'add' 'add_ln58_23' <Predicate = true> <Delay = 2.14> <CoreInst = "Adder">   --->   Core 1 'Adder' <Latency = 0> <II = 1> <Delay = 2.14> <FuncUnit> <Opcode : 'add' 'sub'> <InPorts = 2> <OutPorts = 1>
ST_6 : Operation 421 [1/1] (2.14ns)   --->   "%add_ln58_24 = add i16 %trunc_ln58_16, i16 %res_17_062" [firmware/nnet_utils/nnet_dense_resource.h:58]   --->   Operation 421 'add' 'add_ln58_24' <Predicate = true> <Delay = 2.14> <CoreInst = "Adder">   --->   Core 1 'Adder' <Latency = 0> <II = 1> <Delay = 2.14> <FuncUnit> <Opcode : 'add' 'sub'> <InPorts = 2> <OutPorts = 1>
ST_6 : Operation 422 [1/1] (2.14ns)   --->   "%add_ln58_25 = add i16 %trunc_ln58_17, i16 %res_18_060" [firmware/nnet_utils/nnet_dense_resource.h:58]   --->   Operation 422 'add' 'add_ln58_25' <Predicate = true> <Delay = 2.14> <CoreInst = "Adder">   --->   Core 1 'Adder' <Latency = 0> <II = 1> <Delay = 2.14> <FuncUnit> <Opcode : 'add' 'sub'> <InPorts = 2> <OutPorts = 1>
ST_6 : Operation 423 [1/1] (2.14ns)   --->   "%add_ln58_26 = add i16 %trunc_ln58_18, i16 %res_19_058" [firmware/nnet_utils/nnet_dense_resource.h:58]   --->   Operation 423 'add' 'add_ln58_26' <Predicate = true> <Delay = 2.14> <CoreInst = "Adder">   --->   Core 1 'Adder' <Latency = 0> <II = 1> <Delay = 2.14> <FuncUnit> <Opcode : 'add' 'sub'> <InPorts = 2> <OutPorts = 1>
ST_6 : Operation 424 [1/1] (2.14ns)   --->   "%add_ln58_27 = add i16 %trunc_ln58_19, i16 %res_20_056" [firmware/nnet_utils/nnet_dense_resource.h:58]   --->   Operation 424 'add' 'add_ln58_27' <Predicate = true> <Delay = 2.14> <CoreInst = "Adder">   --->   Core 1 'Adder' <Latency = 0> <II = 1> <Delay = 2.14> <FuncUnit> <Opcode : 'add' 'sub'> <InPorts = 2> <OutPorts = 1>
ST_6 : Operation 425 [1/1] (2.14ns)   --->   "%add_ln58_28 = add i16 %trunc_ln58_20, i16 %res_21_054" [firmware/nnet_utils/nnet_dense_resource.h:58]   --->   Operation 425 'add' 'add_ln58_28' <Predicate = true> <Delay = 2.14> <CoreInst = "Adder">   --->   Core 1 'Adder' <Latency = 0> <II = 1> <Delay = 2.14> <FuncUnit> <Opcode : 'add' 'sub'> <InPorts = 2> <OutPorts = 1>
ST_6 : Operation 426 [1/1] (2.14ns)   --->   "%add_ln58_29 = add i16 %trunc_ln58_21, i16 %res_22_052" [firmware/nnet_utils/nnet_dense_resource.h:58]   --->   Operation 426 'add' 'add_ln58_29' <Predicate = true> <Delay = 2.14> <CoreInst = "Adder">   --->   Core 1 'Adder' <Latency = 0> <II = 1> <Delay = 2.14> <FuncUnit> <Opcode : 'add' 'sub'> <InPorts = 2> <OutPorts = 1>
ST_6 : Operation 427 [1/1] (2.14ns)   --->   "%add_ln58_30 = add i16 %trunc_ln58_22, i16 %res_23_050" [firmware/nnet_utils/nnet_dense_resource.h:58]   --->   Operation 427 'add' 'add_ln58_30' <Predicate = true> <Delay = 2.14> <CoreInst = "Adder">   --->   Core 1 'Adder' <Latency = 0> <II = 1> <Delay = 2.14> <FuncUnit> <Opcode : 'add' 'sub'> <InPorts = 2> <OutPorts = 1>
ST_6 : Operation 428 [1/1] (2.14ns)   --->   "%add_ln58_31 = add i16 %trunc_ln58_23, i16 %res_24_048" [firmware/nnet_utils/nnet_dense_resource.h:58]   --->   Operation 428 'add' 'add_ln58_31' <Predicate = true> <Delay = 2.14> <CoreInst = "Adder">   --->   Core 1 'Adder' <Latency = 0> <II = 1> <Delay = 2.14> <FuncUnit> <Opcode : 'add' 'sub'> <InPorts = 2> <OutPorts = 1>
ST_6 : Operation 429 [1/1] (2.14ns)   --->   "%add_ln58_32 = add i16 %trunc_ln58_24, i16 %res_25_046" [firmware/nnet_utils/nnet_dense_resource.h:58]   --->   Operation 429 'add' 'add_ln58_32' <Predicate = true> <Delay = 2.14> <CoreInst = "Adder">   --->   Core 1 'Adder' <Latency = 0> <II = 1> <Delay = 2.14> <FuncUnit> <Opcode : 'add' 'sub'> <InPorts = 2> <OutPorts = 1>
ST_6 : Operation 430 [1/1] (2.14ns)   --->   "%add_ln58_33 = add i16 %trunc_ln58_25, i16 %res_26_044" [firmware/nnet_utils/nnet_dense_resource.h:58]   --->   Operation 430 'add' 'add_ln58_33' <Predicate = true> <Delay = 2.14> <CoreInst = "Adder">   --->   Core 1 'Adder' <Latency = 0> <II = 1> <Delay = 2.14> <FuncUnit> <Opcode : 'add' 'sub'> <InPorts = 2> <OutPorts = 1>
ST_6 : Operation 431 [1/1] (2.14ns)   --->   "%add_ln58_34 = add i16 %trunc_ln58_26, i16 %res_2786_042" [firmware/nnet_utils/nnet_dense_resource.h:58]   --->   Operation 431 'add' 'add_ln58_34' <Predicate = true> <Delay = 2.14> <CoreInst = "Adder">   --->   Core 1 'Adder' <Latency = 0> <II = 1> <Delay = 2.14> <FuncUnit> <Opcode : 'add' 'sub'> <InPorts = 2> <OutPorts = 1>
ST_6 : Operation 432 [1/1] (2.14ns)   --->   "%add_ln58_35 = add i16 %trunc_ln58_27, i16 %res_28_040" [firmware/nnet_utils/nnet_dense_resource.h:58]   --->   Operation 432 'add' 'add_ln58_35' <Predicate = true> <Delay = 2.14> <CoreInst = "Adder">   --->   Core 1 'Adder' <Latency = 0> <II = 1> <Delay = 2.14> <FuncUnit> <Opcode : 'add' 'sub'> <InPorts = 2> <OutPorts = 1>
ST_6 : Operation 433 [1/1] (2.14ns)   --->   "%add_ln58_36 = add i16 %trunc_ln58_28, i16 %res_29_038" [firmware/nnet_utils/nnet_dense_resource.h:58]   --->   Operation 433 'add' 'add_ln58_36' <Predicate = true> <Delay = 2.14> <CoreInst = "Adder">   --->   Core 1 'Adder' <Latency = 0> <II = 1> <Delay = 2.14> <FuncUnit> <Opcode : 'add' 'sub'> <InPorts = 2> <OutPorts = 1>
ST_6 : Operation 434 [1/1] (2.14ns)   --->   "%add_ln58_37 = add i16 %trunc_ln58_29, i16 %res_30_036" [firmware/nnet_utils/nnet_dense_resource.h:58]   --->   Operation 434 'add' 'add_ln58_37' <Predicate = true> <Delay = 2.14> <CoreInst = "Adder">   --->   Core 1 'Adder' <Latency = 0> <II = 1> <Delay = 2.14> <FuncUnit> <Opcode : 'add' 'sub'> <InPorts = 2> <OutPorts = 1>
ST_6 : Operation 435 [1/1] (2.14ns)   --->   "%add_ln58_38 = add i16 %trunc_ln58_30, i16 %res_31_034" [firmware/nnet_utils/nnet_dense_resource.h:58]   --->   Operation 435 'add' 'add_ln58_38' <Predicate = true> <Delay = 2.14> <CoreInst = "Adder">   --->   Core 1 'Adder' <Latency = 0> <II = 1> <Delay = 2.14> <FuncUnit> <Opcode : 'add' 'sub'> <InPorts = 2> <OutPorts = 1>
ST_6 : Operation 436 [1/1] (2.14ns)   --->   "%add_ln58_39 = add i16 %trunc_ln58_31, i16 %res_32_032" [firmware/nnet_utils/nnet_dense_resource.h:58]   --->   Operation 436 'add' 'add_ln58_39' <Predicate = true> <Delay = 2.14> <CoreInst = "Adder">   --->   Core 1 'Adder' <Latency = 0> <II = 1> <Delay = 2.14> <FuncUnit> <Opcode : 'add' 'sub'> <InPorts = 2> <OutPorts = 1>
ST_6 : Operation 437 [1/1] (2.14ns)   --->   "%add_ln58_40 = add i16 %trunc_ln58_32, i16 %res_33_030" [firmware/nnet_utils/nnet_dense_resource.h:58]   --->   Operation 437 'add' 'add_ln58_40' <Predicate = true> <Delay = 2.14> <CoreInst = "Adder">   --->   Core 1 'Adder' <Latency = 0> <II = 1> <Delay = 2.14> <FuncUnit> <Opcode : 'add' 'sub'> <InPorts = 2> <OutPorts = 1>
ST_6 : Operation 438 [1/1] (2.14ns)   --->   "%add_ln58_41 = add i16 %trunc_ln58_33, i16 %res_34_028" [firmware/nnet_utils/nnet_dense_resource.h:58]   --->   Operation 438 'add' 'add_ln58_41' <Predicate = true> <Delay = 2.14> <CoreInst = "Adder">   --->   Core 1 'Adder' <Latency = 0> <II = 1> <Delay = 2.14> <FuncUnit> <Opcode : 'add' 'sub'> <InPorts = 2> <OutPorts = 1>
ST_6 : Operation 439 [1/1] (2.14ns)   --->   "%add_ln58_42 = add i16 %trunc_ln58_34, i16 %res_35_026" [firmware/nnet_utils/nnet_dense_resource.h:58]   --->   Operation 439 'add' 'add_ln58_42' <Predicate = true> <Delay = 2.14> <CoreInst = "Adder">   --->   Core 1 'Adder' <Latency = 0> <II = 1> <Delay = 2.14> <FuncUnit> <Opcode : 'add' 'sub'> <InPorts = 2> <OutPorts = 1>
ST_6 : Operation 440 [1/1] (2.14ns)   --->   "%add_ln58_43 = add i16 %trunc_ln58_35, i16 %res_36_024" [firmware/nnet_utils/nnet_dense_resource.h:58]   --->   Operation 440 'add' 'add_ln58_43' <Predicate = true> <Delay = 2.14> <CoreInst = "Adder">   --->   Core 1 'Adder' <Latency = 0> <II = 1> <Delay = 2.14> <FuncUnit> <Opcode : 'add' 'sub'> <InPorts = 2> <OutPorts = 1>
ST_6 : Operation 441 [1/1] (2.14ns)   --->   "%add_ln58_44 = add i16 %trunc_ln58_36, i16 %res_37_022" [firmware/nnet_utils/nnet_dense_resource.h:58]   --->   Operation 441 'add' 'add_ln58_44' <Predicate = true> <Delay = 2.14> <CoreInst = "Adder">   --->   Core 1 'Adder' <Latency = 0> <II = 1> <Delay = 2.14> <FuncUnit> <Opcode : 'add' 'sub'> <InPorts = 2> <OutPorts = 1>
ST_6 : Operation 442 [1/1] (2.14ns)   --->   "%add_ln58_45 = add i16 %trunc_ln58_37, i16 %res_38_020" [firmware/nnet_utils/nnet_dense_resource.h:58]   --->   Operation 442 'add' 'add_ln58_45' <Predicate = true> <Delay = 2.14> <CoreInst = "Adder">   --->   Core 1 'Adder' <Latency = 0> <II = 1> <Delay = 2.14> <FuncUnit> <Opcode : 'add' 'sub'> <InPorts = 2> <OutPorts = 1>
ST_6 : Operation 443 [1/1] (2.14ns)   --->   "%add_ln58_46 = add i16 %trunc_ln58_38, i16 %res_39_018" [firmware/nnet_utils/nnet_dense_resource.h:58]   --->   Operation 443 'add' 'add_ln58_46' <Predicate = true> <Delay = 2.14> <CoreInst = "Adder">   --->   Core 1 'Adder' <Latency = 0> <II = 1> <Delay = 2.14> <FuncUnit> <Opcode : 'add' 'sub'> <InPorts = 2> <OutPorts = 1>
ST_6 : Operation 444 [1/1] (2.14ns)   --->   "%add_ln58_47 = add i16 %trunc_ln58_39, i16 %res_40_016" [firmware/nnet_utils/nnet_dense_resource.h:58]   --->   Operation 444 'add' 'add_ln58_47' <Predicate = true> <Delay = 2.14> <CoreInst = "Adder">   --->   Core 1 'Adder' <Latency = 0> <II = 1> <Delay = 2.14> <FuncUnit> <Opcode : 'add' 'sub'> <InPorts = 2> <OutPorts = 1>
ST_6 : Operation 445 [1/1] (2.14ns)   --->   "%add_ln58_48 = add i16 %trunc_ln58_40, i16 %res_41_014" [firmware/nnet_utils/nnet_dense_resource.h:58]   --->   Operation 445 'add' 'add_ln58_48' <Predicate = true> <Delay = 2.14> <CoreInst = "Adder">   --->   Core 1 'Adder' <Latency = 0> <II = 1> <Delay = 2.14> <FuncUnit> <Opcode : 'add' 'sub'> <InPorts = 2> <OutPorts = 1>
ST_6 : Operation 446 [1/1] (2.14ns)   --->   "%add_ln58_49 = add i16 %trunc_ln58_41, i16 %res_42_012" [firmware/nnet_utils/nnet_dense_resource.h:58]   --->   Operation 446 'add' 'add_ln58_49' <Predicate = true> <Delay = 2.14> <CoreInst = "Adder">   --->   Core 1 'Adder' <Latency = 0> <II = 1> <Delay = 2.14> <FuncUnit> <Opcode : 'add' 'sub'> <InPorts = 2> <OutPorts = 1>
ST_6 : Operation 447 [1/1] (2.14ns)   --->   "%add_ln58_50 = add i16 %trunc_ln58_42, i16 %res_43_010" [firmware/nnet_utils/nnet_dense_resource.h:58]   --->   Operation 447 'add' 'add_ln58_50' <Predicate = true> <Delay = 2.14> <CoreInst = "Adder">   --->   Core 1 'Adder' <Latency = 0> <II = 1> <Delay = 2.14> <FuncUnit> <Opcode : 'add' 'sub'> <InPorts = 2> <OutPorts = 1>
ST_6 : Operation 448 [1/1] (2.14ns)   --->   "%add_ln58_51 = add i16 %trunc_ln58_43, i16 %res_44_08" [firmware/nnet_utils/nnet_dense_resource.h:58]   --->   Operation 448 'add' 'add_ln58_51' <Predicate = true> <Delay = 2.14> <CoreInst = "Adder">   --->   Core 1 'Adder' <Latency = 0> <II = 1> <Delay = 2.14> <FuncUnit> <Opcode : 'add' 'sub'> <InPorts = 2> <OutPorts = 1>
ST_6 : Operation 449 [1/1] (2.14ns)   --->   "%add_ln58_52 = add i16 %trunc_ln58_44, i16 %res_45_06" [firmware/nnet_utils/nnet_dense_resource.h:58]   --->   Operation 449 'add' 'add_ln58_52' <Predicate = true> <Delay = 2.14> <CoreInst = "Adder">   --->   Core 1 'Adder' <Latency = 0> <II = 1> <Delay = 2.14> <FuncUnit> <Opcode : 'add' 'sub'> <InPorts = 2> <OutPorts = 1>
ST_6 : Operation 450 [1/1] (2.14ns)   --->   "%add_ln58_53 = add i16 %trunc_ln58_45, i16 %res_46_04" [firmware/nnet_utils/nnet_dense_resource.h:58]   --->   Operation 450 'add' 'add_ln58_53' <Predicate = true> <Delay = 2.14> <CoreInst = "Adder">   --->   Core 1 'Adder' <Latency = 0> <II = 1> <Delay = 2.14> <FuncUnit> <Opcode : 'add' 'sub'> <InPorts = 2> <OutPorts = 1>
ST_6 : Operation 451 [1/1] (0.00ns)   --->   "%mrv = insertvalue i752 <undef>, i16 %add_ln58" [firmware/nnet_utils/nnet_dense_resource.h:84]   --->   Operation 451 'insertvalue' 'mrv' <Predicate = (icmp_ln46)> <Delay = 0.00>
ST_6 : Operation 452 [1/1] (0.00ns)   --->   "%mrv_1 = insertvalue i752 %mrv, i16 %add_ln58_8" [firmware/nnet_utils/nnet_dense_resource.h:84]   --->   Operation 452 'insertvalue' 'mrv_1' <Predicate = (icmp_ln46)> <Delay = 0.00>
ST_6 : Operation 453 [1/1] (0.00ns)   --->   "%mrv_2 = insertvalue i752 %mrv_1, i16 %add_ln58_9" [firmware/nnet_utils/nnet_dense_resource.h:84]   --->   Operation 453 'insertvalue' 'mrv_2' <Predicate = (icmp_ln46)> <Delay = 0.00>
ST_6 : Operation 454 [1/1] (0.00ns)   --->   "%mrv_3 = insertvalue i752 %mrv_2, i16 %add_ln58_10" [firmware/nnet_utils/nnet_dense_resource.h:84]   --->   Operation 454 'insertvalue' 'mrv_3' <Predicate = (icmp_ln46)> <Delay = 0.00>
ST_6 : Operation 455 [1/1] (0.00ns)   --->   "%mrv_4 = insertvalue i752 %mrv_3, i16 %add_ln58_11" [firmware/nnet_utils/nnet_dense_resource.h:84]   --->   Operation 455 'insertvalue' 'mrv_4' <Predicate = (icmp_ln46)> <Delay = 0.00>
ST_6 : Operation 456 [1/1] (0.00ns)   --->   "%mrv_5 = insertvalue i752 %mrv_4, i16 %add_ln58_12" [firmware/nnet_utils/nnet_dense_resource.h:84]   --->   Operation 456 'insertvalue' 'mrv_5' <Predicate = (icmp_ln46)> <Delay = 0.00>
ST_6 : Operation 457 [1/1] (0.00ns)   --->   "%mrv_6 = insertvalue i752 %mrv_5, i16 %add_ln58_13" [firmware/nnet_utils/nnet_dense_resource.h:84]   --->   Operation 457 'insertvalue' 'mrv_6' <Predicate = (icmp_ln46)> <Delay = 0.00>
ST_6 : Operation 458 [1/1] (0.00ns)   --->   "%mrv_7 = insertvalue i752 %mrv_6, i16 %add_ln58_14" [firmware/nnet_utils/nnet_dense_resource.h:84]   --->   Operation 458 'insertvalue' 'mrv_7' <Predicate = (icmp_ln46)> <Delay = 0.00>
ST_6 : Operation 459 [1/1] (0.00ns)   --->   "%mrv_8 = insertvalue i752 %mrv_7, i16 %add_ln58_15" [firmware/nnet_utils/nnet_dense_resource.h:84]   --->   Operation 459 'insertvalue' 'mrv_8' <Predicate = (icmp_ln46)> <Delay = 0.00>
ST_6 : Operation 460 [1/1] (0.00ns)   --->   "%mrv_9 = insertvalue i752 %mrv_8, i16 %add_ln58_16" [firmware/nnet_utils/nnet_dense_resource.h:84]   --->   Operation 460 'insertvalue' 'mrv_9' <Predicate = (icmp_ln46)> <Delay = 0.00>
ST_6 : Operation 461 [1/1] (0.00ns)   --->   "%mrv_s = insertvalue i752 %mrv_9, i16 %add_ln58_17" [firmware/nnet_utils/nnet_dense_resource.h:84]   --->   Operation 461 'insertvalue' 'mrv_s' <Predicate = (icmp_ln46)> <Delay = 0.00>
ST_6 : Operation 462 [1/1] (0.00ns)   --->   "%mrv_10 = insertvalue i752 %mrv_s, i16 %add_ln58_18" [firmware/nnet_utils/nnet_dense_resource.h:84]   --->   Operation 462 'insertvalue' 'mrv_10' <Predicate = (icmp_ln46)> <Delay = 0.00>
ST_6 : Operation 463 [1/1] (0.00ns)   --->   "%mrv_11 = insertvalue i752 %mrv_10, i16 %add_ln58_19" [firmware/nnet_utils/nnet_dense_resource.h:84]   --->   Operation 463 'insertvalue' 'mrv_11' <Predicate = (icmp_ln46)> <Delay = 0.00>
ST_6 : Operation 464 [1/1] (0.00ns)   --->   "%mrv_12 = insertvalue i752 %mrv_11, i16 %add_ln58_20" [firmware/nnet_utils/nnet_dense_resource.h:84]   --->   Operation 464 'insertvalue' 'mrv_12' <Predicate = (icmp_ln46)> <Delay = 0.00>
ST_6 : Operation 465 [1/1] (0.00ns)   --->   "%mrv_13 = insertvalue i752 %mrv_12, i16 %add_ln58_21" [firmware/nnet_utils/nnet_dense_resource.h:84]   --->   Operation 465 'insertvalue' 'mrv_13' <Predicate = (icmp_ln46)> <Delay = 0.00>
ST_6 : Operation 466 [1/1] (0.00ns)   --->   "%mrv_14 = insertvalue i752 %mrv_13, i16 %add_ln58_22" [firmware/nnet_utils/nnet_dense_resource.h:84]   --->   Operation 466 'insertvalue' 'mrv_14' <Predicate = (icmp_ln46)> <Delay = 0.00>
ST_6 : Operation 467 [1/1] (0.00ns)   --->   "%mrv_15 = insertvalue i752 %mrv_14, i16 %add_ln58_23" [firmware/nnet_utils/nnet_dense_resource.h:84]   --->   Operation 467 'insertvalue' 'mrv_15' <Predicate = (icmp_ln46)> <Delay = 0.00>
ST_6 : Operation 468 [1/1] (0.00ns)   --->   "%mrv_16 = insertvalue i752 %mrv_15, i16 %add_ln58_24" [firmware/nnet_utils/nnet_dense_resource.h:84]   --->   Operation 468 'insertvalue' 'mrv_16' <Predicate = (icmp_ln46)> <Delay = 0.00>
ST_6 : Operation 469 [1/1] (0.00ns)   --->   "%mrv_17 = insertvalue i752 %mrv_16, i16 %add_ln58_25" [firmware/nnet_utils/nnet_dense_resource.h:84]   --->   Operation 469 'insertvalue' 'mrv_17' <Predicate = (icmp_ln46)> <Delay = 0.00>
ST_6 : Operation 470 [1/1] (0.00ns)   --->   "%mrv_18 = insertvalue i752 %mrv_17, i16 %add_ln58_26" [firmware/nnet_utils/nnet_dense_resource.h:84]   --->   Operation 470 'insertvalue' 'mrv_18' <Predicate = (icmp_ln46)> <Delay = 0.00>
ST_6 : Operation 471 [1/1] (0.00ns)   --->   "%mrv_19 = insertvalue i752 %mrv_18, i16 %add_ln58_27" [firmware/nnet_utils/nnet_dense_resource.h:84]   --->   Operation 471 'insertvalue' 'mrv_19' <Predicate = (icmp_ln46)> <Delay = 0.00>
ST_6 : Operation 472 [1/1] (0.00ns)   --->   "%mrv_20 = insertvalue i752 %mrv_19, i16 %add_ln58_28" [firmware/nnet_utils/nnet_dense_resource.h:84]   --->   Operation 472 'insertvalue' 'mrv_20' <Predicate = (icmp_ln46)> <Delay = 0.00>
ST_6 : Operation 473 [1/1] (0.00ns)   --->   "%mrv_21 = insertvalue i752 %mrv_20, i16 %add_ln58_29" [firmware/nnet_utils/nnet_dense_resource.h:84]   --->   Operation 473 'insertvalue' 'mrv_21' <Predicate = (icmp_ln46)> <Delay = 0.00>
ST_6 : Operation 474 [1/1] (0.00ns)   --->   "%mrv_22 = insertvalue i752 %mrv_21, i16 %add_ln58_30" [firmware/nnet_utils/nnet_dense_resource.h:84]   --->   Operation 474 'insertvalue' 'mrv_22' <Predicate = (icmp_ln46)> <Delay = 0.00>
ST_6 : Operation 475 [1/1] (0.00ns)   --->   "%mrv_23 = insertvalue i752 %mrv_22, i16 %add_ln58_31" [firmware/nnet_utils/nnet_dense_resource.h:84]   --->   Operation 475 'insertvalue' 'mrv_23' <Predicate = (icmp_ln46)> <Delay = 0.00>
ST_6 : Operation 476 [1/1] (0.00ns)   --->   "%mrv_24 = insertvalue i752 %mrv_23, i16 %add_ln58_32" [firmware/nnet_utils/nnet_dense_resource.h:84]   --->   Operation 476 'insertvalue' 'mrv_24' <Predicate = (icmp_ln46)> <Delay = 0.00>
ST_6 : Operation 477 [1/1] (0.00ns)   --->   "%mrv_25 = insertvalue i752 %mrv_24, i16 %add_ln58_33" [firmware/nnet_utils/nnet_dense_resource.h:84]   --->   Operation 477 'insertvalue' 'mrv_25' <Predicate = (icmp_ln46)> <Delay = 0.00>
ST_6 : Operation 478 [1/1] (0.00ns)   --->   "%mrv_26 = insertvalue i752 %mrv_25, i16 %add_ln58_34" [firmware/nnet_utils/nnet_dense_resource.h:84]   --->   Operation 478 'insertvalue' 'mrv_26' <Predicate = (icmp_ln46)> <Delay = 0.00>
ST_6 : Operation 479 [1/1] (0.00ns)   --->   "%mrv_27 = insertvalue i752 %mrv_26, i16 %add_ln58_35" [firmware/nnet_utils/nnet_dense_resource.h:84]   --->   Operation 479 'insertvalue' 'mrv_27' <Predicate = (icmp_ln46)> <Delay = 0.00>
ST_6 : Operation 480 [1/1] (0.00ns)   --->   "%mrv_28 = insertvalue i752 %mrv_27, i16 %add_ln58_36" [firmware/nnet_utils/nnet_dense_resource.h:84]   --->   Operation 480 'insertvalue' 'mrv_28' <Predicate = (icmp_ln46)> <Delay = 0.00>
ST_6 : Operation 481 [1/1] (0.00ns)   --->   "%mrv_29 = insertvalue i752 %mrv_28, i16 %add_ln58_37" [firmware/nnet_utils/nnet_dense_resource.h:84]   --->   Operation 481 'insertvalue' 'mrv_29' <Predicate = (icmp_ln46)> <Delay = 0.00>
ST_6 : Operation 482 [1/1] (0.00ns)   --->   "%mrv_30 = insertvalue i752 %mrv_29, i16 %add_ln58_38" [firmware/nnet_utils/nnet_dense_resource.h:84]   --->   Operation 482 'insertvalue' 'mrv_30' <Predicate = (icmp_ln46)> <Delay = 0.00>
ST_6 : Operation 483 [1/1] (0.00ns)   --->   "%mrv_31 = insertvalue i752 %mrv_30, i16 %add_ln58_39" [firmware/nnet_utils/nnet_dense_resource.h:84]   --->   Operation 483 'insertvalue' 'mrv_31' <Predicate = (icmp_ln46)> <Delay = 0.00>
ST_6 : Operation 484 [1/1] (0.00ns)   --->   "%mrv_32 = insertvalue i752 %mrv_31, i16 %add_ln58_40" [firmware/nnet_utils/nnet_dense_resource.h:84]   --->   Operation 484 'insertvalue' 'mrv_32' <Predicate = (icmp_ln46)> <Delay = 0.00>
ST_6 : Operation 485 [1/1] (0.00ns)   --->   "%mrv_33 = insertvalue i752 %mrv_32, i16 %add_ln58_41" [firmware/nnet_utils/nnet_dense_resource.h:84]   --->   Operation 485 'insertvalue' 'mrv_33' <Predicate = (icmp_ln46)> <Delay = 0.00>
ST_6 : Operation 486 [1/1] (0.00ns)   --->   "%mrv_34 = insertvalue i752 %mrv_33, i16 %add_ln58_42" [firmware/nnet_utils/nnet_dense_resource.h:84]   --->   Operation 486 'insertvalue' 'mrv_34' <Predicate = (icmp_ln46)> <Delay = 0.00>
ST_6 : Operation 487 [1/1] (0.00ns)   --->   "%mrv_35 = insertvalue i752 %mrv_34, i16 %add_ln58_43" [firmware/nnet_utils/nnet_dense_resource.h:84]   --->   Operation 487 'insertvalue' 'mrv_35' <Predicate = (icmp_ln46)> <Delay = 0.00>
ST_6 : Operation 488 [1/1] (0.00ns)   --->   "%mrv_36 = insertvalue i752 %mrv_35, i16 %add_ln58_44" [firmware/nnet_utils/nnet_dense_resource.h:84]   --->   Operation 488 'insertvalue' 'mrv_36' <Predicate = (icmp_ln46)> <Delay = 0.00>
ST_6 : Operation 489 [1/1] (0.00ns)   --->   "%mrv_37 = insertvalue i752 %mrv_36, i16 %add_ln58_45" [firmware/nnet_utils/nnet_dense_resource.h:84]   --->   Operation 489 'insertvalue' 'mrv_37' <Predicate = (icmp_ln46)> <Delay = 0.00>
ST_6 : Operation 490 [1/1] (0.00ns)   --->   "%mrv_38 = insertvalue i752 %mrv_37, i16 %add_ln58_46" [firmware/nnet_utils/nnet_dense_resource.h:84]   --->   Operation 490 'insertvalue' 'mrv_38' <Predicate = (icmp_ln46)> <Delay = 0.00>
ST_6 : Operation 491 [1/1] (0.00ns)   --->   "%mrv_39 = insertvalue i752 %mrv_38, i16 %add_ln58_47" [firmware/nnet_utils/nnet_dense_resource.h:84]   --->   Operation 491 'insertvalue' 'mrv_39' <Predicate = (icmp_ln46)> <Delay = 0.00>
ST_6 : Operation 492 [1/1] (0.00ns)   --->   "%mrv_40 = insertvalue i752 %mrv_39, i16 %add_ln58_48" [firmware/nnet_utils/nnet_dense_resource.h:84]   --->   Operation 492 'insertvalue' 'mrv_40' <Predicate = (icmp_ln46)> <Delay = 0.00>
ST_6 : Operation 493 [1/1] (0.00ns)   --->   "%mrv_41 = insertvalue i752 %mrv_40, i16 %add_ln58_49" [firmware/nnet_utils/nnet_dense_resource.h:84]   --->   Operation 493 'insertvalue' 'mrv_41' <Predicate = (icmp_ln46)> <Delay = 0.00>
ST_6 : Operation 494 [1/1] (0.00ns)   --->   "%mrv_42 = insertvalue i752 %mrv_41, i16 %add_ln58_50" [firmware/nnet_utils/nnet_dense_resource.h:84]   --->   Operation 494 'insertvalue' 'mrv_42' <Predicate = (icmp_ln46)> <Delay = 0.00>
ST_6 : Operation 495 [1/1] (0.00ns)   --->   "%mrv_43 = insertvalue i752 %mrv_42, i16 %add_ln58_51" [firmware/nnet_utils/nnet_dense_resource.h:84]   --->   Operation 495 'insertvalue' 'mrv_43' <Predicate = (icmp_ln46)> <Delay = 0.00>
ST_6 : Operation 496 [1/1] (0.00ns)   --->   "%mrv_44 = insertvalue i752 %mrv_43, i16 %add_ln58_52" [firmware/nnet_utils/nnet_dense_resource.h:84]   --->   Operation 496 'insertvalue' 'mrv_44' <Predicate = (icmp_ln46)> <Delay = 0.00>
ST_6 : Operation 497 [1/1] (0.00ns)   --->   "%mrv_45 = insertvalue i752 %mrv_44, i16 %add_ln58_53" [firmware/nnet_utils/nnet_dense_resource.h:84]   --->   Operation 497 'insertvalue' 'mrv_45' <Predicate = (icmp_ln46)> <Delay = 0.00>
ST_6 : Operation 498 [1/1] (0.00ns)   --->   "%return_ln84 = return void @_ssdm_op_Return, i752 %mrv_45" [firmware/nnet_utils/nnet_dense_resource.h:84]   --->   Operation 498 'return' 'return_ln84' <Predicate = (icmp_ln46)> <Delay = 0.00>


============================================================
+ Verbose Summary: Binding
============================================================
STG Binding: 
---------------- STG Properties BEGIN ----------------
- Is combinational: 0
- Is one-state seq: 0
- Is datapath-only: 0
- Is pipelined: 0
- Is top level: 0
Port [ Return ] is wired: 1; IO mode=ap_ctrl_hs:ce=0
Port [ data_0_val]:  wired=1; compound=0; hidden=0; nouse=0; global=0; static=0; extern=0; dir=0; type=0; pingpong=0; private_global=0; IO mode=ap_none:ce=0
Port [ data_1_val]:  wired=1; compound=0; hidden=0; nouse=0; global=0; static=0; extern=0; dir=0; type=0; pingpong=0; private_global=0; IO mode=ap_none:ce=0
Port [ data_2_val]:  wired=1; compound=0; hidden=0; nouse=0; global=0; static=0; extern=0; dir=0; type=0; pingpong=0; private_global=0; IO mode=ap_none:ce=0
Port [ data_3_val]:  wired=1; compound=0; hidden=0; nouse=0; global=0; static=0; extern=0; dir=0; type=0; pingpong=0; private_global=0; IO mode=ap_none:ce=0
Port [ data_4_val]:  wired=1; compound=0; hidden=0; nouse=0; global=0; static=0; extern=0; dir=0; type=0; pingpong=0; private_global=0; IO mode=ap_none:ce=0
Port [ data_5_val]:  wired=1; compound=0; hidden=0; nouse=0; global=0; static=0; extern=0; dir=0; type=0; pingpong=0; private_global=0; IO mode=ap_none:ce=0
Port [ data_6_val]:  wired=1; compound=0; hidden=0; nouse=0; global=0; static=0; extern=0; dir=0; type=0; pingpong=0; private_global=0; IO mode=ap_none:ce=0
Port [ data_7_val]:  wired=1; compound=0; hidden=0; nouse=0; global=0; static=0; extern=0; dir=0; type=0; pingpong=0; private_global=0; IO mode=ap_none:ce=0
Port [ data_8_val]:  wired=1; compound=0; hidden=0; nouse=0; global=0; static=0; extern=0; dir=0; type=0; pingpong=0; private_global=0; IO mode=ap_none:ce=0
Port [ data_9_val]:  wired=1; compound=0; hidden=0; nouse=0; global=0; static=0; extern=0; dir=0; type=0; pingpong=0; private_global=0; IO mode=ap_none:ce=0
Port [ data_10_val]:  wired=1; compound=0; hidden=0; nouse=0; global=0; static=0; extern=0; dir=0; type=0; pingpong=0; private_global=0; IO mode=ap_none:ce=0
Port [ data_11_val]:  wired=1; compound=0; hidden=0; nouse=0; global=0; static=0; extern=0; dir=0; type=0; pingpong=0; private_global=0; IO mode=ap_none:ce=0
Port [ data_12_val]:  wired=1; compound=0; hidden=0; nouse=0; global=0; static=0; extern=0; dir=0; type=0; pingpong=0; private_global=0; IO mode=ap_none:ce=0
Port [ data_13_val]:  wired=1; compound=0; hidden=0; nouse=0; global=0; static=0; extern=0; dir=0; type=0; pingpong=0; private_global=0; IO mode=ap_none:ce=0
Port [ data_14_val]:  wired=1; compound=0; hidden=0; nouse=0; global=0; static=0; extern=0; dir=0; type=0; pingpong=0; private_global=0; IO mode=ap_none:ce=0
Port [ data_15_val]:  wired=1; compound=0; hidden=0; nouse=0; global=0; static=0; extern=0; dir=0; type=0; pingpong=0; private_global=0; IO mode=ap_none:ce=0
Port [ data_16_val]:  wired=1; compound=0; hidden=0; nouse=0; global=0; static=0; extern=0; dir=0; type=0; pingpong=0; private_global=0; IO mode=ap_none:ce=0
Port [ data_17_val]:  wired=1; compound=0; hidden=0; nouse=0; global=0; static=0; extern=0; dir=0; type=0; pingpong=0; private_global=0; IO mode=ap_none:ce=0
Port [ data_18_val]:  wired=1; compound=0; hidden=0; nouse=0; global=0; static=0; extern=0; dir=0; type=0; pingpong=0; private_global=0; IO mode=ap_none:ce=0
Port [ data_19_val]:  wired=1; compound=0; hidden=0; nouse=0; global=0; static=0; extern=0; dir=0; type=0; pingpong=0; private_global=0; IO mode=ap_none:ce=0
Port [ data_20_val]:  wired=1; compound=0; hidden=0; nouse=0; global=0; static=0; extern=0; dir=0; type=0; pingpong=0; private_global=0; IO mode=ap_none:ce=0
Port [ data_21_val]:  wired=1; compound=0; hidden=0; nouse=0; global=0; static=0; extern=0; dir=0; type=0; pingpong=0; private_global=0; IO mode=ap_none:ce=0
Port [ data_22_val]:  wired=1; compound=0; hidden=0; nouse=0; global=0; static=0; extern=0; dir=0; type=0; pingpong=0; private_global=0; IO mode=ap_none:ce=0
Port [ data_23_val]:  wired=1; compound=0; hidden=0; nouse=0; global=0; static=0; extern=0; dir=0; type=0; pingpong=0; private_global=0; IO mode=ap_none:ce=0
Port [ data_24_val]:  wired=1; compound=0; hidden=0; nouse=0; global=0; static=0; extern=0; dir=0; type=0; pingpong=0; private_global=0; IO mode=ap_none:ce=0
Port [ data_25_val]:  wired=1; compound=0; hidden=0; nouse=0; global=0; static=0; extern=0; dir=0; type=0; pingpong=0; private_global=0; IO mode=ap_none:ce=0
Port [ data_26_val]:  wired=1; compound=0; hidden=0; nouse=0; global=0; static=0; extern=0; dir=0; type=0; pingpong=0; private_global=0; IO mode=ap_none:ce=0
Port [ data_27_val]:  wired=1; compound=0; hidden=0; nouse=0; global=0; static=0; extern=0; dir=0; type=0; pingpong=0; private_global=0; IO mode=ap_none:ce=0
Port [ data_28_val]:  wired=1; compound=0; hidden=0; nouse=0; global=0; static=0; extern=0; dir=0; type=0; pingpong=0; private_global=0; IO mode=ap_none:ce=0
Port [ data_29_val]:  wired=1; compound=0; hidden=0; nouse=0; global=0; static=0; extern=0; dir=0; type=0; pingpong=0; private_global=0; IO mode=ap_none:ce=0
Port [ data_30_val]:  wired=1; compound=0; hidden=0; nouse=0; global=0; static=0; extern=0; dir=0; type=0; pingpong=0; private_global=0; IO mode=ap_none:ce=0
Port [ data_31_val]:  wired=1; compound=0; hidden=0; nouse=0; global=0; static=0; extern=0; dir=0; type=0; pingpong=0; private_global=0; IO mode=ap_none:ce=0
Port [ w26]:  wired=0; compound=1; hidden=1; nouse=0; global=1; static=1; extern=0; dir=0; type=1; pingpong=0; private_global=1; MemPort=[1]; IO mode=ap_memory:ce=0
---------------- STG Properties END ------------------

---------------- Datapath Model BEGIN ----------------

<LifeTime>
<method=bitvector/>
br_ln46                (br               ) [ 0111111]
do_init                (phi              ) [ 0011111]
ir                     (phi              ) [ 0011111]
br_ln0                 (br               ) [ 0011111]
br_ln46                (br               ) [ 0011111]
zext_ln46              (zext             ) [ 0000000]
w26_addr               (getelementptr    ) [ 0011000]
w_index                (add              ) [ 0111111]
icmp_ln46              (icmp             ) [ 0011111]
br_ln46                (br               ) [ 0111111]
br_ln84                (br               ) [ 0111111]
data_0_val99_rewind    (phi              ) [ 0011000]
data_1_val100_rewind   (phi              ) [ 0011000]
data_2_val101_rewind   (phi              ) [ 0011000]
data_3_val102_rewind   (phi              ) [ 0011000]
data_4_val103_rewind   (phi              ) [ 0011000]
data_5_val104_rewind   (phi              ) [ 0011000]
data_6_val105_rewind   (phi              ) [ 0011000]
data_7_val106_rewind   (phi              ) [ 0011000]
data_8_val107_rewind   (phi              ) [ 0011000]
data_9_val108_rewind   (phi              ) [ 0011000]
data_10_val109_rewind  (phi              ) [ 0011000]
data_11_val110_rewind  (phi              ) [ 0011000]
data_12_val111_rewind  (phi              ) [ 0011000]
data_13_val112_rewind  (phi              ) [ 0011000]
data_14_val113_rewind  (phi              ) [ 0011000]
data_15_val114_rewind  (phi              ) [ 0011000]
data_16_val115_rewind  (phi              ) [ 0011000]
data_17_val116_rewind  (phi              ) [ 0011000]
data_18_val117_rewind  (phi              ) [ 0011000]
data_19_val118_rewind  (phi              ) [ 0011000]
data_20_val119_rewind  (phi              ) [ 0011000]
data_21_val120_rewind  (phi              ) [ 0011000]
data_22_val121_rewind  (phi              ) [ 0011000]
data_23_val122_rewind  (phi              ) [ 0011000]
data_24_val123_rewind  (phi              ) [ 0011000]
data_25_val124_rewind  (phi              ) [ 0011000]
data_26_val125_rewind  (phi              ) [ 0011000]
data_27_val126_rewind  (phi              ) [ 0011000]
data_28_val127_rewind  (phi              ) [ 0011000]
data_29_val128_rewind  (phi              ) [ 0011000]
data_30_val129_rewind  (phi              ) [ 0011000]
data_31_val130_rewind  (phi              ) [ 0011000]
specmemcore_ln0        (specmemcore      ) [ 0000000]
data_31_val_read       (read             ) [ 0000000]
data_30_val_read       (read             ) [ 0000000]
data_29_val_read       (read             ) [ 0000000]
data_28_val_read       (read             ) [ 0000000]
data_27_val_read       (read             ) [ 0000000]
data_26_val_read       (read             ) [ 0000000]
data_25_val_read       (read             ) [ 0000000]
data_24_val_read       (read             ) [ 0000000]
data_23_val_read       (read             ) [ 0000000]
data_22_val_read       (read             ) [ 0000000]
data_21_val_read       (read             ) [ 0000000]
data_20_val_read       (read             ) [ 0000000]
data_19_val_read       (read             ) [ 0000000]
data_18_val_read       (read             ) [ 0000000]
data_17_val_read       (read             ) [ 0000000]
data_16_val_read       (read             ) [ 0000000]
data_15_val_read       (read             ) [ 0000000]
data_14_val_read       (read             ) [ 0000000]
data_13_val_read       (read             ) [ 0000000]
data_12_val_read       (read             ) [ 0000000]
data_11_val_read       (read             ) [ 0000000]
data_10_val_read       (read             ) [ 0000000]
data_9_val_read        (read             ) [ 0000000]
data_8_val_read        (read             ) [ 0000000]
data_7_val_read        (read             ) [ 0000000]
data_6_val_read        (read             ) [ 0000000]
data_5_val_read        (read             ) [ 0000000]
data_4_val_read        (read             ) [ 0000000]
data_3_val_read        (read             ) [ 0000000]
data_2_val_read        (read             ) [ 0000000]
data_1_val_read        (read             ) [ 0000000]
data_0_val_read        (read             ) [ 0000000]
data_0_val99_phi       (phi              ) [ 0111111]
data_1_val100_phi      (phi              ) [ 0111111]
data_2_val101_phi      (phi              ) [ 0111111]
data_3_val102_phi      (phi              ) [ 0111111]
data_4_val103_phi      (phi              ) [ 0111111]
data_5_val104_phi      (phi              ) [ 0111111]
data_6_val105_phi      (phi              ) [ 0111111]
data_7_val106_phi      (phi              ) [ 0111111]
data_8_val107_phi      (phi              ) [ 0111111]
data_9_val108_phi      (phi              ) [ 0111111]
data_10_val109_phi     (phi              ) [ 0111111]
data_11_val110_phi     (phi              ) [ 0111111]
data_12_val111_phi     (phi              ) [ 0111111]
data_13_val112_phi     (phi              ) [ 0111111]
data_14_val113_phi     (phi              ) [ 0111111]
data_15_val114_phi     (phi              ) [ 0111111]
data_16_val115_phi     (phi              ) [ 0111111]
data_17_val116_phi     (phi              ) [ 0111111]
data_18_val117_phi     (phi              ) [ 0111111]
data_19_val118_phi     (phi              ) [ 0111111]
data_20_val119_phi     (phi              ) [ 0111111]
data_21_val120_phi     (phi              ) [ 0111111]
data_22_val121_phi     (phi              ) [ 0111111]
data_23_val122_phi     (phi              ) [ 0111111]
data_24_val123_phi     (phi              ) [ 0111111]
data_25_val124_phi     (phi              ) [ 0111111]
data_26_val125_phi     (phi              ) [ 0111111]
data_27_val126_phi     (phi              ) [ 0111111]
data_28_val127_phi     (phi              ) [ 0111111]
data_29_val128_phi     (phi              ) [ 0111111]
data_30_val129_phi     (phi              ) [ 0111111]
data_31_val130_phi     (phi              ) [ 0111111]
a                      (sparsemux        ) [ 0010100]
w26_load               (load             ) [ 0000000]
w                      (trunc            ) [ 0010100]
w_7                    (partselect       ) [ 0010100]
w_8                    (partselect       ) [ 0010100]
w_9                    (partselect       ) [ 0010100]
w_10                   (partselect       ) [ 0010100]
w_11                   (partselect       ) [ 0010100]
w_12                   (partselect       ) [ 0010100]
w_13                   (partselect       ) [ 0010100]
w_14                   (partselect       ) [ 0010100]
w_15                   (partselect       ) [ 0010100]
w_16                   (partselect       ) [ 0010100]
w_17                   (partselect       ) [ 0010100]
w_18                   (partselect       ) [ 0010100]
w_19                   (partselect       ) [ 0010100]
w_20                   (partselect       ) [ 0010100]
w_21                   (partselect       ) [ 0010100]
w_22                   (partselect       ) [ 0010100]
w_23                   (partselect       ) [ 0010100]
w_24                   (partselect       ) [ 0010100]
w_25                   (partselect       ) [ 0010100]
w_26                   (partselect       ) [ 0010100]
w_27                   (partselect       ) [ 0010100]
w_28                   (partselect       ) [ 0010100]
w_29                   (partselect       ) [ 0010100]
w_30                   (partselect       ) [ 0010100]
w_31                   (partselect       ) [ 0010100]
w_32                   (partselect       ) [ 0010100]
w_33                   (partselect       ) [ 0010100]
w_34                   (partselect       ) [ 0010100]
w_35                   (partselect       ) [ 0010100]
w_36                   (partselect       ) [ 0010100]
w_37                   (partselect       ) [ 0010100]
w_38                   (partselect       ) [ 0010100]
w_39                   (partselect       ) [ 0010100]
w_40                   (partselect       ) [ 0010100]
w_41                   (partselect       ) [ 0010100]
w_42                   (partselect       ) [ 0010100]
w_43                   (partselect       ) [ 0010100]
w_44                   (partselect       ) [ 0010100]
w_45                   (partselect       ) [ 0010100]
w_46                   (partselect       ) [ 0010100]
w_47                   (partselect       ) [ 0010100]
w_48                   (partselect       ) [ 0010100]
w_49                   (partselect       ) [ 0010100]
w_50                   (partselect       ) [ 0010100]
w_51                   (partselect       ) [ 0010100]
tmp                    (partselect       ) [ 0010100]
sext_ln73              (sext             ) [ 0010010]
sext_ln73_9            (sext             ) [ 0010010]
sext_ln73_10           (sext             ) [ 0010010]
sext_ln73_11           (sext             ) [ 0010010]
sext_ln73_12           (sext             ) [ 0010010]
sext_ln73_13           (sext             ) [ 0010010]
sext_ln73_14           (sext             ) [ 0010010]
sext_ln73_15           (sext             ) [ 0010010]
sext_ln73_16           (sext             ) [ 0010010]
sext_ln73_17           (sext             ) [ 0010010]
sext_ln73_18           (sext             ) [ 0010010]
sext_ln73_19           (sext             ) [ 0010010]
sext_ln73_20           (sext             ) [ 0010010]
sext_ln73_21           (sext             ) [ 0010010]
sext_ln73_22           (sext             ) [ 0010010]
sext_ln73_23           (sext             ) [ 0010010]
sext_ln73_24           (sext             ) [ 0010010]
sext_ln73_25           (sext             ) [ 0010010]
sext_ln73_26           (sext             ) [ 0010010]
sext_ln73_27           (sext             ) [ 0010010]
sext_ln73_28           (sext             ) [ 0010010]
sext_ln73_29           (sext             ) [ 0010010]
sext_ln73_30           (sext             ) [ 0010010]
sext_ln73_31           (sext             ) [ 0010010]
sext_ln73_32           (sext             ) [ 0010010]
sext_ln73_33           (sext             ) [ 0010010]
sext_ln73_34           (sext             ) [ 0010010]
sext_ln73_35           (sext             ) [ 0010010]
sext_ln73_36           (sext             ) [ 0010010]
sext_ln73_37           (sext             ) [ 0010010]
sext_ln73_38           (sext             ) [ 0010010]
sext_ln73_39           (sext             ) [ 0010010]
sext_ln73_40           (sext             ) [ 0010010]
sext_ln73_41           (sext             ) [ 0010010]
sext_ln73_42           (sext             ) [ 0010010]
sext_ln73_43           (sext             ) [ 0010010]
sext_ln73_44           (sext             ) [ 0010010]
sext_ln73_45           (sext             ) [ 0010010]
sext_ln73_46           (sext             ) [ 0010010]
sext_ln73_47           (sext             ) [ 0010010]
sext_ln73_48           (sext             ) [ 0010010]
sext_ln73_49           (sext             ) [ 0010010]
sext_ln73_50           (sext             ) [ 0010010]
sext_ln73_51           (sext             ) [ 0010010]
sext_ln73_52           (sext             ) [ 0010010]
sext_ln73_53           (sext             ) [ 0010010]
sext_ln73_54           (sext             ) [ 0010010]
sext_ln73_55           (sext             ) [ 0010010]
mul_ln58               (mul              ) [ 0000000]
trunc_ln4              (partselect       ) [ 0010001]
mul_ln58_8             (mul              ) [ 0000000]
trunc_ln58_8           (partselect       ) [ 0010001]
mul_ln58_9             (mul              ) [ 0000000]
trunc_ln58_9           (partselect       ) [ 0010001]
mul_ln58_10            (mul              ) [ 0000000]
trunc_ln58_s           (partselect       ) [ 0010001]
mul_ln58_11            (mul              ) [ 0000000]
trunc_ln58_1           (partselect       ) [ 0010001]
mul_ln58_12            (mul              ) [ 0000000]
trunc_ln58_2           (partselect       ) [ 0010001]
mul_ln58_13            (mul              ) [ 0000000]
trunc_ln58_3           (partselect       ) [ 0010001]
mul_ln58_14            (mul              ) [ 0000000]
trunc_ln58_4           (partselect       ) [ 0010001]
mul_ln58_15            (mul              ) [ 0000000]
trunc_ln58_5           (partselect       ) [ 0010001]
mul_ln58_16            (mul              ) [ 0000000]
trunc_ln58_6           (partselect       ) [ 0010001]
mul_ln58_17            (mul              ) [ 0000000]
trunc_ln58_7           (partselect       ) [ 0010001]
mul_ln58_18            (mul              ) [ 0000000]
trunc_ln58_10          (partselect       ) [ 0010001]
mul_ln58_19            (mul              ) [ 0000000]
trunc_ln58_11          (partselect       ) [ 0010001]
mul_ln58_20            (mul              ) [ 0000000]
trunc_ln58_12          (partselect       ) [ 0010001]
mul_ln58_21            (mul              ) [ 0000000]
trunc_ln58_13          (partselect       ) [ 0010001]
mul_ln58_22            (mul              ) [ 0000000]
trunc_ln58_14          (partselect       ) [ 0010001]
mul_ln58_23            (mul              ) [ 0000000]
trunc_ln58_15          (partselect       ) [ 0010001]
mul_ln58_24            (mul              ) [ 0000000]
trunc_ln58_16          (partselect       ) [ 0010001]
mul_ln58_25            (mul              ) [ 0000000]
trunc_ln58_17          (partselect       ) [ 0010001]
mul_ln58_26            (mul              ) [ 0000000]
trunc_ln58_18          (partselect       ) [ 0010001]
mul_ln58_27            (mul              ) [ 0000000]
trunc_ln58_19          (partselect       ) [ 0010001]
mul_ln58_28            (mul              ) [ 0000000]
trunc_ln58_20          (partselect       ) [ 0010001]
mul_ln58_29            (mul              ) [ 0000000]
trunc_ln58_21          (partselect       ) [ 0010001]
mul_ln58_30            (mul              ) [ 0000000]
trunc_ln58_22          (partselect       ) [ 0010001]
mul_ln58_31            (mul              ) [ 0000000]
trunc_ln58_23          (partselect       ) [ 0010001]
mul_ln58_32            (mul              ) [ 0000000]
trunc_ln58_24          (partselect       ) [ 0010001]
mul_ln58_33            (mul              ) [ 0000000]
trunc_ln58_25          (partselect       ) [ 0010001]
mul_ln58_34            (mul              ) [ 0000000]
trunc_ln58_26          (partselect       ) [ 0010001]
mul_ln58_35            (mul              ) [ 0000000]
trunc_ln58_27          (partselect       ) [ 0010001]
mul_ln58_36            (mul              ) [ 0000000]
trunc_ln58_28          (partselect       ) [ 0010001]
mul_ln58_37            (mul              ) [ 0000000]
trunc_ln58_29          (partselect       ) [ 0010001]
mul_ln58_38            (mul              ) [ 0000000]
trunc_ln58_30          (partselect       ) [ 0010001]
mul_ln58_39            (mul              ) [ 0000000]
trunc_ln58_31          (partselect       ) [ 0010001]
mul_ln58_40            (mul              ) [ 0000000]
trunc_ln58_32          (partselect       ) [ 0010001]
mul_ln58_41            (mul              ) [ 0000000]
trunc_ln58_33          (partselect       ) [ 0010001]
mul_ln58_42            (mul              ) [ 0000000]
trunc_ln58_34          (partselect       ) [ 0010001]
mul_ln58_43            (mul              ) [ 0000000]
trunc_ln58_35          (partselect       ) [ 0010001]
mul_ln58_44            (mul              ) [ 0000000]
trunc_ln58_36          (partselect       ) [ 0010001]
mul_ln58_45            (mul              ) [ 0000000]
trunc_ln58_37          (partselect       ) [ 0010001]
mul_ln58_46            (mul              ) [ 0000000]
trunc_ln58_38          (partselect       ) [ 0010001]
mul_ln58_47            (mul              ) [ 0000000]
trunc_ln58_39          (partselect       ) [ 0010001]
mul_ln58_48            (mul              ) [ 0000000]
trunc_ln58_40          (partselect       ) [ 0010001]
mul_ln58_49            (mul              ) [ 0000000]
trunc_ln58_41          (partselect       ) [ 0010001]
mul_ln58_50            (mul              ) [ 0000000]
trunc_ln58_42          (partselect       ) [ 0010001]
mul_ln58_51            (mul              ) [ 0000000]
trunc_ln58_43          (partselect       ) [ 0010001]
mul_ln58_52            (mul              ) [ 0000000]
trunc_ln58_44          (partselect       ) [ 0010001]
mul_ln58_53            (mul              ) [ 0000000]
trunc_ln58_45          (partselect       ) [ 0010001]
res_0_096              (phi              ) [ 0011111]
res_1_094              (phi              ) [ 0011111]
res_2_092              (phi              ) [ 0011111]
res_3_090              (phi              ) [ 0011111]
res_4_088              (phi              ) [ 0011111]
res_5_086              (phi              ) [ 0011111]
res_6_084              (phi              ) [ 0011111]
res_7_082              (phi              ) [ 0011111]
res_8_080              (phi              ) [ 0011111]
res_9_078              (phi              ) [ 0011111]
res_10_076             (phi              ) [ 0011111]
res_11_074             (phi              ) [ 0011111]
res_12_072             (phi              ) [ 0011111]
res_13_070             (phi              ) [ 0011111]
res_1445_068           (phi              ) [ 0011111]
res_15_066             (phi              ) [ 0011111]
res_16_064             (phi              ) [ 0011111]
res_17_062             (phi              ) [ 0011111]
res_18_060             (phi              ) [ 0011111]
res_19_058             (phi              ) [ 0011111]
res_20_056             (phi              ) [ 0011111]
res_21_054             (phi              ) [ 0011111]
res_22_052             (phi              ) [ 0011111]
res_23_050             (phi              ) [ 0011111]
res_24_048             (phi              ) [ 0011111]
res_25_046             (phi              ) [ 0011111]
res_26_044             (phi              ) [ 0011111]
res_2786_042           (phi              ) [ 0011111]
res_28_040             (phi              ) [ 0011111]
res_29_038             (phi              ) [ 0011111]
res_30_036             (phi              ) [ 0011111]
res_31_034             (phi              ) [ 0011111]
res_32_032             (phi              ) [ 0011111]
res_33_030             (phi              ) [ 0011111]
res_34_028             (phi              ) [ 0011111]
res_35_026             (phi              ) [ 0011111]
res_36_024             (phi              ) [ 0011111]
res_37_022             (phi              ) [ 0011111]
res_38_020             (phi              ) [ 0011111]
res_39_018             (phi              ) [ 0011111]
res_40_016             (phi              ) [ 0011111]
res_41_014             (phi              ) [ 0011111]
res_42_012             (phi              ) [ 0011111]
res_43_010             (phi              ) [ 0011111]
res_44_08              (phi              ) [ 0011111]
res_45_06              (phi              ) [ 0011111]
res_46_04              (phi              ) [ 0011111]
specpipeline_ln47      (specpipeline     ) [ 0000000]
speclooptripcount_ln49 (speclooptripcount) [ 0000000]
specloopname_ln46      (specloopname     ) [ 0000000]
add_ln58               (add              ) [ 0111111]
add_ln58_8             (add              ) [ 0111111]
add_ln58_9             (add              ) [ 0111111]
add_ln58_10            (add              ) [ 0111111]
add_ln58_11            (add              ) [ 0111111]
add_ln58_12            (add              ) [ 0111111]
add_ln58_13            (add              ) [ 0111111]
add_ln58_14            (add              ) [ 0111111]
add_ln58_15            (add              ) [ 0111111]
add_ln58_16            (add              ) [ 0111111]
add_ln58_17            (add              ) [ 0111111]
add_ln58_18            (add              ) [ 0111111]
add_ln58_19            (add              ) [ 0111111]
add_ln58_20            (add              ) [ 0111111]
add_ln58_21            (add              ) [ 0111111]
add_ln58_22            (add              ) [ 0111111]
add_ln58_23            (add              ) [ 0111111]
add_ln58_24            (add              ) [ 0111111]
add_ln58_25            (add              ) [ 0111111]
add_ln58_26            (add              ) [ 0111111]
add_ln58_27            (add              ) [ 0111111]
add_ln58_28            (add              ) [ 0111111]
add_ln58_29            (add              ) [ 0111111]
add_ln58_30            (add              ) [ 0111111]
add_ln58_31            (add              ) [ 0111111]
add_ln58_32            (add              ) [ 0111111]
add_ln58_33            (add              ) [ 0111111]
add_ln58_34            (add              ) [ 0111111]
add_ln58_35            (add              ) [ 0111111]
add_ln58_36            (add              ) [ 0111111]
add_ln58_37            (add              ) [ 0111111]
add_ln58_38            (add              ) [ 0111111]
add_ln58_39            (add              ) [ 0111111]
add_ln58_40            (add              ) [ 0111111]
add_ln58_41            (add              ) [ 0111111]
add_ln58_42            (add              ) [ 0111111]
add_ln58_43            (add              ) [ 0111111]
add_ln58_44            (add              ) [ 0111111]
add_ln58_45            (add              ) [ 0111111]
add_ln58_46            (add              ) [ 0111111]
add_ln58_47            (add              ) [ 0111111]
add_ln58_48            (add              ) [ 0111111]
add_ln58_49            (add              ) [ 0111111]
add_ln58_50            (add              ) [ 0111111]
add_ln58_51            (add              ) [ 0111111]
add_ln58_52            (add              ) [ 0111111]
add_ln58_53            (add              ) [ 0111111]
mrv                    (insertvalue      ) [ 0000000]
mrv_1                  (insertvalue      ) [ 0000000]
mrv_2                  (insertvalue      ) [ 0000000]
mrv_3                  (insertvalue      ) [ 0000000]
mrv_4                  (insertvalue      ) [ 0000000]
mrv_5                  (insertvalue      ) [ 0000000]
mrv_6                  (insertvalue      ) [ 0000000]
mrv_7                  (insertvalue      ) [ 0000000]
mrv_8                  (insertvalue      ) [ 0000000]
mrv_9                  (insertvalue      ) [ 0000000]
mrv_s                  (insertvalue      ) [ 0000000]
mrv_10                 (insertvalue      ) [ 0000000]
mrv_11                 (insertvalue      ) [ 0000000]
mrv_12                 (insertvalue      ) [ 0000000]
mrv_13                 (insertvalue      ) [ 0000000]
mrv_14                 (insertvalue      ) [ 0000000]
mrv_15                 (insertvalue      ) [ 0000000]
mrv_16                 (insertvalue      ) [ 0000000]
mrv_17                 (insertvalue      ) [ 0000000]
mrv_18                 (insertvalue      ) [ 0000000]
mrv_19                 (insertvalue      ) [ 0000000]
mrv_20                 (insertvalue      ) [ 0000000]
mrv_21                 (insertvalue      ) [ 0000000]
mrv_22                 (insertvalue      ) [ 0000000]
mrv_23                 (insertvalue      ) [ 0000000]
mrv_24                 (insertvalue      ) [ 0000000]
mrv_25                 (insertvalue      ) [ 0000000]
mrv_26                 (insertvalue      ) [ 0000000]
mrv_27                 (insertvalue      ) [ 0000000]
mrv_28                 (insertvalue      ) [ 0000000]
mrv_29                 (insertvalue      ) [ 0000000]
mrv_30                 (insertvalue      ) [ 0000000]
mrv_31                 (insertvalue      ) [ 0000000]
mrv_32                 (insertvalue      ) [ 0000000]
mrv_33                 (insertvalue      ) [ 0000000]
mrv_34                 (insertvalue      ) [ 0000000]
mrv_35                 (insertvalue      ) [ 0000000]
mrv_36                 (insertvalue      ) [ 0000000]
mrv_37                 (insertvalue      ) [ 0000000]
mrv_38                 (insertvalue      ) [ 0000000]
mrv_39                 (insertvalue      ) [ 0000000]
mrv_40                 (insertvalue      ) [ 0000000]
mrv_41                 (insertvalue      ) [ 0000000]
mrv_42                 (insertvalue      ) [ 0000000]
mrv_43                 (insertvalue      ) [ 0000000]
mrv_44                 (insertvalue      ) [ 0000000]
mrv_45                 (insertvalue      ) [ 0000000]
return_ln84            (return           ) [ 0000000]
</LifeTime>

<model>

<comp_list>
<comp id="0" class="1000" name="data_0_val">
<pin_list>
<pin id="1" dir="1" index="0" bw="1" slack="0"/>
</pin_list>
<bind>
<StgValue><ssdm name="data_0_val"/></StgValue>
</bind>
</comp>

<comp id="2" class="1000" name="data_1_val">
<pin_list>
<pin id="3" dir="1" index="0" bw="1" slack="0"/>
</pin_list>
<bind>
<StgValue><ssdm name="data_1_val"/></StgValue>
</bind>
</comp>

<comp id="4" class="1000" name="data_2_val">
<pin_list>
<pin id="5" dir="1" index="0" bw="1" slack="0"/>
</pin_list>
<bind>
<StgValue><ssdm name="data_2_val"/></StgValue>
</bind>
</comp>

<comp id="6" class="1000" name="data_3_val">
<pin_list>
<pin id="7" dir="1" index="0" bw="1" slack="0"/>
</pin_list>
<bind>
<StgValue><ssdm name="data_3_val"/></StgValue>
</bind>
</comp>

<comp id="8" class="1000" name="data_4_val">
<pin_list>
<pin id="9" dir="1" index="0" bw="1" slack="0"/>
</pin_list>
<bind>
<StgValue><ssdm name="data_4_val"/></StgValue>
</bind>
</comp>

<comp id="10" class="1000" name="data_5_val">
<pin_list>
<pin id="11" dir="1" index="0" bw="1" slack="0"/>
</pin_list>
<bind>
<StgValue><ssdm name="data_5_val"/></StgValue>
</bind>
</comp>

<comp id="12" class="1000" name="data_6_val">
<pin_list>
<pin id="13" dir="1" index="0" bw="1" slack="0"/>
</pin_list>
<bind>
<StgValue><ssdm name="data_6_val"/></StgValue>
</bind>
</comp>

<comp id="14" class="1000" name="data_7_val">
<pin_list>
<pin id="15" dir="1" index="0" bw="1" slack="0"/>
</pin_list>
<bind>
<StgValue><ssdm name="data_7_val"/></StgValue>
</bind>
</comp>

<comp id="16" class="1000" name="data_8_val">
<pin_list>
<pin id="17" dir="1" index="0" bw="1" slack="0"/>
</pin_list>
<bind>
<StgValue><ssdm name="data_8_val"/></StgValue>
</bind>
</comp>

<comp id="18" class="1000" name="data_9_val">
<pin_list>
<pin id="19" dir="1" index="0" bw="1" slack="0"/>
</pin_list>
<bind>
<StgValue><ssdm name="data_9_val"/></StgValue>
</bind>
</comp>

<comp id="20" class="1000" name="data_10_val">
<pin_list>
<pin id="21" dir="1" index="0" bw="1" slack="0"/>
</pin_list>
<bind>
<StgValue><ssdm name="data_10_val"/></StgValue>
</bind>
</comp>

<comp id="22" class="1000" name="data_11_val">
<pin_list>
<pin id="23" dir="1" index="0" bw="1" slack="0"/>
</pin_list>
<bind>
<StgValue><ssdm name="data_11_val"/></StgValue>
</bind>
</comp>

<comp id="24" class="1000" name="data_12_val">
<pin_list>
<pin id="25" dir="1" index="0" bw="1" slack="0"/>
</pin_list>
<bind>
<StgValue><ssdm name="data_12_val"/></StgValue>
</bind>
</comp>

<comp id="26" class="1000" name="data_13_val">
<pin_list>
<pin id="27" dir="1" index="0" bw="1" slack="0"/>
</pin_list>
<bind>
<StgValue><ssdm name="data_13_val"/></StgValue>
</bind>
</comp>

<comp id="28" class="1000" name="data_14_val">
<pin_list>
<pin id="29" dir="1" index="0" bw="1" slack="0"/>
</pin_list>
<bind>
<StgValue><ssdm name="data_14_val"/></StgValue>
</bind>
</comp>

<comp id="30" class="1000" name="data_15_val">
<pin_list>
<pin id="31" dir="1" index="0" bw="1" slack="0"/>
</pin_list>
<bind>
<StgValue><ssdm name="data_15_val"/></StgValue>
</bind>
</comp>

<comp id="32" class="1000" name="data_16_val">
<pin_list>
<pin id="33" dir="1" index="0" bw="1" slack="0"/>
</pin_list>
<bind>
<StgValue><ssdm name="data_16_val"/></StgValue>
</bind>
</comp>

<comp id="34" class="1000" name="data_17_val">
<pin_list>
<pin id="35" dir="1" index="0" bw="1" slack="0"/>
</pin_list>
<bind>
<StgValue><ssdm name="data_17_val"/></StgValue>
</bind>
</comp>

<comp id="36" class="1000" name="data_18_val">
<pin_list>
<pin id="37" dir="1" index="0" bw="1" slack="0"/>
</pin_list>
<bind>
<StgValue><ssdm name="data_18_val"/></StgValue>
</bind>
</comp>

<comp id="38" class="1000" name="data_19_val">
<pin_list>
<pin id="39" dir="1" index="0" bw="1" slack="0"/>
</pin_list>
<bind>
<StgValue><ssdm name="data_19_val"/></StgValue>
</bind>
</comp>

<comp id="40" class="1000" name="data_20_val">
<pin_list>
<pin id="41" dir="1" index="0" bw="1" slack="0"/>
</pin_list>
<bind>
<StgValue><ssdm name="data_20_val"/></StgValue>
</bind>
</comp>

<comp id="42" class="1000" name="data_21_val">
<pin_list>
<pin id="43" dir="1" index="0" bw="1" slack="0"/>
</pin_list>
<bind>
<StgValue><ssdm name="data_21_val"/></StgValue>
</bind>
</comp>

<comp id="44" class="1000" name="data_22_val">
<pin_list>
<pin id="45" dir="1" index="0" bw="1" slack="0"/>
</pin_list>
<bind>
<StgValue><ssdm name="data_22_val"/></StgValue>
</bind>
</comp>

<comp id="46" class="1000" name="data_23_val">
<pin_list>
<pin id="47" dir="1" index="0" bw="1" slack="0"/>
</pin_list>
<bind>
<StgValue><ssdm name="data_23_val"/></StgValue>
</bind>
</comp>

<comp id="48" class="1000" name="data_24_val">
<pin_list>
<pin id="49" dir="1" index="0" bw="1" slack="0"/>
</pin_list>
<bind>
<StgValue><ssdm name="data_24_val"/></StgValue>
</bind>
</comp>

<comp id="50" class="1000" name="data_25_val">
<pin_list>
<pin id="51" dir="1" index="0" bw="1" slack="0"/>
</pin_list>
<bind>
<StgValue><ssdm name="data_25_val"/></StgValue>
</bind>
</comp>

<comp id="52" class="1000" name="data_26_val">
<pin_list>
<pin id="53" dir="1" index="0" bw="1" slack="0"/>
</pin_list>
<bind>
<StgValue><ssdm name="data_26_val"/></StgValue>
</bind>
</comp>

<comp id="54" class="1000" name="data_27_val">
<pin_list>
<pin id="55" dir="1" index="0" bw="1" slack="0"/>
</pin_list>
<bind>
<StgValue><ssdm name="data_27_val"/></StgValue>
</bind>
</comp>

<comp id="56" class="1000" name="data_28_val">
<pin_list>
<pin id="57" dir="1" index="0" bw="1" slack="0"/>
</pin_list>
<bind>
<StgValue><ssdm name="data_28_val"/></StgValue>
</bind>
</comp>

<comp id="58" class="1000" name="data_29_val">
<pin_list>
<pin id="59" dir="1" index="0" bw="1" slack="0"/>
</pin_list>
<bind>
<StgValue><ssdm name="data_29_val"/></StgValue>
</bind>
</comp>

<comp id="60" class="1000" name="data_30_val">
<pin_list>
<pin id="61" dir="1" index="0" bw="1" slack="0"/>
</pin_list>
<bind>
<StgValue><ssdm name="data_30_val"/></StgValue>
</bind>
</comp>

<comp id="62" class="1000" name="data_31_val">
<pin_list>
<pin id="63" dir="1" index="0" bw="1" slack="0"/>
</pin_list>
<bind>
<StgValue><ssdm name="data_31_val"/></StgValue>
</bind>
</comp>

<comp id="64" class="1000" name="w26">
<pin_list>
<pin id="65" dir="1" index="0" bw="1" slack="0"/>
</pin_list>
<bind>
<StgValue><ssdm name="w26"/><MemPortTyVec>1 </MemPortTyVec>
</StgValue>
</bind>
</comp>

<comp id="66" class="1001" name="const_66">
<pin_list>
<pin id="67" dir="1" index="0" bw="1" slack="0"/>
</pin_list>
<bind>
<StgValue><ssdm name=""/></StgValue>
</bind>
</comp>

<comp id="68" class="1001" name="const_68">
<pin_list>
<pin id="69" dir="1" index="0" bw="1" slack="0"/>
</pin_list>
<bind>
<StgValue><ssdm name=""/></StgValue>
</bind>
</comp>

<comp id="70" class="1001" name="const_70">
<pin_list>
<pin id="71" dir="1" index="0" bw="1" slack="0"/>
</pin_list>
<bind>
<StgValue><ssdm name=""/></StgValue>
</bind>
</comp>

<comp id="72" class="1001" name="const_72">
<pin_list>
<pin id="73" dir="1" index="0" bw="1" slack="0"/>
</pin_list>
<bind>
<StgValue><ssdm name=""/></StgValue>
</bind>
</comp>

<comp id="74" class="1001" name="const_74">
<pin_list>
<pin id="75" dir="1" index="0" bw="1" slack="0"/>
</pin_list>
<bind>
<StgValue><ssdm name=""/></StgValue>
</bind>
</comp>

<comp id="76" class="1001" name="const_76">
<pin_list>
<pin id="77" dir="1" index="0" bw="1" slack="0"/>
</pin_list>
<bind>
<StgValue><ssdm name=""/></StgValue>
</bind>
</comp>

<comp id="78" class="1001" name="const_78">
<pin_list>
<pin id="79" dir="1" index="0" bw="1" slack="0"/>
</pin_list>
<bind>
<StgValue><ssdm name=""/></StgValue>
</bind>
</comp>

<comp id="80" class="1001" name="const_80">
<pin_list>
<pin id="81" dir="1" index="0" bw="1" slack="2147483647"/>
</pin_list>
<bind>
<StgValue><ssdm name="_ssdm_op_SpecMemCore"/></StgValue>
</bind>
</comp>

<comp id="82" class="1001" name="const_82">
<pin_list>
<pin id="83" dir="1" index="0" bw="1" slack="2147483647"/>
</pin_list>
<bind>
<StgValue><ssdm name=""/></StgValue>
</bind>
</comp>

<comp id="84" class="1001" name="const_84">
<pin_list>
<pin id="85" dir="1" index="0" bw="1" slack="2147483647"/>
</pin_list>
<bind>
<StgValue><ssdm name=""/></StgValue>
</bind>
</comp>

<comp id="86" class="1001" name="const_86">
<pin_list>
<pin id="87" dir="1" index="0" bw="1" slack="2147483647"/>
</pin_list>
<bind>
<StgValue><ssdm name=""/></StgValue>
</bind>
</comp>

<comp id="88" class="1001" name="const_88">
<pin_list>
<pin id="89" dir="1" index="0" bw="1" slack="0"/>
</pin_list>
<bind>
<StgValue><ssdm name="_ssdm_op_Read.ap_auto.i16"/></StgValue>
</bind>
</comp>

<comp id="90" class="1001" name="const_90">
<pin_list>
<pin id="91" dir="1" index="0" bw="1" slack="0"/>
</pin_list>
<bind>
<StgValue><ssdm name="_ssdm_op_SparseMux.ap_auto.32i16.i16.i5"/></StgValue>
</bind>
</comp>

<comp id="92" class="1001" name="const_92">
<pin_list>
<pin id="93" dir="1" index="0" bw="1" slack="0"/>
</pin_list>
<bind>
<StgValue><ssdm name=""/></StgValue>
</bind>
</comp>

<comp id="94" class="1001" name="const_94">
<pin_list>
<pin id="95" dir="1" index="0" bw="1" slack="0"/>
</pin_list>
<bind>
<StgValue><ssdm name=""/></StgValue>
</bind>
</comp>

<comp id="96" class="1001" name="const_96">
<pin_list>
<pin id="97" dir="1" index="0" bw="1" slack="0"/>
</pin_list>
<bind>
<StgValue><ssdm name=""/></StgValue>
</bind>
</comp>

<comp id="98" class="1001" name="const_98">
<pin_list>
<pin id="99" dir="1" index="0" bw="1" slack="0"/>
</pin_list>
<bind>
<StgValue><ssdm name=""/></StgValue>
</bind>
</comp>

<comp id="100" class="1001" name="const_100">
<pin_list>
<pin id="101" dir="1" index="0" bw="1" slack="0"/>
</pin_list>
<bind>
<StgValue><ssdm name=""/></StgValue>
</bind>
</comp>

<comp id="102" class="1001" name="const_102">
<pin_list>
<pin id="103" dir="1" index="0" bw="1" slack="0"/>
</pin_list>
<bind>
<StgValue><ssdm name=""/></StgValue>
</bind>
</comp>

<comp id="104" class="1001" name="const_104">
<pin_list>
<pin id="105" dir="1" index="0" bw="1" slack="0"/>
</pin_list>
<bind>
<StgValue><ssdm name=""/></StgValue>
</bind>
</comp>

<comp id="106" class="1001" name="const_106">
<pin_list>
<pin id="107" dir="1" index="0" bw="1" slack="0"/>
</pin_list>
<bind>
<StgValue><ssdm name=""/></StgValue>
</bind>
</comp>

<comp id="108" class="1001" name="const_108">
<pin_list>
<pin id="109" dir="1" index="0" bw="1" slack="0"/>
</pin_list>
<bind>
<StgValue><ssdm name=""/></StgValue>
</bind>
</comp>

<comp id="110" class="1001" name="const_110">
<pin_list>
<pin id="111" dir="1" index="0" bw="1" slack="0"/>
</pin_list>
<bind>
<StgValue><ssdm name=""/></StgValue>
</bind>
</comp>

<comp id="112" class="1001" name="const_112">
<pin_list>
<pin id="113" dir="1" index="0" bw="1" slack="0"/>
</pin_list>
<bind>
<StgValue><ssdm name=""/></StgValue>
</bind>
</comp>

<comp id="114" class="1001" name="const_114">
<pin_list>
<pin id="115" dir="1" index="0" bw="1" slack="0"/>
</pin_list>
<bind>
<StgValue><ssdm name=""/></StgValue>
</bind>
</comp>

<comp id="116" class="1001" name="const_116">
<pin_list>
<pin id="117" dir="1" index="0" bw="1" slack="0"/>
</pin_list>
<bind>
<StgValue><ssdm name=""/></StgValue>
</bind>
</comp>

<comp id="118" class="1001" name="const_118">
<pin_list>
<pin id="119" dir="1" index="0" bw="1" slack="0"/>
</pin_list>
<bind>
<StgValue><ssdm name=""/></StgValue>
</bind>
</comp>

<comp id="120" class="1001" name="const_120">
<pin_list>
<pin id="121" dir="1" index="0" bw="1" slack="0"/>
</pin_list>
<bind>
<StgValue><ssdm name=""/></StgValue>
</bind>
</comp>

<comp id="122" class="1001" name="const_122">
<pin_list>
<pin id="123" dir="1" index="0" bw="1" slack="0"/>
</pin_list>
<bind>
<StgValue><ssdm name=""/></StgValue>
</bind>
</comp>

<comp id="124" class="1001" name="const_124">
<pin_list>
<pin id="125" dir="1" index="0" bw="1" slack="0"/>
</pin_list>
<bind>
<StgValue><ssdm name=""/></StgValue>
</bind>
</comp>

<comp id="126" class="1001" name="const_126">
<pin_list>
<pin id="127" dir="1" index="0" bw="1" slack="0"/>
</pin_list>
<bind>
<StgValue><ssdm name=""/></StgValue>
</bind>
</comp>

<comp id="128" class="1001" name="const_128">
<pin_list>
<pin id="129" dir="1" index="0" bw="1" slack="0"/>
</pin_list>
<bind>
<StgValue><ssdm name=""/></StgValue>
</bind>
</comp>

<comp id="130" class="1001" name="const_130">
<pin_list>
<pin id="131" dir="1" index="0" bw="1" slack="0"/>
</pin_list>
<bind>
<StgValue><ssdm name=""/></StgValue>
</bind>
</comp>

<comp id="132" class="1001" name="const_132">
<pin_list>
<pin id="133" dir="1" index="0" bw="1" slack="0"/>
</pin_list>
<bind>
<StgValue><ssdm name=""/></StgValue>
</bind>
</comp>

<comp id="134" class="1001" name="const_134">
<pin_list>
<pin id="135" dir="1" index="0" bw="1" slack="0"/>
</pin_list>
<bind>
<StgValue><ssdm name=""/></StgValue>
</bind>
</comp>

<comp id="136" class="1001" name="const_136">
<pin_list>
<pin id="137" dir="1" index="0" bw="1" slack="0"/>
</pin_list>
<bind>
<StgValue><ssdm name=""/></StgValue>
</bind>
</comp>

<comp id="138" class="1001" name="const_138">
<pin_list>
<pin id="139" dir="1" index="0" bw="1" slack="0"/>
</pin_list>
<bind>
<StgValue><ssdm name=""/></StgValue>
</bind>
</comp>

<comp id="140" class="1001" name="const_140">
<pin_list>
<pin id="141" dir="1" index="0" bw="1" slack="0"/>
</pin_list>
<bind>
<StgValue><ssdm name=""/></StgValue>
</bind>
</comp>

<comp id="142" class="1001" name="const_142">
<pin_list>
<pin id="143" dir="1" index="0" bw="1" slack="0"/>
</pin_list>
<bind>
<StgValue><ssdm name=""/></StgValue>
</bind>
</comp>

<comp id="144" class="1001" name="const_144">
<pin_list>
<pin id="145" dir="1" index="0" bw="1" slack="0"/>
</pin_list>
<bind>
<StgValue><ssdm name=""/></StgValue>
</bind>
</comp>

<comp id="146" class="1001" name="const_146">
<pin_list>
<pin id="147" dir="1" index="0" bw="1" slack="0"/>
</pin_list>
<bind>
<StgValue><ssdm name=""/></StgValue>
</bind>
</comp>

<comp id="148" class="1001" name="const_148">
<pin_list>
<pin id="149" dir="1" index="0" bw="1" slack="0"/>
</pin_list>
<bind>
<StgValue><ssdm name=""/></StgValue>
</bind>
</comp>

<comp id="150" class="1001" name="const_150">
<pin_list>
<pin id="151" dir="1" index="0" bw="1" slack="0"/>
</pin_list>
<bind>
<StgValue><ssdm name="_ssdm_op_PartSelect.i16.i747.i32.i32"/></StgValue>
</bind>
</comp>

<comp id="152" class="1001" name="const_152">
<pin_list>
<pin id="153" dir="1" index="0" bw="1" slack="0"/>
</pin_list>
<bind>
<StgValue><ssdm name=""/></StgValue>
</bind>
</comp>

<comp id="154" class="1001" name="const_154">
<pin_list>
<pin id="155" dir="1" index="0" bw="1" slack="0"/>
</pin_list>
<bind>
<StgValue><ssdm name=""/></StgValue>
</bind>
</comp>

<comp id="156" class="1001" name="const_156">
<pin_list>
<pin id="157" dir="1" index="0" bw="1" slack="0"/>
</pin_list>
<bind>
<StgValue><ssdm name=""/></StgValue>
</bind>
</comp>

<comp id="158" class="1001" name="const_158">
<pin_list>
<pin id="159" dir="1" index="0" bw="1" slack="0"/>
</pin_list>
<bind>
<StgValue><ssdm name=""/></StgValue>
</bind>
</comp>

<comp id="160" class="1001" name="const_160">
<pin_list>
<pin id="161" dir="1" index="0" bw="1" slack="0"/>
</pin_list>
<bind>
<StgValue><ssdm name=""/></StgValue>
</bind>
</comp>

<comp id="162" class="1001" name="const_162">
<pin_list>
<pin id="163" dir="1" index="0" bw="1" slack="0"/>
</pin_list>
<bind>
<StgValue><ssdm name=""/></StgValue>
</bind>
</comp>

<comp id="164" class="1001" name="const_164">
<pin_list>
<pin id="165" dir="1" index="0" bw="1" slack="0"/>
</pin_list>
<bind>
<StgValue><ssdm name=""/></StgValue>
</bind>
</comp>

<comp id="166" class="1001" name="const_166">
<pin_list>
<pin id="167" dir="1" index="0" bw="1" slack="0"/>
</pin_list>
<bind>
<StgValue><ssdm name=""/></StgValue>
</bind>
</comp>

<comp id="168" class="1001" name="const_168">
<pin_list>
<pin id="169" dir="1" index="0" bw="1" slack="0"/>
</pin_list>
<bind>
<StgValue><ssdm name=""/></StgValue>
</bind>
</comp>

<comp id="170" class="1001" name="const_170">
<pin_list>
<pin id="171" dir="1" index="0" bw="1" slack="0"/>
</pin_list>
<bind>
<StgValue><ssdm name=""/></StgValue>
</bind>
</comp>

<comp id="172" class="1001" name="const_172">
<pin_list>
<pin id="173" dir="1" index="0" bw="1" slack="0"/>
</pin_list>
<bind>
<StgValue><ssdm name=""/></StgValue>
</bind>
</comp>

<comp id="174" class="1001" name="const_174">
<pin_list>
<pin id="175" dir="1" index="0" bw="1" slack="0"/>
</pin_list>
<bind>
<StgValue><ssdm name=""/></StgValue>
</bind>
</comp>

<comp id="176" class="1001" name="const_176">
<pin_list>
<pin id="177" dir="1" index="0" bw="1" slack="0"/>
</pin_list>
<bind>
<StgValue><ssdm name=""/></StgValue>
</bind>
</comp>

<comp id="178" class="1001" name="const_178">
<pin_list>
<pin id="179" dir="1" index="0" bw="1" slack="0"/>
</pin_list>
<bind>
<StgValue><ssdm name=""/></StgValue>
</bind>
</comp>

<comp id="180" class="1001" name="const_180">
<pin_list>
<pin id="181" dir="1" index="0" bw="1" slack="0"/>
</pin_list>
<bind>
<StgValue><ssdm name=""/></StgValue>
</bind>
</comp>

<comp id="182" class="1001" name="const_182">
<pin_list>
<pin id="183" dir="1" index="0" bw="1" slack="0"/>
</pin_list>
<bind>
<StgValue><ssdm name=""/></StgValue>
</bind>
</comp>

<comp id="184" class="1001" name="const_184">
<pin_list>
<pin id="185" dir="1" index="0" bw="1" slack="0"/>
</pin_list>
<bind>
<StgValue><ssdm name=""/></StgValue>
</bind>
</comp>

<comp id="186" class="1001" name="const_186">
<pin_list>
<pin id="187" dir="1" index="0" bw="1" slack="0"/>
</pin_list>
<bind>
<StgValue><ssdm name=""/></StgValue>
</bind>
</comp>

<comp id="188" class="1001" name="const_188">
<pin_list>
<pin id="189" dir="1" index="0" bw="1" slack="0"/>
</pin_list>
<bind>
<StgValue><ssdm name=""/></StgValue>
</bind>
</comp>

<comp id="190" class="1001" name="const_190">
<pin_list>
<pin id="191" dir="1" index="0" bw="1" slack="0"/>
</pin_list>
<bind>
<StgValue><ssdm name=""/></StgValue>
</bind>
</comp>

<comp id="192" class="1001" name="const_192">
<pin_list>
<pin id="193" dir="1" index="0" bw="1" slack="0"/>
</pin_list>
<bind>
<StgValue><ssdm name=""/></StgValue>
</bind>
</comp>

<comp id="194" class="1001" name="const_194">
<pin_list>
<pin id="195" dir="1" index="0" bw="1" slack="0"/>
</pin_list>
<bind>
<StgValue><ssdm name=""/></StgValue>
</bind>
</comp>

<comp id="196" class="1001" name="const_196">
<pin_list>
<pin id="197" dir="1" index="0" bw="1" slack="0"/>
</pin_list>
<bind>
<StgValue><ssdm name=""/></StgValue>
</bind>
</comp>

<comp id="198" class="1001" name="const_198">
<pin_list>
<pin id="199" dir="1" index="0" bw="1" slack="0"/>
</pin_list>
<bind>
<StgValue><ssdm name=""/></StgValue>
</bind>
</comp>

<comp id="200" class="1001" name="const_200">
<pin_list>
<pin id="201" dir="1" index="0" bw="1" slack="0"/>
</pin_list>
<bind>
<StgValue><ssdm name=""/></StgValue>
</bind>
</comp>

<comp id="202" class="1001" name="const_202">
<pin_list>
<pin id="203" dir="1" index="0" bw="1" slack="0"/>
</pin_list>
<bind>
<StgValue><ssdm name=""/></StgValue>
</bind>
</comp>

<comp id="204" class="1001" name="const_204">
<pin_list>
<pin id="205" dir="1" index="0" bw="1" slack="0"/>
</pin_list>
<bind>
<StgValue><ssdm name=""/></StgValue>
</bind>
</comp>

<comp id="206" class="1001" name="const_206">
<pin_list>
<pin id="207" dir="1" index="0" bw="1" slack="0"/>
</pin_list>
<bind>
<StgValue><ssdm name=""/></StgValue>
</bind>
</comp>

<comp id="208" class="1001" name="const_208">
<pin_list>
<pin id="209" dir="1" index="0" bw="1" slack="0"/>
</pin_list>
<bind>
<StgValue><ssdm name=""/></StgValue>
</bind>
</comp>

<comp id="210" class="1001" name="const_210">
<pin_list>
<pin id="211" dir="1" index="0" bw="1" slack="0"/>
</pin_list>
<bind>
<StgValue><ssdm name=""/></StgValue>
</bind>
</comp>

<comp id="212" class="1001" name="const_212">
<pin_list>
<pin id="213" dir="1" index="0" bw="1" slack="0"/>
</pin_list>
<bind>
<StgValue><ssdm name=""/></StgValue>
</bind>
</comp>

<comp id="214" class="1001" name="const_214">
<pin_list>
<pin id="215" dir="1" index="0" bw="1" slack="0"/>
</pin_list>
<bind>
<StgValue><ssdm name=""/></StgValue>
</bind>
</comp>

<comp id="216" class="1001" name="const_216">
<pin_list>
<pin id="217" dir="1" index="0" bw="1" slack="0"/>
</pin_list>
<bind>
<StgValue><ssdm name=""/></StgValue>
</bind>
</comp>

<comp id="218" class="1001" name="const_218">
<pin_list>
<pin id="219" dir="1" index="0" bw="1" slack="0"/>
</pin_list>
<bind>
<StgValue><ssdm name=""/></StgValue>
</bind>
</comp>

<comp id="220" class="1001" name="const_220">
<pin_list>
<pin id="221" dir="1" index="0" bw="1" slack="0"/>
</pin_list>
<bind>
<StgValue><ssdm name=""/></StgValue>
</bind>
</comp>

<comp id="222" class="1001" name="const_222">
<pin_list>
<pin id="223" dir="1" index="0" bw="1" slack="0"/>
</pin_list>
<bind>
<StgValue><ssdm name=""/></StgValue>
</bind>
</comp>

<comp id="224" class="1001" name="const_224">
<pin_list>
<pin id="225" dir="1" index="0" bw="1" slack="0"/>
</pin_list>
<bind>
<StgValue><ssdm name=""/></StgValue>
</bind>
</comp>

<comp id="226" class="1001" name="const_226">
<pin_list>
<pin id="227" dir="1" index="0" bw="1" slack="0"/>
</pin_list>
<bind>
<StgValue><ssdm name=""/></StgValue>
</bind>
</comp>

<comp id="228" class="1001" name="const_228">
<pin_list>
<pin id="229" dir="1" index="0" bw="1" slack="0"/>
</pin_list>
<bind>
<StgValue><ssdm name=""/></StgValue>
</bind>
</comp>

<comp id="230" class="1001" name="const_230">
<pin_list>
<pin id="231" dir="1" index="0" bw="1" slack="0"/>
</pin_list>
<bind>
<StgValue><ssdm name=""/></StgValue>
</bind>
</comp>

<comp id="232" class="1001" name="const_232">
<pin_list>
<pin id="233" dir="1" index="0" bw="1" slack="0"/>
</pin_list>
<bind>
<StgValue><ssdm name=""/></StgValue>
</bind>
</comp>

<comp id="234" class="1001" name="const_234">
<pin_list>
<pin id="235" dir="1" index="0" bw="1" slack="0"/>
</pin_list>
<bind>
<StgValue><ssdm name=""/></StgValue>
</bind>
</comp>

<comp id="236" class="1001" name="const_236">
<pin_list>
<pin id="237" dir="1" index="0" bw="1" slack="0"/>
</pin_list>
<bind>
<StgValue><ssdm name=""/></StgValue>
</bind>
</comp>

<comp id="238" class="1001" name="const_238">
<pin_list>
<pin id="239" dir="1" index="0" bw="1" slack="0"/>
</pin_list>
<bind>
<StgValue><ssdm name=""/></StgValue>
</bind>
</comp>

<comp id="240" class="1001" name="const_240">
<pin_list>
<pin id="241" dir="1" index="0" bw="1" slack="0"/>
</pin_list>
<bind>
<StgValue><ssdm name=""/></StgValue>
</bind>
</comp>

<comp id="242" class="1001" name="const_242">
<pin_list>
<pin id="243" dir="1" index="0" bw="1" slack="0"/>
</pin_list>
<bind>
<StgValue><ssdm name=""/></StgValue>
</bind>
</comp>

<comp id="244" class="1001" name="const_244">
<pin_list>
<pin id="245" dir="1" index="0" bw="1" slack="0"/>
</pin_list>
<bind>
<StgValue><ssdm name=""/></StgValue>
</bind>
</comp>

<comp id="246" class="1001" name="const_246">
<pin_list>
<pin id="247" dir="1" index="0" bw="1" slack="0"/>
</pin_list>
<bind>
<StgValue><ssdm name=""/></StgValue>
</bind>
</comp>

<comp id="248" class="1001" name="const_248">
<pin_list>
<pin id="249" dir="1" index="0" bw="1" slack="0"/>
</pin_list>
<bind>
<StgValue><ssdm name=""/></StgValue>
</bind>
</comp>

<comp id="250" class="1001" name="const_250">
<pin_list>
<pin id="251" dir="1" index="0" bw="1" slack="0"/>
</pin_list>
<bind>
<StgValue><ssdm name=""/></StgValue>
</bind>
</comp>

<comp id="252" class="1001" name="const_252">
<pin_list>
<pin id="253" dir="1" index="0" bw="1" slack="0"/>
</pin_list>
<bind>
<StgValue><ssdm name=""/></StgValue>
</bind>
</comp>

<comp id="254" class="1001" name="const_254">
<pin_list>
<pin id="255" dir="1" index="0" bw="1" slack="0"/>
</pin_list>
<bind>
<StgValue><ssdm name=""/></StgValue>
</bind>
</comp>

<comp id="256" class="1001" name="const_256">
<pin_list>
<pin id="257" dir="1" index="0" bw="1" slack="0"/>
</pin_list>
<bind>
<StgValue><ssdm name=""/></StgValue>
</bind>
</comp>

<comp id="258" class="1001" name="const_258">
<pin_list>
<pin id="259" dir="1" index="0" bw="1" slack="0"/>
</pin_list>
<bind>
<StgValue><ssdm name=""/></StgValue>
</bind>
</comp>

<comp id="260" class="1001" name="const_260">
<pin_list>
<pin id="261" dir="1" index="0" bw="1" slack="0"/>
</pin_list>
<bind>
<StgValue><ssdm name=""/></StgValue>
</bind>
</comp>

<comp id="262" class="1001" name="const_262">
<pin_list>
<pin id="263" dir="1" index="0" bw="1" slack="0"/>
</pin_list>
<bind>
<StgValue><ssdm name=""/></StgValue>
</bind>
</comp>

<comp id="264" class="1001" name="const_264">
<pin_list>
<pin id="265" dir="1" index="0" bw="1" slack="0"/>
</pin_list>
<bind>
<StgValue><ssdm name=""/></StgValue>
</bind>
</comp>

<comp id="266" class="1001" name="const_266">
<pin_list>
<pin id="267" dir="1" index="0" bw="1" slack="0"/>
</pin_list>
<bind>
<StgValue><ssdm name=""/></StgValue>
</bind>
</comp>

<comp id="268" class="1001" name="const_268">
<pin_list>
<pin id="269" dir="1" index="0" bw="1" slack="0"/>
</pin_list>
<bind>
<StgValue><ssdm name=""/></StgValue>
</bind>
</comp>

<comp id="270" class="1001" name="const_270">
<pin_list>
<pin id="271" dir="1" index="0" bw="1" slack="0"/>
</pin_list>
<bind>
<StgValue><ssdm name=""/></StgValue>
</bind>
</comp>

<comp id="272" class="1001" name="const_272">
<pin_list>
<pin id="273" dir="1" index="0" bw="1" slack="0"/>
</pin_list>
<bind>
<StgValue><ssdm name=""/></StgValue>
</bind>
</comp>

<comp id="274" class="1001" name="const_274">
<pin_list>
<pin id="275" dir="1" index="0" bw="1" slack="0"/>
</pin_list>
<bind>
<StgValue><ssdm name=""/></StgValue>
</bind>
</comp>

<comp id="276" class="1001" name="const_276">
<pin_list>
<pin id="277" dir="1" index="0" bw="1" slack="0"/>
</pin_list>
<bind>
<StgValue><ssdm name=""/></StgValue>
</bind>
</comp>

<comp id="278" class="1001" name="const_278">
<pin_list>
<pin id="279" dir="1" index="0" bw="1" slack="0"/>
</pin_list>
<bind>
<StgValue><ssdm name=""/></StgValue>
</bind>
</comp>

<comp id="280" class="1001" name="const_280">
<pin_list>
<pin id="281" dir="1" index="0" bw="1" slack="0"/>
</pin_list>
<bind>
<StgValue><ssdm name=""/></StgValue>
</bind>
</comp>

<comp id="282" class="1001" name="const_282">
<pin_list>
<pin id="283" dir="1" index="0" bw="1" slack="0"/>
</pin_list>
<bind>
<StgValue><ssdm name=""/></StgValue>
</bind>
</comp>

<comp id="284" class="1001" name="const_284">
<pin_list>
<pin id="285" dir="1" index="0" bw="1" slack="0"/>
</pin_list>
<bind>
<StgValue><ssdm name=""/></StgValue>
</bind>
</comp>

<comp id="286" class="1001" name="const_286">
<pin_list>
<pin id="287" dir="1" index="0" bw="1" slack="0"/>
</pin_list>
<bind>
<StgValue><ssdm name=""/></StgValue>
</bind>
</comp>

<comp id="288" class="1001" name="const_288">
<pin_list>
<pin id="289" dir="1" index="0" bw="1" slack="0"/>
</pin_list>
<bind>
<StgValue><ssdm name=""/></StgValue>
</bind>
</comp>

<comp id="290" class="1001" name="const_290">
<pin_list>
<pin id="291" dir="1" index="0" bw="1" slack="0"/>
</pin_list>
<bind>
<StgValue><ssdm name=""/></StgValue>
</bind>
</comp>

<comp id="292" class="1001" name="const_292">
<pin_list>
<pin id="293" dir="1" index="0" bw="1" slack="0"/>
</pin_list>
<bind>
<StgValue><ssdm name=""/></StgValue>
</bind>
</comp>

<comp id="294" class="1001" name="const_294">
<pin_list>
<pin id="295" dir="1" index="0" bw="1" slack="0"/>
</pin_list>
<bind>
<StgValue><ssdm name=""/></StgValue>
</bind>
</comp>

<comp id="296" class="1001" name="const_296">
<pin_list>
<pin id="297" dir="1" index="0" bw="1" slack="0"/>
</pin_list>
<bind>
<StgValue><ssdm name=""/></StgValue>
</bind>
</comp>

<comp id="298" class="1001" name="const_298">
<pin_list>
<pin id="299" dir="1" index="0" bw="1" slack="0"/>
</pin_list>
<bind>
<StgValue><ssdm name=""/></StgValue>
</bind>
</comp>

<comp id="300" class="1001" name="const_300">
<pin_list>
<pin id="301" dir="1" index="0" bw="1" slack="0"/>
</pin_list>
<bind>
<StgValue><ssdm name=""/></StgValue>
</bind>
</comp>

<comp id="302" class="1001" name="const_302">
<pin_list>
<pin id="303" dir="1" index="0" bw="1" slack="0"/>
</pin_list>
<bind>
<StgValue><ssdm name=""/></StgValue>
</bind>
</comp>

<comp id="304" class="1001" name="const_304">
<pin_list>
<pin id="305" dir="1" index="0" bw="1" slack="0"/>
</pin_list>
<bind>
<StgValue><ssdm name=""/></StgValue>
</bind>
</comp>

<comp id="306" class="1001" name="const_306">
<pin_list>
<pin id="307" dir="1" index="0" bw="1" slack="0"/>
</pin_list>
<bind>
<StgValue><ssdm name=""/></StgValue>
</bind>
</comp>

<comp id="308" class="1001" name="const_308">
<pin_list>
<pin id="309" dir="1" index="0" bw="1" slack="0"/>
</pin_list>
<bind>
<StgValue><ssdm name=""/></StgValue>
</bind>
</comp>

<comp id="310" class="1001" name="const_310">
<pin_list>
<pin id="311" dir="1" index="0" bw="1" slack="0"/>
</pin_list>
<bind>
<StgValue><ssdm name=""/></StgValue>
</bind>
</comp>

<comp id="312" class="1001" name="const_312">
<pin_list>
<pin id="313" dir="1" index="0" bw="1" slack="0"/>
</pin_list>
<bind>
<StgValue><ssdm name=""/></StgValue>
</bind>
</comp>

<comp id="314" class="1001" name="const_314">
<pin_list>
<pin id="315" dir="1" index="0" bw="1" slack="0"/>
</pin_list>
<bind>
<StgValue><ssdm name=""/></StgValue>
</bind>
</comp>

<comp id="316" class="1001" name="const_316">
<pin_list>
<pin id="317" dir="1" index="0" bw="1" slack="0"/>
</pin_list>
<bind>
<StgValue><ssdm name=""/></StgValue>
</bind>
</comp>

<comp id="318" class="1001" name="const_318">
<pin_list>
<pin id="319" dir="1" index="0" bw="1" slack="0"/>
</pin_list>
<bind>
<StgValue><ssdm name=""/></StgValue>
</bind>
</comp>

<comp id="320" class="1001" name="const_320">
<pin_list>
<pin id="321" dir="1" index="0" bw="1" slack="0"/>
</pin_list>
<bind>
<StgValue><ssdm name=""/></StgValue>
</bind>
</comp>

<comp id="322" class="1001" name="const_322">
<pin_list>
<pin id="323" dir="1" index="0" bw="1" slack="0"/>
</pin_list>
<bind>
<StgValue><ssdm name=""/></StgValue>
</bind>
</comp>

<comp id="324" class="1001" name="const_324">
<pin_list>
<pin id="325" dir="1" index="0" bw="1" slack="0"/>
</pin_list>
<bind>
<StgValue><ssdm name=""/></StgValue>
</bind>
</comp>

<comp id="326" class="1001" name="const_326">
<pin_list>
<pin id="327" dir="1" index="0" bw="1" slack="0"/>
</pin_list>
<bind>
<StgValue><ssdm name=""/></StgValue>
</bind>
</comp>

<comp id="328" class="1001" name="const_328">
<pin_list>
<pin id="329" dir="1" index="0" bw="1" slack="0"/>
</pin_list>
<bind>
<StgValue><ssdm name=""/></StgValue>
</bind>
</comp>

<comp id="330" class="1001" name="const_330">
<pin_list>
<pin id="331" dir="1" index="0" bw="1" slack="0"/>
</pin_list>
<bind>
<StgValue><ssdm name=""/></StgValue>
</bind>
</comp>

<comp id="332" class="1001" name="const_332">
<pin_list>
<pin id="333" dir="1" index="0" bw="1" slack="0"/>
</pin_list>
<bind>
<StgValue><ssdm name="_ssdm_op_PartSelect.i11.i747.i32.i32"/></StgValue>
</bind>
</comp>

<comp id="334" class="1001" name="const_334">
<pin_list>
<pin id="335" dir="1" index="0" bw="1" slack="0"/>
</pin_list>
<bind>
<StgValue><ssdm name=""/></StgValue>
</bind>
</comp>

<comp id="336" class="1001" name="const_336">
<pin_list>
<pin id="337" dir="1" index="0" bw="1" slack="0"/>
</pin_list>
<bind>
<StgValue><ssdm name=""/></StgValue>
</bind>
</comp>

<comp id="338" class="1001" name="const_338">
<pin_list>
<pin id="339" dir="1" index="0" bw="1" slack="0"/>
</pin_list>
<bind>
<StgValue><ssdm name="_ssdm_op_PartSelect.i16.i26.i32.i32"/></StgValue>
</bind>
</comp>

<comp id="340" class="1001" name="const_340">
<pin_list>
<pin id="341" dir="1" index="0" bw="1" slack="0"/>
</pin_list>
<bind>
<StgValue><ssdm name=""/></StgValue>
</bind>
</comp>

<comp id="342" class="1001" name="const_342">
<pin_list>
<pin id="343" dir="1" index="0" bw="1" slack="0"/>
</pin_list>
<bind>
<StgValue><ssdm name=""/></StgValue>
</bind>
</comp>

<comp id="344" class="1001" name="const_344">
<pin_list>
<pin id="345" dir="1" index="0" bw="1" slack="4"/>
</pin_list>
<bind>
<StgValue><ssdm name=""/></StgValue>
</bind>
</comp>

<comp id="346" class="1001" name="const_346">
<pin_list>
<pin id="347" dir="1" index="0" bw="1" slack="2147483647"/>
</pin_list>
<bind>
<StgValue><ssdm name="_ssdm_op_SpecPipeline"/></StgValue>
</bind>
</comp>

<comp id="348" class="1001" name="const_348">
<pin_list>
<pin id="349" dir="1" index="0" bw="1" slack="2147483647"/>
</pin_list>
<bind>
<StgValue><ssdm name=""/></StgValue>
</bind>
</comp>

<comp id="350" class="1001" name="const_350">
<pin_list>
<pin id="351" dir="1" index="0" bw="1" slack="2147483647"/>
</pin_list>
<bind>
<StgValue><ssdm name=""/></StgValue>
</bind>
</comp>

<comp id="352" class="1001" name="const_352">
<pin_list>
<pin id="353" dir="1" index="0" bw="1" slack="2147483647"/>
</pin_list>
<bind>
<StgValue><ssdm name=""/></StgValue>
</bind>
</comp>

<comp id="354" class="1001" name="const_354">
<pin_list>
<pin id="355" dir="1" index="0" bw="1" slack="2147483647"/>
</pin_list>
<bind>
<StgValue><ssdm name="empty_9"/></StgValue>
</bind>
</comp>

<comp id="356" class="1001" name="const_356">
<pin_list>
<pin id="357" dir="1" index="0" bw="1" slack="2147483647"/>
</pin_list>
<bind>
<StgValue><ssdm name="_ssdm_op_SpecLoopTripCount"/></StgValue>
</bind>
</comp>

<comp id="358" class="1001" name="const_358">
<pin_list>
<pin id="359" dir="1" index="0" bw="1" slack="2147483647"/>
</pin_list>
<bind>
<StgValue><ssdm name=""/></StgValue>
</bind>
</comp>

<comp id="360" class="1001" name="const_360">
<pin_list>
<pin id="361" dir="1" index="0" bw="1" slack="2147483647"/>
</pin_list>
<bind>
<StgValue><ssdm name="_ssdm_op_SpecLoopName"/></StgValue>
</bind>
</comp>

<comp id="362" class="1001" name="const_362">
<pin_list>
<pin id="363" dir="1" index="0" bw="1" slack="2147483647"/>
</pin_list>
<bind>
<StgValue><ssdm name="empty"/></StgValue>
</bind>
</comp>

<comp id="364" class="1001" name="const_364">
<pin_list>
<pin id="365" dir="1" index="0" bw="1" slack="0"/>
</pin_list>
<bind>
<StgValue><ssdm name=""/></StgValue>
</bind>
</comp>

<comp id="366" class="1004" name="data_31_val_read_read_fu_366">
<pin_list>
<pin id="367" dir="0" index="0" bw="16" slack="0"/>
<pin id="368" dir="0" index="1" bw="16" slack="0"/>
<pin id="369" dir="1" index="2" bw="16" slack="0"/>
</pin_list>
<bind>
<opcode="read(1150) " fcode="read"/>
<opset="data_31_val_read/3 "/>
</bind>
</comp>

<comp id="372" class="1004" name="data_30_val_read_read_fu_372">
<pin_list>
<pin id="373" dir="0" index="0" bw="16" slack="0"/>
<pin id="374" dir="0" index="1" bw="16" slack="0"/>
<pin id="375" dir="1" index="2" bw="16" slack="0"/>
</pin_list>
<bind>
<opcode="read(1150) " fcode="read"/>
<opset="data_30_val_read/3 "/>
</bind>
</comp>

<comp id="378" class="1004" name="data_29_val_read_read_fu_378">
<pin_list>
<pin id="379" dir="0" index="0" bw="16" slack="0"/>
<pin id="380" dir="0" index="1" bw="16" slack="0"/>
<pin id="381" dir="1" index="2" bw="16" slack="0"/>
</pin_list>
<bind>
<opcode="read(1150) " fcode="read"/>
<opset="data_29_val_read/3 "/>
</bind>
</comp>

<comp id="384" class="1004" name="data_28_val_read_read_fu_384">
<pin_list>
<pin id="385" dir="0" index="0" bw="16" slack="0"/>
<pin id="386" dir="0" index="1" bw="16" slack="0"/>
<pin id="387" dir="1" index="2" bw="16" slack="0"/>
</pin_list>
<bind>
<opcode="read(1150) " fcode="read"/>
<opset="data_28_val_read/3 "/>
</bind>
</comp>

<comp id="390" class="1004" name="data_27_val_read_read_fu_390">
<pin_list>
<pin id="391" dir="0" index="0" bw="16" slack="0"/>
<pin id="392" dir="0" index="1" bw="16" slack="0"/>
<pin id="393" dir="1" index="2" bw="16" slack="0"/>
</pin_list>
<bind>
<opcode="read(1150) " fcode="read"/>
<opset="data_27_val_read/3 "/>
</bind>
</comp>

<comp id="396" class="1004" name="data_26_val_read_read_fu_396">
<pin_list>
<pin id="397" dir="0" index="0" bw="16" slack="0"/>
<pin id="398" dir="0" index="1" bw="16" slack="0"/>
<pin id="399" dir="1" index="2" bw="16" slack="0"/>
</pin_list>
<bind>
<opcode="read(1150) " fcode="read"/>
<opset="data_26_val_read/3 "/>
</bind>
</comp>

<comp id="402" class="1004" name="data_25_val_read_read_fu_402">
<pin_list>
<pin id="403" dir="0" index="0" bw="16" slack="0"/>
<pin id="404" dir="0" index="1" bw="16" slack="0"/>
<pin id="405" dir="1" index="2" bw="16" slack="0"/>
</pin_list>
<bind>
<opcode="read(1150) " fcode="read"/>
<opset="data_25_val_read/3 "/>
</bind>
</comp>

<comp id="408" class="1004" name="data_24_val_read_read_fu_408">
<pin_list>
<pin id="409" dir="0" index="0" bw="16" slack="0"/>
<pin id="410" dir="0" index="1" bw="16" slack="0"/>
<pin id="411" dir="1" index="2" bw="16" slack="0"/>
</pin_list>
<bind>
<opcode="read(1150) " fcode="read"/>
<opset="data_24_val_read/3 "/>
</bind>
</comp>

<comp id="414" class="1004" name="data_23_val_read_read_fu_414">
<pin_list>
<pin id="415" dir="0" index="0" bw="16" slack="0"/>
<pin id="416" dir="0" index="1" bw="16" slack="0"/>
<pin id="417" dir="1" index="2" bw="16" slack="0"/>
</pin_list>
<bind>
<opcode="read(1150) " fcode="read"/>
<opset="data_23_val_read/3 "/>
</bind>
</comp>

<comp id="420" class="1004" name="data_22_val_read_read_fu_420">
<pin_list>
<pin id="421" dir="0" index="0" bw="16" slack="0"/>
<pin id="422" dir="0" index="1" bw="16" slack="0"/>
<pin id="423" dir="1" index="2" bw="16" slack="0"/>
</pin_list>
<bind>
<opcode="read(1150) " fcode="read"/>
<opset="data_22_val_read/3 "/>
</bind>
</comp>

<comp id="426" class="1004" name="data_21_val_read_read_fu_426">
<pin_list>
<pin id="427" dir="0" index="0" bw="16" slack="0"/>
<pin id="428" dir="0" index="1" bw="16" slack="0"/>
<pin id="429" dir="1" index="2" bw="16" slack="0"/>
</pin_list>
<bind>
<opcode="read(1150) " fcode="read"/>
<opset="data_21_val_read/3 "/>
</bind>
</comp>

<comp id="432" class="1004" name="data_20_val_read_read_fu_432">
<pin_list>
<pin id="433" dir="0" index="0" bw="16" slack="0"/>
<pin id="434" dir="0" index="1" bw="16" slack="0"/>
<pin id="435" dir="1" index="2" bw="16" slack="0"/>
</pin_list>
<bind>
<opcode="read(1150) " fcode="read"/>
<opset="data_20_val_read/3 "/>
</bind>
</comp>

<comp id="438" class="1004" name="data_19_val_read_read_fu_438">
<pin_list>
<pin id="439" dir="0" index="0" bw="16" slack="0"/>
<pin id="440" dir="0" index="1" bw="16" slack="0"/>
<pin id="441" dir="1" index="2" bw="16" slack="0"/>
</pin_list>
<bind>
<opcode="read(1150) " fcode="read"/>
<opset="data_19_val_read/3 "/>
</bind>
</comp>

<comp id="444" class="1004" name="data_18_val_read_read_fu_444">
<pin_list>
<pin id="445" dir="0" index="0" bw="16" slack="0"/>
<pin id="446" dir="0" index="1" bw="16" slack="0"/>
<pin id="447" dir="1" index="2" bw="16" slack="0"/>
</pin_list>
<bind>
<opcode="read(1150) " fcode="read"/>
<opset="data_18_val_read/3 "/>
</bind>
</comp>

<comp id="450" class="1004" name="data_17_val_read_read_fu_450">
<pin_list>
<pin id="451" dir="0" index="0" bw="16" slack="0"/>
<pin id="452" dir="0" index="1" bw="16" slack="0"/>
<pin id="453" dir="1" index="2" bw="16" slack="0"/>
</pin_list>
<bind>
<opcode="read(1150) " fcode="read"/>
<opset="data_17_val_read/3 "/>
</bind>
</comp>

<comp id="456" class="1004" name="data_16_val_read_read_fu_456">
<pin_list>
<pin id="457" dir="0" index="0" bw="16" slack="0"/>
<pin id="458" dir="0" index="1" bw="16" slack="0"/>
<pin id="459" dir="1" index="2" bw="16" slack="0"/>
</pin_list>
<bind>
<opcode="read(1150) " fcode="read"/>
<opset="data_16_val_read/3 "/>
</bind>
</comp>

<comp id="462" class="1004" name="data_15_val_read_read_fu_462">
<pin_list>
<pin id="463" dir="0" index="0" bw="16" slack="0"/>
<pin id="464" dir="0" index="1" bw="16" slack="0"/>
<pin id="465" dir="1" index="2" bw="16" slack="0"/>
</pin_list>
<bind>
<opcode="read(1150) " fcode="read"/>
<opset="data_15_val_read/3 "/>
</bind>
</comp>

<comp id="468" class="1004" name="data_14_val_read_read_fu_468">
<pin_list>
<pin id="469" dir="0" index="0" bw="16" slack="0"/>
<pin id="470" dir="0" index="1" bw="16" slack="0"/>
<pin id="471" dir="1" index="2" bw="16" slack="0"/>
</pin_list>
<bind>
<opcode="read(1150) " fcode="read"/>
<opset="data_14_val_read/3 "/>
</bind>
</comp>

<comp id="474" class="1004" name="data_13_val_read_read_fu_474">
<pin_list>
<pin id="475" dir="0" index="0" bw="16" slack="0"/>
<pin id="476" dir="0" index="1" bw="16" slack="0"/>
<pin id="477" dir="1" index="2" bw="16" slack="0"/>
</pin_list>
<bind>
<opcode="read(1150) " fcode="read"/>
<opset="data_13_val_read/3 "/>
</bind>
</comp>

<comp id="480" class="1004" name="data_12_val_read_read_fu_480">
<pin_list>
<pin id="481" dir="0" index="0" bw="16" slack="0"/>
<pin id="482" dir="0" index="1" bw="16" slack="0"/>
<pin id="483" dir="1" index="2" bw="16" slack="0"/>
</pin_list>
<bind>
<opcode="read(1150) " fcode="read"/>
<opset="data_12_val_read/3 "/>
</bind>
</comp>

<comp id="486" class="1004" name="data_11_val_read_read_fu_486">
<pin_list>
<pin id="487" dir="0" index="0" bw="16" slack="0"/>
<pin id="488" dir="0" index="1" bw="16" slack="0"/>
<pin id="489" dir="1" index="2" bw="16" slack="0"/>
</pin_list>
<bind>
<opcode="read(1150) " fcode="read"/>
<opset="data_11_val_read/3 "/>
</bind>
</comp>

<comp id="492" class="1004" name="data_10_val_read_read_fu_492">
<pin_list>
<pin id="493" dir="0" index="0" bw="16" slack="0"/>
<pin id="494" dir="0" index="1" bw="16" slack="0"/>
<pin id="495" dir="1" index="2" bw="16" slack="0"/>
</pin_list>
<bind>
<opcode="read(1150) " fcode="read"/>
<opset="data_10_val_read/3 "/>
</bind>
</comp>

<comp id="498" class="1004" name="data_9_val_read_read_fu_498">
<pin_list>
<pin id="499" dir="0" index="0" bw="16" slack="0"/>
<pin id="500" dir="0" index="1" bw="16" slack="0"/>
<pin id="501" dir="1" index="2" bw="16" slack="0"/>
</pin_list>
<bind>
<opcode="read(1150) " fcode="read"/>
<opset="data_9_val_read/3 "/>
</bind>
</comp>

<comp id="504" class="1004" name="data_8_val_read_read_fu_504">
<pin_list>
<pin id="505" dir="0" index="0" bw="16" slack="0"/>
<pin id="506" dir="0" index="1" bw="16" slack="0"/>
<pin id="507" dir="1" index="2" bw="16" slack="0"/>
</pin_list>
<bind>
<opcode="read(1150) " fcode="read"/>
<opset="data_8_val_read/3 "/>
</bind>
</comp>

<comp id="510" class="1004" name="data_7_val_read_read_fu_510">
<pin_list>
<pin id="511" dir="0" index="0" bw="16" slack="0"/>
<pin id="512" dir="0" index="1" bw="16" slack="0"/>
<pin id="513" dir="1" index="2" bw="16" slack="0"/>
</pin_list>
<bind>
<opcode="read(1150) " fcode="read"/>
<opset="data_7_val_read/3 "/>
</bind>
</comp>

<comp id="516" class="1004" name="data_6_val_read_read_fu_516">
<pin_list>
<pin id="517" dir="0" index="0" bw="16" slack="0"/>
<pin id="518" dir="0" index="1" bw="16" slack="0"/>
<pin id="519" dir="1" index="2" bw="16" slack="0"/>
</pin_list>
<bind>
<opcode="read(1150) " fcode="read"/>
<opset="data_6_val_read/3 "/>
</bind>
</comp>

<comp id="522" class="1004" name="data_5_val_read_read_fu_522">
<pin_list>
<pin id="523" dir="0" index="0" bw="16" slack="0"/>
<pin id="524" dir="0" index="1" bw="16" slack="0"/>
<pin id="525" dir="1" index="2" bw="16" slack="0"/>
</pin_list>
<bind>
<opcode="read(1150) " fcode="read"/>
<opset="data_5_val_read/3 "/>
</bind>
</comp>

<comp id="528" class="1004" name="data_4_val_read_read_fu_528">
<pin_list>
<pin id="529" dir="0" index="0" bw="16" slack="0"/>
<pin id="530" dir="0" index="1" bw="16" slack="0"/>
<pin id="531" dir="1" index="2" bw="16" slack="0"/>
</pin_list>
<bind>
<opcode="read(1150) " fcode="read"/>
<opset="data_4_val_read/3 "/>
</bind>
</comp>

<comp id="534" class="1004" name="data_3_val_read_read_fu_534">
<pin_list>
<pin id="535" dir="0" index="0" bw="16" slack="0"/>
<pin id="536" dir="0" index="1" bw="16" slack="0"/>
<pin id="537" dir="1" index="2" bw="16" slack="0"/>
</pin_list>
<bind>
<opcode="read(1150) " fcode="read"/>
<opset="data_3_val_read/3 "/>
</bind>
</comp>

<comp id="540" class="1004" name="data_2_val_read_read_fu_540">
<pin_list>
<pin id="541" dir="0" index="0" bw="16" slack="0"/>
<pin id="542" dir="0" index="1" bw="16" slack="0"/>
<pin id="543" dir="1" index="2" bw="16" slack="0"/>
</pin_list>
<bind>
<opcode="read(1150) " fcode="read"/>
<opset="data_2_val_read/3 "/>
</bind>
</comp>

<comp id="546" class="1004" name="data_1_val_read_read_fu_546">
<pin_list>
<pin id="547" dir="0" index="0" bw="16" slack="0"/>
<pin id="548" dir="0" index="1" bw="16" slack="0"/>
<pin id="549" dir="1" index="2" bw="16" slack="0"/>
</pin_list>
<bind>
<opcode="read(1150) " fcode="read"/>
<opset="data_1_val_read/3 "/>
</bind>
</comp>

<comp id="552" class="1004" name="data_0_val_read_read_fu_552">
<pin_list>
<pin id="553" dir="0" index="0" bw="16" slack="0"/>
<pin id="554" dir="0" index="1" bw="16" slack="0"/>
<pin id="555" dir="1" index="2" bw="16" slack="0"/>
</pin_list>
<bind>
<opcode="read(1150) " fcode="read"/>
<opset="data_0_val_read/3 "/>
</bind>
</comp>

<comp id="558" class="1004" name="w26_addr_gep_fu_558">
<pin_list>
<pin id="559" dir="0" index="0" bw="747" slack="0"/>
<pin id="560" dir="0" index="1" bw="1" slack="0"/>
<pin id="561" dir="0" index="2" bw="5" slack="0"/>
<pin id="562" dir="1" index="3" bw="5" slack="0"/>
</pin_list>
<bind>
<opcode="getelementptr(29) " fcode="getelementptr"/>
<opset="w26_addr/2 "/>
</bind>
</comp>

<comp id="565" class="1004" name="grp_access_fu_565">
<pin_list>
<pin id="566" dir="0" index="0" bw="5" slack="0"/>
<pin id="567" dir="0" index="1" bw="747" slack="2147483647"/>
<pin id="568" dir="0" index="2" bw="0" slack="2147483647"/>
<pin id="569" dir="1" index="3" bw="747" slack="0"/>
</pin_list>
<bind>
<opcode="load(27) " fcode="load"/>
<opset="w26_load/2 "/>
</bind>
</comp>

<comp id="571" class="1005" name="do_init_reg_571">
<pin_list>
<pin id="572" dir="0" index="0" bw="1" slack="1"/>
<pin id="573" dir="1" index="1" bw="1" slack="1"/>
</pin_list>
<bind>
<opset="do_init (phireg) "/>
</bind>
</comp>

<comp id="575" class="1004" name="do_init_phi_fu_575">
<pin_list>
<pin id="576" dir="0" index="0" bw="1" slack="1"/>
<pin id="577" dir="0" index="1" bw="0" slack="2147483647"/>
<pin id="578" dir="0" index="2" bw="1" slack="0"/>
<pin id="579" dir="0" index="3" bw="0" slack="2147483647"/>
<pin id="580" dir="0" index="4" bw="1" slack="0"/>
<pin id="581" dir="0" index="5" bw="0" slack="2147483647"/>
<pin id="582" dir="1" index="6" bw="1" slack="1"/>
</pin_list>
<bind>
<opcode="phi(47) " fcode="phi"/>
<opset="do_init/2 "/>
</bind>
</comp>

<comp id="587" class="1005" name="ir_reg_587">
<pin_list>
<pin id="588" dir="0" index="0" bw="5" slack="1"/>
<pin id="589" dir="1" index="1" bw="5" slack="1"/>
</pin_list>
<bind>
<opset="ir (phireg) "/>
</bind>
</comp>

<comp id="591" class="1004" name="ir_phi_fu_591">
<pin_list>
<pin id="592" dir="0" index="0" bw="1" slack="1"/>
<pin id="593" dir="0" index="1" bw="0" slack="2147483647"/>
<pin id="594" dir="0" index="2" bw="5" slack="0"/>
<pin id="595" dir="0" index="3" bw="0" slack="2147483647"/>
<pin id="596" dir="0" index="4" bw="1" slack="0"/>
<pin id="597" dir="0" index="5" bw="0" slack="2147483647"/>
<pin id="598" dir="1" index="6" bw="5" slack="0"/>
</pin_list>
<bind>
<opcode="phi(47) " fcode="phi"/>
<opset="ir/2 "/>
</bind>
</comp>

<comp id="602" class="1005" name="data_0_val99_rewind_reg_602">
<pin_list>
<pin id="603" dir="0" index="0" bw="16" slack="1"/>
<pin id="604" dir="1" index="1" bw="16" slack="1"/>
</pin_list>
<bind>
<opset="data_0_val99_rewind (phireg) "/>
</bind>
</comp>

<comp id="606" class="1004" name="data_0_val99_rewind_phi_fu_606">
<pin_list>
<pin id="607" dir="0" index="0" bw="1" slack="2"/>
<pin id="608" dir="0" index="1" bw="0" slack="2147483647"/>
<pin id="609" dir="0" index="2" bw="16" slack="0"/>
<pin id="610" dir="0" index="3" bw="0" slack="2147483647"/>
<pin id="611" dir="0" index="4" bw="1" slack="1"/>
<pin id="612" dir="0" index="5" bw="0" slack="2147483647"/>
<pin id="613" dir="1" index="6" bw="16" slack="0"/>
</pin_list>
<bind>
<opcode="phi(47) " fcode="phi"/>
<opset="data_0_val99_rewind/3 "/>
</bind>
</comp>

<comp id="616" class="1005" name="data_1_val100_rewind_reg_616">
<pin_list>
<pin id="617" dir="0" index="0" bw="16" slack="1"/>
<pin id="618" dir="1" index="1" bw="16" slack="1"/>
</pin_list>
<bind>
<opset="data_1_val100_rewind (phireg) "/>
</bind>
</comp>

<comp id="620" class="1004" name="data_1_val100_rewind_phi_fu_620">
<pin_list>
<pin id="621" dir="0" index="0" bw="1" slack="2"/>
<pin id="622" dir="0" index="1" bw="0" slack="2147483647"/>
<pin id="623" dir="0" index="2" bw="16" slack="0"/>
<pin id="624" dir="0" index="3" bw="0" slack="2147483647"/>
<pin id="625" dir="0" index="4" bw="1" slack="1"/>
<pin id="626" dir="0" index="5" bw="0" slack="2147483647"/>
<pin id="627" dir="1" index="6" bw="16" slack="0"/>
</pin_list>
<bind>
<opcode="phi(47) " fcode="phi"/>
<opset="data_1_val100_rewind/3 "/>
</bind>
</comp>

<comp id="630" class="1005" name="data_2_val101_rewind_reg_630">
<pin_list>
<pin id="631" dir="0" index="0" bw="16" slack="1"/>
<pin id="632" dir="1" index="1" bw="16" slack="1"/>
</pin_list>
<bind>
<opset="data_2_val101_rewind (phireg) "/>
</bind>
</comp>

<comp id="634" class="1004" name="data_2_val101_rewind_phi_fu_634">
<pin_list>
<pin id="635" dir="0" index="0" bw="1" slack="2"/>
<pin id="636" dir="0" index="1" bw="0" slack="2147483647"/>
<pin id="637" dir="0" index="2" bw="16" slack="0"/>
<pin id="638" dir="0" index="3" bw="0" slack="2147483647"/>
<pin id="639" dir="0" index="4" bw="1" slack="1"/>
<pin id="640" dir="0" index="5" bw="0" slack="2147483647"/>
<pin id="641" dir="1" index="6" bw="16" slack="0"/>
</pin_list>
<bind>
<opcode="phi(47) " fcode="phi"/>
<opset="data_2_val101_rewind/3 "/>
</bind>
</comp>

<comp id="644" class="1005" name="data_3_val102_rewind_reg_644">
<pin_list>
<pin id="645" dir="0" index="0" bw="16" slack="1"/>
<pin id="646" dir="1" index="1" bw="16" slack="1"/>
</pin_list>
<bind>
<opset="data_3_val102_rewind (phireg) "/>
</bind>
</comp>

<comp id="648" class="1004" name="data_3_val102_rewind_phi_fu_648">
<pin_list>
<pin id="649" dir="0" index="0" bw="1" slack="2"/>
<pin id="650" dir="0" index="1" bw="0" slack="2147483647"/>
<pin id="651" dir="0" index="2" bw="16" slack="0"/>
<pin id="652" dir="0" index="3" bw="0" slack="2147483647"/>
<pin id="653" dir="0" index="4" bw="1" slack="1"/>
<pin id="654" dir="0" index="5" bw="0" slack="2147483647"/>
<pin id="655" dir="1" index="6" bw="16" slack="0"/>
</pin_list>
<bind>
<opcode="phi(47) " fcode="phi"/>
<opset="data_3_val102_rewind/3 "/>
</bind>
</comp>

<comp id="658" class="1005" name="data_4_val103_rewind_reg_658">
<pin_list>
<pin id="659" dir="0" index="0" bw="16" slack="1"/>
<pin id="660" dir="1" index="1" bw="16" slack="1"/>
</pin_list>
<bind>
<opset="data_4_val103_rewind (phireg) "/>
</bind>
</comp>

<comp id="662" class="1004" name="data_4_val103_rewind_phi_fu_662">
<pin_list>
<pin id="663" dir="0" index="0" bw="1" slack="2"/>
<pin id="664" dir="0" index="1" bw="0" slack="2147483647"/>
<pin id="665" dir="0" index="2" bw="16" slack="0"/>
<pin id="666" dir="0" index="3" bw="0" slack="2147483647"/>
<pin id="667" dir="0" index="4" bw="1" slack="1"/>
<pin id="668" dir="0" index="5" bw="0" slack="2147483647"/>
<pin id="669" dir="1" index="6" bw="16" slack="0"/>
</pin_list>
<bind>
<opcode="phi(47) " fcode="phi"/>
<opset="data_4_val103_rewind/3 "/>
</bind>
</comp>

<comp id="672" class="1005" name="data_5_val104_rewind_reg_672">
<pin_list>
<pin id="673" dir="0" index="0" bw="16" slack="1"/>
<pin id="674" dir="1" index="1" bw="16" slack="1"/>
</pin_list>
<bind>
<opset="data_5_val104_rewind (phireg) "/>
</bind>
</comp>

<comp id="676" class="1004" name="data_5_val104_rewind_phi_fu_676">
<pin_list>
<pin id="677" dir="0" index="0" bw="1" slack="2"/>
<pin id="678" dir="0" index="1" bw="0" slack="2147483647"/>
<pin id="679" dir="0" index="2" bw="16" slack="0"/>
<pin id="680" dir="0" index="3" bw="0" slack="2147483647"/>
<pin id="681" dir="0" index="4" bw="1" slack="1"/>
<pin id="682" dir="0" index="5" bw="0" slack="2147483647"/>
<pin id="683" dir="1" index="6" bw="16" slack="0"/>
</pin_list>
<bind>
<opcode="phi(47) " fcode="phi"/>
<opset="data_5_val104_rewind/3 "/>
</bind>
</comp>

<comp id="686" class="1005" name="data_6_val105_rewind_reg_686">
<pin_list>
<pin id="687" dir="0" index="0" bw="16" slack="1"/>
<pin id="688" dir="1" index="1" bw="16" slack="1"/>
</pin_list>
<bind>
<opset="data_6_val105_rewind (phireg) "/>
</bind>
</comp>

<comp id="690" class="1004" name="data_6_val105_rewind_phi_fu_690">
<pin_list>
<pin id="691" dir="0" index="0" bw="1" slack="2"/>
<pin id="692" dir="0" index="1" bw="0" slack="2147483647"/>
<pin id="693" dir="0" index="2" bw="16" slack="0"/>
<pin id="694" dir="0" index="3" bw="0" slack="2147483647"/>
<pin id="695" dir="0" index="4" bw="1" slack="1"/>
<pin id="696" dir="0" index="5" bw="0" slack="2147483647"/>
<pin id="697" dir="1" index="6" bw="16" slack="0"/>
</pin_list>
<bind>
<opcode="phi(47) " fcode="phi"/>
<opset="data_6_val105_rewind/3 "/>
</bind>
</comp>

<comp id="700" class="1005" name="data_7_val106_rewind_reg_700">
<pin_list>
<pin id="701" dir="0" index="0" bw="16" slack="1"/>
<pin id="702" dir="1" index="1" bw="16" slack="1"/>
</pin_list>
<bind>
<opset="data_7_val106_rewind (phireg) "/>
</bind>
</comp>

<comp id="704" class="1004" name="data_7_val106_rewind_phi_fu_704">
<pin_list>
<pin id="705" dir="0" index="0" bw="1" slack="2"/>
<pin id="706" dir="0" index="1" bw="0" slack="2147483647"/>
<pin id="707" dir="0" index="2" bw="16" slack="0"/>
<pin id="708" dir="0" index="3" bw="0" slack="2147483647"/>
<pin id="709" dir="0" index="4" bw="1" slack="1"/>
<pin id="710" dir="0" index="5" bw="0" slack="2147483647"/>
<pin id="711" dir="1" index="6" bw="16" slack="0"/>
</pin_list>
<bind>
<opcode="phi(47) " fcode="phi"/>
<opset="data_7_val106_rewind/3 "/>
</bind>
</comp>

<comp id="714" class="1005" name="data_8_val107_rewind_reg_714">
<pin_list>
<pin id="715" dir="0" index="0" bw="16" slack="1"/>
<pin id="716" dir="1" index="1" bw="16" slack="1"/>
</pin_list>
<bind>
<opset="data_8_val107_rewind (phireg) "/>
</bind>
</comp>

<comp id="718" class="1004" name="data_8_val107_rewind_phi_fu_718">
<pin_list>
<pin id="719" dir="0" index="0" bw="1" slack="2"/>
<pin id="720" dir="0" index="1" bw="0" slack="2147483647"/>
<pin id="721" dir="0" index="2" bw="16" slack="0"/>
<pin id="722" dir="0" index="3" bw="0" slack="2147483647"/>
<pin id="723" dir="0" index="4" bw="1" slack="1"/>
<pin id="724" dir="0" index="5" bw="0" slack="2147483647"/>
<pin id="725" dir="1" index="6" bw="16" slack="0"/>
</pin_list>
<bind>
<opcode="phi(47) " fcode="phi"/>
<opset="data_8_val107_rewind/3 "/>
</bind>
</comp>

<comp id="728" class="1005" name="data_9_val108_rewind_reg_728">
<pin_list>
<pin id="729" dir="0" index="0" bw="16" slack="1"/>
<pin id="730" dir="1" index="1" bw="16" slack="1"/>
</pin_list>
<bind>
<opset="data_9_val108_rewind (phireg) "/>
</bind>
</comp>

<comp id="732" class="1004" name="data_9_val108_rewind_phi_fu_732">
<pin_list>
<pin id="733" dir="0" index="0" bw="1" slack="2"/>
<pin id="734" dir="0" index="1" bw="0" slack="2147483647"/>
<pin id="735" dir="0" index="2" bw="16" slack="0"/>
<pin id="736" dir="0" index="3" bw="0" slack="2147483647"/>
<pin id="737" dir="0" index="4" bw="1" slack="1"/>
<pin id="738" dir="0" index="5" bw="0" slack="2147483647"/>
<pin id="739" dir="1" index="6" bw="16" slack="0"/>
</pin_list>
<bind>
<opcode="phi(47) " fcode="phi"/>
<opset="data_9_val108_rewind/3 "/>
</bind>
</comp>

<comp id="742" class="1005" name="data_10_val109_rewind_reg_742">
<pin_list>
<pin id="743" dir="0" index="0" bw="16" slack="1"/>
<pin id="744" dir="1" index="1" bw="16" slack="1"/>
</pin_list>
<bind>
<opset="data_10_val109_rewind (phireg) "/>
</bind>
</comp>

<comp id="746" class="1004" name="data_10_val109_rewind_phi_fu_746">
<pin_list>
<pin id="747" dir="0" index="0" bw="1" slack="2"/>
<pin id="748" dir="0" index="1" bw="0" slack="2147483647"/>
<pin id="749" dir="0" index="2" bw="16" slack="0"/>
<pin id="750" dir="0" index="3" bw="0" slack="2147483647"/>
<pin id="751" dir="0" index="4" bw="1" slack="1"/>
<pin id="752" dir="0" index="5" bw="0" slack="2147483647"/>
<pin id="753" dir="1" index="6" bw="16" slack="0"/>
</pin_list>
<bind>
<opcode="phi(47) " fcode="phi"/>
<opset="data_10_val109_rewind/3 "/>
</bind>
</comp>

<comp id="756" class="1005" name="data_11_val110_rewind_reg_756">
<pin_list>
<pin id="757" dir="0" index="0" bw="16" slack="1"/>
<pin id="758" dir="1" index="1" bw="16" slack="1"/>
</pin_list>
<bind>
<opset="data_11_val110_rewind (phireg) "/>
</bind>
</comp>

<comp id="760" class="1004" name="data_11_val110_rewind_phi_fu_760">
<pin_list>
<pin id="761" dir="0" index="0" bw="1" slack="2"/>
<pin id="762" dir="0" index="1" bw="0" slack="2147483647"/>
<pin id="763" dir="0" index="2" bw="16" slack="0"/>
<pin id="764" dir="0" index="3" bw="0" slack="2147483647"/>
<pin id="765" dir="0" index="4" bw="1" slack="1"/>
<pin id="766" dir="0" index="5" bw="0" slack="2147483647"/>
<pin id="767" dir="1" index="6" bw="16" slack="0"/>
</pin_list>
<bind>
<opcode="phi(47) " fcode="phi"/>
<opset="data_11_val110_rewind/3 "/>
</bind>
</comp>

<comp id="770" class="1005" name="data_12_val111_rewind_reg_770">
<pin_list>
<pin id="771" dir="0" index="0" bw="16" slack="1"/>
<pin id="772" dir="1" index="1" bw="16" slack="1"/>
</pin_list>
<bind>
<opset="data_12_val111_rewind (phireg) "/>
</bind>
</comp>

<comp id="774" class="1004" name="data_12_val111_rewind_phi_fu_774">
<pin_list>
<pin id="775" dir="0" index="0" bw="1" slack="2"/>
<pin id="776" dir="0" index="1" bw="0" slack="2147483647"/>
<pin id="777" dir="0" index="2" bw="16" slack="0"/>
<pin id="778" dir="0" index="3" bw="0" slack="2147483647"/>
<pin id="779" dir="0" index="4" bw="1" slack="1"/>
<pin id="780" dir="0" index="5" bw="0" slack="2147483647"/>
<pin id="781" dir="1" index="6" bw="16" slack="0"/>
</pin_list>
<bind>
<opcode="phi(47) " fcode="phi"/>
<opset="data_12_val111_rewind/3 "/>
</bind>
</comp>

<comp id="784" class="1005" name="data_13_val112_rewind_reg_784">
<pin_list>
<pin id="785" dir="0" index="0" bw="16" slack="1"/>
<pin id="786" dir="1" index="1" bw="16" slack="1"/>
</pin_list>
<bind>
<opset="data_13_val112_rewind (phireg) "/>
</bind>
</comp>

<comp id="788" class="1004" name="data_13_val112_rewind_phi_fu_788">
<pin_list>
<pin id="789" dir="0" index="0" bw="1" slack="2"/>
<pin id="790" dir="0" index="1" bw="0" slack="2147483647"/>
<pin id="791" dir="0" index="2" bw="16" slack="0"/>
<pin id="792" dir="0" index="3" bw="0" slack="2147483647"/>
<pin id="793" dir="0" index="4" bw="1" slack="1"/>
<pin id="794" dir="0" index="5" bw="0" slack="2147483647"/>
<pin id="795" dir="1" index="6" bw="16" slack="0"/>
</pin_list>
<bind>
<opcode="phi(47) " fcode="phi"/>
<opset="data_13_val112_rewind/3 "/>
</bind>
</comp>

<comp id="798" class="1005" name="data_14_val113_rewind_reg_798">
<pin_list>
<pin id="799" dir="0" index="0" bw="16" slack="1"/>
<pin id="800" dir="1" index="1" bw="16" slack="1"/>
</pin_list>
<bind>
<opset="data_14_val113_rewind (phireg) "/>
</bind>
</comp>

<comp id="802" class="1004" name="data_14_val113_rewind_phi_fu_802">
<pin_list>
<pin id="803" dir="0" index="0" bw="1" slack="2"/>
<pin id="804" dir="0" index="1" bw="0" slack="2147483647"/>
<pin id="805" dir="0" index="2" bw="16" slack="0"/>
<pin id="806" dir="0" index="3" bw="0" slack="2147483647"/>
<pin id="807" dir="0" index="4" bw="1" slack="1"/>
<pin id="808" dir="0" index="5" bw="0" slack="2147483647"/>
<pin id="809" dir="1" index="6" bw="16" slack="0"/>
</pin_list>
<bind>
<opcode="phi(47) " fcode="phi"/>
<opset="data_14_val113_rewind/3 "/>
</bind>
</comp>

<comp id="812" class="1005" name="data_15_val114_rewind_reg_812">
<pin_list>
<pin id="813" dir="0" index="0" bw="16" slack="1"/>
<pin id="814" dir="1" index="1" bw="16" slack="1"/>
</pin_list>
<bind>
<opset="data_15_val114_rewind (phireg) "/>
</bind>
</comp>

<comp id="816" class="1004" name="data_15_val114_rewind_phi_fu_816">
<pin_list>
<pin id="817" dir="0" index="0" bw="1" slack="2"/>
<pin id="818" dir="0" index="1" bw="0" slack="2147483647"/>
<pin id="819" dir="0" index="2" bw="16" slack="0"/>
<pin id="820" dir="0" index="3" bw="0" slack="2147483647"/>
<pin id="821" dir="0" index="4" bw="1" slack="1"/>
<pin id="822" dir="0" index="5" bw="0" slack="2147483647"/>
<pin id="823" dir="1" index="6" bw="16" slack="0"/>
</pin_list>
<bind>
<opcode="phi(47) " fcode="phi"/>
<opset="data_15_val114_rewind/3 "/>
</bind>
</comp>

<comp id="826" class="1005" name="data_16_val115_rewind_reg_826">
<pin_list>
<pin id="827" dir="0" index="0" bw="16" slack="1"/>
<pin id="828" dir="1" index="1" bw="16" slack="1"/>
</pin_list>
<bind>
<opset="data_16_val115_rewind (phireg) "/>
</bind>
</comp>

<comp id="830" class="1004" name="data_16_val115_rewind_phi_fu_830">
<pin_list>
<pin id="831" dir="0" index="0" bw="1" slack="2"/>
<pin id="832" dir="0" index="1" bw="0" slack="2147483647"/>
<pin id="833" dir="0" index="2" bw="16" slack="0"/>
<pin id="834" dir="0" index="3" bw="0" slack="2147483647"/>
<pin id="835" dir="0" index="4" bw="1" slack="1"/>
<pin id="836" dir="0" index="5" bw="0" slack="2147483647"/>
<pin id="837" dir="1" index="6" bw="16" slack="0"/>
</pin_list>
<bind>
<opcode="phi(47) " fcode="phi"/>
<opset="data_16_val115_rewind/3 "/>
</bind>
</comp>

<comp id="840" class="1005" name="data_17_val116_rewind_reg_840">
<pin_list>
<pin id="841" dir="0" index="0" bw="16" slack="1"/>
<pin id="842" dir="1" index="1" bw="16" slack="1"/>
</pin_list>
<bind>
<opset="data_17_val116_rewind (phireg) "/>
</bind>
</comp>

<comp id="844" class="1004" name="data_17_val116_rewind_phi_fu_844">
<pin_list>
<pin id="845" dir="0" index="0" bw="1" slack="2"/>
<pin id="846" dir="0" index="1" bw="0" slack="2147483647"/>
<pin id="847" dir="0" index="2" bw="16" slack="0"/>
<pin id="848" dir="0" index="3" bw="0" slack="2147483647"/>
<pin id="849" dir="0" index="4" bw="1" slack="1"/>
<pin id="850" dir="0" index="5" bw="0" slack="2147483647"/>
<pin id="851" dir="1" index="6" bw="16" slack="0"/>
</pin_list>
<bind>
<opcode="phi(47) " fcode="phi"/>
<opset="data_17_val116_rewind/3 "/>
</bind>
</comp>

<comp id="854" class="1005" name="data_18_val117_rewind_reg_854">
<pin_list>
<pin id="855" dir="0" index="0" bw="16" slack="1"/>
<pin id="856" dir="1" index="1" bw="16" slack="1"/>
</pin_list>
<bind>
<opset="data_18_val117_rewind (phireg) "/>
</bind>
</comp>

<comp id="858" class="1004" name="data_18_val117_rewind_phi_fu_858">
<pin_list>
<pin id="859" dir="0" index="0" bw="1" slack="2"/>
<pin id="860" dir="0" index="1" bw="0" slack="2147483647"/>
<pin id="861" dir="0" index="2" bw="16" slack="0"/>
<pin id="862" dir="0" index="3" bw="0" slack="2147483647"/>
<pin id="863" dir="0" index="4" bw="1" slack="1"/>
<pin id="864" dir="0" index="5" bw="0" slack="2147483647"/>
<pin id="865" dir="1" index="6" bw="16" slack="0"/>
</pin_list>
<bind>
<opcode="phi(47) " fcode="phi"/>
<opset="data_18_val117_rewind/3 "/>
</bind>
</comp>

<comp id="868" class="1005" name="data_19_val118_rewind_reg_868">
<pin_list>
<pin id="869" dir="0" index="0" bw="16" slack="1"/>
<pin id="870" dir="1" index="1" bw="16" slack="1"/>
</pin_list>
<bind>
<opset="data_19_val118_rewind (phireg) "/>
</bind>
</comp>

<comp id="872" class="1004" name="data_19_val118_rewind_phi_fu_872">
<pin_list>
<pin id="873" dir="0" index="0" bw="1" slack="2"/>
<pin id="874" dir="0" index="1" bw="0" slack="2147483647"/>
<pin id="875" dir="0" index="2" bw="16" slack="0"/>
<pin id="876" dir="0" index="3" bw="0" slack="2147483647"/>
<pin id="877" dir="0" index="4" bw="1" slack="1"/>
<pin id="878" dir="0" index="5" bw="0" slack="2147483647"/>
<pin id="879" dir="1" index="6" bw="16" slack="0"/>
</pin_list>
<bind>
<opcode="phi(47) " fcode="phi"/>
<opset="data_19_val118_rewind/3 "/>
</bind>
</comp>

<comp id="882" class="1005" name="data_20_val119_rewind_reg_882">
<pin_list>
<pin id="883" dir="0" index="0" bw="16" slack="1"/>
<pin id="884" dir="1" index="1" bw="16" slack="1"/>
</pin_list>
<bind>
<opset="data_20_val119_rewind (phireg) "/>
</bind>
</comp>

<comp id="886" class="1004" name="data_20_val119_rewind_phi_fu_886">
<pin_list>
<pin id="887" dir="0" index="0" bw="1" slack="2"/>
<pin id="888" dir="0" index="1" bw="0" slack="2147483647"/>
<pin id="889" dir="0" index="2" bw="16" slack="0"/>
<pin id="890" dir="0" index="3" bw="0" slack="2147483647"/>
<pin id="891" dir="0" index="4" bw="1" slack="1"/>
<pin id="892" dir="0" index="5" bw="0" slack="2147483647"/>
<pin id="893" dir="1" index="6" bw="16" slack="0"/>
</pin_list>
<bind>
<opcode="phi(47) " fcode="phi"/>
<opset="data_20_val119_rewind/3 "/>
</bind>
</comp>

<comp id="896" class="1005" name="data_21_val120_rewind_reg_896">
<pin_list>
<pin id="897" dir="0" index="0" bw="16" slack="1"/>
<pin id="898" dir="1" index="1" bw="16" slack="1"/>
</pin_list>
<bind>
<opset="data_21_val120_rewind (phireg) "/>
</bind>
</comp>

<comp id="900" class="1004" name="data_21_val120_rewind_phi_fu_900">
<pin_list>
<pin id="901" dir="0" index="0" bw="1" slack="2"/>
<pin id="902" dir="0" index="1" bw="0" slack="2147483647"/>
<pin id="903" dir="0" index="2" bw="16" slack="0"/>
<pin id="904" dir="0" index="3" bw="0" slack="2147483647"/>
<pin id="905" dir="0" index="4" bw="1" slack="1"/>
<pin id="906" dir="0" index="5" bw="0" slack="2147483647"/>
<pin id="907" dir="1" index="6" bw="16" slack="0"/>
</pin_list>
<bind>
<opcode="phi(47) " fcode="phi"/>
<opset="data_21_val120_rewind/3 "/>
</bind>
</comp>

<comp id="910" class="1005" name="data_22_val121_rewind_reg_910">
<pin_list>
<pin id="911" dir="0" index="0" bw="16" slack="1"/>
<pin id="912" dir="1" index="1" bw="16" slack="1"/>
</pin_list>
<bind>
<opset="data_22_val121_rewind (phireg) "/>
</bind>
</comp>

<comp id="914" class="1004" name="data_22_val121_rewind_phi_fu_914">
<pin_list>
<pin id="915" dir="0" index="0" bw="1" slack="2"/>
<pin id="916" dir="0" index="1" bw="0" slack="2147483647"/>
<pin id="917" dir="0" index="2" bw="16" slack="0"/>
<pin id="918" dir="0" index="3" bw="0" slack="2147483647"/>
<pin id="919" dir="0" index="4" bw="1" slack="1"/>
<pin id="920" dir="0" index="5" bw="0" slack="2147483647"/>
<pin id="921" dir="1" index="6" bw="16" slack="0"/>
</pin_list>
<bind>
<opcode="phi(47) " fcode="phi"/>
<opset="data_22_val121_rewind/3 "/>
</bind>
</comp>

<comp id="924" class="1005" name="data_23_val122_rewind_reg_924">
<pin_list>
<pin id="925" dir="0" index="0" bw="16" slack="1"/>
<pin id="926" dir="1" index="1" bw="16" slack="1"/>
</pin_list>
<bind>
<opset="data_23_val122_rewind (phireg) "/>
</bind>
</comp>

<comp id="928" class="1004" name="data_23_val122_rewind_phi_fu_928">
<pin_list>
<pin id="929" dir="0" index="0" bw="1" slack="2"/>
<pin id="930" dir="0" index="1" bw="0" slack="2147483647"/>
<pin id="931" dir="0" index="2" bw="16" slack="0"/>
<pin id="932" dir="0" index="3" bw="0" slack="2147483647"/>
<pin id="933" dir="0" index="4" bw="1" slack="1"/>
<pin id="934" dir="0" index="5" bw="0" slack="2147483647"/>
<pin id="935" dir="1" index="6" bw="16" slack="0"/>
</pin_list>
<bind>
<opcode="phi(47) " fcode="phi"/>
<opset="data_23_val122_rewind/3 "/>
</bind>
</comp>

<comp id="938" class="1005" name="data_24_val123_rewind_reg_938">
<pin_list>
<pin id="939" dir="0" index="0" bw="16" slack="1"/>
<pin id="940" dir="1" index="1" bw="16" slack="1"/>
</pin_list>
<bind>
<opset="data_24_val123_rewind (phireg) "/>
</bind>
</comp>

<comp id="942" class="1004" name="data_24_val123_rewind_phi_fu_942">
<pin_list>
<pin id="943" dir="0" index="0" bw="1" slack="2"/>
<pin id="944" dir="0" index="1" bw="0" slack="2147483647"/>
<pin id="945" dir="0" index="2" bw="16" slack="0"/>
<pin id="946" dir="0" index="3" bw="0" slack="2147483647"/>
<pin id="947" dir="0" index="4" bw="1" slack="1"/>
<pin id="948" dir="0" index="5" bw="0" slack="2147483647"/>
<pin id="949" dir="1" index="6" bw="16" slack="0"/>
</pin_list>
<bind>
<opcode="phi(47) " fcode="phi"/>
<opset="data_24_val123_rewind/3 "/>
</bind>
</comp>

<comp id="952" class="1005" name="data_25_val124_rewind_reg_952">
<pin_list>
<pin id="953" dir="0" index="0" bw="16" slack="1"/>
<pin id="954" dir="1" index="1" bw="16" slack="1"/>
</pin_list>
<bind>
<opset="data_25_val124_rewind (phireg) "/>
</bind>
</comp>

<comp id="956" class="1004" name="data_25_val124_rewind_phi_fu_956">
<pin_list>
<pin id="957" dir="0" index="0" bw="1" slack="2"/>
<pin id="958" dir="0" index="1" bw="0" slack="2147483647"/>
<pin id="959" dir="0" index="2" bw="16" slack="0"/>
<pin id="960" dir="0" index="3" bw="0" slack="2147483647"/>
<pin id="961" dir="0" index="4" bw="1" slack="1"/>
<pin id="962" dir="0" index="5" bw="0" slack="2147483647"/>
<pin id="963" dir="1" index="6" bw="16" slack="0"/>
</pin_list>
<bind>
<opcode="phi(47) " fcode="phi"/>
<opset="data_25_val124_rewind/3 "/>
</bind>
</comp>

<comp id="966" class="1005" name="data_26_val125_rewind_reg_966">
<pin_list>
<pin id="967" dir="0" index="0" bw="16" slack="1"/>
<pin id="968" dir="1" index="1" bw="16" slack="1"/>
</pin_list>
<bind>
<opset="data_26_val125_rewind (phireg) "/>
</bind>
</comp>

<comp id="970" class="1004" name="data_26_val125_rewind_phi_fu_970">
<pin_list>
<pin id="971" dir="0" index="0" bw="1" slack="2"/>
<pin id="972" dir="0" index="1" bw="0" slack="2147483647"/>
<pin id="973" dir="0" index="2" bw="16" slack="0"/>
<pin id="974" dir="0" index="3" bw="0" slack="2147483647"/>
<pin id="975" dir="0" index="4" bw="1" slack="1"/>
<pin id="976" dir="0" index="5" bw="0" slack="2147483647"/>
<pin id="977" dir="1" index="6" bw="16" slack="0"/>
</pin_list>
<bind>
<opcode="phi(47) " fcode="phi"/>
<opset="data_26_val125_rewind/3 "/>
</bind>
</comp>

<comp id="980" class="1005" name="data_27_val126_rewind_reg_980">
<pin_list>
<pin id="981" dir="0" index="0" bw="16" slack="1"/>
<pin id="982" dir="1" index="1" bw="16" slack="1"/>
</pin_list>
<bind>
<opset="data_27_val126_rewind (phireg) "/>
</bind>
</comp>

<comp id="984" class="1004" name="data_27_val126_rewind_phi_fu_984">
<pin_list>
<pin id="985" dir="0" index="0" bw="1" slack="2"/>
<pin id="986" dir="0" index="1" bw="0" slack="2147483647"/>
<pin id="987" dir="0" index="2" bw="16" slack="0"/>
<pin id="988" dir="0" index="3" bw="0" slack="2147483647"/>
<pin id="989" dir="0" index="4" bw="1" slack="1"/>
<pin id="990" dir="0" index="5" bw="0" slack="2147483647"/>
<pin id="991" dir="1" index="6" bw="16" slack="0"/>
</pin_list>
<bind>
<opcode="phi(47) " fcode="phi"/>
<opset="data_27_val126_rewind/3 "/>
</bind>
</comp>

<comp id="994" class="1005" name="data_28_val127_rewind_reg_994">
<pin_list>
<pin id="995" dir="0" index="0" bw="16" slack="1"/>
<pin id="996" dir="1" index="1" bw="16" slack="1"/>
</pin_list>
<bind>
<opset="data_28_val127_rewind (phireg) "/>
</bind>
</comp>

<comp id="998" class="1004" name="data_28_val127_rewind_phi_fu_998">
<pin_list>
<pin id="999" dir="0" index="0" bw="1" slack="2"/>
<pin id="1000" dir="0" index="1" bw="0" slack="2147483647"/>
<pin id="1001" dir="0" index="2" bw="16" slack="0"/>
<pin id="1002" dir="0" index="3" bw="0" slack="2147483647"/>
<pin id="1003" dir="0" index="4" bw="1" slack="1"/>
<pin id="1004" dir="0" index="5" bw="0" slack="2147483647"/>
<pin id="1005" dir="1" index="6" bw="16" slack="0"/>
</pin_list>
<bind>
<opcode="phi(47) " fcode="phi"/>
<opset="data_28_val127_rewind/3 "/>
</bind>
</comp>

<comp id="1008" class="1005" name="data_29_val128_rewind_reg_1008">
<pin_list>
<pin id="1009" dir="0" index="0" bw="16" slack="1"/>
<pin id="1010" dir="1" index="1" bw="16" slack="1"/>
</pin_list>
<bind>
<opset="data_29_val128_rewind (phireg) "/>
</bind>
</comp>

<comp id="1012" class="1004" name="data_29_val128_rewind_phi_fu_1012">
<pin_list>
<pin id="1013" dir="0" index="0" bw="1" slack="2"/>
<pin id="1014" dir="0" index="1" bw="0" slack="2147483647"/>
<pin id="1015" dir="0" index="2" bw="16" slack="0"/>
<pin id="1016" dir="0" index="3" bw="0" slack="2147483647"/>
<pin id="1017" dir="0" index="4" bw="1" slack="1"/>
<pin id="1018" dir="0" index="5" bw="0" slack="2147483647"/>
<pin id="1019" dir="1" index="6" bw="16" slack="0"/>
</pin_list>
<bind>
<opcode="phi(47) " fcode="phi"/>
<opset="data_29_val128_rewind/3 "/>
</bind>
</comp>

<comp id="1022" class="1005" name="data_30_val129_rewind_reg_1022">
<pin_list>
<pin id="1023" dir="0" index="0" bw="16" slack="1"/>
<pin id="1024" dir="1" index="1" bw="16" slack="1"/>
</pin_list>
<bind>
<opset="data_30_val129_rewind (phireg) "/>
</bind>
</comp>

<comp id="1026" class="1004" name="data_30_val129_rewind_phi_fu_1026">
<pin_list>
<pin id="1027" dir="0" index="0" bw="1" slack="2"/>
<pin id="1028" dir="0" index="1" bw="0" slack="2147483647"/>
<pin id="1029" dir="0" index="2" bw="16" slack="0"/>
<pin id="1030" dir="0" index="3" bw="0" slack="2147483647"/>
<pin id="1031" dir="0" index="4" bw="1" slack="1"/>
<pin id="1032" dir="0" index="5" bw="0" slack="2147483647"/>
<pin id="1033" dir="1" index="6" bw="16" slack="0"/>
</pin_list>
<bind>
<opcode="phi(47) " fcode="phi"/>
<opset="data_30_val129_rewind/3 "/>
</bind>
</comp>

<comp id="1036" class="1005" name="data_31_val130_rewind_reg_1036">
<pin_list>
<pin id="1037" dir="0" index="0" bw="16" slack="1"/>
<pin id="1038" dir="1" index="1" bw="16" slack="1"/>
</pin_list>
<bind>
<opset="data_31_val130_rewind (phireg) "/>
</bind>
</comp>

<comp id="1040" class="1004" name="data_31_val130_rewind_phi_fu_1040">
<pin_list>
<pin id="1041" dir="0" index="0" bw="1" slack="2"/>
<pin id="1042" dir="0" index="1" bw="0" slack="2147483647"/>
<pin id="1043" dir="0" index="2" bw="16" slack="0"/>
<pin id="1044" dir="0" index="3" bw="0" slack="2147483647"/>
<pin id="1045" dir="0" index="4" bw="1" slack="1"/>
<pin id="1046" dir="0" index="5" bw="0" slack="2147483647"/>
<pin id="1047" dir="1" index="6" bw="16" slack="0"/>
</pin_list>
<bind>
<opcode="phi(47) " fcode="phi"/>
<opset="data_31_val130_rewind/3 "/>
</bind>
</comp>

<comp id="1050" class="1005" name="data_0_val99_phi_reg_1050">
<pin_list>
<pin id="1051" dir="0" index="0" bw="16" slack="0"/>
<pin id="1052" dir="1" index="1" bw="16" slack="0"/>
</pin_list>
<bind>
<opset="data_0_val99_phi (phireg) "/>
</bind>
</comp>

<comp id="1054" class="1004" name="data_0_val99_phi_phi_fu_1054">
<pin_list>
<pin id="1055" dir="0" index="0" bw="16" slack="0"/>
<pin id="1056" dir="0" index="1" bw="0" slack="2147483647"/>
<pin id="1057" dir="0" index="2" bw="16" slack="0"/>
<pin id="1058" dir="0" index="3" bw="0" slack="2147483647"/>
<pin id="1059" dir="1" index="4" bw="16" slack="0"/>
</pin_list>
<bind>
<opcode="phi(47) " fcode="phi"/>
<opset="data_0_val99_phi/3 "/>
</bind>
</comp>

<comp id="1063" class="1005" name="data_1_val100_phi_reg_1063">
<pin_list>
<pin id="1064" dir="0" index="0" bw="16" slack="0"/>
<pin id="1065" dir="1" index="1" bw="16" slack="0"/>
</pin_list>
<bind>
<opset="data_1_val100_phi (phireg) "/>
</bind>
</comp>

<comp id="1067" class="1004" name="data_1_val100_phi_phi_fu_1067">
<pin_list>
<pin id="1068" dir="0" index="0" bw="16" slack="0"/>
<pin id="1069" dir="0" index="1" bw="0" slack="2147483647"/>
<pin id="1070" dir="0" index="2" bw="16" slack="0"/>
<pin id="1071" dir="0" index="3" bw="0" slack="2147483647"/>
<pin id="1072" dir="1" index="4" bw="16" slack="0"/>
</pin_list>
<bind>
<opcode="phi(47) " fcode="phi"/>
<opset="data_1_val100_phi/3 "/>
</bind>
</comp>

<comp id="1076" class="1005" name="data_2_val101_phi_reg_1076">
<pin_list>
<pin id="1077" dir="0" index="0" bw="16" slack="0"/>
<pin id="1078" dir="1" index="1" bw="16" slack="0"/>
</pin_list>
<bind>
<opset="data_2_val101_phi (phireg) "/>
</bind>
</comp>

<comp id="1080" class="1004" name="data_2_val101_phi_phi_fu_1080">
<pin_list>
<pin id="1081" dir="0" index="0" bw="16" slack="0"/>
<pin id="1082" dir="0" index="1" bw="0" slack="2147483647"/>
<pin id="1083" dir="0" index="2" bw="16" slack="0"/>
<pin id="1084" dir="0" index="3" bw="0" slack="2147483647"/>
<pin id="1085" dir="1" index="4" bw="16" slack="0"/>
</pin_list>
<bind>
<opcode="phi(47) " fcode="phi"/>
<opset="data_2_val101_phi/3 "/>
</bind>
</comp>

<comp id="1089" class="1005" name="data_3_val102_phi_reg_1089">
<pin_list>
<pin id="1090" dir="0" index="0" bw="16" slack="0"/>
<pin id="1091" dir="1" index="1" bw="16" slack="0"/>
</pin_list>
<bind>
<opset="data_3_val102_phi (phireg) "/>
</bind>
</comp>

<comp id="1093" class="1004" name="data_3_val102_phi_phi_fu_1093">
<pin_list>
<pin id="1094" dir="0" index="0" bw="16" slack="0"/>
<pin id="1095" dir="0" index="1" bw="0" slack="2147483647"/>
<pin id="1096" dir="0" index="2" bw="16" slack="0"/>
<pin id="1097" dir="0" index="3" bw="0" slack="2147483647"/>
<pin id="1098" dir="1" index="4" bw="16" slack="0"/>
</pin_list>
<bind>
<opcode="phi(47) " fcode="phi"/>
<opset="data_3_val102_phi/3 "/>
</bind>
</comp>

<comp id="1102" class="1005" name="data_4_val103_phi_reg_1102">
<pin_list>
<pin id="1103" dir="0" index="0" bw="16" slack="0"/>
<pin id="1104" dir="1" index="1" bw="16" slack="0"/>
</pin_list>
<bind>
<opset="data_4_val103_phi (phireg) "/>
</bind>
</comp>

<comp id="1106" class="1004" name="data_4_val103_phi_phi_fu_1106">
<pin_list>
<pin id="1107" dir="0" index="0" bw="16" slack="0"/>
<pin id="1108" dir="0" index="1" bw="0" slack="2147483647"/>
<pin id="1109" dir="0" index="2" bw="16" slack="0"/>
<pin id="1110" dir="0" index="3" bw="0" slack="2147483647"/>
<pin id="1111" dir="1" index="4" bw="16" slack="0"/>
</pin_list>
<bind>
<opcode="phi(47) " fcode="phi"/>
<opset="data_4_val103_phi/3 "/>
</bind>
</comp>

<comp id="1115" class="1005" name="data_5_val104_phi_reg_1115">
<pin_list>
<pin id="1116" dir="0" index="0" bw="16" slack="0"/>
<pin id="1117" dir="1" index="1" bw="16" slack="0"/>
</pin_list>
<bind>
<opset="data_5_val104_phi (phireg) "/>
</bind>
</comp>

<comp id="1119" class="1004" name="data_5_val104_phi_phi_fu_1119">
<pin_list>
<pin id="1120" dir="0" index="0" bw="16" slack="0"/>
<pin id="1121" dir="0" index="1" bw="0" slack="2147483647"/>
<pin id="1122" dir="0" index="2" bw="16" slack="0"/>
<pin id="1123" dir="0" index="3" bw="0" slack="2147483647"/>
<pin id="1124" dir="1" index="4" bw="16" slack="0"/>
</pin_list>
<bind>
<opcode="phi(47) " fcode="phi"/>
<opset="data_5_val104_phi/3 "/>
</bind>
</comp>

<comp id="1128" class="1005" name="data_6_val105_phi_reg_1128">
<pin_list>
<pin id="1129" dir="0" index="0" bw="16" slack="0"/>
<pin id="1130" dir="1" index="1" bw="16" slack="0"/>
</pin_list>
<bind>
<opset="data_6_val105_phi (phireg) "/>
</bind>
</comp>

<comp id="1132" class="1004" name="data_6_val105_phi_phi_fu_1132">
<pin_list>
<pin id="1133" dir="0" index="0" bw="16" slack="0"/>
<pin id="1134" dir="0" index="1" bw="0" slack="2147483647"/>
<pin id="1135" dir="0" index="2" bw="16" slack="0"/>
<pin id="1136" dir="0" index="3" bw="0" slack="2147483647"/>
<pin id="1137" dir="1" index="4" bw="16" slack="0"/>
</pin_list>
<bind>
<opcode="phi(47) " fcode="phi"/>
<opset="data_6_val105_phi/3 "/>
</bind>
</comp>

<comp id="1141" class="1005" name="data_7_val106_phi_reg_1141">
<pin_list>
<pin id="1142" dir="0" index="0" bw="16" slack="0"/>
<pin id="1143" dir="1" index="1" bw="16" slack="0"/>
</pin_list>
<bind>
<opset="data_7_val106_phi (phireg) "/>
</bind>
</comp>

<comp id="1145" class="1004" name="data_7_val106_phi_phi_fu_1145">
<pin_list>
<pin id="1146" dir="0" index="0" bw="16" slack="0"/>
<pin id="1147" dir="0" index="1" bw="0" slack="2147483647"/>
<pin id="1148" dir="0" index="2" bw="16" slack="0"/>
<pin id="1149" dir="0" index="3" bw="0" slack="2147483647"/>
<pin id="1150" dir="1" index="4" bw="16" slack="0"/>
</pin_list>
<bind>
<opcode="phi(47) " fcode="phi"/>
<opset="data_7_val106_phi/3 "/>
</bind>
</comp>

<comp id="1154" class="1005" name="data_8_val107_phi_reg_1154">
<pin_list>
<pin id="1155" dir="0" index="0" bw="16" slack="0"/>
<pin id="1156" dir="1" index="1" bw="16" slack="0"/>
</pin_list>
<bind>
<opset="data_8_val107_phi (phireg) "/>
</bind>
</comp>

<comp id="1158" class="1004" name="data_8_val107_phi_phi_fu_1158">
<pin_list>
<pin id="1159" dir="0" index="0" bw="16" slack="0"/>
<pin id="1160" dir="0" index="1" bw="0" slack="2147483647"/>
<pin id="1161" dir="0" index="2" bw="16" slack="0"/>
<pin id="1162" dir="0" index="3" bw="0" slack="2147483647"/>
<pin id="1163" dir="1" index="4" bw="16" slack="0"/>
</pin_list>
<bind>
<opcode="phi(47) " fcode="phi"/>
<opset="data_8_val107_phi/3 "/>
</bind>
</comp>

<comp id="1167" class="1005" name="data_9_val108_phi_reg_1167">
<pin_list>
<pin id="1168" dir="0" index="0" bw="16" slack="0"/>
<pin id="1169" dir="1" index="1" bw="16" slack="0"/>
</pin_list>
<bind>
<opset="data_9_val108_phi (phireg) "/>
</bind>
</comp>

<comp id="1171" class="1004" name="data_9_val108_phi_phi_fu_1171">
<pin_list>
<pin id="1172" dir="0" index="0" bw="16" slack="0"/>
<pin id="1173" dir="0" index="1" bw="0" slack="2147483647"/>
<pin id="1174" dir="0" index="2" bw="16" slack="0"/>
<pin id="1175" dir="0" index="3" bw="0" slack="2147483647"/>
<pin id="1176" dir="1" index="4" bw="16" slack="0"/>
</pin_list>
<bind>
<opcode="phi(47) " fcode="phi"/>
<opset="data_9_val108_phi/3 "/>
</bind>
</comp>

<comp id="1180" class="1005" name="data_10_val109_phi_reg_1180">
<pin_list>
<pin id="1181" dir="0" index="0" bw="16" slack="0"/>
<pin id="1182" dir="1" index="1" bw="16" slack="0"/>
</pin_list>
<bind>
<opset="data_10_val109_phi (phireg) "/>
</bind>
</comp>

<comp id="1184" class="1004" name="data_10_val109_phi_phi_fu_1184">
<pin_list>
<pin id="1185" dir="0" index="0" bw="16" slack="0"/>
<pin id="1186" dir="0" index="1" bw="0" slack="2147483647"/>
<pin id="1187" dir="0" index="2" bw="16" slack="0"/>
<pin id="1188" dir="0" index="3" bw="0" slack="2147483647"/>
<pin id="1189" dir="1" index="4" bw="16" slack="0"/>
</pin_list>
<bind>
<opcode="phi(47) " fcode="phi"/>
<opset="data_10_val109_phi/3 "/>
</bind>
</comp>

<comp id="1193" class="1005" name="data_11_val110_phi_reg_1193">
<pin_list>
<pin id="1194" dir="0" index="0" bw="16" slack="0"/>
<pin id="1195" dir="1" index="1" bw="16" slack="0"/>
</pin_list>
<bind>
<opset="data_11_val110_phi (phireg) "/>
</bind>
</comp>

<comp id="1197" class="1004" name="data_11_val110_phi_phi_fu_1197">
<pin_list>
<pin id="1198" dir="0" index="0" bw="16" slack="0"/>
<pin id="1199" dir="0" index="1" bw="0" slack="2147483647"/>
<pin id="1200" dir="0" index="2" bw="16" slack="0"/>
<pin id="1201" dir="0" index="3" bw="0" slack="2147483647"/>
<pin id="1202" dir="1" index="4" bw="16" slack="0"/>
</pin_list>
<bind>
<opcode="phi(47) " fcode="phi"/>
<opset="data_11_val110_phi/3 "/>
</bind>
</comp>

<comp id="1206" class="1005" name="data_12_val111_phi_reg_1206">
<pin_list>
<pin id="1207" dir="0" index="0" bw="16" slack="0"/>
<pin id="1208" dir="1" index="1" bw="16" slack="0"/>
</pin_list>
<bind>
<opset="data_12_val111_phi (phireg) "/>
</bind>
</comp>

<comp id="1210" class="1004" name="data_12_val111_phi_phi_fu_1210">
<pin_list>
<pin id="1211" dir="0" index="0" bw="16" slack="0"/>
<pin id="1212" dir="0" index="1" bw="0" slack="2147483647"/>
<pin id="1213" dir="0" index="2" bw="16" slack="0"/>
<pin id="1214" dir="0" index="3" bw="0" slack="2147483647"/>
<pin id="1215" dir="1" index="4" bw="16" slack="0"/>
</pin_list>
<bind>
<opcode="phi(47) " fcode="phi"/>
<opset="data_12_val111_phi/3 "/>
</bind>
</comp>

<comp id="1219" class="1005" name="data_13_val112_phi_reg_1219">
<pin_list>
<pin id="1220" dir="0" index="0" bw="16" slack="0"/>
<pin id="1221" dir="1" index="1" bw="16" slack="0"/>
</pin_list>
<bind>
<opset="data_13_val112_phi (phireg) "/>
</bind>
</comp>

<comp id="1223" class="1004" name="data_13_val112_phi_phi_fu_1223">
<pin_list>
<pin id="1224" dir="0" index="0" bw="16" slack="0"/>
<pin id="1225" dir="0" index="1" bw="0" slack="2147483647"/>
<pin id="1226" dir="0" index="2" bw="16" slack="0"/>
<pin id="1227" dir="0" index="3" bw="0" slack="2147483647"/>
<pin id="1228" dir="1" index="4" bw="16" slack="0"/>
</pin_list>
<bind>
<opcode="phi(47) " fcode="phi"/>
<opset="data_13_val112_phi/3 "/>
</bind>
</comp>

<comp id="1232" class="1005" name="data_14_val113_phi_reg_1232">
<pin_list>
<pin id="1233" dir="0" index="0" bw="16" slack="0"/>
<pin id="1234" dir="1" index="1" bw="16" slack="0"/>
</pin_list>
<bind>
<opset="data_14_val113_phi (phireg) "/>
</bind>
</comp>

<comp id="1236" class="1004" name="data_14_val113_phi_phi_fu_1236">
<pin_list>
<pin id="1237" dir="0" index="0" bw="16" slack="0"/>
<pin id="1238" dir="0" index="1" bw="0" slack="2147483647"/>
<pin id="1239" dir="0" index="2" bw="16" slack="0"/>
<pin id="1240" dir="0" index="3" bw="0" slack="2147483647"/>
<pin id="1241" dir="1" index="4" bw="16" slack="0"/>
</pin_list>
<bind>
<opcode="phi(47) " fcode="phi"/>
<opset="data_14_val113_phi/3 "/>
</bind>
</comp>

<comp id="1245" class="1005" name="data_15_val114_phi_reg_1245">
<pin_list>
<pin id="1246" dir="0" index="0" bw="16" slack="0"/>
<pin id="1247" dir="1" index="1" bw="16" slack="0"/>
</pin_list>
<bind>
<opset="data_15_val114_phi (phireg) "/>
</bind>
</comp>

<comp id="1249" class="1004" name="data_15_val114_phi_phi_fu_1249">
<pin_list>
<pin id="1250" dir="0" index="0" bw="16" slack="0"/>
<pin id="1251" dir="0" index="1" bw="0" slack="2147483647"/>
<pin id="1252" dir="0" index="2" bw="16" slack="0"/>
<pin id="1253" dir="0" index="3" bw="0" slack="2147483647"/>
<pin id="1254" dir="1" index="4" bw="16" slack="0"/>
</pin_list>
<bind>
<opcode="phi(47) " fcode="phi"/>
<opset="data_15_val114_phi/3 "/>
</bind>
</comp>

<comp id="1258" class="1005" name="data_16_val115_phi_reg_1258">
<pin_list>
<pin id="1259" dir="0" index="0" bw="16" slack="0"/>
<pin id="1260" dir="1" index="1" bw="16" slack="0"/>
</pin_list>
<bind>
<opset="data_16_val115_phi (phireg) "/>
</bind>
</comp>

<comp id="1262" class="1004" name="data_16_val115_phi_phi_fu_1262">
<pin_list>
<pin id="1263" dir="0" index="0" bw="16" slack="0"/>
<pin id="1264" dir="0" index="1" bw="0" slack="2147483647"/>
<pin id="1265" dir="0" index="2" bw="16" slack="0"/>
<pin id="1266" dir="0" index="3" bw="0" slack="2147483647"/>
<pin id="1267" dir="1" index="4" bw="16" slack="0"/>
</pin_list>
<bind>
<opcode="phi(47) " fcode="phi"/>
<opset="data_16_val115_phi/3 "/>
</bind>
</comp>

<comp id="1271" class="1005" name="data_17_val116_phi_reg_1271">
<pin_list>
<pin id="1272" dir="0" index="0" bw="16" slack="0"/>
<pin id="1273" dir="1" index="1" bw="16" slack="0"/>
</pin_list>
<bind>
<opset="data_17_val116_phi (phireg) "/>
</bind>
</comp>

<comp id="1275" class="1004" name="data_17_val116_phi_phi_fu_1275">
<pin_list>
<pin id="1276" dir="0" index="0" bw="16" slack="0"/>
<pin id="1277" dir="0" index="1" bw="0" slack="2147483647"/>
<pin id="1278" dir="0" index="2" bw="16" slack="0"/>
<pin id="1279" dir="0" index="3" bw="0" slack="2147483647"/>
<pin id="1280" dir="1" index="4" bw="16" slack="0"/>
</pin_list>
<bind>
<opcode="phi(47) " fcode="phi"/>
<opset="data_17_val116_phi/3 "/>
</bind>
</comp>

<comp id="1284" class="1005" name="data_18_val117_phi_reg_1284">
<pin_list>
<pin id="1285" dir="0" index="0" bw="16" slack="0"/>
<pin id="1286" dir="1" index="1" bw="16" slack="0"/>
</pin_list>
<bind>
<opset="data_18_val117_phi (phireg) "/>
</bind>
</comp>

<comp id="1288" class="1004" name="data_18_val117_phi_phi_fu_1288">
<pin_list>
<pin id="1289" dir="0" index="0" bw="16" slack="0"/>
<pin id="1290" dir="0" index="1" bw="0" slack="2147483647"/>
<pin id="1291" dir="0" index="2" bw="16" slack="0"/>
<pin id="1292" dir="0" index="3" bw="0" slack="2147483647"/>
<pin id="1293" dir="1" index="4" bw="16" slack="0"/>
</pin_list>
<bind>
<opcode="phi(47) " fcode="phi"/>
<opset="data_18_val117_phi/3 "/>
</bind>
</comp>

<comp id="1297" class="1005" name="data_19_val118_phi_reg_1297">
<pin_list>
<pin id="1298" dir="0" index="0" bw="16" slack="0"/>
<pin id="1299" dir="1" index="1" bw="16" slack="0"/>
</pin_list>
<bind>
<opset="data_19_val118_phi (phireg) "/>
</bind>
</comp>

<comp id="1301" class="1004" name="data_19_val118_phi_phi_fu_1301">
<pin_list>
<pin id="1302" dir="0" index="0" bw="16" slack="0"/>
<pin id="1303" dir="0" index="1" bw="0" slack="2147483647"/>
<pin id="1304" dir="0" index="2" bw="16" slack="0"/>
<pin id="1305" dir="0" index="3" bw="0" slack="2147483647"/>
<pin id="1306" dir="1" index="4" bw="16" slack="0"/>
</pin_list>
<bind>
<opcode="phi(47) " fcode="phi"/>
<opset="data_19_val118_phi/3 "/>
</bind>
</comp>

<comp id="1310" class="1005" name="data_20_val119_phi_reg_1310">
<pin_list>
<pin id="1311" dir="0" index="0" bw="16" slack="0"/>
<pin id="1312" dir="1" index="1" bw="16" slack="0"/>
</pin_list>
<bind>
<opset="data_20_val119_phi (phireg) "/>
</bind>
</comp>

<comp id="1314" class="1004" name="data_20_val119_phi_phi_fu_1314">
<pin_list>
<pin id="1315" dir="0" index="0" bw="16" slack="0"/>
<pin id="1316" dir="0" index="1" bw="0" slack="2147483647"/>
<pin id="1317" dir="0" index="2" bw="16" slack="0"/>
<pin id="1318" dir="0" index="3" bw="0" slack="2147483647"/>
<pin id="1319" dir="1" index="4" bw="16" slack="0"/>
</pin_list>
<bind>
<opcode="phi(47) " fcode="phi"/>
<opset="data_20_val119_phi/3 "/>
</bind>
</comp>

<comp id="1323" class="1005" name="data_21_val120_phi_reg_1323">
<pin_list>
<pin id="1324" dir="0" index="0" bw="16" slack="0"/>
<pin id="1325" dir="1" index="1" bw="16" slack="0"/>
</pin_list>
<bind>
<opset="data_21_val120_phi (phireg) "/>
</bind>
</comp>

<comp id="1327" class="1004" name="data_21_val120_phi_phi_fu_1327">
<pin_list>
<pin id="1328" dir="0" index="0" bw="16" slack="0"/>
<pin id="1329" dir="0" index="1" bw="0" slack="2147483647"/>
<pin id="1330" dir="0" index="2" bw="16" slack="0"/>
<pin id="1331" dir="0" index="3" bw="0" slack="2147483647"/>
<pin id="1332" dir="1" index="4" bw="16" slack="0"/>
</pin_list>
<bind>
<opcode="phi(47) " fcode="phi"/>
<opset="data_21_val120_phi/3 "/>
</bind>
</comp>

<comp id="1336" class="1005" name="data_22_val121_phi_reg_1336">
<pin_list>
<pin id="1337" dir="0" index="0" bw="16" slack="0"/>
<pin id="1338" dir="1" index="1" bw="16" slack="0"/>
</pin_list>
<bind>
<opset="data_22_val121_phi (phireg) "/>
</bind>
</comp>

<comp id="1340" class="1004" name="data_22_val121_phi_phi_fu_1340">
<pin_list>
<pin id="1341" dir="0" index="0" bw="16" slack="0"/>
<pin id="1342" dir="0" index="1" bw="0" slack="2147483647"/>
<pin id="1343" dir="0" index="2" bw="16" slack="0"/>
<pin id="1344" dir="0" index="3" bw="0" slack="2147483647"/>
<pin id="1345" dir="1" index="4" bw="16" slack="0"/>
</pin_list>
<bind>
<opcode="phi(47) " fcode="phi"/>
<opset="data_22_val121_phi/3 "/>
</bind>
</comp>

<comp id="1349" class="1005" name="data_23_val122_phi_reg_1349">
<pin_list>
<pin id="1350" dir="0" index="0" bw="16" slack="0"/>
<pin id="1351" dir="1" index="1" bw="16" slack="0"/>
</pin_list>
<bind>
<opset="data_23_val122_phi (phireg) "/>
</bind>
</comp>

<comp id="1353" class="1004" name="data_23_val122_phi_phi_fu_1353">
<pin_list>
<pin id="1354" dir="0" index="0" bw="16" slack="0"/>
<pin id="1355" dir="0" index="1" bw="0" slack="2147483647"/>
<pin id="1356" dir="0" index="2" bw="16" slack="0"/>
<pin id="1357" dir="0" index="3" bw="0" slack="2147483647"/>
<pin id="1358" dir="1" index="4" bw="16" slack="0"/>
</pin_list>
<bind>
<opcode="phi(47) " fcode="phi"/>
<opset="data_23_val122_phi/3 "/>
</bind>
</comp>

<comp id="1362" class="1005" name="data_24_val123_phi_reg_1362">
<pin_list>
<pin id="1363" dir="0" index="0" bw="16" slack="0"/>
<pin id="1364" dir="1" index="1" bw="16" slack="0"/>
</pin_list>
<bind>
<opset="data_24_val123_phi (phireg) "/>
</bind>
</comp>

<comp id="1366" class="1004" name="data_24_val123_phi_phi_fu_1366">
<pin_list>
<pin id="1367" dir="0" index="0" bw="16" slack="0"/>
<pin id="1368" dir="0" index="1" bw="0" slack="2147483647"/>
<pin id="1369" dir="0" index="2" bw="16" slack="0"/>
<pin id="1370" dir="0" index="3" bw="0" slack="2147483647"/>
<pin id="1371" dir="1" index="4" bw="16" slack="0"/>
</pin_list>
<bind>
<opcode="phi(47) " fcode="phi"/>
<opset="data_24_val123_phi/3 "/>
</bind>
</comp>

<comp id="1375" class="1005" name="data_25_val124_phi_reg_1375">
<pin_list>
<pin id="1376" dir="0" index="0" bw="16" slack="0"/>
<pin id="1377" dir="1" index="1" bw="16" slack="0"/>
</pin_list>
<bind>
<opset="data_25_val124_phi (phireg) "/>
</bind>
</comp>

<comp id="1379" class="1004" name="data_25_val124_phi_phi_fu_1379">
<pin_list>
<pin id="1380" dir="0" index="0" bw="16" slack="0"/>
<pin id="1381" dir="0" index="1" bw="0" slack="2147483647"/>
<pin id="1382" dir="0" index="2" bw="16" slack="0"/>
<pin id="1383" dir="0" index="3" bw="0" slack="2147483647"/>
<pin id="1384" dir="1" index="4" bw="16" slack="0"/>
</pin_list>
<bind>
<opcode="phi(47) " fcode="phi"/>
<opset="data_25_val124_phi/3 "/>
</bind>
</comp>

<comp id="1388" class="1005" name="data_26_val125_phi_reg_1388">
<pin_list>
<pin id="1389" dir="0" index="0" bw="16" slack="0"/>
<pin id="1390" dir="1" index="1" bw="16" slack="0"/>
</pin_list>
<bind>
<opset="data_26_val125_phi (phireg) "/>
</bind>
</comp>

<comp id="1392" class="1004" name="data_26_val125_phi_phi_fu_1392">
<pin_list>
<pin id="1393" dir="0" index="0" bw="16" slack="0"/>
<pin id="1394" dir="0" index="1" bw="0" slack="2147483647"/>
<pin id="1395" dir="0" index="2" bw="16" slack="0"/>
<pin id="1396" dir="0" index="3" bw="0" slack="2147483647"/>
<pin id="1397" dir="1" index="4" bw="16" slack="0"/>
</pin_list>
<bind>
<opcode="phi(47) " fcode="phi"/>
<opset="data_26_val125_phi/3 "/>
</bind>
</comp>

<comp id="1401" class="1005" name="data_27_val126_phi_reg_1401">
<pin_list>
<pin id="1402" dir="0" index="0" bw="16" slack="0"/>
<pin id="1403" dir="1" index="1" bw="16" slack="0"/>
</pin_list>
<bind>
<opset="data_27_val126_phi (phireg) "/>
</bind>
</comp>

<comp id="1405" class="1004" name="data_27_val126_phi_phi_fu_1405">
<pin_list>
<pin id="1406" dir="0" index="0" bw="16" slack="0"/>
<pin id="1407" dir="0" index="1" bw="0" slack="2147483647"/>
<pin id="1408" dir="0" index="2" bw="16" slack="0"/>
<pin id="1409" dir="0" index="3" bw="0" slack="2147483647"/>
<pin id="1410" dir="1" index="4" bw="16" slack="0"/>
</pin_list>
<bind>
<opcode="phi(47) " fcode="phi"/>
<opset="data_27_val126_phi/3 "/>
</bind>
</comp>

<comp id="1414" class="1005" name="data_28_val127_phi_reg_1414">
<pin_list>
<pin id="1415" dir="0" index="0" bw="16" slack="0"/>
<pin id="1416" dir="1" index="1" bw="16" slack="0"/>
</pin_list>
<bind>
<opset="data_28_val127_phi (phireg) "/>
</bind>
</comp>

<comp id="1418" class="1004" name="data_28_val127_phi_phi_fu_1418">
<pin_list>
<pin id="1419" dir="0" index="0" bw="16" slack="0"/>
<pin id="1420" dir="0" index="1" bw="0" slack="2147483647"/>
<pin id="1421" dir="0" index="2" bw="16" slack="0"/>
<pin id="1422" dir="0" index="3" bw="0" slack="2147483647"/>
<pin id="1423" dir="1" index="4" bw="16" slack="0"/>
</pin_list>
<bind>
<opcode="phi(47) " fcode="phi"/>
<opset="data_28_val127_phi/3 "/>
</bind>
</comp>

<comp id="1427" class="1005" name="data_29_val128_phi_reg_1427">
<pin_list>
<pin id="1428" dir="0" index="0" bw="16" slack="0"/>
<pin id="1429" dir="1" index="1" bw="16" slack="0"/>
</pin_list>
<bind>
<opset="data_29_val128_phi (phireg) "/>
</bind>
</comp>

<comp id="1431" class="1004" name="data_29_val128_phi_phi_fu_1431">
<pin_list>
<pin id="1432" dir="0" index="0" bw="16" slack="0"/>
<pin id="1433" dir="0" index="1" bw="0" slack="2147483647"/>
<pin id="1434" dir="0" index="2" bw="16" slack="0"/>
<pin id="1435" dir="0" index="3" bw="0" slack="2147483647"/>
<pin id="1436" dir="1" index="4" bw="16" slack="0"/>
</pin_list>
<bind>
<opcode="phi(47) " fcode="phi"/>
<opset="data_29_val128_phi/3 "/>
</bind>
</comp>

<comp id="1440" class="1005" name="data_30_val129_phi_reg_1440">
<pin_list>
<pin id="1441" dir="0" index="0" bw="16" slack="0"/>
<pin id="1442" dir="1" index="1" bw="16" slack="0"/>
</pin_list>
<bind>
<opset="data_30_val129_phi (phireg) "/>
</bind>
</comp>

<comp id="1444" class="1004" name="data_30_val129_phi_phi_fu_1444">
<pin_list>
<pin id="1445" dir="0" index="0" bw="16" slack="0"/>
<pin id="1446" dir="0" index="1" bw="0" slack="2147483647"/>
<pin id="1447" dir="0" index="2" bw="16" slack="0"/>
<pin id="1448" dir="0" index="3" bw="0" slack="2147483647"/>
<pin id="1449" dir="1" index="4" bw="16" slack="0"/>
</pin_list>
<bind>
<opcode="phi(47) " fcode="phi"/>
<opset="data_30_val129_phi/3 "/>
</bind>
</comp>

<comp id="1453" class="1005" name="data_31_val130_phi_reg_1453">
<pin_list>
<pin id="1454" dir="0" index="0" bw="16" slack="0"/>
<pin id="1455" dir="1" index="1" bw="16" slack="0"/>
</pin_list>
<bind>
<opset="data_31_val130_phi (phireg) "/>
</bind>
</comp>

<comp id="1457" class="1004" name="data_31_val130_phi_phi_fu_1457">
<pin_list>
<pin id="1458" dir="0" index="0" bw="16" slack="0"/>
<pin id="1459" dir="0" index="1" bw="0" slack="2147483647"/>
<pin id="1460" dir="0" index="2" bw="16" slack="0"/>
<pin id="1461" dir="0" index="3" bw="0" slack="2147483647"/>
<pin id="1462" dir="1" index="4" bw="16" slack="0"/>
</pin_list>
<bind>
<opcode="phi(47) " fcode="phi"/>
<opset="data_31_val130_phi/3 "/>
</bind>
</comp>

<comp id="1466" class="1005" name="res_0_096_reg_1466">
<pin_list>
<pin id="1467" dir="0" index="0" bw="16" slack="4"/>
<pin id="1468" dir="1" index="1" bw="16" slack="4"/>
</pin_list>
<bind>
<opset="res_0_096 (phireg) "/>
</bind>
</comp>

<comp id="1470" class="1004" name="res_0_096_phi_fu_1470">
<pin_list>
<pin id="1471" dir="0" index="0" bw="1" slack="5"/>
<pin id="1472" dir="0" index="1" bw="0" slack="2147483647"/>
<pin id="1473" dir="0" index="2" bw="16" slack="0"/>
<pin id="1474" dir="0" index="3" bw="0" slack="2147483647"/>
<pin id="1475" dir="0" index="4" bw="1" slack="4"/>
<pin id="1476" dir="0" index="5" bw="0" slack="2147483647"/>
<pin id="1477" dir="1" index="6" bw="16" slack="0"/>
</pin_list>
<bind>
<opcode="phi(47) " fcode="phi"/>
<opset="res_0_096/6 "/>
</bind>
</comp>

<comp id="1480" class="1005" name="res_1_094_reg_1480">
<pin_list>
<pin id="1481" dir="0" index="0" bw="16" slack="4"/>
<pin id="1482" dir="1" index="1" bw="16" slack="4"/>
</pin_list>
<bind>
<opset="res_1_094 (phireg) "/>
</bind>
</comp>

<comp id="1484" class="1004" name="res_1_094_phi_fu_1484">
<pin_list>
<pin id="1485" dir="0" index="0" bw="1" slack="5"/>
<pin id="1486" dir="0" index="1" bw="0" slack="2147483647"/>
<pin id="1487" dir="0" index="2" bw="16" slack="0"/>
<pin id="1488" dir="0" index="3" bw="0" slack="2147483647"/>
<pin id="1489" dir="0" index="4" bw="1" slack="4"/>
<pin id="1490" dir="0" index="5" bw="0" slack="2147483647"/>
<pin id="1491" dir="1" index="6" bw="16" slack="0"/>
</pin_list>
<bind>
<opcode="phi(47) " fcode="phi"/>
<opset="res_1_094/6 "/>
</bind>
</comp>

<comp id="1494" class="1005" name="res_2_092_reg_1494">
<pin_list>
<pin id="1495" dir="0" index="0" bw="16" slack="4"/>
<pin id="1496" dir="1" index="1" bw="16" slack="4"/>
</pin_list>
<bind>
<opset="res_2_092 (phireg) "/>
</bind>
</comp>

<comp id="1498" class="1004" name="res_2_092_phi_fu_1498">
<pin_list>
<pin id="1499" dir="0" index="0" bw="1" slack="5"/>
<pin id="1500" dir="0" index="1" bw="0" slack="2147483647"/>
<pin id="1501" dir="0" index="2" bw="16" slack="0"/>
<pin id="1502" dir="0" index="3" bw="0" slack="2147483647"/>
<pin id="1503" dir="0" index="4" bw="1" slack="4"/>
<pin id="1504" dir="0" index="5" bw="0" slack="2147483647"/>
<pin id="1505" dir="1" index="6" bw="16" slack="0"/>
</pin_list>
<bind>
<opcode="phi(47) " fcode="phi"/>
<opset="res_2_092/6 "/>
</bind>
</comp>

<comp id="1508" class="1005" name="res_3_090_reg_1508">
<pin_list>
<pin id="1509" dir="0" index="0" bw="16" slack="4"/>
<pin id="1510" dir="1" index="1" bw="16" slack="4"/>
</pin_list>
<bind>
<opset="res_3_090 (phireg) "/>
</bind>
</comp>

<comp id="1512" class="1004" name="res_3_090_phi_fu_1512">
<pin_list>
<pin id="1513" dir="0" index="0" bw="1" slack="5"/>
<pin id="1514" dir="0" index="1" bw="0" slack="2147483647"/>
<pin id="1515" dir="0" index="2" bw="16" slack="0"/>
<pin id="1516" dir="0" index="3" bw="0" slack="2147483647"/>
<pin id="1517" dir="0" index="4" bw="1" slack="4"/>
<pin id="1518" dir="0" index="5" bw="0" slack="2147483647"/>
<pin id="1519" dir="1" index="6" bw="16" slack="0"/>
</pin_list>
<bind>
<opcode="phi(47) " fcode="phi"/>
<opset="res_3_090/6 "/>
</bind>
</comp>

<comp id="1522" class="1005" name="res_4_088_reg_1522">
<pin_list>
<pin id="1523" dir="0" index="0" bw="16" slack="4"/>
<pin id="1524" dir="1" index="1" bw="16" slack="4"/>
</pin_list>
<bind>
<opset="res_4_088 (phireg) "/>
</bind>
</comp>

<comp id="1526" class="1004" name="res_4_088_phi_fu_1526">
<pin_list>
<pin id="1527" dir="0" index="0" bw="1" slack="5"/>
<pin id="1528" dir="0" index="1" bw="0" slack="2147483647"/>
<pin id="1529" dir="0" index="2" bw="16" slack="0"/>
<pin id="1530" dir="0" index="3" bw="0" slack="2147483647"/>
<pin id="1531" dir="0" index="4" bw="1" slack="4"/>
<pin id="1532" dir="0" index="5" bw="0" slack="2147483647"/>
<pin id="1533" dir="1" index="6" bw="16" slack="0"/>
</pin_list>
<bind>
<opcode="phi(47) " fcode="phi"/>
<opset="res_4_088/6 "/>
</bind>
</comp>

<comp id="1536" class="1005" name="res_5_086_reg_1536">
<pin_list>
<pin id="1537" dir="0" index="0" bw="16" slack="4"/>
<pin id="1538" dir="1" index="1" bw="16" slack="4"/>
</pin_list>
<bind>
<opset="res_5_086 (phireg) "/>
</bind>
</comp>

<comp id="1540" class="1004" name="res_5_086_phi_fu_1540">
<pin_list>
<pin id="1541" dir="0" index="0" bw="1" slack="5"/>
<pin id="1542" dir="0" index="1" bw="0" slack="2147483647"/>
<pin id="1543" dir="0" index="2" bw="16" slack="0"/>
<pin id="1544" dir="0" index="3" bw="0" slack="2147483647"/>
<pin id="1545" dir="0" index="4" bw="1" slack="4"/>
<pin id="1546" dir="0" index="5" bw="0" slack="2147483647"/>
<pin id="1547" dir="1" index="6" bw="16" slack="0"/>
</pin_list>
<bind>
<opcode="phi(47) " fcode="phi"/>
<opset="res_5_086/6 "/>
</bind>
</comp>

<comp id="1550" class="1005" name="res_6_084_reg_1550">
<pin_list>
<pin id="1551" dir="0" index="0" bw="16" slack="4"/>
<pin id="1552" dir="1" index="1" bw="16" slack="4"/>
</pin_list>
<bind>
<opset="res_6_084 (phireg) "/>
</bind>
</comp>

<comp id="1554" class="1004" name="res_6_084_phi_fu_1554">
<pin_list>
<pin id="1555" dir="0" index="0" bw="1" slack="5"/>
<pin id="1556" dir="0" index="1" bw="0" slack="2147483647"/>
<pin id="1557" dir="0" index="2" bw="16" slack="0"/>
<pin id="1558" dir="0" index="3" bw="0" slack="2147483647"/>
<pin id="1559" dir="0" index="4" bw="1" slack="4"/>
<pin id="1560" dir="0" index="5" bw="0" slack="2147483647"/>
<pin id="1561" dir="1" index="6" bw="16" slack="0"/>
</pin_list>
<bind>
<opcode="phi(47) " fcode="phi"/>
<opset="res_6_084/6 "/>
</bind>
</comp>

<comp id="1564" class="1005" name="res_7_082_reg_1564">
<pin_list>
<pin id="1565" dir="0" index="0" bw="16" slack="4"/>
<pin id="1566" dir="1" index="1" bw="16" slack="4"/>
</pin_list>
<bind>
<opset="res_7_082 (phireg) "/>
</bind>
</comp>

<comp id="1568" class="1004" name="res_7_082_phi_fu_1568">
<pin_list>
<pin id="1569" dir="0" index="0" bw="1" slack="5"/>
<pin id="1570" dir="0" index="1" bw="0" slack="2147483647"/>
<pin id="1571" dir="0" index="2" bw="16" slack="0"/>
<pin id="1572" dir="0" index="3" bw="0" slack="2147483647"/>
<pin id="1573" dir="0" index="4" bw="1" slack="4"/>
<pin id="1574" dir="0" index="5" bw="0" slack="2147483647"/>
<pin id="1575" dir="1" index="6" bw="16" slack="0"/>
</pin_list>
<bind>
<opcode="phi(47) " fcode="phi"/>
<opset="res_7_082/6 "/>
</bind>
</comp>

<comp id="1578" class="1005" name="res_8_080_reg_1578">
<pin_list>
<pin id="1579" dir="0" index="0" bw="16" slack="4"/>
<pin id="1580" dir="1" index="1" bw="16" slack="4"/>
</pin_list>
<bind>
<opset="res_8_080 (phireg) "/>
</bind>
</comp>

<comp id="1582" class="1004" name="res_8_080_phi_fu_1582">
<pin_list>
<pin id="1583" dir="0" index="0" bw="1" slack="5"/>
<pin id="1584" dir="0" index="1" bw="0" slack="2147483647"/>
<pin id="1585" dir="0" index="2" bw="16" slack="0"/>
<pin id="1586" dir="0" index="3" bw="0" slack="2147483647"/>
<pin id="1587" dir="0" index="4" bw="1" slack="4"/>
<pin id="1588" dir="0" index="5" bw="0" slack="2147483647"/>
<pin id="1589" dir="1" index="6" bw="16" slack="0"/>
</pin_list>
<bind>
<opcode="phi(47) " fcode="phi"/>
<opset="res_8_080/6 "/>
</bind>
</comp>

<comp id="1592" class="1005" name="res_9_078_reg_1592">
<pin_list>
<pin id="1593" dir="0" index="0" bw="16" slack="4"/>
<pin id="1594" dir="1" index="1" bw="16" slack="4"/>
</pin_list>
<bind>
<opset="res_9_078 (phireg) "/>
</bind>
</comp>

<comp id="1596" class="1004" name="res_9_078_phi_fu_1596">
<pin_list>
<pin id="1597" dir="0" index="0" bw="1" slack="5"/>
<pin id="1598" dir="0" index="1" bw="0" slack="2147483647"/>
<pin id="1599" dir="0" index="2" bw="16" slack="0"/>
<pin id="1600" dir="0" index="3" bw="0" slack="2147483647"/>
<pin id="1601" dir="0" index="4" bw="1" slack="4"/>
<pin id="1602" dir="0" index="5" bw="0" slack="2147483647"/>
<pin id="1603" dir="1" index="6" bw="16" slack="0"/>
</pin_list>
<bind>
<opcode="phi(47) " fcode="phi"/>
<opset="res_9_078/6 "/>
</bind>
</comp>

<comp id="1606" class="1005" name="res_10_076_reg_1606">
<pin_list>
<pin id="1607" dir="0" index="0" bw="16" slack="4"/>
<pin id="1608" dir="1" index="1" bw="16" slack="4"/>
</pin_list>
<bind>
<opset="res_10_076 (phireg) "/>
</bind>
</comp>

<comp id="1610" class="1004" name="res_10_076_phi_fu_1610">
<pin_list>
<pin id="1611" dir="0" index="0" bw="1" slack="5"/>
<pin id="1612" dir="0" index="1" bw="0" slack="2147483647"/>
<pin id="1613" dir="0" index="2" bw="16" slack="0"/>
<pin id="1614" dir="0" index="3" bw="0" slack="2147483647"/>
<pin id="1615" dir="0" index="4" bw="1" slack="4"/>
<pin id="1616" dir="0" index="5" bw="0" slack="2147483647"/>
<pin id="1617" dir="1" index="6" bw="16" slack="0"/>
</pin_list>
<bind>
<opcode="phi(47) " fcode="phi"/>
<opset="res_10_076/6 "/>
</bind>
</comp>

<comp id="1620" class="1005" name="res_11_074_reg_1620">
<pin_list>
<pin id="1621" dir="0" index="0" bw="16" slack="4"/>
<pin id="1622" dir="1" index="1" bw="16" slack="4"/>
</pin_list>
<bind>
<opset="res_11_074 (phireg) "/>
</bind>
</comp>

<comp id="1624" class="1004" name="res_11_074_phi_fu_1624">
<pin_list>
<pin id="1625" dir="0" index="0" bw="1" slack="5"/>
<pin id="1626" dir="0" index="1" bw="0" slack="2147483647"/>
<pin id="1627" dir="0" index="2" bw="16" slack="0"/>
<pin id="1628" dir="0" index="3" bw="0" slack="2147483647"/>
<pin id="1629" dir="0" index="4" bw="1" slack="4"/>
<pin id="1630" dir="0" index="5" bw="0" slack="2147483647"/>
<pin id="1631" dir="1" index="6" bw="16" slack="0"/>
</pin_list>
<bind>
<opcode="phi(47) " fcode="phi"/>
<opset="res_11_074/6 "/>
</bind>
</comp>

<comp id="1634" class="1005" name="res_12_072_reg_1634">
<pin_list>
<pin id="1635" dir="0" index="0" bw="16" slack="4"/>
<pin id="1636" dir="1" index="1" bw="16" slack="4"/>
</pin_list>
<bind>
<opset="res_12_072 (phireg) "/>
</bind>
</comp>

<comp id="1638" class="1004" name="res_12_072_phi_fu_1638">
<pin_list>
<pin id="1639" dir="0" index="0" bw="1" slack="5"/>
<pin id="1640" dir="0" index="1" bw="0" slack="2147483647"/>
<pin id="1641" dir="0" index="2" bw="16" slack="0"/>
<pin id="1642" dir="0" index="3" bw="0" slack="2147483647"/>
<pin id="1643" dir="0" index="4" bw="1" slack="4"/>
<pin id="1644" dir="0" index="5" bw="0" slack="2147483647"/>
<pin id="1645" dir="1" index="6" bw="16" slack="0"/>
</pin_list>
<bind>
<opcode="phi(47) " fcode="phi"/>
<opset="res_12_072/6 "/>
</bind>
</comp>

<comp id="1648" class="1005" name="res_13_070_reg_1648">
<pin_list>
<pin id="1649" dir="0" index="0" bw="16" slack="4"/>
<pin id="1650" dir="1" index="1" bw="16" slack="4"/>
</pin_list>
<bind>
<opset="res_13_070 (phireg) "/>
</bind>
</comp>

<comp id="1652" class="1004" name="res_13_070_phi_fu_1652">
<pin_list>
<pin id="1653" dir="0" index="0" bw="1" slack="5"/>
<pin id="1654" dir="0" index="1" bw="0" slack="2147483647"/>
<pin id="1655" dir="0" index="2" bw="16" slack="0"/>
<pin id="1656" dir="0" index="3" bw="0" slack="2147483647"/>
<pin id="1657" dir="0" index="4" bw="1" slack="4"/>
<pin id="1658" dir="0" index="5" bw="0" slack="2147483647"/>
<pin id="1659" dir="1" index="6" bw="16" slack="0"/>
</pin_list>
<bind>
<opcode="phi(47) " fcode="phi"/>
<opset="res_13_070/6 "/>
</bind>
</comp>

<comp id="1662" class="1005" name="res_1445_068_reg_1662">
<pin_list>
<pin id="1663" dir="0" index="0" bw="16" slack="4"/>
<pin id="1664" dir="1" index="1" bw="16" slack="4"/>
</pin_list>
<bind>
<opset="res_1445_068 (phireg) "/>
</bind>
</comp>

<comp id="1666" class="1004" name="res_1445_068_phi_fu_1666">
<pin_list>
<pin id="1667" dir="0" index="0" bw="1" slack="5"/>
<pin id="1668" dir="0" index="1" bw="0" slack="2147483647"/>
<pin id="1669" dir="0" index="2" bw="16" slack="0"/>
<pin id="1670" dir="0" index="3" bw="0" slack="2147483647"/>
<pin id="1671" dir="0" index="4" bw="1" slack="4"/>
<pin id="1672" dir="0" index="5" bw="0" slack="2147483647"/>
<pin id="1673" dir="1" index="6" bw="16" slack="0"/>
</pin_list>
<bind>
<opcode="phi(47) " fcode="phi"/>
<opset="res_1445_068/6 "/>
</bind>
</comp>

<comp id="1676" class="1005" name="res_15_066_reg_1676">
<pin_list>
<pin id="1677" dir="0" index="0" bw="16" slack="4"/>
<pin id="1678" dir="1" index="1" bw="16" slack="4"/>
</pin_list>
<bind>
<opset="res_15_066 (phireg) "/>
</bind>
</comp>

<comp id="1680" class="1004" name="res_15_066_phi_fu_1680">
<pin_list>
<pin id="1681" dir="0" index="0" bw="1" slack="5"/>
<pin id="1682" dir="0" index="1" bw="0" slack="2147483647"/>
<pin id="1683" dir="0" index="2" bw="16" slack="0"/>
<pin id="1684" dir="0" index="3" bw="0" slack="2147483647"/>
<pin id="1685" dir="0" index="4" bw="1" slack="4"/>
<pin id="1686" dir="0" index="5" bw="0" slack="2147483647"/>
<pin id="1687" dir="1" index="6" bw="16" slack="0"/>
</pin_list>
<bind>
<opcode="phi(47) " fcode="phi"/>
<opset="res_15_066/6 "/>
</bind>
</comp>

<comp id="1690" class="1005" name="res_16_064_reg_1690">
<pin_list>
<pin id="1691" dir="0" index="0" bw="16" slack="4"/>
<pin id="1692" dir="1" index="1" bw="16" slack="4"/>
</pin_list>
<bind>
<opset="res_16_064 (phireg) "/>
</bind>
</comp>

<comp id="1694" class="1004" name="res_16_064_phi_fu_1694">
<pin_list>
<pin id="1695" dir="0" index="0" bw="1" slack="5"/>
<pin id="1696" dir="0" index="1" bw="0" slack="2147483647"/>
<pin id="1697" dir="0" index="2" bw="16" slack="0"/>
<pin id="1698" dir="0" index="3" bw="0" slack="2147483647"/>
<pin id="1699" dir="0" index="4" bw="1" slack="4"/>
<pin id="1700" dir="0" index="5" bw="0" slack="2147483647"/>
<pin id="1701" dir="1" index="6" bw="16" slack="0"/>
</pin_list>
<bind>
<opcode="phi(47) " fcode="phi"/>
<opset="res_16_064/6 "/>
</bind>
</comp>

<comp id="1704" class="1005" name="res_17_062_reg_1704">
<pin_list>
<pin id="1705" dir="0" index="0" bw="16" slack="4"/>
<pin id="1706" dir="1" index="1" bw="16" slack="4"/>
</pin_list>
<bind>
<opset="res_17_062 (phireg) "/>
</bind>
</comp>

<comp id="1708" class="1004" name="res_17_062_phi_fu_1708">
<pin_list>
<pin id="1709" dir="0" index="0" bw="1" slack="5"/>
<pin id="1710" dir="0" index="1" bw="0" slack="2147483647"/>
<pin id="1711" dir="0" index="2" bw="16" slack="0"/>
<pin id="1712" dir="0" index="3" bw="0" slack="2147483647"/>
<pin id="1713" dir="0" index="4" bw="1" slack="4"/>
<pin id="1714" dir="0" index="5" bw="0" slack="2147483647"/>
<pin id="1715" dir="1" index="6" bw="16" slack="0"/>
</pin_list>
<bind>
<opcode="phi(47) " fcode="phi"/>
<opset="res_17_062/6 "/>
</bind>
</comp>

<comp id="1718" class="1005" name="res_18_060_reg_1718">
<pin_list>
<pin id="1719" dir="0" index="0" bw="16" slack="4"/>
<pin id="1720" dir="1" index="1" bw="16" slack="4"/>
</pin_list>
<bind>
<opset="res_18_060 (phireg) "/>
</bind>
</comp>

<comp id="1722" class="1004" name="res_18_060_phi_fu_1722">
<pin_list>
<pin id="1723" dir="0" index="0" bw="1" slack="5"/>
<pin id="1724" dir="0" index="1" bw="0" slack="2147483647"/>
<pin id="1725" dir="0" index="2" bw="16" slack="0"/>
<pin id="1726" dir="0" index="3" bw="0" slack="2147483647"/>
<pin id="1727" dir="0" index="4" bw="1" slack="4"/>
<pin id="1728" dir="0" index="5" bw="0" slack="2147483647"/>
<pin id="1729" dir="1" index="6" bw="16" slack="0"/>
</pin_list>
<bind>
<opcode="phi(47) " fcode="phi"/>
<opset="res_18_060/6 "/>
</bind>
</comp>

<comp id="1732" class="1005" name="res_19_058_reg_1732">
<pin_list>
<pin id="1733" dir="0" index="0" bw="16" slack="4"/>
<pin id="1734" dir="1" index="1" bw="16" slack="4"/>
</pin_list>
<bind>
<opset="res_19_058 (phireg) "/>
</bind>
</comp>

<comp id="1736" class="1004" name="res_19_058_phi_fu_1736">
<pin_list>
<pin id="1737" dir="0" index="0" bw="1" slack="5"/>
<pin id="1738" dir="0" index="1" bw="0" slack="2147483647"/>
<pin id="1739" dir="0" index="2" bw="16" slack="0"/>
<pin id="1740" dir="0" index="3" bw="0" slack="2147483647"/>
<pin id="1741" dir="0" index="4" bw="1" slack="4"/>
<pin id="1742" dir="0" index="5" bw="0" slack="2147483647"/>
<pin id="1743" dir="1" index="6" bw="16" slack="0"/>
</pin_list>
<bind>
<opcode="phi(47) " fcode="phi"/>
<opset="res_19_058/6 "/>
</bind>
</comp>

<comp id="1746" class="1005" name="res_20_056_reg_1746">
<pin_list>
<pin id="1747" dir="0" index="0" bw="16" slack="4"/>
<pin id="1748" dir="1" index="1" bw="16" slack="4"/>
</pin_list>
<bind>
<opset="res_20_056 (phireg) "/>
</bind>
</comp>

<comp id="1750" class="1004" name="res_20_056_phi_fu_1750">
<pin_list>
<pin id="1751" dir="0" index="0" bw="1" slack="5"/>
<pin id="1752" dir="0" index="1" bw="0" slack="2147483647"/>
<pin id="1753" dir="0" index="2" bw="16" slack="0"/>
<pin id="1754" dir="0" index="3" bw="0" slack="2147483647"/>
<pin id="1755" dir="0" index="4" bw="1" slack="4"/>
<pin id="1756" dir="0" index="5" bw="0" slack="2147483647"/>
<pin id="1757" dir="1" index="6" bw="16" slack="0"/>
</pin_list>
<bind>
<opcode="phi(47) " fcode="phi"/>
<opset="res_20_056/6 "/>
</bind>
</comp>

<comp id="1760" class="1005" name="res_21_054_reg_1760">
<pin_list>
<pin id="1761" dir="0" index="0" bw="16" slack="4"/>
<pin id="1762" dir="1" index="1" bw="16" slack="4"/>
</pin_list>
<bind>
<opset="res_21_054 (phireg) "/>
</bind>
</comp>

<comp id="1764" class="1004" name="res_21_054_phi_fu_1764">
<pin_list>
<pin id="1765" dir="0" index="0" bw="1" slack="5"/>
<pin id="1766" dir="0" index="1" bw="0" slack="2147483647"/>
<pin id="1767" dir="0" index="2" bw="16" slack="0"/>
<pin id="1768" dir="0" index="3" bw="0" slack="2147483647"/>
<pin id="1769" dir="0" index="4" bw="1" slack="4"/>
<pin id="1770" dir="0" index="5" bw="0" slack="2147483647"/>
<pin id="1771" dir="1" index="6" bw="16" slack="0"/>
</pin_list>
<bind>
<opcode="phi(47) " fcode="phi"/>
<opset="res_21_054/6 "/>
</bind>
</comp>

<comp id="1774" class="1005" name="res_22_052_reg_1774">
<pin_list>
<pin id="1775" dir="0" index="0" bw="16" slack="4"/>
<pin id="1776" dir="1" index="1" bw="16" slack="4"/>
</pin_list>
<bind>
<opset="res_22_052 (phireg) "/>
</bind>
</comp>

<comp id="1778" class="1004" name="res_22_052_phi_fu_1778">
<pin_list>
<pin id="1779" dir="0" index="0" bw="1" slack="5"/>
<pin id="1780" dir="0" index="1" bw="0" slack="2147483647"/>
<pin id="1781" dir="0" index="2" bw="16" slack="0"/>
<pin id="1782" dir="0" index="3" bw="0" slack="2147483647"/>
<pin id="1783" dir="0" index="4" bw="1" slack="4"/>
<pin id="1784" dir="0" index="5" bw="0" slack="2147483647"/>
<pin id="1785" dir="1" index="6" bw="16" slack="0"/>
</pin_list>
<bind>
<opcode="phi(47) " fcode="phi"/>
<opset="res_22_052/6 "/>
</bind>
</comp>

<comp id="1788" class="1005" name="res_23_050_reg_1788">
<pin_list>
<pin id="1789" dir="0" index="0" bw="16" slack="4"/>
<pin id="1790" dir="1" index="1" bw="16" slack="4"/>
</pin_list>
<bind>
<opset="res_23_050 (phireg) "/>
</bind>
</comp>

<comp id="1792" class="1004" name="res_23_050_phi_fu_1792">
<pin_list>
<pin id="1793" dir="0" index="0" bw="1" slack="5"/>
<pin id="1794" dir="0" index="1" bw="0" slack="2147483647"/>
<pin id="1795" dir="0" index="2" bw="16" slack="0"/>
<pin id="1796" dir="0" index="3" bw="0" slack="2147483647"/>
<pin id="1797" dir="0" index="4" bw="1" slack="4"/>
<pin id="1798" dir="0" index="5" bw="0" slack="2147483647"/>
<pin id="1799" dir="1" index="6" bw="16" slack="0"/>
</pin_list>
<bind>
<opcode="phi(47) " fcode="phi"/>
<opset="res_23_050/6 "/>
</bind>
</comp>

<comp id="1802" class="1005" name="res_24_048_reg_1802">
<pin_list>
<pin id="1803" dir="0" index="0" bw="16" slack="4"/>
<pin id="1804" dir="1" index="1" bw="16" slack="4"/>
</pin_list>
<bind>
<opset="res_24_048 (phireg) "/>
</bind>
</comp>

<comp id="1806" class="1004" name="res_24_048_phi_fu_1806">
<pin_list>
<pin id="1807" dir="0" index="0" bw="1" slack="5"/>
<pin id="1808" dir="0" index="1" bw="0" slack="2147483647"/>
<pin id="1809" dir="0" index="2" bw="16" slack="0"/>
<pin id="1810" dir="0" index="3" bw="0" slack="2147483647"/>
<pin id="1811" dir="0" index="4" bw="1" slack="4"/>
<pin id="1812" dir="0" index="5" bw="0" slack="2147483647"/>
<pin id="1813" dir="1" index="6" bw="16" slack="0"/>
</pin_list>
<bind>
<opcode="phi(47) " fcode="phi"/>
<opset="res_24_048/6 "/>
</bind>
</comp>

<comp id="1816" class="1005" name="res_25_046_reg_1816">
<pin_list>
<pin id="1817" dir="0" index="0" bw="16" slack="4"/>
<pin id="1818" dir="1" index="1" bw="16" slack="4"/>
</pin_list>
<bind>
<opset="res_25_046 (phireg) "/>
</bind>
</comp>

<comp id="1820" class="1004" name="res_25_046_phi_fu_1820">
<pin_list>
<pin id="1821" dir="0" index="0" bw="1" slack="5"/>
<pin id="1822" dir="0" index="1" bw="0" slack="2147483647"/>
<pin id="1823" dir="0" index="2" bw="16" slack="0"/>
<pin id="1824" dir="0" index="3" bw="0" slack="2147483647"/>
<pin id="1825" dir="0" index="4" bw="1" slack="4"/>
<pin id="1826" dir="0" index="5" bw="0" slack="2147483647"/>
<pin id="1827" dir="1" index="6" bw="16" slack="0"/>
</pin_list>
<bind>
<opcode="phi(47) " fcode="phi"/>
<opset="res_25_046/6 "/>
</bind>
</comp>

<comp id="1830" class="1005" name="res_26_044_reg_1830">
<pin_list>
<pin id="1831" dir="0" index="0" bw="16" slack="4"/>
<pin id="1832" dir="1" index="1" bw="16" slack="4"/>
</pin_list>
<bind>
<opset="res_26_044 (phireg) "/>
</bind>
</comp>

<comp id="1834" class="1004" name="res_26_044_phi_fu_1834">
<pin_list>
<pin id="1835" dir="0" index="0" bw="1" slack="5"/>
<pin id="1836" dir="0" index="1" bw="0" slack="2147483647"/>
<pin id="1837" dir="0" index="2" bw="16" slack="0"/>
<pin id="1838" dir="0" index="3" bw="0" slack="2147483647"/>
<pin id="1839" dir="0" index="4" bw="1" slack="4"/>
<pin id="1840" dir="0" index="5" bw="0" slack="2147483647"/>
<pin id="1841" dir="1" index="6" bw="16" slack="0"/>
</pin_list>
<bind>
<opcode="phi(47) " fcode="phi"/>
<opset="res_26_044/6 "/>
</bind>
</comp>

<comp id="1844" class="1005" name="res_2786_042_reg_1844">
<pin_list>
<pin id="1845" dir="0" index="0" bw="16" slack="4"/>
<pin id="1846" dir="1" index="1" bw="16" slack="4"/>
</pin_list>
<bind>
<opset="res_2786_042 (phireg) "/>
</bind>
</comp>

<comp id="1848" class="1004" name="res_2786_042_phi_fu_1848">
<pin_list>
<pin id="1849" dir="0" index="0" bw="1" slack="5"/>
<pin id="1850" dir="0" index="1" bw="0" slack="2147483647"/>
<pin id="1851" dir="0" index="2" bw="16" slack="0"/>
<pin id="1852" dir="0" index="3" bw="0" slack="2147483647"/>
<pin id="1853" dir="0" index="4" bw="1" slack="4"/>
<pin id="1854" dir="0" index="5" bw="0" slack="2147483647"/>
<pin id="1855" dir="1" index="6" bw="16" slack="0"/>
</pin_list>
<bind>
<opcode="phi(47) " fcode="phi"/>
<opset="res_2786_042/6 "/>
</bind>
</comp>

<comp id="1858" class="1005" name="res_28_040_reg_1858">
<pin_list>
<pin id="1859" dir="0" index="0" bw="16" slack="4"/>
<pin id="1860" dir="1" index="1" bw="16" slack="4"/>
</pin_list>
<bind>
<opset="res_28_040 (phireg) "/>
</bind>
</comp>

<comp id="1862" class="1004" name="res_28_040_phi_fu_1862">
<pin_list>
<pin id="1863" dir="0" index="0" bw="1" slack="5"/>
<pin id="1864" dir="0" index="1" bw="0" slack="2147483647"/>
<pin id="1865" dir="0" index="2" bw="16" slack="0"/>
<pin id="1866" dir="0" index="3" bw="0" slack="2147483647"/>
<pin id="1867" dir="0" index="4" bw="1" slack="4"/>
<pin id="1868" dir="0" index="5" bw="0" slack="2147483647"/>
<pin id="1869" dir="1" index="6" bw="16" slack="0"/>
</pin_list>
<bind>
<opcode="phi(47) " fcode="phi"/>
<opset="res_28_040/6 "/>
</bind>
</comp>

<comp id="1872" class="1005" name="res_29_038_reg_1872">
<pin_list>
<pin id="1873" dir="0" index="0" bw="16" slack="4"/>
<pin id="1874" dir="1" index="1" bw="16" slack="4"/>
</pin_list>
<bind>
<opset="res_29_038 (phireg) "/>
</bind>
</comp>

<comp id="1876" class="1004" name="res_29_038_phi_fu_1876">
<pin_list>
<pin id="1877" dir="0" index="0" bw="1" slack="5"/>
<pin id="1878" dir="0" index="1" bw="0" slack="2147483647"/>
<pin id="1879" dir="0" index="2" bw="16" slack="0"/>
<pin id="1880" dir="0" index="3" bw="0" slack="2147483647"/>
<pin id="1881" dir="0" index="4" bw="1" slack="4"/>
<pin id="1882" dir="0" index="5" bw="0" slack="2147483647"/>
<pin id="1883" dir="1" index="6" bw="16" slack="0"/>
</pin_list>
<bind>
<opcode="phi(47) " fcode="phi"/>
<opset="res_29_038/6 "/>
</bind>
</comp>

<comp id="1886" class="1005" name="res_30_036_reg_1886">
<pin_list>
<pin id="1887" dir="0" index="0" bw="16" slack="4"/>
<pin id="1888" dir="1" index="1" bw="16" slack="4"/>
</pin_list>
<bind>
<opset="res_30_036 (phireg) "/>
</bind>
</comp>

<comp id="1890" class="1004" name="res_30_036_phi_fu_1890">
<pin_list>
<pin id="1891" dir="0" index="0" bw="1" slack="5"/>
<pin id="1892" dir="0" index="1" bw="0" slack="2147483647"/>
<pin id="1893" dir="0" index="2" bw="16" slack="0"/>
<pin id="1894" dir="0" index="3" bw="0" slack="2147483647"/>
<pin id="1895" dir="0" index="4" bw="1" slack="4"/>
<pin id="1896" dir="0" index="5" bw="0" slack="2147483647"/>
<pin id="1897" dir="1" index="6" bw="16" slack="0"/>
</pin_list>
<bind>
<opcode="phi(47) " fcode="phi"/>
<opset="res_30_036/6 "/>
</bind>
</comp>

<comp id="1900" class="1005" name="res_31_034_reg_1900">
<pin_list>
<pin id="1901" dir="0" index="0" bw="16" slack="4"/>
<pin id="1902" dir="1" index="1" bw="16" slack="4"/>
</pin_list>
<bind>
<opset="res_31_034 (phireg) "/>
</bind>
</comp>

<comp id="1904" class="1004" name="res_31_034_phi_fu_1904">
<pin_list>
<pin id="1905" dir="0" index="0" bw="1" slack="5"/>
<pin id="1906" dir="0" index="1" bw="0" slack="2147483647"/>
<pin id="1907" dir="0" index="2" bw="16" slack="0"/>
<pin id="1908" dir="0" index="3" bw="0" slack="2147483647"/>
<pin id="1909" dir="0" index="4" bw="1" slack="4"/>
<pin id="1910" dir="0" index="5" bw="0" slack="2147483647"/>
<pin id="1911" dir="1" index="6" bw="16" slack="0"/>
</pin_list>
<bind>
<opcode="phi(47) " fcode="phi"/>
<opset="res_31_034/6 "/>
</bind>
</comp>

<comp id="1914" class="1005" name="res_32_032_reg_1914">
<pin_list>
<pin id="1915" dir="0" index="0" bw="16" slack="4"/>
<pin id="1916" dir="1" index="1" bw="16" slack="4"/>
</pin_list>
<bind>
<opset="res_32_032 (phireg) "/>
</bind>
</comp>

<comp id="1918" class="1004" name="res_32_032_phi_fu_1918">
<pin_list>
<pin id="1919" dir="0" index="0" bw="1" slack="5"/>
<pin id="1920" dir="0" index="1" bw="0" slack="2147483647"/>
<pin id="1921" dir="0" index="2" bw="16" slack="0"/>
<pin id="1922" dir="0" index="3" bw="0" slack="2147483647"/>
<pin id="1923" dir="0" index="4" bw="1" slack="4"/>
<pin id="1924" dir="0" index="5" bw="0" slack="2147483647"/>
<pin id="1925" dir="1" index="6" bw="16" slack="0"/>
</pin_list>
<bind>
<opcode="phi(47) " fcode="phi"/>
<opset="res_32_032/6 "/>
</bind>
</comp>

<comp id="1928" class="1005" name="res_33_030_reg_1928">
<pin_list>
<pin id="1929" dir="0" index="0" bw="16" slack="4"/>
<pin id="1930" dir="1" index="1" bw="16" slack="4"/>
</pin_list>
<bind>
<opset="res_33_030 (phireg) "/>
</bind>
</comp>

<comp id="1932" class="1004" name="res_33_030_phi_fu_1932">
<pin_list>
<pin id="1933" dir="0" index="0" bw="1" slack="5"/>
<pin id="1934" dir="0" index="1" bw="0" slack="2147483647"/>
<pin id="1935" dir="0" index="2" bw="16" slack="0"/>
<pin id="1936" dir="0" index="3" bw="0" slack="2147483647"/>
<pin id="1937" dir="0" index="4" bw="1" slack="4"/>
<pin id="1938" dir="0" index="5" bw="0" slack="2147483647"/>
<pin id="1939" dir="1" index="6" bw="16" slack="0"/>
</pin_list>
<bind>
<opcode="phi(47) " fcode="phi"/>
<opset="res_33_030/6 "/>
</bind>
</comp>

<comp id="1942" class="1005" name="res_34_028_reg_1942">
<pin_list>
<pin id="1943" dir="0" index="0" bw="16" slack="4"/>
<pin id="1944" dir="1" index="1" bw="16" slack="4"/>
</pin_list>
<bind>
<opset="res_34_028 (phireg) "/>
</bind>
</comp>

<comp id="1946" class="1004" name="res_34_028_phi_fu_1946">
<pin_list>
<pin id="1947" dir="0" index="0" bw="1" slack="5"/>
<pin id="1948" dir="0" index="1" bw="0" slack="2147483647"/>
<pin id="1949" dir="0" index="2" bw="16" slack="0"/>
<pin id="1950" dir="0" index="3" bw="0" slack="2147483647"/>
<pin id="1951" dir="0" index="4" bw="1" slack="4"/>
<pin id="1952" dir="0" index="5" bw="0" slack="2147483647"/>
<pin id="1953" dir="1" index="6" bw="16" slack="0"/>
</pin_list>
<bind>
<opcode="phi(47) " fcode="phi"/>
<opset="res_34_028/6 "/>
</bind>
</comp>

<comp id="1956" class="1005" name="res_35_026_reg_1956">
<pin_list>
<pin id="1957" dir="0" index="0" bw="16" slack="4"/>
<pin id="1958" dir="1" index="1" bw="16" slack="4"/>
</pin_list>
<bind>
<opset="res_35_026 (phireg) "/>
</bind>
</comp>

<comp id="1960" class="1004" name="res_35_026_phi_fu_1960">
<pin_list>
<pin id="1961" dir="0" index="0" bw="1" slack="5"/>
<pin id="1962" dir="0" index="1" bw="0" slack="2147483647"/>
<pin id="1963" dir="0" index="2" bw="16" slack="0"/>
<pin id="1964" dir="0" index="3" bw="0" slack="2147483647"/>
<pin id="1965" dir="0" index="4" bw="1" slack="4"/>
<pin id="1966" dir="0" index="5" bw="0" slack="2147483647"/>
<pin id="1967" dir="1" index="6" bw="16" slack="0"/>
</pin_list>
<bind>
<opcode="phi(47) " fcode="phi"/>
<opset="res_35_026/6 "/>
</bind>
</comp>

<comp id="1970" class="1005" name="res_36_024_reg_1970">
<pin_list>
<pin id="1971" dir="0" index="0" bw="16" slack="4"/>
<pin id="1972" dir="1" index="1" bw="16" slack="4"/>
</pin_list>
<bind>
<opset="res_36_024 (phireg) "/>
</bind>
</comp>

<comp id="1974" class="1004" name="res_36_024_phi_fu_1974">
<pin_list>
<pin id="1975" dir="0" index="0" bw="1" slack="5"/>
<pin id="1976" dir="0" index="1" bw="0" slack="2147483647"/>
<pin id="1977" dir="0" index="2" bw="16" slack="0"/>
<pin id="1978" dir="0" index="3" bw="0" slack="2147483647"/>
<pin id="1979" dir="0" index="4" bw="1" slack="4"/>
<pin id="1980" dir="0" index="5" bw="0" slack="2147483647"/>
<pin id="1981" dir="1" index="6" bw="16" slack="0"/>
</pin_list>
<bind>
<opcode="phi(47) " fcode="phi"/>
<opset="res_36_024/6 "/>
</bind>
</comp>

<comp id="1984" class="1005" name="res_37_022_reg_1984">
<pin_list>
<pin id="1985" dir="0" index="0" bw="16" slack="4"/>
<pin id="1986" dir="1" index="1" bw="16" slack="4"/>
</pin_list>
<bind>
<opset="res_37_022 (phireg) "/>
</bind>
</comp>

<comp id="1988" class="1004" name="res_37_022_phi_fu_1988">
<pin_list>
<pin id="1989" dir="0" index="0" bw="1" slack="5"/>
<pin id="1990" dir="0" index="1" bw="0" slack="2147483647"/>
<pin id="1991" dir="0" index="2" bw="16" slack="0"/>
<pin id="1992" dir="0" index="3" bw="0" slack="2147483647"/>
<pin id="1993" dir="0" index="4" bw="1" slack="4"/>
<pin id="1994" dir="0" index="5" bw="0" slack="2147483647"/>
<pin id="1995" dir="1" index="6" bw="16" slack="0"/>
</pin_list>
<bind>
<opcode="phi(47) " fcode="phi"/>
<opset="res_37_022/6 "/>
</bind>
</comp>

<comp id="1998" class="1005" name="res_38_020_reg_1998">
<pin_list>
<pin id="1999" dir="0" index="0" bw="16" slack="4"/>
<pin id="2000" dir="1" index="1" bw="16" slack="4"/>
</pin_list>
<bind>
<opset="res_38_020 (phireg) "/>
</bind>
</comp>

<comp id="2002" class="1004" name="res_38_020_phi_fu_2002">
<pin_list>
<pin id="2003" dir="0" index="0" bw="1" slack="5"/>
<pin id="2004" dir="0" index="1" bw="0" slack="2147483647"/>
<pin id="2005" dir="0" index="2" bw="16" slack="0"/>
<pin id="2006" dir="0" index="3" bw="0" slack="2147483647"/>
<pin id="2007" dir="0" index="4" bw="1" slack="4"/>
<pin id="2008" dir="0" index="5" bw="0" slack="2147483647"/>
<pin id="2009" dir="1" index="6" bw="16" slack="0"/>
</pin_list>
<bind>
<opcode="phi(47) " fcode="phi"/>
<opset="res_38_020/6 "/>
</bind>
</comp>

<comp id="2012" class="1005" name="res_39_018_reg_2012">
<pin_list>
<pin id="2013" dir="0" index="0" bw="16" slack="4"/>
<pin id="2014" dir="1" index="1" bw="16" slack="4"/>
</pin_list>
<bind>
<opset="res_39_018 (phireg) "/>
</bind>
</comp>

<comp id="2016" class="1004" name="res_39_018_phi_fu_2016">
<pin_list>
<pin id="2017" dir="0" index="0" bw="1" slack="5"/>
<pin id="2018" dir="0" index="1" bw="0" slack="2147483647"/>
<pin id="2019" dir="0" index="2" bw="16" slack="0"/>
<pin id="2020" dir="0" index="3" bw="0" slack="2147483647"/>
<pin id="2021" dir="0" index="4" bw="1" slack="4"/>
<pin id="2022" dir="0" index="5" bw="0" slack="2147483647"/>
<pin id="2023" dir="1" index="6" bw="16" slack="0"/>
</pin_list>
<bind>
<opcode="phi(47) " fcode="phi"/>
<opset="res_39_018/6 "/>
</bind>
</comp>

<comp id="2026" class="1005" name="res_40_016_reg_2026">
<pin_list>
<pin id="2027" dir="0" index="0" bw="16" slack="4"/>
<pin id="2028" dir="1" index="1" bw="16" slack="4"/>
</pin_list>
<bind>
<opset="res_40_016 (phireg) "/>
</bind>
</comp>

<comp id="2030" class="1004" name="res_40_016_phi_fu_2030">
<pin_list>
<pin id="2031" dir="0" index="0" bw="1" slack="5"/>
<pin id="2032" dir="0" index="1" bw="0" slack="2147483647"/>
<pin id="2033" dir="0" index="2" bw="16" slack="0"/>
<pin id="2034" dir="0" index="3" bw="0" slack="2147483647"/>
<pin id="2035" dir="0" index="4" bw="1" slack="4"/>
<pin id="2036" dir="0" index="5" bw="0" slack="2147483647"/>
<pin id="2037" dir="1" index="6" bw="16" slack="0"/>
</pin_list>
<bind>
<opcode="phi(47) " fcode="phi"/>
<opset="res_40_016/6 "/>
</bind>
</comp>

<comp id="2040" class="1005" name="res_41_014_reg_2040">
<pin_list>
<pin id="2041" dir="0" index="0" bw="16" slack="4"/>
<pin id="2042" dir="1" index="1" bw="16" slack="4"/>
</pin_list>
<bind>
<opset="res_41_014 (phireg) "/>
</bind>
</comp>

<comp id="2044" class="1004" name="res_41_014_phi_fu_2044">
<pin_list>
<pin id="2045" dir="0" index="0" bw="1" slack="5"/>
<pin id="2046" dir="0" index="1" bw="0" slack="2147483647"/>
<pin id="2047" dir="0" index="2" bw="16" slack="0"/>
<pin id="2048" dir="0" index="3" bw="0" slack="2147483647"/>
<pin id="2049" dir="0" index="4" bw="1" slack="4"/>
<pin id="2050" dir="0" index="5" bw="0" slack="2147483647"/>
<pin id="2051" dir="1" index="6" bw="16" slack="0"/>
</pin_list>
<bind>
<opcode="phi(47) " fcode="phi"/>
<opset="res_41_014/6 "/>
</bind>
</comp>

<comp id="2054" class="1005" name="res_42_012_reg_2054">
<pin_list>
<pin id="2055" dir="0" index="0" bw="16" slack="4"/>
<pin id="2056" dir="1" index="1" bw="16" slack="4"/>
</pin_list>
<bind>
<opset="res_42_012 (phireg) "/>
</bind>
</comp>

<comp id="2058" class="1004" name="res_42_012_phi_fu_2058">
<pin_list>
<pin id="2059" dir="0" index="0" bw="1" slack="5"/>
<pin id="2060" dir="0" index="1" bw="0" slack="2147483647"/>
<pin id="2061" dir="0" index="2" bw="16" slack="0"/>
<pin id="2062" dir="0" index="3" bw="0" slack="2147483647"/>
<pin id="2063" dir="0" index="4" bw="1" slack="4"/>
<pin id="2064" dir="0" index="5" bw="0" slack="2147483647"/>
<pin id="2065" dir="1" index="6" bw="16" slack="0"/>
</pin_list>
<bind>
<opcode="phi(47) " fcode="phi"/>
<opset="res_42_012/6 "/>
</bind>
</comp>

<comp id="2068" class="1005" name="res_43_010_reg_2068">
<pin_list>
<pin id="2069" dir="0" index="0" bw="16" slack="4"/>
<pin id="2070" dir="1" index="1" bw="16" slack="4"/>
</pin_list>
<bind>
<opset="res_43_010 (phireg) "/>
</bind>
</comp>

<comp id="2072" class="1004" name="res_43_010_phi_fu_2072">
<pin_list>
<pin id="2073" dir="0" index="0" bw="1" slack="5"/>
<pin id="2074" dir="0" index="1" bw="0" slack="2147483647"/>
<pin id="2075" dir="0" index="2" bw="16" slack="0"/>
<pin id="2076" dir="0" index="3" bw="0" slack="2147483647"/>
<pin id="2077" dir="0" index="4" bw="1" slack="4"/>
<pin id="2078" dir="0" index="5" bw="0" slack="2147483647"/>
<pin id="2079" dir="1" index="6" bw="16" slack="0"/>
</pin_list>
<bind>
<opcode="phi(47) " fcode="phi"/>
<opset="res_43_010/6 "/>
</bind>
</comp>

<comp id="2082" class="1005" name="res_44_08_reg_2082">
<pin_list>
<pin id="2083" dir="0" index="0" bw="16" slack="4"/>
<pin id="2084" dir="1" index="1" bw="16" slack="4"/>
</pin_list>
<bind>
<opset="res_44_08 (phireg) "/>
</bind>
</comp>

<comp id="2086" class="1004" name="res_44_08_phi_fu_2086">
<pin_list>
<pin id="2087" dir="0" index="0" bw="1" slack="5"/>
<pin id="2088" dir="0" index="1" bw="0" slack="2147483647"/>
<pin id="2089" dir="0" index="2" bw="16" slack="0"/>
<pin id="2090" dir="0" index="3" bw="0" slack="2147483647"/>
<pin id="2091" dir="0" index="4" bw="1" slack="4"/>
<pin id="2092" dir="0" index="5" bw="0" slack="2147483647"/>
<pin id="2093" dir="1" index="6" bw="16" slack="0"/>
</pin_list>
<bind>
<opcode="phi(47) " fcode="phi"/>
<opset="res_44_08/6 "/>
</bind>
</comp>

<comp id="2096" class="1005" name="res_45_06_reg_2096">
<pin_list>
<pin id="2097" dir="0" index="0" bw="16" slack="4"/>
<pin id="2098" dir="1" index="1" bw="16" slack="4"/>
</pin_list>
<bind>
<opset="res_45_06 (phireg) "/>
</bind>
</comp>

<comp id="2100" class="1004" name="res_45_06_phi_fu_2100">
<pin_list>
<pin id="2101" dir="0" index="0" bw="1" slack="5"/>
<pin id="2102" dir="0" index="1" bw="0" slack="2147483647"/>
<pin id="2103" dir="0" index="2" bw="16" slack="0"/>
<pin id="2104" dir="0" index="3" bw="0" slack="2147483647"/>
<pin id="2105" dir="0" index="4" bw="1" slack="4"/>
<pin id="2106" dir="0" index="5" bw="0" slack="2147483647"/>
<pin id="2107" dir="1" index="6" bw="16" slack="0"/>
</pin_list>
<bind>
<opcode="phi(47) " fcode="phi"/>
<opset="res_45_06/6 "/>
</bind>
</comp>

<comp id="2110" class="1005" name="res_46_04_reg_2110">
<pin_list>
<pin id="2111" dir="0" index="0" bw="16" slack="4"/>
<pin id="2112" dir="1" index="1" bw="16" slack="4"/>
</pin_list>
<bind>
<opset="res_46_04 (phireg) "/>
</bind>
</comp>

<comp id="2114" class="1004" name="res_46_04_phi_fu_2114">
<pin_list>
<pin id="2115" dir="0" index="0" bw="1" slack="5"/>
<pin id="2116" dir="0" index="1" bw="0" slack="2147483647"/>
<pin id="2117" dir="0" index="2" bw="16" slack="0"/>
<pin id="2118" dir="0" index="3" bw="0" slack="2147483647"/>
<pin id="2119" dir="0" index="4" bw="1" slack="4"/>
<pin id="2120" dir="0" index="5" bw="0" slack="2147483647"/>
<pin id="2121" dir="1" index="6" bw="16" slack="0"/>
</pin_list>
<bind>
<opcode="phi(47) " fcode="phi"/>
<opset="res_46_04/6 "/>
</bind>
</comp>

<comp id="2124" class="1004" name="zext_ln46_fu_2124">
<pin_list>
<pin id="2125" dir="0" index="0" bw="5" slack="0"/>
<pin id="2126" dir="1" index="1" bw="64" slack="0"/>
</pin_list>
<bind>
<opcode="zext(34) " fcode="zext"/>
<opset="zext_ln46/2 "/>
</bind>
</comp>

<comp id="2129" class="1004" name="w_index_fu_2129">
<pin_list>
<pin id="2130" dir="0" index="0" bw="5" slack="0"/>
<pin id="2131" dir="0" index="1" bw="1" slack="0"/>
<pin id="2132" dir="1" index="2" bw="5" slack="0"/>
</pin_list>
<bind>
<opcode="add(8) " fcode="add"/>
<opset="w_index/2 "/>
</bind>
</comp>

<comp id="2135" class="1004" name="icmp_ln46_fu_2135">
<pin_list>
<pin id="2136" dir="0" index="0" bw="5" slack="0"/>
<pin id="2137" dir="0" index="1" bw="5" slack="0"/>
<pin id="2138" dir="1" index="2" bw="1" slack="1"/>
</pin_list>
<bind>
<opcode="icmp(45) " fcode="icmp"/>
<opset="icmp_ln46/2 "/>
</bind>
</comp>

<comp id="2141" class="1004" name="a_fu_2141">
<pin_list>
<pin id="2142" dir="0" index="0" bw="16" slack="0"/>
<pin id="2143" dir="0" index="1" bw="5" slack="0"/>
<pin id="2144" dir="0" index="2" bw="16" slack="0"/>
<pin id="2145" dir="0" index="3" bw="5" slack="0"/>
<pin id="2146" dir="0" index="4" bw="16" slack="0"/>
<pin id="2147" dir="0" index="5" bw="5" slack="0"/>
<pin id="2148" dir="0" index="6" bw="16" slack="0"/>
<pin id="2149" dir="0" index="7" bw="5" slack="0"/>
<pin id="2150" dir="0" index="8" bw="16" slack="0"/>
<pin id="2151" dir="0" index="9" bw="5" slack="0"/>
<pin id="2152" dir="0" index="10" bw="16" slack="0"/>
<pin id="2153" dir="0" index="11" bw="5" slack="0"/>
<pin id="2154" dir="0" index="12" bw="16" slack="0"/>
<pin id="2155" dir="0" index="13" bw="5" slack="0"/>
<pin id="2156" dir="0" index="14" bw="16" slack="0"/>
<pin id="2157" dir="0" index="15" bw="5" slack="0"/>
<pin id="2158" dir="0" index="16" bw="16" slack="0"/>
<pin id="2159" dir="0" index="17" bw="5" slack="0"/>
<pin id="2160" dir="0" index="18" bw="16" slack="0"/>
<pin id="2161" dir="0" index="19" bw="5" slack="0"/>
<pin id="2162" dir="0" index="20" bw="16" slack="0"/>
<pin id="2163" dir="0" index="21" bw="5" slack="0"/>
<pin id="2164" dir="0" index="22" bw="16" slack="0"/>
<pin id="2165" dir="0" index="23" bw="5" slack="0"/>
<pin id="2166" dir="0" index="24" bw="16" slack="0"/>
<pin id="2167" dir="0" index="25" bw="5" slack="0"/>
<pin id="2168" dir="0" index="26" bw="16" slack="0"/>
<pin id="2169" dir="0" index="27" bw="5" slack="0"/>
<pin id="2170" dir="0" index="28" bw="16" slack="0"/>
<pin id="2171" dir="0" index="29" bw="5" slack="0"/>
<pin id="2172" dir="0" index="30" bw="16" slack="0"/>
<pin id="2173" dir="0" index="31" bw="5" slack="0"/>
<pin id="2174" dir="0" index="32" bw="16" slack="0"/>
<pin id="2175" dir="0" index="33" bw="5" slack="0"/>
<pin id="2176" dir="0" index="34" bw="16" slack="0"/>
<pin id="2177" dir="0" index="35" bw="5" slack="0"/>
<pin id="2178" dir="0" index="36" bw="16" slack="0"/>
<pin id="2179" dir="0" index="37" bw="5" slack="0"/>
<pin id="2180" dir="0" index="38" bw="16" slack="0"/>
<pin id="2181" dir="0" index="39" bw="5" slack="0"/>
<pin id="2182" dir="0" index="40" bw="16" slack="0"/>
<pin id="2183" dir="0" index="41" bw="5" slack="0"/>
<pin id="2184" dir="0" index="42" bw="16" slack="0"/>
<pin id="2185" dir="0" index="43" bw="5" slack="0"/>
<pin id="2186" dir="0" index="44" bw="16" slack="0"/>
<pin id="2187" dir="0" index="45" bw="5" slack="0"/>
<pin id="2188" dir="0" index="46" bw="16" slack="0"/>
<pin id="2189" dir="0" index="47" bw="5" slack="0"/>
<pin id="2190" dir="0" index="48" bw="16" slack="0"/>
<pin id="2191" dir="0" index="49" bw="5" slack="0"/>
<pin id="2192" dir="0" index="50" bw="16" slack="0"/>
<pin id="2193" dir="0" index="51" bw="5" slack="0"/>
<pin id="2194" dir="0" index="52" bw="16" slack="0"/>
<pin id="2195" dir="0" index="53" bw="5" slack="0"/>
<pin id="2196" dir="0" index="54" bw="16" slack="0"/>
<pin id="2197" dir="0" index="55" bw="5" slack="0"/>
<pin id="2198" dir="0" index="56" bw="16" slack="0"/>
<pin id="2199" dir="0" index="57" bw="5" slack="0"/>
<pin id="2200" dir="0" index="58" bw="16" slack="0"/>
<pin id="2201" dir="0" index="59" bw="5" slack="0"/>
<pin id="2202" dir="0" index="60" bw="16" slack="0"/>
<pin id="2203" dir="0" index="61" bw="5" slack="0"/>
<pin id="2204" dir="0" index="62" bw="16" slack="0"/>
<pin id="2205" dir="0" index="63" bw="5" slack="0"/>
<pin id="2206" dir="0" index="64" bw="16" slack="0"/>
<pin id="2207" dir="0" index="65" bw="16" slack="0"/>
<pin id="2208" dir="0" index="66" bw="5" slack="1"/>
<pin id="2209" dir="1" index="67" bw="16" slack="1"/>
</pin_list>
<bind>
<opcode="sparsemux(1197) " fcode="sparsemux"/>
<opset="a/3 "/>
</bind>
</comp>

<comp id="2277" class="1004" name="w_fu_2277">
<pin_list>
<pin id="2278" dir="0" index="0" bw="747" slack="0"/>
<pin id="2279" dir="1" index="1" bw="16" slack="1"/>
</pin_list>
<bind>
<opcode="trunc(33) " fcode="trunc"/>
<opset="w/3 "/>
</bind>
</comp>

<comp id="2281" class="1004" name="w_7_fu_2281">
<pin_list>
<pin id="2282" dir="0" index="0" bw="16" slack="0"/>
<pin id="2283" dir="0" index="1" bw="747" slack="0"/>
<pin id="2284" dir="0" index="2" bw="6" slack="0"/>
<pin id="2285" dir="0" index="3" bw="6" slack="0"/>
<pin id="2286" dir="1" index="4" bw="16" slack="1"/>
</pin_list>
<bind>
<opcode="partselect(1002) " fcode="partselect"/>
<opset="w_7/3 "/>
</bind>
</comp>

<comp id="2291" class="1004" name="w_8_fu_2291">
<pin_list>
<pin id="2292" dir="0" index="0" bw="16" slack="0"/>
<pin id="2293" dir="0" index="1" bw="747" slack="0"/>
<pin id="2294" dir="0" index="2" bw="7" slack="0"/>
<pin id="2295" dir="0" index="3" bw="7" slack="0"/>
<pin id="2296" dir="1" index="4" bw="16" slack="1"/>
</pin_list>
<bind>
<opcode="partselect(1002) " fcode="partselect"/>
<opset="w_8/3 "/>
</bind>
</comp>

<comp id="2301" class="1004" name="w_9_fu_2301">
<pin_list>
<pin id="2302" dir="0" index="0" bw="16" slack="0"/>
<pin id="2303" dir="0" index="1" bw="747" slack="0"/>
<pin id="2304" dir="0" index="2" bw="7" slack="0"/>
<pin id="2305" dir="0" index="3" bw="7" slack="0"/>
<pin id="2306" dir="1" index="4" bw="16" slack="1"/>
</pin_list>
<bind>
<opcode="partselect(1002) " fcode="partselect"/>
<opset="w_9/3 "/>
</bind>
</comp>

<comp id="2311" class="1004" name="w_10_fu_2311">
<pin_list>
<pin id="2312" dir="0" index="0" bw="16" slack="0"/>
<pin id="2313" dir="0" index="1" bw="747" slack="0"/>
<pin id="2314" dir="0" index="2" bw="8" slack="0"/>
<pin id="2315" dir="0" index="3" bw="8" slack="0"/>
<pin id="2316" dir="1" index="4" bw="16" slack="1"/>
</pin_list>
<bind>
<opcode="partselect(1002) " fcode="partselect"/>
<opset="w_10/3 "/>
</bind>
</comp>

<comp id="2321" class="1004" name="w_11_fu_2321">
<pin_list>
<pin id="2322" dir="0" index="0" bw="16" slack="0"/>
<pin id="2323" dir="0" index="1" bw="747" slack="0"/>
<pin id="2324" dir="0" index="2" bw="8" slack="0"/>
<pin id="2325" dir="0" index="3" bw="8" slack="0"/>
<pin id="2326" dir="1" index="4" bw="16" slack="1"/>
</pin_list>
<bind>
<opcode="partselect(1002) " fcode="partselect"/>
<opset="w_11/3 "/>
</bind>
</comp>

<comp id="2331" class="1004" name="w_12_fu_2331">
<pin_list>
<pin id="2332" dir="0" index="0" bw="16" slack="0"/>
<pin id="2333" dir="0" index="1" bw="747" slack="0"/>
<pin id="2334" dir="0" index="2" bw="8" slack="0"/>
<pin id="2335" dir="0" index="3" bw="8" slack="0"/>
<pin id="2336" dir="1" index="4" bw="16" slack="1"/>
</pin_list>
<bind>
<opcode="partselect(1002) " fcode="partselect"/>
<opset="w_12/3 "/>
</bind>
</comp>

<comp id="2341" class="1004" name="w_13_fu_2341">
<pin_list>
<pin id="2342" dir="0" index="0" bw="16" slack="0"/>
<pin id="2343" dir="0" index="1" bw="747" slack="0"/>
<pin id="2344" dir="0" index="2" bw="8" slack="0"/>
<pin id="2345" dir="0" index="3" bw="8" slack="0"/>
<pin id="2346" dir="1" index="4" bw="16" slack="1"/>
</pin_list>
<bind>
<opcode="partselect(1002) " fcode="partselect"/>
<opset="w_13/3 "/>
</bind>
</comp>

<comp id="2351" class="1004" name="w_14_fu_2351">
<pin_list>
<pin id="2352" dir="0" index="0" bw="16" slack="0"/>
<pin id="2353" dir="0" index="1" bw="747" slack="0"/>
<pin id="2354" dir="0" index="2" bw="9" slack="0"/>
<pin id="2355" dir="0" index="3" bw="9" slack="0"/>
<pin id="2356" dir="1" index="4" bw="16" slack="1"/>
</pin_list>
<bind>
<opcode="partselect(1002) " fcode="partselect"/>
<opset="w_14/3 "/>
</bind>
</comp>

<comp id="2361" class="1004" name="w_15_fu_2361">
<pin_list>
<pin id="2362" dir="0" index="0" bw="16" slack="0"/>
<pin id="2363" dir="0" index="1" bw="747" slack="0"/>
<pin id="2364" dir="0" index="2" bw="9" slack="0"/>
<pin id="2365" dir="0" index="3" bw="9" slack="0"/>
<pin id="2366" dir="1" index="4" bw="16" slack="1"/>
</pin_list>
<bind>
<opcode="partselect(1002) " fcode="partselect"/>
<opset="w_15/3 "/>
</bind>
</comp>

<comp id="2371" class="1004" name="w_16_fu_2371">
<pin_list>
<pin id="2372" dir="0" index="0" bw="16" slack="0"/>
<pin id="2373" dir="0" index="1" bw="747" slack="0"/>
<pin id="2374" dir="0" index="2" bw="9" slack="0"/>
<pin id="2375" dir="0" index="3" bw="9" slack="0"/>
<pin id="2376" dir="1" index="4" bw="16" slack="1"/>
</pin_list>
<bind>
<opcode="partselect(1002) " fcode="partselect"/>
<opset="w_16/3 "/>
</bind>
</comp>

<comp id="2381" class="1004" name="w_17_fu_2381">
<pin_list>
<pin id="2382" dir="0" index="0" bw="16" slack="0"/>
<pin id="2383" dir="0" index="1" bw="747" slack="0"/>
<pin id="2384" dir="0" index="2" bw="9" slack="0"/>
<pin id="2385" dir="0" index="3" bw="9" slack="0"/>
<pin id="2386" dir="1" index="4" bw="16" slack="1"/>
</pin_list>
<bind>
<opcode="partselect(1002) " fcode="partselect"/>
<opset="w_17/3 "/>
</bind>
</comp>

<comp id="2391" class="1004" name="w_18_fu_2391">
<pin_list>
<pin id="2392" dir="0" index="0" bw="16" slack="0"/>
<pin id="2393" dir="0" index="1" bw="747" slack="0"/>
<pin id="2394" dir="0" index="2" bw="9" slack="0"/>
<pin id="2395" dir="0" index="3" bw="9" slack="0"/>
<pin id="2396" dir="1" index="4" bw="16" slack="1"/>
</pin_list>
<bind>
<opcode="partselect(1002) " fcode="partselect"/>
<opset="w_18/3 "/>
</bind>
</comp>

<comp id="2401" class="1004" name="w_19_fu_2401">
<pin_list>
<pin id="2402" dir="0" index="0" bw="16" slack="0"/>
<pin id="2403" dir="0" index="1" bw="747" slack="0"/>
<pin id="2404" dir="0" index="2" bw="9" slack="0"/>
<pin id="2405" dir="0" index="3" bw="9" slack="0"/>
<pin id="2406" dir="1" index="4" bw="16" slack="1"/>
</pin_list>
<bind>
<opcode="partselect(1002) " fcode="partselect"/>
<opset="w_19/3 "/>
</bind>
</comp>

<comp id="2411" class="1004" name="w_20_fu_2411">
<pin_list>
<pin id="2412" dir="0" index="0" bw="16" slack="0"/>
<pin id="2413" dir="0" index="1" bw="747" slack="0"/>
<pin id="2414" dir="0" index="2" bw="9" slack="0"/>
<pin id="2415" dir="0" index="3" bw="9" slack="0"/>
<pin id="2416" dir="1" index="4" bw="16" slack="1"/>
</pin_list>
<bind>
<opcode="partselect(1002) " fcode="partselect"/>
<opset="w_20/3 "/>
</bind>
</comp>

<comp id="2421" class="1004" name="w_21_fu_2421">
<pin_list>
<pin id="2422" dir="0" index="0" bw="16" slack="0"/>
<pin id="2423" dir="0" index="1" bw="747" slack="0"/>
<pin id="2424" dir="0" index="2" bw="9" slack="0"/>
<pin id="2425" dir="0" index="3" bw="9" slack="0"/>
<pin id="2426" dir="1" index="4" bw="16" slack="1"/>
</pin_list>
<bind>
<opcode="partselect(1002) " fcode="partselect"/>
<opset="w_21/3 "/>
</bind>
</comp>

<comp id="2431" class="1004" name="w_22_fu_2431">
<pin_list>
<pin id="2432" dir="0" index="0" bw="16" slack="0"/>
<pin id="2433" dir="0" index="1" bw="747" slack="0"/>
<pin id="2434" dir="0" index="2" bw="10" slack="0"/>
<pin id="2435" dir="0" index="3" bw="10" slack="0"/>
<pin id="2436" dir="1" index="4" bw="16" slack="1"/>
</pin_list>
<bind>
<opcode="partselect(1002) " fcode="partselect"/>
<opset="w_22/3 "/>
</bind>
</comp>

<comp id="2441" class="1004" name="w_23_fu_2441">
<pin_list>
<pin id="2442" dir="0" index="0" bw="16" slack="0"/>
<pin id="2443" dir="0" index="1" bw="747" slack="0"/>
<pin id="2444" dir="0" index="2" bw="10" slack="0"/>
<pin id="2445" dir="0" index="3" bw="10" slack="0"/>
<pin id="2446" dir="1" index="4" bw="16" slack="1"/>
</pin_list>
<bind>
<opcode="partselect(1002) " fcode="partselect"/>
<opset="w_23/3 "/>
</bind>
</comp>

<comp id="2451" class="1004" name="w_24_fu_2451">
<pin_list>
<pin id="2452" dir="0" index="0" bw="16" slack="0"/>
<pin id="2453" dir="0" index="1" bw="747" slack="0"/>
<pin id="2454" dir="0" index="2" bw="10" slack="0"/>
<pin id="2455" dir="0" index="3" bw="10" slack="0"/>
<pin id="2456" dir="1" index="4" bw="16" slack="1"/>
</pin_list>
<bind>
<opcode="partselect(1002) " fcode="partselect"/>
<opset="w_24/3 "/>
</bind>
</comp>

<comp id="2461" class="1004" name="w_25_fu_2461">
<pin_list>
<pin id="2462" dir="0" index="0" bw="16" slack="0"/>
<pin id="2463" dir="0" index="1" bw="747" slack="0"/>
<pin id="2464" dir="0" index="2" bw="10" slack="0"/>
<pin id="2465" dir="0" index="3" bw="10" slack="0"/>
<pin id="2466" dir="1" index="4" bw="16" slack="1"/>
</pin_list>
<bind>
<opcode="partselect(1002) " fcode="partselect"/>
<opset="w_25/3 "/>
</bind>
</comp>

<comp id="2471" class="1004" name="w_26_fu_2471">
<pin_list>
<pin id="2472" dir="0" index="0" bw="16" slack="0"/>
<pin id="2473" dir="0" index="1" bw="747" slack="0"/>
<pin id="2474" dir="0" index="2" bw="10" slack="0"/>
<pin id="2475" dir="0" index="3" bw="10" slack="0"/>
<pin id="2476" dir="1" index="4" bw="16" slack="1"/>
</pin_list>
<bind>
<opcode="partselect(1002) " fcode="partselect"/>
<opset="w_26/3 "/>
</bind>
</comp>

<comp id="2481" class="1004" name="w_27_fu_2481">
<pin_list>
<pin id="2482" dir="0" index="0" bw="16" slack="0"/>
<pin id="2483" dir="0" index="1" bw="747" slack="0"/>
<pin id="2484" dir="0" index="2" bw="10" slack="0"/>
<pin id="2485" dir="0" index="3" bw="10" slack="0"/>
<pin id="2486" dir="1" index="4" bw="16" slack="1"/>
</pin_list>
<bind>
<opcode="partselect(1002) " fcode="partselect"/>
<opset="w_27/3 "/>
</bind>
</comp>

<comp id="2491" class="1004" name="w_28_fu_2491">
<pin_list>
<pin id="2492" dir="0" index="0" bw="16" slack="0"/>
<pin id="2493" dir="0" index="1" bw="747" slack="0"/>
<pin id="2494" dir="0" index="2" bw="10" slack="0"/>
<pin id="2495" dir="0" index="3" bw="10" slack="0"/>
<pin id="2496" dir="1" index="4" bw="16" slack="1"/>
</pin_list>
<bind>
<opcode="partselect(1002) " fcode="partselect"/>
<opset="w_28/3 "/>
</bind>
</comp>

<comp id="2501" class="1004" name="w_29_fu_2501">
<pin_list>
<pin id="2502" dir="0" index="0" bw="16" slack="0"/>
<pin id="2503" dir="0" index="1" bw="747" slack="0"/>
<pin id="2504" dir="0" index="2" bw="10" slack="0"/>
<pin id="2505" dir="0" index="3" bw="10" slack="0"/>
<pin id="2506" dir="1" index="4" bw="16" slack="1"/>
</pin_list>
<bind>
<opcode="partselect(1002) " fcode="partselect"/>
<opset="w_29/3 "/>
</bind>
</comp>

<comp id="2511" class="1004" name="w_30_fu_2511">
<pin_list>
<pin id="2512" dir="0" index="0" bw="16" slack="0"/>
<pin id="2513" dir="0" index="1" bw="747" slack="0"/>
<pin id="2514" dir="0" index="2" bw="10" slack="0"/>
<pin id="2515" dir="0" index="3" bw="10" slack="0"/>
<pin id="2516" dir="1" index="4" bw="16" slack="1"/>
</pin_list>
<bind>
<opcode="partselect(1002) " fcode="partselect"/>
<opset="w_30/3 "/>
</bind>
</comp>

<comp id="2521" class="1004" name="w_31_fu_2521">
<pin_list>
<pin id="2522" dir="0" index="0" bw="16" slack="0"/>
<pin id="2523" dir="0" index="1" bw="747" slack="0"/>
<pin id="2524" dir="0" index="2" bw="10" slack="0"/>
<pin id="2525" dir="0" index="3" bw="10" slack="0"/>
<pin id="2526" dir="1" index="4" bw="16" slack="1"/>
</pin_list>
<bind>
<opcode="partselect(1002) " fcode="partselect"/>
<opset="w_31/3 "/>
</bind>
</comp>

<comp id="2531" class="1004" name="w_32_fu_2531">
<pin_list>
<pin id="2532" dir="0" index="0" bw="16" slack="0"/>
<pin id="2533" dir="0" index="1" bw="747" slack="0"/>
<pin id="2534" dir="0" index="2" bw="10" slack="0"/>
<pin id="2535" dir="0" index="3" bw="10" slack="0"/>
<pin id="2536" dir="1" index="4" bw="16" slack="1"/>
</pin_list>
<bind>
<opcode="partselect(1002) " fcode="partselect"/>
<opset="w_32/3 "/>
</bind>
</comp>

<comp id="2541" class="1004" name="w_33_fu_2541">
<pin_list>
<pin id="2542" dir="0" index="0" bw="16" slack="0"/>
<pin id="2543" dir="0" index="1" bw="747" slack="0"/>
<pin id="2544" dir="0" index="2" bw="10" slack="0"/>
<pin id="2545" dir="0" index="3" bw="10" slack="0"/>
<pin id="2546" dir="1" index="4" bw="16" slack="1"/>
</pin_list>
<bind>
<opcode="partselect(1002) " fcode="partselect"/>
<opset="w_33/3 "/>
</bind>
</comp>

<comp id="2551" class="1004" name="w_34_fu_2551">
<pin_list>
<pin id="2552" dir="0" index="0" bw="16" slack="0"/>
<pin id="2553" dir="0" index="1" bw="747" slack="0"/>
<pin id="2554" dir="0" index="2" bw="10" slack="0"/>
<pin id="2555" dir="0" index="3" bw="10" slack="0"/>
<pin id="2556" dir="1" index="4" bw="16" slack="1"/>
</pin_list>
<bind>
<opcode="partselect(1002) " fcode="partselect"/>
<opset="w_34/3 "/>
</bind>
</comp>

<comp id="2561" class="1004" name="w_35_fu_2561">
<pin_list>
<pin id="2562" dir="0" index="0" bw="16" slack="0"/>
<pin id="2563" dir="0" index="1" bw="747" slack="0"/>
<pin id="2564" dir="0" index="2" bw="10" slack="0"/>
<pin id="2565" dir="0" index="3" bw="10" slack="0"/>
<pin id="2566" dir="1" index="4" bw="16" slack="1"/>
</pin_list>
<bind>
<opcode="partselect(1002) " fcode="partselect"/>
<opset="w_35/3 "/>
</bind>
</comp>

<comp id="2571" class="1004" name="w_36_fu_2571">
<pin_list>
<pin id="2572" dir="0" index="0" bw="16" slack="0"/>
<pin id="2573" dir="0" index="1" bw="747" slack="0"/>
<pin id="2574" dir="0" index="2" bw="10" slack="0"/>
<pin id="2575" dir="0" index="3" bw="10" slack="0"/>
<pin id="2576" dir="1" index="4" bw="16" slack="1"/>
</pin_list>
<bind>
<opcode="partselect(1002) " fcode="partselect"/>
<opset="w_36/3 "/>
</bind>
</comp>

<comp id="2581" class="1004" name="w_37_fu_2581">
<pin_list>
<pin id="2582" dir="0" index="0" bw="16" slack="0"/>
<pin id="2583" dir="0" index="1" bw="747" slack="0"/>
<pin id="2584" dir="0" index="2" bw="10" slack="0"/>
<pin id="2585" dir="0" index="3" bw="10" slack="0"/>
<pin id="2586" dir="1" index="4" bw="16" slack="1"/>
</pin_list>
<bind>
<opcode="partselect(1002) " fcode="partselect"/>
<opset="w_37/3 "/>
</bind>
</comp>

<comp id="2591" class="1004" name="w_38_fu_2591">
<pin_list>
<pin id="2592" dir="0" index="0" bw="16" slack="0"/>
<pin id="2593" dir="0" index="1" bw="747" slack="0"/>
<pin id="2594" dir="0" index="2" bw="11" slack="0"/>
<pin id="2595" dir="0" index="3" bw="11" slack="0"/>
<pin id="2596" dir="1" index="4" bw="16" slack="1"/>
</pin_list>
<bind>
<opcode="partselect(1002) " fcode="partselect"/>
<opset="w_38/3 "/>
</bind>
</comp>

<comp id="2601" class="1004" name="w_39_fu_2601">
<pin_list>
<pin id="2602" dir="0" index="0" bw="16" slack="0"/>
<pin id="2603" dir="0" index="1" bw="747" slack="0"/>
<pin id="2604" dir="0" index="2" bw="11" slack="0"/>
<pin id="2605" dir="0" index="3" bw="11" slack="0"/>
<pin id="2606" dir="1" index="4" bw="16" slack="1"/>
</pin_list>
<bind>
<opcode="partselect(1002) " fcode="partselect"/>
<opset="w_39/3 "/>
</bind>
</comp>

<comp id="2611" class="1004" name="w_40_fu_2611">
<pin_list>
<pin id="2612" dir="0" index="0" bw="16" slack="0"/>
<pin id="2613" dir="0" index="1" bw="747" slack="0"/>
<pin id="2614" dir="0" index="2" bw="11" slack="0"/>
<pin id="2615" dir="0" index="3" bw="11" slack="0"/>
<pin id="2616" dir="1" index="4" bw="16" slack="1"/>
</pin_list>
<bind>
<opcode="partselect(1002) " fcode="partselect"/>
<opset="w_40/3 "/>
</bind>
</comp>

<comp id="2621" class="1004" name="w_41_fu_2621">
<pin_list>
<pin id="2622" dir="0" index="0" bw="16" slack="0"/>
<pin id="2623" dir="0" index="1" bw="747" slack="0"/>
<pin id="2624" dir="0" index="2" bw="11" slack="0"/>
<pin id="2625" dir="0" index="3" bw="11" slack="0"/>
<pin id="2626" dir="1" index="4" bw="16" slack="1"/>
</pin_list>
<bind>
<opcode="partselect(1002) " fcode="partselect"/>
<opset="w_41/3 "/>
</bind>
</comp>

<comp id="2631" class="1004" name="w_42_fu_2631">
<pin_list>
<pin id="2632" dir="0" index="0" bw="16" slack="0"/>
<pin id="2633" dir="0" index="1" bw="747" slack="0"/>
<pin id="2634" dir="0" index="2" bw="11" slack="0"/>
<pin id="2635" dir="0" index="3" bw="11" slack="0"/>
<pin id="2636" dir="1" index="4" bw="16" slack="1"/>
</pin_list>
<bind>
<opcode="partselect(1002) " fcode="partselect"/>
<opset="w_42/3 "/>
</bind>
</comp>

<comp id="2641" class="1004" name="w_43_fu_2641">
<pin_list>
<pin id="2642" dir="0" index="0" bw="16" slack="0"/>
<pin id="2643" dir="0" index="1" bw="747" slack="0"/>
<pin id="2644" dir="0" index="2" bw="11" slack="0"/>
<pin id="2645" dir="0" index="3" bw="11" slack="0"/>
<pin id="2646" dir="1" index="4" bw="16" slack="1"/>
</pin_list>
<bind>
<opcode="partselect(1002) " fcode="partselect"/>
<opset="w_43/3 "/>
</bind>
</comp>

<comp id="2651" class="1004" name="w_44_fu_2651">
<pin_list>
<pin id="2652" dir="0" index="0" bw="16" slack="0"/>
<pin id="2653" dir="0" index="1" bw="747" slack="0"/>
<pin id="2654" dir="0" index="2" bw="11" slack="0"/>
<pin id="2655" dir="0" index="3" bw="11" slack="0"/>
<pin id="2656" dir="1" index="4" bw="16" slack="1"/>
</pin_list>
<bind>
<opcode="partselect(1002) " fcode="partselect"/>
<opset="w_44/3 "/>
</bind>
</comp>

<comp id="2661" class="1004" name="w_45_fu_2661">
<pin_list>
<pin id="2662" dir="0" index="0" bw="16" slack="0"/>
<pin id="2663" dir="0" index="1" bw="747" slack="0"/>
<pin id="2664" dir="0" index="2" bw="11" slack="0"/>
<pin id="2665" dir="0" index="3" bw="11" slack="0"/>
<pin id="2666" dir="1" index="4" bw="16" slack="1"/>
</pin_list>
<bind>
<opcode="partselect(1002) " fcode="partselect"/>
<opset="w_45/3 "/>
</bind>
</comp>

<comp id="2671" class="1004" name="w_46_fu_2671">
<pin_list>
<pin id="2672" dir="0" index="0" bw="16" slack="0"/>
<pin id="2673" dir="0" index="1" bw="747" slack="0"/>
<pin id="2674" dir="0" index="2" bw="11" slack="0"/>
<pin id="2675" dir="0" index="3" bw="11" slack="0"/>
<pin id="2676" dir="1" index="4" bw="16" slack="1"/>
</pin_list>
<bind>
<opcode="partselect(1002) " fcode="partselect"/>
<opset="w_46/3 "/>
</bind>
</comp>

<comp id="2681" class="1004" name="w_47_fu_2681">
<pin_list>
<pin id="2682" dir="0" index="0" bw="16" slack="0"/>
<pin id="2683" dir="0" index="1" bw="747" slack="0"/>
<pin id="2684" dir="0" index="2" bw="11" slack="0"/>
<pin id="2685" dir="0" index="3" bw="11" slack="0"/>
<pin id="2686" dir="1" index="4" bw="16" slack="1"/>
</pin_list>
<bind>
<opcode="partselect(1002) " fcode="partselect"/>
<opset="w_47/3 "/>
</bind>
</comp>

<comp id="2691" class="1004" name="w_48_fu_2691">
<pin_list>
<pin id="2692" dir="0" index="0" bw="16" slack="0"/>
<pin id="2693" dir="0" index="1" bw="747" slack="0"/>
<pin id="2694" dir="0" index="2" bw="11" slack="0"/>
<pin id="2695" dir="0" index="3" bw="11" slack="0"/>
<pin id="2696" dir="1" index="4" bw="16" slack="1"/>
</pin_list>
<bind>
<opcode="partselect(1002) " fcode="partselect"/>
<opset="w_48/3 "/>
</bind>
</comp>

<comp id="2701" class="1004" name="w_49_fu_2701">
<pin_list>
<pin id="2702" dir="0" index="0" bw="16" slack="0"/>
<pin id="2703" dir="0" index="1" bw="747" slack="0"/>
<pin id="2704" dir="0" index="2" bw="11" slack="0"/>
<pin id="2705" dir="0" index="3" bw="11" slack="0"/>
<pin id="2706" dir="1" index="4" bw="16" slack="1"/>
</pin_list>
<bind>
<opcode="partselect(1002) " fcode="partselect"/>
<opset="w_49/3 "/>
</bind>
</comp>

<comp id="2711" class="1004" name="w_50_fu_2711">
<pin_list>
<pin id="2712" dir="0" index="0" bw="16" slack="0"/>
<pin id="2713" dir="0" index="1" bw="747" slack="0"/>
<pin id="2714" dir="0" index="2" bw="11" slack="0"/>
<pin id="2715" dir="0" index="3" bw="11" slack="0"/>
<pin id="2716" dir="1" index="4" bw="16" slack="1"/>
</pin_list>
<bind>
<opcode="partselect(1002) " fcode="partselect"/>
<opset="w_50/3 "/>
</bind>
</comp>

<comp id="2721" class="1004" name="w_51_fu_2721">
<pin_list>
<pin id="2722" dir="0" index="0" bw="16" slack="0"/>
<pin id="2723" dir="0" index="1" bw="747" slack="0"/>
<pin id="2724" dir="0" index="2" bw="11" slack="0"/>
<pin id="2725" dir="0" index="3" bw="11" slack="0"/>
<pin id="2726" dir="1" index="4" bw="16" slack="1"/>
</pin_list>
<bind>
<opcode="partselect(1002) " fcode="partselect"/>
<opset="w_51/3 "/>
</bind>
</comp>

<comp id="2731" class="1004" name="tmp_fu_2731">
<pin_list>
<pin id="2732" dir="0" index="0" bw="11" slack="0"/>
<pin id="2733" dir="0" index="1" bw="747" slack="0"/>
<pin id="2734" dir="0" index="2" bw="11" slack="0"/>
<pin id="2735" dir="0" index="3" bw="11" slack="0"/>
<pin id="2736" dir="1" index="4" bw="11" slack="1"/>
</pin_list>
<bind>
<opcode="partselect(1002) " fcode="partselect"/>
<opset="tmp/3 "/>
</bind>
</comp>

<comp id="2741" class="1004" name="sext_ln73_fu_2741">
<pin_list>
<pin id="2742" dir="0" index="0" bw="16" slack="1"/>
<pin id="2743" dir="1" index="1" bw="26" slack="0"/>
</pin_list>
<bind>
<opcode="sext(35) " fcode="sext"/>
<opset="sext_ln73/4 "/>
</bind>
</comp>

<comp id="2744" class="1004" name="sext_ln73_9_fu_2744">
<pin_list>
<pin id="2745" dir="0" index="0" bw="16" slack="1"/>
<pin id="2746" dir="1" index="1" bw="26" slack="0"/>
</pin_list>
<bind>
<opcode="sext(35) " fcode="sext"/>
<opset="sext_ln73_9/4 "/>
</bind>
</comp>

<comp id="2747" class="1004" name="grp_fu_2747">
<pin_list>
<pin id="2748" dir="0" index="0" bw="16" slack="0"/>
<pin id="2749" dir="0" index="1" bw="16" slack="0"/>
<pin id="2750" dir="1" index="2" bw="26" slack="0"/>
</pin_list>
<bind>
<opcode="mul(12) " fcode="mul"/>
<opset="mul_ln58/4 "/>
</bind>
</comp>

<comp id="2753" class="1004" name="sext_ln73_10_fu_2753">
<pin_list>
<pin id="2754" dir="0" index="0" bw="16" slack="1"/>
<pin id="2755" dir="1" index="1" bw="26" slack="0"/>
</pin_list>
<bind>
<opcode="sext(35) " fcode="sext"/>
<opset="sext_ln73_10/4 "/>
</bind>
</comp>

<comp id="2756" class="1004" name="grp_fu_2756">
<pin_list>
<pin id="2757" dir="0" index="0" bw="16" slack="0"/>
<pin id="2758" dir="0" index="1" bw="16" slack="0"/>
<pin id="2759" dir="1" index="2" bw="26" slack="0"/>
</pin_list>
<bind>
<opcode="mul(12) " fcode="mul"/>
<opset="mul_ln58_8/4 "/>
</bind>
</comp>

<comp id="2762" class="1004" name="sext_ln73_11_fu_2762">
<pin_list>
<pin id="2763" dir="0" index="0" bw="16" slack="1"/>
<pin id="2764" dir="1" index="1" bw="26" slack="0"/>
</pin_list>
<bind>
<opcode="sext(35) " fcode="sext"/>
<opset="sext_ln73_11/4 "/>
</bind>
</comp>

<comp id="2765" class="1004" name="grp_fu_2765">
<pin_list>
<pin id="2766" dir="0" index="0" bw="16" slack="0"/>
<pin id="2767" dir="0" index="1" bw="16" slack="0"/>
<pin id="2768" dir="1" index="2" bw="26" slack="0"/>
</pin_list>
<bind>
<opcode="mul(12) " fcode="mul"/>
<opset="mul_ln58_9/4 "/>
</bind>
</comp>

<comp id="2771" class="1004" name="sext_ln73_12_fu_2771">
<pin_list>
<pin id="2772" dir="0" index="0" bw="16" slack="1"/>
<pin id="2773" dir="1" index="1" bw="26" slack="0"/>
</pin_list>
<bind>
<opcode="sext(35) " fcode="sext"/>
<opset="sext_ln73_12/4 "/>
</bind>
</comp>

<comp id="2774" class="1004" name="grp_fu_2774">
<pin_list>
<pin id="2775" dir="0" index="0" bw="16" slack="0"/>
<pin id="2776" dir="0" index="1" bw="16" slack="0"/>
<pin id="2777" dir="1" index="2" bw="26" slack="0"/>
</pin_list>
<bind>
<opcode="mul(12) " fcode="mul"/>
<opset="mul_ln58_10/4 "/>
</bind>
</comp>

<comp id="2780" class="1004" name="sext_ln73_13_fu_2780">
<pin_list>
<pin id="2781" dir="0" index="0" bw="16" slack="1"/>
<pin id="2782" dir="1" index="1" bw="26" slack="0"/>
</pin_list>
<bind>
<opcode="sext(35) " fcode="sext"/>
<opset="sext_ln73_13/4 "/>
</bind>
</comp>

<comp id="2783" class="1004" name="grp_fu_2783">
<pin_list>
<pin id="2784" dir="0" index="0" bw="16" slack="0"/>
<pin id="2785" dir="0" index="1" bw="16" slack="0"/>
<pin id="2786" dir="1" index="2" bw="26" slack="0"/>
</pin_list>
<bind>
<opcode="mul(12) " fcode="mul"/>
<opset="mul_ln58_11/4 "/>
</bind>
</comp>

<comp id="2789" class="1004" name="sext_ln73_14_fu_2789">
<pin_list>
<pin id="2790" dir="0" index="0" bw="16" slack="1"/>
<pin id="2791" dir="1" index="1" bw="26" slack="0"/>
</pin_list>
<bind>
<opcode="sext(35) " fcode="sext"/>
<opset="sext_ln73_14/4 "/>
</bind>
</comp>

<comp id="2792" class="1004" name="grp_fu_2792">
<pin_list>
<pin id="2793" dir="0" index="0" bw="16" slack="0"/>
<pin id="2794" dir="0" index="1" bw="16" slack="0"/>
<pin id="2795" dir="1" index="2" bw="26" slack="0"/>
</pin_list>
<bind>
<opcode="mul(12) " fcode="mul"/>
<opset="mul_ln58_12/4 "/>
</bind>
</comp>

<comp id="2798" class="1004" name="sext_ln73_15_fu_2798">
<pin_list>
<pin id="2799" dir="0" index="0" bw="16" slack="1"/>
<pin id="2800" dir="1" index="1" bw="26" slack="0"/>
</pin_list>
<bind>
<opcode="sext(35) " fcode="sext"/>
<opset="sext_ln73_15/4 "/>
</bind>
</comp>

<comp id="2801" class="1004" name="grp_fu_2801">
<pin_list>
<pin id="2802" dir="0" index="0" bw="16" slack="0"/>
<pin id="2803" dir="0" index="1" bw="16" slack="0"/>
<pin id="2804" dir="1" index="2" bw="26" slack="0"/>
</pin_list>
<bind>
<opcode="mul(12) " fcode="mul"/>
<opset="mul_ln58_13/4 "/>
</bind>
</comp>

<comp id="2807" class="1004" name="sext_ln73_16_fu_2807">
<pin_list>
<pin id="2808" dir="0" index="0" bw="16" slack="1"/>
<pin id="2809" dir="1" index="1" bw="26" slack="0"/>
</pin_list>
<bind>
<opcode="sext(35) " fcode="sext"/>
<opset="sext_ln73_16/4 "/>
</bind>
</comp>

<comp id="2810" class="1004" name="grp_fu_2810">
<pin_list>
<pin id="2811" dir="0" index="0" bw="16" slack="0"/>
<pin id="2812" dir="0" index="1" bw="16" slack="0"/>
<pin id="2813" dir="1" index="2" bw="26" slack="0"/>
</pin_list>
<bind>
<opcode="mul(12) " fcode="mul"/>
<opset="mul_ln58_14/4 "/>
</bind>
</comp>

<comp id="2816" class="1004" name="sext_ln73_17_fu_2816">
<pin_list>
<pin id="2817" dir="0" index="0" bw="16" slack="1"/>
<pin id="2818" dir="1" index="1" bw="26" slack="0"/>
</pin_list>
<bind>
<opcode="sext(35) " fcode="sext"/>
<opset="sext_ln73_17/4 "/>
</bind>
</comp>

<comp id="2819" class="1004" name="grp_fu_2819">
<pin_list>
<pin id="2820" dir="0" index="0" bw="16" slack="0"/>
<pin id="2821" dir="0" index="1" bw="16" slack="0"/>
<pin id="2822" dir="1" index="2" bw="26" slack="0"/>
</pin_list>
<bind>
<opcode="mul(12) " fcode="mul"/>
<opset="mul_ln58_15/4 "/>
</bind>
</comp>

<comp id="2825" class="1004" name="sext_ln73_18_fu_2825">
<pin_list>
<pin id="2826" dir="0" index="0" bw="16" slack="1"/>
<pin id="2827" dir="1" index="1" bw="26" slack="0"/>
</pin_list>
<bind>
<opcode="sext(35) " fcode="sext"/>
<opset="sext_ln73_18/4 "/>
</bind>
</comp>

<comp id="2828" class="1004" name="grp_fu_2828">
<pin_list>
<pin id="2829" dir="0" index="0" bw="16" slack="0"/>
<pin id="2830" dir="0" index="1" bw="16" slack="0"/>
<pin id="2831" dir="1" index="2" bw="26" slack="0"/>
</pin_list>
<bind>
<opcode="mul(12) " fcode="mul"/>
<opset="mul_ln58_16/4 "/>
</bind>
</comp>

<comp id="2834" class="1004" name="sext_ln73_19_fu_2834">
<pin_list>
<pin id="2835" dir="0" index="0" bw="16" slack="1"/>
<pin id="2836" dir="1" index="1" bw="26" slack="0"/>
</pin_list>
<bind>
<opcode="sext(35) " fcode="sext"/>
<opset="sext_ln73_19/4 "/>
</bind>
</comp>

<comp id="2837" class="1004" name="grp_fu_2837">
<pin_list>
<pin id="2838" dir="0" index="0" bw="16" slack="0"/>
<pin id="2839" dir="0" index="1" bw="16" slack="0"/>
<pin id="2840" dir="1" index="2" bw="26" slack="0"/>
</pin_list>
<bind>
<opcode="mul(12) " fcode="mul"/>
<opset="mul_ln58_17/4 "/>
</bind>
</comp>

<comp id="2843" class="1004" name="sext_ln73_20_fu_2843">
<pin_list>
<pin id="2844" dir="0" index="0" bw="16" slack="1"/>
<pin id="2845" dir="1" index="1" bw="26" slack="0"/>
</pin_list>
<bind>
<opcode="sext(35) " fcode="sext"/>
<opset="sext_ln73_20/4 "/>
</bind>
</comp>

<comp id="2846" class="1004" name="grp_fu_2846">
<pin_list>
<pin id="2847" dir="0" index="0" bw="16" slack="0"/>
<pin id="2848" dir="0" index="1" bw="16" slack="0"/>
<pin id="2849" dir="1" index="2" bw="26" slack="0"/>
</pin_list>
<bind>
<opcode="mul(12) " fcode="mul"/>
<opset="mul_ln58_18/4 "/>
</bind>
</comp>

<comp id="2852" class="1004" name="sext_ln73_21_fu_2852">
<pin_list>
<pin id="2853" dir="0" index="0" bw="16" slack="1"/>
<pin id="2854" dir="1" index="1" bw="26" slack="0"/>
</pin_list>
<bind>
<opcode="sext(35) " fcode="sext"/>
<opset="sext_ln73_21/4 "/>
</bind>
</comp>

<comp id="2855" class="1004" name="grp_fu_2855">
<pin_list>
<pin id="2856" dir="0" index="0" bw="16" slack="0"/>
<pin id="2857" dir="0" index="1" bw="16" slack="0"/>
<pin id="2858" dir="1" index="2" bw="26" slack="0"/>
</pin_list>
<bind>
<opcode="mul(12) " fcode="mul"/>
<opset="mul_ln58_19/4 "/>
</bind>
</comp>

<comp id="2861" class="1004" name="sext_ln73_22_fu_2861">
<pin_list>
<pin id="2862" dir="0" index="0" bw="16" slack="1"/>
<pin id="2863" dir="1" index="1" bw="26" slack="0"/>
</pin_list>
<bind>
<opcode="sext(35) " fcode="sext"/>
<opset="sext_ln73_22/4 "/>
</bind>
</comp>

<comp id="2864" class="1004" name="grp_fu_2864">
<pin_list>
<pin id="2865" dir="0" index="0" bw="16" slack="0"/>
<pin id="2866" dir="0" index="1" bw="16" slack="0"/>
<pin id="2867" dir="1" index="2" bw="26" slack="0"/>
</pin_list>
<bind>
<opcode="mul(12) " fcode="mul"/>
<opset="mul_ln58_20/4 "/>
</bind>
</comp>

<comp id="2870" class="1004" name="sext_ln73_23_fu_2870">
<pin_list>
<pin id="2871" dir="0" index="0" bw="16" slack="1"/>
<pin id="2872" dir="1" index="1" bw="26" slack="0"/>
</pin_list>
<bind>
<opcode="sext(35) " fcode="sext"/>
<opset="sext_ln73_23/4 "/>
</bind>
</comp>

<comp id="2873" class="1004" name="grp_fu_2873">
<pin_list>
<pin id="2874" dir="0" index="0" bw="16" slack="0"/>
<pin id="2875" dir="0" index="1" bw="16" slack="0"/>
<pin id="2876" dir="1" index="2" bw="26" slack="0"/>
</pin_list>
<bind>
<opcode="mul(12) " fcode="mul"/>
<opset="mul_ln58_21/4 "/>
</bind>
</comp>

<comp id="2879" class="1004" name="sext_ln73_24_fu_2879">
<pin_list>
<pin id="2880" dir="0" index="0" bw="16" slack="1"/>
<pin id="2881" dir="1" index="1" bw="26" slack="0"/>
</pin_list>
<bind>
<opcode="sext(35) " fcode="sext"/>
<opset="sext_ln73_24/4 "/>
</bind>
</comp>

<comp id="2882" class="1004" name="grp_fu_2882">
<pin_list>
<pin id="2883" dir="0" index="0" bw="16" slack="0"/>
<pin id="2884" dir="0" index="1" bw="16" slack="0"/>
<pin id="2885" dir="1" index="2" bw="26" slack="0"/>
</pin_list>
<bind>
<opcode="mul(12) " fcode="mul"/>
<opset="mul_ln58_22/4 "/>
</bind>
</comp>

<comp id="2888" class="1004" name="sext_ln73_25_fu_2888">
<pin_list>
<pin id="2889" dir="0" index="0" bw="16" slack="1"/>
<pin id="2890" dir="1" index="1" bw="26" slack="0"/>
</pin_list>
<bind>
<opcode="sext(35) " fcode="sext"/>
<opset="sext_ln73_25/4 "/>
</bind>
</comp>

<comp id="2891" class="1004" name="grp_fu_2891">
<pin_list>
<pin id="2892" dir="0" index="0" bw="16" slack="0"/>
<pin id="2893" dir="0" index="1" bw="16" slack="0"/>
<pin id="2894" dir="1" index="2" bw="26" slack="0"/>
</pin_list>
<bind>
<opcode="mul(12) " fcode="mul"/>
<opset="mul_ln58_23/4 "/>
</bind>
</comp>

<comp id="2897" class="1004" name="sext_ln73_26_fu_2897">
<pin_list>
<pin id="2898" dir="0" index="0" bw="16" slack="1"/>
<pin id="2899" dir="1" index="1" bw="26" slack="0"/>
</pin_list>
<bind>
<opcode="sext(35) " fcode="sext"/>
<opset="sext_ln73_26/4 "/>
</bind>
</comp>

<comp id="2900" class="1004" name="grp_fu_2900">
<pin_list>
<pin id="2901" dir="0" index="0" bw="16" slack="0"/>
<pin id="2902" dir="0" index="1" bw="16" slack="0"/>
<pin id="2903" dir="1" index="2" bw="26" slack="0"/>
</pin_list>
<bind>
<opcode="mul(12) " fcode="mul"/>
<opset="mul_ln58_24/4 "/>
</bind>
</comp>

<comp id="2906" class="1004" name="sext_ln73_27_fu_2906">
<pin_list>
<pin id="2907" dir="0" index="0" bw="16" slack="1"/>
<pin id="2908" dir="1" index="1" bw="26" slack="0"/>
</pin_list>
<bind>
<opcode="sext(35) " fcode="sext"/>
<opset="sext_ln73_27/4 "/>
</bind>
</comp>

<comp id="2909" class="1004" name="grp_fu_2909">
<pin_list>
<pin id="2910" dir="0" index="0" bw="16" slack="0"/>
<pin id="2911" dir="0" index="1" bw="16" slack="0"/>
<pin id="2912" dir="1" index="2" bw="26" slack="0"/>
</pin_list>
<bind>
<opcode="mul(12) " fcode="mul"/>
<opset="mul_ln58_25/4 "/>
</bind>
</comp>

<comp id="2915" class="1004" name="sext_ln73_28_fu_2915">
<pin_list>
<pin id="2916" dir="0" index="0" bw="16" slack="1"/>
<pin id="2917" dir="1" index="1" bw="26" slack="0"/>
</pin_list>
<bind>
<opcode="sext(35) " fcode="sext"/>
<opset="sext_ln73_28/4 "/>
</bind>
</comp>

<comp id="2918" class="1004" name="grp_fu_2918">
<pin_list>
<pin id="2919" dir="0" index="0" bw="16" slack="0"/>
<pin id="2920" dir="0" index="1" bw="16" slack="0"/>
<pin id="2921" dir="1" index="2" bw="26" slack="0"/>
</pin_list>
<bind>
<opcode="mul(12) " fcode="mul"/>
<opset="mul_ln58_26/4 "/>
</bind>
</comp>

<comp id="2924" class="1004" name="sext_ln73_29_fu_2924">
<pin_list>
<pin id="2925" dir="0" index="0" bw="16" slack="1"/>
<pin id="2926" dir="1" index="1" bw="26" slack="0"/>
</pin_list>
<bind>
<opcode="sext(35) " fcode="sext"/>
<opset="sext_ln73_29/4 "/>
</bind>
</comp>

<comp id="2927" class="1004" name="grp_fu_2927">
<pin_list>
<pin id="2928" dir="0" index="0" bw="16" slack="0"/>
<pin id="2929" dir="0" index="1" bw="16" slack="0"/>
<pin id="2930" dir="1" index="2" bw="26" slack="0"/>
</pin_list>
<bind>
<opcode="mul(12) " fcode="mul"/>
<opset="mul_ln58_27/4 "/>
</bind>
</comp>

<comp id="2933" class="1004" name="sext_ln73_30_fu_2933">
<pin_list>
<pin id="2934" dir="0" index="0" bw="16" slack="1"/>
<pin id="2935" dir="1" index="1" bw="26" slack="0"/>
</pin_list>
<bind>
<opcode="sext(35) " fcode="sext"/>
<opset="sext_ln73_30/4 "/>
</bind>
</comp>

<comp id="2936" class="1004" name="grp_fu_2936">
<pin_list>
<pin id="2937" dir="0" index="0" bw="16" slack="0"/>
<pin id="2938" dir="0" index="1" bw="16" slack="0"/>
<pin id="2939" dir="1" index="2" bw="26" slack="0"/>
</pin_list>
<bind>
<opcode="mul(12) " fcode="mul"/>
<opset="mul_ln58_28/4 "/>
</bind>
</comp>

<comp id="2942" class="1004" name="sext_ln73_31_fu_2942">
<pin_list>
<pin id="2943" dir="0" index="0" bw="16" slack="1"/>
<pin id="2944" dir="1" index="1" bw="26" slack="0"/>
</pin_list>
<bind>
<opcode="sext(35) " fcode="sext"/>
<opset="sext_ln73_31/4 "/>
</bind>
</comp>

<comp id="2945" class="1004" name="grp_fu_2945">
<pin_list>
<pin id="2946" dir="0" index="0" bw="16" slack="0"/>
<pin id="2947" dir="0" index="1" bw="16" slack="0"/>
<pin id="2948" dir="1" index="2" bw="26" slack="0"/>
</pin_list>
<bind>
<opcode="mul(12) " fcode="mul"/>
<opset="mul_ln58_29/4 "/>
</bind>
</comp>

<comp id="2951" class="1004" name="sext_ln73_32_fu_2951">
<pin_list>
<pin id="2952" dir="0" index="0" bw="16" slack="1"/>
<pin id="2953" dir="1" index="1" bw="26" slack="0"/>
</pin_list>
<bind>
<opcode="sext(35) " fcode="sext"/>
<opset="sext_ln73_32/4 "/>
</bind>
</comp>

<comp id="2954" class="1004" name="grp_fu_2954">
<pin_list>
<pin id="2955" dir="0" index="0" bw="16" slack="0"/>
<pin id="2956" dir="0" index="1" bw="16" slack="0"/>
<pin id="2957" dir="1" index="2" bw="26" slack="0"/>
</pin_list>
<bind>
<opcode="mul(12) " fcode="mul"/>
<opset="mul_ln58_30/4 "/>
</bind>
</comp>

<comp id="2960" class="1004" name="sext_ln73_33_fu_2960">
<pin_list>
<pin id="2961" dir="0" index="0" bw="16" slack="1"/>
<pin id="2962" dir="1" index="1" bw="26" slack="0"/>
</pin_list>
<bind>
<opcode="sext(35) " fcode="sext"/>
<opset="sext_ln73_33/4 "/>
</bind>
</comp>

<comp id="2963" class="1004" name="grp_fu_2963">
<pin_list>
<pin id="2964" dir="0" index="0" bw="16" slack="0"/>
<pin id="2965" dir="0" index="1" bw="16" slack="0"/>
<pin id="2966" dir="1" index="2" bw="26" slack="0"/>
</pin_list>
<bind>
<opcode="mul(12) " fcode="mul"/>
<opset="mul_ln58_31/4 "/>
</bind>
</comp>

<comp id="2969" class="1004" name="sext_ln73_34_fu_2969">
<pin_list>
<pin id="2970" dir="0" index="0" bw="16" slack="1"/>
<pin id="2971" dir="1" index="1" bw="26" slack="0"/>
</pin_list>
<bind>
<opcode="sext(35) " fcode="sext"/>
<opset="sext_ln73_34/4 "/>
</bind>
</comp>

<comp id="2972" class="1004" name="grp_fu_2972">
<pin_list>
<pin id="2973" dir="0" index="0" bw="16" slack="0"/>
<pin id="2974" dir="0" index="1" bw="16" slack="0"/>
<pin id="2975" dir="1" index="2" bw="26" slack="0"/>
</pin_list>
<bind>
<opcode="mul(12) " fcode="mul"/>
<opset="mul_ln58_32/4 "/>
</bind>
</comp>

<comp id="2978" class="1004" name="sext_ln73_35_fu_2978">
<pin_list>
<pin id="2979" dir="0" index="0" bw="16" slack="1"/>
<pin id="2980" dir="1" index="1" bw="26" slack="0"/>
</pin_list>
<bind>
<opcode="sext(35) " fcode="sext"/>
<opset="sext_ln73_35/4 "/>
</bind>
</comp>

<comp id="2981" class="1004" name="grp_fu_2981">
<pin_list>
<pin id="2982" dir="0" index="0" bw="16" slack="0"/>
<pin id="2983" dir="0" index="1" bw="16" slack="0"/>
<pin id="2984" dir="1" index="2" bw="26" slack="0"/>
</pin_list>
<bind>
<opcode="mul(12) " fcode="mul"/>
<opset="mul_ln58_33/4 "/>
</bind>
</comp>

<comp id="2987" class="1004" name="sext_ln73_36_fu_2987">
<pin_list>
<pin id="2988" dir="0" index="0" bw="16" slack="1"/>
<pin id="2989" dir="1" index="1" bw="26" slack="0"/>
</pin_list>
<bind>
<opcode="sext(35) " fcode="sext"/>
<opset="sext_ln73_36/4 "/>
</bind>
</comp>

<comp id="2990" class="1004" name="grp_fu_2990">
<pin_list>
<pin id="2991" dir="0" index="0" bw="16" slack="0"/>
<pin id="2992" dir="0" index="1" bw="16" slack="0"/>
<pin id="2993" dir="1" index="2" bw="26" slack="0"/>
</pin_list>
<bind>
<opcode="mul(12) " fcode="mul"/>
<opset="mul_ln58_34/4 "/>
</bind>
</comp>

<comp id="2996" class="1004" name="sext_ln73_37_fu_2996">
<pin_list>
<pin id="2997" dir="0" index="0" bw="16" slack="1"/>
<pin id="2998" dir="1" index="1" bw="26" slack="0"/>
</pin_list>
<bind>
<opcode="sext(35) " fcode="sext"/>
<opset="sext_ln73_37/4 "/>
</bind>
</comp>

<comp id="2999" class="1004" name="grp_fu_2999">
<pin_list>
<pin id="3000" dir="0" index="0" bw="16" slack="0"/>
<pin id="3001" dir="0" index="1" bw="16" slack="0"/>
<pin id="3002" dir="1" index="2" bw="26" slack="0"/>
</pin_list>
<bind>
<opcode="mul(12) " fcode="mul"/>
<opset="mul_ln58_35/4 "/>
</bind>
</comp>

<comp id="3005" class="1004" name="sext_ln73_38_fu_3005">
<pin_list>
<pin id="3006" dir="0" index="0" bw="16" slack="1"/>
<pin id="3007" dir="1" index="1" bw="26" slack="0"/>
</pin_list>
<bind>
<opcode="sext(35) " fcode="sext"/>
<opset="sext_ln73_38/4 "/>
</bind>
</comp>

<comp id="3008" class="1004" name="grp_fu_3008">
<pin_list>
<pin id="3009" dir="0" index="0" bw="16" slack="0"/>
<pin id="3010" dir="0" index="1" bw="16" slack="0"/>
<pin id="3011" dir="1" index="2" bw="26" slack="0"/>
</pin_list>
<bind>
<opcode="mul(12) " fcode="mul"/>
<opset="mul_ln58_36/4 "/>
</bind>
</comp>

<comp id="3014" class="1004" name="sext_ln73_39_fu_3014">
<pin_list>
<pin id="3015" dir="0" index="0" bw="16" slack="1"/>
<pin id="3016" dir="1" index="1" bw="26" slack="0"/>
</pin_list>
<bind>
<opcode="sext(35) " fcode="sext"/>
<opset="sext_ln73_39/4 "/>
</bind>
</comp>

<comp id="3017" class="1004" name="grp_fu_3017">
<pin_list>
<pin id="3018" dir="0" index="0" bw="16" slack="0"/>
<pin id="3019" dir="0" index="1" bw="16" slack="0"/>
<pin id="3020" dir="1" index="2" bw="26" slack="0"/>
</pin_list>
<bind>
<opcode="mul(12) " fcode="mul"/>
<opset="mul_ln58_37/4 "/>
</bind>
</comp>

<comp id="3023" class="1004" name="sext_ln73_40_fu_3023">
<pin_list>
<pin id="3024" dir="0" index="0" bw="16" slack="1"/>
<pin id="3025" dir="1" index="1" bw="26" slack="0"/>
</pin_list>
<bind>
<opcode="sext(35) " fcode="sext"/>
<opset="sext_ln73_40/4 "/>
</bind>
</comp>

<comp id="3026" class="1004" name="grp_fu_3026">
<pin_list>
<pin id="3027" dir="0" index="0" bw="16" slack="0"/>
<pin id="3028" dir="0" index="1" bw="16" slack="0"/>
<pin id="3029" dir="1" index="2" bw="26" slack="0"/>
</pin_list>
<bind>
<opcode="mul(12) " fcode="mul"/>
<opset="mul_ln58_38/4 "/>
</bind>
</comp>

<comp id="3032" class="1004" name="sext_ln73_41_fu_3032">
<pin_list>
<pin id="3033" dir="0" index="0" bw="16" slack="1"/>
<pin id="3034" dir="1" index="1" bw="26" slack="0"/>
</pin_list>
<bind>
<opcode="sext(35) " fcode="sext"/>
<opset="sext_ln73_41/4 "/>
</bind>
</comp>

<comp id="3035" class="1004" name="grp_fu_3035">
<pin_list>
<pin id="3036" dir="0" index="0" bw="16" slack="0"/>
<pin id="3037" dir="0" index="1" bw="16" slack="0"/>
<pin id="3038" dir="1" index="2" bw="26" slack="0"/>
</pin_list>
<bind>
<opcode="mul(12) " fcode="mul"/>
<opset="mul_ln58_39/4 "/>
</bind>
</comp>

<comp id="3041" class="1004" name="sext_ln73_42_fu_3041">
<pin_list>
<pin id="3042" dir="0" index="0" bw="16" slack="1"/>
<pin id="3043" dir="1" index="1" bw="26" slack="0"/>
</pin_list>
<bind>
<opcode="sext(35) " fcode="sext"/>
<opset="sext_ln73_42/4 "/>
</bind>
</comp>

<comp id="3044" class="1004" name="grp_fu_3044">
<pin_list>
<pin id="3045" dir="0" index="0" bw="16" slack="0"/>
<pin id="3046" dir="0" index="1" bw="16" slack="0"/>
<pin id="3047" dir="1" index="2" bw="26" slack="0"/>
</pin_list>
<bind>
<opcode="mul(12) " fcode="mul"/>
<opset="mul_ln58_40/4 "/>
</bind>
</comp>

<comp id="3050" class="1004" name="sext_ln73_43_fu_3050">
<pin_list>
<pin id="3051" dir="0" index="0" bw="16" slack="1"/>
<pin id="3052" dir="1" index="1" bw="26" slack="0"/>
</pin_list>
<bind>
<opcode="sext(35) " fcode="sext"/>
<opset="sext_ln73_43/4 "/>
</bind>
</comp>

<comp id="3053" class="1004" name="grp_fu_3053">
<pin_list>
<pin id="3054" dir="0" index="0" bw="16" slack="0"/>
<pin id="3055" dir="0" index="1" bw="16" slack="0"/>
<pin id="3056" dir="1" index="2" bw="26" slack="0"/>
</pin_list>
<bind>
<opcode="mul(12) " fcode="mul"/>
<opset="mul_ln58_41/4 "/>
</bind>
</comp>

<comp id="3059" class="1004" name="sext_ln73_44_fu_3059">
<pin_list>
<pin id="3060" dir="0" index="0" bw="16" slack="1"/>
<pin id="3061" dir="1" index="1" bw="26" slack="0"/>
</pin_list>
<bind>
<opcode="sext(35) " fcode="sext"/>
<opset="sext_ln73_44/4 "/>
</bind>
</comp>

<comp id="3062" class="1004" name="grp_fu_3062">
<pin_list>
<pin id="3063" dir="0" index="0" bw="16" slack="0"/>
<pin id="3064" dir="0" index="1" bw="16" slack="0"/>
<pin id="3065" dir="1" index="2" bw="26" slack="0"/>
</pin_list>
<bind>
<opcode="mul(12) " fcode="mul"/>
<opset="mul_ln58_42/4 "/>
</bind>
</comp>

<comp id="3068" class="1004" name="sext_ln73_45_fu_3068">
<pin_list>
<pin id="3069" dir="0" index="0" bw="16" slack="1"/>
<pin id="3070" dir="1" index="1" bw="26" slack="0"/>
</pin_list>
<bind>
<opcode="sext(35) " fcode="sext"/>
<opset="sext_ln73_45/4 "/>
</bind>
</comp>

<comp id="3071" class="1004" name="grp_fu_3071">
<pin_list>
<pin id="3072" dir="0" index="0" bw="16" slack="0"/>
<pin id="3073" dir="0" index="1" bw="16" slack="0"/>
<pin id="3074" dir="1" index="2" bw="26" slack="0"/>
</pin_list>
<bind>
<opcode="mul(12) " fcode="mul"/>
<opset="mul_ln58_43/4 "/>
</bind>
</comp>

<comp id="3077" class="1004" name="sext_ln73_46_fu_3077">
<pin_list>
<pin id="3078" dir="0" index="0" bw="16" slack="1"/>
<pin id="3079" dir="1" index="1" bw="26" slack="0"/>
</pin_list>
<bind>
<opcode="sext(35) " fcode="sext"/>
<opset="sext_ln73_46/4 "/>
</bind>
</comp>

<comp id="3080" class="1004" name="grp_fu_3080">
<pin_list>
<pin id="3081" dir="0" index="0" bw="16" slack="0"/>
<pin id="3082" dir="0" index="1" bw="16" slack="0"/>
<pin id="3083" dir="1" index="2" bw="26" slack="0"/>
</pin_list>
<bind>
<opcode="mul(12) " fcode="mul"/>
<opset="mul_ln58_44/4 "/>
</bind>
</comp>

<comp id="3086" class="1004" name="sext_ln73_47_fu_3086">
<pin_list>
<pin id="3087" dir="0" index="0" bw="16" slack="1"/>
<pin id="3088" dir="1" index="1" bw="26" slack="0"/>
</pin_list>
<bind>
<opcode="sext(35) " fcode="sext"/>
<opset="sext_ln73_47/4 "/>
</bind>
</comp>

<comp id="3089" class="1004" name="grp_fu_3089">
<pin_list>
<pin id="3090" dir="0" index="0" bw="16" slack="0"/>
<pin id="3091" dir="0" index="1" bw="16" slack="0"/>
<pin id="3092" dir="1" index="2" bw="26" slack="0"/>
</pin_list>
<bind>
<opcode="mul(12) " fcode="mul"/>
<opset="mul_ln58_45/4 "/>
</bind>
</comp>

<comp id="3095" class="1004" name="sext_ln73_48_fu_3095">
<pin_list>
<pin id="3096" dir="0" index="0" bw="16" slack="1"/>
<pin id="3097" dir="1" index="1" bw="26" slack="0"/>
</pin_list>
<bind>
<opcode="sext(35) " fcode="sext"/>
<opset="sext_ln73_48/4 "/>
</bind>
</comp>

<comp id="3098" class="1004" name="grp_fu_3098">
<pin_list>
<pin id="3099" dir="0" index="0" bw="16" slack="0"/>
<pin id="3100" dir="0" index="1" bw="16" slack="0"/>
<pin id="3101" dir="1" index="2" bw="26" slack="0"/>
</pin_list>
<bind>
<opcode="mul(12) " fcode="mul"/>
<opset="mul_ln58_46/4 "/>
</bind>
</comp>

<comp id="3104" class="1004" name="sext_ln73_49_fu_3104">
<pin_list>
<pin id="3105" dir="0" index="0" bw="16" slack="1"/>
<pin id="3106" dir="1" index="1" bw="26" slack="0"/>
</pin_list>
<bind>
<opcode="sext(35) " fcode="sext"/>
<opset="sext_ln73_49/4 "/>
</bind>
</comp>

<comp id="3107" class="1004" name="grp_fu_3107">
<pin_list>
<pin id="3108" dir="0" index="0" bw="16" slack="0"/>
<pin id="3109" dir="0" index="1" bw="16" slack="0"/>
<pin id="3110" dir="1" index="2" bw="26" slack="0"/>
</pin_list>
<bind>
<opcode="mul(12) " fcode="mul"/>
<opset="mul_ln58_47/4 "/>
</bind>
</comp>

<comp id="3113" class="1004" name="sext_ln73_50_fu_3113">
<pin_list>
<pin id="3114" dir="0" index="0" bw="16" slack="1"/>
<pin id="3115" dir="1" index="1" bw="26" slack="0"/>
</pin_list>
<bind>
<opcode="sext(35) " fcode="sext"/>
<opset="sext_ln73_50/4 "/>
</bind>
</comp>

<comp id="3116" class="1004" name="grp_fu_3116">
<pin_list>
<pin id="3117" dir="0" index="0" bw="16" slack="0"/>
<pin id="3118" dir="0" index="1" bw="16" slack="0"/>
<pin id="3119" dir="1" index="2" bw="26" slack="0"/>
</pin_list>
<bind>
<opcode="mul(12) " fcode="mul"/>
<opset="mul_ln58_48/4 "/>
</bind>
</comp>

<comp id="3122" class="1004" name="sext_ln73_51_fu_3122">
<pin_list>
<pin id="3123" dir="0" index="0" bw="16" slack="1"/>
<pin id="3124" dir="1" index="1" bw="26" slack="0"/>
</pin_list>
<bind>
<opcode="sext(35) " fcode="sext"/>
<opset="sext_ln73_51/4 "/>
</bind>
</comp>

<comp id="3125" class="1004" name="grp_fu_3125">
<pin_list>
<pin id="3126" dir="0" index="0" bw="16" slack="0"/>
<pin id="3127" dir="0" index="1" bw="16" slack="0"/>
<pin id="3128" dir="1" index="2" bw="26" slack="0"/>
</pin_list>
<bind>
<opcode="mul(12) " fcode="mul"/>
<opset="mul_ln58_49/4 "/>
</bind>
</comp>

<comp id="3131" class="1004" name="sext_ln73_52_fu_3131">
<pin_list>
<pin id="3132" dir="0" index="0" bw="16" slack="1"/>
<pin id="3133" dir="1" index="1" bw="26" slack="0"/>
</pin_list>
<bind>
<opcode="sext(35) " fcode="sext"/>
<opset="sext_ln73_52/4 "/>
</bind>
</comp>

<comp id="3134" class="1004" name="grp_fu_3134">
<pin_list>
<pin id="3135" dir="0" index="0" bw="16" slack="0"/>
<pin id="3136" dir="0" index="1" bw="16" slack="0"/>
<pin id="3137" dir="1" index="2" bw="26" slack="0"/>
</pin_list>
<bind>
<opcode="mul(12) " fcode="mul"/>
<opset="mul_ln58_50/4 "/>
</bind>
</comp>

<comp id="3140" class="1004" name="sext_ln73_53_fu_3140">
<pin_list>
<pin id="3141" dir="0" index="0" bw="16" slack="1"/>
<pin id="3142" dir="1" index="1" bw="26" slack="0"/>
</pin_list>
<bind>
<opcode="sext(35) " fcode="sext"/>
<opset="sext_ln73_53/4 "/>
</bind>
</comp>

<comp id="3143" class="1004" name="grp_fu_3143">
<pin_list>
<pin id="3144" dir="0" index="0" bw="16" slack="0"/>
<pin id="3145" dir="0" index="1" bw="16" slack="0"/>
<pin id="3146" dir="1" index="2" bw="26" slack="0"/>
</pin_list>
<bind>
<opcode="mul(12) " fcode="mul"/>
<opset="mul_ln58_51/4 "/>
</bind>
</comp>

<comp id="3149" class="1004" name="sext_ln73_54_fu_3149">
<pin_list>
<pin id="3150" dir="0" index="0" bw="16" slack="1"/>
<pin id="3151" dir="1" index="1" bw="26" slack="0"/>
</pin_list>
<bind>
<opcode="sext(35) " fcode="sext"/>
<opset="sext_ln73_54/4 "/>
</bind>
</comp>

<comp id="3152" class="1004" name="grp_fu_3152">
<pin_list>
<pin id="3153" dir="0" index="0" bw="16" slack="0"/>
<pin id="3154" dir="0" index="1" bw="16" slack="0"/>
<pin id="3155" dir="1" index="2" bw="26" slack="0"/>
</pin_list>
<bind>
<opcode="mul(12) " fcode="mul"/>
<opset="mul_ln58_52/4 "/>
</bind>
</comp>

<comp id="3158" class="1004" name="sext_ln73_55_fu_3158">
<pin_list>
<pin id="3159" dir="0" index="0" bw="11" slack="1"/>
<pin id="3160" dir="1" index="1" bw="26" slack="0"/>
</pin_list>
<bind>
<opcode="sext(35) " fcode="sext"/>
<opset="sext_ln73_55/4 "/>
</bind>
</comp>

<comp id="3161" class="1004" name="grp_fu_3161">
<pin_list>
<pin id="3162" dir="0" index="0" bw="16" slack="0"/>
<pin id="3163" dir="0" index="1" bw="11" slack="0"/>
<pin id="3164" dir="1" index="2" bw="26" slack="0"/>
</pin_list>
<bind>
<opcode="mul(12) " fcode="mul"/>
<opset="mul_ln58_53/4 "/>
</bind>
</comp>

<comp id="3167" class="1004" name="trunc_ln4_fu_3167">
<pin_list>
<pin id="3168" dir="0" index="0" bw="16" slack="0"/>
<pin id="3169" dir="0" index="1" bw="26" slack="0"/>
<pin id="3170" dir="0" index="2" bw="5" slack="0"/>
<pin id="3171" dir="0" index="3" bw="6" slack="0"/>
<pin id="3172" dir="1" index="4" bw="16" slack="1"/>
</pin_list>
<bind>
<opcode="partselect(1002) " fcode="partselect"/>
<opset="trunc_ln4/5 "/>
</bind>
</comp>

<comp id="3177" class="1004" name="trunc_ln58_8_fu_3177">
<pin_list>
<pin id="3178" dir="0" index="0" bw="16" slack="0"/>
<pin id="3179" dir="0" index="1" bw="26" slack="0"/>
<pin id="3180" dir="0" index="2" bw="5" slack="0"/>
<pin id="3181" dir="0" index="3" bw="6" slack="0"/>
<pin id="3182" dir="1" index="4" bw="16" slack="1"/>
</pin_list>
<bind>
<opcode="partselect(1002) " fcode="partselect"/>
<opset="trunc_ln58_8/5 "/>
</bind>
</comp>

<comp id="3187" class="1004" name="trunc_ln58_9_fu_3187">
<pin_list>
<pin id="3188" dir="0" index="0" bw="16" slack="0"/>
<pin id="3189" dir="0" index="1" bw="26" slack="0"/>
<pin id="3190" dir="0" index="2" bw="5" slack="0"/>
<pin id="3191" dir="0" index="3" bw="6" slack="0"/>
<pin id="3192" dir="1" index="4" bw="16" slack="1"/>
</pin_list>
<bind>
<opcode="partselect(1002) " fcode="partselect"/>
<opset="trunc_ln58_9/5 "/>
</bind>
</comp>

<comp id="3197" class="1004" name="trunc_ln58_s_fu_3197">
<pin_list>
<pin id="3198" dir="0" index="0" bw="16" slack="0"/>
<pin id="3199" dir="0" index="1" bw="26" slack="0"/>
<pin id="3200" dir="0" index="2" bw="5" slack="0"/>
<pin id="3201" dir="0" index="3" bw="6" slack="0"/>
<pin id="3202" dir="1" index="4" bw="16" slack="1"/>
</pin_list>
<bind>
<opcode="partselect(1002) " fcode="partselect"/>
<opset="trunc_ln58_s/5 "/>
</bind>
</comp>

<comp id="3207" class="1004" name="trunc_ln58_1_fu_3207">
<pin_list>
<pin id="3208" dir="0" index="0" bw="16" slack="0"/>
<pin id="3209" dir="0" index="1" bw="26" slack="0"/>
<pin id="3210" dir="0" index="2" bw="5" slack="0"/>
<pin id="3211" dir="0" index="3" bw="6" slack="0"/>
<pin id="3212" dir="1" index="4" bw="16" slack="1"/>
</pin_list>
<bind>
<opcode="partselect(1002) " fcode="partselect"/>
<opset="trunc_ln58_1/5 "/>
</bind>
</comp>

<comp id="3217" class="1004" name="trunc_ln58_2_fu_3217">
<pin_list>
<pin id="3218" dir="0" index="0" bw="16" slack="0"/>
<pin id="3219" dir="0" index="1" bw="26" slack="0"/>
<pin id="3220" dir="0" index="2" bw="5" slack="0"/>
<pin id="3221" dir="0" index="3" bw="6" slack="0"/>
<pin id="3222" dir="1" index="4" bw="16" slack="1"/>
</pin_list>
<bind>
<opcode="partselect(1002) " fcode="partselect"/>
<opset="trunc_ln58_2/5 "/>
</bind>
</comp>

<comp id="3227" class="1004" name="trunc_ln58_3_fu_3227">
<pin_list>
<pin id="3228" dir="0" index="0" bw="16" slack="0"/>
<pin id="3229" dir="0" index="1" bw="26" slack="0"/>
<pin id="3230" dir="0" index="2" bw="5" slack="0"/>
<pin id="3231" dir="0" index="3" bw="6" slack="0"/>
<pin id="3232" dir="1" index="4" bw="16" slack="1"/>
</pin_list>
<bind>
<opcode="partselect(1002) " fcode="partselect"/>
<opset="trunc_ln58_3/5 "/>
</bind>
</comp>

<comp id="3237" class="1004" name="trunc_ln58_4_fu_3237">
<pin_list>
<pin id="3238" dir="0" index="0" bw="16" slack="0"/>
<pin id="3239" dir="0" index="1" bw="26" slack="0"/>
<pin id="3240" dir="0" index="2" bw="5" slack="0"/>
<pin id="3241" dir="0" index="3" bw="6" slack="0"/>
<pin id="3242" dir="1" index="4" bw="16" slack="1"/>
</pin_list>
<bind>
<opcode="partselect(1002) " fcode="partselect"/>
<opset="trunc_ln58_4/5 "/>
</bind>
</comp>

<comp id="3247" class="1004" name="trunc_ln58_5_fu_3247">
<pin_list>
<pin id="3248" dir="0" index="0" bw="16" slack="0"/>
<pin id="3249" dir="0" index="1" bw="26" slack="0"/>
<pin id="3250" dir="0" index="2" bw="5" slack="0"/>
<pin id="3251" dir="0" index="3" bw="6" slack="0"/>
<pin id="3252" dir="1" index="4" bw="16" slack="1"/>
</pin_list>
<bind>
<opcode="partselect(1002) " fcode="partselect"/>
<opset="trunc_ln58_5/5 "/>
</bind>
</comp>

<comp id="3257" class="1004" name="trunc_ln58_6_fu_3257">
<pin_list>
<pin id="3258" dir="0" index="0" bw="16" slack="0"/>
<pin id="3259" dir="0" index="1" bw="26" slack="0"/>
<pin id="3260" dir="0" index="2" bw="5" slack="0"/>
<pin id="3261" dir="0" index="3" bw="6" slack="0"/>
<pin id="3262" dir="1" index="4" bw="16" slack="1"/>
</pin_list>
<bind>
<opcode="partselect(1002) " fcode="partselect"/>
<opset="trunc_ln58_6/5 "/>
</bind>
</comp>

<comp id="3267" class="1004" name="trunc_ln58_7_fu_3267">
<pin_list>
<pin id="3268" dir="0" index="0" bw="16" slack="0"/>
<pin id="3269" dir="0" index="1" bw="26" slack="0"/>
<pin id="3270" dir="0" index="2" bw="5" slack="0"/>
<pin id="3271" dir="0" index="3" bw="6" slack="0"/>
<pin id="3272" dir="1" index="4" bw="16" slack="1"/>
</pin_list>
<bind>
<opcode="partselect(1002) " fcode="partselect"/>
<opset="trunc_ln58_7/5 "/>
</bind>
</comp>

<comp id="3277" class="1004" name="trunc_ln58_10_fu_3277">
<pin_list>
<pin id="3278" dir="0" index="0" bw="16" slack="0"/>
<pin id="3279" dir="0" index="1" bw="26" slack="0"/>
<pin id="3280" dir="0" index="2" bw="5" slack="0"/>
<pin id="3281" dir="0" index="3" bw="6" slack="0"/>
<pin id="3282" dir="1" index="4" bw="16" slack="1"/>
</pin_list>
<bind>
<opcode="partselect(1002) " fcode="partselect"/>
<opset="trunc_ln58_10/5 "/>
</bind>
</comp>

<comp id="3287" class="1004" name="trunc_ln58_11_fu_3287">
<pin_list>
<pin id="3288" dir="0" index="0" bw="16" slack="0"/>
<pin id="3289" dir="0" index="1" bw="26" slack="0"/>
<pin id="3290" dir="0" index="2" bw="5" slack="0"/>
<pin id="3291" dir="0" index="3" bw="6" slack="0"/>
<pin id="3292" dir="1" index="4" bw="16" slack="1"/>
</pin_list>
<bind>
<opcode="partselect(1002) " fcode="partselect"/>
<opset="trunc_ln58_11/5 "/>
</bind>
</comp>

<comp id="3297" class="1004" name="trunc_ln58_12_fu_3297">
<pin_list>
<pin id="3298" dir="0" index="0" bw="16" slack="0"/>
<pin id="3299" dir="0" index="1" bw="26" slack="0"/>
<pin id="3300" dir="0" index="2" bw="5" slack="0"/>
<pin id="3301" dir="0" index="3" bw="6" slack="0"/>
<pin id="3302" dir="1" index="4" bw="16" slack="1"/>
</pin_list>
<bind>
<opcode="partselect(1002) " fcode="partselect"/>
<opset="trunc_ln58_12/5 "/>
</bind>
</comp>

<comp id="3307" class="1004" name="trunc_ln58_13_fu_3307">
<pin_list>
<pin id="3308" dir="0" index="0" bw="16" slack="0"/>
<pin id="3309" dir="0" index="1" bw="26" slack="0"/>
<pin id="3310" dir="0" index="2" bw="5" slack="0"/>
<pin id="3311" dir="0" index="3" bw="6" slack="0"/>
<pin id="3312" dir="1" index="4" bw="16" slack="1"/>
</pin_list>
<bind>
<opcode="partselect(1002) " fcode="partselect"/>
<opset="trunc_ln58_13/5 "/>
</bind>
</comp>

<comp id="3317" class="1004" name="trunc_ln58_14_fu_3317">
<pin_list>
<pin id="3318" dir="0" index="0" bw="16" slack="0"/>
<pin id="3319" dir="0" index="1" bw="26" slack="0"/>
<pin id="3320" dir="0" index="2" bw="5" slack="0"/>
<pin id="3321" dir="0" index="3" bw="6" slack="0"/>
<pin id="3322" dir="1" index="4" bw="16" slack="1"/>
</pin_list>
<bind>
<opcode="partselect(1002) " fcode="partselect"/>
<opset="trunc_ln58_14/5 "/>
</bind>
</comp>

<comp id="3327" class="1004" name="trunc_ln58_15_fu_3327">
<pin_list>
<pin id="3328" dir="0" index="0" bw="16" slack="0"/>
<pin id="3329" dir="0" index="1" bw="26" slack="0"/>
<pin id="3330" dir="0" index="2" bw="5" slack="0"/>
<pin id="3331" dir="0" index="3" bw="6" slack="0"/>
<pin id="3332" dir="1" index="4" bw="16" slack="1"/>
</pin_list>
<bind>
<opcode="partselect(1002) " fcode="partselect"/>
<opset="trunc_ln58_15/5 "/>
</bind>
</comp>

<comp id="3337" class="1004" name="trunc_ln58_16_fu_3337">
<pin_list>
<pin id="3338" dir="0" index="0" bw="16" slack="0"/>
<pin id="3339" dir="0" index="1" bw="26" slack="0"/>
<pin id="3340" dir="0" index="2" bw="5" slack="0"/>
<pin id="3341" dir="0" index="3" bw="6" slack="0"/>
<pin id="3342" dir="1" index="4" bw="16" slack="1"/>
</pin_list>
<bind>
<opcode="partselect(1002) " fcode="partselect"/>
<opset="trunc_ln58_16/5 "/>
</bind>
</comp>

<comp id="3347" class="1004" name="trunc_ln58_17_fu_3347">
<pin_list>
<pin id="3348" dir="0" index="0" bw="16" slack="0"/>
<pin id="3349" dir="0" index="1" bw="26" slack="0"/>
<pin id="3350" dir="0" index="2" bw="5" slack="0"/>
<pin id="3351" dir="0" index="3" bw="6" slack="0"/>
<pin id="3352" dir="1" index="4" bw="16" slack="1"/>
</pin_list>
<bind>
<opcode="partselect(1002) " fcode="partselect"/>
<opset="trunc_ln58_17/5 "/>
</bind>
</comp>

<comp id="3357" class="1004" name="trunc_ln58_18_fu_3357">
<pin_list>
<pin id="3358" dir="0" index="0" bw="16" slack="0"/>
<pin id="3359" dir="0" index="1" bw="26" slack="0"/>
<pin id="3360" dir="0" index="2" bw="5" slack="0"/>
<pin id="3361" dir="0" index="3" bw="6" slack="0"/>
<pin id="3362" dir="1" index="4" bw="16" slack="1"/>
</pin_list>
<bind>
<opcode="partselect(1002) " fcode="partselect"/>
<opset="trunc_ln58_18/5 "/>
</bind>
</comp>

<comp id="3367" class="1004" name="trunc_ln58_19_fu_3367">
<pin_list>
<pin id="3368" dir="0" index="0" bw="16" slack="0"/>
<pin id="3369" dir="0" index="1" bw="26" slack="0"/>
<pin id="3370" dir="0" index="2" bw="5" slack="0"/>
<pin id="3371" dir="0" index="3" bw="6" slack="0"/>
<pin id="3372" dir="1" index="4" bw="16" slack="1"/>
</pin_list>
<bind>
<opcode="partselect(1002) " fcode="partselect"/>
<opset="trunc_ln58_19/5 "/>
</bind>
</comp>

<comp id="3377" class="1004" name="trunc_ln58_20_fu_3377">
<pin_list>
<pin id="3378" dir="0" index="0" bw="16" slack="0"/>
<pin id="3379" dir="0" index="1" bw="26" slack="0"/>
<pin id="3380" dir="0" index="2" bw="5" slack="0"/>
<pin id="3381" dir="0" index="3" bw="6" slack="0"/>
<pin id="3382" dir="1" index="4" bw="16" slack="1"/>
</pin_list>
<bind>
<opcode="partselect(1002) " fcode="partselect"/>
<opset="trunc_ln58_20/5 "/>
</bind>
</comp>

<comp id="3387" class="1004" name="trunc_ln58_21_fu_3387">
<pin_list>
<pin id="3388" dir="0" index="0" bw="16" slack="0"/>
<pin id="3389" dir="0" index="1" bw="26" slack="0"/>
<pin id="3390" dir="0" index="2" bw="5" slack="0"/>
<pin id="3391" dir="0" index="3" bw="6" slack="0"/>
<pin id="3392" dir="1" index="4" bw="16" slack="1"/>
</pin_list>
<bind>
<opcode="partselect(1002) " fcode="partselect"/>
<opset="trunc_ln58_21/5 "/>
</bind>
</comp>

<comp id="3397" class="1004" name="trunc_ln58_22_fu_3397">
<pin_list>
<pin id="3398" dir="0" index="0" bw="16" slack="0"/>
<pin id="3399" dir="0" index="1" bw="26" slack="0"/>
<pin id="3400" dir="0" index="2" bw="5" slack="0"/>
<pin id="3401" dir="0" index="3" bw="6" slack="0"/>
<pin id="3402" dir="1" index="4" bw="16" slack="1"/>
</pin_list>
<bind>
<opcode="partselect(1002) " fcode="partselect"/>
<opset="trunc_ln58_22/5 "/>
</bind>
</comp>

<comp id="3407" class="1004" name="trunc_ln58_23_fu_3407">
<pin_list>
<pin id="3408" dir="0" index="0" bw="16" slack="0"/>
<pin id="3409" dir="0" index="1" bw="26" slack="0"/>
<pin id="3410" dir="0" index="2" bw="5" slack="0"/>
<pin id="3411" dir="0" index="3" bw="6" slack="0"/>
<pin id="3412" dir="1" index="4" bw="16" slack="1"/>
</pin_list>
<bind>
<opcode="partselect(1002) " fcode="partselect"/>
<opset="trunc_ln58_23/5 "/>
</bind>
</comp>

<comp id="3417" class="1004" name="trunc_ln58_24_fu_3417">
<pin_list>
<pin id="3418" dir="0" index="0" bw="16" slack="0"/>
<pin id="3419" dir="0" index="1" bw="26" slack="0"/>
<pin id="3420" dir="0" index="2" bw="5" slack="0"/>
<pin id="3421" dir="0" index="3" bw="6" slack="0"/>
<pin id="3422" dir="1" index="4" bw="16" slack="1"/>
</pin_list>
<bind>
<opcode="partselect(1002) " fcode="partselect"/>
<opset="trunc_ln58_24/5 "/>
</bind>
</comp>

<comp id="3427" class="1004" name="trunc_ln58_25_fu_3427">
<pin_list>
<pin id="3428" dir="0" index="0" bw="16" slack="0"/>
<pin id="3429" dir="0" index="1" bw="26" slack="0"/>
<pin id="3430" dir="0" index="2" bw="5" slack="0"/>
<pin id="3431" dir="0" index="3" bw="6" slack="0"/>
<pin id="3432" dir="1" index="4" bw="16" slack="1"/>
</pin_list>
<bind>
<opcode="partselect(1002) " fcode="partselect"/>
<opset="trunc_ln58_25/5 "/>
</bind>
</comp>

<comp id="3437" class="1004" name="trunc_ln58_26_fu_3437">
<pin_list>
<pin id="3438" dir="0" index="0" bw="16" slack="0"/>
<pin id="3439" dir="0" index="1" bw="26" slack="0"/>
<pin id="3440" dir="0" index="2" bw="5" slack="0"/>
<pin id="3441" dir="0" index="3" bw="6" slack="0"/>
<pin id="3442" dir="1" index="4" bw="16" slack="1"/>
</pin_list>
<bind>
<opcode="partselect(1002) " fcode="partselect"/>
<opset="trunc_ln58_26/5 "/>
</bind>
</comp>

<comp id="3447" class="1004" name="trunc_ln58_27_fu_3447">
<pin_list>
<pin id="3448" dir="0" index="0" bw="16" slack="0"/>
<pin id="3449" dir="0" index="1" bw="26" slack="0"/>
<pin id="3450" dir="0" index="2" bw="5" slack="0"/>
<pin id="3451" dir="0" index="3" bw="6" slack="0"/>
<pin id="3452" dir="1" index="4" bw="16" slack="1"/>
</pin_list>
<bind>
<opcode="partselect(1002) " fcode="partselect"/>
<opset="trunc_ln58_27/5 "/>
</bind>
</comp>

<comp id="3457" class="1004" name="trunc_ln58_28_fu_3457">
<pin_list>
<pin id="3458" dir="0" index="0" bw="16" slack="0"/>
<pin id="3459" dir="0" index="1" bw="26" slack="0"/>
<pin id="3460" dir="0" index="2" bw="5" slack="0"/>
<pin id="3461" dir="0" index="3" bw="6" slack="0"/>
<pin id="3462" dir="1" index="4" bw="16" slack="1"/>
</pin_list>
<bind>
<opcode="partselect(1002) " fcode="partselect"/>
<opset="trunc_ln58_28/5 "/>
</bind>
</comp>

<comp id="3467" class="1004" name="trunc_ln58_29_fu_3467">
<pin_list>
<pin id="3468" dir="0" index="0" bw="16" slack="0"/>
<pin id="3469" dir="0" index="1" bw="26" slack="0"/>
<pin id="3470" dir="0" index="2" bw="5" slack="0"/>
<pin id="3471" dir="0" index="3" bw="6" slack="0"/>
<pin id="3472" dir="1" index="4" bw="16" slack="1"/>
</pin_list>
<bind>
<opcode="partselect(1002) " fcode="partselect"/>
<opset="trunc_ln58_29/5 "/>
</bind>
</comp>

<comp id="3477" class="1004" name="trunc_ln58_30_fu_3477">
<pin_list>
<pin id="3478" dir="0" index="0" bw="16" slack="0"/>
<pin id="3479" dir="0" index="1" bw="26" slack="0"/>
<pin id="3480" dir="0" index="2" bw="5" slack="0"/>
<pin id="3481" dir="0" index="3" bw="6" slack="0"/>
<pin id="3482" dir="1" index="4" bw="16" slack="1"/>
</pin_list>
<bind>
<opcode="partselect(1002) " fcode="partselect"/>
<opset="trunc_ln58_30/5 "/>
</bind>
</comp>

<comp id="3487" class="1004" name="trunc_ln58_31_fu_3487">
<pin_list>
<pin id="3488" dir="0" index="0" bw="16" slack="0"/>
<pin id="3489" dir="0" index="1" bw="26" slack="0"/>
<pin id="3490" dir="0" index="2" bw="5" slack="0"/>
<pin id="3491" dir="0" index="3" bw="6" slack="0"/>
<pin id="3492" dir="1" index="4" bw="16" slack="1"/>
</pin_list>
<bind>
<opcode="partselect(1002) " fcode="partselect"/>
<opset="trunc_ln58_31/5 "/>
</bind>
</comp>

<comp id="3497" class="1004" name="trunc_ln58_32_fu_3497">
<pin_list>
<pin id="3498" dir="0" index="0" bw="16" slack="0"/>
<pin id="3499" dir="0" index="1" bw="26" slack="0"/>
<pin id="3500" dir="0" index="2" bw="5" slack="0"/>
<pin id="3501" dir="0" index="3" bw="6" slack="0"/>
<pin id="3502" dir="1" index="4" bw="16" slack="1"/>
</pin_list>
<bind>
<opcode="partselect(1002) " fcode="partselect"/>
<opset="trunc_ln58_32/5 "/>
</bind>
</comp>

<comp id="3507" class="1004" name="trunc_ln58_33_fu_3507">
<pin_list>
<pin id="3508" dir="0" index="0" bw="16" slack="0"/>
<pin id="3509" dir="0" index="1" bw="26" slack="0"/>
<pin id="3510" dir="0" index="2" bw="5" slack="0"/>
<pin id="3511" dir="0" index="3" bw="6" slack="0"/>
<pin id="3512" dir="1" index="4" bw="16" slack="1"/>
</pin_list>
<bind>
<opcode="partselect(1002) " fcode="partselect"/>
<opset="trunc_ln58_33/5 "/>
</bind>
</comp>

<comp id="3517" class="1004" name="trunc_ln58_34_fu_3517">
<pin_list>
<pin id="3518" dir="0" index="0" bw="16" slack="0"/>
<pin id="3519" dir="0" index="1" bw="26" slack="0"/>
<pin id="3520" dir="0" index="2" bw="5" slack="0"/>
<pin id="3521" dir="0" index="3" bw="6" slack="0"/>
<pin id="3522" dir="1" index="4" bw="16" slack="1"/>
</pin_list>
<bind>
<opcode="partselect(1002) " fcode="partselect"/>
<opset="trunc_ln58_34/5 "/>
</bind>
</comp>

<comp id="3527" class="1004" name="trunc_ln58_35_fu_3527">
<pin_list>
<pin id="3528" dir="0" index="0" bw="16" slack="0"/>
<pin id="3529" dir="0" index="1" bw="26" slack="0"/>
<pin id="3530" dir="0" index="2" bw="5" slack="0"/>
<pin id="3531" dir="0" index="3" bw="6" slack="0"/>
<pin id="3532" dir="1" index="4" bw="16" slack="1"/>
</pin_list>
<bind>
<opcode="partselect(1002) " fcode="partselect"/>
<opset="trunc_ln58_35/5 "/>
</bind>
</comp>

<comp id="3537" class="1004" name="trunc_ln58_36_fu_3537">
<pin_list>
<pin id="3538" dir="0" index="0" bw="16" slack="0"/>
<pin id="3539" dir="0" index="1" bw="26" slack="0"/>
<pin id="3540" dir="0" index="2" bw="5" slack="0"/>
<pin id="3541" dir="0" index="3" bw="6" slack="0"/>
<pin id="3542" dir="1" index="4" bw="16" slack="1"/>
</pin_list>
<bind>
<opcode="partselect(1002) " fcode="partselect"/>
<opset="trunc_ln58_36/5 "/>
</bind>
</comp>

<comp id="3547" class="1004" name="trunc_ln58_37_fu_3547">
<pin_list>
<pin id="3548" dir="0" index="0" bw="16" slack="0"/>
<pin id="3549" dir="0" index="1" bw="26" slack="0"/>
<pin id="3550" dir="0" index="2" bw="5" slack="0"/>
<pin id="3551" dir="0" index="3" bw="6" slack="0"/>
<pin id="3552" dir="1" index="4" bw="16" slack="1"/>
</pin_list>
<bind>
<opcode="partselect(1002) " fcode="partselect"/>
<opset="trunc_ln58_37/5 "/>
</bind>
</comp>

<comp id="3557" class="1004" name="trunc_ln58_38_fu_3557">
<pin_list>
<pin id="3558" dir="0" index="0" bw="16" slack="0"/>
<pin id="3559" dir="0" index="1" bw="26" slack="0"/>
<pin id="3560" dir="0" index="2" bw="5" slack="0"/>
<pin id="3561" dir="0" index="3" bw="6" slack="0"/>
<pin id="3562" dir="1" index="4" bw="16" slack="1"/>
</pin_list>
<bind>
<opcode="partselect(1002) " fcode="partselect"/>
<opset="trunc_ln58_38/5 "/>
</bind>
</comp>

<comp id="3567" class="1004" name="trunc_ln58_39_fu_3567">
<pin_list>
<pin id="3568" dir="0" index="0" bw="16" slack="0"/>
<pin id="3569" dir="0" index="1" bw="26" slack="0"/>
<pin id="3570" dir="0" index="2" bw="5" slack="0"/>
<pin id="3571" dir="0" index="3" bw="6" slack="0"/>
<pin id="3572" dir="1" index="4" bw="16" slack="1"/>
</pin_list>
<bind>
<opcode="partselect(1002) " fcode="partselect"/>
<opset="trunc_ln58_39/5 "/>
</bind>
</comp>

<comp id="3577" class="1004" name="trunc_ln58_40_fu_3577">
<pin_list>
<pin id="3578" dir="0" index="0" bw="16" slack="0"/>
<pin id="3579" dir="0" index="1" bw="26" slack="0"/>
<pin id="3580" dir="0" index="2" bw="5" slack="0"/>
<pin id="3581" dir="0" index="3" bw="6" slack="0"/>
<pin id="3582" dir="1" index="4" bw="16" slack="1"/>
</pin_list>
<bind>
<opcode="partselect(1002) " fcode="partselect"/>
<opset="trunc_ln58_40/5 "/>
</bind>
</comp>

<comp id="3587" class="1004" name="trunc_ln58_41_fu_3587">
<pin_list>
<pin id="3588" dir="0" index="0" bw="16" slack="0"/>
<pin id="3589" dir="0" index="1" bw="26" slack="0"/>
<pin id="3590" dir="0" index="2" bw="5" slack="0"/>
<pin id="3591" dir="0" index="3" bw="6" slack="0"/>
<pin id="3592" dir="1" index="4" bw="16" slack="1"/>
</pin_list>
<bind>
<opcode="partselect(1002) " fcode="partselect"/>
<opset="trunc_ln58_41/5 "/>
</bind>
</comp>

<comp id="3597" class="1004" name="trunc_ln58_42_fu_3597">
<pin_list>
<pin id="3598" dir="0" index="0" bw="16" slack="0"/>
<pin id="3599" dir="0" index="1" bw="26" slack="0"/>
<pin id="3600" dir="0" index="2" bw="5" slack="0"/>
<pin id="3601" dir="0" index="3" bw="6" slack="0"/>
<pin id="3602" dir="1" index="4" bw="16" slack="1"/>
</pin_list>
<bind>
<opcode="partselect(1002) " fcode="partselect"/>
<opset="trunc_ln58_42/5 "/>
</bind>
</comp>

<comp id="3607" class="1004" name="trunc_ln58_43_fu_3607">
<pin_list>
<pin id="3608" dir="0" index="0" bw="16" slack="0"/>
<pin id="3609" dir="0" index="1" bw="26" slack="0"/>
<pin id="3610" dir="0" index="2" bw="5" slack="0"/>
<pin id="3611" dir="0" index="3" bw="6" slack="0"/>
<pin id="3612" dir="1" index="4" bw="16" slack="1"/>
</pin_list>
<bind>
<opcode="partselect(1002) " fcode="partselect"/>
<opset="trunc_ln58_43/5 "/>
</bind>
</comp>

<comp id="3617" class="1004" name="trunc_ln58_44_fu_3617">
<pin_list>
<pin id="3618" dir="0" index="0" bw="16" slack="0"/>
<pin id="3619" dir="0" index="1" bw="26" slack="0"/>
<pin id="3620" dir="0" index="2" bw="5" slack="0"/>
<pin id="3621" dir="0" index="3" bw="6" slack="0"/>
<pin id="3622" dir="1" index="4" bw="16" slack="1"/>
</pin_list>
<bind>
<opcode="partselect(1002) " fcode="partselect"/>
<opset="trunc_ln58_44/5 "/>
</bind>
</comp>

<comp id="3627" class="1004" name="trunc_ln58_45_fu_3627">
<pin_list>
<pin id="3628" dir="0" index="0" bw="16" slack="0"/>
<pin id="3629" dir="0" index="1" bw="26" slack="0"/>
<pin id="3630" dir="0" index="2" bw="5" slack="0"/>
<pin id="3631" dir="0" index="3" bw="6" slack="0"/>
<pin id="3632" dir="1" index="4" bw="16" slack="1"/>
</pin_list>
<bind>
<opcode="partselect(1002) " fcode="partselect"/>
<opset="trunc_ln58_45/5 "/>
</bind>
</comp>

<comp id="3637" class="1004" name="add_ln58_fu_3637">
<pin_list>
<pin id="3638" dir="0" index="0" bw="16" slack="1"/>
<pin id="3639" dir="0" index="1" bw="16" slack="0"/>
<pin id="3640" dir="1" index="2" bw="16" slack="0"/>
</pin_list>
<bind>
<opcode="add(8) " fcode="add"/>
<opset="add_ln58/6 "/>
</bind>
</comp>

<comp id="3642" class="1004" name="add_ln58_8_fu_3642">
<pin_list>
<pin id="3643" dir="0" index="0" bw="16" slack="1"/>
<pin id="3644" dir="0" index="1" bw="16" slack="0"/>
<pin id="3645" dir="1" index="2" bw="16" slack="0"/>
</pin_list>
<bind>
<opcode="add(8) " fcode="add"/>
<opset="add_ln58_8/6 "/>
</bind>
</comp>

<comp id="3647" class="1004" name="add_ln58_9_fu_3647">
<pin_list>
<pin id="3648" dir="0" index="0" bw="16" slack="1"/>
<pin id="3649" dir="0" index="1" bw="16" slack="0"/>
<pin id="3650" dir="1" index="2" bw="16" slack="0"/>
</pin_list>
<bind>
<opcode="add(8) " fcode="add"/>
<opset="add_ln58_9/6 "/>
</bind>
</comp>

<comp id="3652" class="1004" name="add_ln58_10_fu_3652">
<pin_list>
<pin id="3653" dir="0" index="0" bw="16" slack="1"/>
<pin id="3654" dir="0" index="1" bw="16" slack="0"/>
<pin id="3655" dir="1" index="2" bw="16" slack="0"/>
</pin_list>
<bind>
<opcode="add(8) " fcode="add"/>
<opset="add_ln58_10/6 "/>
</bind>
</comp>

<comp id="3657" class="1004" name="add_ln58_11_fu_3657">
<pin_list>
<pin id="3658" dir="0" index="0" bw="16" slack="1"/>
<pin id="3659" dir="0" index="1" bw="16" slack="0"/>
<pin id="3660" dir="1" index="2" bw="16" slack="0"/>
</pin_list>
<bind>
<opcode="add(8) " fcode="add"/>
<opset="add_ln58_11/6 "/>
</bind>
</comp>

<comp id="3662" class="1004" name="add_ln58_12_fu_3662">
<pin_list>
<pin id="3663" dir="0" index="0" bw="16" slack="1"/>
<pin id="3664" dir="0" index="1" bw="16" slack="0"/>
<pin id="3665" dir="1" index="2" bw="16" slack="0"/>
</pin_list>
<bind>
<opcode="add(8) " fcode="add"/>
<opset="add_ln58_12/6 "/>
</bind>
</comp>

<comp id="3667" class="1004" name="add_ln58_13_fu_3667">
<pin_list>
<pin id="3668" dir="0" index="0" bw="16" slack="1"/>
<pin id="3669" dir="0" index="1" bw="16" slack="0"/>
<pin id="3670" dir="1" index="2" bw="16" slack="0"/>
</pin_list>
<bind>
<opcode="add(8) " fcode="add"/>
<opset="add_ln58_13/6 "/>
</bind>
</comp>

<comp id="3672" class="1004" name="add_ln58_14_fu_3672">
<pin_list>
<pin id="3673" dir="0" index="0" bw="16" slack="1"/>
<pin id="3674" dir="0" index="1" bw="16" slack="0"/>
<pin id="3675" dir="1" index="2" bw="16" slack="0"/>
</pin_list>
<bind>
<opcode="add(8) " fcode="add"/>
<opset="add_ln58_14/6 "/>
</bind>
</comp>

<comp id="3677" class="1004" name="add_ln58_15_fu_3677">
<pin_list>
<pin id="3678" dir="0" index="0" bw="16" slack="1"/>
<pin id="3679" dir="0" index="1" bw="16" slack="0"/>
<pin id="3680" dir="1" index="2" bw="16" slack="0"/>
</pin_list>
<bind>
<opcode="add(8) " fcode="add"/>
<opset="add_ln58_15/6 "/>
</bind>
</comp>

<comp id="3682" class="1004" name="add_ln58_16_fu_3682">
<pin_list>
<pin id="3683" dir="0" index="0" bw="16" slack="1"/>
<pin id="3684" dir="0" index="1" bw="16" slack="0"/>
<pin id="3685" dir="1" index="2" bw="16" slack="0"/>
</pin_list>
<bind>
<opcode="add(8) " fcode="add"/>
<opset="add_ln58_16/6 "/>
</bind>
</comp>

<comp id="3687" class="1004" name="add_ln58_17_fu_3687">
<pin_list>
<pin id="3688" dir="0" index="0" bw="16" slack="1"/>
<pin id="3689" dir="0" index="1" bw="16" slack="0"/>
<pin id="3690" dir="1" index="2" bw="16" slack="0"/>
</pin_list>
<bind>
<opcode="add(8) " fcode="add"/>
<opset="add_ln58_17/6 "/>
</bind>
</comp>

<comp id="3692" class="1004" name="add_ln58_18_fu_3692">
<pin_list>
<pin id="3693" dir="0" index="0" bw="16" slack="1"/>
<pin id="3694" dir="0" index="1" bw="16" slack="0"/>
<pin id="3695" dir="1" index="2" bw="16" slack="0"/>
</pin_list>
<bind>
<opcode="add(8) " fcode="add"/>
<opset="add_ln58_18/6 "/>
</bind>
</comp>

<comp id="3697" class="1004" name="add_ln58_19_fu_3697">
<pin_list>
<pin id="3698" dir="0" index="0" bw="16" slack="1"/>
<pin id="3699" dir="0" index="1" bw="16" slack="0"/>
<pin id="3700" dir="1" index="2" bw="16" slack="0"/>
</pin_list>
<bind>
<opcode="add(8) " fcode="add"/>
<opset="add_ln58_19/6 "/>
</bind>
</comp>

<comp id="3702" class="1004" name="add_ln58_20_fu_3702">
<pin_list>
<pin id="3703" dir="0" index="0" bw="16" slack="1"/>
<pin id="3704" dir="0" index="1" bw="16" slack="0"/>
<pin id="3705" dir="1" index="2" bw="16" slack="0"/>
</pin_list>
<bind>
<opcode="add(8) " fcode="add"/>
<opset="add_ln58_20/6 "/>
</bind>
</comp>

<comp id="3707" class="1004" name="add_ln58_21_fu_3707">
<pin_list>
<pin id="3708" dir="0" index="0" bw="16" slack="1"/>
<pin id="3709" dir="0" index="1" bw="16" slack="0"/>
<pin id="3710" dir="1" index="2" bw="16" slack="0"/>
</pin_list>
<bind>
<opcode="add(8) " fcode="add"/>
<opset="add_ln58_21/6 "/>
</bind>
</comp>

<comp id="3712" class="1004" name="add_ln58_22_fu_3712">
<pin_list>
<pin id="3713" dir="0" index="0" bw="16" slack="1"/>
<pin id="3714" dir="0" index="1" bw="16" slack="0"/>
<pin id="3715" dir="1" index="2" bw="16" slack="0"/>
</pin_list>
<bind>
<opcode="add(8) " fcode="add"/>
<opset="add_ln58_22/6 "/>
</bind>
</comp>

<comp id="3717" class="1004" name="add_ln58_23_fu_3717">
<pin_list>
<pin id="3718" dir="0" index="0" bw="16" slack="1"/>
<pin id="3719" dir="0" index="1" bw="16" slack="0"/>
<pin id="3720" dir="1" index="2" bw="16" slack="0"/>
</pin_list>
<bind>
<opcode="add(8) " fcode="add"/>
<opset="add_ln58_23/6 "/>
</bind>
</comp>

<comp id="3722" class="1004" name="add_ln58_24_fu_3722">
<pin_list>
<pin id="3723" dir="0" index="0" bw="16" slack="1"/>
<pin id="3724" dir="0" index="1" bw="16" slack="0"/>
<pin id="3725" dir="1" index="2" bw="16" slack="0"/>
</pin_list>
<bind>
<opcode="add(8) " fcode="add"/>
<opset="add_ln58_24/6 "/>
</bind>
</comp>

<comp id="3727" class="1004" name="add_ln58_25_fu_3727">
<pin_list>
<pin id="3728" dir="0" index="0" bw="16" slack="1"/>
<pin id="3729" dir="0" index="1" bw="16" slack="0"/>
<pin id="3730" dir="1" index="2" bw="16" slack="0"/>
</pin_list>
<bind>
<opcode="add(8) " fcode="add"/>
<opset="add_ln58_25/6 "/>
</bind>
</comp>

<comp id="3732" class="1004" name="add_ln58_26_fu_3732">
<pin_list>
<pin id="3733" dir="0" index="0" bw="16" slack="1"/>
<pin id="3734" dir="0" index="1" bw="16" slack="0"/>
<pin id="3735" dir="1" index="2" bw="16" slack="0"/>
</pin_list>
<bind>
<opcode="add(8) " fcode="add"/>
<opset="add_ln58_26/6 "/>
</bind>
</comp>

<comp id="3737" class="1004" name="add_ln58_27_fu_3737">
<pin_list>
<pin id="3738" dir="0" index="0" bw="16" slack="1"/>
<pin id="3739" dir="0" index="1" bw="16" slack="0"/>
<pin id="3740" dir="1" index="2" bw="16" slack="0"/>
</pin_list>
<bind>
<opcode="add(8) " fcode="add"/>
<opset="add_ln58_27/6 "/>
</bind>
</comp>

<comp id="3742" class="1004" name="add_ln58_28_fu_3742">
<pin_list>
<pin id="3743" dir="0" index="0" bw="16" slack="1"/>
<pin id="3744" dir="0" index="1" bw="16" slack="0"/>
<pin id="3745" dir="1" index="2" bw="16" slack="0"/>
</pin_list>
<bind>
<opcode="add(8) " fcode="add"/>
<opset="add_ln58_28/6 "/>
</bind>
</comp>

<comp id="3747" class="1004" name="add_ln58_29_fu_3747">
<pin_list>
<pin id="3748" dir="0" index="0" bw="16" slack="1"/>
<pin id="3749" dir="0" index="1" bw="16" slack="0"/>
<pin id="3750" dir="1" index="2" bw="16" slack="0"/>
</pin_list>
<bind>
<opcode="add(8) " fcode="add"/>
<opset="add_ln58_29/6 "/>
</bind>
</comp>

<comp id="3752" class="1004" name="add_ln58_30_fu_3752">
<pin_list>
<pin id="3753" dir="0" index="0" bw="16" slack="1"/>
<pin id="3754" dir="0" index="1" bw="16" slack="0"/>
<pin id="3755" dir="1" index="2" bw="16" slack="0"/>
</pin_list>
<bind>
<opcode="add(8) " fcode="add"/>
<opset="add_ln58_30/6 "/>
</bind>
</comp>

<comp id="3757" class="1004" name="add_ln58_31_fu_3757">
<pin_list>
<pin id="3758" dir="0" index="0" bw="16" slack="1"/>
<pin id="3759" dir="0" index="1" bw="16" slack="0"/>
<pin id="3760" dir="1" index="2" bw="16" slack="0"/>
</pin_list>
<bind>
<opcode="add(8) " fcode="add"/>
<opset="add_ln58_31/6 "/>
</bind>
</comp>

<comp id="3762" class="1004" name="add_ln58_32_fu_3762">
<pin_list>
<pin id="3763" dir="0" index="0" bw="16" slack="1"/>
<pin id="3764" dir="0" index="1" bw="16" slack="0"/>
<pin id="3765" dir="1" index="2" bw="16" slack="0"/>
</pin_list>
<bind>
<opcode="add(8) " fcode="add"/>
<opset="add_ln58_32/6 "/>
</bind>
</comp>

<comp id="3767" class="1004" name="add_ln58_33_fu_3767">
<pin_list>
<pin id="3768" dir="0" index="0" bw="16" slack="1"/>
<pin id="3769" dir="0" index="1" bw="16" slack="0"/>
<pin id="3770" dir="1" index="2" bw="16" slack="0"/>
</pin_list>
<bind>
<opcode="add(8) " fcode="add"/>
<opset="add_ln58_33/6 "/>
</bind>
</comp>

<comp id="3772" class="1004" name="add_ln58_34_fu_3772">
<pin_list>
<pin id="3773" dir="0" index="0" bw="16" slack="1"/>
<pin id="3774" dir="0" index="1" bw="16" slack="0"/>
<pin id="3775" dir="1" index="2" bw="16" slack="0"/>
</pin_list>
<bind>
<opcode="add(8) " fcode="add"/>
<opset="add_ln58_34/6 "/>
</bind>
</comp>

<comp id="3777" class="1004" name="add_ln58_35_fu_3777">
<pin_list>
<pin id="3778" dir="0" index="0" bw="16" slack="1"/>
<pin id="3779" dir="0" index="1" bw="16" slack="0"/>
<pin id="3780" dir="1" index="2" bw="16" slack="0"/>
</pin_list>
<bind>
<opcode="add(8) " fcode="add"/>
<opset="add_ln58_35/6 "/>
</bind>
</comp>

<comp id="3782" class="1004" name="add_ln58_36_fu_3782">
<pin_list>
<pin id="3783" dir="0" index="0" bw="16" slack="1"/>
<pin id="3784" dir="0" index="1" bw="16" slack="0"/>
<pin id="3785" dir="1" index="2" bw="16" slack="0"/>
</pin_list>
<bind>
<opcode="add(8) " fcode="add"/>
<opset="add_ln58_36/6 "/>
</bind>
</comp>

<comp id="3787" class="1004" name="add_ln58_37_fu_3787">
<pin_list>
<pin id="3788" dir="0" index="0" bw="16" slack="1"/>
<pin id="3789" dir="0" index="1" bw="16" slack="0"/>
<pin id="3790" dir="1" index="2" bw="16" slack="0"/>
</pin_list>
<bind>
<opcode="add(8) " fcode="add"/>
<opset="add_ln58_37/6 "/>
</bind>
</comp>

<comp id="3792" class="1004" name="add_ln58_38_fu_3792">
<pin_list>
<pin id="3793" dir="0" index="0" bw="16" slack="1"/>
<pin id="3794" dir="0" index="1" bw="16" slack="0"/>
<pin id="3795" dir="1" index="2" bw="16" slack="0"/>
</pin_list>
<bind>
<opcode="add(8) " fcode="add"/>
<opset="add_ln58_38/6 "/>
</bind>
</comp>

<comp id="3797" class="1004" name="add_ln58_39_fu_3797">
<pin_list>
<pin id="3798" dir="0" index="0" bw="16" slack="1"/>
<pin id="3799" dir="0" index="1" bw="16" slack="0"/>
<pin id="3800" dir="1" index="2" bw="16" slack="0"/>
</pin_list>
<bind>
<opcode="add(8) " fcode="add"/>
<opset="add_ln58_39/6 "/>
</bind>
</comp>

<comp id="3802" class="1004" name="add_ln58_40_fu_3802">
<pin_list>
<pin id="3803" dir="0" index="0" bw="16" slack="1"/>
<pin id="3804" dir="0" index="1" bw="16" slack="0"/>
<pin id="3805" dir="1" index="2" bw="16" slack="0"/>
</pin_list>
<bind>
<opcode="add(8) " fcode="add"/>
<opset="add_ln58_40/6 "/>
</bind>
</comp>

<comp id="3807" class="1004" name="add_ln58_41_fu_3807">
<pin_list>
<pin id="3808" dir="0" index="0" bw="16" slack="1"/>
<pin id="3809" dir="0" index="1" bw="16" slack="0"/>
<pin id="3810" dir="1" index="2" bw="16" slack="0"/>
</pin_list>
<bind>
<opcode="add(8) " fcode="add"/>
<opset="add_ln58_41/6 "/>
</bind>
</comp>

<comp id="3812" class="1004" name="add_ln58_42_fu_3812">
<pin_list>
<pin id="3813" dir="0" index="0" bw="16" slack="1"/>
<pin id="3814" dir="0" index="1" bw="16" slack="0"/>
<pin id="3815" dir="1" index="2" bw="16" slack="0"/>
</pin_list>
<bind>
<opcode="add(8) " fcode="add"/>
<opset="add_ln58_42/6 "/>
</bind>
</comp>

<comp id="3817" class="1004" name="add_ln58_43_fu_3817">
<pin_list>
<pin id="3818" dir="0" index="0" bw="16" slack="1"/>
<pin id="3819" dir="0" index="1" bw="16" slack="0"/>
<pin id="3820" dir="1" index="2" bw="16" slack="0"/>
</pin_list>
<bind>
<opcode="add(8) " fcode="add"/>
<opset="add_ln58_43/6 "/>
</bind>
</comp>

<comp id="3822" class="1004" name="add_ln58_44_fu_3822">
<pin_list>
<pin id="3823" dir="0" index="0" bw="16" slack="1"/>
<pin id="3824" dir="0" index="1" bw="16" slack="0"/>
<pin id="3825" dir="1" index="2" bw="16" slack="0"/>
</pin_list>
<bind>
<opcode="add(8) " fcode="add"/>
<opset="add_ln58_44/6 "/>
</bind>
</comp>

<comp id="3827" class="1004" name="add_ln58_45_fu_3827">
<pin_list>
<pin id="3828" dir="0" index="0" bw="16" slack="1"/>
<pin id="3829" dir="0" index="1" bw="16" slack="0"/>
<pin id="3830" dir="1" index="2" bw="16" slack="0"/>
</pin_list>
<bind>
<opcode="add(8) " fcode="add"/>
<opset="add_ln58_45/6 "/>
</bind>
</comp>

<comp id="3832" class="1004" name="add_ln58_46_fu_3832">
<pin_list>
<pin id="3833" dir="0" index="0" bw="16" slack="1"/>
<pin id="3834" dir="0" index="1" bw="16" slack="0"/>
<pin id="3835" dir="1" index="2" bw="16" slack="0"/>
</pin_list>
<bind>
<opcode="add(8) " fcode="add"/>
<opset="add_ln58_46/6 "/>
</bind>
</comp>

<comp id="3837" class="1004" name="add_ln58_47_fu_3837">
<pin_list>
<pin id="3838" dir="0" index="0" bw="16" slack="1"/>
<pin id="3839" dir="0" index="1" bw="16" slack="0"/>
<pin id="3840" dir="1" index="2" bw="16" slack="0"/>
</pin_list>
<bind>
<opcode="add(8) " fcode="add"/>
<opset="add_ln58_47/6 "/>
</bind>
</comp>

<comp id="3842" class="1004" name="add_ln58_48_fu_3842">
<pin_list>
<pin id="3843" dir="0" index="0" bw="16" slack="1"/>
<pin id="3844" dir="0" index="1" bw="16" slack="0"/>
<pin id="3845" dir="1" index="2" bw="16" slack="0"/>
</pin_list>
<bind>
<opcode="add(8) " fcode="add"/>
<opset="add_ln58_48/6 "/>
</bind>
</comp>

<comp id="3847" class="1004" name="add_ln58_49_fu_3847">
<pin_list>
<pin id="3848" dir="0" index="0" bw="16" slack="1"/>
<pin id="3849" dir="0" index="1" bw="16" slack="0"/>
<pin id="3850" dir="1" index="2" bw="16" slack="0"/>
</pin_list>
<bind>
<opcode="add(8) " fcode="add"/>
<opset="add_ln58_49/6 "/>
</bind>
</comp>

<comp id="3852" class="1004" name="add_ln58_50_fu_3852">
<pin_list>
<pin id="3853" dir="0" index="0" bw="16" slack="1"/>
<pin id="3854" dir="0" index="1" bw="16" slack="0"/>
<pin id="3855" dir="1" index="2" bw="16" slack="0"/>
</pin_list>
<bind>
<opcode="add(8) " fcode="add"/>
<opset="add_ln58_50/6 "/>
</bind>
</comp>

<comp id="3857" class="1004" name="add_ln58_51_fu_3857">
<pin_list>
<pin id="3858" dir="0" index="0" bw="16" slack="1"/>
<pin id="3859" dir="0" index="1" bw="16" slack="0"/>
<pin id="3860" dir="1" index="2" bw="16" slack="0"/>
</pin_list>
<bind>
<opcode="add(8) " fcode="add"/>
<opset="add_ln58_51/6 "/>
</bind>
</comp>

<comp id="3862" class="1004" name="add_ln58_52_fu_3862">
<pin_list>
<pin id="3863" dir="0" index="0" bw="16" slack="1"/>
<pin id="3864" dir="0" index="1" bw="16" slack="0"/>
<pin id="3865" dir="1" index="2" bw="16" slack="0"/>
</pin_list>
<bind>
<opcode="add(8) " fcode="add"/>
<opset="add_ln58_52/6 "/>
</bind>
</comp>

<comp id="3867" class="1004" name="add_ln58_53_fu_3867">
<pin_list>
<pin id="3868" dir="0" index="0" bw="16" slack="1"/>
<pin id="3869" dir="0" index="1" bw="16" slack="0"/>
<pin id="3870" dir="1" index="2" bw="16" slack="0"/>
</pin_list>
<bind>
<opcode="add(8) " fcode="add"/>
<opset="add_ln58_53/6 "/>
</bind>
</comp>

<comp id="3872" class="1004" name="mrv_fu_3872">
<pin_list>
<pin id="3873" dir="0" index="0" bw="752" slack="0"/>
<pin id="3874" dir="0" index="1" bw="16" slack="0"/>
<pin id="3875" dir="1" index="2" bw="752" slack="0"/>
</pin_list>
<bind>
<opcode="insertvalue(57) " fcode="insertvalue"/>
<opset="mrv/6 "/>
</bind>
</comp>

<comp id="3878" class="1004" name="mrv_1_fu_3878">
<pin_list>
<pin id="3879" dir="0" index="0" bw="752" slack="0"/>
<pin id="3880" dir="0" index="1" bw="16" slack="0"/>
<pin id="3881" dir="1" index="2" bw="752" slack="0"/>
</pin_list>
<bind>
<opcode="insertvalue(57) " fcode="insertvalue"/>
<opset="mrv_1/6 "/>
</bind>
</comp>

<comp id="3884" class="1004" name="mrv_2_fu_3884">
<pin_list>
<pin id="3885" dir="0" index="0" bw="752" slack="0"/>
<pin id="3886" dir="0" index="1" bw="16" slack="0"/>
<pin id="3887" dir="1" index="2" bw="752" slack="0"/>
</pin_list>
<bind>
<opcode="insertvalue(57) " fcode="insertvalue"/>
<opset="mrv_2/6 "/>
</bind>
</comp>

<comp id="3890" class="1004" name="mrv_3_fu_3890">
<pin_list>
<pin id="3891" dir="0" index="0" bw="752" slack="0"/>
<pin id="3892" dir="0" index="1" bw="16" slack="0"/>
<pin id="3893" dir="1" index="2" bw="752" slack="0"/>
</pin_list>
<bind>
<opcode="insertvalue(57) " fcode="insertvalue"/>
<opset="mrv_3/6 "/>
</bind>
</comp>

<comp id="3896" class="1004" name="mrv_4_fu_3896">
<pin_list>
<pin id="3897" dir="0" index="0" bw="752" slack="0"/>
<pin id="3898" dir="0" index="1" bw="16" slack="0"/>
<pin id="3899" dir="1" index="2" bw="752" slack="0"/>
</pin_list>
<bind>
<opcode="insertvalue(57) " fcode="insertvalue"/>
<opset="mrv_4/6 "/>
</bind>
</comp>

<comp id="3902" class="1004" name="mrv_5_fu_3902">
<pin_list>
<pin id="3903" dir="0" index="0" bw="752" slack="0"/>
<pin id="3904" dir="0" index="1" bw="16" slack="0"/>
<pin id="3905" dir="1" index="2" bw="752" slack="0"/>
</pin_list>
<bind>
<opcode="insertvalue(57) " fcode="insertvalue"/>
<opset="mrv_5/6 "/>
</bind>
</comp>

<comp id="3908" class="1004" name="mrv_6_fu_3908">
<pin_list>
<pin id="3909" dir="0" index="0" bw="752" slack="0"/>
<pin id="3910" dir="0" index="1" bw="16" slack="0"/>
<pin id="3911" dir="1" index="2" bw="752" slack="0"/>
</pin_list>
<bind>
<opcode="insertvalue(57) " fcode="insertvalue"/>
<opset="mrv_6/6 "/>
</bind>
</comp>

<comp id="3914" class="1004" name="mrv_7_fu_3914">
<pin_list>
<pin id="3915" dir="0" index="0" bw="752" slack="0"/>
<pin id="3916" dir="0" index="1" bw="16" slack="0"/>
<pin id="3917" dir="1" index="2" bw="752" slack="0"/>
</pin_list>
<bind>
<opcode="insertvalue(57) " fcode="insertvalue"/>
<opset="mrv_7/6 "/>
</bind>
</comp>

<comp id="3920" class="1004" name="mrv_8_fu_3920">
<pin_list>
<pin id="3921" dir="0" index="0" bw="752" slack="0"/>
<pin id="3922" dir="0" index="1" bw="16" slack="0"/>
<pin id="3923" dir="1" index="2" bw="752" slack="0"/>
</pin_list>
<bind>
<opcode="insertvalue(57) " fcode="insertvalue"/>
<opset="mrv_8/6 "/>
</bind>
</comp>

<comp id="3926" class="1004" name="mrv_9_fu_3926">
<pin_list>
<pin id="3927" dir="0" index="0" bw="752" slack="0"/>
<pin id="3928" dir="0" index="1" bw="16" slack="0"/>
<pin id="3929" dir="1" index="2" bw="752" slack="0"/>
</pin_list>
<bind>
<opcode="insertvalue(57) " fcode="insertvalue"/>
<opset="mrv_9/6 "/>
</bind>
</comp>

<comp id="3932" class="1004" name="mrv_s_fu_3932">
<pin_list>
<pin id="3933" dir="0" index="0" bw="752" slack="0"/>
<pin id="3934" dir="0" index="1" bw="16" slack="0"/>
<pin id="3935" dir="1" index="2" bw="752" slack="0"/>
</pin_list>
<bind>
<opcode="insertvalue(57) " fcode="insertvalue"/>
<opset="mrv_s/6 "/>
</bind>
</comp>

<comp id="3938" class="1004" name="mrv_10_fu_3938">
<pin_list>
<pin id="3939" dir="0" index="0" bw="752" slack="0"/>
<pin id="3940" dir="0" index="1" bw="16" slack="0"/>
<pin id="3941" dir="1" index="2" bw="752" slack="0"/>
</pin_list>
<bind>
<opcode="insertvalue(57) " fcode="insertvalue"/>
<opset="mrv_10/6 "/>
</bind>
</comp>

<comp id="3944" class="1004" name="mrv_11_fu_3944">
<pin_list>
<pin id="3945" dir="0" index="0" bw="752" slack="0"/>
<pin id="3946" dir="0" index="1" bw="16" slack="0"/>
<pin id="3947" dir="1" index="2" bw="752" slack="0"/>
</pin_list>
<bind>
<opcode="insertvalue(57) " fcode="insertvalue"/>
<opset="mrv_11/6 "/>
</bind>
</comp>

<comp id="3950" class="1004" name="mrv_12_fu_3950">
<pin_list>
<pin id="3951" dir="0" index="0" bw="752" slack="0"/>
<pin id="3952" dir="0" index="1" bw="16" slack="0"/>
<pin id="3953" dir="1" index="2" bw="752" slack="0"/>
</pin_list>
<bind>
<opcode="insertvalue(57) " fcode="insertvalue"/>
<opset="mrv_12/6 "/>
</bind>
</comp>

<comp id="3956" class="1004" name="mrv_13_fu_3956">
<pin_list>
<pin id="3957" dir="0" index="0" bw="752" slack="0"/>
<pin id="3958" dir="0" index="1" bw="16" slack="0"/>
<pin id="3959" dir="1" index="2" bw="752" slack="0"/>
</pin_list>
<bind>
<opcode="insertvalue(57) " fcode="insertvalue"/>
<opset="mrv_13/6 "/>
</bind>
</comp>

<comp id="3962" class="1004" name="mrv_14_fu_3962">
<pin_list>
<pin id="3963" dir="0" index="0" bw="752" slack="0"/>
<pin id="3964" dir="0" index="1" bw="16" slack="0"/>
<pin id="3965" dir="1" index="2" bw="752" slack="0"/>
</pin_list>
<bind>
<opcode="insertvalue(57) " fcode="insertvalue"/>
<opset="mrv_14/6 "/>
</bind>
</comp>

<comp id="3968" class="1004" name="mrv_15_fu_3968">
<pin_list>
<pin id="3969" dir="0" index="0" bw="752" slack="0"/>
<pin id="3970" dir="0" index="1" bw="16" slack="0"/>
<pin id="3971" dir="1" index="2" bw="752" slack="0"/>
</pin_list>
<bind>
<opcode="insertvalue(57) " fcode="insertvalue"/>
<opset="mrv_15/6 "/>
</bind>
</comp>

<comp id="3974" class="1004" name="mrv_16_fu_3974">
<pin_list>
<pin id="3975" dir="0" index="0" bw="752" slack="0"/>
<pin id="3976" dir="0" index="1" bw="16" slack="0"/>
<pin id="3977" dir="1" index="2" bw="752" slack="0"/>
</pin_list>
<bind>
<opcode="insertvalue(57) " fcode="insertvalue"/>
<opset="mrv_16/6 "/>
</bind>
</comp>

<comp id="3980" class="1004" name="mrv_17_fu_3980">
<pin_list>
<pin id="3981" dir="0" index="0" bw="752" slack="0"/>
<pin id="3982" dir="0" index="1" bw="16" slack="0"/>
<pin id="3983" dir="1" index="2" bw="752" slack="0"/>
</pin_list>
<bind>
<opcode="insertvalue(57) " fcode="insertvalue"/>
<opset="mrv_17/6 "/>
</bind>
</comp>

<comp id="3986" class="1004" name="mrv_18_fu_3986">
<pin_list>
<pin id="3987" dir="0" index="0" bw="752" slack="0"/>
<pin id="3988" dir="0" index="1" bw="16" slack="0"/>
<pin id="3989" dir="1" index="2" bw="752" slack="0"/>
</pin_list>
<bind>
<opcode="insertvalue(57) " fcode="insertvalue"/>
<opset="mrv_18/6 "/>
</bind>
</comp>

<comp id="3992" class="1004" name="mrv_19_fu_3992">
<pin_list>
<pin id="3993" dir="0" index="0" bw="752" slack="0"/>
<pin id="3994" dir="0" index="1" bw="16" slack="0"/>
<pin id="3995" dir="1" index="2" bw="752" slack="0"/>
</pin_list>
<bind>
<opcode="insertvalue(57) " fcode="insertvalue"/>
<opset="mrv_19/6 "/>
</bind>
</comp>

<comp id="3998" class="1004" name="mrv_20_fu_3998">
<pin_list>
<pin id="3999" dir="0" index="0" bw="752" slack="0"/>
<pin id="4000" dir="0" index="1" bw="16" slack="0"/>
<pin id="4001" dir="1" index="2" bw="752" slack="0"/>
</pin_list>
<bind>
<opcode="insertvalue(57) " fcode="insertvalue"/>
<opset="mrv_20/6 "/>
</bind>
</comp>

<comp id="4004" class="1004" name="mrv_21_fu_4004">
<pin_list>
<pin id="4005" dir="0" index="0" bw="752" slack="0"/>
<pin id="4006" dir="0" index="1" bw="16" slack="0"/>
<pin id="4007" dir="1" index="2" bw="752" slack="0"/>
</pin_list>
<bind>
<opcode="insertvalue(57) " fcode="insertvalue"/>
<opset="mrv_21/6 "/>
</bind>
</comp>

<comp id="4010" class="1004" name="mrv_22_fu_4010">
<pin_list>
<pin id="4011" dir="0" index="0" bw="752" slack="0"/>
<pin id="4012" dir="0" index="1" bw="16" slack="0"/>
<pin id="4013" dir="1" index="2" bw="752" slack="0"/>
</pin_list>
<bind>
<opcode="insertvalue(57) " fcode="insertvalue"/>
<opset="mrv_22/6 "/>
</bind>
</comp>

<comp id="4016" class="1004" name="mrv_23_fu_4016">
<pin_list>
<pin id="4017" dir="0" index="0" bw="752" slack="0"/>
<pin id="4018" dir="0" index="1" bw="16" slack="0"/>
<pin id="4019" dir="1" index="2" bw="752" slack="0"/>
</pin_list>
<bind>
<opcode="insertvalue(57) " fcode="insertvalue"/>
<opset="mrv_23/6 "/>
</bind>
</comp>

<comp id="4022" class="1004" name="mrv_24_fu_4022">
<pin_list>
<pin id="4023" dir="0" index="0" bw="752" slack="0"/>
<pin id="4024" dir="0" index="1" bw="16" slack="0"/>
<pin id="4025" dir="1" index="2" bw="752" slack="0"/>
</pin_list>
<bind>
<opcode="insertvalue(57) " fcode="insertvalue"/>
<opset="mrv_24/6 "/>
</bind>
</comp>

<comp id="4028" class="1004" name="mrv_25_fu_4028">
<pin_list>
<pin id="4029" dir="0" index="0" bw="752" slack="0"/>
<pin id="4030" dir="0" index="1" bw="16" slack="0"/>
<pin id="4031" dir="1" index="2" bw="752" slack="0"/>
</pin_list>
<bind>
<opcode="insertvalue(57) " fcode="insertvalue"/>
<opset="mrv_25/6 "/>
</bind>
</comp>

<comp id="4034" class="1004" name="mrv_26_fu_4034">
<pin_list>
<pin id="4035" dir="0" index="0" bw="752" slack="0"/>
<pin id="4036" dir="0" index="1" bw="16" slack="0"/>
<pin id="4037" dir="1" index="2" bw="752" slack="0"/>
</pin_list>
<bind>
<opcode="insertvalue(57) " fcode="insertvalue"/>
<opset="mrv_26/6 "/>
</bind>
</comp>

<comp id="4040" class="1004" name="mrv_27_fu_4040">
<pin_list>
<pin id="4041" dir="0" index="0" bw="752" slack="0"/>
<pin id="4042" dir="0" index="1" bw="16" slack="0"/>
<pin id="4043" dir="1" index="2" bw="752" slack="0"/>
</pin_list>
<bind>
<opcode="insertvalue(57) " fcode="insertvalue"/>
<opset="mrv_27/6 "/>
</bind>
</comp>

<comp id="4046" class="1004" name="mrv_28_fu_4046">
<pin_list>
<pin id="4047" dir="0" index="0" bw="752" slack="0"/>
<pin id="4048" dir="0" index="1" bw="16" slack="0"/>
<pin id="4049" dir="1" index="2" bw="752" slack="0"/>
</pin_list>
<bind>
<opcode="insertvalue(57) " fcode="insertvalue"/>
<opset="mrv_28/6 "/>
</bind>
</comp>

<comp id="4052" class="1004" name="mrv_29_fu_4052">
<pin_list>
<pin id="4053" dir="0" index="0" bw="752" slack="0"/>
<pin id="4054" dir="0" index="1" bw="16" slack="0"/>
<pin id="4055" dir="1" index="2" bw="752" slack="0"/>
</pin_list>
<bind>
<opcode="insertvalue(57) " fcode="insertvalue"/>
<opset="mrv_29/6 "/>
</bind>
</comp>

<comp id="4058" class="1004" name="mrv_30_fu_4058">
<pin_list>
<pin id="4059" dir="0" index="0" bw="752" slack="0"/>
<pin id="4060" dir="0" index="1" bw="16" slack="0"/>
<pin id="4061" dir="1" index="2" bw="752" slack="0"/>
</pin_list>
<bind>
<opcode="insertvalue(57) " fcode="insertvalue"/>
<opset="mrv_30/6 "/>
</bind>
</comp>

<comp id="4064" class="1004" name="mrv_31_fu_4064">
<pin_list>
<pin id="4065" dir="0" index="0" bw="752" slack="0"/>
<pin id="4066" dir="0" index="1" bw="16" slack="0"/>
<pin id="4067" dir="1" index="2" bw="752" slack="0"/>
</pin_list>
<bind>
<opcode="insertvalue(57) " fcode="insertvalue"/>
<opset="mrv_31/6 "/>
</bind>
</comp>

<comp id="4070" class="1004" name="mrv_32_fu_4070">
<pin_list>
<pin id="4071" dir="0" index="0" bw="752" slack="0"/>
<pin id="4072" dir="0" index="1" bw="16" slack="0"/>
<pin id="4073" dir="1" index="2" bw="752" slack="0"/>
</pin_list>
<bind>
<opcode="insertvalue(57) " fcode="insertvalue"/>
<opset="mrv_32/6 "/>
</bind>
</comp>

<comp id="4076" class="1004" name="mrv_33_fu_4076">
<pin_list>
<pin id="4077" dir="0" index="0" bw="752" slack="0"/>
<pin id="4078" dir="0" index="1" bw="16" slack="0"/>
<pin id="4079" dir="1" index="2" bw="752" slack="0"/>
</pin_list>
<bind>
<opcode="insertvalue(57) " fcode="insertvalue"/>
<opset="mrv_33/6 "/>
</bind>
</comp>

<comp id="4082" class="1004" name="mrv_34_fu_4082">
<pin_list>
<pin id="4083" dir="0" index="0" bw="752" slack="0"/>
<pin id="4084" dir="0" index="1" bw="16" slack="0"/>
<pin id="4085" dir="1" index="2" bw="752" slack="0"/>
</pin_list>
<bind>
<opcode="insertvalue(57) " fcode="insertvalue"/>
<opset="mrv_34/6 "/>
</bind>
</comp>

<comp id="4088" class="1004" name="mrv_35_fu_4088">
<pin_list>
<pin id="4089" dir="0" index="0" bw="752" slack="0"/>
<pin id="4090" dir="0" index="1" bw="16" slack="0"/>
<pin id="4091" dir="1" index="2" bw="752" slack="0"/>
</pin_list>
<bind>
<opcode="insertvalue(57) " fcode="insertvalue"/>
<opset="mrv_35/6 "/>
</bind>
</comp>

<comp id="4094" class="1004" name="mrv_36_fu_4094">
<pin_list>
<pin id="4095" dir="0" index="0" bw="752" slack="0"/>
<pin id="4096" dir="0" index="1" bw="16" slack="0"/>
<pin id="4097" dir="1" index="2" bw="752" slack="0"/>
</pin_list>
<bind>
<opcode="insertvalue(57) " fcode="insertvalue"/>
<opset="mrv_36/6 "/>
</bind>
</comp>

<comp id="4100" class="1004" name="mrv_37_fu_4100">
<pin_list>
<pin id="4101" dir="0" index="0" bw="752" slack="0"/>
<pin id="4102" dir="0" index="1" bw="16" slack="0"/>
<pin id="4103" dir="1" index="2" bw="752" slack="0"/>
</pin_list>
<bind>
<opcode="insertvalue(57) " fcode="insertvalue"/>
<opset="mrv_37/6 "/>
</bind>
</comp>

<comp id="4106" class="1004" name="mrv_38_fu_4106">
<pin_list>
<pin id="4107" dir="0" index="0" bw="752" slack="0"/>
<pin id="4108" dir="0" index="1" bw="16" slack="0"/>
<pin id="4109" dir="1" index="2" bw="752" slack="0"/>
</pin_list>
<bind>
<opcode="insertvalue(57) " fcode="insertvalue"/>
<opset="mrv_38/6 "/>
</bind>
</comp>

<comp id="4112" class="1004" name="mrv_39_fu_4112">
<pin_list>
<pin id="4113" dir="0" index="0" bw="752" slack="0"/>
<pin id="4114" dir="0" index="1" bw="16" slack="0"/>
<pin id="4115" dir="1" index="2" bw="752" slack="0"/>
</pin_list>
<bind>
<opcode="insertvalue(57) " fcode="insertvalue"/>
<opset="mrv_39/6 "/>
</bind>
</comp>

<comp id="4118" class="1004" name="mrv_40_fu_4118">
<pin_list>
<pin id="4119" dir="0" index="0" bw="752" slack="0"/>
<pin id="4120" dir="0" index="1" bw="16" slack="0"/>
<pin id="4121" dir="1" index="2" bw="752" slack="0"/>
</pin_list>
<bind>
<opcode="insertvalue(57) " fcode="insertvalue"/>
<opset="mrv_40/6 "/>
</bind>
</comp>

<comp id="4124" class="1004" name="mrv_41_fu_4124">
<pin_list>
<pin id="4125" dir="0" index="0" bw="752" slack="0"/>
<pin id="4126" dir="0" index="1" bw="16" slack="0"/>
<pin id="4127" dir="1" index="2" bw="752" slack="0"/>
</pin_list>
<bind>
<opcode="insertvalue(57) " fcode="insertvalue"/>
<opset="mrv_41/6 "/>
</bind>
</comp>

<comp id="4130" class="1004" name="mrv_42_fu_4130">
<pin_list>
<pin id="4131" dir="0" index="0" bw="752" slack="0"/>
<pin id="4132" dir="0" index="1" bw="16" slack="0"/>
<pin id="4133" dir="1" index="2" bw="752" slack="0"/>
</pin_list>
<bind>
<opcode="insertvalue(57) " fcode="insertvalue"/>
<opset="mrv_42/6 "/>
</bind>
</comp>

<comp id="4136" class="1004" name="mrv_43_fu_4136">
<pin_list>
<pin id="4137" dir="0" index="0" bw="752" slack="0"/>
<pin id="4138" dir="0" index="1" bw="16" slack="0"/>
<pin id="4139" dir="1" index="2" bw="752" slack="0"/>
</pin_list>
<bind>
<opcode="insertvalue(57) " fcode="insertvalue"/>
<opset="mrv_43/6 "/>
</bind>
</comp>

<comp id="4142" class="1004" name="mrv_44_fu_4142">
<pin_list>
<pin id="4143" dir="0" index="0" bw="752" slack="0"/>
<pin id="4144" dir="0" index="1" bw="16" slack="0"/>
<pin id="4145" dir="1" index="2" bw="752" slack="0"/>
</pin_list>
<bind>
<opcode="insertvalue(57) " fcode="insertvalue"/>
<opset="mrv_44/6 "/>
</bind>
</comp>

<comp id="4148" class="1004" name="mrv_45_fu_4148">
<pin_list>
<pin id="4149" dir="0" index="0" bw="752" slack="0"/>
<pin id="4150" dir="0" index="1" bw="16" slack="0"/>
<pin id="4151" dir="1" index="2" bw="752" slack="0"/>
</pin_list>
<bind>
<opcode="insertvalue(57) " fcode="insertvalue"/>
<opset="mrv_45/6 "/>
</bind>
</comp>

<comp id="4154" class="1004" name="return_ln84_fu_4154">
<pin_list>
<pin id="4155" dir="0" index="0" bw="752" slack="0"/>
<pin id="4156" dir="1" index="1" bw="0" slack="2147483647"/>
</pin_list>
<bind>
<opcode="return(1203) " fcode="return"/>
<opset="return_ln84/6 "/>
</bind>
</comp>

<comp id="4158" class="1005" name="w26_addr_reg_4158">
<pin_list>
<pin id="4159" dir="0" index="0" bw="5" slack="1"/>
<pin id="4160" dir="1" index="1" bw="5" slack="1"/>
</pin_list>
<bind>
<opset="w26_addr "/>
</bind>
</comp>

<comp id="4163" class="1005" name="w_index_reg_4163">
<pin_list>
<pin id="4164" dir="0" index="0" bw="5" slack="0"/>
<pin id="4165" dir="1" index="1" bw="5" slack="0"/>
</pin_list>
<bind>
<opset="w_index "/>
</bind>
</comp>

<comp id="4168" class="1005" name="icmp_ln46_reg_4168">
<pin_list>
<pin id="4169" dir="0" index="0" bw="1" slack="1"/>
<pin id="4170" dir="1" index="1" bw="1" slack="2147483647"/>
</pin_list>
<bind>
<opset="icmp_ln46 "/>
</bind>
</comp>

<comp id="4172" class="1005" name="a_reg_4172">
<pin_list>
<pin id="4173" dir="0" index="0" bw="16" slack="1"/>
<pin id="4174" dir="1" index="1" bw="16" slack="1"/>
</pin_list>
<bind>
<opset="a "/>
</bind>
</comp>

<comp id="4177" class="1005" name="w_reg_4177">
<pin_list>
<pin id="4178" dir="0" index="0" bw="16" slack="1"/>
<pin id="4179" dir="1" index="1" bw="16" slack="1"/>
</pin_list>
<bind>
<opset="w "/>
</bind>
</comp>

<comp id="4182" class="1005" name="w_7_reg_4182">
<pin_list>
<pin id="4183" dir="0" index="0" bw="16" slack="1"/>
<pin id="4184" dir="1" index="1" bw="16" slack="1"/>
</pin_list>
<bind>
<opset="w_7 "/>
</bind>
</comp>

<comp id="4187" class="1005" name="w_8_reg_4187">
<pin_list>
<pin id="4188" dir="0" index="0" bw="16" slack="1"/>
<pin id="4189" dir="1" index="1" bw="16" slack="1"/>
</pin_list>
<bind>
<opset="w_8 "/>
</bind>
</comp>

<comp id="4192" class="1005" name="w_9_reg_4192">
<pin_list>
<pin id="4193" dir="0" index="0" bw="16" slack="1"/>
<pin id="4194" dir="1" index="1" bw="16" slack="1"/>
</pin_list>
<bind>
<opset="w_9 "/>
</bind>
</comp>

<comp id="4197" class="1005" name="w_10_reg_4197">
<pin_list>
<pin id="4198" dir="0" index="0" bw="16" slack="1"/>
<pin id="4199" dir="1" index="1" bw="16" slack="1"/>
</pin_list>
<bind>
<opset="w_10 "/>
</bind>
</comp>

<comp id="4202" class="1005" name="w_11_reg_4202">
<pin_list>
<pin id="4203" dir="0" index="0" bw="16" slack="1"/>
<pin id="4204" dir="1" index="1" bw="16" slack="1"/>
</pin_list>
<bind>
<opset="w_11 "/>
</bind>
</comp>

<comp id="4207" class="1005" name="w_12_reg_4207">
<pin_list>
<pin id="4208" dir="0" index="0" bw="16" slack="1"/>
<pin id="4209" dir="1" index="1" bw="16" slack="1"/>
</pin_list>
<bind>
<opset="w_12 "/>
</bind>
</comp>

<comp id="4212" class="1005" name="w_13_reg_4212">
<pin_list>
<pin id="4213" dir="0" index="0" bw="16" slack="1"/>
<pin id="4214" dir="1" index="1" bw="16" slack="1"/>
</pin_list>
<bind>
<opset="w_13 "/>
</bind>
</comp>

<comp id="4217" class="1005" name="w_14_reg_4217">
<pin_list>
<pin id="4218" dir="0" index="0" bw="16" slack="1"/>
<pin id="4219" dir="1" index="1" bw="16" slack="1"/>
</pin_list>
<bind>
<opset="w_14 "/>
</bind>
</comp>

<comp id="4222" class="1005" name="w_15_reg_4222">
<pin_list>
<pin id="4223" dir="0" index="0" bw="16" slack="1"/>
<pin id="4224" dir="1" index="1" bw="16" slack="1"/>
</pin_list>
<bind>
<opset="w_15 "/>
</bind>
</comp>

<comp id="4227" class="1005" name="w_16_reg_4227">
<pin_list>
<pin id="4228" dir="0" index="0" bw="16" slack="1"/>
<pin id="4229" dir="1" index="1" bw="16" slack="1"/>
</pin_list>
<bind>
<opset="w_16 "/>
</bind>
</comp>

<comp id="4232" class="1005" name="w_17_reg_4232">
<pin_list>
<pin id="4233" dir="0" index="0" bw="16" slack="1"/>
<pin id="4234" dir="1" index="1" bw="16" slack="1"/>
</pin_list>
<bind>
<opset="w_17 "/>
</bind>
</comp>

<comp id="4237" class="1005" name="w_18_reg_4237">
<pin_list>
<pin id="4238" dir="0" index="0" bw="16" slack="1"/>
<pin id="4239" dir="1" index="1" bw="16" slack="1"/>
</pin_list>
<bind>
<opset="w_18 "/>
</bind>
</comp>

<comp id="4242" class="1005" name="w_19_reg_4242">
<pin_list>
<pin id="4243" dir="0" index="0" bw="16" slack="1"/>
<pin id="4244" dir="1" index="1" bw="16" slack="1"/>
</pin_list>
<bind>
<opset="w_19 "/>
</bind>
</comp>

<comp id="4247" class="1005" name="w_20_reg_4247">
<pin_list>
<pin id="4248" dir="0" index="0" bw="16" slack="1"/>
<pin id="4249" dir="1" index="1" bw="16" slack="1"/>
</pin_list>
<bind>
<opset="w_20 "/>
</bind>
</comp>

<comp id="4252" class="1005" name="w_21_reg_4252">
<pin_list>
<pin id="4253" dir="0" index="0" bw="16" slack="1"/>
<pin id="4254" dir="1" index="1" bw="16" slack="1"/>
</pin_list>
<bind>
<opset="w_21 "/>
</bind>
</comp>

<comp id="4257" class="1005" name="w_22_reg_4257">
<pin_list>
<pin id="4258" dir="0" index="0" bw="16" slack="1"/>
<pin id="4259" dir="1" index="1" bw="16" slack="1"/>
</pin_list>
<bind>
<opset="w_22 "/>
</bind>
</comp>

<comp id="4262" class="1005" name="w_23_reg_4262">
<pin_list>
<pin id="4263" dir="0" index="0" bw="16" slack="1"/>
<pin id="4264" dir="1" index="1" bw="16" slack="1"/>
</pin_list>
<bind>
<opset="w_23 "/>
</bind>
</comp>

<comp id="4267" class="1005" name="w_24_reg_4267">
<pin_list>
<pin id="4268" dir="0" index="0" bw="16" slack="1"/>
<pin id="4269" dir="1" index="1" bw="16" slack="1"/>
</pin_list>
<bind>
<opset="w_24 "/>
</bind>
</comp>

<comp id="4272" class="1005" name="w_25_reg_4272">
<pin_list>
<pin id="4273" dir="0" index="0" bw="16" slack="1"/>
<pin id="4274" dir="1" index="1" bw="16" slack="1"/>
</pin_list>
<bind>
<opset="w_25 "/>
</bind>
</comp>

<comp id="4277" class="1005" name="w_26_reg_4277">
<pin_list>
<pin id="4278" dir="0" index="0" bw="16" slack="1"/>
<pin id="4279" dir="1" index="1" bw="16" slack="1"/>
</pin_list>
<bind>
<opset="w_26 "/>
</bind>
</comp>

<comp id="4282" class="1005" name="w_27_reg_4282">
<pin_list>
<pin id="4283" dir="0" index="0" bw="16" slack="1"/>
<pin id="4284" dir="1" index="1" bw="16" slack="1"/>
</pin_list>
<bind>
<opset="w_27 "/>
</bind>
</comp>

<comp id="4287" class="1005" name="w_28_reg_4287">
<pin_list>
<pin id="4288" dir="0" index="0" bw="16" slack="1"/>
<pin id="4289" dir="1" index="1" bw="16" slack="1"/>
</pin_list>
<bind>
<opset="w_28 "/>
</bind>
</comp>

<comp id="4292" class="1005" name="w_29_reg_4292">
<pin_list>
<pin id="4293" dir="0" index="0" bw="16" slack="1"/>
<pin id="4294" dir="1" index="1" bw="16" slack="1"/>
</pin_list>
<bind>
<opset="w_29 "/>
</bind>
</comp>

<comp id="4297" class="1005" name="w_30_reg_4297">
<pin_list>
<pin id="4298" dir="0" index="0" bw="16" slack="1"/>
<pin id="4299" dir="1" index="1" bw="16" slack="1"/>
</pin_list>
<bind>
<opset="w_30 "/>
</bind>
</comp>

<comp id="4302" class="1005" name="w_31_reg_4302">
<pin_list>
<pin id="4303" dir="0" index="0" bw="16" slack="1"/>
<pin id="4304" dir="1" index="1" bw="16" slack="1"/>
</pin_list>
<bind>
<opset="w_31 "/>
</bind>
</comp>

<comp id="4307" class="1005" name="w_32_reg_4307">
<pin_list>
<pin id="4308" dir="0" index="0" bw="16" slack="1"/>
<pin id="4309" dir="1" index="1" bw="16" slack="1"/>
</pin_list>
<bind>
<opset="w_32 "/>
</bind>
</comp>

<comp id="4312" class="1005" name="w_33_reg_4312">
<pin_list>
<pin id="4313" dir="0" index="0" bw="16" slack="1"/>
<pin id="4314" dir="1" index="1" bw="16" slack="1"/>
</pin_list>
<bind>
<opset="w_33 "/>
</bind>
</comp>

<comp id="4317" class="1005" name="w_34_reg_4317">
<pin_list>
<pin id="4318" dir="0" index="0" bw="16" slack="1"/>
<pin id="4319" dir="1" index="1" bw="16" slack="1"/>
</pin_list>
<bind>
<opset="w_34 "/>
</bind>
</comp>

<comp id="4322" class="1005" name="w_35_reg_4322">
<pin_list>
<pin id="4323" dir="0" index="0" bw="16" slack="1"/>
<pin id="4324" dir="1" index="1" bw="16" slack="1"/>
</pin_list>
<bind>
<opset="w_35 "/>
</bind>
</comp>

<comp id="4327" class="1005" name="w_36_reg_4327">
<pin_list>
<pin id="4328" dir="0" index="0" bw="16" slack="1"/>
<pin id="4329" dir="1" index="1" bw="16" slack="1"/>
</pin_list>
<bind>
<opset="w_36 "/>
</bind>
</comp>

<comp id="4332" class="1005" name="w_37_reg_4332">
<pin_list>
<pin id="4333" dir="0" index="0" bw="16" slack="1"/>
<pin id="4334" dir="1" index="1" bw="16" slack="1"/>
</pin_list>
<bind>
<opset="w_37 "/>
</bind>
</comp>

<comp id="4337" class="1005" name="w_38_reg_4337">
<pin_list>
<pin id="4338" dir="0" index="0" bw="16" slack="1"/>
<pin id="4339" dir="1" index="1" bw="16" slack="1"/>
</pin_list>
<bind>
<opset="w_38 "/>
</bind>
</comp>

<comp id="4342" class="1005" name="w_39_reg_4342">
<pin_list>
<pin id="4343" dir="0" index="0" bw="16" slack="1"/>
<pin id="4344" dir="1" index="1" bw="16" slack="1"/>
</pin_list>
<bind>
<opset="w_39 "/>
</bind>
</comp>

<comp id="4347" class="1005" name="w_40_reg_4347">
<pin_list>
<pin id="4348" dir="0" index="0" bw="16" slack="1"/>
<pin id="4349" dir="1" index="1" bw="16" slack="1"/>
</pin_list>
<bind>
<opset="w_40 "/>
</bind>
</comp>

<comp id="4352" class="1005" name="w_41_reg_4352">
<pin_list>
<pin id="4353" dir="0" index="0" bw="16" slack="1"/>
<pin id="4354" dir="1" index="1" bw="16" slack="1"/>
</pin_list>
<bind>
<opset="w_41 "/>
</bind>
</comp>

<comp id="4357" class="1005" name="w_42_reg_4357">
<pin_list>
<pin id="4358" dir="0" index="0" bw="16" slack="1"/>
<pin id="4359" dir="1" index="1" bw="16" slack="1"/>
</pin_list>
<bind>
<opset="w_42 "/>
</bind>
</comp>

<comp id="4362" class="1005" name="w_43_reg_4362">
<pin_list>
<pin id="4363" dir="0" index="0" bw="16" slack="1"/>
<pin id="4364" dir="1" index="1" bw="16" slack="1"/>
</pin_list>
<bind>
<opset="w_43 "/>
</bind>
</comp>

<comp id="4367" class="1005" name="w_44_reg_4367">
<pin_list>
<pin id="4368" dir="0" index="0" bw="16" slack="1"/>
<pin id="4369" dir="1" index="1" bw="16" slack="1"/>
</pin_list>
<bind>
<opset="w_44 "/>
</bind>
</comp>

<comp id="4372" class="1005" name="w_45_reg_4372">
<pin_list>
<pin id="4373" dir="0" index="0" bw="16" slack="1"/>
<pin id="4374" dir="1" index="1" bw="16" slack="1"/>
</pin_list>
<bind>
<opset="w_45 "/>
</bind>
</comp>

<comp id="4377" class="1005" name="w_46_reg_4377">
<pin_list>
<pin id="4378" dir="0" index="0" bw="16" slack="1"/>
<pin id="4379" dir="1" index="1" bw="16" slack="1"/>
</pin_list>
<bind>
<opset="w_46 "/>
</bind>
</comp>

<comp id="4382" class="1005" name="w_47_reg_4382">
<pin_list>
<pin id="4383" dir="0" index="0" bw="16" slack="1"/>
<pin id="4384" dir="1" index="1" bw="16" slack="1"/>
</pin_list>
<bind>
<opset="w_47 "/>
</bind>
</comp>

<comp id="4387" class="1005" name="w_48_reg_4387">
<pin_list>
<pin id="4388" dir="0" index="0" bw="16" slack="1"/>
<pin id="4389" dir="1" index="1" bw="16" slack="1"/>
</pin_list>
<bind>
<opset="w_48 "/>
</bind>
</comp>

<comp id="4392" class="1005" name="w_49_reg_4392">
<pin_list>
<pin id="4393" dir="0" index="0" bw="16" slack="1"/>
<pin id="4394" dir="1" index="1" bw="16" slack="1"/>
</pin_list>
<bind>
<opset="w_49 "/>
</bind>
</comp>

<comp id="4397" class="1005" name="w_50_reg_4397">
<pin_list>
<pin id="4398" dir="0" index="0" bw="16" slack="1"/>
<pin id="4399" dir="1" index="1" bw="16" slack="1"/>
</pin_list>
<bind>
<opset="w_50 "/>
</bind>
</comp>

<comp id="4402" class="1005" name="w_51_reg_4402">
<pin_list>
<pin id="4403" dir="0" index="0" bw="16" slack="1"/>
<pin id="4404" dir="1" index="1" bw="16" slack="1"/>
</pin_list>
<bind>
<opset="w_51 "/>
</bind>
</comp>

<comp id="4407" class="1005" name="tmp_reg_4407">
<pin_list>
<pin id="4408" dir="0" index="0" bw="11" slack="1"/>
<pin id="4409" dir="1" index="1" bw="11" slack="1"/>
</pin_list>
<bind>
<opset="tmp "/>
</bind>
</comp>

<comp id="4412" class="1005" name="sext_ln73_reg_4412">
<pin_list>
<pin id="4413" dir="0" index="0" bw="26" slack="1"/>
<pin id="4414" dir="1" index="1" bw="26" slack="1"/>
</pin_list>
<bind>
<opset="sext_ln73 "/>
</bind>
</comp>

<comp id="4417" class="1005" name="sext_ln73_9_reg_4417">
<pin_list>
<pin id="4418" dir="0" index="0" bw="26" slack="1"/>
<pin id="4419" dir="1" index="1" bw="26" slack="1"/>
</pin_list>
<bind>
<opset="sext_ln73_9 "/>
</bind>
</comp>

<comp id="4468" class="1005" name="sext_ln73_10_reg_4468">
<pin_list>
<pin id="4469" dir="0" index="0" bw="26" slack="1"/>
<pin id="4470" dir="1" index="1" bw="26" slack="1"/>
</pin_list>
<bind>
<opset="sext_ln73_10 "/>
</bind>
</comp>

<comp id="4473" class="1005" name="sext_ln73_11_reg_4473">
<pin_list>
<pin id="4474" dir="0" index="0" bw="26" slack="1"/>
<pin id="4475" dir="1" index="1" bw="26" slack="1"/>
</pin_list>
<bind>
<opset="sext_ln73_11 "/>
</bind>
</comp>

<comp id="4478" class="1005" name="sext_ln73_12_reg_4478">
<pin_list>
<pin id="4479" dir="0" index="0" bw="26" slack="1"/>
<pin id="4480" dir="1" index="1" bw="26" slack="1"/>
</pin_list>
<bind>
<opset="sext_ln73_12 "/>
</bind>
</comp>

<comp id="4483" class="1005" name="sext_ln73_13_reg_4483">
<pin_list>
<pin id="4484" dir="0" index="0" bw="26" slack="1"/>
<pin id="4485" dir="1" index="1" bw="26" slack="1"/>
</pin_list>
<bind>
<opset="sext_ln73_13 "/>
</bind>
</comp>

<comp id="4488" class="1005" name="sext_ln73_14_reg_4488">
<pin_list>
<pin id="4489" dir="0" index="0" bw="26" slack="1"/>
<pin id="4490" dir="1" index="1" bw="26" slack="1"/>
</pin_list>
<bind>
<opset="sext_ln73_14 "/>
</bind>
</comp>

<comp id="4493" class="1005" name="sext_ln73_15_reg_4493">
<pin_list>
<pin id="4494" dir="0" index="0" bw="26" slack="1"/>
<pin id="4495" dir="1" index="1" bw="26" slack="1"/>
</pin_list>
<bind>
<opset="sext_ln73_15 "/>
</bind>
</comp>

<comp id="4498" class="1005" name="sext_ln73_16_reg_4498">
<pin_list>
<pin id="4499" dir="0" index="0" bw="26" slack="1"/>
<pin id="4500" dir="1" index="1" bw="26" slack="1"/>
</pin_list>
<bind>
<opset="sext_ln73_16 "/>
</bind>
</comp>

<comp id="4503" class="1005" name="sext_ln73_17_reg_4503">
<pin_list>
<pin id="4504" dir="0" index="0" bw="26" slack="1"/>
<pin id="4505" dir="1" index="1" bw="26" slack="1"/>
</pin_list>
<bind>
<opset="sext_ln73_17 "/>
</bind>
</comp>

<comp id="4508" class="1005" name="sext_ln73_18_reg_4508">
<pin_list>
<pin id="4509" dir="0" index="0" bw="26" slack="1"/>
<pin id="4510" dir="1" index="1" bw="26" slack="1"/>
</pin_list>
<bind>
<opset="sext_ln73_18 "/>
</bind>
</comp>

<comp id="4513" class="1005" name="sext_ln73_19_reg_4513">
<pin_list>
<pin id="4514" dir="0" index="0" bw="26" slack="1"/>
<pin id="4515" dir="1" index="1" bw="26" slack="1"/>
</pin_list>
<bind>
<opset="sext_ln73_19 "/>
</bind>
</comp>

<comp id="4518" class="1005" name="sext_ln73_20_reg_4518">
<pin_list>
<pin id="4519" dir="0" index="0" bw="26" slack="1"/>
<pin id="4520" dir="1" index="1" bw="26" slack="1"/>
</pin_list>
<bind>
<opset="sext_ln73_20 "/>
</bind>
</comp>

<comp id="4523" class="1005" name="sext_ln73_21_reg_4523">
<pin_list>
<pin id="4524" dir="0" index="0" bw="26" slack="1"/>
<pin id="4525" dir="1" index="1" bw="26" slack="1"/>
</pin_list>
<bind>
<opset="sext_ln73_21 "/>
</bind>
</comp>

<comp id="4528" class="1005" name="sext_ln73_22_reg_4528">
<pin_list>
<pin id="4529" dir="0" index="0" bw="26" slack="1"/>
<pin id="4530" dir="1" index="1" bw="26" slack="1"/>
</pin_list>
<bind>
<opset="sext_ln73_22 "/>
</bind>
</comp>

<comp id="4533" class="1005" name="sext_ln73_23_reg_4533">
<pin_list>
<pin id="4534" dir="0" index="0" bw="26" slack="1"/>
<pin id="4535" dir="1" index="1" bw="26" slack="1"/>
</pin_list>
<bind>
<opset="sext_ln73_23 "/>
</bind>
</comp>

<comp id="4538" class="1005" name="sext_ln73_24_reg_4538">
<pin_list>
<pin id="4539" dir="0" index="0" bw="26" slack="1"/>
<pin id="4540" dir="1" index="1" bw="26" slack="1"/>
</pin_list>
<bind>
<opset="sext_ln73_24 "/>
</bind>
</comp>

<comp id="4543" class="1005" name="sext_ln73_25_reg_4543">
<pin_list>
<pin id="4544" dir="0" index="0" bw="26" slack="1"/>
<pin id="4545" dir="1" index="1" bw="26" slack="1"/>
</pin_list>
<bind>
<opset="sext_ln73_25 "/>
</bind>
</comp>

<comp id="4548" class="1005" name="sext_ln73_26_reg_4548">
<pin_list>
<pin id="4549" dir="0" index="0" bw="26" slack="1"/>
<pin id="4550" dir="1" index="1" bw="26" slack="1"/>
</pin_list>
<bind>
<opset="sext_ln73_26 "/>
</bind>
</comp>

<comp id="4553" class="1005" name="sext_ln73_27_reg_4553">
<pin_list>
<pin id="4554" dir="0" index="0" bw="26" slack="1"/>
<pin id="4555" dir="1" index="1" bw="26" slack="1"/>
</pin_list>
<bind>
<opset="sext_ln73_27 "/>
</bind>
</comp>

<comp id="4558" class="1005" name="sext_ln73_28_reg_4558">
<pin_list>
<pin id="4559" dir="0" index="0" bw="26" slack="1"/>
<pin id="4560" dir="1" index="1" bw="26" slack="1"/>
</pin_list>
<bind>
<opset="sext_ln73_28 "/>
</bind>
</comp>

<comp id="4563" class="1005" name="sext_ln73_29_reg_4563">
<pin_list>
<pin id="4564" dir="0" index="0" bw="26" slack="1"/>
<pin id="4565" dir="1" index="1" bw="26" slack="1"/>
</pin_list>
<bind>
<opset="sext_ln73_29 "/>
</bind>
</comp>

<comp id="4568" class="1005" name="sext_ln73_30_reg_4568">
<pin_list>
<pin id="4569" dir="0" index="0" bw="26" slack="1"/>
<pin id="4570" dir="1" index="1" bw="26" slack="1"/>
</pin_list>
<bind>
<opset="sext_ln73_30 "/>
</bind>
</comp>

<comp id="4573" class="1005" name="sext_ln73_31_reg_4573">
<pin_list>
<pin id="4574" dir="0" index="0" bw="26" slack="1"/>
<pin id="4575" dir="1" index="1" bw="26" slack="1"/>
</pin_list>
<bind>
<opset="sext_ln73_31 "/>
</bind>
</comp>

<comp id="4578" class="1005" name="sext_ln73_32_reg_4578">
<pin_list>
<pin id="4579" dir="0" index="0" bw="26" slack="1"/>
<pin id="4580" dir="1" index="1" bw="26" slack="1"/>
</pin_list>
<bind>
<opset="sext_ln73_32 "/>
</bind>
</comp>

<comp id="4583" class="1005" name="sext_ln73_33_reg_4583">
<pin_list>
<pin id="4584" dir="0" index="0" bw="26" slack="1"/>
<pin id="4585" dir="1" index="1" bw="26" slack="1"/>
</pin_list>
<bind>
<opset="sext_ln73_33 "/>
</bind>
</comp>

<comp id="4588" class="1005" name="sext_ln73_34_reg_4588">
<pin_list>
<pin id="4589" dir="0" index="0" bw="26" slack="1"/>
<pin id="4590" dir="1" index="1" bw="26" slack="1"/>
</pin_list>
<bind>
<opset="sext_ln73_34 "/>
</bind>
</comp>

<comp id="4593" class="1005" name="sext_ln73_35_reg_4593">
<pin_list>
<pin id="4594" dir="0" index="0" bw="26" slack="1"/>
<pin id="4595" dir="1" index="1" bw="26" slack="1"/>
</pin_list>
<bind>
<opset="sext_ln73_35 "/>
</bind>
</comp>

<comp id="4598" class="1005" name="sext_ln73_36_reg_4598">
<pin_list>
<pin id="4599" dir="0" index="0" bw="26" slack="1"/>
<pin id="4600" dir="1" index="1" bw="26" slack="1"/>
</pin_list>
<bind>
<opset="sext_ln73_36 "/>
</bind>
</comp>

<comp id="4603" class="1005" name="sext_ln73_37_reg_4603">
<pin_list>
<pin id="4604" dir="0" index="0" bw="26" slack="1"/>
<pin id="4605" dir="1" index="1" bw="26" slack="1"/>
</pin_list>
<bind>
<opset="sext_ln73_37 "/>
</bind>
</comp>

<comp id="4608" class="1005" name="sext_ln73_38_reg_4608">
<pin_list>
<pin id="4609" dir="0" index="0" bw="26" slack="1"/>
<pin id="4610" dir="1" index="1" bw="26" slack="1"/>
</pin_list>
<bind>
<opset="sext_ln73_38 "/>
</bind>
</comp>

<comp id="4613" class="1005" name="sext_ln73_39_reg_4613">
<pin_list>
<pin id="4614" dir="0" index="0" bw="26" slack="1"/>
<pin id="4615" dir="1" index="1" bw="26" slack="1"/>
</pin_list>
<bind>
<opset="sext_ln73_39 "/>
</bind>
</comp>

<comp id="4618" class="1005" name="sext_ln73_40_reg_4618">
<pin_list>
<pin id="4619" dir="0" index="0" bw="26" slack="1"/>
<pin id="4620" dir="1" index="1" bw="26" slack="1"/>
</pin_list>
<bind>
<opset="sext_ln73_40 "/>
</bind>
</comp>

<comp id="4623" class="1005" name="sext_ln73_41_reg_4623">
<pin_list>
<pin id="4624" dir="0" index="0" bw="26" slack="1"/>
<pin id="4625" dir="1" index="1" bw="26" slack="1"/>
</pin_list>
<bind>
<opset="sext_ln73_41 "/>
</bind>
</comp>

<comp id="4628" class="1005" name="sext_ln73_42_reg_4628">
<pin_list>
<pin id="4629" dir="0" index="0" bw="26" slack="1"/>
<pin id="4630" dir="1" index="1" bw="26" slack="1"/>
</pin_list>
<bind>
<opset="sext_ln73_42 "/>
</bind>
</comp>

<comp id="4633" class="1005" name="sext_ln73_43_reg_4633">
<pin_list>
<pin id="4634" dir="0" index="0" bw="26" slack="1"/>
<pin id="4635" dir="1" index="1" bw="26" slack="1"/>
</pin_list>
<bind>
<opset="sext_ln73_43 "/>
</bind>
</comp>

<comp id="4638" class="1005" name="sext_ln73_44_reg_4638">
<pin_list>
<pin id="4639" dir="0" index="0" bw="26" slack="1"/>
<pin id="4640" dir="1" index="1" bw="26" slack="1"/>
</pin_list>
<bind>
<opset="sext_ln73_44 "/>
</bind>
</comp>

<comp id="4643" class="1005" name="sext_ln73_45_reg_4643">
<pin_list>
<pin id="4644" dir="0" index="0" bw="26" slack="1"/>
<pin id="4645" dir="1" index="1" bw="26" slack="1"/>
</pin_list>
<bind>
<opset="sext_ln73_45 "/>
</bind>
</comp>

<comp id="4648" class="1005" name="sext_ln73_46_reg_4648">
<pin_list>
<pin id="4649" dir="0" index="0" bw="26" slack="1"/>
<pin id="4650" dir="1" index="1" bw="26" slack="1"/>
</pin_list>
<bind>
<opset="sext_ln73_46 "/>
</bind>
</comp>

<comp id="4653" class="1005" name="sext_ln73_47_reg_4653">
<pin_list>
<pin id="4654" dir="0" index="0" bw="26" slack="1"/>
<pin id="4655" dir="1" index="1" bw="26" slack="1"/>
</pin_list>
<bind>
<opset="sext_ln73_47 "/>
</bind>
</comp>

<comp id="4658" class="1005" name="sext_ln73_48_reg_4658">
<pin_list>
<pin id="4659" dir="0" index="0" bw="26" slack="1"/>
<pin id="4660" dir="1" index="1" bw="26" slack="1"/>
</pin_list>
<bind>
<opset="sext_ln73_48 "/>
</bind>
</comp>

<comp id="4663" class="1005" name="sext_ln73_49_reg_4663">
<pin_list>
<pin id="4664" dir="0" index="0" bw="26" slack="1"/>
<pin id="4665" dir="1" index="1" bw="26" slack="1"/>
</pin_list>
<bind>
<opset="sext_ln73_49 "/>
</bind>
</comp>

<comp id="4668" class="1005" name="sext_ln73_50_reg_4668">
<pin_list>
<pin id="4669" dir="0" index="0" bw="26" slack="1"/>
<pin id="4670" dir="1" index="1" bw="26" slack="1"/>
</pin_list>
<bind>
<opset="sext_ln73_50 "/>
</bind>
</comp>

<comp id="4673" class="1005" name="sext_ln73_51_reg_4673">
<pin_list>
<pin id="4674" dir="0" index="0" bw="26" slack="1"/>
<pin id="4675" dir="1" index="1" bw="26" slack="1"/>
</pin_list>
<bind>
<opset="sext_ln73_51 "/>
</bind>
</comp>

<comp id="4678" class="1005" name="sext_ln73_52_reg_4678">
<pin_list>
<pin id="4679" dir="0" index="0" bw="26" slack="1"/>
<pin id="4680" dir="1" index="1" bw="26" slack="1"/>
</pin_list>
<bind>
<opset="sext_ln73_52 "/>
</bind>
</comp>

<comp id="4683" class="1005" name="sext_ln73_53_reg_4683">
<pin_list>
<pin id="4684" dir="0" index="0" bw="26" slack="1"/>
<pin id="4685" dir="1" index="1" bw="26" slack="1"/>
</pin_list>
<bind>
<opset="sext_ln73_53 "/>
</bind>
</comp>

<comp id="4688" class="1005" name="sext_ln73_54_reg_4688">
<pin_list>
<pin id="4689" dir="0" index="0" bw="26" slack="1"/>
<pin id="4690" dir="1" index="1" bw="26" slack="1"/>
</pin_list>
<bind>
<opset="sext_ln73_54 "/>
</bind>
</comp>

<comp id="4693" class="1005" name="sext_ln73_55_reg_4693">
<pin_list>
<pin id="4694" dir="0" index="0" bw="26" slack="1"/>
<pin id="4695" dir="1" index="1" bw="26" slack="1"/>
</pin_list>
<bind>
<opset="sext_ln73_55 "/>
</bind>
</comp>

<comp id="4698" class="1005" name="trunc_ln4_reg_4698">
<pin_list>
<pin id="4699" dir="0" index="0" bw="16" slack="1"/>
<pin id="4700" dir="1" index="1" bw="16" slack="1"/>
</pin_list>
<bind>
<opset="trunc_ln4 "/>
</bind>
</comp>

<comp id="4703" class="1005" name="trunc_ln58_8_reg_4703">
<pin_list>
<pin id="4704" dir="0" index="0" bw="16" slack="1"/>
<pin id="4705" dir="1" index="1" bw="16" slack="1"/>
</pin_list>
<bind>
<opset="trunc_ln58_8 "/>
</bind>
</comp>

<comp id="4708" class="1005" name="trunc_ln58_9_reg_4708">
<pin_list>
<pin id="4709" dir="0" index="0" bw="16" slack="1"/>
<pin id="4710" dir="1" index="1" bw="16" slack="1"/>
</pin_list>
<bind>
<opset="trunc_ln58_9 "/>
</bind>
</comp>

<comp id="4713" class="1005" name="trunc_ln58_s_reg_4713">
<pin_list>
<pin id="4714" dir="0" index="0" bw="16" slack="1"/>
<pin id="4715" dir="1" index="1" bw="16" slack="1"/>
</pin_list>
<bind>
<opset="trunc_ln58_s "/>
</bind>
</comp>

<comp id="4718" class="1005" name="trunc_ln58_1_reg_4718">
<pin_list>
<pin id="4719" dir="0" index="0" bw="16" slack="1"/>
<pin id="4720" dir="1" index="1" bw="16" slack="1"/>
</pin_list>
<bind>
<opset="trunc_ln58_1 "/>
</bind>
</comp>

<comp id="4723" class="1005" name="trunc_ln58_2_reg_4723">
<pin_list>
<pin id="4724" dir="0" index="0" bw="16" slack="1"/>
<pin id="4725" dir="1" index="1" bw="16" slack="1"/>
</pin_list>
<bind>
<opset="trunc_ln58_2 "/>
</bind>
</comp>

<comp id="4728" class="1005" name="trunc_ln58_3_reg_4728">
<pin_list>
<pin id="4729" dir="0" index="0" bw="16" slack="1"/>
<pin id="4730" dir="1" index="1" bw="16" slack="1"/>
</pin_list>
<bind>
<opset="trunc_ln58_3 "/>
</bind>
</comp>

<comp id="4733" class="1005" name="trunc_ln58_4_reg_4733">
<pin_list>
<pin id="4734" dir="0" index="0" bw="16" slack="1"/>
<pin id="4735" dir="1" index="1" bw="16" slack="1"/>
</pin_list>
<bind>
<opset="trunc_ln58_4 "/>
</bind>
</comp>

<comp id="4738" class="1005" name="trunc_ln58_5_reg_4738">
<pin_list>
<pin id="4739" dir="0" index="0" bw="16" slack="1"/>
<pin id="4740" dir="1" index="1" bw="16" slack="1"/>
</pin_list>
<bind>
<opset="trunc_ln58_5 "/>
</bind>
</comp>

<comp id="4743" class="1005" name="trunc_ln58_6_reg_4743">
<pin_list>
<pin id="4744" dir="0" index="0" bw="16" slack="1"/>
<pin id="4745" dir="1" index="1" bw="16" slack="1"/>
</pin_list>
<bind>
<opset="trunc_ln58_6 "/>
</bind>
</comp>

<comp id="4748" class="1005" name="trunc_ln58_7_reg_4748">
<pin_list>
<pin id="4749" dir="0" index="0" bw="16" slack="1"/>
<pin id="4750" dir="1" index="1" bw="16" slack="1"/>
</pin_list>
<bind>
<opset="trunc_ln58_7 "/>
</bind>
</comp>

<comp id="4753" class="1005" name="trunc_ln58_10_reg_4753">
<pin_list>
<pin id="4754" dir="0" index="0" bw="16" slack="1"/>
<pin id="4755" dir="1" index="1" bw="16" slack="1"/>
</pin_list>
<bind>
<opset="trunc_ln58_10 "/>
</bind>
</comp>

<comp id="4758" class="1005" name="trunc_ln58_11_reg_4758">
<pin_list>
<pin id="4759" dir="0" index="0" bw="16" slack="1"/>
<pin id="4760" dir="1" index="1" bw="16" slack="1"/>
</pin_list>
<bind>
<opset="trunc_ln58_11 "/>
</bind>
</comp>

<comp id="4763" class="1005" name="trunc_ln58_12_reg_4763">
<pin_list>
<pin id="4764" dir="0" index="0" bw="16" slack="1"/>
<pin id="4765" dir="1" index="1" bw="16" slack="1"/>
</pin_list>
<bind>
<opset="trunc_ln58_12 "/>
</bind>
</comp>

<comp id="4768" class="1005" name="trunc_ln58_13_reg_4768">
<pin_list>
<pin id="4769" dir="0" index="0" bw="16" slack="1"/>
<pin id="4770" dir="1" index="1" bw="16" slack="1"/>
</pin_list>
<bind>
<opset="trunc_ln58_13 "/>
</bind>
</comp>

<comp id="4773" class="1005" name="trunc_ln58_14_reg_4773">
<pin_list>
<pin id="4774" dir="0" index="0" bw="16" slack="1"/>
<pin id="4775" dir="1" index="1" bw="16" slack="1"/>
</pin_list>
<bind>
<opset="trunc_ln58_14 "/>
</bind>
</comp>

<comp id="4778" class="1005" name="trunc_ln58_15_reg_4778">
<pin_list>
<pin id="4779" dir="0" index="0" bw="16" slack="1"/>
<pin id="4780" dir="1" index="1" bw="16" slack="1"/>
</pin_list>
<bind>
<opset="trunc_ln58_15 "/>
</bind>
</comp>

<comp id="4783" class="1005" name="trunc_ln58_16_reg_4783">
<pin_list>
<pin id="4784" dir="0" index="0" bw="16" slack="1"/>
<pin id="4785" dir="1" index="1" bw="16" slack="1"/>
</pin_list>
<bind>
<opset="trunc_ln58_16 "/>
</bind>
</comp>

<comp id="4788" class="1005" name="trunc_ln58_17_reg_4788">
<pin_list>
<pin id="4789" dir="0" index="0" bw="16" slack="1"/>
<pin id="4790" dir="1" index="1" bw="16" slack="1"/>
</pin_list>
<bind>
<opset="trunc_ln58_17 "/>
</bind>
</comp>

<comp id="4793" class="1005" name="trunc_ln58_18_reg_4793">
<pin_list>
<pin id="4794" dir="0" index="0" bw="16" slack="1"/>
<pin id="4795" dir="1" index="1" bw="16" slack="1"/>
</pin_list>
<bind>
<opset="trunc_ln58_18 "/>
</bind>
</comp>

<comp id="4798" class="1005" name="trunc_ln58_19_reg_4798">
<pin_list>
<pin id="4799" dir="0" index="0" bw="16" slack="1"/>
<pin id="4800" dir="1" index="1" bw="16" slack="1"/>
</pin_list>
<bind>
<opset="trunc_ln58_19 "/>
</bind>
</comp>

<comp id="4803" class="1005" name="trunc_ln58_20_reg_4803">
<pin_list>
<pin id="4804" dir="0" index="0" bw="16" slack="1"/>
<pin id="4805" dir="1" index="1" bw="16" slack="1"/>
</pin_list>
<bind>
<opset="trunc_ln58_20 "/>
</bind>
</comp>

<comp id="4808" class="1005" name="trunc_ln58_21_reg_4808">
<pin_list>
<pin id="4809" dir="0" index="0" bw="16" slack="1"/>
<pin id="4810" dir="1" index="1" bw="16" slack="1"/>
</pin_list>
<bind>
<opset="trunc_ln58_21 "/>
</bind>
</comp>

<comp id="4813" class="1005" name="trunc_ln58_22_reg_4813">
<pin_list>
<pin id="4814" dir="0" index="0" bw="16" slack="1"/>
<pin id="4815" dir="1" index="1" bw="16" slack="1"/>
</pin_list>
<bind>
<opset="trunc_ln58_22 "/>
</bind>
</comp>

<comp id="4818" class="1005" name="trunc_ln58_23_reg_4818">
<pin_list>
<pin id="4819" dir="0" index="0" bw="16" slack="1"/>
<pin id="4820" dir="1" index="1" bw="16" slack="1"/>
</pin_list>
<bind>
<opset="trunc_ln58_23 "/>
</bind>
</comp>

<comp id="4823" class="1005" name="trunc_ln58_24_reg_4823">
<pin_list>
<pin id="4824" dir="0" index="0" bw="16" slack="1"/>
<pin id="4825" dir="1" index="1" bw="16" slack="1"/>
</pin_list>
<bind>
<opset="trunc_ln58_24 "/>
</bind>
</comp>

<comp id="4828" class="1005" name="trunc_ln58_25_reg_4828">
<pin_list>
<pin id="4829" dir="0" index="0" bw="16" slack="1"/>
<pin id="4830" dir="1" index="1" bw="16" slack="1"/>
</pin_list>
<bind>
<opset="trunc_ln58_25 "/>
</bind>
</comp>

<comp id="4833" class="1005" name="trunc_ln58_26_reg_4833">
<pin_list>
<pin id="4834" dir="0" index="0" bw="16" slack="1"/>
<pin id="4835" dir="1" index="1" bw="16" slack="1"/>
</pin_list>
<bind>
<opset="trunc_ln58_26 "/>
</bind>
</comp>

<comp id="4838" class="1005" name="trunc_ln58_27_reg_4838">
<pin_list>
<pin id="4839" dir="0" index="0" bw="16" slack="1"/>
<pin id="4840" dir="1" index="1" bw="16" slack="1"/>
</pin_list>
<bind>
<opset="trunc_ln58_27 "/>
</bind>
</comp>

<comp id="4843" class="1005" name="trunc_ln58_28_reg_4843">
<pin_list>
<pin id="4844" dir="0" index="0" bw="16" slack="1"/>
<pin id="4845" dir="1" index="1" bw="16" slack="1"/>
</pin_list>
<bind>
<opset="trunc_ln58_28 "/>
</bind>
</comp>

<comp id="4848" class="1005" name="trunc_ln58_29_reg_4848">
<pin_list>
<pin id="4849" dir="0" index="0" bw="16" slack="1"/>
<pin id="4850" dir="1" index="1" bw="16" slack="1"/>
</pin_list>
<bind>
<opset="trunc_ln58_29 "/>
</bind>
</comp>

<comp id="4853" class="1005" name="trunc_ln58_30_reg_4853">
<pin_list>
<pin id="4854" dir="0" index="0" bw="16" slack="1"/>
<pin id="4855" dir="1" index="1" bw="16" slack="1"/>
</pin_list>
<bind>
<opset="trunc_ln58_30 "/>
</bind>
</comp>

<comp id="4858" class="1005" name="trunc_ln58_31_reg_4858">
<pin_list>
<pin id="4859" dir="0" index="0" bw="16" slack="1"/>
<pin id="4860" dir="1" index="1" bw="16" slack="1"/>
</pin_list>
<bind>
<opset="trunc_ln58_31 "/>
</bind>
</comp>

<comp id="4863" class="1005" name="trunc_ln58_32_reg_4863">
<pin_list>
<pin id="4864" dir="0" index="0" bw="16" slack="1"/>
<pin id="4865" dir="1" index="1" bw="16" slack="1"/>
</pin_list>
<bind>
<opset="trunc_ln58_32 "/>
</bind>
</comp>

<comp id="4868" class="1005" name="trunc_ln58_33_reg_4868">
<pin_list>
<pin id="4869" dir="0" index="0" bw="16" slack="1"/>
<pin id="4870" dir="1" index="1" bw="16" slack="1"/>
</pin_list>
<bind>
<opset="trunc_ln58_33 "/>
</bind>
</comp>

<comp id="4873" class="1005" name="trunc_ln58_34_reg_4873">
<pin_list>
<pin id="4874" dir="0" index="0" bw="16" slack="1"/>
<pin id="4875" dir="1" index="1" bw="16" slack="1"/>
</pin_list>
<bind>
<opset="trunc_ln58_34 "/>
</bind>
</comp>

<comp id="4878" class="1005" name="trunc_ln58_35_reg_4878">
<pin_list>
<pin id="4879" dir="0" index="0" bw="16" slack="1"/>
<pin id="4880" dir="1" index="1" bw="16" slack="1"/>
</pin_list>
<bind>
<opset="trunc_ln58_35 "/>
</bind>
</comp>

<comp id="4883" class="1005" name="trunc_ln58_36_reg_4883">
<pin_list>
<pin id="4884" dir="0" index="0" bw="16" slack="1"/>
<pin id="4885" dir="1" index="1" bw="16" slack="1"/>
</pin_list>
<bind>
<opset="trunc_ln58_36 "/>
</bind>
</comp>

<comp id="4888" class="1005" name="trunc_ln58_37_reg_4888">
<pin_list>
<pin id="4889" dir="0" index="0" bw="16" slack="1"/>
<pin id="4890" dir="1" index="1" bw="16" slack="1"/>
</pin_list>
<bind>
<opset="trunc_ln58_37 "/>
</bind>
</comp>

<comp id="4893" class="1005" name="trunc_ln58_38_reg_4893">
<pin_list>
<pin id="4894" dir="0" index="0" bw="16" slack="1"/>
<pin id="4895" dir="1" index="1" bw="16" slack="1"/>
</pin_list>
<bind>
<opset="trunc_ln58_38 "/>
</bind>
</comp>

<comp id="4898" class="1005" name="trunc_ln58_39_reg_4898">
<pin_list>
<pin id="4899" dir="0" index="0" bw="16" slack="1"/>
<pin id="4900" dir="1" index="1" bw="16" slack="1"/>
</pin_list>
<bind>
<opset="trunc_ln58_39 "/>
</bind>
</comp>

<comp id="4903" class="1005" name="trunc_ln58_40_reg_4903">
<pin_list>
<pin id="4904" dir="0" index="0" bw="16" slack="1"/>
<pin id="4905" dir="1" index="1" bw="16" slack="1"/>
</pin_list>
<bind>
<opset="trunc_ln58_40 "/>
</bind>
</comp>

<comp id="4908" class="1005" name="trunc_ln58_41_reg_4908">
<pin_list>
<pin id="4909" dir="0" index="0" bw="16" slack="1"/>
<pin id="4910" dir="1" index="1" bw="16" slack="1"/>
</pin_list>
<bind>
<opset="trunc_ln58_41 "/>
</bind>
</comp>

<comp id="4913" class="1005" name="trunc_ln58_42_reg_4913">
<pin_list>
<pin id="4914" dir="0" index="0" bw="16" slack="1"/>
<pin id="4915" dir="1" index="1" bw="16" slack="1"/>
</pin_list>
<bind>
<opset="trunc_ln58_42 "/>
</bind>
</comp>

<comp id="4918" class="1005" name="trunc_ln58_43_reg_4918">
<pin_list>
<pin id="4919" dir="0" index="0" bw="16" slack="1"/>
<pin id="4920" dir="1" index="1" bw="16" slack="1"/>
</pin_list>
<bind>
<opset="trunc_ln58_43 "/>
</bind>
</comp>

<comp id="4923" class="1005" name="trunc_ln58_44_reg_4923">
<pin_list>
<pin id="4924" dir="0" index="0" bw="16" slack="1"/>
<pin id="4925" dir="1" index="1" bw="16" slack="1"/>
</pin_list>
<bind>
<opset="trunc_ln58_44 "/>
</bind>
</comp>

<comp id="4928" class="1005" name="trunc_ln58_45_reg_4928">
<pin_list>
<pin id="4929" dir="0" index="0" bw="16" slack="1"/>
<pin id="4930" dir="1" index="1" bw="16" slack="1"/>
</pin_list>
<bind>
<opset="trunc_ln58_45 "/>
</bind>
</comp>

<comp id="4933" class="1005" name="add_ln58_reg_4933">
<pin_list>
<pin id="4934" dir="0" index="0" bw="16" slack="0"/>
<pin id="4935" dir="1" index="1" bw="16" slack="0"/>
</pin_list>
<bind>
<opset="add_ln58 "/>
</bind>
</comp>

<comp id="4938" class="1005" name="add_ln58_8_reg_4938">
<pin_list>
<pin id="4939" dir="0" index="0" bw="16" slack="0"/>
<pin id="4940" dir="1" index="1" bw="16" slack="0"/>
</pin_list>
<bind>
<opset="add_ln58_8 "/>
</bind>
</comp>

<comp id="4943" class="1005" name="add_ln58_9_reg_4943">
<pin_list>
<pin id="4944" dir="0" index="0" bw="16" slack="0"/>
<pin id="4945" dir="1" index="1" bw="16" slack="0"/>
</pin_list>
<bind>
<opset="add_ln58_9 "/>
</bind>
</comp>

<comp id="4948" class="1005" name="add_ln58_10_reg_4948">
<pin_list>
<pin id="4949" dir="0" index="0" bw="16" slack="0"/>
<pin id="4950" dir="1" index="1" bw="16" slack="0"/>
</pin_list>
<bind>
<opset="add_ln58_10 "/>
</bind>
</comp>

<comp id="4953" class="1005" name="add_ln58_11_reg_4953">
<pin_list>
<pin id="4954" dir="0" index="0" bw="16" slack="0"/>
<pin id="4955" dir="1" index="1" bw="16" slack="0"/>
</pin_list>
<bind>
<opset="add_ln58_11 "/>
</bind>
</comp>

<comp id="4958" class="1005" name="add_ln58_12_reg_4958">
<pin_list>
<pin id="4959" dir="0" index="0" bw="16" slack="0"/>
<pin id="4960" dir="1" index="1" bw="16" slack="0"/>
</pin_list>
<bind>
<opset="add_ln58_12 "/>
</bind>
</comp>

<comp id="4963" class="1005" name="add_ln58_13_reg_4963">
<pin_list>
<pin id="4964" dir="0" index="0" bw="16" slack="0"/>
<pin id="4965" dir="1" index="1" bw="16" slack="0"/>
</pin_list>
<bind>
<opset="add_ln58_13 "/>
</bind>
</comp>

<comp id="4968" class="1005" name="add_ln58_14_reg_4968">
<pin_list>
<pin id="4969" dir="0" index="0" bw="16" slack="0"/>
<pin id="4970" dir="1" index="1" bw="16" slack="0"/>
</pin_list>
<bind>
<opset="add_ln58_14 "/>
</bind>
</comp>

<comp id="4973" class="1005" name="add_ln58_15_reg_4973">
<pin_list>
<pin id="4974" dir="0" index="0" bw="16" slack="0"/>
<pin id="4975" dir="1" index="1" bw="16" slack="0"/>
</pin_list>
<bind>
<opset="add_ln58_15 "/>
</bind>
</comp>

<comp id="4978" class="1005" name="add_ln58_16_reg_4978">
<pin_list>
<pin id="4979" dir="0" index="0" bw="16" slack="0"/>
<pin id="4980" dir="1" index="1" bw="16" slack="0"/>
</pin_list>
<bind>
<opset="add_ln58_16 "/>
</bind>
</comp>

<comp id="4983" class="1005" name="add_ln58_17_reg_4983">
<pin_list>
<pin id="4984" dir="0" index="0" bw="16" slack="0"/>
<pin id="4985" dir="1" index="1" bw="16" slack="0"/>
</pin_list>
<bind>
<opset="add_ln58_17 "/>
</bind>
</comp>

<comp id="4988" class="1005" name="add_ln58_18_reg_4988">
<pin_list>
<pin id="4989" dir="0" index="0" bw="16" slack="0"/>
<pin id="4990" dir="1" index="1" bw="16" slack="0"/>
</pin_list>
<bind>
<opset="add_ln58_18 "/>
</bind>
</comp>

<comp id="4993" class="1005" name="add_ln58_19_reg_4993">
<pin_list>
<pin id="4994" dir="0" index="0" bw="16" slack="0"/>
<pin id="4995" dir="1" index="1" bw="16" slack="0"/>
</pin_list>
<bind>
<opset="add_ln58_19 "/>
</bind>
</comp>

<comp id="4998" class="1005" name="add_ln58_20_reg_4998">
<pin_list>
<pin id="4999" dir="0" index="0" bw="16" slack="0"/>
<pin id="5000" dir="1" index="1" bw="16" slack="0"/>
</pin_list>
<bind>
<opset="add_ln58_20 "/>
</bind>
</comp>

<comp id="5003" class="1005" name="add_ln58_21_reg_5003">
<pin_list>
<pin id="5004" dir="0" index="0" bw="16" slack="0"/>
<pin id="5005" dir="1" index="1" bw="16" slack="0"/>
</pin_list>
<bind>
<opset="add_ln58_21 "/>
</bind>
</comp>

<comp id="5008" class="1005" name="add_ln58_22_reg_5008">
<pin_list>
<pin id="5009" dir="0" index="0" bw="16" slack="0"/>
<pin id="5010" dir="1" index="1" bw="16" slack="0"/>
</pin_list>
<bind>
<opset="add_ln58_22 "/>
</bind>
</comp>

<comp id="5013" class="1005" name="add_ln58_23_reg_5013">
<pin_list>
<pin id="5014" dir="0" index="0" bw="16" slack="0"/>
<pin id="5015" dir="1" index="1" bw="16" slack="0"/>
</pin_list>
<bind>
<opset="add_ln58_23 "/>
</bind>
</comp>

<comp id="5018" class="1005" name="add_ln58_24_reg_5018">
<pin_list>
<pin id="5019" dir="0" index="0" bw="16" slack="0"/>
<pin id="5020" dir="1" index="1" bw="16" slack="0"/>
</pin_list>
<bind>
<opset="add_ln58_24 "/>
</bind>
</comp>

<comp id="5023" class="1005" name="add_ln58_25_reg_5023">
<pin_list>
<pin id="5024" dir="0" index="0" bw="16" slack="0"/>
<pin id="5025" dir="1" index="1" bw="16" slack="0"/>
</pin_list>
<bind>
<opset="add_ln58_25 "/>
</bind>
</comp>

<comp id="5028" class="1005" name="add_ln58_26_reg_5028">
<pin_list>
<pin id="5029" dir="0" index="0" bw="16" slack="0"/>
<pin id="5030" dir="1" index="1" bw="16" slack="0"/>
</pin_list>
<bind>
<opset="add_ln58_26 "/>
</bind>
</comp>

<comp id="5033" class="1005" name="add_ln58_27_reg_5033">
<pin_list>
<pin id="5034" dir="0" index="0" bw="16" slack="0"/>
<pin id="5035" dir="1" index="1" bw="16" slack="0"/>
</pin_list>
<bind>
<opset="add_ln58_27 "/>
</bind>
</comp>

<comp id="5038" class="1005" name="add_ln58_28_reg_5038">
<pin_list>
<pin id="5039" dir="0" index="0" bw="16" slack="0"/>
<pin id="5040" dir="1" index="1" bw="16" slack="0"/>
</pin_list>
<bind>
<opset="add_ln58_28 "/>
</bind>
</comp>

<comp id="5043" class="1005" name="add_ln58_29_reg_5043">
<pin_list>
<pin id="5044" dir="0" index="0" bw="16" slack="0"/>
<pin id="5045" dir="1" index="1" bw="16" slack="0"/>
</pin_list>
<bind>
<opset="add_ln58_29 "/>
</bind>
</comp>

<comp id="5048" class="1005" name="add_ln58_30_reg_5048">
<pin_list>
<pin id="5049" dir="0" index="0" bw="16" slack="0"/>
<pin id="5050" dir="1" index="1" bw="16" slack="0"/>
</pin_list>
<bind>
<opset="add_ln58_30 "/>
</bind>
</comp>

<comp id="5053" class="1005" name="add_ln58_31_reg_5053">
<pin_list>
<pin id="5054" dir="0" index="0" bw="16" slack="0"/>
<pin id="5055" dir="1" index="1" bw="16" slack="0"/>
</pin_list>
<bind>
<opset="add_ln58_31 "/>
</bind>
</comp>

<comp id="5058" class="1005" name="add_ln58_32_reg_5058">
<pin_list>
<pin id="5059" dir="0" index="0" bw="16" slack="0"/>
<pin id="5060" dir="1" index="1" bw="16" slack="0"/>
</pin_list>
<bind>
<opset="add_ln58_32 "/>
</bind>
</comp>

<comp id="5063" class="1005" name="add_ln58_33_reg_5063">
<pin_list>
<pin id="5064" dir="0" index="0" bw="16" slack="0"/>
<pin id="5065" dir="1" index="1" bw="16" slack="0"/>
</pin_list>
<bind>
<opset="add_ln58_33 "/>
</bind>
</comp>

<comp id="5068" class="1005" name="add_ln58_34_reg_5068">
<pin_list>
<pin id="5069" dir="0" index="0" bw="16" slack="0"/>
<pin id="5070" dir="1" index="1" bw="16" slack="0"/>
</pin_list>
<bind>
<opset="add_ln58_34 "/>
</bind>
</comp>

<comp id="5073" class="1005" name="add_ln58_35_reg_5073">
<pin_list>
<pin id="5074" dir="0" index="0" bw="16" slack="0"/>
<pin id="5075" dir="1" index="1" bw="16" slack="0"/>
</pin_list>
<bind>
<opset="add_ln58_35 "/>
</bind>
</comp>

<comp id="5078" class="1005" name="add_ln58_36_reg_5078">
<pin_list>
<pin id="5079" dir="0" index="0" bw="16" slack="0"/>
<pin id="5080" dir="1" index="1" bw="16" slack="0"/>
</pin_list>
<bind>
<opset="add_ln58_36 "/>
</bind>
</comp>

<comp id="5083" class="1005" name="add_ln58_37_reg_5083">
<pin_list>
<pin id="5084" dir="0" index="0" bw="16" slack="0"/>
<pin id="5085" dir="1" index="1" bw="16" slack="0"/>
</pin_list>
<bind>
<opset="add_ln58_37 "/>
</bind>
</comp>

<comp id="5088" class="1005" name="add_ln58_38_reg_5088">
<pin_list>
<pin id="5089" dir="0" index="0" bw="16" slack="0"/>
<pin id="5090" dir="1" index="1" bw="16" slack="0"/>
</pin_list>
<bind>
<opset="add_ln58_38 "/>
</bind>
</comp>

<comp id="5093" class="1005" name="add_ln58_39_reg_5093">
<pin_list>
<pin id="5094" dir="0" index="0" bw="16" slack="0"/>
<pin id="5095" dir="1" index="1" bw="16" slack="0"/>
</pin_list>
<bind>
<opset="add_ln58_39 "/>
</bind>
</comp>

<comp id="5098" class="1005" name="add_ln58_40_reg_5098">
<pin_list>
<pin id="5099" dir="0" index="0" bw="16" slack="0"/>
<pin id="5100" dir="1" index="1" bw="16" slack="0"/>
</pin_list>
<bind>
<opset="add_ln58_40 "/>
</bind>
</comp>

<comp id="5103" class="1005" name="add_ln58_41_reg_5103">
<pin_list>
<pin id="5104" dir="0" index="0" bw="16" slack="0"/>
<pin id="5105" dir="1" index="1" bw="16" slack="0"/>
</pin_list>
<bind>
<opset="add_ln58_41 "/>
</bind>
</comp>

<comp id="5108" class="1005" name="add_ln58_42_reg_5108">
<pin_list>
<pin id="5109" dir="0" index="0" bw="16" slack="0"/>
<pin id="5110" dir="1" index="1" bw="16" slack="0"/>
</pin_list>
<bind>
<opset="add_ln58_42 "/>
</bind>
</comp>

<comp id="5113" class="1005" name="add_ln58_43_reg_5113">
<pin_list>
<pin id="5114" dir="0" index="0" bw="16" slack="0"/>
<pin id="5115" dir="1" index="1" bw="16" slack="0"/>
</pin_list>
<bind>
<opset="add_ln58_43 "/>
</bind>
</comp>

<comp id="5118" class="1005" name="add_ln58_44_reg_5118">
<pin_list>
<pin id="5119" dir="0" index="0" bw="16" slack="0"/>
<pin id="5120" dir="1" index="1" bw="16" slack="0"/>
</pin_list>
<bind>
<opset="add_ln58_44 "/>
</bind>
</comp>

<comp id="5123" class="1005" name="add_ln58_45_reg_5123">
<pin_list>
<pin id="5124" dir="0" index="0" bw="16" slack="0"/>
<pin id="5125" dir="1" index="1" bw="16" slack="0"/>
</pin_list>
<bind>
<opset="add_ln58_45 "/>
</bind>
</comp>

<comp id="5128" class="1005" name="add_ln58_46_reg_5128">
<pin_list>
<pin id="5129" dir="0" index="0" bw="16" slack="0"/>
<pin id="5130" dir="1" index="1" bw="16" slack="0"/>
</pin_list>
<bind>
<opset="add_ln58_46 "/>
</bind>
</comp>

<comp id="5133" class="1005" name="add_ln58_47_reg_5133">
<pin_list>
<pin id="5134" dir="0" index="0" bw="16" slack="0"/>
<pin id="5135" dir="1" index="1" bw="16" slack="0"/>
</pin_list>
<bind>
<opset="add_ln58_47 "/>
</bind>
</comp>

<comp id="5138" class="1005" name="add_ln58_48_reg_5138">
<pin_list>
<pin id="5139" dir="0" index="0" bw="16" slack="0"/>
<pin id="5140" dir="1" index="1" bw="16" slack="0"/>
</pin_list>
<bind>
<opset="add_ln58_48 "/>
</bind>
</comp>

<comp id="5143" class="1005" name="add_ln58_49_reg_5143">
<pin_list>
<pin id="5144" dir="0" index="0" bw="16" slack="0"/>
<pin id="5145" dir="1" index="1" bw="16" slack="0"/>
</pin_list>
<bind>
<opset="add_ln58_49 "/>
</bind>
</comp>

<comp id="5148" class="1005" name="add_ln58_50_reg_5148">
<pin_list>
<pin id="5149" dir="0" index="0" bw="16" slack="0"/>
<pin id="5150" dir="1" index="1" bw="16" slack="0"/>
</pin_list>
<bind>
<opset="add_ln58_50 "/>
</bind>
</comp>

<comp id="5153" class="1005" name="add_ln58_51_reg_5153">
<pin_list>
<pin id="5154" dir="0" index="0" bw="16" slack="0"/>
<pin id="5155" dir="1" index="1" bw="16" slack="0"/>
</pin_list>
<bind>
<opset="add_ln58_51 "/>
</bind>
</comp>

<comp id="5158" class="1005" name="add_ln58_52_reg_5158">
<pin_list>
<pin id="5159" dir="0" index="0" bw="16" slack="0"/>
<pin id="5160" dir="1" index="1" bw="16" slack="0"/>
</pin_list>
<bind>
<opset="add_ln58_52 "/>
</bind>
</comp>

<comp id="5163" class="1005" name="add_ln58_53_reg_5163">
<pin_list>
<pin id="5164" dir="0" index="0" bw="16" slack="0"/>
<pin id="5165" dir="1" index="1" bw="16" slack="0"/>
</pin_list>
<bind>
<opset="add_ln58_53 "/>
</bind>
</comp>

</comp_list>

<net_list>
<net id="370"><net_src comp="88" pin="0"/><net_sink comp="366" pin=0"/></net>

<net id="371"><net_src comp="62" pin="0"/><net_sink comp="366" pin=1"/></net>

<net id="376"><net_src comp="88" pin="0"/><net_sink comp="372" pin=0"/></net>

<net id="377"><net_src comp="60" pin="0"/><net_sink comp="372" pin=1"/></net>

<net id="382"><net_src comp="88" pin="0"/><net_sink comp="378" pin=0"/></net>

<net id="383"><net_src comp="58" pin="0"/><net_sink comp="378" pin=1"/></net>

<net id="388"><net_src comp="88" pin="0"/><net_sink comp="384" pin=0"/></net>

<net id="389"><net_src comp="56" pin="0"/><net_sink comp="384" pin=1"/></net>

<net id="394"><net_src comp="88" pin="0"/><net_sink comp="390" pin=0"/></net>

<net id="395"><net_src comp="54" pin="0"/><net_sink comp="390" pin=1"/></net>

<net id="400"><net_src comp="88" pin="0"/><net_sink comp="396" pin=0"/></net>

<net id="401"><net_src comp="52" pin="0"/><net_sink comp="396" pin=1"/></net>

<net id="406"><net_src comp="88" pin="0"/><net_sink comp="402" pin=0"/></net>

<net id="407"><net_src comp="50" pin="0"/><net_sink comp="402" pin=1"/></net>

<net id="412"><net_src comp="88" pin="0"/><net_sink comp="408" pin=0"/></net>

<net id="413"><net_src comp="48" pin="0"/><net_sink comp="408" pin=1"/></net>

<net id="418"><net_src comp="88" pin="0"/><net_sink comp="414" pin=0"/></net>

<net id="419"><net_src comp="46" pin="0"/><net_sink comp="414" pin=1"/></net>

<net id="424"><net_src comp="88" pin="0"/><net_sink comp="420" pin=0"/></net>

<net id="425"><net_src comp="44" pin="0"/><net_sink comp="420" pin=1"/></net>

<net id="430"><net_src comp="88" pin="0"/><net_sink comp="426" pin=0"/></net>

<net id="431"><net_src comp="42" pin="0"/><net_sink comp="426" pin=1"/></net>

<net id="436"><net_src comp="88" pin="0"/><net_sink comp="432" pin=0"/></net>

<net id="437"><net_src comp="40" pin="0"/><net_sink comp="432" pin=1"/></net>

<net id="442"><net_src comp="88" pin="0"/><net_sink comp="438" pin=0"/></net>

<net id="443"><net_src comp="38" pin="0"/><net_sink comp="438" pin=1"/></net>

<net id="448"><net_src comp="88" pin="0"/><net_sink comp="444" pin=0"/></net>

<net id="449"><net_src comp="36" pin="0"/><net_sink comp="444" pin=1"/></net>

<net id="454"><net_src comp="88" pin="0"/><net_sink comp="450" pin=0"/></net>

<net id="455"><net_src comp="34" pin="0"/><net_sink comp="450" pin=1"/></net>

<net id="460"><net_src comp="88" pin="0"/><net_sink comp="456" pin=0"/></net>

<net id="461"><net_src comp="32" pin="0"/><net_sink comp="456" pin=1"/></net>

<net id="466"><net_src comp="88" pin="0"/><net_sink comp="462" pin=0"/></net>

<net id="467"><net_src comp="30" pin="0"/><net_sink comp="462" pin=1"/></net>

<net id="472"><net_src comp="88" pin="0"/><net_sink comp="468" pin=0"/></net>

<net id="473"><net_src comp="28" pin="0"/><net_sink comp="468" pin=1"/></net>

<net id="478"><net_src comp="88" pin="0"/><net_sink comp="474" pin=0"/></net>

<net id="479"><net_src comp="26" pin="0"/><net_sink comp="474" pin=1"/></net>

<net id="484"><net_src comp="88" pin="0"/><net_sink comp="480" pin=0"/></net>

<net id="485"><net_src comp="24" pin="0"/><net_sink comp="480" pin=1"/></net>

<net id="490"><net_src comp="88" pin="0"/><net_sink comp="486" pin=0"/></net>

<net id="491"><net_src comp="22" pin="0"/><net_sink comp="486" pin=1"/></net>

<net id="496"><net_src comp="88" pin="0"/><net_sink comp="492" pin=0"/></net>

<net id="497"><net_src comp="20" pin="0"/><net_sink comp="492" pin=1"/></net>

<net id="502"><net_src comp="88" pin="0"/><net_sink comp="498" pin=0"/></net>

<net id="503"><net_src comp="18" pin="0"/><net_sink comp="498" pin=1"/></net>

<net id="508"><net_src comp="88" pin="0"/><net_sink comp="504" pin=0"/></net>

<net id="509"><net_src comp="16" pin="0"/><net_sink comp="504" pin=1"/></net>

<net id="514"><net_src comp="88" pin="0"/><net_sink comp="510" pin=0"/></net>

<net id="515"><net_src comp="14" pin="0"/><net_sink comp="510" pin=1"/></net>

<net id="520"><net_src comp="88" pin="0"/><net_sink comp="516" pin=0"/></net>

<net id="521"><net_src comp="12" pin="0"/><net_sink comp="516" pin=1"/></net>

<net id="526"><net_src comp="88" pin="0"/><net_sink comp="522" pin=0"/></net>

<net id="527"><net_src comp="10" pin="0"/><net_sink comp="522" pin=1"/></net>

<net id="532"><net_src comp="88" pin="0"/><net_sink comp="528" pin=0"/></net>

<net id="533"><net_src comp="8" pin="0"/><net_sink comp="528" pin=1"/></net>

<net id="538"><net_src comp="88" pin="0"/><net_sink comp="534" pin=0"/></net>

<net id="539"><net_src comp="6" pin="0"/><net_sink comp="534" pin=1"/></net>

<net id="544"><net_src comp="88" pin="0"/><net_sink comp="540" pin=0"/></net>

<net id="545"><net_src comp="4" pin="0"/><net_sink comp="540" pin=1"/></net>

<net id="550"><net_src comp="88" pin="0"/><net_sink comp="546" pin=0"/></net>

<net id="551"><net_src comp="2" pin="0"/><net_sink comp="546" pin=1"/></net>

<net id="556"><net_src comp="88" pin="0"/><net_sink comp="552" pin=0"/></net>

<net id="557"><net_src comp="0" pin="0"/><net_sink comp="552" pin=1"/></net>

<net id="563"><net_src comp="64" pin="0"/><net_sink comp="558" pin=0"/></net>

<net id="564"><net_src comp="72" pin="0"/><net_sink comp="558" pin=1"/></net>

<net id="570"><net_src comp="558" pin="3"/><net_sink comp="565" pin=0"/></net>

<net id="574"><net_src comp="66" pin="0"/><net_sink comp="571" pin=0"/></net>

<net id="583"><net_src comp="571" pin="1"/><net_sink comp="575" pin=0"/></net>

<net id="584"><net_src comp="68" pin="0"/><net_sink comp="575" pin=2"/></net>

<net id="585"><net_src comp="66" pin="0"/><net_sink comp="575" pin=4"/></net>

<net id="586"><net_src comp="575" pin="6"/><net_sink comp="571" pin=0"/></net>

<net id="590"><net_src comp="70" pin="0"/><net_sink comp="587" pin=0"/></net>

<net id="599"><net_src comp="587" pin="1"/><net_sink comp="591" pin=0"/></net>

<net id="600"><net_src comp="70" pin="0"/><net_sink comp="591" pin=4"/></net>

<net id="601"><net_src comp="591" pin="6"/><net_sink comp="587" pin=0"/></net>

<net id="605"><net_src comp="78" pin="0"/><net_sink comp="602" pin=0"/></net>

<net id="614"><net_src comp="602" pin="1"/><net_sink comp="606" pin=0"/></net>

<net id="615"><net_src comp="602" pin="1"/><net_sink comp="606" pin=4"/></net>

<net id="619"><net_src comp="78" pin="0"/><net_sink comp="616" pin=0"/></net>

<net id="628"><net_src comp="616" pin="1"/><net_sink comp="620" pin=0"/></net>

<net id="629"><net_src comp="616" pin="1"/><net_sink comp="620" pin=4"/></net>

<net id="633"><net_src comp="78" pin="0"/><net_sink comp="630" pin=0"/></net>

<net id="642"><net_src comp="630" pin="1"/><net_sink comp="634" pin=0"/></net>

<net id="643"><net_src comp="630" pin="1"/><net_sink comp="634" pin=4"/></net>

<net id="647"><net_src comp="78" pin="0"/><net_sink comp="644" pin=0"/></net>

<net id="656"><net_src comp="644" pin="1"/><net_sink comp="648" pin=0"/></net>

<net id="657"><net_src comp="644" pin="1"/><net_sink comp="648" pin=4"/></net>

<net id="661"><net_src comp="78" pin="0"/><net_sink comp="658" pin=0"/></net>

<net id="670"><net_src comp="658" pin="1"/><net_sink comp="662" pin=0"/></net>

<net id="671"><net_src comp="658" pin="1"/><net_sink comp="662" pin=4"/></net>

<net id="675"><net_src comp="78" pin="0"/><net_sink comp="672" pin=0"/></net>

<net id="684"><net_src comp="672" pin="1"/><net_sink comp="676" pin=0"/></net>

<net id="685"><net_src comp="672" pin="1"/><net_sink comp="676" pin=4"/></net>

<net id="689"><net_src comp="78" pin="0"/><net_sink comp="686" pin=0"/></net>

<net id="698"><net_src comp="686" pin="1"/><net_sink comp="690" pin=0"/></net>

<net id="699"><net_src comp="686" pin="1"/><net_sink comp="690" pin=4"/></net>

<net id="703"><net_src comp="78" pin="0"/><net_sink comp="700" pin=0"/></net>

<net id="712"><net_src comp="700" pin="1"/><net_sink comp="704" pin=0"/></net>

<net id="713"><net_src comp="700" pin="1"/><net_sink comp="704" pin=4"/></net>

<net id="717"><net_src comp="78" pin="0"/><net_sink comp="714" pin=0"/></net>

<net id="726"><net_src comp="714" pin="1"/><net_sink comp="718" pin=0"/></net>

<net id="727"><net_src comp="714" pin="1"/><net_sink comp="718" pin=4"/></net>

<net id="731"><net_src comp="78" pin="0"/><net_sink comp="728" pin=0"/></net>

<net id="740"><net_src comp="728" pin="1"/><net_sink comp="732" pin=0"/></net>

<net id="741"><net_src comp="728" pin="1"/><net_sink comp="732" pin=4"/></net>

<net id="745"><net_src comp="78" pin="0"/><net_sink comp="742" pin=0"/></net>

<net id="754"><net_src comp="742" pin="1"/><net_sink comp="746" pin=0"/></net>

<net id="755"><net_src comp="742" pin="1"/><net_sink comp="746" pin=4"/></net>

<net id="759"><net_src comp="78" pin="0"/><net_sink comp="756" pin=0"/></net>

<net id="768"><net_src comp="756" pin="1"/><net_sink comp="760" pin=0"/></net>

<net id="769"><net_src comp="756" pin="1"/><net_sink comp="760" pin=4"/></net>

<net id="773"><net_src comp="78" pin="0"/><net_sink comp="770" pin=0"/></net>

<net id="782"><net_src comp="770" pin="1"/><net_sink comp="774" pin=0"/></net>

<net id="783"><net_src comp="770" pin="1"/><net_sink comp="774" pin=4"/></net>

<net id="787"><net_src comp="78" pin="0"/><net_sink comp="784" pin=0"/></net>

<net id="796"><net_src comp="784" pin="1"/><net_sink comp="788" pin=0"/></net>

<net id="797"><net_src comp="784" pin="1"/><net_sink comp="788" pin=4"/></net>

<net id="801"><net_src comp="78" pin="0"/><net_sink comp="798" pin=0"/></net>

<net id="810"><net_src comp="798" pin="1"/><net_sink comp="802" pin=0"/></net>

<net id="811"><net_src comp="798" pin="1"/><net_sink comp="802" pin=4"/></net>

<net id="815"><net_src comp="78" pin="0"/><net_sink comp="812" pin=0"/></net>

<net id="824"><net_src comp="812" pin="1"/><net_sink comp="816" pin=0"/></net>

<net id="825"><net_src comp="812" pin="1"/><net_sink comp="816" pin=4"/></net>

<net id="829"><net_src comp="78" pin="0"/><net_sink comp="826" pin=0"/></net>

<net id="838"><net_src comp="826" pin="1"/><net_sink comp="830" pin=0"/></net>

<net id="839"><net_src comp="826" pin="1"/><net_sink comp="830" pin=4"/></net>

<net id="843"><net_src comp="78" pin="0"/><net_sink comp="840" pin=0"/></net>

<net id="852"><net_src comp="840" pin="1"/><net_sink comp="844" pin=0"/></net>

<net id="853"><net_src comp="840" pin="1"/><net_sink comp="844" pin=4"/></net>

<net id="857"><net_src comp="78" pin="0"/><net_sink comp="854" pin=0"/></net>

<net id="866"><net_src comp="854" pin="1"/><net_sink comp="858" pin=0"/></net>

<net id="867"><net_src comp="854" pin="1"/><net_sink comp="858" pin=4"/></net>

<net id="871"><net_src comp="78" pin="0"/><net_sink comp="868" pin=0"/></net>

<net id="880"><net_src comp="868" pin="1"/><net_sink comp="872" pin=0"/></net>

<net id="881"><net_src comp="868" pin="1"/><net_sink comp="872" pin=4"/></net>

<net id="885"><net_src comp="78" pin="0"/><net_sink comp="882" pin=0"/></net>

<net id="894"><net_src comp="882" pin="1"/><net_sink comp="886" pin=0"/></net>

<net id="895"><net_src comp="882" pin="1"/><net_sink comp="886" pin=4"/></net>

<net id="899"><net_src comp="78" pin="0"/><net_sink comp="896" pin=0"/></net>

<net id="908"><net_src comp="896" pin="1"/><net_sink comp="900" pin=0"/></net>

<net id="909"><net_src comp="896" pin="1"/><net_sink comp="900" pin=4"/></net>

<net id="913"><net_src comp="78" pin="0"/><net_sink comp="910" pin=0"/></net>

<net id="922"><net_src comp="910" pin="1"/><net_sink comp="914" pin=0"/></net>

<net id="923"><net_src comp="910" pin="1"/><net_sink comp="914" pin=4"/></net>

<net id="927"><net_src comp="78" pin="0"/><net_sink comp="924" pin=0"/></net>

<net id="936"><net_src comp="924" pin="1"/><net_sink comp="928" pin=0"/></net>

<net id="937"><net_src comp="924" pin="1"/><net_sink comp="928" pin=4"/></net>

<net id="941"><net_src comp="78" pin="0"/><net_sink comp="938" pin=0"/></net>

<net id="950"><net_src comp="938" pin="1"/><net_sink comp="942" pin=0"/></net>

<net id="951"><net_src comp="938" pin="1"/><net_sink comp="942" pin=4"/></net>

<net id="955"><net_src comp="78" pin="0"/><net_sink comp="952" pin=0"/></net>

<net id="964"><net_src comp="952" pin="1"/><net_sink comp="956" pin=0"/></net>

<net id="965"><net_src comp="952" pin="1"/><net_sink comp="956" pin=4"/></net>

<net id="969"><net_src comp="78" pin="0"/><net_sink comp="966" pin=0"/></net>

<net id="978"><net_src comp="966" pin="1"/><net_sink comp="970" pin=0"/></net>

<net id="979"><net_src comp="966" pin="1"/><net_sink comp="970" pin=4"/></net>

<net id="983"><net_src comp="78" pin="0"/><net_sink comp="980" pin=0"/></net>

<net id="992"><net_src comp="980" pin="1"/><net_sink comp="984" pin=0"/></net>

<net id="993"><net_src comp="980" pin="1"/><net_sink comp="984" pin=4"/></net>

<net id="997"><net_src comp="78" pin="0"/><net_sink comp="994" pin=0"/></net>

<net id="1006"><net_src comp="994" pin="1"/><net_sink comp="998" pin=0"/></net>

<net id="1007"><net_src comp="994" pin="1"/><net_sink comp="998" pin=4"/></net>

<net id="1011"><net_src comp="78" pin="0"/><net_sink comp="1008" pin=0"/></net>

<net id="1020"><net_src comp="1008" pin="1"/><net_sink comp="1012" pin=0"/></net>

<net id="1021"><net_src comp="1008" pin="1"/><net_sink comp="1012" pin=4"/></net>

<net id="1025"><net_src comp="78" pin="0"/><net_sink comp="1022" pin=0"/></net>

<net id="1034"><net_src comp="1022" pin="1"/><net_sink comp="1026" pin=0"/></net>

<net id="1035"><net_src comp="1022" pin="1"/><net_sink comp="1026" pin=4"/></net>

<net id="1039"><net_src comp="78" pin="0"/><net_sink comp="1036" pin=0"/></net>

<net id="1048"><net_src comp="1036" pin="1"/><net_sink comp="1040" pin=0"/></net>

<net id="1049"><net_src comp="1036" pin="1"/><net_sink comp="1040" pin=4"/></net>

<net id="1053"><net_src comp="1050" pin="1"/><net_sink comp="606" pin=2"/></net>

<net id="1060"><net_src comp="552" pin="2"/><net_sink comp="1054" pin=0"/></net>

<net id="1061"><net_src comp="606" pin="6"/><net_sink comp="1054" pin=2"/></net>

<net id="1062"><net_src comp="1054" pin="4"/><net_sink comp="1050" pin=0"/></net>

<net id="1066"><net_src comp="1063" pin="1"/><net_sink comp="620" pin=2"/></net>

<net id="1073"><net_src comp="546" pin="2"/><net_sink comp="1067" pin=0"/></net>

<net id="1074"><net_src comp="620" pin="6"/><net_sink comp="1067" pin=2"/></net>

<net id="1075"><net_src comp="1067" pin="4"/><net_sink comp="1063" pin=0"/></net>

<net id="1079"><net_src comp="1076" pin="1"/><net_sink comp="634" pin=2"/></net>

<net id="1086"><net_src comp="540" pin="2"/><net_sink comp="1080" pin=0"/></net>

<net id="1087"><net_src comp="634" pin="6"/><net_sink comp="1080" pin=2"/></net>

<net id="1088"><net_src comp="1080" pin="4"/><net_sink comp="1076" pin=0"/></net>

<net id="1092"><net_src comp="1089" pin="1"/><net_sink comp="648" pin=2"/></net>

<net id="1099"><net_src comp="534" pin="2"/><net_sink comp="1093" pin=0"/></net>

<net id="1100"><net_src comp="648" pin="6"/><net_sink comp="1093" pin=2"/></net>

<net id="1101"><net_src comp="1093" pin="4"/><net_sink comp="1089" pin=0"/></net>

<net id="1105"><net_src comp="1102" pin="1"/><net_sink comp="662" pin=2"/></net>

<net id="1112"><net_src comp="528" pin="2"/><net_sink comp="1106" pin=0"/></net>

<net id="1113"><net_src comp="662" pin="6"/><net_sink comp="1106" pin=2"/></net>

<net id="1114"><net_src comp="1106" pin="4"/><net_sink comp="1102" pin=0"/></net>

<net id="1118"><net_src comp="1115" pin="1"/><net_sink comp="676" pin=2"/></net>

<net id="1125"><net_src comp="522" pin="2"/><net_sink comp="1119" pin=0"/></net>

<net id="1126"><net_src comp="676" pin="6"/><net_sink comp="1119" pin=2"/></net>

<net id="1127"><net_src comp="1119" pin="4"/><net_sink comp="1115" pin=0"/></net>

<net id="1131"><net_src comp="1128" pin="1"/><net_sink comp="690" pin=2"/></net>

<net id="1138"><net_src comp="516" pin="2"/><net_sink comp="1132" pin=0"/></net>

<net id="1139"><net_src comp="690" pin="6"/><net_sink comp="1132" pin=2"/></net>

<net id="1140"><net_src comp="1132" pin="4"/><net_sink comp="1128" pin=0"/></net>

<net id="1144"><net_src comp="1141" pin="1"/><net_sink comp="704" pin=2"/></net>

<net id="1151"><net_src comp="510" pin="2"/><net_sink comp="1145" pin=0"/></net>

<net id="1152"><net_src comp="704" pin="6"/><net_sink comp="1145" pin=2"/></net>

<net id="1153"><net_src comp="1145" pin="4"/><net_sink comp="1141" pin=0"/></net>

<net id="1157"><net_src comp="1154" pin="1"/><net_sink comp="718" pin=2"/></net>

<net id="1164"><net_src comp="504" pin="2"/><net_sink comp="1158" pin=0"/></net>

<net id="1165"><net_src comp="718" pin="6"/><net_sink comp="1158" pin=2"/></net>

<net id="1166"><net_src comp="1158" pin="4"/><net_sink comp="1154" pin=0"/></net>

<net id="1170"><net_src comp="1167" pin="1"/><net_sink comp="732" pin=2"/></net>

<net id="1177"><net_src comp="498" pin="2"/><net_sink comp="1171" pin=0"/></net>

<net id="1178"><net_src comp="732" pin="6"/><net_sink comp="1171" pin=2"/></net>

<net id="1179"><net_src comp="1171" pin="4"/><net_sink comp="1167" pin=0"/></net>

<net id="1183"><net_src comp="1180" pin="1"/><net_sink comp="746" pin=2"/></net>

<net id="1190"><net_src comp="492" pin="2"/><net_sink comp="1184" pin=0"/></net>

<net id="1191"><net_src comp="746" pin="6"/><net_sink comp="1184" pin=2"/></net>

<net id="1192"><net_src comp="1184" pin="4"/><net_sink comp="1180" pin=0"/></net>

<net id="1196"><net_src comp="1193" pin="1"/><net_sink comp="760" pin=2"/></net>

<net id="1203"><net_src comp="486" pin="2"/><net_sink comp="1197" pin=0"/></net>

<net id="1204"><net_src comp="760" pin="6"/><net_sink comp="1197" pin=2"/></net>

<net id="1205"><net_src comp="1197" pin="4"/><net_sink comp="1193" pin=0"/></net>

<net id="1209"><net_src comp="1206" pin="1"/><net_sink comp="774" pin=2"/></net>

<net id="1216"><net_src comp="480" pin="2"/><net_sink comp="1210" pin=0"/></net>

<net id="1217"><net_src comp="774" pin="6"/><net_sink comp="1210" pin=2"/></net>

<net id="1218"><net_src comp="1210" pin="4"/><net_sink comp="1206" pin=0"/></net>

<net id="1222"><net_src comp="1219" pin="1"/><net_sink comp="788" pin=2"/></net>

<net id="1229"><net_src comp="474" pin="2"/><net_sink comp="1223" pin=0"/></net>

<net id="1230"><net_src comp="788" pin="6"/><net_sink comp="1223" pin=2"/></net>

<net id="1231"><net_src comp="1223" pin="4"/><net_sink comp="1219" pin=0"/></net>

<net id="1235"><net_src comp="1232" pin="1"/><net_sink comp="802" pin=2"/></net>

<net id="1242"><net_src comp="468" pin="2"/><net_sink comp="1236" pin=0"/></net>

<net id="1243"><net_src comp="802" pin="6"/><net_sink comp="1236" pin=2"/></net>

<net id="1244"><net_src comp="1236" pin="4"/><net_sink comp="1232" pin=0"/></net>

<net id="1248"><net_src comp="1245" pin="1"/><net_sink comp="816" pin=2"/></net>

<net id="1255"><net_src comp="462" pin="2"/><net_sink comp="1249" pin=0"/></net>

<net id="1256"><net_src comp="816" pin="6"/><net_sink comp="1249" pin=2"/></net>

<net id="1257"><net_src comp="1249" pin="4"/><net_sink comp="1245" pin=0"/></net>

<net id="1261"><net_src comp="1258" pin="1"/><net_sink comp="830" pin=2"/></net>

<net id="1268"><net_src comp="456" pin="2"/><net_sink comp="1262" pin=0"/></net>

<net id="1269"><net_src comp="830" pin="6"/><net_sink comp="1262" pin=2"/></net>

<net id="1270"><net_src comp="1262" pin="4"/><net_sink comp="1258" pin=0"/></net>

<net id="1274"><net_src comp="1271" pin="1"/><net_sink comp="844" pin=2"/></net>

<net id="1281"><net_src comp="450" pin="2"/><net_sink comp="1275" pin=0"/></net>

<net id="1282"><net_src comp="844" pin="6"/><net_sink comp="1275" pin=2"/></net>

<net id="1283"><net_src comp="1275" pin="4"/><net_sink comp="1271" pin=0"/></net>

<net id="1287"><net_src comp="1284" pin="1"/><net_sink comp="858" pin=2"/></net>

<net id="1294"><net_src comp="444" pin="2"/><net_sink comp="1288" pin=0"/></net>

<net id="1295"><net_src comp="858" pin="6"/><net_sink comp="1288" pin=2"/></net>

<net id="1296"><net_src comp="1288" pin="4"/><net_sink comp="1284" pin=0"/></net>

<net id="1300"><net_src comp="1297" pin="1"/><net_sink comp="872" pin=2"/></net>

<net id="1307"><net_src comp="438" pin="2"/><net_sink comp="1301" pin=0"/></net>

<net id="1308"><net_src comp="872" pin="6"/><net_sink comp="1301" pin=2"/></net>

<net id="1309"><net_src comp="1301" pin="4"/><net_sink comp="1297" pin=0"/></net>

<net id="1313"><net_src comp="1310" pin="1"/><net_sink comp="886" pin=2"/></net>

<net id="1320"><net_src comp="432" pin="2"/><net_sink comp="1314" pin=0"/></net>

<net id="1321"><net_src comp="886" pin="6"/><net_sink comp="1314" pin=2"/></net>

<net id="1322"><net_src comp="1314" pin="4"/><net_sink comp="1310" pin=0"/></net>

<net id="1326"><net_src comp="1323" pin="1"/><net_sink comp="900" pin=2"/></net>

<net id="1333"><net_src comp="426" pin="2"/><net_sink comp="1327" pin=0"/></net>

<net id="1334"><net_src comp="900" pin="6"/><net_sink comp="1327" pin=2"/></net>

<net id="1335"><net_src comp="1327" pin="4"/><net_sink comp="1323" pin=0"/></net>

<net id="1339"><net_src comp="1336" pin="1"/><net_sink comp="914" pin=2"/></net>

<net id="1346"><net_src comp="420" pin="2"/><net_sink comp="1340" pin=0"/></net>

<net id="1347"><net_src comp="914" pin="6"/><net_sink comp="1340" pin=2"/></net>

<net id="1348"><net_src comp="1340" pin="4"/><net_sink comp="1336" pin=0"/></net>

<net id="1352"><net_src comp="1349" pin="1"/><net_sink comp="928" pin=2"/></net>

<net id="1359"><net_src comp="414" pin="2"/><net_sink comp="1353" pin=0"/></net>

<net id="1360"><net_src comp="928" pin="6"/><net_sink comp="1353" pin=2"/></net>

<net id="1361"><net_src comp="1353" pin="4"/><net_sink comp="1349" pin=0"/></net>

<net id="1365"><net_src comp="1362" pin="1"/><net_sink comp="942" pin=2"/></net>

<net id="1372"><net_src comp="408" pin="2"/><net_sink comp="1366" pin=0"/></net>

<net id="1373"><net_src comp="942" pin="6"/><net_sink comp="1366" pin=2"/></net>

<net id="1374"><net_src comp="1366" pin="4"/><net_sink comp="1362" pin=0"/></net>

<net id="1378"><net_src comp="1375" pin="1"/><net_sink comp="956" pin=2"/></net>

<net id="1385"><net_src comp="402" pin="2"/><net_sink comp="1379" pin=0"/></net>

<net id="1386"><net_src comp="956" pin="6"/><net_sink comp="1379" pin=2"/></net>

<net id="1387"><net_src comp="1379" pin="4"/><net_sink comp="1375" pin=0"/></net>

<net id="1391"><net_src comp="1388" pin="1"/><net_sink comp="970" pin=2"/></net>

<net id="1398"><net_src comp="396" pin="2"/><net_sink comp="1392" pin=0"/></net>

<net id="1399"><net_src comp="970" pin="6"/><net_sink comp="1392" pin=2"/></net>

<net id="1400"><net_src comp="1392" pin="4"/><net_sink comp="1388" pin=0"/></net>

<net id="1404"><net_src comp="1401" pin="1"/><net_sink comp="984" pin=2"/></net>

<net id="1411"><net_src comp="390" pin="2"/><net_sink comp="1405" pin=0"/></net>

<net id="1412"><net_src comp="984" pin="6"/><net_sink comp="1405" pin=2"/></net>

<net id="1413"><net_src comp="1405" pin="4"/><net_sink comp="1401" pin=0"/></net>

<net id="1417"><net_src comp="1414" pin="1"/><net_sink comp="998" pin=2"/></net>

<net id="1424"><net_src comp="384" pin="2"/><net_sink comp="1418" pin=0"/></net>

<net id="1425"><net_src comp="998" pin="6"/><net_sink comp="1418" pin=2"/></net>

<net id="1426"><net_src comp="1418" pin="4"/><net_sink comp="1414" pin=0"/></net>

<net id="1430"><net_src comp="1427" pin="1"/><net_sink comp="1012" pin=2"/></net>

<net id="1437"><net_src comp="378" pin="2"/><net_sink comp="1431" pin=0"/></net>

<net id="1438"><net_src comp="1012" pin="6"/><net_sink comp="1431" pin=2"/></net>

<net id="1439"><net_src comp="1431" pin="4"/><net_sink comp="1427" pin=0"/></net>

<net id="1443"><net_src comp="1440" pin="1"/><net_sink comp="1026" pin=2"/></net>

<net id="1450"><net_src comp="372" pin="2"/><net_sink comp="1444" pin=0"/></net>

<net id="1451"><net_src comp="1026" pin="6"/><net_sink comp="1444" pin=2"/></net>

<net id="1452"><net_src comp="1444" pin="4"/><net_sink comp="1440" pin=0"/></net>

<net id="1456"><net_src comp="1453" pin="1"/><net_sink comp="1040" pin=2"/></net>

<net id="1463"><net_src comp="366" pin="2"/><net_sink comp="1457" pin=0"/></net>

<net id="1464"><net_src comp="1040" pin="6"/><net_sink comp="1457" pin=2"/></net>

<net id="1465"><net_src comp="1457" pin="4"/><net_sink comp="1453" pin=0"/></net>

<net id="1469"><net_src comp="344" pin="0"/><net_sink comp="1466" pin=0"/></net>

<net id="1478"><net_src comp="1466" pin="1"/><net_sink comp="1470" pin=0"/></net>

<net id="1479"><net_src comp="1466" pin="1"/><net_sink comp="1470" pin=4"/></net>

<net id="1483"><net_src comp="344" pin="0"/><net_sink comp="1480" pin=0"/></net>

<net id="1492"><net_src comp="1480" pin="1"/><net_sink comp="1484" pin=0"/></net>

<net id="1493"><net_src comp="1480" pin="1"/><net_sink comp="1484" pin=4"/></net>

<net id="1497"><net_src comp="344" pin="0"/><net_sink comp="1494" pin=0"/></net>

<net id="1506"><net_src comp="1494" pin="1"/><net_sink comp="1498" pin=0"/></net>

<net id="1507"><net_src comp="1494" pin="1"/><net_sink comp="1498" pin=4"/></net>

<net id="1511"><net_src comp="344" pin="0"/><net_sink comp="1508" pin=0"/></net>

<net id="1520"><net_src comp="1508" pin="1"/><net_sink comp="1512" pin=0"/></net>

<net id="1521"><net_src comp="1508" pin="1"/><net_sink comp="1512" pin=4"/></net>

<net id="1525"><net_src comp="344" pin="0"/><net_sink comp="1522" pin=0"/></net>

<net id="1534"><net_src comp="1522" pin="1"/><net_sink comp="1526" pin=0"/></net>

<net id="1535"><net_src comp="1522" pin="1"/><net_sink comp="1526" pin=4"/></net>

<net id="1539"><net_src comp="344" pin="0"/><net_sink comp="1536" pin=0"/></net>

<net id="1548"><net_src comp="1536" pin="1"/><net_sink comp="1540" pin=0"/></net>

<net id="1549"><net_src comp="1536" pin="1"/><net_sink comp="1540" pin=4"/></net>

<net id="1553"><net_src comp="344" pin="0"/><net_sink comp="1550" pin=0"/></net>

<net id="1562"><net_src comp="1550" pin="1"/><net_sink comp="1554" pin=0"/></net>

<net id="1563"><net_src comp="1550" pin="1"/><net_sink comp="1554" pin=4"/></net>

<net id="1567"><net_src comp="344" pin="0"/><net_sink comp="1564" pin=0"/></net>

<net id="1576"><net_src comp="1564" pin="1"/><net_sink comp="1568" pin=0"/></net>

<net id="1577"><net_src comp="1564" pin="1"/><net_sink comp="1568" pin=4"/></net>

<net id="1581"><net_src comp="344" pin="0"/><net_sink comp="1578" pin=0"/></net>

<net id="1590"><net_src comp="1578" pin="1"/><net_sink comp="1582" pin=0"/></net>

<net id="1591"><net_src comp="1578" pin="1"/><net_sink comp="1582" pin=4"/></net>

<net id="1595"><net_src comp="344" pin="0"/><net_sink comp="1592" pin=0"/></net>

<net id="1604"><net_src comp="1592" pin="1"/><net_sink comp="1596" pin=0"/></net>

<net id="1605"><net_src comp="1592" pin="1"/><net_sink comp="1596" pin=4"/></net>

<net id="1609"><net_src comp="344" pin="0"/><net_sink comp="1606" pin=0"/></net>

<net id="1618"><net_src comp="1606" pin="1"/><net_sink comp="1610" pin=0"/></net>

<net id="1619"><net_src comp="1606" pin="1"/><net_sink comp="1610" pin=4"/></net>

<net id="1623"><net_src comp="344" pin="0"/><net_sink comp="1620" pin=0"/></net>

<net id="1632"><net_src comp="1620" pin="1"/><net_sink comp="1624" pin=0"/></net>

<net id="1633"><net_src comp="1620" pin="1"/><net_sink comp="1624" pin=4"/></net>

<net id="1637"><net_src comp="344" pin="0"/><net_sink comp="1634" pin=0"/></net>

<net id="1646"><net_src comp="1634" pin="1"/><net_sink comp="1638" pin=0"/></net>

<net id="1647"><net_src comp="1634" pin="1"/><net_sink comp="1638" pin=4"/></net>

<net id="1651"><net_src comp="344" pin="0"/><net_sink comp="1648" pin=0"/></net>

<net id="1660"><net_src comp="1648" pin="1"/><net_sink comp="1652" pin=0"/></net>

<net id="1661"><net_src comp="1648" pin="1"/><net_sink comp="1652" pin=4"/></net>

<net id="1665"><net_src comp="344" pin="0"/><net_sink comp="1662" pin=0"/></net>

<net id="1674"><net_src comp="1662" pin="1"/><net_sink comp="1666" pin=0"/></net>

<net id="1675"><net_src comp="1662" pin="1"/><net_sink comp="1666" pin=4"/></net>

<net id="1679"><net_src comp="344" pin="0"/><net_sink comp="1676" pin=0"/></net>

<net id="1688"><net_src comp="1676" pin="1"/><net_sink comp="1680" pin=0"/></net>

<net id="1689"><net_src comp="1676" pin="1"/><net_sink comp="1680" pin=4"/></net>

<net id="1693"><net_src comp="344" pin="0"/><net_sink comp="1690" pin=0"/></net>

<net id="1702"><net_src comp="1690" pin="1"/><net_sink comp="1694" pin=0"/></net>

<net id="1703"><net_src comp="1690" pin="1"/><net_sink comp="1694" pin=4"/></net>

<net id="1707"><net_src comp="344" pin="0"/><net_sink comp="1704" pin=0"/></net>

<net id="1716"><net_src comp="1704" pin="1"/><net_sink comp="1708" pin=0"/></net>

<net id="1717"><net_src comp="1704" pin="1"/><net_sink comp="1708" pin=4"/></net>

<net id="1721"><net_src comp="344" pin="0"/><net_sink comp="1718" pin=0"/></net>

<net id="1730"><net_src comp="1718" pin="1"/><net_sink comp="1722" pin=0"/></net>

<net id="1731"><net_src comp="1718" pin="1"/><net_sink comp="1722" pin=4"/></net>

<net id="1735"><net_src comp="344" pin="0"/><net_sink comp="1732" pin=0"/></net>

<net id="1744"><net_src comp="1732" pin="1"/><net_sink comp="1736" pin=0"/></net>

<net id="1745"><net_src comp="1732" pin="1"/><net_sink comp="1736" pin=4"/></net>

<net id="1749"><net_src comp="344" pin="0"/><net_sink comp="1746" pin=0"/></net>

<net id="1758"><net_src comp="1746" pin="1"/><net_sink comp="1750" pin=0"/></net>

<net id="1759"><net_src comp="1746" pin="1"/><net_sink comp="1750" pin=4"/></net>

<net id="1763"><net_src comp="344" pin="0"/><net_sink comp="1760" pin=0"/></net>

<net id="1772"><net_src comp="1760" pin="1"/><net_sink comp="1764" pin=0"/></net>

<net id="1773"><net_src comp="1760" pin="1"/><net_sink comp="1764" pin=4"/></net>

<net id="1777"><net_src comp="344" pin="0"/><net_sink comp="1774" pin=0"/></net>

<net id="1786"><net_src comp="1774" pin="1"/><net_sink comp="1778" pin=0"/></net>

<net id="1787"><net_src comp="1774" pin="1"/><net_sink comp="1778" pin=4"/></net>

<net id="1791"><net_src comp="344" pin="0"/><net_sink comp="1788" pin=0"/></net>

<net id="1800"><net_src comp="1788" pin="1"/><net_sink comp="1792" pin=0"/></net>

<net id="1801"><net_src comp="1788" pin="1"/><net_sink comp="1792" pin=4"/></net>

<net id="1805"><net_src comp="344" pin="0"/><net_sink comp="1802" pin=0"/></net>

<net id="1814"><net_src comp="1802" pin="1"/><net_sink comp="1806" pin=0"/></net>

<net id="1815"><net_src comp="1802" pin="1"/><net_sink comp="1806" pin=4"/></net>

<net id="1819"><net_src comp="344" pin="0"/><net_sink comp="1816" pin=0"/></net>

<net id="1828"><net_src comp="1816" pin="1"/><net_sink comp="1820" pin=0"/></net>

<net id="1829"><net_src comp="1816" pin="1"/><net_sink comp="1820" pin=4"/></net>

<net id="1833"><net_src comp="344" pin="0"/><net_sink comp="1830" pin=0"/></net>

<net id="1842"><net_src comp="1830" pin="1"/><net_sink comp="1834" pin=0"/></net>

<net id="1843"><net_src comp="1830" pin="1"/><net_sink comp="1834" pin=4"/></net>

<net id="1847"><net_src comp="344" pin="0"/><net_sink comp="1844" pin=0"/></net>

<net id="1856"><net_src comp="1844" pin="1"/><net_sink comp="1848" pin=0"/></net>

<net id="1857"><net_src comp="1844" pin="1"/><net_sink comp="1848" pin=4"/></net>

<net id="1861"><net_src comp="344" pin="0"/><net_sink comp="1858" pin=0"/></net>

<net id="1870"><net_src comp="1858" pin="1"/><net_sink comp="1862" pin=0"/></net>

<net id="1871"><net_src comp="1858" pin="1"/><net_sink comp="1862" pin=4"/></net>

<net id="1875"><net_src comp="344" pin="0"/><net_sink comp="1872" pin=0"/></net>

<net id="1884"><net_src comp="1872" pin="1"/><net_sink comp="1876" pin=0"/></net>

<net id="1885"><net_src comp="1872" pin="1"/><net_sink comp="1876" pin=4"/></net>

<net id="1889"><net_src comp="344" pin="0"/><net_sink comp="1886" pin=0"/></net>

<net id="1898"><net_src comp="1886" pin="1"/><net_sink comp="1890" pin=0"/></net>

<net id="1899"><net_src comp="1886" pin="1"/><net_sink comp="1890" pin=4"/></net>

<net id="1903"><net_src comp="344" pin="0"/><net_sink comp="1900" pin=0"/></net>

<net id="1912"><net_src comp="1900" pin="1"/><net_sink comp="1904" pin=0"/></net>

<net id="1913"><net_src comp="1900" pin="1"/><net_sink comp="1904" pin=4"/></net>

<net id="1917"><net_src comp="344" pin="0"/><net_sink comp="1914" pin=0"/></net>

<net id="1926"><net_src comp="1914" pin="1"/><net_sink comp="1918" pin=0"/></net>

<net id="1927"><net_src comp="1914" pin="1"/><net_sink comp="1918" pin=4"/></net>

<net id="1931"><net_src comp="344" pin="0"/><net_sink comp="1928" pin=0"/></net>

<net id="1940"><net_src comp="1928" pin="1"/><net_sink comp="1932" pin=0"/></net>

<net id="1941"><net_src comp="1928" pin="1"/><net_sink comp="1932" pin=4"/></net>

<net id="1945"><net_src comp="344" pin="0"/><net_sink comp="1942" pin=0"/></net>

<net id="1954"><net_src comp="1942" pin="1"/><net_sink comp="1946" pin=0"/></net>

<net id="1955"><net_src comp="1942" pin="1"/><net_sink comp="1946" pin=4"/></net>

<net id="1959"><net_src comp="344" pin="0"/><net_sink comp="1956" pin=0"/></net>

<net id="1968"><net_src comp="1956" pin="1"/><net_sink comp="1960" pin=0"/></net>

<net id="1969"><net_src comp="1956" pin="1"/><net_sink comp="1960" pin=4"/></net>

<net id="1973"><net_src comp="344" pin="0"/><net_sink comp="1970" pin=0"/></net>

<net id="1982"><net_src comp="1970" pin="1"/><net_sink comp="1974" pin=0"/></net>

<net id="1983"><net_src comp="1970" pin="1"/><net_sink comp="1974" pin=4"/></net>

<net id="1987"><net_src comp="344" pin="0"/><net_sink comp="1984" pin=0"/></net>

<net id="1996"><net_src comp="1984" pin="1"/><net_sink comp="1988" pin=0"/></net>

<net id="1997"><net_src comp="1984" pin="1"/><net_sink comp="1988" pin=4"/></net>

<net id="2001"><net_src comp="344" pin="0"/><net_sink comp="1998" pin=0"/></net>

<net id="2010"><net_src comp="1998" pin="1"/><net_sink comp="2002" pin=0"/></net>

<net id="2011"><net_src comp="1998" pin="1"/><net_sink comp="2002" pin=4"/></net>

<net id="2015"><net_src comp="344" pin="0"/><net_sink comp="2012" pin=0"/></net>

<net id="2024"><net_src comp="2012" pin="1"/><net_sink comp="2016" pin=0"/></net>

<net id="2025"><net_src comp="2012" pin="1"/><net_sink comp="2016" pin=4"/></net>

<net id="2029"><net_src comp="344" pin="0"/><net_sink comp="2026" pin=0"/></net>

<net id="2038"><net_src comp="2026" pin="1"/><net_sink comp="2030" pin=0"/></net>

<net id="2039"><net_src comp="2026" pin="1"/><net_sink comp="2030" pin=4"/></net>

<net id="2043"><net_src comp="344" pin="0"/><net_sink comp="2040" pin=0"/></net>

<net id="2052"><net_src comp="2040" pin="1"/><net_sink comp="2044" pin=0"/></net>

<net id="2053"><net_src comp="2040" pin="1"/><net_sink comp="2044" pin=4"/></net>

<net id="2057"><net_src comp="344" pin="0"/><net_sink comp="2054" pin=0"/></net>

<net id="2066"><net_src comp="2054" pin="1"/><net_sink comp="2058" pin=0"/></net>

<net id="2067"><net_src comp="2054" pin="1"/><net_sink comp="2058" pin=4"/></net>

<net id="2071"><net_src comp="344" pin="0"/><net_sink comp="2068" pin=0"/></net>

<net id="2080"><net_src comp="2068" pin="1"/><net_sink comp="2072" pin=0"/></net>

<net id="2081"><net_src comp="2068" pin="1"/><net_sink comp="2072" pin=4"/></net>

<net id="2085"><net_src comp="344" pin="0"/><net_sink comp="2082" pin=0"/></net>

<net id="2094"><net_src comp="2082" pin="1"/><net_sink comp="2086" pin=0"/></net>

<net id="2095"><net_src comp="2082" pin="1"/><net_sink comp="2086" pin=4"/></net>

<net id="2099"><net_src comp="344" pin="0"/><net_sink comp="2096" pin=0"/></net>

<net id="2108"><net_src comp="2096" pin="1"/><net_sink comp="2100" pin=0"/></net>

<net id="2109"><net_src comp="2096" pin="1"/><net_sink comp="2100" pin=4"/></net>

<net id="2113"><net_src comp="344" pin="0"/><net_sink comp="2110" pin=0"/></net>

<net id="2122"><net_src comp="2110" pin="1"/><net_sink comp="2114" pin=0"/></net>

<net id="2123"><net_src comp="2110" pin="1"/><net_sink comp="2114" pin=4"/></net>

<net id="2127"><net_src comp="591" pin="6"/><net_sink comp="2124" pin=0"/></net>

<net id="2128"><net_src comp="2124" pin="1"/><net_sink comp="558" pin=2"/></net>

<net id="2133"><net_src comp="591" pin="6"/><net_sink comp="2129" pin=0"/></net>

<net id="2134"><net_src comp="74" pin="0"/><net_sink comp="2129" pin=1"/></net>

<net id="2139"><net_src comp="591" pin="6"/><net_sink comp="2135" pin=0"/></net>

<net id="2140"><net_src comp="76" pin="0"/><net_sink comp="2135" pin=1"/></net>

<net id="2210"><net_src comp="90" pin="0"/><net_sink comp="2141" pin=0"/></net>

<net id="2211"><net_src comp="70" pin="0"/><net_sink comp="2141" pin=1"/></net>

<net id="2212"><net_src comp="1054" pin="4"/><net_sink comp="2141" pin=2"/></net>

<net id="2213"><net_src comp="74" pin="0"/><net_sink comp="2141" pin=3"/></net>

<net id="2214"><net_src comp="1067" pin="4"/><net_sink comp="2141" pin=4"/></net>

<net id="2215"><net_src comp="92" pin="0"/><net_sink comp="2141" pin=5"/></net>

<net id="2216"><net_src comp="1080" pin="4"/><net_sink comp="2141" pin=6"/></net>

<net id="2217"><net_src comp="94" pin="0"/><net_sink comp="2141" pin=7"/></net>

<net id="2218"><net_src comp="1093" pin="4"/><net_sink comp="2141" pin=8"/></net>

<net id="2219"><net_src comp="96" pin="0"/><net_sink comp="2141" pin=9"/></net>

<net id="2220"><net_src comp="1106" pin="4"/><net_sink comp="2141" pin=10"/></net>

<net id="2221"><net_src comp="98" pin="0"/><net_sink comp="2141" pin=11"/></net>

<net id="2222"><net_src comp="1119" pin="4"/><net_sink comp="2141" pin=12"/></net>

<net id="2223"><net_src comp="100" pin="0"/><net_sink comp="2141" pin=13"/></net>

<net id="2224"><net_src comp="1132" pin="4"/><net_sink comp="2141" pin=14"/></net>

<net id="2225"><net_src comp="102" pin="0"/><net_sink comp="2141" pin=15"/></net>

<net id="2226"><net_src comp="1145" pin="4"/><net_sink comp="2141" pin=16"/></net>

<net id="2227"><net_src comp="104" pin="0"/><net_sink comp="2141" pin=17"/></net>

<net id="2228"><net_src comp="1158" pin="4"/><net_sink comp="2141" pin=18"/></net>

<net id="2229"><net_src comp="106" pin="0"/><net_sink comp="2141" pin=19"/></net>

<net id="2230"><net_src comp="1171" pin="4"/><net_sink comp="2141" pin=20"/></net>

<net id="2231"><net_src comp="108" pin="0"/><net_sink comp="2141" pin=21"/></net>

<net id="2232"><net_src comp="1184" pin="4"/><net_sink comp="2141" pin=22"/></net>

<net id="2233"><net_src comp="110" pin="0"/><net_sink comp="2141" pin=23"/></net>

<net id="2234"><net_src comp="1197" pin="4"/><net_sink comp="2141" pin=24"/></net>

<net id="2235"><net_src comp="112" pin="0"/><net_sink comp="2141" pin=25"/></net>

<net id="2236"><net_src comp="1210" pin="4"/><net_sink comp="2141" pin=26"/></net>

<net id="2237"><net_src comp="114" pin="0"/><net_sink comp="2141" pin=27"/></net>

<net id="2238"><net_src comp="1223" pin="4"/><net_sink comp="2141" pin=28"/></net>

<net id="2239"><net_src comp="116" pin="0"/><net_sink comp="2141" pin=29"/></net>

<net id="2240"><net_src comp="1236" pin="4"/><net_sink comp="2141" pin=30"/></net>

<net id="2241"><net_src comp="118" pin="0"/><net_sink comp="2141" pin=31"/></net>

<net id="2242"><net_src comp="1249" pin="4"/><net_sink comp="2141" pin=32"/></net>

<net id="2243"><net_src comp="120" pin="0"/><net_sink comp="2141" pin=33"/></net>

<net id="2244"><net_src comp="1262" pin="4"/><net_sink comp="2141" pin=34"/></net>

<net id="2245"><net_src comp="122" pin="0"/><net_sink comp="2141" pin=35"/></net>

<net id="2246"><net_src comp="1275" pin="4"/><net_sink comp="2141" pin=36"/></net>

<net id="2247"><net_src comp="124" pin="0"/><net_sink comp="2141" pin=37"/></net>

<net id="2248"><net_src comp="1288" pin="4"/><net_sink comp="2141" pin=38"/></net>

<net id="2249"><net_src comp="126" pin="0"/><net_sink comp="2141" pin=39"/></net>

<net id="2250"><net_src comp="1301" pin="4"/><net_sink comp="2141" pin=40"/></net>

<net id="2251"><net_src comp="128" pin="0"/><net_sink comp="2141" pin=41"/></net>

<net id="2252"><net_src comp="1314" pin="4"/><net_sink comp="2141" pin=42"/></net>

<net id="2253"><net_src comp="130" pin="0"/><net_sink comp="2141" pin=43"/></net>

<net id="2254"><net_src comp="1327" pin="4"/><net_sink comp="2141" pin=44"/></net>

<net id="2255"><net_src comp="132" pin="0"/><net_sink comp="2141" pin=45"/></net>

<net id="2256"><net_src comp="1340" pin="4"/><net_sink comp="2141" pin=46"/></net>

<net id="2257"><net_src comp="134" pin="0"/><net_sink comp="2141" pin=47"/></net>

<net id="2258"><net_src comp="1353" pin="4"/><net_sink comp="2141" pin=48"/></net>

<net id="2259"><net_src comp="136" pin="0"/><net_sink comp="2141" pin=49"/></net>

<net id="2260"><net_src comp="1366" pin="4"/><net_sink comp="2141" pin=50"/></net>

<net id="2261"><net_src comp="138" pin="0"/><net_sink comp="2141" pin=51"/></net>

<net id="2262"><net_src comp="1379" pin="4"/><net_sink comp="2141" pin=52"/></net>

<net id="2263"><net_src comp="140" pin="0"/><net_sink comp="2141" pin=53"/></net>

<net id="2264"><net_src comp="1392" pin="4"/><net_sink comp="2141" pin=54"/></net>

<net id="2265"><net_src comp="142" pin="0"/><net_sink comp="2141" pin=55"/></net>

<net id="2266"><net_src comp="1405" pin="4"/><net_sink comp="2141" pin=56"/></net>

<net id="2267"><net_src comp="144" pin="0"/><net_sink comp="2141" pin=57"/></net>

<net id="2268"><net_src comp="1418" pin="4"/><net_sink comp="2141" pin=58"/></net>

<net id="2269"><net_src comp="146" pin="0"/><net_sink comp="2141" pin=59"/></net>

<net id="2270"><net_src comp="1431" pin="4"/><net_sink comp="2141" pin=60"/></net>

<net id="2271"><net_src comp="148" pin="0"/><net_sink comp="2141" pin=61"/></net>

<net id="2272"><net_src comp="1444" pin="4"/><net_sink comp="2141" pin=62"/></net>

<net id="2273"><net_src comp="76" pin="0"/><net_sink comp="2141" pin=63"/></net>

<net id="2274"><net_src comp="1457" pin="4"/><net_sink comp="2141" pin=64"/></net>

<net id="2275"><net_src comp="78" pin="0"/><net_sink comp="2141" pin=65"/></net>

<net id="2276"><net_src comp="587" pin="1"/><net_sink comp="2141" pin=66"/></net>

<net id="2280"><net_src comp="565" pin="3"/><net_sink comp="2277" pin=0"/></net>

<net id="2287"><net_src comp="150" pin="0"/><net_sink comp="2281" pin=0"/></net>

<net id="2288"><net_src comp="565" pin="3"/><net_sink comp="2281" pin=1"/></net>

<net id="2289"><net_src comp="152" pin="0"/><net_sink comp="2281" pin=2"/></net>

<net id="2290"><net_src comp="154" pin="0"/><net_sink comp="2281" pin=3"/></net>

<net id="2297"><net_src comp="150" pin="0"/><net_sink comp="2291" pin=0"/></net>

<net id="2298"><net_src comp="565" pin="3"/><net_sink comp="2291" pin=1"/></net>

<net id="2299"><net_src comp="156" pin="0"/><net_sink comp="2291" pin=2"/></net>

<net id="2300"><net_src comp="158" pin="0"/><net_sink comp="2291" pin=3"/></net>

<net id="2307"><net_src comp="150" pin="0"/><net_sink comp="2301" pin=0"/></net>

<net id="2308"><net_src comp="565" pin="3"/><net_sink comp="2301" pin=1"/></net>

<net id="2309"><net_src comp="160" pin="0"/><net_sink comp="2301" pin=2"/></net>

<net id="2310"><net_src comp="162" pin="0"/><net_sink comp="2301" pin=3"/></net>

<net id="2317"><net_src comp="150" pin="0"/><net_sink comp="2311" pin=0"/></net>

<net id="2318"><net_src comp="565" pin="3"/><net_sink comp="2311" pin=1"/></net>

<net id="2319"><net_src comp="164" pin="0"/><net_sink comp="2311" pin=2"/></net>

<net id="2320"><net_src comp="166" pin="0"/><net_sink comp="2311" pin=3"/></net>

<net id="2327"><net_src comp="150" pin="0"/><net_sink comp="2321" pin=0"/></net>

<net id="2328"><net_src comp="565" pin="3"/><net_sink comp="2321" pin=1"/></net>

<net id="2329"><net_src comp="168" pin="0"/><net_sink comp="2321" pin=2"/></net>

<net id="2330"><net_src comp="170" pin="0"/><net_sink comp="2321" pin=3"/></net>

<net id="2337"><net_src comp="150" pin="0"/><net_sink comp="2331" pin=0"/></net>

<net id="2338"><net_src comp="565" pin="3"/><net_sink comp="2331" pin=1"/></net>

<net id="2339"><net_src comp="172" pin="0"/><net_sink comp="2331" pin=2"/></net>

<net id="2340"><net_src comp="174" pin="0"/><net_sink comp="2331" pin=3"/></net>

<net id="2347"><net_src comp="150" pin="0"/><net_sink comp="2341" pin=0"/></net>

<net id="2348"><net_src comp="565" pin="3"/><net_sink comp="2341" pin=1"/></net>

<net id="2349"><net_src comp="176" pin="0"/><net_sink comp="2341" pin=2"/></net>

<net id="2350"><net_src comp="178" pin="0"/><net_sink comp="2341" pin=3"/></net>

<net id="2357"><net_src comp="150" pin="0"/><net_sink comp="2351" pin=0"/></net>

<net id="2358"><net_src comp="565" pin="3"/><net_sink comp="2351" pin=1"/></net>

<net id="2359"><net_src comp="180" pin="0"/><net_sink comp="2351" pin=2"/></net>

<net id="2360"><net_src comp="182" pin="0"/><net_sink comp="2351" pin=3"/></net>

<net id="2367"><net_src comp="150" pin="0"/><net_sink comp="2361" pin=0"/></net>

<net id="2368"><net_src comp="565" pin="3"/><net_sink comp="2361" pin=1"/></net>

<net id="2369"><net_src comp="184" pin="0"/><net_sink comp="2361" pin=2"/></net>

<net id="2370"><net_src comp="186" pin="0"/><net_sink comp="2361" pin=3"/></net>

<net id="2377"><net_src comp="150" pin="0"/><net_sink comp="2371" pin=0"/></net>

<net id="2378"><net_src comp="565" pin="3"/><net_sink comp="2371" pin=1"/></net>

<net id="2379"><net_src comp="188" pin="0"/><net_sink comp="2371" pin=2"/></net>

<net id="2380"><net_src comp="190" pin="0"/><net_sink comp="2371" pin=3"/></net>

<net id="2387"><net_src comp="150" pin="0"/><net_sink comp="2381" pin=0"/></net>

<net id="2388"><net_src comp="565" pin="3"/><net_sink comp="2381" pin=1"/></net>

<net id="2389"><net_src comp="192" pin="0"/><net_sink comp="2381" pin=2"/></net>

<net id="2390"><net_src comp="194" pin="0"/><net_sink comp="2381" pin=3"/></net>

<net id="2397"><net_src comp="150" pin="0"/><net_sink comp="2391" pin=0"/></net>

<net id="2398"><net_src comp="565" pin="3"/><net_sink comp="2391" pin=1"/></net>

<net id="2399"><net_src comp="196" pin="0"/><net_sink comp="2391" pin=2"/></net>

<net id="2400"><net_src comp="198" pin="0"/><net_sink comp="2391" pin=3"/></net>

<net id="2407"><net_src comp="150" pin="0"/><net_sink comp="2401" pin=0"/></net>

<net id="2408"><net_src comp="565" pin="3"/><net_sink comp="2401" pin=1"/></net>

<net id="2409"><net_src comp="200" pin="0"/><net_sink comp="2401" pin=2"/></net>

<net id="2410"><net_src comp="202" pin="0"/><net_sink comp="2401" pin=3"/></net>

<net id="2417"><net_src comp="150" pin="0"/><net_sink comp="2411" pin=0"/></net>

<net id="2418"><net_src comp="565" pin="3"/><net_sink comp="2411" pin=1"/></net>

<net id="2419"><net_src comp="204" pin="0"/><net_sink comp="2411" pin=2"/></net>

<net id="2420"><net_src comp="206" pin="0"/><net_sink comp="2411" pin=3"/></net>

<net id="2427"><net_src comp="150" pin="0"/><net_sink comp="2421" pin=0"/></net>

<net id="2428"><net_src comp="565" pin="3"/><net_sink comp="2421" pin=1"/></net>

<net id="2429"><net_src comp="208" pin="0"/><net_sink comp="2421" pin=2"/></net>

<net id="2430"><net_src comp="210" pin="0"/><net_sink comp="2421" pin=3"/></net>

<net id="2437"><net_src comp="150" pin="0"/><net_sink comp="2431" pin=0"/></net>

<net id="2438"><net_src comp="565" pin="3"/><net_sink comp="2431" pin=1"/></net>

<net id="2439"><net_src comp="212" pin="0"/><net_sink comp="2431" pin=2"/></net>

<net id="2440"><net_src comp="214" pin="0"/><net_sink comp="2431" pin=3"/></net>

<net id="2447"><net_src comp="150" pin="0"/><net_sink comp="2441" pin=0"/></net>

<net id="2448"><net_src comp="565" pin="3"/><net_sink comp="2441" pin=1"/></net>

<net id="2449"><net_src comp="216" pin="0"/><net_sink comp="2441" pin=2"/></net>

<net id="2450"><net_src comp="218" pin="0"/><net_sink comp="2441" pin=3"/></net>

<net id="2457"><net_src comp="150" pin="0"/><net_sink comp="2451" pin=0"/></net>

<net id="2458"><net_src comp="565" pin="3"/><net_sink comp="2451" pin=1"/></net>

<net id="2459"><net_src comp="220" pin="0"/><net_sink comp="2451" pin=2"/></net>

<net id="2460"><net_src comp="222" pin="0"/><net_sink comp="2451" pin=3"/></net>

<net id="2467"><net_src comp="150" pin="0"/><net_sink comp="2461" pin=0"/></net>

<net id="2468"><net_src comp="565" pin="3"/><net_sink comp="2461" pin=1"/></net>

<net id="2469"><net_src comp="224" pin="0"/><net_sink comp="2461" pin=2"/></net>

<net id="2470"><net_src comp="226" pin="0"/><net_sink comp="2461" pin=3"/></net>

<net id="2477"><net_src comp="150" pin="0"/><net_sink comp="2471" pin=0"/></net>

<net id="2478"><net_src comp="565" pin="3"/><net_sink comp="2471" pin=1"/></net>

<net id="2479"><net_src comp="228" pin="0"/><net_sink comp="2471" pin=2"/></net>

<net id="2480"><net_src comp="230" pin="0"/><net_sink comp="2471" pin=3"/></net>

<net id="2487"><net_src comp="150" pin="0"/><net_sink comp="2481" pin=0"/></net>

<net id="2488"><net_src comp="565" pin="3"/><net_sink comp="2481" pin=1"/></net>

<net id="2489"><net_src comp="232" pin="0"/><net_sink comp="2481" pin=2"/></net>

<net id="2490"><net_src comp="234" pin="0"/><net_sink comp="2481" pin=3"/></net>

<net id="2497"><net_src comp="150" pin="0"/><net_sink comp="2491" pin=0"/></net>

<net id="2498"><net_src comp="565" pin="3"/><net_sink comp="2491" pin=1"/></net>

<net id="2499"><net_src comp="236" pin="0"/><net_sink comp="2491" pin=2"/></net>

<net id="2500"><net_src comp="238" pin="0"/><net_sink comp="2491" pin=3"/></net>

<net id="2507"><net_src comp="150" pin="0"/><net_sink comp="2501" pin=0"/></net>

<net id="2508"><net_src comp="565" pin="3"/><net_sink comp="2501" pin=1"/></net>

<net id="2509"><net_src comp="240" pin="0"/><net_sink comp="2501" pin=2"/></net>

<net id="2510"><net_src comp="242" pin="0"/><net_sink comp="2501" pin=3"/></net>

<net id="2517"><net_src comp="150" pin="0"/><net_sink comp="2511" pin=0"/></net>

<net id="2518"><net_src comp="565" pin="3"/><net_sink comp="2511" pin=1"/></net>

<net id="2519"><net_src comp="244" pin="0"/><net_sink comp="2511" pin=2"/></net>

<net id="2520"><net_src comp="246" pin="0"/><net_sink comp="2511" pin=3"/></net>

<net id="2527"><net_src comp="150" pin="0"/><net_sink comp="2521" pin=0"/></net>

<net id="2528"><net_src comp="565" pin="3"/><net_sink comp="2521" pin=1"/></net>

<net id="2529"><net_src comp="248" pin="0"/><net_sink comp="2521" pin=2"/></net>

<net id="2530"><net_src comp="250" pin="0"/><net_sink comp="2521" pin=3"/></net>

<net id="2537"><net_src comp="150" pin="0"/><net_sink comp="2531" pin=0"/></net>

<net id="2538"><net_src comp="565" pin="3"/><net_sink comp="2531" pin=1"/></net>

<net id="2539"><net_src comp="252" pin="0"/><net_sink comp="2531" pin=2"/></net>

<net id="2540"><net_src comp="254" pin="0"/><net_sink comp="2531" pin=3"/></net>

<net id="2547"><net_src comp="150" pin="0"/><net_sink comp="2541" pin=0"/></net>

<net id="2548"><net_src comp="565" pin="3"/><net_sink comp="2541" pin=1"/></net>

<net id="2549"><net_src comp="256" pin="0"/><net_sink comp="2541" pin=2"/></net>

<net id="2550"><net_src comp="258" pin="0"/><net_sink comp="2541" pin=3"/></net>

<net id="2557"><net_src comp="150" pin="0"/><net_sink comp="2551" pin=0"/></net>

<net id="2558"><net_src comp="565" pin="3"/><net_sink comp="2551" pin=1"/></net>

<net id="2559"><net_src comp="260" pin="0"/><net_sink comp="2551" pin=2"/></net>

<net id="2560"><net_src comp="262" pin="0"/><net_sink comp="2551" pin=3"/></net>

<net id="2567"><net_src comp="150" pin="0"/><net_sink comp="2561" pin=0"/></net>

<net id="2568"><net_src comp="565" pin="3"/><net_sink comp="2561" pin=1"/></net>

<net id="2569"><net_src comp="264" pin="0"/><net_sink comp="2561" pin=2"/></net>

<net id="2570"><net_src comp="266" pin="0"/><net_sink comp="2561" pin=3"/></net>

<net id="2577"><net_src comp="150" pin="0"/><net_sink comp="2571" pin=0"/></net>

<net id="2578"><net_src comp="565" pin="3"/><net_sink comp="2571" pin=1"/></net>

<net id="2579"><net_src comp="268" pin="0"/><net_sink comp="2571" pin=2"/></net>

<net id="2580"><net_src comp="270" pin="0"/><net_sink comp="2571" pin=3"/></net>

<net id="2587"><net_src comp="150" pin="0"/><net_sink comp="2581" pin=0"/></net>

<net id="2588"><net_src comp="565" pin="3"/><net_sink comp="2581" pin=1"/></net>

<net id="2589"><net_src comp="272" pin="0"/><net_sink comp="2581" pin=2"/></net>

<net id="2590"><net_src comp="274" pin="0"/><net_sink comp="2581" pin=3"/></net>

<net id="2597"><net_src comp="150" pin="0"/><net_sink comp="2591" pin=0"/></net>

<net id="2598"><net_src comp="565" pin="3"/><net_sink comp="2591" pin=1"/></net>

<net id="2599"><net_src comp="276" pin="0"/><net_sink comp="2591" pin=2"/></net>

<net id="2600"><net_src comp="278" pin="0"/><net_sink comp="2591" pin=3"/></net>

<net id="2607"><net_src comp="150" pin="0"/><net_sink comp="2601" pin=0"/></net>

<net id="2608"><net_src comp="565" pin="3"/><net_sink comp="2601" pin=1"/></net>

<net id="2609"><net_src comp="280" pin="0"/><net_sink comp="2601" pin=2"/></net>

<net id="2610"><net_src comp="282" pin="0"/><net_sink comp="2601" pin=3"/></net>

<net id="2617"><net_src comp="150" pin="0"/><net_sink comp="2611" pin=0"/></net>

<net id="2618"><net_src comp="565" pin="3"/><net_sink comp="2611" pin=1"/></net>

<net id="2619"><net_src comp="284" pin="0"/><net_sink comp="2611" pin=2"/></net>

<net id="2620"><net_src comp="286" pin="0"/><net_sink comp="2611" pin=3"/></net>

<net id="2627"><net_src comp="150" pin="0"/><net_sink comp="2621" pin=0"/></net>

<net id="2628"><net_src comp="565" pin="3"/><net_sink comp="2621" pin=1"/></net>

<net id="2629"><net_src comp="288" pin="0"/><net_sink comp="2621" pin=2"/></net>

<net id="2630"><net_src comp="290" pin="0"/><net_sink comp="2621" pin=3"/></net>

<net id="2637"><net_src comp="150" pin="0"/><net_sink comp="2631" pin=0"/></net>

<net id="2638"><net_src comp="565" pin="3"/><net_sink comp="2631" pin=1"/></net>

<net id="2639"><net_src comp="292" pin="0"/><net_sink comp="2631" pin=2"/></net>

<net id="2640"><net_src comp="294" pin="0"/><net_sink comp="2631" pin=3"/></net>

<net id="2647"><net_src comp="150" pin="0"/><net_sink comp="2641" pin=0"/></net>

<net id="2648"><net_src comp="565" pin="3"/><net_sink comp="2641" pin=1"/></net>

<net id="2649"><net_src comp="296" pin="0"/><net_sink comp="2641" pin=2"/></net>

<net id="2650"><net_src comp="298" pin="0"/><net_sink comp="2641" pin=3"/></net>

<net id="2657"><net_src comp="150" pin="0"/><net_sink comp="2651" pin=0"/></net>

<net id="2658"><net_src comp="565" pin="3"/><net_sink comp="2651" pin=1"/></net>

<net id="2659"><net_src comp="300" pin="0"/><net_sink comp="2651" pin=2"/></net>

<net id="2660"><net_src comp="302" pin="0"/><net_sink comp="2651" pin=3"/></net>

<net id="2667"><net_src comp="150" pin="0"/><net_sink comp="2661" pin=0"/></net>

<net id="2668"><net_src comp="565" pin="3"/><net_sink comp="2661" pin=1"/></net>

<net id="2669"><net_src comp="304" pin="0"/><net_sink comp="2661" pin=2"/></net>

<net id="2670"><net_src comp="306" pin="0"/><net_sink comp="2661" pin=3"/></net>

<net id="2677"><net_src comp="150" pin="0"/><net_sink comp="2671" pin=0"/></net>

<net id="2678"><net_src comp="565" pin="3"/><net_sink comp="2671" pin=1"/></net>

<net id="2679"><net_src comp="308" pin="0"/><net_sink comp="2671" pin=2"/></net>

<net id="2680"><net_src comp="310" pin="0"/><net_sink comp="2671" pin=3"/></net>

<net id="2687"><net_src comp="150" pin="0"/><net_sink comp="2681" pin=0"/></net>

<net id="2688"><net_src comp="565" pin="3"/><net_sink comp="2681" pin=1"/></net>

<net id="2689"><net_src comp="312" pin="0"/><net_sink comp="2681" pin=2"/></net>

<net id="2690"><net_src comp="314" pin="0"/><net_sink comp="2681" pin=3"/></net>

<net id="2697"><net_src comp="150" pin="0"/><net_sink comp="2691" pin=0"/></net>

<net id="2698"><net_src comp="565" pin="3"/><net_sink comp="2691" pin=1"/></net>

<net id="2699"><net_src comp="316" pin="0"/><net_sink comp="2691" pin=2"/></net>

<net id="2700"><net_src comp="318" pin="0"/><net_sink comp="2691" pin=3"/></net>

<net id="2707"><net_src comp="150" pin="0"/><net_sink comp="2701" pin=0"/></net>

<net id="2708"><net_src comp="565" pin="3"/><net_sink comp="2701" pin=1"/></net>

<net id="2709"><net_src comp="320" pin="0"/><net_sink comp="2701" pin=2"/></net>

<net id="2710"><net_src comp="322" pin="0"/><net_sink comp="2701" pin=3"/></net>

<net id="2717"><net_src comp="150" pin="0"/><net_sink comp="2711" pin=0"/></net>

<net id="2718"><net_src comp="565" pin="3"/><net_sink comp="2711" pin=1"/></net>

<net id="2719"><net_src comp="324" pin="0"/><net_sink comp="2711" pin=2"/></net>

<net id="2720"><net_src comp="326" pin="0"/><net_sink comp="2711" pin=3"/></net>

<net id="2727"><net_src comp="150" pin="0"/><net_sink comp="2721" pin=0"/></net>

<net id="2728"><net_src comp="565" pin="3"/><net_sink comp="2721" pin=1"/></net>

<net id="2729"><net_src comp="328" pin="0"/><net_sink comp="2721" pin=2"/></net>

<net id="2730"><net_src comp="330" pin="0"/><net_sink comp="2721" pin=3"/></net>

<net id="2737"><net_src comp="332" pin="0"/><net_sink comp="2731" pin=0"/></net>

<net id="2738"><net_src comp="565" pin="3"/><net_sink comp="2731" pin=1"/></net>

<net id="2739"><net_src comp="334" pin="0"/><net_sink comp="2731" pin=2"/></net>

<net id="2740"><net_src comp="336" pin="0"/><net_sink comp="2731" pin=3"/></net>

<net id="2751"><net_src comp="2741" pin="1"/><net_sink comp="2747" pin=0"/></net>

<net id="2752"><net_src comp="2744" pin="1"/><net_sink comp="2747" pin=1"/></net>

<net id="2760"><net_src comp="2753" pin="1"/><net_sink comp="2756" pin=0"/></net>

<net id="2761"><net_src comp="2744" pin="1"/><net_sink comp="2756" pin=1"/></net>

<net id="2769"><net_src comp="2762" pin="1"/><net_sink comp="2765" pin=0"/></net>

<net id="2770"><net_src comp="2744" pin="1"/><net_sink comp="2765" pin=1"/></net>

<net id="2778"><net_src comp="2771" pin="1"/><net_sink comp="2774" pin=0"/></net>

<net id="2779"><net_src comp="2744" pin="1"/><net_sink comp="2774" pin=1"/></net>

<net id="2787"><net_src comp="2780" pin="1"/><net_sink comp="2783" pin=0"/></net>

<net id="2788"><net_src comp="2744" pin="1"/><net_sink comp="2783" pin=1"/></net>

<net id="2796"><net_src comp="2789" pin="1"/><net_sink comp="2792" pin=0"/></net>

<net id="2797"><net_src comp="2744" pin="1"/><net_sink comp="2792" pin=1"/></net>

<net id="2805"><net_src comp="2798" pin="1"/><net_sink comp="2801" pin=0"/></net>

<net id="2806"><net_src comp="2744" pin="1"/><net_sink comp="2801" pin=1"/></net>

<net id="2814"><net_src comp="2807" pin="1"/><net_sink comp="2810" pin=0"/></net>

<net id="2815"><net_src comp="2744" pin="1"/><net_sink comp="2810" pin=1"/></net>

<net id="2823"><net_src comp="2816" pin="1"/><net_sink comp="2819" pin=0"/></net>

<net id="2824"><net_src comp="2744" pin="1"/><net_sink comp="2819" pin=1"/></net>

<net id="2832"><net_src comp="2825" pin="1"/><net_sink comp="2828" pin=0"/></net>

<net id="2833"><net_src comp="2744" pin="1"/><net_sink comp="2828" pin=1"/></net>

<net id="2841"><net_src comp="2834" pin="1"/><net_sink comp="2837" pin=0"/></net>

<net id="2842"><net_src comp="2744" pin="1"/><net_sink comp="2837" pin=1"/></net>

<net id="2850"><net_src comp="2843" pin="1"/><net_sink comp="2846" pin=0"/></net>

<net id="2851"><net_src comp="2744" pin="1"/><net_sink comp="2846" pin=1"/></net>

<net id="2859"><net_src comp="2852" pin="1"/><net_sink comp="2855" pin=0"/></net>

<net id="2860"><net_src comp="2744" pin="1"/><net_sink comp="2855" pin=1"/></net>

<net id="2868"><net_src comp="2861" pin="1"/><net_sink comp="2864" pin=0"/></net>

<net id="2869"><net_src comp="2744" pin="1"/><net_sink comp="2864" pin=1"/></net>

<net id="2877"><net_src comp="2870" pin="1"/><net_sink comp="2873" pin=0"/></net>

<net id="2878"><net_src comp="2744" pin="1"/><net_sink comp="2873" pin=1"/></net>

<net id="2886"><net_src comp="2879" pin="1"/><net_sink comp="2882" pin=0"/></net>

<net id="2887"><net_src comp="2744" pin="1"/><net_sink comp="2882" pin=1"/></net>

<net id="2895"><net_src comp="2888" pin="1"/><net_sink comp="2891" pin=0"/></net>

<net id="2896"><net_src comp="2744" pin="1"/><net_sink comp="2891" pin=1"/></net>

<net id="2904"><net_src comp="2897" pin="1"/><net_sink comp="2900" pin=0"/></net>

<net id="2905"><net_src comp="2744" pin="1"/><net_sink comp="2900" pin=1"/></net>

<net id="2913"><net_src comp="2906" pin="1"/><net_sink comp="2909" pin=0"/></net>

<net id="2914"><net_src comp="2744" pin="1"/><net_sink comp="2909" pin=1"/></net>

<net id="2922"><net_src comp="2915" pin="1"/><net_sink comp="2918" pin=0"/></net>

<net id="2923"><net_src comp="2744" pin="1"/><net_sink comp="2918" pin=1"/></net>

<net id="2931"><net_src comp="2924" pin="1"/><net_sink comp="2927" pin=0"/></net>

<net id="2932"><net_src comp="2744" pin="1"/><net_sink comp="2927" pin=1"/></net>

<net id="2940"><net_src comp="2933" pin="1"/><net_sink comp="2936" pin=0"/></net>

<net id="2941"><net_src comp="2744" pin="1"/><net_sink comp="2936" pin=1"/></net>

<net id="2949"><net_src comp="2942" pin="1"/><net_sink comp="2945" pin=0"/></net>

<net id="2950"><net_src comp="2744" pin="1"/><net_sink comp="2945" pin=1"/></net>

<net id="2958"><net_src comp="2951" pin="1"/><net_sink comp="2954" pin=0"/></net>

<net id="2959"><net_src comp="2744" pin="1"/><net_sink comp="2954" pin=1"/></net>

<net id="2967"><net_src comp="2960" pin="1"/><net_sink comp="2963" pin=0"/></net>

<net id="2968"><net_src comp="2744" pin="1"/><net_sink comp="2963" pin=1"/></net>

<net id="2976"><net_src comp="2969" pin="1"/><net_sink comp="2972" pin=0"/></net>

<net id="2977"><net_src comp="2744" pin="1"/><net_sink comp="2972" pin=1"/></net>

<net id="2985"><net_src comp="2978" pin="1"/><net_sink comp="2981" pin=0"/></net>

<net id="2986"><net_src comp="2744" pin="1"/><net_sink comp="2981" pin=1"/></net>

<net id="2994"><net_src comp="2987" pin="1"/><net_sink comp="2990" pin=0"/></net>

<net id="2995"><net_src comp="2744" pin="1"/><net_sink comp="2990" pin=1"/></net>

<net id="3003"><net_src comp="2996" pin="1"/><net_sink comp="2999" pin=0"/></net>

<net id="3004"><net_src comp="2744" pin="1"/><net_sink comp="2999" pin=1"/></net>

<net id="3012"><net_src comp="3005" pin="1"/><net_sink comp="3008" pin=0"/></net>

<net id="3013"><net_src comp="2744" pin="1"/><net_sink comp="3008" pin=1"/></net>

<net id="3021"><net_src comp="3014" pin="1"/><net_sink comp="3017" pin=0"/></net>

<net id="3022"><net_src comp="2744" pin="1"/><net_sink comp="3017" pin=1"/></net>

<net id="3030"><net_src comp="3023" pin="1"/><net_sink comp="3026" pin=0"/></net>

<net id="3031"><net_src comp="2744" pin="1"/><net_sink comp="3026" pin=1"/></net>

<net id="3039"><net_src comp="3032" pin="1"/><net_sink comp="3035" pin=0"/></net>

<net id="3040"><net_src comp="2744" pin="1"/><net_sink comp="3035" pin=1"/></net>

<net id="3048"><net_src comp="3041" pin="1"/><net_sink comp="3044" pin=0"/></net>

<net id="3049"><net_src comp="2744" pin="1"/><net_sink comp="3044" pin=1"/></net>

<net id="3057"><net_src comp="3050" pin="1"/><net_sink comp="3053" pin=0"/></net>

<net id="3058"><net_src comp="2744" pin="1"/><net_sink comp="3053" pin=1"/></net>

<net id="3066"><net_src comp="3059" pin="1"/><net_sink comp="3062" pin=0"/></net>

<net id="3067"><net_src comp="2744" pin="1"/><net_sink comp="3062" pin=1"/></net>

<net id="3075"><net_src comp="3068" pin="1"/><net_sink comp="3071" pin=0"/></net>

<net id="3076"><net_src comp="2744" pin="1"/><net_sink comp="3071" pin=1"/></net>

<net id="3084"><net_src comp="3077" pin="1"/><net_sink comp="3080" pin=0"/></net>

<net id="3085"><net_src comp="2744" pin="1"/><net_sink comp="3080" pin=1"/></net>

<net id="3093"><net_src comp="3086" pin="1"/><net_sink comp="3089" pin=0"/></net>

<net id="3094"><net_src comp="2744" pin="1"/><net_sink comp="3089" pin=1"/></net>

<net id="3102"><net_src comp="3095" pin="1"/><net_sink comp="3098" pin=0"/></net>

<net id="3103"><net_src comp="2744" pin="1"/><net_sink comp="3098" pin=1"/></net>

<net id="3111"><net_src comp="3104" pin="1"/><net_sink comp="3107" pin=0"/></net>

<net id="3112"><net_src comp="2744" pin="1"/><net_sink comp="3107" pin=1"/></net>

<net id="3120"><net_src comp="3113" pin="1"/><net_sink comp="3116" pin=0"/></net>

<net id="3121"><net_src comp="2744" pin="1"/><net_sink comp="3116" pin=1"/></net>

<net id="3129"><net_src comp="3122" pin="1"/><net_sink comp="3125" pin=0"/></net>

<net id="3130"><net_src comp="2744" pin="1"/><net_sink comp="3125" pin=1"/></net>

<net id="3138"><net_src comp="3131" pin="1"/><net_sink comp="3134" pin=0"/></net>

<net id="3139"><net_src comp="2744" pin="1"/><net_sink comp="3134" pin=1"/></net>

<net id="3147"><net_src comp="3140" pin="1"/><net_sink comp="3143" pin=0"/></net>

<net id="3148"><net_src comp="2744" pin="1"/><net_sink comp="3143" pin=1"/></net>

<net id="3156"><net_src comp="3149" pin="1"/><net_sink comp="3152" pin=0"/></net>

<net id="3157"><net_src comp="2744" pin="1"/><net_sink comp="3152" pin=1"/></net>

<net id="3165"><net_src comp="2744" pin="1"/><net_sink comp="3161" pin=0"/></net>

<net id="3166"><net_src comp="3158" pin="1"/><net_sink comp="3161" pin=1"/></net>

<net id="3173"><net_src comp="338" pin="0"/><net_sink comp="3167" pin=0"/></net>

<net id="3174"><net_src comp="2747" pin="2"/><net_sink comp="3167" pin=1"/></net>

<net id="3175"><net_src comp="340" pin="0"/><net_sink comp="3167" pin=2"/></net>

<net id="3176"><net_src comp="342" pin="0"/><net_sink comp="3167" pin=3"/></net>

<net id="3183"><net_src comp="338" pin="0"/><net_sink comp="3177" pin=0"/></net>

<net id="3184"><net_src comp="2756" pin="2"/><net_sink comp="3177" pin=1"/></net>

<net id="3185"><net_src comp="340" pin="0"/><net_sink comp="3177" pin=2"/></net>

<net id="3186"><net_src comp="342" pin="0"/><net_sink comp="3177" pin=3"/></net>

<net id="3193"><net_src comp="338" pin="0"/><net_sink comp="3187" pin=0"/></net>

<net id="3194"><net_src comp="2765" pin="2"/><net_sink comp="3187" pin=1"/></net>

<net id="3195"><net_src comp="340" pin="0"/><net_sink comp="3187" pin=2"/></net>

<net id="3196"><net_src comp="342" pin="0"/><net_sink comp="3187" pin=3"/></net>

<net id="3203"><net_src comp="338" pin="0"/><net_sink comp="3197" pin=0"/></net>

<net id="3204"><net_src comp="2774" pin="2"/><net_sink comp="3197" pin=1"/></net>

<net id="3205"><net_src comp="340" pin="0"/><net_sink comp="3197" pin=2"/></net>

<net id="3206"><net_src comp="342" pin="0"/><net_sink comp="3197" pin=3"/></net>

<net id="3213"><net_src comp="338" pin="0"/><net_sink comp="3207" pin=0"/></net>

<net id="3214"><net_src comp="2783" pin="2"/><net_sink comp="3207" pin=1"/></net>

<net id="3215"><net_src comp="340" pin="0"/><net_sink comp="3207" pin=2"/></net>

<net id="3216"><net_src comp="342" pin="0"/><net_sink comp="3207" pin=3"/></net>

<net id="3223"><net_src comp="338" pin="0"/><net_sink comp="3217" pin=0"/></net>

<net id="3224"><net_src comp="2792" pin="2"/><net_sink comp="3217" pin=1"/></net>

<net id="3225"><net_src comp="340" pin="0"/><net_sink comp="3217" pin=2"/></net>

<net id="3226"><net_src comp="342" pin="0"/><net_sink comp="3217" pin=3"/></net>

<net id="3233"><net_src comp="338" pin="0"/><net_sink comp="3227" pin=0"/></net>

<net id="3234"><net_src comp="2801" pin="2"/><net_sink comp="3227" pin=1"/></net>

<net id="3235"><net_src comp="340" pin="0"/><net_sink comp="3227" pin=2"/></net>

<net id="3236"><net_src comp="342" pin="0"/><net_sink comp="3227" pin=3"/></net>

<net id="3243"><net_src comp="338" pin="0"/><net_sink comp="3237" pin=0"/></net>

<net id="3244"><net_src comp="2810" pin="2"/><net_sink comp="3237" pin=1"/></net>

<net id="3245"><net_src comp="340" pin="0"/><net_sink comp="3237" pin=2"/></net>

<net id="3246"><net_src comp="342" pin="0"/><net_sink comp="3237" pin=3"/></net>

<net id="3253"><net_src comp="338" pin="0"/><net_sink comp="3247" pin=0"/></net>

<net id="3254"><net_src comp="2819" pin="2"/><net_sink comp="3247" pin=1"/></net>

<net id="3255"><net_src comp="340" pin="0"/><net_sink comp="3247" pin=2"/></net>

<net id="3256"><net_src comp="342" pin="0"/><net_sink comp="3247" pin=3"/></net>

<net id="3263"><net_src comp="338" pin="0"/><net_sink comp="3257" pin=0"/></net>

<net id="3264"><net_src comp="2828" pin="2"/><net_sink comp="3257" pin=1"/></net>

<net id="3265"><net_src comp="340" pin="0"/><net_sink comp="3257" pin=2"/></net>

<net id="3266"><net_src comp="342" pin="0"/><net_sink comp="3257" pin=3"/></net>

<net id="3273"><net_src comp="338" pin="0"/><net_sink comp="3267" pin=0"/></net>

<net id="3274"><net_src comp="2837" pin="2"/><net_sink comp="3267" pin=1"/></net>

<net id="3275"><net_src comp="340" pin="0"/><net_sink comp="3267" pin=2"/></net>

<net id="3276"><net_src comp="342" pin="0"/><net_sink comp="3267" pin=3"/></net>

<net id="3283"><net_src comp="338" pin="0"/><net_sink comp="3277" pin=0"/></net>

<net id="3284"><net_src comp="2846" pin="2"/><net_sink comp="3277" pin=1"/></net>

<net id="3285"><net_src comp="340" pin="0"/><net_sink comp="3277" pin=2"/></net>

<net id="3286"><net_src comp="342" pin="0"/><net_sink comp="3277" pin=3"/></net>

<net id="3293"><net_src comp="338" pin="0"/><net_sink comp="3287" pin=0"/></net>

<net id="3294"><net_src comp="2855" pin="2"/><net_sink comp="3287" pin=1"/></net>

<net id="3295"><net_src comp="340" pin="0"/><net_sink comp="3287" pin=2"/></net>

<net id="3296"><net_src comp="342" pin="0"/><net_sink comp="3287" pin=3"/></net>

<net id="3303"><net_src comp="338" pin="0"/><net_sink comp="3297" pin=0"/></net>

<net id="3304"><net_src comp="2864" pin="2"/><net_sink comp="3297" pin=1"/></net>

<net id="3305"><net_src comp="340" pin="0"/><net_sink comp="3297" pin=2"/></net>

<net id="3306"><net_src comp="342" pin="0"/><net_sink comp="3297" pin=3"/></net>

<net id="3313"><net_src comp="338" pin="0"/><net_sink comp="3307" pin=0"/></net>

<net id="3314"><net_src comp="2873" pin="2"/><net_sink comp="3307" pin=1"/></net>

<net id="3315"><net_src comp="340" pin="0"/><net_sink comp="3307" pin=2"/></net>

<net id="3316"><net_src comp="342" pin="0"/><net_sink comp="3307" pin=3"/></net>

<net id="3323"><net_src comp="338" pin="0"/><net_sink comp="3317" pin=0"/></net>

<net id="3324"><net_src comp="2882" pin="2"/><net_sink comp="3317" pin=1"/></net>

<net id="3325"><net_src comp="340" pin="0"/><net_sink comp="3317" pin=2"/></net>

<net id="3326"><net_src comp="342" pin="0"/><net_sink comp="3317" pin=3"/></net>

<net id="3333"><net_src comp="338" pin="0"/><net_sink comp="3327" pin=0"/></net>

<net id="3334"><net_src comp="2891" pin="2"/><net_sink comp="3327" pin=1"/></net>

<net id="3335"><net_src comp="340" pin="0"/><net_sink comp="3327" pin=2"/></net>

<net id="3336"><net_src comp="342" pin="0"/><net_sink comp="3327" pin=3"/></net>

<net id="3343"><net_src comp="338" pin="0"/><net_sink comp="3337" pin=0"/></net>

<net id="3344"><net_src comp="2900" pin="2"/><net_sink comp="3337" pin=1"/></net>

<net id="3345"><net_src comp="340" pin="0"/><net_sink comp="3337" pin=2"/></net>

<net id="3346"><net_src comp="342" pin="0"/><net_sink comp="3337" pin=3"/></net>

<net id="3353"><net_src comp="338" pin="0"/><net_sink comp="3347" pin=0"/></net>

<net id="3354"><net_src comp="2909" pin="2"/><net_sink comp="3347" pin=1"/></net>

<net id="3355"><net_src comp="340" pin="0"/><net_sink comp="3347" pin=2"/></net>

<net id="3356"><net_src comp="342" pin="0"/><net_sink comp="3347" pin=3"/></net>

<net id="3363"><net_src comp="338" pin="0"/><net_sink comp="3357" pin=0"/></net>

<net id="3364"><net_src comp="2918" pin="2"/><net_sink comp="3357" pin=1"/></net>

<net id="3365"><net_src comp="340" pin="0"/><net_sink comp="3357" pin=2"/></net>

<net id="3366"><net_src comp="342" pin="0"/><net_sink comp="3357" pin=3"/></net>

<net id="3373"><net_src comp="338" pin="0"/><net_sink comp="3367" pin=0"/></net>

<net id="3374"><net_src comp="2927" pin="2"/><net_sink comp="3367" pin=1"/></net>

<net id="3375"><net_src comp="340" pin="0"/><net_sink comp="3367" pin=2"/></net>

<net id="3376"><net_src comp="342" pin="0"/><net_sink comp="3367" pin=3"/></net>

<net id="3383"><net_src comp="338" pin="0"/><net_sink comp="3377" pin=0"/></net>

<net id="3384"><net_src comp="2936" pin="2"/><net_sink comp="3377" pin=1"/></net>

<net id="3385"><net_src comp="340" pin="0"/><net_sink comp="3377" pin=2"/></net>

<net id="3386"><net_src comp="342" pin="0"/><net_sink comp="3377" pin=3"/></net>

<net id="3393"><net_src comp="338" pin="0"/><net_sink comp="3387" pin=0"/></net>

<net id="3394"><net_src comp="2945" pin="2"/><net_sink comp="3387" pin=1"/></net>

<net id="3395"><net_src comp="340" pin="0"/><net_sink comp="3387" pin=2"/></net>

<net id="3396"><net_src comp="342" pin="0"/><net_sink comp="3387" pin=3"/></net>

<net id="3403"><net_src comp="338" pin="0"/><net_sink comp="3397" pin=0"/></net>

<net id="3404"><net_src comp="2954" pin="2"/><net_sink comp="3397" pin=1"/></net>

<net id="3405"><net_src comp="340" pin="0"/><net_sink comp="3397" pin=2"/></net>

<net id="3406"><net_src comp="342" pin="0"/><net_sink comp="3397" pin=3"/></net>

<net id="3413"><net_src comp="338" pin="0"/><net_sink comp="3407" pin=0"/></net>

<net id="3414"><net_src comp="2963" pin="2"/><net_sink comp="3407" pin=1"/></net>

<net id="3415"><net_src comp="340" pin="0"/><net_sink comp="3407" pin=2"/></net>

<net id="3416"><net_src comp="342" pin="0"/><net_sink comp="3407" pin=3"/></net>

<net id="3423"><net_src comp="338" pin="0"/><net_sink comp="3417" pin=0"/></net>

<net id="3424"><net_src comp="2972" pin="2"/><net_sink comp="3417" pin=1"/></net>

<net id="3425"><net_src comp="340" pin="0"/><net_sink comp="3417" pin=2"/></net>

<net id="3426"><net_src comp="342" pin="0"/><net_sink comp="3417" pin=3"/></net>

<net id="3433"><net_src comp="338" pin="0"/><net_sink comp="3427" pin=0"/></net>

<net id="3434"><net_src comp="2981" pin="2"/><net_sink comp="3427" pin=1"/></net>

<net id="3435"><net_src comp="340" pin="0"/><net_sink comp="3427" pin=2"/></net>

<net id="3436"><net_src comp="342" pin="0"/><net_sink comp="3427" pin=3"/></net>

<net id="3443"><net_src comp="338" pin="0"/><net_sink comp="3437" pin=0"/></net>

<net id="3444"><net_src comp="2990" pin="2"/><net_sink comp="3437" pin=1"/></net>

<net id="3445"><net_src comp="340" pin="0"/><net_sink comp="3437" pin=2"/></net>

<net id="3446"><net_src comp="342" pin="0"/><net_sink comp="3437" pin=3"/></net>

<net id="3453"><net_src comp="338" pin="0"/><net_sink comp="3447" pin=0"/></net>

<net id="3454"><net_src comp="2999" pin="2"/><net_sink comp="3447" pin=1"/></net>

<net id="3455"><net_src comp="340" pin="0"/><net_sink comp="3447" pin=2"/></net>

<net id="3456"><net_src comp="342" pin="0"/><net_sink comp="3447" pin=3"/></net>

<net id="3463"><net_src comp="338" pin="0"/><net_sink comp="3457" pin=0"/></net>

<net id="3464"><net_src comp="3008" pin="2"/><net_sink comp="3457" pin=1"/></net>

<net id="3465"><net_src comp="340" pin="0"/><net_sink comp="3457" pin=2"/></net>

<net id="3466"><net_src comp="342" pin="0"/><net_sink comp="3457" pin=3"/></net>

<net id="3473"><net_src comp="338" pin="0"/><net_sink comp="3467" pin=0"/></net>

<net id="3474"><net_src comp="3017" pin="2"/><net_sink comp="3467" pin=1"/></net>

<net id="3475"><net_src comp="340" pin="0"/><net_sink comp="3467" pin=2"/></net>

<net id="3476"><net_src comp="342" pin="0"/><net_sink comp="3467" pin=3"/></net>

<net id="3483"><net_src comp="338" pin="0"/><net_sink comp="3477" pin=0"/></net>

<net id="3484"><net_src comp="3026" pin="2"/><net_sink comp="3477" pin=1"/></net>

<net id="3485"><net_src comp="340" pin="0"/><net_sink comp="3477" pin=2"/></net>

<net id="3486"><net_src comp="342" pin="0"/><net_sink comp="3477" pin=3"/></net>

<net id="3493"><net_src comp="338" pin="0"/><net_sink comp="3487" pin=0"/></net>

<net id="3494"><net_src comp="3035" pin="2"/><net_sink comp="3487" pin=1"/></net>

<net id="3495"><net_src comp="340" pin="0"/><net_sink comp="3487" pin=2"/></net>

<net id="3496"><net_src comp="342" pin="0"/><net_sink comp="3487" pin=3"/></net>

<net id="3503"><net_src comp="338" pin="0"/><net_sink comp="3497" pin=0"/></net>

<net id="3504"><net_src comp="3044" pin="2"/><net_sink comp="3497" pin=1"/></net>

<net id="3505"><net_src comp="340" pin="0"/><net_sink comp="3497" pin=2"/></net>

<net id="3506"><net_src comp="342" pin="0"/><net_sink comp="3497" pin=3"/></net>

<net id="3513"><net_src comp="338" pin="0"/><net_sink comp="3507" pin=0"/></net>

<net id="3514"><net_src comp="3053" pin="2"/><net_sink comp="3507" pin=1"/></net>

<net id="3515"><net_src comp="340" pin="0"/><net_sink comp="3507" pin=2"/></net>

<net id="3516"><net_src comp="342" pin="0"/><net_sink comp="3507" pin=3"/></net>

<net id="3523"><net_src comp="338" pin="0"/><net_sink comp="3517" pin=0"/></net>

<net id="3524"><net_src comp="3062" pin="2"/><net_sink comp="3517" pin=1"/></net>

<net id="3525"><net_src comp="340" pin="0"/><net_sink comp="3517" pin=2"/></net>

<net id="3526"><net_src comp="342" pin="0"/><net_sink comp="3517" pin=3"/></net>

<net id="3533"><net_src comp="338" pin="0"/><net_sink comp="3527" pin=0"/></net>

<net id="3534"><net_src comp="3071" pin="2"/><net_sink comp="3527" pin=1"/></net>

<net id="3535"><net_src comp="340" pin="0"/><net_sink comp="3527" pin=2"/></net>

<net id="3536"><net_src comp="342" pin="0"/><net_sink comp="3527" pin=3"/></net>

<net id="3543"><net_src comp="338" pin="0"/><net_sink comp="3537" pin=0"/></net>

<net id="3544"><net_src comp="3080" pin="2"/><net_sink comp="3537" pin=1"/></net>

<net id="3545"><net_src comp="340" pin="0"/><net_sink comp="3537" pin=2"/></net>

<net id="3546"><net_src comp="342" pin="0"/><net_sink comp="3537" pin=3"/></net>

<net id="3553"><net_src comp="338" pin="0"/><net_sink comp="3547" pin=0"/></net>

<net id="3554"><net_src comp="3089" pin="2"/><net_sink comp="3547" pin=1"/></net>

<net id="3555"><net_src comp="340" pin="0"/><net_sink comp="3547" pin=2"/></net>

<net id="3556"><net_src comp="342" pin="0"/><net_sink comp="3547" pin=3"/></net>

<net id="3563"><net_src comp="338" pin="0"/><net_sink comp="3557" pin=0"/></net>

<net id="3564"><net_src comp="3098" pin="2"/><net_sink comp="3557" pin=1"/></net>

<net id="3565"><net_src comp="340" pin="0"/><net_sink comp="3557" pin=2"/></net>

<net id="3566"><net_src comp="342" pin="0"/><net_sink comp="3557" pin=3"/></net>

<net id="3573"><net_src comp="338" pin="0"/><net_sink comp="3567" pin=0"/></net>

<net id="3574"><net_src comp="3107" pin="2"/><net_sink comp="3567" pin=1"/></net>

<net id="3575"><net_src comp="340" pin="0"/><net_sink comp="3567" pin=2"/></net>

<net id="3576"><net_src comp="342" pin="0"/><net_sink comp="3567" pin=3"/></net>

<net id="3583"><net_src comp="338" pin="0"/><net_sink comp="3577" pin=0"/></net>

<net id="3584"><net_src comp="3116" pin="2"/><net_sink comp="3577" pin=1"/></net>

<net id="3585"><net_src comp="340" pin="0"/><net_sink comp="3577" pin=2"/></net>

<net id="3586"><net_src comp="342" pin="0"/><net_sink comp="3577" pin=3"/></net>

<net id="3593"><net_src comp="338" pin="0"/><net_sink comp="3587" pin=0"/></net>

<net id="3594"><net_src comp="3125" pin="2"/><net_sink comp="3587" pin=1"/></net>

<net id="3595"><net_src comp="340" pin="0"/><net_sink comp="3587" pin=2"/></net>

<net id="3596"><net_src comp="342" pin="0"/><net_sink comp="3587" pin=3"/></net>

<net id="3603"><net_src comp="338" pin="0"/><net_sink comp="3597" pin=0"/></net>

<net id="3604"><net_src comp="3134" pin="2"/><net_sink comp="3597" pin=1"/></net>

<net id="3605"><net_src comp="340" pin="0"/><net_sink comp="3597" pin=2"/></net>

<net id="3606"><net_src comp="342" pin="0"/><net_sink comp="3597" pin=3"/></net>

<net id="3613"><net_src comp="338" pin="0"/><net_sink comp="3607" pin=0"/></net>

<net id="3614"><net_src comp="3143" pin="2"/><net_sink comp="3607" pin=1"/></net>

<net id="3615"><net_src comp="340" pin="0"/><net_sink comp="3607" pin=2"/></net>

<net id="3616"><net_src comp="342" pin="0"/><net_sink comp="3607" pin=3"/></net>

<net id="3623"><net_src comp="338" pin="0"/><net_sink comp="3617" pin=0"/></net>

<net id="3624"><net_src comp="3152" pin="2"/><net_sink comp="3617" pin=1"/></net>

<net id="3625"><net_src comp="340" pin="0"/><net_sink comp="3617" pin=2"/></net>

<net id="3626"><net_src comp="342" pin="0"/><net_sink comp="3617" pin=3"/></net>

<net id="3633"><net_src comp="338" pin="0"/><net_sink comp="3627" pin=0"/></net>

<net id="3634"><net_src comp="3161" pin="2"/><net_sink comp="3627" pin=1"/></net>

<net id="3635"><net_src comp="340" pin="0"/><net_sink comp="3627" pin=2"/></net>

<net id="3636"><net_src comp="342" pin="0"/><net_sink comp="3627" pin=3"/></net>

<net id="3641"><net_src comp="1470" pin="6"/><net_sink comp="3637" pin=1"/></net>

<net id="3646"><net_src comp="1484" pin="6"/><net_sink comp="3642" pin=1"/></net>

<net id="3651"><net_src comp="1498" pin="6"/><net_sink comp="3647" pin=1"/></net>

<net id="3656"><net_src comp="1512" pin="6"/><net_sink comp="3652" pin=1"/></net>

<net id="3661"><net_src comp="1526" pin="6"/><net_sink comp="3657" pin=1"/></net>

<net id="3666"><net_src comp="1540" pin="6"/><net_sink comp="3662" pin=1"/></net>

<net id="3671"><net_src comp="1554" pin="6"/><net_sink comp="3667" pin=1"/></net>

<net id="3676"><net_src comp="1568" pin="6"/><net_sink comp="3672" pin=1"/></net>

<net id="3681"><net_src comp="1582" pin="6"/><net_sink comp="3677" pin=1"/></net>

<net id="3686"><net_src comp="1596" pin="6"/><net_sink comp="3682" pin=1"/></net>

<net id="3691"><net_src comp="1610" pin="6"/><net_sink comp="3687" pin=1"/></net>

<net id="3696"><net_src comp="1624" pin="6"/><net_sink comp="3692" pin=1"/></net>

<net id="3701"><net_src comp="1638" pin="6"/><net_sink comp="3697" pin=1"/></net>

<net id="3706"><net_src comp="1652" pin="6"/><net_sink comp="3702" pin=1"/></net>

<net id="3711"><net_src comp="1666" pin="6"/><net_sink comp="3707" pin=1"/></net>

<net id="3716"><net_src comp="1680" pin="6"/><net_sink comp="3712" pin=1"/></net>

<net id="3721"><net_src comp="1694" pin="6"/><net_sink comp="3717" pin=1"/></net>

<net id="3726"><net_src comp="1708" pin="6"/><net_sink comp="3722" pin=1"/></net>

<net id="3731"><net_src comp="1722" pin="6"/><net_sink comp="3727" pin=1"/></net>

<net id="3736"><net_src comp="1736" pin="6"/><net_sink comp="3732" pin=1"/></net>

<net id="3741"><net_src comp="1750" pin="6"/><net_sink comp="3737" pin=1"/></net>

<net id="3746"><net_src comp="1764" pin="6"/><net_sink comp="3742" pin=1"/></net>

<net id="3751"><net_src comp="1778" pin="6"/><net_sink comp="3747" pin=1"/></net>

<net id="3756"><net_src comp="1792" pin="6"/><net_sink comp="3752" pin=1"/></net>

<net id="3761"><net_src comp="1806" pin="6"/><net_sink comp="3757" pin=1"/></net>

<net id="3766"><net_src comp="1820" pin="6"/><net_sink comp="3762" pin=1"/></net>

<net id="3771"><net_src comp="1834" pin="6"/><net_sink comp="3767" pin=1"/></net>

<net id="3776"><net_src comp="1848" pin="6"/><net_sink comp="3772" pin=1"/></net>

<net id="3781"><net_src comp="1862" pin="6"/><net_sink comp="3777" pin=1"/></net>

<net id="3786"><net_src comp="1876" pin="6"/><net_sink comp="3782" pin=1"/></net>

<net id="3791"><net_src comp="1890" pin="6"/><net_sink comp="3787" pin=1"/></net>

<net id="3796"><net_src comp="1904" pin="6"/><net_sink comp="3792" pin=1"/></net>

<net id="3801"><net_src comp="1918" pin="6"/><net_sink comp="3797" pin=1"/></net>

<net id="3806"><net_src comp="1932" pin="6"/><net_sink comp="3802" pin=1"/></net>

<net id="3811"><net_src comp="1946" pin="6"/><net_sink comp="3807" pin=1"/></net>

<net id="3816"><net_src comp="1960" pin="6"/><net_sink comp="3812" pin=1"/></net>

<net id="3821"><net_src comp="1974" pin="6"/><net_sink comp="3817" pin=1"/></net>

<net id="3826"><net_src comp="1988" pin="6"/><net_sink comp="3822" pin=1"/></net>

<net id="3831"><net_src comp="2002" pin="6"/><net_sink comp="3827" pin=1"/></net>

<net id="3836"><net_src comp="2016" pin="6"/><net_sink comp="3832" pin=1"/></net>

<net id="3841"><net_src comp="2030" pin="6"/><net_sink comp="3837" pin=1"/></net>

<net id="3846"><net_src comp="2044" pin="6"/><net_sink comp="3842" pin=1"/></net>

<net id="3851"><net_src comp="2058" pin="6"/><net_sink comp="3847" pin=1"/></net>

<net id="3856"><net_src comp="2072" pin="6"/><net_sink comp="3852" pin=1"/></net>

<net id="3861"><net_src comp="2086" pin="6"/><net_sink comp="3857" pin=1"/></net>

<net id="3866"><net_src comp="2100" pin="6"/><net_sink comp="3862" pin=1"/></net>

<net id="3871"><net_src comp="2114" pin="6"/><net_sink comp="3867" pin=1"/></net>

<net id="3876"><net_src comp="364" pin="0"/><net_sink comp="3872" pin=0"/></net>

<net id="3877"><net_src comp="3637" pin="2"/><net_sink comp="3872" pin=1"/></net>

<net id="3882"><net_src comp="3872" pin="2"/><net_sink comp="3878" pin=0"/></net>

<net id="3883"><net_src comp="3642" pin="2"/><net_sink comp="3878" pin=1"/></net>

<net id="3888"><net_src comp="3878" pin="2"/><net_sink comp="3884" pin=0"/></net>

<net id="3889"><net_src comp="3647" pin="2"/><net_sink comp="3884" pin=1"/></net>

<net id="3894"><net_src comp="3884" pin="2"/><net_sink comp="3890" pin=0"/></net>

<net id="3895"><net_src comp="3652" pin="2"/><net_sink comp="3890" pin=1"/></net>

<net id="3900"><net_src comp="3890" pin="2"/><net_sink comp="3896" pin=0"/></net>

<net id="3901"><net_src comp="3657" pin="2"/><net_sink comp="3896" pin=1"/></net>

<net id="3906"><net_src comp="3896" pin="2"/><net_sink comp="3902" pin=0"/></net>

<net id="3907"><net_src comp="3662" pin="2"/><net_sink comp="3902" pin=1"/></net>

<net id="3912"><net_src comp="3902" pin="2"/><net_sink comp="3908" pin=0"/></net>

<net id="3913"><net_src comp="3667" pin="2"/><net_sink comp="3908" pin=1"/></net>

<net id="3918"><net_src comp="3908" pin="2"/><net_sink comp="3914" pin=0"/></net>

<net id="3919"><net_src comp="3672" pin="2"/><net_sink comp="3914" pin=1"/></net>

<net id="3924"><net_src comp="3914" pin="2"/><net_sink comp="3920" pin=0"/></net>

<net id="3925"><net_src comp="3677" pin="2"/><net_sink comp="3920" pin=1"/></net>

<net id="3930"><net_src comp="3920" pin="2"/><net_sink comp="3926" pin=0"/></net>

<net id="3931"><net_src comp="3682" pin="2"/><net_sink comp="3926" pin=1"/></net>

<net id="3936"><net_src comp="3926" pin="2"/><net_sink comp="3932" pin=0"/></net>

<net id="3937"><net_src comp="3687" pin="2"/><net_sink comp="3932" pin=1"/></net>

<net id="3942"><net_src comp="3932" pin="2"/><net_sink comp="3938" pin=0"/></net>

<net id="3943"><net_src comp="3692" pin="2"/><net_sink comp="3938" pin=1"/></net>

<net id="3948"><net_src comp="3938" pin="2"/><net_sink comp="3944" pin=0"/></net>

<net id="3949"><net_src comp="3697" pin="2"/><net_sink comp="3944" pin=1"/></net>

<net id="3954"><net_src comp="3944" pin="2"/><net_sink comp="3950" pin=0"/></net>

<net id="3955"><net_src comp="3702" pin="2"/><net_sink comp="3950" pin=1"/></net>

<net id="3960"><net_src comp="3950" pin="2"/><net_sink comp="3956" pin=0"/></net>

<net id="3961"><net_src comp="3707" pin="2"/><net_sink comp="3956" pin=1"/></net>

<net id="3966"><net_src comp="3956" pin="2"/><net_sink comp="3962" pin=0"/></net>

<net id="3967"><net_src comp="3712" pin="2"/><net_sink comp="3962" pin=1"/></net>

<net id="3972"><net_src comp="3962" pin="2"/><net_sink comp="3968" pin=0"/></net>

<net id="3973"><net_src comp="3717" pin="2"/><net_sink comp="3968" pin=1"/></net>

<net id="3978"><net_src comp="3968" pin="2"/><net_sink comp="3974" pin=0"/></net>

<net id="3979"><net_src comp="3722" pin="2"/><net_sink comp="3974" pin=1"/></net>

<net id="3984"><net_src comp="3974" pin="2"/><net_sink comp="3980" pin=0"/></net>

<net id="3985"><net_src comp="3727" pin="2"/><net_sink comp="3980" pin=1"/></net>

<net id="3990"><net_src comp="3980" pin="2"/><net_sink comp="3986" pin=0"/></net>

<net id="3991"><net_src comp="3732" pin="2"/><net_sink comp="3986" pin=1"/></net>

<net id="3996"><net_src comp="3986" pin="2"/><net_sink comp="3992" pin=0"/></net>

<net id="3997"><net_src comp="3737" pin="2"/><net_sink comp="3992" pin=1"/></net>

<net id="4002"><net_src comp="3992" pin="2"/><net_sink comp="3998" pin=0"/></net>

<net id="4003"><net_src comp="3742" pin="2"/><net_sink comp="3998" pin=1"/></net>

<net id="4008"><net_src comp="3998" pin="2"/><net_sink comp="4004" pin=0"/></net>

<net id="4009"><net_src comp="3747" pin="2"/><net_sink comp="4004" pin=1"/></net>

<net id="4014"><net_src comp="4004" pin="2"/><net_sink comp="4010" pin=0"/></net>

<net id="4015"><net_src comp="3752" pin="2"/><net_sink comp="4010" pin=1"/></net>

<net id="4020"><net_src comp="4010" pin="2"/><net_sink comp="4016" pin=0"/></net>

<net id="4021"><net_src comp="3757" pin="2"/><net_sink comp="4016" pin=1"/></net>

<net id="4026"><net_src comp="4016" pin="2"/><net_sink comp="4022" pin=0"/></net>

<net id="4027"><net_src comp="3762" pin="2"/><net_sink comp="4022" pin=1"/></net>

<net id="4032"><net_src comp="4022" pin="2"/><net_sink comp="4028" pin=0"/></net>

<net id="4033"><net_src comp="3767" pin="2"/><net_sink comp="4028" pin=1"/></net>

<net id="4038"><net_src comp="4028" pin="2"/><net_sink comp="4034" pin=0"/></net>

<net id="4039"><net_src comp="3772" pin="2"/><net_sink comp="4034" pin=1"/></net>

<net id="4044"><net_src comp="4034" pin="2"/><net_sink comp="4040" pin=0"/></net>

<net id="4045"><net_src comp="3777" pin="2"/><net_sink comp="4040" pin=1"/></net>

<net id="4050"><net_src comp="4040" pin="2"/><net_sink comp="4046" pin=0"/></net>

<net id="4051"><net_src comp="3782" pin="2"/><net_sink comp="4046" pin=1"/></net>

<net id="4056"><net_src comp="4046" pin="2"/><net_sink comp="4052" pin=0"/></net>

<net id="4057"><net_src comp="3787" pin="2"/><net_sink comp="4052" pin=1"/></net>

<net id="4062"><net_src comp="4052" pin="2"/><net_sink comp="4058" pin=0"/></net>

<net id="4063"><net_src comp="3792" pin="2"/><net_sink comp="4058" pin=1"/></net>

<net id="4068"><net_src comp="4058" pin="2"/><net_sink comp="4064" pin=0"/></net>

<net id="4069"><net_src comp="3797" pin="2"/><net_sink comp="4064" pin=1"/></net>

<net id="4074"><net_src comp="4064" pin="2"/><net_sink comp="4070" pin=0"/></net>

<net id="4075"><net_src comp="3802" pin="2"/><net_sink comp="4070" pin=1"/></net>

<net id="4080"><net_src comp="4070" pin="2"/><net_sink comp="4076" pin=0"/></net>

<net id="4081"><net_src comp="3807" pin="2"/><net_sink comp="4076" pin=1"/></net>

<net id="4086"><net_src comp="4076" pin="2"/><net_sink comp="4082" pin=0"/></net>

<net id="4087"><net_src comp="3812" pin="2"/><net_sink comp="4082" pin=1"/></net>

<net id="4092"><net_src comp="4082" pin="2"/><net_sink comp="4088" pin=0"/></net>

<net id="4093"><net_src comp="3817" pin="2"/><net_sink comp="4088" pin=1"/></net>

<net id="4098"><net_src comp="4088" pin="2"/><net_sink comp="4094" pin=0"/></net>

<net id="4099"><net_src comp="3822" pin="2"/><net_sink comp="4094" pin=1"/></net>

<net id="4104"><net_src comp="4094" pin="2"/><net_sink comp="4100" pin=0"/></net>

<net id="4105"><net_src comp="3827" pin="2"/><net_sink comp="4100" pin=1"/></net>

<net id="4110"><net_src comp="4100" pin="2"/><net_sink comp="4106" pin=0"/></net>

<net id="4111"><net_src comp="3832" pin="2"/><net_sink comp="4106" pin=1"/></net>

<net id="4116"><net_src comp="4106" pin="2"/><net_sink comp="4112" pin=0"/></net>

<net id="4117"><net_src comp="3837" pin="2"/><net_sink comp="4112" pin=1"/></net>

<net id="4122"><net_src comp="4112" pin="2"/><net_sink comp="4118" pin=0"/></net>

<net id="4123"><net_src comp="3842" pin="2"/><net_sink comp="4118" pin=1"/></net>

<net id="4128"><net_src comp="4118" pin="2"/><net_sink comp="4124" pin=0"/></net>

<net id="4129"><net_src comp="3847" pin="2"/><net_sink comp="4124" pin=1"/></net>

<net id="4134"><net_src comp="4124" pin="2"/><net_sink comp="4130" pin=0"/></net>

<net id="4135"><net_src comp="3852" pin="2"/><net_sink comp="4130" pin=1"/></net>

<net id="4140"><net_src comp="4130" pin="2"/><net_sink comp="4136" pin=0"/></net>

<net id="4141"><net_src comp="3857" pin="2"/><net_sink comp="4136" pin=1"/></net>

<net id="4146"><net_src comp="4136" pin="2"/><net_sink comp="4142" pin=0"/></net>

<net id="4147"><net_src comp="3862" pin="2"/><net_sink comp="4142" pin=1"/></net>

<net id="4152"><net_src comp="4142" pin="2"/><net_sink comp="4148" pin=0"/></net>

<net id="4153"><net_src comp="3867" pin="2"/><net_sink comp="4148" pin=1"/></net>

<net id="4157"><net_src comp="4148" pin="2"/><net_sink comp="4154" pin=0"/></net>

<net id="4161"><net_src comp="558" pin="3"/><net_sink comp="4158" pin=0"/></net>

<net id="4162"><net_src comp="4158" pin="1"/><net_sink comp="565" pin=0"/></net>

<net id="4166"><net_src comp="2129" pin="2"/><net_sink comp="4163" pin=0"/></net>

<net id="4167"><net_src comp="4163" pin="1"/><net_sink comp="591" pin=2"/></net>

<net id="4171"><net_src comp="2135" pin="2"/><net_sink comp="4168" pin=0"/></net>

<net id="4175"><net_src comp="2141" pin="67"/><net_sink comp="4172" pin=0"/></net>

<net id="4176"><net_src comp="4172" pin="1"/><net_sink comp="2744" pin=0"/></net>

<net id="4180"><net_src comp="2277" pin="1"/><net_sink comp="4177" pin=0"/></net>

<net id="4181"><net_src comp="4177" pin="1"/><net_sink comp="2741" pin=0"/></net>

<net id="4185"><net_src comp="2281" pin="4"/><net_sink comp="4182" pin=0"/></net>

<net id="4186"><net_src comp="4182" pin="1"/><net_sink comp="2753" pin=0"/></net>

<net id="4190"><net_src comp="2291" pin="4"/><net_sink comp="4187" pin=0"/></net>

<net id="4191"><net_src comp="4187" pin="1"/><net_sink comp="2762" pin=0"/></net>

<net id="4195"><net_src comp="2301" pin="4"/><net_sink comp="4192" pin=0"/></net>

<net id="4196"><net_src comp="4192" pin="1"/><net_sink comp="2771" pin=0"/></net>

<net id="4200"><net_src comp="2311" pin="4"/><net_sink comp="4197" pin=0"/></net>

<net id="4201"><net_src comp="4197" pin="1"/><net_sink comp="2780" pin=0"/></net>

<net id="4205"><net_src comp="2321" pin="4"/><net_sink comp="4202" pin=0"/></net>

<net id="4206"><net_src comp="4202" pin="1"/><net_sink comp="2789" pin=0"/></net>

<net id="4210"><net_src comp="2331" pin="4"/><net_sink comp="4207" pin=0"/></net>

<net id="4211"><net_src comp="4207" pin="1"/><net_sink comp="2798" pin=0"/></net>

<net id="4215"><net_src comp="2341" pin="4"/><net_sink comp="4212" pin=0"/></net>

<net id="4216"><net_src comp="4212" pin="1"/><net_sink comp="2807" pin=0"/></net>

<net id="4220"><net_src comp="2351" pin="4"/><net_sink comp="4217" pin=0"/></net>

<net id="4221"><net_src comp="4217" pin="1"/><net_sink comp="2816" pin=0"/></net>

<net id="4225"><net_src comp="2361" pin="4"/><net_sink comp="4222" pin=0"/></net>

<net id="4226"><net_src comp="4222" pin="1"/><net_sink comp="2825" pin=0"/></net>

<net id="4230"><net_src comp="2371" pin="4"/><net_sink comp="4227" pin=0"/></net>

<net id="4231"><net_src comp="4227" pin="1"/><net_sink comp="2834" pin=0"/></net>

<net id="4235"><net_src comp="2381" pin="4"/><net_sink comp="4232" pin=0"/></net>

<net id="4236"><net_src comp="4232" pin="1"/><net_sink comp="2843" pin=0"/></net>

<net id="4240"><net_src comp="2391" pin="4"/><net_sink comp="4237" pin=0"/></net>

<net id="4241"><net_src comp="4237" pin="1"/><net_sink comp="2852" pin=0"/></net>

<net id="4245"><net_src comp="2401" pin="4"/><net_sink comp="4242" pin=0"/></net>

<net id="4246"><net_src comp="4242" pin="1"/><net_sink comp="2861" pin=0"/></net>

<net id="4250"><net_src comp="2411" pin="4"/><net_sink comp="4247" pin=0"/></net>

<net id="4251"><net_src comp="4247" pin="1"/><net_sink comp="2870" pin=0"/></net>

<net id="4255"><net_src comp="2421" pin="4"/><net_sink comp="4252" pin=0"/></net>

<net id="4256"><net_src comp="4252" pin="1"/><net_sink comp="2879" pin=0"/></net>

<net id="4260"><net_src comp="2431" pin="4"/><net_sink comp="4257" pin=0"/></net>

<net id="4261"><net_src comp="4257" pin="1"/><net_sink comp="2888" pin=0"/></net>

<net id="4265"><net_src comp="2441" pin="4"/><net_sink comp="4262" pin=0"/></net>

<net id="4266"><net_src comp="4262" pin="1"/><net_sink comp="2897" pin=0"/></net>

<net id="4270"><net_src comp="2451" pin="4"/><net_sink comp="4267" pin=0"/></net>

<net id="4271"><net_src comp="4267" pin="1"/><net_sink comp="2906" pin=0"/></net>

<net id="4275"><net_src comp="2461" pin="4"/><net_sink comp="4272" pin=0"/></net>

<net id="4276"><net_src comp="4272" pin="1"/><net_sink comp="2915" pin=0"/></net>

<net id="4280"><net_src comp="2471" pin="4"/><net_sink comp="4277" pin=0"/></net>

<net id="4281"><net_src comp="4277" pin="1"/><net_sink comp="2924" pin=0"/></net>

<net id="4285"><net_src comp="2481" pin="4"/><net_sink comp="4282" pin=0"/></net>

<net id="4286"><net_src comp="4282" pin="1"/><net_sink comp="2933" pin=0"/></net>

<net id="4290"><net_src comp="2491" pin="4"/><net_sink comp="4287" pin=0"/></net>

<net id="4291"><net_src comp="4287" pin="1"/><net_sink comp="2942" pin=0"/></net>

<net id="4295"><net_src comp="2501" pin="4"/><net_sink comp="4292" pin=0"/></net>

<net id="4296"><net_src comp="4292" pin="1"/><net_sink comp="2951" pin=0"/></net>

<net id="4300"><net_src comp="2511" pin="4"/><net_sink comp="4297" pin=0"/></net>

<net id="4301"><net_src comp="4297" pin="1"/><net_sink comp="2960" pin=0"/></net>

<net id="4305"><net_src comp="2521" pin="4"/><net_sink comp="4302" pin=0"/></net>

<net id="4306"><net_src comp="4302" pin="1"/><net_sink comp="2969" pin=0"/></net>

<net id="4310"><net_src comp="2531" pin="4"/><net_sink comp="4307" pin=0"/></net>

<net id="4311"><net_src comp="4307" pin="1"/><net_sink comp="2978" pin=0"/></net>

<net id="4315"><net_src comp="2541" pin="4"/><net_sink comp="4312" pin=0"/></net>

<net id="4316"><net_src comp="4312" pin="1"/><net_sink comp="2987" pin=0"/></net>

<net id="4320"><net_src comp="2551" pin="4"/><net_sink comp="4317" pin=0"/></net>

<net id="4321"><net_src comp="4317" pin="1"/><net_sink comp="2996" pin=0"/></net>

<net id="4325"><net_src comp="2561" pin="4"/><net_sink comp="4322" pin=0"/></net>

<net id="4326"><net_src comp="4322" pin="1"/><net_sink comp="3005" pin=0"/></net>

<net id="4330"><net_src comp="2571" pin="4"/><net_sink comp="4327" pin=0"/></net>

<net id="4331"><net_src comp="4327" pin="1"/><net_sink comp="3014" pin=0"/></net>

<net id="4335"><net_src comp="2581" pin="4"/><net_sink comp="4332" pin=0"/></net>

<net id="4336"><net_src comp="4332" pin="1"/><net_sink comp="3023" pin=0"/></net>

<net id="4340"><net_src comp="2591" pin="4"/><net_sink comp="4337" pin=0"/></net>

<net id="4341"><net_src comp="4337" pin="1"/><net_sink comp="3032" pin=0"/></net>

<net id="4345"><net_src comp="2601" pin="4"/><net_sink comp="4342" pin=0"/></net>

<net id="4346"><net_src comp="4342" pin="1"/><net_sink comp="3041" pin=0"/></net>

<net id="4350"><net_src comp="2611" pin="4"/><net_sink comp="4347" pin=0"/></net>

<net id="4351"><net_src comp="4347" pin="1"/><net_sink comp="3050" pin=0"/></net>

<net id="4355"><net_src comp="2621" pin="4"/><net_sink comp="4352" pin=0"/></net>

<net id="4356"><net_src comp="4352" pin="1"/><net_sink comp="3059" pin=0"/></net>

<net id="4360"><net_src comp="2631" pin="4"/><net_sink comp="4357" pin=0"/></net>

<net id="4361"><net_src comp="4357" pin="1"/><net_sink comp="3068" pin=0"/></net>

<net id="4365"><net_src comp="2641" pin="4"/><net_sink comp="4362" pin=0"/></net>

<net id="4366"><net_src comp="4362" pin="1"/><net_sink comp="3077" pin=0"/></net>

<net id="4370"><net_src comp="2651" pin="4"/><net_sink comp="4367" pin=0"/></net>

<net id="4371"><net_src comp="4367" pin="1"/><net_sink comp="3086" pin=0"/></net>

<net id="4375"><net_src comp="2661" pin="4"/><net_sink comp="4372" pin=0"/></net>

<net id="4376"><net_src comp="4372" pin="1"/><net_sink comp="3095" pin=0"/></net>

<net id="4380"><net_src comp="2671" pin="4"/><net_sink comp="4377" pin=0"/></net>

<net id="4381"><net_src comp="4377" pin="1"/><net_sink comp="3104" pin=0"/></net>

<net id="4385"><net_src comp="2681" pin="4"/><net_sink comp="4382" pin=0"/></net>

<net id="4386"><net_src comp="4382" pin="1"/><net_sink comp="3113" pin=0"/></net>

<net id="4390"><net_src comp="2691" pin="4"/><net_sink comp="4387" pin=0"/></net>

<net id="4391"><net_src comp="4387" pin="1"/><net_sink comp="3122" pin=0"/></net>

<net id="4395"><net_src comp="2701" pin="4"/><net_sink comp="4392" pin=0"/></net>

<net id="4396"><net_src comp="4392" pin="1"/><net_sink comp="3131" pin=0"/></net>

<net id="4400"><net_src comp="2711" pin="4"/><net_sink comp="4397" pin=0"/></net>

<net id="4401"><net_src comp="4397" pin="1"/><net_sink comp="3140" pin=0"/></net>

<net id="4405"><net_src comp="2721" pin="4"/><net_sink comp="4402" pin=0"/></net>

<net id="4406"><net_src comp="4402" pin="1"/><net_sink comp="3149" pin=0"/></net>

<net id="4410"><net_src comp="2731" pin="4"/><net_sink comp="4407" pin=0"/></net>

<net id="4411"><net_src comp="4407" pin="1"/><net_sink comp="3158" pin=0"/></net>

<net id="4415"><net_src comp="2741" pin="1"/><net_sink comp="4412" pin=0"/></net>

<net id="4416"><net_src comp="4412" pin="1"/><net_sink comp="2747" pin=0"/></net>

<net id="4420"><net_src comp="2744" pin="1"/><net_sink comp="4417" pin=0"/></net>

<net id="4421"><net_src comp="4417" pin="1"/><net_sink comp="2747" pin=1"/></net>

<net id="4422"><net_src comp="4417" pin="1"/><net_sink comp="2756" pin=1"/></net>

<net id="4423"><net_src comp="4417" pin="1"/><net_sink comp="2765" pin=1"/></net>

<net id="4424"><net_src comp="4417" pin="1"/><net_sink comp="2774" pin=1"/></net>

<net id="4425"><net_src comp="4417" pin="1"/><net_sink comp="2783" pin=1"/></net>

<net id="4426"><net_src comp="4417" pin="1"/><net_sink comp="2792" pin=1"/></net>

<net id="4427"><net_src comp="4417" pin="1"/><net_sink comp="2801" pin=1"/></net>

<net id="4428"><net_src comp="4417" pin="1"/><net_sink comp="2810" pin=1"/></net>

<net id="4429"><net_src comp="4417" pin="1"/><net_sink comp="2819" pin=1"/></net>

<net id="4430"><net_src comp="4417" pin="1"/><net_sink comp="2828" pin=1"/></net>

<net id="4431"><net_src comp="4417" pin="1"/><net_sink comp="2837" pin=1"/></net>

<net id="4432"><net_src comp="4417" pin="1"/><net_sink comp="2846" pin=1"/></net>

<net id="4433"><net_src comp="4417" pin="1"/><net_sink comp="2855" pin=1"/></net>

<net id="4434"><net_src comp="4417" pin="1"/><net_sink comp="2864" pin=1"/></net>

<net id="4435"><net_src comp="4417" pin="1"/><net_sink comp="2873" pin=1"/></net>

<net id="4436"><net_src comp="4417" pin="1"/><net_sink comp="2882" pin=1"/></net>

<net id="4437"><net_src comp="4417" pin="1"/><net_sink comp="2891" pin=1"/></net>

<net id="4438"><net_src comp="4417" pin="1"/><net_sink comp="2900" pin=1"/></net>

<net id="4439"><net_src comp="4417" pin="1"/><net_sink comp="2909" pin=1"/></net>

<net id="4440"><net_src comp="4417" pin="1"/><net_sink comp="2918" pin=1"/></net>

<net id="4441"><net_src comp="4417" pin="1"/><net_sink comp="2927" pin=1"/></net>

<net id="4442"><net_src comp="4417" pin="1"/><net_sink comp="2936" pin=1"/></net>

<net id="4443"><net_src comp="4417" pin="1"/><net_sink comp="2945" pin=1"/></net>

<net id="4444"><net_src comp="4417" pin="1"/><net_sink comp="2954" pin=1"/></net>

<net id="4445"><net_src comp="4417" pin="1"/><net_sink comp="2963" pin=1"/></net>

<net id="4446"><net_src comp="4417" pin="1"/><net_sink comp="2972" pin=1"/></net>

<net id="4447"><net_src comp="4417" pin="1"/><net_sink comp="2981" pin=1"/></net>

<net id="4448"><net_src comp="4417" pin="1"/><net_sink comp="2990" pin=1"/></net>

<net id="4449"><net_src comp="4417" pin="1"/><net_sink comp="2999" pin=1"/></net>

<net id="4450"><net_src comp="4417" pin="1"/><net_sink comp="3008" pin=1"/></net>

<net id="4451"><net_src comp="4417" pin="1"/><net_sink comp="3017" pin=1"/></net>

<net id="4452"><net_src comp="4417" pin="1"/><net_sink comp="3026" pin=1"/></net>

<net id="4453"><net_src comp="4417" pin="1"/><net_sink comp="3035" pin=1"/></net>

<net id="4454"><net_src comp="4417" pin="1"/><net_sink comp="3044" pin=1"/></net>

<net id="4455"><net_src comp="4417" pin="1"/><net_sink comp="3053" pin=1"/></net>

<net id="4456"><net_src comp="4417" pin="1"/><net_sink comp="3062" pin=1"/></net>

<net id="4457"><net_src comp="4417" pin="1"/><net_sink comp="3071" pin=1"/></net>

<net id="4458"><net_src comp="4417" pin="1"/><net_sink comp="3080" pin=1"/></net>

<net id="4459"><net_src comp="4417" pin="1"/><net_sink comp="3089" pin=1"/></net>

<net id="4460"><net_src comp="4417" pin="1"/><net_sink comp="3098" pin=1"/></net>

<net id="4461"><net_src comp="4417" pin="1"/><net_sink comp="3107" pin=1"/></net>

<net id="4462"><net_src comp="4417" pin="1"/><net_sink comp="3116" pin=1"/></net>

<net id="4463"><net_src comp="4417" pin="1"/><net_sink comp="3125" pin=1"/></net>

<net id="4464"><net_src comp="4417" pin="1"/><net_sink comp="3134" pin=1"/></net>

<net id="4465"><net_src comp="4417" pin="1"/><net_sink comp="3143" pin=1"/></net>

<net id="4466"><net_src comp="4417" pin="1"/><net_sink comp="3152" pin=1"/></net>

<net id="4467"><net_src comp="4417" pin="1"/><net_sink comp="3161" pin=0"/></net>

<net id="4471"><net_src comp="2753" pin="1"/><net_sink comp="4468" pin=0"/></net>

<net id="4472"><net_src comp="4468" pin="1"/><net_sink comp="2756" pin=0"/></net>

<net id="4476"><net_src comp="2762" pin="1"/><net_sink comp="4473" pin=0"/></net>

<net id="4477"><net_src comp="4473" pin="1"/><net_sink comp="2765" pin=0"/></net>

<net id="4481"><net_src comp="2771" pin="1"/><net_sink comp="4478" pin=0"/></net>

<net id="4482"><net_src comp="4478" pin="1"/><net_sink comp="2774" pin=0"/></net>

<net id="4486"><net_src comp="2780" pin="1"/><net_sink comp="4483" pin=0"/></net>

<net id="4487"><net_src comp="4483" pin="1"/><net_sink comp="2783" pin=0"/></net>

<net id="4491"><net_src comp="2789" pin="1"/><net_sink comp="4488" pin=0"/></net>

<net id="4492"><net_src comp="4488" pin="1"/><net_sink comp="2792" pin=0"/></net>

<net id="4496"><net_src comp="2798" pin="1"/><net_sink comp="4493" pin=0"/></net>

<net id="4497"><net_src comp="4493" pin="1"/><net_sink comp="2801" pin=0"/></net>

<net id="4501"><net_src comp="2807" pin="1"/><net_sink comp="4498" pin=0"/></net>

<net id="4502"><net_src comp="4498" pin="1"/><net_sink comp="2810" pin=0"/></net>

<net id="4506"><net_src comp="2816" pin="1"/><net_sink comp="4503" pin=0"/></net>

<net id="4507"><net_src comp="4503" pin="1"/><net_sink comp="2819" pin=0"/></net>

<net id="4511"><net_src comp="2825" pin="1"/><net_sink comp="4508" pin=0"/></net>

<net id="4512"><net_src comp="4508" pin="1"/><net_sink comp="2828" pin=0"/></net>

<net id="4516"><net_src comp="2834" pin="1"/><net_sink comp="4513" pin=0"/></net>

<net id="4517"><net_src comp="4513" pin="1"/><net_sink comp="2837" pin=0"/></net>

<net id="4521"><net_src comp="2843" pin="1"/><net_sink comp="4518" pin=0"/></net>

<net id="4522"><net_src comp="4518" pin="1"/><net_sink comp="2846" pin=0"/></net>

<net id="4526"><net_src comp="2852" pin="1"/><net_sink comp="4523" pin=0"/></net>

<net id="4527"><net_src comp="4523" pin="1"/><net_sink comp="2855" pin=0"/></net>

<net id="4531"><net_src comp="2861" pin="1"/><net_sink comp="4528" pin=0"/></net>

<net id="4532"><net_src comp="4528" pin="1"/><net_sink comp="2864" pin=0"/></net>

<net id="4536"><net_src comp="2870" pin="1"/><net_sink comp="4533" pin=0"/></net>

<net id="4537"><net_src comp="4533" pin="1"/><net_sink comp="2873" pin=0"/></net>

<net id="4541"><net_src comp="2879" pin="1"/><net_sink comp="4538" pin=0"/></net>

<net id="4542"><net_src comp="4538" pin="1"/><net_sink comp="2882" pin=0"/></net>

<net id="4546"><net_src comp="2888" pin="1"/><net_sink comp="4543" pin=0"/></net>

<net id="4547"><net_src comp="4543" pin="1"/><net_sink comp="2891" pin=0"/></net>

<net id="4551"><net_src comp="2897" pin="1"/><net_sink comp="4548" pin=0"/></net>

<net id="4552"><net_src comp="4548" pin="1"/><net_sink comp="2900" pin=0"/></net>

<net id="4556"><net_src comp="2906" pin="1"/><net_sink comp="4553" pin=0"/></net>

<net id="4557"><net_src comp="4553" pin="1"/><net_sink comp="2909" pin=0"/></net>

<net id="4561"><net_src comp="2915" pin="1"/><net_sink comp="4558" pin=0"/></net>

<net id="4562"><net_src comp="4558" pin="1"/><net_sink comp="2918" pin=0"/></net>

<net id="4566"><net_src comp="2924" pin="1"/><net_sink comp="4563" pin=0"/></net>

<net id="4567"><net_src comp="4563" pin="1"/><net_sink comp="2927" pin=0"/></net>

<net id="4571"><net_src comp="2933" pin="1"/><net_sink comp="4568" pin=0"/></net>

<net id="4572"><net_src comp="4568" pin="1"/><net_sink comp="2936" pin=0"/></net>

<net id="4576"><net_src comp="2942" pin="1"/><net_sink comp="4573" pin=0"/></net>

<net id="4577"><net_src comp="4573" pin="1"/><net_sink comp="2945" pin=0"/></net>

<net id="4581"><net_src comp="2951" pin="1"/><net_sink comp="4578" pin=0"/></net>

<net id="4582"><net_src comp="4578" pin="1"/><net_sink comp="2954" pin=0"/></net>

<net id="4586"><net_src comp="2960" pin="1"/><net_sink comp="4583" pin=0"/></net>

<net id="4587"><net_src comp="4583" pin="1"/><net_sink comp="2963" pin=0"/></net>

<net id="4591"><net_src comp="2969" pin="1"/><net_sink comp="4588" pin=0"/></net>

<net id="4592"><net_src comp="4588" pin="1"/><net_sink comp="2972" pin=0"/></net>

<net id="4596"><net_src comp="2978" pin="1"/><net_sink comp="4593" pin=0"/></net>

<net id="4597"><net_src comp="4593" pin="1"/><net_sink comp="2981" pin=0"/></net>

<net id="4601"><net_src comp="2987" pin="1"/><net_sink comp="4598" pin=0"/></net>

<net id="4602"><net_src comp="4598" pin="1"/><net_sink comp="2990" pin=0"/></net>

<net id="4606"><net_src comp="2996" pin="1"/><net_sink comp="4603" pin=0"/></net>

<net id="4607"><net_src comp="4603" pin="1"/><net_sink comp="2999" pin=0"/></net>

<net id="4611"><net_src comp="3005" pin="1"/><net_sink comp="4608" pin=0"/></net>

<net id="4612"><net_src comp="4608" pin="1"/><net_sink comp="3008" pin=0"/></net>

<net id="4616"><net_src comp="3014" pin="1"/><net_sink comp="4613" pin=0"/></net>

<net id="4617"><net_src comp="4613" pin="1"/><net_sink comp="3017" pin=0"/></net>

<net id="4621"><net_src comp="3023" pin="1"/><net_sink comp="4618" pin=0"/></net>

<net id="4622"><net_src comp="4618" pin="1"/><net_sink comp="3026" pin=0"/></net>

<net id="4626"><net_src comp="3032" pin="1"/><net_sink comp="4623" pin=0"/></net>

<net id="4627"><net_src comp="4623" pin="1"/><net_sink comp="3035" pin=0"/></net>

<net id="4631"><net_src comp="3041" pin="1"/><net_sink comp="4628" pin=0"/></net>

<net id="4632"><net_src comp="4628" pin="1"/><net_sink comp="3044" pin=0"/></net>

<net id="4636"><net_src comp="3050" pin="1"/><net_sink comp="4633" pin=0"/></net>

<net id="4637"><net_src comp="4633" pin="1"/><net_sink comp="3053" pin=0"/></net>

<net id="4641"><net_src comp="3059" pin="1"/><net_sink comp="4638" pin=0"/></net>

<net id="4642"><net_src comp="4638" pin="1"/><net_sink comp="3062" pin=0"/></net>

<net id="4646"><net_src comp="3068" pin="1"/><net_sink comp="4643" pin=0"/></net>

<net id="4647"><net_src comp="4643" pin="1"/><net_sink comp="3071" pin=0"/></net>

<net id="4651"><net_src comp="3077" pin="1"/><net_sink comp="4648" pin=0"/></net>

<net id="4652"><net_src comp="4648" pin="1"/><net_sink comp="3080" pin=0"/></net>

<net id="4656"><net_src comp="3086" pin="1"/><net_sink comp="4653" pin=0"/></net>

<net id="4657"><net_src comp="4653" pin="1"/><net_sink comp="3089" pin=0"/></net>

<net id="4661"><net_src comp="3095" pin="1"/><net_sink comp="4658" pin=0"/></net>

<net id="4662"><net_src comp="4658" pin="1"/><net_sink comp="3098" pin=0"/></net>

<net id="4666"><net_src comp="3104" pin="1"/><net_sink comp="4663" pin=0"/></net>

<net id="4667"><net_src comp="4663" pin="1"/><net_sink comp="3107" pin=0"/></net>

<net id="4671"><net_src comp="3113" pin="1"/><net_sink comp="4668" pin=0"/></net>

<net id="4672"><net_src comp="4668" pin="1"/><net_sink comp="3116" pin=0"/></net>

<net id="4676"><net_src comp="3122" pin="1"/><net_sink comp="4673" pin=0"/></net>

<net id="4677"><net_src comp="4673" pin="1"/><net_sink comp="3125" pin=0"/></net>

<net id="4681"><net_src comp="3131" pin="1"/><net_sink comp="4678" pin=0"/></net>

<net id="4682"><net_src comp="4678" pin="1"/><net_sink comp="3134" pin=0"/></net>

<net id="4686"><net_src comp="3140" pin="1"/><net_sink comp="4683" pin=0"/></net>

<net id="4687"><net_src comp="4683" pin="1"/><net_sink comp="3143" pin=0"/></net>

<net id="4691"><net_src comp="3149" pin="1"/><net_sink comp="4688" pin=0"/></net>

<net id="4692"><net_src comp="4688" pin="1"/><net_sink comp="3152" pin=0"/></net>

<net id="4696"><net_src comp="3158" pin="1"/><net_sink comp="4693" pin=0"/></net>

<net id="4697"><net_src comp="4693" pin="1"/><net_sink comp="3161" pin=1"/></net>

<net id="4701"><net_src comp="3167" pin="4"/><net_sink comp="4698" pin=0"/></net>

<net id="4702"><net_src comp="4698" pin="1"/><net_sink comp="3637" pin=0"/></net>

<net id="4706"><net_src comp="3177" pin="4"/><net_sink comp="4703" pin=0"/></net>

<net id="4707"><net_src comp="4703" pin="1"/><net_sink comp="3642" pin=0"/></net>

<net id="4711"><net_src comp="3187" pin="4"/><net_sink comp="4708" pin=0"/></net>

<net id="4712"><net_src comp="4708" pin="1"/><net_sink comp="3647" pin=0"/></net>

<net id="4716"><net_src comp="3197" pin="4"/><net_sink comp="4713" pin=0"/></net>

<net id="4717"><net_src comp="4713" pin="1"/><net_sink comp="3652" pin=0"/></net>

<net id="4721"><net_src comp="3207" pin="4"/><net_sink comp="4718" pin=0"/></net>

<net id="4722"><net_src comp="4718" pin="1"/><net_sink comp="3657" pin=0"/></net>

<net id="4726"><net_src comp="3217" pin="4"/><net_sink comp="4723" pin=0"/></net>

<net id="4727"><net_src comp="4723" pin="1"/><net_sink comp="3662" pin=0"/></net>

<net id="4731"><net_src comp="3227" pin="4"/><net_sink comp="4728" pin=0"/></net>

<net id="4732"><net_src comp="4728" pin="1"/><net_sink comp="3667" pin=0"/></net>

<net id="4736"><net_src comp="3237" pin="4"/><net_sink comp="4733" pin=0"/></net>

<net id="4737"><net_src comp="4733" pin="1"/><net_sink comp="3672" pin=0"/></net>

<net id="4741"><net_src comp="3247" pin="4"/><net_sink comp="4738" pin=0"/></net>

<net id="4742"><net_src comp="4738" pin="1"/><net_sink comp="3677" pin=0"/></net>

<net id="4746"><net_src comp="3257" pin="4"/><net_sink comp="4743" pin=0"/></net>

<net id="4747"><net_src comp="4743" pin="1"/><net_sink comp="3682" pin=0"/></net>

<net id="4751"><net_src comp="3267" pin="4"/><net_sink comp="4748" pin=0"/></net>

<net id="4752"><net_src comp="4748" pin="1"/><net_sink comp="3687" pin=0"/></net>

<net id="4756"><net_src comp="3277" pin="4"/><net_sink comp="4753" pin=0"/></net>

<net id="4757"><net_src comp="4753" pin="1"/><net_sink comp="3692" pin=0"/></net>

<net id="4761"><net_src comp="3287" pin="4"/><net_sink comp="4758" pin=0"/></net>

<net id="4762"><net_src comp="4758" pin="1"/><net_sink comp="3697" pin=0"/></net>

<net id="4766"><net_src comp="3297" pin="4"/><net_sink comp="4763" pin=0"/></net>

<net id="4767"><net_src comp="4763" pin="1"/><net_sink comp="3702" pin=0"/></net>

<net id="4771"><net_src comp="3307" pin="4"/><net_sink comp="4768" pin=0"/></net>

<net id="4772"><net_src comp="4768" pin="1"/><net_sink comp="3707" pin=0"/></net>

<net id="4776"><net_src comp="3317" pin="4"/><net_sink comp="4773" pin=0"/></net>

<net id="4777"><net_src comp="4773" pin="1"/><net_sink comp="3712" pin=0"/></net>

<net id="4781"><net_src comp="3327" pin="4"/><net_sink comp="4778" pin=0"/></net>

<net id="4782"><net_src comp="4778" pin="1"/><net_sink comp="3717" pin=0"/></net>

<net id="4786"><net_src comp="3337" pin="4"/><net_sink comp="4783" pin=0"/></net>

<net id="4787"><net_src comp="4783" pin="1"/><net_sink comp="3722" pin=0"/></net>

<net id="4791"><net_src comp="3347" pin="4"/><net_sink comp="4788" pin=0"/></net>

<net id="4792"><net_src comp="4788" pin="1"/><net_sink comp="3727" pin=0"/></net>

<net id="4796"><net_src comp="3357" pin="4"/><net_sink comp="4793" pin=0"/></net>

<net id="4797"><net_src comp="4793" pin="1"/><net_sink comp="3732" pin=0"/></net>

<net id="4801"><net_src comp="3367" pin="4"/><net_sink comp="4798" pin=0"/></net>

<net id="4802"><net_src comp="4798" pin="1"/><net_sink comp="3737" pin=0"/></net>

<net id="4806"><net_src comp="3377" pin="4"/><net_sink comp="4803" pin=0"/></net>

<net id="4807"><net_src comp="4803" pin="1"/><net_sink comp="3742" pin=0"/></net>

<net id="4811"><net_src comp="3387" pin="4"/><net_sink comp="4808" pin=0"/></net>

<net id="4812"><net_src comp="4808" pin="1"/><net_sink comp="3747" pin=0"/></net>

<net id="4816"><net_src comp="3397" pin="4"/><net_sink comp="4813" pin=0"/></net>

<net id="4817"><net_src comp="4813" pin="1"/><net_sink comp="3752" pin=0"/></net>

<net id="4821"><net_src comp="3407" pin="4"/><net_sink comp="4818" pin=0"/></net>

<net id="4822"><net_src comp="4818" pin="1"/><net_sink comp="3757" pin=0"/></net>

<net id="4826"><net_src comp="3417" pin="4"/><net_sink comp="4823" pin=0"/></net>

<net id="4827"><net_src comp="4823" pin="1"/><net_sink comp="3762" pin=0"/></net>

<net id="4831"><net_src comp="3427" pin="4"/><net_sink comp="4828" pin=0"/></net>

<net id="4832"><net_src comp="4828" pin="1"/><net_sink comp="3767" pin=0"/></net>

<net id="4836"><net_src comp="3437" pin="4"/><net_sink comp="4833" pin=0"/></net>

<net id="4837"><net_src comp="4833" pin="1"/><net_sink comp="3772" pin=0"/></net>

<net id="4841"><net_src comp="3447" pin="4"/><net_sink comp="4838" pin=0"/></net>

<net id="4842"><net_src comp="4838" pin="1"/><net_sink comp="3777" pin=0"/></net>

<net id="4846"><net_src comp="3457" pin="4"/><net_sink comp="4843" pin=0"/></net>

<net id="4847"><net_src comp="4843" pin="1"/><net_sink comp="3782" pin=0"/></net>

<net id="4851"><net_src comp="3467" pin="4"/><net_sink comp="4848" pin=0"/></net>

<net id="4852"><net_src comp="4848" pin="1"/><net_sink comp="3787" pin=0"/></net>

<net id="4856"><net_src comp="3477" pin="4"/><net_sink comp="4853" pin=0"/></net>

<net id="4857"><net_src comp="4853" pin="1"/><net_sink comp="3792" pin=0"/></net>

<net id="4861"><net_src comp="3487" pin="4"/><net_sink comp="4858" pin=0"/></net>

<net id="4862"><net_src comp="4858" pin="1"/><net_sink comp="3797" pin=0"/></net>

<net id="4866"><net_src comp="3497" pin="4"/><net_sink comp="4863" pin=0"/></net>

<net id="4867"><net_src comp="4863" pin="1"/><net_sink comp="3802" pin=0"/></net>

<net id="4871"><net_src comp="3507" pin="4"/><net_sink comp="4868" pin=0"/></net>

<net id="4872"><net_src comp="4868" pin="1"/><net_sink comp="3807" pin=0"/></net>

<net id="4876"><net_src comp="3517" pin="4"/><net_sink comp="4873" pin=0"/></net>

<net id="4877"><net_src comp="4873" pin="1"/><net_sink comp="3812" pin=0"/></net>

<net id="4881"><net_src comp="3527" pin="4"/><net_sink comp="4878" pin=0"/></net>

<net id="4882"><net_src comp="4878" pin="1"/><net_sink comp="3817" pin=0"/></net>

<net id="4886"><net_src comp="3537" pin="4"/><net_sink comp="4883" pin=0"/></net>

<net id="4887"><net_src comp="4883" pin="1"/><net_sink comp="3822" pin=0"/></net>

<net id="4891"><net_src comp="3547" pin="4"/><net_sink comp="4888" pin=0"/></net>

<net id="4892"><net_src comp="4888" pin="1"/><net_sink comp="3827" pin=0"/></net>

<net id="4896"><net_src comp="3557" pin="4"/><net_sink comp="4893" pin=0"/></net>

<net id="4897"><net_src comp="4893" pin="1"/><net_sink comp="3832" pin=0"/></net>

<net id="4901"><net_src comp="3567" pin="4"/><net_sink comp="4898" pin=0"/></net>

<net id="4902"><net_src comp="4898" pin="1"/><net_sink comp="3837" pin=0"/></net>

<net id="4906"><net_src comp="3577" pin="4"/><net_sink comp="4903" pin=0"/></net>

<net id="4907"><net_src comp="4903" pin="1"/><net_sink comp="3842" pin=0"/></net>

<net id="4911"><net_src comp="3587" pin="4"/><net_sink comp="4908" pin=0"/></net>

<net id="4912"><net_src comp="4908" pin="1"/><net_sink comp="3847" pin=0"/></net>

<net id="4916"><net_src comp="3597" pin="4"/><net_sink comp="4913" pin=0"/></net>

<net id="4917"><net_src comp="4913" pin="1"/><net_sink comp="3852" pin=0"/></net>

<net id="4921"><net_src comp="3607" pin="4"/><net_sink comp="4918" pin=0"/></net>

<net id="4922"><net_src comp="4918" pin="1"/><net_sink comp="3857" pin=0"/></net>

<net id="4926"><net_src comp="3617" pin="4"/><net_sink comp="4923" pin=0"/></net>

<net id="4927"><net_src comp="4923" pin="1"/><net_sink comp="3862" pin=0"/></net>

<net id="4931"><net_src comp="3627" pin="4"/><net_sink comp="4928" pin=0"/></net>

<net id="4932"><net_src comp="4928" pin="1"/><net_sink comp="3867" pin=0"/></net>

<net id="4936"><net_src comp="3637" pin="2"/><net_sink comp="4933" pin=0"/></net>

<net id="4937"><net_src comp="4933" pin="1"/><net_sink comp="1470" pin=2"/></net>

<net id="4941"><net_src comp="3642" pin="2"/><net_sink comp="4938" pin=0"/></net>

<net id="4942"><net_src comp="4938" pin="1"/><net_sink comp="1484" pin=2"/></net>

<net id="4946"><net_src comp="3647" pin="2"/><net_sink comp="4943" pin=0"/></net>

<net id="4947"><net_src comp="4943" pin="1"/><net_sink comp="1498" pin=2"/></net>

<net id="4951"><net_src comp="3652" pin="2"/><net_sink comp="4948" pin=0"/></net>

<net id="4952"><net_src comp="4948" pin="1"/><net_sink comp="1512" pin=2"/></net>

<net id="4956"><net_src comp="3657" pin="2"/><net_sink comp="4953" pin=0"/></net>

<net id="4957"><net_src comp="4953" pin="1"/><net_sink comp="1526" pin=2"/></net>

<net id="4961"><net_src comp="3662" pin="2"/><net_sink comp="4958" pin=0"/></net>

<net id="4962"><net_src comp="4958" pin="1"/><net_sink comp="1540" pin=2"/></net>

<net id="4966"><net_src comp="3667" pin="2"/><net_sink comp="4963" pin=0"/></net>

<net id="4967"><net_src comp="4963" pin="1"/><net_sink comp="1554" pin=2"/></net>

<net id="4971"><net_src comp="3672" pin="2"/><net_sink comp="4968" pin=0"/></net>

<net id="4972"><net_src comp="4968" pin="1"/><net_sink comp="1568" pin=2"/></net>

<net id="4976"><net_src comp="3677" pin="2"/><net_sink comp="4973" pin=0"/></net>

<net id="4977"><net_src comp="4973" pin="1"/><net_sink comp="1582" pin=2"/></net>

<net id="4981"><net_src comp="3682" pin="2"/><net_sink comp="4978" pin=0"/></net>

<net id="4982"><net_src comp="4978" pin="1"/><net_sink comp="1596" pin=2"/></net>

<net id="4986"><net_src comp="3687" pin="2"/><net_sink comp="4983" pin=0"/></net>

<net id="4987"><net_src comp="4983" pin="1"/><net_sink comp="1610" pin=2"/></net>

<net id="4991"><net_src comp="3692" pin="2"/><net_sink comp="4988" pin=0"/></net>

<net id="4992"><net_src comp="4988" pin="1"/><net_sink comp="1624" pin=2"/></net>

<net id="4996"><net_src comp="3697" pin="2"/><net_sink comp="4993" pin=0"/></net>

<net id="4997"><net_src comp="4993" pin="1"/><net_sink comp="1638" pin=2"/></net>

<net id="5001"><net_src comp="3702" pin="2"/><net_sink comp="4998" pin=0"/></net>

<net id="5002"><net_src comp="4998" pin="1"/><net_sink comp="1652" pin=2"/></net>

<net id="5006"><net_src comp="3707" pin="2"/><net_sink comp="5003" pin=0"/></net>

<net id="5007"><net_src comp="5003" pin="1"/><net_sink comp="1666" pin=2"/></net>

<net id="5011"><net_src comp="3712" pin="2"/><net_sink comp="5008" pin=0"/></net>

<net id="5012"><net_src comp="5008" pin="1"/><net_sink comp="1680" pin=2"/></net>

<net id="5016"><net_src comp="3717" pin="2"/><net_sink comp="5013" pin=0"/></net>

<net id="5017"><net_src comp="5013" pin="1"/><net_sink comp="1694" pin=2"/></net>

<net id="5021"><net_src comp="3722" pin="2"/><net_sink comp="5018" pin=0"/></net>

<net id="5022"><net_src comp="5018" pin="1"/><net_sink comp="1708" pin=2"/></net>

<net id="5026"><net_src comp="3727" pin="2"/><net_sink comp="5023" pin=0"/></net>

<net id="5027"><net_src comp="5023" pin="1"/><net_sink comp="1722" pin=2"/></net>

<net id="5031"><net_src comp="3732" pin="2"/><net_sink comp="5028" pin=0"/></net>

<net id="5032"><net_src comp="5028" pin="1"/><net_sink comp="1736" pin=2"/></net>

<net id="5036"><net_src comp="3737" pin="2"/><net_sink comp="5033" pin=0"/></net>

<net id="5037"><net_src comp="5033" pin="1"/><net_sink comp="1750" pin=2"/></net>

<net id="5041"><net_src comp="3742" pin="2"/><net_sink comp="5038" pin=0"/></net>

<net id="5042"><net_src comp="5038" pin="1"/><net_sink comp="1764" pin=2"/></net>

<net id="5046"><net_src comp="3747" pin="2"/><net_sink comp="5043" pin=0"/></net>

<net id="5047"><net_src comp="5043" pin="1"/><net_sink comp="1778" pin=2"/></net>

<net id="5051"><net_src comp="3752" pin="2"/><net_sink comp="5048" pin=0"/></net>

<net id="5052"><net_src comp="5048" pin="1"/><net_sink comp="1792" pin=2"/></net>

<net id="5056"><net_src comp="3757" pin="2"/><net_sink comp="5053" pin=0"/></net>

<net id="5057"><net_src comp="5053" pin="1"/><net_sink comp="1806" pin=2"/></net>

<net id="5061"><net_src comp="3762" pin="2"/><net_sink comp="5058" pin=0"/></net>

<net id="5062"><net_src comp="5058" pin="1"/><net_sink comp="1820" pin=2"/></net>

<net id="5066"><net_src comp="3767" pin="2"/><net_sink comp="5063" pin=0"/></net>

<net id="5067"><net_src comp="5063" pin="1"/><net_sink comp="1834" pin=2"/></net>

<net id="5071"><net_src comp="3772" pin="2"/><net_sink comp="5068" pin=0"/></net>

<net id="5072"><net_src comp="5068" pin="1"/><net_sink comp="1848" pin=2"/></net>

<net id="5076"><net_src comp="3777" pin="2"/><net_sink comp="5073" pin=0"/></net>

<net id="5077"><net_src comp="5073" pin="1"/><net_sink comp="1862" pin=2"/></net>

<net id="5081"><net_src comp="3782" pin="2"/><net_sink comp="5078" pin=0"/></net>

<net id="5082"><net_src comp="5078" pin="1"/><net_sink comp="1876" pin=2"/></net>

<net id="5086"><net_src comp="3787" pin="2"/><net_sink comp="5083" pin=0"/></net>

<net id="5087"><net_src comp="5083" pin="1"/><net_sink comp="1890" pin=2"/></net>

<net id="5091"><net_src comp="3792" pin="2"/><net_sink comp="5088" pin=0"/></net>

<net id="5092"><net_src comp="5088" pin="1"/><net_sink comp="1904" pin=2"/></net>

<net id="5096"><net_src comp="3797" pin="2"/><net_sink comp="5093" pin=0"/></net>

<net id="5097"><net_src comp="5093" pin="1"/><net_sink comp="1918" pin=2"/></net>

<net id="5101"><net_src comp="3802" pin="2"/><net_sink comp="5098" pin=0"/></net>

<net id="5102"><net_src comp="5098" pin="1"/><net_sink comp="1932" pin=2"/></net>

<net id="5106"><net_src comp="3807" pin="2"/><net_sink comp="5103" pin=0"/></net>

<net id="5107"><net_src comp="5103" pin="1"/><net_sink comp="1946" pin=2"/></net>

<net id="5111"><net_src comp="3812" pin="2"/><net_sink comp="5108" pin=0"/></net>

<net id="5112"><net_src comp="5108" pin="1"/><net_sink comp="1960" pin=2"/></net>

<net id="5116"><net_src comp="3817" pin="2"/><net_sink comp="5113" pin=0"/></net>

<net id="5117"><net_src comp="5113" pin="1"/><net_sink comp="1974" pin=2"/></net>

<net id="5121"><net_src comp="3822" pin="2"/><net_sink comp="5118" pin=0"/></net>

<net id="5122"><net_src comp="5118" pin="1"/><net_sink comp="1988" pin=2"/></net>

<net id="5126"><net_src comp="3827" pin="2"/><net_sink comp="5123" pin=0"/></net>

<net id="5127"><net_src comp="5123" pin="1"/><net_sink comp="2002" pin=2"/></net>

<net id="5131"><net_src comp="3832" pin="2"/><net_sink comp="5128" pin=0"/></net>

<net id="5132"><net_src comp="5128" pin="1"/><net_sink comp="2016" pin=2"/></net>

<net id="5136"><net_src comp="3837" pin="2"/><net_sink comp="5133" pin=0"/></net>

<net id="5137"><net_src comp="5133" pin="1"/><net_sink comp="2030" pin=2"/></net>

<net id="5141"><net_src comp="3842" pin="2"/><net_sink comp="5138" pin=0"/></net>

<net id="5142"><net_src comp="5138" pin="1"/><net_sink comp="2044" pin=2"/></net>

<net id="5146"><net_src comp="3847" pin="2"/><net_sink comp="5143" pin=0"/></net>

<net id="5147"><net_src comp="5143" pin="1"/><net_sink comp="2058" pin=2"/></net>

<net id="5151"><net_src comp="3852" pin="2"/><net_sink comp="5148" pin=0"/></net>

<net id="5152"><net_src comp="5148" pin="1"/><net_sink comp="2072" pin=2"/></net>

<net id="5156"><net_src comp="3857" pin="2"/><net_sink comp="5153" pin=0"/></net>

<net id="5157"><net_src comp="5153" pin="1"/><net_sink comp="2086" pin=2"/></net>

<net id="5161"><net_src comp="3862" pin="2"/><net_sink comp="5158" pin=0"/></net>

<net id="5162"><net_src comp="5158" pin="1"/><net_sink comp="2100" pin=2"/></net>

<net id="5166"><net_src comp="3867" pin="2"/><net_sink comp="5163" pin=0"/></net>

<net id="5167"><net_src comp="5163" pin="1"/><net_sink comp="2114" pin=2"/></net>

</net_list>

</model> 
---------------- Datapath Model END ------------------

* FSMD analyzer results:
  - Output states:
	Port: w26 | {}
 - Input state : 
	Port: dense_resource_rf_leq_nin<ap_fixed,ap_fixed<16,6,5,3,0>,config26> : data_0_val | {3 }
	Port: dense_resource_rf_leq_nin<ap_fixed,ap_fixed<16,6,5,3,0>,config26> : data_1_val | {3 }
	Port: dense_resource_rf_leq_nin<ap_fixed,ap_fixed<16,6,5,3,0>,config26> : data_2_val | {3 }
	Port: dense_resource_rf_leq_nin<ap_fixed,ap_fixed<16,6,5,3,0>,config26> : data_3_val | {3 }
	Port: dense_resource_rf_leq_nin<ap_fixed,ap_fixed<16,6,5,3,0>,config26> : data_4_val | {3 }
	Port: dense_resource_rf_leq_nin<ap_fixed,ap_fixed<16,6,5,3,0>,config26> : data_5_val | {3 }
	Port: dense_resource_rf_leq_nin<ap_fixed,ap_fixed<16,6,5,3,0>,config26> : data_6_val | {3 }
	Port: dense_resource_rf_leq_nin<ap_fixed,ap_fixed<16,6,5,3,0>,config26> : data_7_val | {3 }
	Port: dense_resource_rf_leq_nin<ap_fixed,ap_fixed<16,6,5,3,0>,config26> : data_8_val | {3 }
	Port: dense_resource_rf_leq_nin<ap_fixed,ap_fixed<16,6,5,3,0>,config26> : data_9_val | {3 }
	Port: dense_resource_rf_leq_nin<ap_fixed,ap_fixed<16,6,5,3,0>,config26> : data_10_val | {3 }
	Port: dense_resource_rf_leq_nin<ap_fixed,ap_fixed<16,6,5,3,0>,config26> : data_11_val | {3 }
	Port: dense_resource_rf_leq_nin<ap_fixed,ap_fixed<16,6,5,3,0>,config26> : data_12_val | {3 }
	Port: dense_resource_rf_leq_nin<ap_fixed,ap_fixed<16,6,5,3,0>,config26> : data_13_val | {3 }
	Port: dense_resource_rf_leq_nin<ap_fixed,ap_fixed<16,6,5,3,0>,config26> : data_14_val | {3 }
	Port: dense_resource_rf_leq_nin<ap_fixed,ap_fixed<16,6,5,3,0>,config26> : data_15_val | {3 }
	Port: dense_resource_rf_leq_nin<ap_fixed,ap_fixed<16,6,5,3,0>,config26> : data_16_val | {3 }
	Port: dense_resource_rf_leq_nin<ap_fixed,ap_fixed<16,6,5,3,0>,config26> : data_17_val | {3 }
	Port: dense_resource_rf_leq_nin<ap_fixed,ap_fixed<16,6,5,3,0>,config26> : data_18_val | {3 }
	Port: dense_resource_rf_leq_nin<ap_fixed,ap_fixed<16,6,5,3,0>,config26> : data_19_val | {3 }
	Port: dense_resource_rf_leq_nin<ap_fixed,ap_fixed<16,6,5,3,0>,config26> : data_20_val | {3 }
	Port: dense_resource_rf_leq_nin<ap_fixed,ap_fixed<16,6,5,3,0>,config26> : data_21_val | {3 }
	Port: dense_resource_rf_leq_nin<ap_fixed,ap_fixed<16,6,5,3,0>,config26> : data_22_val | {3 }
	Port: dense_resource_rf_leq_nin<ap_fixed,ap_fixed<16,6,5,3,0>,config26> : data_23_val | {3 }
	Port: dense_resource_rf_leq_nin<ap_fixed,ap_fixed<16,6,5,3,0>,config26> : data_24_val | {3 }
	Port: dense_resource_rf_leq_nin<ap_fixed,ap_fixed<16,6,5,3,0>,config26> : data_25_val | {3 }
	Port: dense_resource_rf_leq_nin<ap_fixed,ap_fixed<16,6,5,3,0>,config26> : data_26_val | {3 }
	Port: dense_resource_rf_leq_nin<ap_fixed,ap_fixed<16,6,5,3,0>,config26> : data_27_val | {3 }
	Port: dense_resource_rf_leq_nin<ap_fixed,ap_fixed<16,6,5,3,0>,config26> : data_28_val | {3 }
	Port: dense_resource_rf_leq_nin<ap_fixed,ap_fixed<16,6,5,3,0>,config26> : data_29_val | {3 }
	Port: dense_resource_rf_leq_nin<ap_fixed,ap_fixed<16,6,5,3,0>,config26> : data_30_val | {3 }
	Port: dense_resource_rf_leq_nin<ap_fixed,ap_fixed<16,6,5,3,0>,config26> : data_31_val | {3 }
	Port: dense_resource_rf_leq_nin<ap_fixed,ap_fixed<16,6,5,3,0>,config26> : w26 | {2 3 }
  - Chain level:
	State 1
	State 2
		br_ln0 : 1
		zext_ln46 : 1
		w26_addr : 2
		w26_load : 3
		w_index : 1
		icmp_ln46 : 1
		br_ln46 : 2
	State 3
		a : 1
		w : 1
		w_7 : 1
		w_8 : 1
		w_9 : 1
		w_10 : 1
		w_11 : 1
		w_12 : 1
		w_13 : 1
		w_14 : 1
		w_15 : 1
		w_16 : 1
		w_17 : 1
		w_18 : 1
		w_19 : 1
		w_20 : 1
		w_21 : 1
		w_22 : 1
		w_23 : 1
		w_24 : 1
		w_25 : 1
		w_26 : 1
		w_27 : 1
		w_28 : 1
		w_29 : 1
		w_30 : 1
		w_31 : 1
		w_32 : 1
		w_33 : 1
		w_34 : 1
		w_35 : 1
		w_36 : 1
		w_37 : 1
		w_38 : 1
		w_39 : 1
		w_40 : 1
		w_41 : 1
		w_42 : 1
		w_43 : 1
		w_44 : 1
		w_45 : 1
		w_46 : 1
		w_47 : 1
		w_48 : 1
		w_49 : 1
		w_50 : 1
		w_51 : 1
		tmp : 1
	State 4
		mul_ln58 : 1
		mul_ln58_8 : 1
		mul_ln58_9 : 1
		mul_ln58_10 : 1
		mul_ln58_11 : 1
		mul_ln58_12 : 1
		mul_ln58_13 : 1
		mul_ln58_14 : 1
		mul_ln58_15 : 1
		mul_ln58_16 : 1
		mul_ln58_17 : 1
		mul_ln58_18 : 1
		mul_ln58_19 : 1
		mul_ln58_20 : 1
		mul_ln58_21 : 1
		mul_ln58_22 : 1
		mul_ln58_23 : 1
		mul_ln58_24 : 1
		mul_ln58_25 : 1
		mul_ln58_26 : 1
		mul_ln58_27 : 1
		mul_ln58_28 : 1
		mul_ln58_29 : 1
		mul_ln58_30 : 1
		mul_ln58_31 : 1
		mul_ln58_32 : 1
		mul_ln58_33 : 1
		mul_ln58_34 : 1
		mul_ln58_35 : 1
		mul_ln58_36 : 1
		mul_ln58_37 : 1
		mul_ln58_38 : 1
		mul_ln58_39 : 1
		mul_ln58_40 : 1
		mul_ln58_41 : 1
		mul_ln58_42 : 1
		mul_ln58_43 : 1
		mul_ln58_44 : 1
		mul_ln58_45 : 1
		mul_ln58_46 : 1
		mul_ln58_47 : 1
		mul_ln58_48 : 1
		mul_ln58_49 : 1
		mul_ln58_50 : 1
		mul_ln58_51 : 1
		mul_ln58_52 : 1
		mul_ln58_53 : 1
	State 5
		trunc_ln4 : 1
		trunc_ln58_8 : 1
		trunc_ln58_9 : 1
		trunc_ln58_s : 1
		trunc_ln58_1 : 1
		trunc_ln58_2 : 1
		trunc_ln58_3 : 1
		trunc_ln58_4 : 1
		trunc_ln58_5 : 1
		trunc_ln58_6 : 1
		trunc_ln58_7 : 1
		trunc_ln58_10 : 1
		trunc_ln58_11 : 1
		trunc_ln58_12 : 1
		trunc_ln58_13 : 1
		trunc_ln58_14 : 1
		trunc_ln58_15 : 1
		trunc_ln58_16 : 1
		trunc_ln58_17 : 1
		trunc_ln58_18 : 1
		trunc_ln58_19 : 1
		trunc_ln58_20 : 1
		trunc_ln58_21 : 1
		trunc_ln58_22 : 1
		trunc_ln58_23 : 1
		trunc_ln58_24 : 1
		trunc_ln58_25 : 1
		trunc_ln58_26 : 1
		trunc_ln58_27 : 1
		trunc_ln58_28 : 1
		trunc_ln58_29 : 1
		trunc_ln58_30 : 1
		trunc_ln58_31 : 1
		trunc_ln58_32 : 1
		trunc_ln58_33 : 1
		trunc_ln58_34 : 1
		trunc_ln58_35 : 1
		trunc_ln58_36 : 1
		trunc_ln58_37 : 1
		trunc_ln58_38 : 1
		trunc_ln58_39 : 1
		trunc_ln58_40 : 1
		trunc_ln58_41 : 1
		trunc_ln58_42 : 1
		trunc_ln58_43 : 1
		trunc_ln58_44 : 1
		trunc_ln58_45 : 1
	State 6
		add_ln58 : 1
		add_ln58_8 : 1
		add_ln58_9 : 1
		add_ln58_10 : 1
		add_ln58_11 : 1
		add_ln58_12 : 1
		add_ln58_13 : 1
		add_ln58_14 : 1
		add_ln58_15 : 1
		add_ln58_16 : 1
		add_ln58_17 : 1
		add_ln58_18 : 1
		add_ln58_19 : 1
		add_ln58_20 : 1
		add_ln58_21 : 1
		add_ln58_22 : 1
		add_ln58_23 : 1
		add_ln58_24 : 1
		add_ln58_25 : 1
		add_ln58_26 : 1
		add_ln58_27 : 1
		add_ln58_28 : 1
		add_ln58_29 : 1
		add_ln58_30 : 1
		add_ln58_31 : 1
		add_ln58_32 : 1
		add_ln58_33 : 1
		add_ln58_34 : 1
		add_ln58_35 : 1
		add_ln58_36 : 1
		add_ln58_37 : 1
		add_ln58_38 : 1
		add_ln58_39 : 1
		add_ln58_40 : 1
		add_ln58_41 : 1
		add_ln58_42 : 1
		add_ln58_43 : 1
		add_ln58_44 : 1
		add_ln58_45 : 1
		add_ln58_46 : 1
		add_ln58_47 : 1
		add_ln58_48 : 1
		add_ln58_49 : 1
		add_ln58_50 : 1
		add_ln58_51 : 1
		add_ln58_52 : 1
		add_ln58_53 : 1
		mrv : 2
		mrv_1 : 3
		mrv_2 : 4
		mrv_3 : 5
		mrv_4 : 6
		mrv_5 : 7
		mrv_6 : 8
		mrv_7 : 9
		mrv_8 : 10
		mrv_9 : 11
		mrv_s : 12
		mrv_10 : 13
		mrv_11 : 14
		mrv_12 : 15
		mrv_13 : 16
		mrv_14 : 17
		mrv_15 : 18
		mrv_16 : 19
		mrv_17 : 20
		mrv_18 : 21
		mrv_19 : 22
		mrv_20 : 23
		mrv_21 : 24
		mrv_22 : 25
		mrv_23 : 26
		mrv_24 : 27
		mrv_25 : 28
		mrv_26 : 29
		mrv_27 : 30
		mrv_28 : 31
		mrv_29 : 32
		mrv_30 : 33
		mrv_31 : 34
		mrv_32 : 35
		mrv_33 : 36
		mrv_34 : 37
		mrv_35 : 38
		mrv_36 : 39
		mrv_37 : 40
		mrv_38 : 41
		mrv_39 : 42
		mrv_40 : 43
		mrv_41 : 44
		mrv_42 : 45
		mrv_43 : 46
		mrv_44 : 47
		mrv_45 : 48
		return_ln84 : 49


============================================================
+ Verbose Summary: Datapath Resource usage 
============================================================

* Functional unit list:
|----------|------------------------------|---------|---------|---------|
| Operation|        Functional Unit       |   DSP   |    FF   |   LUT   |
|----------|------------------------------|---------|---------|---------|
|          |          grp_fu_2747         |    1    |    67   |    2    |
|          |          grp_fu_2756         |    1    |    67   |    2    |
|          |          grp_fu_2765         |    1    |    67   |    2    |
|          |          grp_fu_2774         |    1    |    67   |    2    |
|          |          grp_fu_2783         |    1    |    67   |    2    |
|          |          grp_fu_2792         |    1    |    67   |    2    |
|          |          grp_fu_2801         |    1    |    67   |    2    |
|          |          grp_fu_2810         |    1    |    67   |    2    |
|          |          grp_fu_2819         |    1    |    67   |    2    |
|          |          grp_fu_2828         |    1    |    67   |    2    |
|          |          grp_fu_2837         |    1    |    67   |    2    |
|          |          grp_fu_2846         |    1    |    67   |    2    |
|          |          grp_fu_2855         |    1    |    67   |    2    |
|          |          grp_fu_2864         |    1    |    67   |    2    |
|          |          grp_fu_2873         |    1    |    67   |    2    |
|          |          grp_fu_2882         |    1    |    67   |    2    |
|          |          grp_fu_2891         |    1    |    67   |    2    |
|          |          grp_fu_2900         |    1    |    67   |    2    |
|          |          grp_fu_2909         |    1    |    67   |    2    |
|          |          grp_fu_2918         |    1    |    67   |    2    |
|          |          grp_fu_2927         |    1    |    67   |    2    |
|          |          grp_fu_2936         |    1    |    67   |    2    |
|          |          grp_fu_2945         |    1    |    67   |    2    |
|    mul   |          grp_fu_2954         |    1    |    67   |    2    |
|          |          grp_fu_2963         |    1    |    67   |    2    |
|          |          grp_fu_2972         |    1    |    67   |    2    |
|          |          grp_fu_2981         |    1    |    67   |    2    |
|          |          grp_fu_2990         |    1    |    67   |    2    |
|          |          grp_fu_2999         |    1    |    67   |    2    |
|          |          grp_fu_3008         |    1    |    67   |    2    |
|          |          grp_fu_3017         |    1    |    67   |    2    |
|          |          grp_fu_3026         |    1    |    67   |    2    |
|          |          grp_fu_3035         |    1    |    67   |    2    |
|          |          grp_fu_3044         |    1    |    67   |    2    |
|          |          grp_fu_3053         |    1    |    67   |    2    |
|          |          grp_fu_3062         |    1    |    67   |    2    |
|          |          grp_fu_3071         |    1    |    67   |    2    |
|          |          grp_fu_3080         |    1    |    67   |    2    |
|          |          grp_fu_3089         |    1    |    67   |    2    |
|          |          grp_fu_3098         |    1    |    67   |    2    |
|          |          grp_fu_3107         |    1    |    67   |    2    |
|          |          grp_fu_3116         |    1    |    67   |    2    |
|          |          grp_fu_3125         |    1    |    67   |    2    |
|          |          grp_fu_3134         |    1    |    67   |    2    |
|          |          grp_fu_3143         |    1    |    67   |    2    |
|          |          grp_fu_3152         |    1    |    67   |    2    |
|          |          grp_fu_3161         |    1    |    67   |    2    |
|----------|------------------------------|---------|---------|---------|
|          |        w_index_fu_2129       |    0    |    0    |    13   |
|          |       add_ln58_fu_3637       |    0    |    0    |    23   |
|          |      add_ln58_8_fu_3642      |    0    |    0    |    23   |
|          |      add_ln58_9_fu_3647      |    0    |    0    |    23   |
|          |      add_ln58_10_fu_3652     |    0    |    0    |    23   |
|          |      add_ln58_11_fu_3657     |    0    |    0    |    23   |
|          |      add_ln58_12_fu_3662     |    0    |    0    |    23   |
|          |      add_ln58_13_fu_3667     |    0    |    0    |    23   |
|          |      add_ln58_14_fu_3672     |    0    |    0    |    23   |
|          |      add_ln58_15_fu_3677     |    0    |    0    |    23   |
|          |      add_ln58_16_fu_3682     |    0    |    0    |    23   |
|          |      add_ln58_17_fu_3687     |    0    |    0    |    23   |
|          |      add_ln58_18_fu_3692     |    0    |    0    |    23   |
|          |      add_ln58_19_fu_3697     |    0    |    0    |    23   |
|          |      add_ln58_20_fu_3702     |    0    |    0    |    23   |
|          |      add_ln58_21_fu_3707     |    0    |    0    |    23   |
|          |      add_ln58_22_fu_3712     |    0    |    0    |    23   |
|          |      add_ln58_23_fu_3717     |    0    |    0    |    23   |
|          |      add_ln58_24_fu_3722     |    0    |    0    |    23   |
|          |      add_ln58_25_fu_3727     |    0    |    0    |    23   |
|          |      add_ln58_26_fu_3732     |    0    |    0    |    23   |
|          |      add_ln58_27_fu_3737     |    0    |    0    |    23   |
|          |      add_ln58_28_fu_3742     |    0    |    0    |    23   |
|    add   |      add_ln58_29_fu_3747     |    0    |    0    |    23   |
|          |      add_ln58_30_fu_3752     |    0    |    0    |    23   |
|          |      add_ln58_31_fu_3757     |    0    |    0    |    23   |
|          |      add_ln58_32_fu_3762     |    0    |    0    |    23   |
|          |      add_ln58_33_fu_3767     |    0    |    0    |    23   |
|          |      add_ln58_34_fu_3772     |    0    |    0    |    23   |
|          |      add_ln58_35_fu_3777     |    0    |    0    |    23   |
|          |      add_ln58_36_fu_3782     |    0    |    0    |    23   |
|          |      add_ln58_37_fu_3787     |    0    |    0    |    23   |
|          |      add_ln58_38_fu_3792     |    0    |    0    |    23   |
|          |      add_ln58_39_fu_3797     |    0    |    0    |    23   |
|          |      add_ln58_40_fu_3802     |    0    |    0    |    23   |
|          |      add_ln58_41_fu_3807     |    0    |    0    |    23   |
|          |      add_ln58_42_fu_3812     |    0    |    0    |    23   |
|          |      add_ln58_43_fu_3817     |    0    |    0    |    23   |
|          |      add_ln58_44_fu_3822     |    0    |    0    |    23   |
|          |      add_ln58_45_fu_3827     |    0    |    0    |    23   |
|          |      add_ln58_46_fu_3832     |    0    |    0    |    23   |
|          |      add_ln58_47_fu_3837     |    0    |    0    |    23   |
|          |      add_ln58_48_fu_3842     |    0    |    0    |    23   |
|          |      add_ln58_49_fu_3847     |    0    |    0    |    23   |
|          |      add_ln58_50_fu_3852     |    0    |    0    |    23   |
|          |      add_ln58_51_fu_3857     |    0    |    0    |    23   |
|          |      add_ln58_52_fu_3862     |    0    |    0    |    23   |
|          |      add_ln58_53_fu_3867     |    0    |    0    |    23   |
|----------|------------------------------|---------|---------|---------|
| sparsemux|           a_fu_2141          |    0    |    0    |   148   |
|----------|------------------------------|---------|---------|---------|
|   icmp   |       icmp_ln46_fu_2135      |    0    |    0    |    13   |
|----------|------------------------------|---------|---------|---------|
|          | data_31_val_read_read_fu_366 |    0    |    0    |    0    |
|          | data_30_val_read_read_fu_372 |    0    |    0    |    0    |
|          | data_29_val_read_read_fu_378 |    0    |    0    |    0    |
|          | data_28_val_read_read_fu_384 |    0    |    0    |    0    |
|          | data_27_val_read_read_fu_390 |    0    |    0    |    0    |
|          | data_26_val_read_read_fu_396 |    0    |    0    |    0    |
|          | data_25_val_read_read_fu_402 |    0    |    0    |    0    |
|          | data_24_val_read_read_fu_408 |    0    |    0    |    0    |
|          | data_23_val_read_read_fu_414 |    0    |    0    |    0    |
|          | data_22_val_read_read_fu_420 |    0    |    0    |    0    |
|          | data_21_val_read_read_fu_426 |    0    |    0    |    0    |
|          | data_20_val_read_read_fu_432 |    0    |    0    |    0    |
|          | data_19_val_read_read_fu_438 |    0    |    0    |    0    |
|          | data_18_val_read_read_fu_444 |    0    |    0    |    0    |
|          | data_17_val_read_read_fu_450 |    0    |    0    |    0    |
|   read   | data_16_val_read_read_fu_456 |    0    |    0    |    0    |
|          | data_15_val_read_read_fu_462 |    0    |    0    |    0    |
|          | data_14_val_read_read_fu_468 |    0    |    0    |    0    |
|          | data_13_val_read_read_fu_474 |    0    |    0    |    0    |
|          | data_12_val_read_read_fu_480 |    0    |    0    |    0    |
|          | data_11_val_read_read_fu_486 |    0    |    0    |    0    |
|          | data_10_val_read_read_fu_492 |    0    |    0    |    0    |
|          |  data_9_val_read_read_fu_498 |    0    |    0    |    0    |
|          |  data_8_val_read_read_fu_504 |    0    |    0    |    0    |
|          |  data_7_val_read_read_fu_510 |    0    |    0    |    0    |
|          |  data_6_val_read_read_fu_516 |    0    |    0    |    0    |
|          |  data_5_val_read_read_fu_522 |    0    |    0    |    0    |
|          |  data_4_val_read_read_fu_528 |    0    |    0    |    0    |
|          |  data_3_val_read_read_fu_534 |    0    |    0    |    0    |
|          |  data_2_val_read_read_fu_540 |    0    |    0    |    0    |
|          |  data_1_val_read_read_fu_546 |    0    |    0    |    0    |
|          |  data_0_val_read_read_fu_552 |    0    |    0    |    0    |
|----------|------------------------------|---------|---------|---------|
|   zext   |       zext_ln46_fu_2124      |    0    |    0    |    0    |
|----------|------------------------------|---------|---------|---------|
|   trunc  |           w_fu_2277          |    0    |    0    |    0    |
|----------|------------------------------|---------|---------|---------|
|          |          w_7_fu_2281         |    0    |    0    |    0    |
|          |          w_8_fu_2291         |    0    |    0    |    0    |
|          |          w_9_fu_2301         |    0    |    0    |    0    |
|          |         w_10_fu_2311         |    0    |    0    |    0    |
|          |         w_11_fu_2321         |    0    |    0    |    0    |
|          |         w_12_fu_2331         |    0    |    0    |    0    |
|          |         w_13_fu_2341         |    0    |    0    |    0    |
|          |         w_14_fu_2351         |    0    |    0    |    0    |
|          |         w_15_fu_2361         |    0    |    0    |    0    |
|          |         w_16_fu_2371         |    0    |    0    |    0    |
|          |         w_17_fu_2381         |    0    |    0    |    0    |
|          |         w_18_fu_2391         |    0    |    0    |    0    |
|          |         w_19_fu_2401         |    0    |    0    |    0    |
|          |         w_20_fu_2411         |    0    |    0    |    0    |
|          |         w_21_fu_2421         |    0    |    0    |    0    |
|          |         w_22_fu_2431         |    0    |    0    |    0    |
|          |         w_23_fu_2441         |    0    |    0    |    0    |
|          |         w_24_fu_2451         |    0    |    0    |    0    |
|          |         w_25_fu_2461         |    0    |    0    |    0    |
|          |         w_26_fu_2471         |    0    |    0    |    0    |
|          |         w_27_fu_2481         |    0    |    0    |    0    |
|          |         w_28_fu_2491         |    0    |    0    |    0    |
|          |         w_29_fu_2501         |    0    |    0    |    0    |
|          |         w_30_fu_2511         |    0    |    0    |    0    |
|          |         w_31_fu_2521         |    0    |    0    |    0    |
|          |         w_32_fu_2531         |    0    |    0    |    0    |
|          |         w_33_fu_2541         |    0    |    0    |    0    |
|          |         w_34_fu_2551         |    0    |    0    |    0    |
|          |         w_35_fu_2561         |    0    |    0    |    0    |
|          |         w_36_fu_2571         |    0    |    0    |    0    |
|          |         w_37_fu_2581         |    0    |    0    |    0    |
|          |         w_38_fu_2591         |    0    |    0    |    0    |
|          |         w_39_fu_2601         |    0    |    0    |    0    |
|          |         w_40_fu_2611         |    0    |    0    |    0    |
|          |         w_41_fu_2621         |    0    |    0    |    0    |
|          |         w_42_fu_2631         |    0    |    0    |    0    |
|          |         w_43_fu_2641         |    0    |    0    |    0    |
|          |         w_44_fu_2651         |    0    |    0    |    0    |
|          |         w_45_fu_2661         |    0    |    0    |    0    |
|          |         w_46_fu_2671         |    0    |    0    |    0    |
|          |         w_47_fu_2681         |    0    |    0    |    0    |
|          |         w_48_fu_2691         |    0    |    0    |    0    |
|          |         w_49_fu_2701         |    0    |    0    |    0    |
|          |         w_50_fu_2711         |    0    |    0    |    0    |
|          |         w_51_fu_2721         |    0    |    0    |    0    |
|          |          tmp_fu_2731         |    0    |    0    |    0    |
|partselect|       trunc_ln4_fu_3167      |    0    |    0    |    0    |
|          |     trunc_ln58_8_fu_3177     |    0    |    0    |    0    |
|          |     trunc_ln58_9_fu_3187     |    0    |    0    |    0    |
|          |     trunc_ln58_s_fu_3197     |    0    |    0    |    0    |
|          |     trunc_ln58_1_fu_3207     |    0    |    0    |    0    |
|          |     trunc_ln58_2_fu_3217     |    0    |    0    |    0    |
|          |     trunc_ln58_3_fu_3227     |    0    |    0    |    0    |
|          |     trunc_ln58_4_fu_3237     |    0    |    0    |    0    |
|          |     trunc_ln58_5_fu_3247     |    0    |    0    |    0    |
|          |     trunc_ln58_6_fu_3257     |    0    |    0    |    0    |
|          |     trunc_ln58_7_fu_3267     |    0    |    0    |    0    |
|          |     trunc_ln58_10_fu_3277    |    0    |    0    |    0    |
|          |     trunc_ln58_11_fu_3287    |    0    |    0    |    0    |
|          |     trunc_ln58_12_fu_3297    |    0    |    0    |    0    |
|          |     trunc_ln58_13_fu_3307    |    0    |    0    |    0    |
|          |     trunc_ln58_14_fu_3317    |    0    |    0    |    0    |
|          |     trunc_ln58_15_fu_3327    |    0    |    0    |    0    |
|          |     trunc_ln58_16_fu_3337    |    0    |    0    |    0    |
|          |     trunc_ln58_17_fu_3347    |    0    |    0    |    0    |
|          |     trunc_ln58_18_fu_3357    |    0    |    0    |    0    |
|          |     trunc_ln58_19_fu_3367    |    0    |    0    |    0    |
|          |     trunc_ln58_20_fu_3377    |    0    |    0    |    0    |
|          |     trunc_ln58_21_fu_3387    |    0    |    0    |    0    |
|          |     trunc_ln58_22_fu_3397    |    0    |    0    |    0    |
|          |     trunc_ln58_23_fu_3407    |    0    |    0    |    0    |
|          |     trunc_ln58_24_fu_3417    |    0    |    0    |    0    |
|          |     trunc_ln58_25_fu_3427    |    0    |    0    |    0    |
|          |     trunc_ln58_26_fu_3437    |    0    |    0    |    0    |
|          |     trunc_ln58_27_fu_3447    |    0    |    0    |    0    |
|          |     trunc_ln58_28_fu_3457    |    0    |    0    |    0    |
|          |     trunc_ln58_29_fu_3467    |    0    |    0    |    0    |
|          |     trunc_ln58_30_fu_3477    |    0    |    0    |    0    |
|          |     trunc_ln58_31_fu_3487    |    0    |    0    |    0    |
|          |     trunc_ln58_32_fu_3497    |    0    |    0    |    0    |
|          |     trunc_ln58_33_fu_3507    |    0    |    0    |    0    |
|          |     trunc_ln58_34_fu_3517    |    0    |    0    |    0    |
|          |     trunc_ln58_35_fu_3527    |    0    |    0    |    0    |
|          |     trunc_ln58_36_fu_3537    |    0    |    0    |    0    |
|          |     trunc_ln58_37_fu_3547    |    0    |    0    |    0    |
|          |     trunc_ln58_38_fu_3557    |    0    |    0    |    0    |
|          |     trunc_ln58_39_fu_3567    |    0    |    0    |    0    |
|          |     trunc_ln58_40_fu_3577    |    0    |    0    |    0    |
|          |     trunc_ln58_41_fu_3587    |    0    |    0    |    0    |
|          |     trunc_ln58_42_fu_3597    |    0    |    0    |    0    |
|          |     trunc_ln58_43_fu_3607    |    0    |    0    |    0    |
|          |     trunc_ln58_44_fu_3617    |    0    |    0    |    0    |
|          |     trunc_ln58_45_fu_3627    |    0    |    0    |    0    |
|----------|------------------------------|---------|---------|---------|
|          |       sext_ln73_fu_2741      |    0    |    0    |    0    |
|          |      sext_ln73_9_fu_2744     |    0    |    0    |    0    |
|          |     sext_ln73_10_fu_2753     |    0    |    0    |    0    |
|          |     sext_ln73_11_fu_2762     |    0    |    0    |    0    |
|          |     sext_ln73_12_fu_2771     |    0    |    0    |    0    |
|          |     sext_ln73_13_fu_2780     |    0    |    0    |    0    |
|          |     sext_ln73_14_fu_2789     |    0    |    0    |    0    |
|          |     sext_ln73_15_fu_2798     |    0    |    0    |    0    |
|          |     sext_ln73_16_fu_2807     |    0    |    0    |    0    |
|          |     sext_ln73_17_fu_2816     |    0    |    0    |    0    |
|          |     sext_ln73_18_fu_2825     |    0    |    0    |    0    |
|          |     sext_ln73_19_fu_2834     |    0    |    0    |    0    |
|          |     sext_ln73_20_fu_2843     |    0    |    0    |    0    |
|          |     sext_ln73_21_fu_2852     |    0    |    0    |    0    |
|          |     sext_ln73_22_fu_2861     |    0    |    0    |    0    |
|          |     sext_ln73_23_fu_2870     |    0    |    0    |    0    |
|          |     sext_ln73_24_fu_2879     |    0    |    0    |    0    |
|          |     sext_ln73_25_fu_2888     |    0    |    0    |    0    |
|          |     sext_ln73_26_fu_2897     |    0    |    0    |    0    |
|          |     sext_ln73_27_fu_2906     |    0    |    0    |    0    |
|          |     sext_ln73_28_fu_2915     |    0    |    0    |    0    |
|          |     sext_ln73_29_fu_2924     |    0    |    0    |    0    |
|          |     sext_ln73_30_fu_2933     |    0    |    0    |    0    |
|   sext   |     sext_ln73_31_fu_2942     |    0    |    0    |    0    |
|          |     sext_ln73_32_fu_2951     |    0    |    0    |    0    |
|          |     sext_ln73_33_fu_2960     |    0    |    0    |    0    |
|          |     sext_ln73_34_fu_2969     |    0    |    0    |    0    |
|          |     sext_ln73_35_fu_2978     |    0    |    0    |    0    |
|          |     sext_ln73_36_fu_2987     |    0    |    0    |    0    |
|          |     sext_ln73_37_fu_2996     |    0    |    0    |    0    |
|          |     sext_ln73_38_fu_3005     |    0    |    0    |    0    |
|          |     sext_ln73_39_fu_3014     |    0    |    0    |    0    |
|          |     sext_ln73_40_fu_3023     |    0    |    0    |    0    |
|          |     sext_ln73_41_fu_3032     |    0    |    0    |    0    |
|          |     sext_ln73_42_fu_3041     |    0    |    0    |    0    |
|          |     sext_ln73_43_fu_3050     |    0    |    0    |    0    |
|          |     sext_ln73_44_fu_3059     |    0    |    0    |    0    |
|          |     sext_ln73_45_fu_3068     |    0    |    0    |    0    |
|          |     sext_ln73_46_fu_3077     |    0    |    0    |    0    |
|          |     sext_ln73_47_fu_3086     |    0    |    0    |    0    |
|          |     sext_ln73_48_fu_3095     |    0    |    0    |    0    |
|          |     sext_ln73_49_fu_3104     |    0    |    0    |    0    |
|          |     sext_ln73_50_fu_3113     |    0    |    0    |    0    |
|          |     sext_ln73_51_fu_3122     |    0    |    0    |    0    |
|          |     sext_ln73_52_fu_3131     |    0    |    0    |    0    |
|          |     sext_ln73_53_fu_3140     |    0    |    0    |    0    |
|          |     sext_ln73_54_fu_3149     |    0    |    0    |    0    |
|          |     sext_ln73_55_fu_3158     |    0    |    0    |    0    |
|----------|------------------------------|---------|---------|---------|
|          |          mrv_fu_3872         |    0    |    0    |    0    |
|          |         mrv_1_fu_3878        |    0    |    0    |    0    |
|          |         mrv_2_fu_3884        |    0    |    0    |    0    |
|          |         mrv_3_fu_3890        |    0    |    0    |    0    |
|          |         mrv_4_fu_3896        |    0    |    0    |    0    |
|          |         mrv_5_fu_3902        |    0    |    0    |    0    |
|          |         mrv_6_fu_3908        |    0    |    0    |    0    |
|          |         mrv_7_fu_3914        |    0    |    0    |    0    |
|          |         mrv_8_fu_3920        |    0    |    0    |    0    |
|          |         mrv_9_fu_3926        |    0    |    0    |    0    |
|          |         mrv_s_fu_3932        |    0    |    0    |    0    |
|          |        mrv_10_fu_3938        |    0    |    0    |    0    |
|          |        mrv_11_fu_3944        |    0    |    0    |    0    |
|          |        mrv_12_fu_3950        |    0    |    0    |    0    |
|          |        mrv_13_fu_3956        |    0    |    0    |    0    |
|          |        mrv_14_fu_3962        |    0    |    0    |    0    |
|          |        mrv_15_fu_3968        |    0    |    0    |    0    |
|          |        mrv_16_fu_3974        |    0    |    0    |    0    |
|          |        mrv_17_fu_3980        |    0    |    0    |    0    |
|          |        mrv_18_fu_3986        |    0    |    0    |    0    |
|          |        mrv_19_fu_3992        |    0    |    0    |    0    |
|          |        mrv_20_fu_3998        |    0    |    0    |    0    |
|          |        mrv_21_fu_4004        |    0    |    0    |    0    |
|insertvalue|        mrv_22_fu_4010        |    0    |    0    |    0    |
|          |        mrv_23_fu_4016        |    0    |    0    |    0    |
|          |        mrv_24_fu_4022        |    0    |    0    |    0    |
|          |        mrv_25_fu_4028        |    0    |    0    |    0    |
|          |        mrv_26_fu_4034        |    0    |    0    |    0    |
|          |        mrv_27_fu_4040        |    0    |    0    |    0    |
|          |        mrv_28_fu_4046        |    0    |    0    |    0    |
|          |        mrv_29_fu_4052        |    0    |    0    |    0    |
|          |        mrv_30_fu_4058        |    0    |    0    |    0    |
|          |        mrv_31_fu_4064        |    0    |    0    |    0    |
|          |        mrv_32_fu_4070        |    0    |    0    |    0    |
|          |        mrv_33_fu_4076        |    0    |    0    |    0    |
|          |        mrv_34_fu_4082        |    0    |    0    |    0    |
|          |        mrv_35_fu_4088        |    0    |    0    |    0    |
|          |        mrv_36_fu_4094        |    0    |    0    |    0    |
|          |        mrv_37_fu_4100        |    0    |    0    |    0    |
|          |        mrv_38_fu_4106        |    0    |    0    |    0    |
|          |        mrv_39_fu_4112        |    0    |    0    |    0    |
|          |        mrv_40_fu_4118        |    0    |    0    |    0    |
|          |        mrv_41_fu_4124        |    0    |    0    |    0    |
|          |        mrv_42_fu_4130        |    0    |    0    |    0    |
|          |        mrv_43_fu_4136        |    0    |    0    |    0    |
|          |        mrv_44_fu_4142        |    0    |    0    |    0    |
|          |        mrv_45_fu_4148        |    0    |    0    |    0    |
|----------|------------------------------|---------|---------|---------|
|  return  |      return_ln84_fu_4154     |    0    |    0    |    0    |
|----------|------------------------------|---------|---------|---------|
|   Total  |                              |    47   |   3149  |   1349  |
|----------|------------------------------|---------|---------|---------|

Memories:
N/A

* Register list:
+------------------------------+--------+
|                              |   FF   |
+------------------------------+--------+
|          a_reg_4172          |   16   |
|     add_ln58_10_reg_4948     |   16   |
|     add_ln58_11_reg_4953     |   16   |
|     add_ln58_12_reg_4958     |   16   |
|     add_ln58_13_reg_4963     |   16   |
|     add_ln58_14_reg_4968     |   16   |
|     add_ln58_15_reg_4973     |   16   |
|     add_ln58_16_reg_4978     |   16   |
|     add_ln58_17_reg_4983     |   16   |
|     add_ln58_18_reg_4988     |   16   |
|     add_ln58_19_reg_4993     |   16   |
|     add_ln58_20_reg_4998     |   16   |
|     add_ln58_21_reg_5003     |   16   |
|     add_ln58_22_reg_5008     |   16   |
|     add_ln58_23_reg_5013     |   16   |
|     add_ln58_24_reg_5018     |   16   |
|     add_ln58_25_reg_5023     |   16   |
|     add_ln58_26_reg_5028     |   16   |
|     add_ln58_27_reg_5033     |   16   |
|     add_ln58_28_reg_5038     |   16   |
|     add_ln58_29_reg_5043     |   16   |
|     add_ln58_30_reg_5048     |   16   |
|     add_ln58_31_reg_5053     |   16   |
|     add_ln58_32_reg_5058     |   16   |
|     add_ln58_33_reg_5063     |   16   |
|     add_ln58_34_reg_5068     |   16   |
|     add_ln58_35_reg_5073     |   16   |
|     add_ln58_36_reg_5078     |   16   |
|     add_ln58_37_reg_5083     |   16   |
|     add_ln58_38_reg_5088     |   16   |
|     add_ln58_39_reg_5093     |   16   |
|     add_ln58_40_reg_5098     |   16   |
|     add_ln58_41_reg_5103     |   16   |
|     add_ln58_42_reg_5108     |   16   |
|     add_ln58_43_reg_5113     |   16   |
|     add_ln58_44_reg_5118     |   16   |
|     add_ln58_45_reg_5123     |   16   |
|     add_ln58_46_reg_5128     |   16   |
|     add_ln58_47_reg_5133     |   16   |
|     add_ln58_48_reg_5138     |   16   |
|     add_ln58_49_reg_5143     |   16   |
|     add_ln58_50_reg_5148     |   16   |
|     add_ln58_51_reg_5153     |   16   |
|     add_ln58_52_reg_5158     |   16   |
|     add_ln58_53_reg_5163     |   16   |
|      add_ln58_8_reg_4938     |   16   |
|      add_ln58_9_reg_4943     |   16   |
|       add_ln58_reg_4933      |   16   |
|   data_0_val99_phi_reg_1050  |   16   |
|  data_0_val99_rewind_reg_602 |   16   |
|  data_10_val109_phi_reg_1180 |   16   |
| data_10_val109_rewind_reg_742|   16   |
|  data_11_val110_phi_reg_1193 |   16   |
| data_11_val110_rewind_reg_756|   16   |
|  data_12_val111_phi_reg_1206 |   16   |
| data_12_val111_rewind_reg_770|   16   |
|  data_13_val112_phi_reg_1219 |   16   |
| data_13_val112_rewind_reg_784|   16   |
|  data_14_val113_phi_reg_1232 |   16   |
| data_14_val113_rewind_reg_798|   16   |
|  data_15_val114_phi_reg_1245 |   16   |
| data_15_val114_rewind_reg_812|   16   |
|  data_16_val115_phi_reg_1258 |   16   |
| data_16_val115_rewind_reg_826|   16   |
|  data_17_val116_phi_reg_1271 |   16   |
| data_17_val116_rewind_reg_840|   16   |
|  data_18_val117_phi_reg_1284 |   16   |
| data_18_val117_rewind_reg_854|   16   |
|  data_19_val118_phi_reg_1297 |   16   |
| data_19_val118_rewind_reg_868|   16   |
|  data_1_val100_phi_reg_1063  |   16   |
| data_1_val100_rewind_reg_616 |   16   |
|  data_20_val119_phi_reg_1310 |   16   |
| data_20_val119_rewind_reg_882|   16   |
|  data_21_val120_phi_reg_1323 |   16   |
| data_21_val120_rewind_reg_896|   16   |
|  data_22_val121_phi_reg_1336 |   16   |
| data_22_val121_rewind_reg_910|   16   |
|  data_23_val122_phi_reg_1349 |   16   |
| data_23_val122_rewind_reg_924|   16   |
|  data_24_val123_phi_reg_1362 |   16   |
| data_24_val123_rewind_reg_938|   16   |
|  data_25_val124_phi_reg_1375 |   16   |
| data_25_val124_rewind_reg_952|   16   |
|  data_26_val125_phi_reg_1388 |   16   |
| data_26_val125_rewind_reg_966|   16   |
|  data_27_val126_phi_reg_1401 |   16   |
| data_27_val126_rewind_reg_980|   16   |
|  data_28_val127_phi_reg_1414 |   16   |
| data_28_val127_rewind_reg_994|   16   |
|  data_29_val128_phi_reg_1427 |   16   |
|data_29_val128_rewind_reg_1008|   16   |
|  data_2_val101_phi_reg_1076  |   16   |
| data_2_val101_rewind_reg_630 |   16   |
|  data_30_val129_phi_reg_1440 |   16   |
|data_30_val129_rewind_reg_1022|   16   |
|  data_31_val130_phi_reg_1453 |   16   |
|data_31_val130_rewind_reg_1036|   16   |
|  data_3_val102_phi_reg_1089  |   16   |
| data_3_val102_rewind_reg_644 |   16   |
|  data_4_val103_phi_reg_1102  |   16   |
| data_4_val103_rewind_reg_658 |   16   |
|  data_5_val104_phi_reg_1115  |   16   |
| data_5_val104_rewind_reg_672 |   16   |
|  data_6_val105_phi_reg_1128  |   16   |
| data_6_val105_rewind_reg_686 |   16   |
|  data_7_val106_phi_reg_1141  |   16   |
| data_7_val106_rewind_reg_700 |   16   |
|  data_8_val107_phi_reg_1154  |   16   |
| data_8_val107_rewind_reg_714 |   16   |
|  data_9_val108_phi_reg_1167  |   16   |
| data_9_val108_rewind_reg_728 |   16   |
|        do_init_reg_571       |    1   |
|      icmp_ln46_reg_4168      |    1   |
|          ir_reg_587          |    5   |
|      res_0_096_reg_1466      |   16   |
|      res_10_076_reg_1606     |   16   |
|      res_11_074_reg_1620     |   16   |
|      res_12_072_reg_1634     |   16   |
|      res_13_070_reg_1648     |   16   |
|     res_1445_068_reg_1662    |   16   |
|      res_15_066_reg_1676     |   16   |
|      res_16_064_reg_1690     |   16   |
|      res_17_062_reg_1704     |   16   |
|      res_18_060_reg_1718     |   16   |
|      res_19_058_reg_1732     |   16   |
|      res_1_094_reg_1480      |   16   |
|      res_20_056_reg_1746     |   16   |
|      res_21_054_reg_1760     |   16   |
|      res_22_052_reg_1774     |   16   |
|      res_23_050_reg_1788     |   16   |
|      res_24_048_reg_1802     |   16   |
|      res_25_046_reg_1816     |   16   |
|      res_26_044_reg_1830     |   16   |
|     res_2786_042_reg_1844    |   16   |
|      res_28_040_reg_1858     |   16   |
|      res_29_038_reg_1872     |   16   |
|      res_2_092_reg_1494      |   16   |
|      res_30_036_reg_1886     |   16   |
|      res_31_034_reg_1900     |   16   |
|      res_32_032_reg_1914     |   16   |
|      res_33_030_reg_1928     |   16   |
|      res_34_028_reg_1942     |   16   |
|      res_35_026_reg_1956     |   16   |
|      res_36_024_reg_1970     |   16   |
|      res_37_022_reg_1984     |   16   |
|      res_38_020_reg_1998     |   16   |
|      res_39_018_reg_2012     |   16   |
|      res_3_090_reg_1508      |   16   |
|      res_40_016_reg_2026     |   16   |
|      res_41_014_reg_2040     |   16   |
|      res_42_012_reg_2054     |   16   |
|      res_43_010_reg_2068     |   16   |
|      res_44_08_reg_2082      |   16   |
|      res_45_06_reg_2096      |   16   |
|      res_46_04_reg_2110      |   16   |
|      res_4_088_reg_1522      |   16   |
|      res_5_086_reg_1536      |   16   |
|      res_6_084_reg_1550      |   16   |
|      res_7_082_reg_1564      |   16   |
|      res_8_080_reg_1578      |   16   |
|      res_9_078_reg_1592      |   16   |
|     sext_ln73_10_reg_4468    |   26   |
|     sext_ln73_11_reg_4473    |   26   |
|     sext_ln73_12_reg_4478    |   26   |
|     sext_ln73_13_reg_4483    |   26   |
|     sext_ln73_14_reg_4488    |   26   |
|     sext_ln73_15_reg_4493    |   26   |
|     sext_ln73_16_reg_4498    |   26   |
|     sext_ln73_17_reg_4503    |   26   |
|     sext_ln73_18_reg_4508    |   26   |
|     sext_ln73_19_reg_4513    |   26   |
|     sext_ln73_20_reg_4518    |   26   |
|     sext_ln73_21_reg_4523    |   26   |
|     sext_ln73_22_reg_4528    |   26   |
|     sext_ln73_23_reg_4533    |   26   |
|     sext_ln73_24_reg_4538    |   26   |
|     sext_ln73_25_reg_4543    |   26   |
|     sext_ln73_26_reg_4548    |   26   |
|     sext_ln73_27_reg_4553    |   26   |
|     sext_ln73_28_reg_4558    |   26   |
|     sext_ln73_29_reg_4563    |   26   |
|     sext_ln73_30_reg_4568    |   26   |
|     sext_ln73_31_reg_4573    |   26   |
|     sext_ln73_32_reg_4578    |   26   |
|     sext_ln73_33_reg_4583    |   26   |
|     sext_ln73_34_reg_4588    |   26   |
|     sext_ln73_35_reg_4593    |   26   |
|     sext_ln73_36_reg_4598    |   26   |
|     sext_ln73_37_reg_4603    |   26   |
|     sext_ln73_38_reg_4608    |   26   |
|     sext_ln73_39_reg_4613    |   26   |
|     sext_ln73_40_reg_4618    |   26   |
|     sext_ln73_41_reg_4623    |   26   |
|     sext_ln73_42_reg_4628    |   26   |
|     sext_ln73_43_reg_4633    |   26   |
|     sext_ln73_44_reg_4638    |   26   |
|     sext_ln73_45_reg_4643    |   26   |
|     sext_ln73_46_reg_4648    |   26   |
|     sext_ln73_47_reg_4653    |   26   |
|     sext_ln73_48_reg_4658    |   26   |
|     sext_ln73_49_reg_4663    |   26   |
|     sext_ln73_50_reg_4668    |   26   |
|     sext_ln73_51_reg_4673    |   26   |
|     sext_ln73_52_reg_4678    |   26   |
|     sext_ln73_53_reg_4683    |   26   |
|     sext_ln73_54_reg_4688    |   26   |
|     sext_ln73_55_reg_4693    |   26   |
|     sext_ln73_9_reg_4417     |   26   |
|      sext_ln73_reg_4412      |   26   |
|         tmp_reg_4407         |   11   |
|      trunc_ln4_reg_4698      |   16   |
|    trunc_ln58_10_reg_4753    |   16   |
|    trunc_ln58_11_reg_4758    |   16   |
|    trunc_ln58_12_reg_4763    |   16   |
|    trunc_ln58_13_reg_4768    |   16   |
|    trunc_ln58_14_reg_4773    |   16   |
|    trunc_ln58_15_reg_4778    |   16   |
|    trunc_ln58_16_reg_4783    |   16   |
|    trunc_ln58_17_reg_4788    |   16   |
|    trunc_ln58_18_reg_4793    |   16   |
|    trunc_ln58_19_reg_4798    |   16   |
|     trunc_ln58_1_reg_4718    |   16   |
|    trunc_ln58_20_reg_4803    |   16   |
|    trunc_ln58_21_reg_4808    |   16   |
|    trunc_ln58_22_reg_4813    |   16   |
|    trunc_ln58_23_reg_4818    |   16   |
|    trunc_ln58_24_reg_4823    |   16   |
|    trunc_ln58_25_reg_4828    |   16   |
|    trunc_ln58_26_reg_4833    |   16   |
|    trunc_ln58_27_reg_4838    |   16   |
|    trunc_ln58_28_reg_4843    |   16   |
|    trunc_ln58_29_reg_4848    |   16   |
|     trunc_ln58_2_reg_4723    |   16   |
|    trunc_ln58_30_reg_4853    |   16   |
|    trunc_ln58_31_reg_4858    |   16   |
|    trunc_ln58_32_reg_4863    |   16   |
|    trunc_ln58_33_reg_4868    |   16   |
|    trunc_ln58_34_reg_4873    |   16   |
|    trunc_ln58_35_reg_4878    |   16   |
|    trunc_ln58_36_reg_4883    |   16   |
|    trunc_ln58_37_reg_4888    |   16   |
|    trunc_ln58_38_reg_4893    |   16   |
|    trunc_ln58_39_reg_4898    |   16   |
|     trunc_ln58_3_reg_4728    |   16   |
|    trunc_ln58_40_reg_4903    |   16   |
|    trunc_ln58_41_reg_4908    |   16   |
|    trunc_ln58_42_reg_4913    |   16   |
|    trunc_ln58_43_reg_4918    |   16   |
|    trunc_ln58_44_reg_4923    |   16   |
|    trunc_ln58_45_reg_4928    |   16   |
|     trunc_ln58_4_reg_4733    |   16   |
|     trunc_ln58_5_reg_4738    |   16   |
|     trunc_ln58_6_reg_4743    |   16   |
|     trunc_ln58_7_reg_4748    |   16   |
|     trunc_ln58_8_reg_4703    |   16   |
|     trunc_ln58_9_reg_4708    |   16   |
|     trunc_ln58_s_reg_4713    |   16   |
|       w26_addr_reg_4158      |    5   |
|         w_10_reg_4197        |   16   |
|         w_11_reg_4202        |   16   |
|         w_12_reg_4207        |   16   |
|         w_13_reg_4212        |   16   |
|         w_14_reg_4217        |   16   |
|         w_15_reg_4222        |   16   |
|         w_16_reg_4227        |   16   |
|         w_17_reg_4232        |   16   |
|         w_18_reg_4237        |   16   |
|         w_19_reg_4242        |   16   |
|         w_20_reg_4247        |   16   |
|         w_21_reg_4252        |   16   |
|         w_22_reg_4257        |   16   |
|         w_23_reg_4262        |   16   |
|         w_24_reg_4267        |   16   |
|         w_25_reg_4272        |   16   |
|         w_26_reg_4277        |   16   |
|         w_27_reg_4282        |   16   |
|         w_28_reg_4287        |   16   |
|         w_29_reg_4292        |   16   |
|         w_30_reg_4297        |   16   |
|         w_31_reg_4302        |   16   |
|         w_32_reg_4307        |   16   |
|         w_33_reg_4312        |   16   |
|         w_34_reg_4317        |   16   |
|         w_35_reg_4322        |   16   |
|         w_36_reg_4327        |   16   |
|         w_37_reg_4332        |   16   |
|         w_38_reg_4337        |   16   |
|         w_39_reg_4342        |   16   |
|         w_40_reg_4347        |   16   |
|         w_41_reg_4352        |   16   |
|         w_42_reg_4357        |   16   |
|         w_43_reg_4362        |   16   |
|         w_44_reg_4367        |   16   |
|         w_45_reg_4372        |   16   |
|         w_46_reg_4377        |   16   |
|         w_47_reg_4382        |   16   |
|         w_48_reg_4387        |   16   |
|         w_49_reg_4392        |   16   |
|         w_50_reg_4397        |   16   |
|         w_51_reg_4402        |   16   |
|         w_7_reg_4182         |   16   |
|         w_8_reg_4187         |   16   |
|         w_9_reg_4192         |   16   |
|       w_index_reg_4163       |    5   |
|          w_reg_4177          |   16   |
+------------------------------+--------+
|             Total            |  5308  |
+------------------------------+--------+

* Multiplexer (MUX) list: 
|-------------------|------|------|------|--------||---------||---------||---------|
|        Comp       |  Pin | Size |  BW  | S x BW ||  Delay  ||    FF   ||   LUT   |
|-------------------|------|------|------|--------||---------||---------||---------|
| grp_access_fu_565 |  p0  |   2  |   5  |   10   ||    0    ||    9    |
|  do_init_reg_571  |  p0  |   2  |   1  |    2   ||    0    ||    9    |
|     ir_reg_587    |  p0  |   2  |   5  |   10   ||    0    ||    9    |
|    grp_fu_2747    |  p0  |   2  |  16  |   32   ||    0    ||    9    |
|    grp_fu_2747    |  p1  |   2  |  16  |   32   ||    0    ||    9    |
|    grp_fu_2756    |  p0  |   2  |  16  |   32   ||    0    ||    9    |
|    grp_fu_2756    |  p1  |   2  |  16  |   32   ||    0    ||    9    |
|    grp_fu_2765    |  p0  |   2  |  16  |   32   ||    0    ||    9    |
|    grp_fu_2765    |  p1  |   2  |  16  |   32   ||    0    ||    9    |
|    grp_fu_2774    |  p0  |   2  |  16  |   32   ||    0    ||    9    |
|    grp_fu_2774    |  p1  |   2  |  16  |   32   ||    0    ||    9    |
|    grp_fu_2783    |  p0  |   2  |  16  |   32   ||    0    ||    9    |
|    grp_fu_2783    |  p1  |   2  |  16  |   32   ||    0    ||    9    |
|    grp_fu_2792    |  p0  |   2  |  16  |   32   ||    0    ||    9    |
|    grp_fu_2792    |  p1  |   2  |  16  |   32   ||    0    ||    9    |
|    grp_fu_2801    |  p0  |   2  |  16  |   32   ||    0    ||    9    |
|    grp_fu_2801    |  p1  |   2  |  16  |   32   ||    0    ||    9    |
|    grp_fu_2810    |  p0  |   2  |  16  |   32   ||    0    ||    9    |
|    grp_fu_2810    |  p1  |   2  |  16  |   32   ||    0    ||    9    |
|    grp_fu_2819    |  p0  |   2  |  16  |   32   ||    0    ||    9    |
|    grp_fu_2819    |  p1  |   2  |  16  |   32   ||    0    ||    9    |
|    grp_fu_2828    |  p0  |   2  |  16  |   32   ||    0    ||    9    |
|    grp_fu_2828    |  p1  |   2  |  16  |   32   ||    0    ||    9    |
|    grp_fu_2837    |  p0  |   2  |  16  |   32   ||    0    ||    9    |
|    grp_fu_2837    |  p1  |   2  |  16  |   32   ||    0    ||    9    |
|    grp_fu_2846    |  p0  |   2  |  16  |   32   ||    0    ||    9    |
|    grp_fu_2846    |  p1  |   2  |  16  |   32   ||    0    ||    9    |
|    grp_fu_2855    |  p0  |   2  |  16  |   32   ||    0    ||    9    |
|    grp_fu_2855    |  p1  |   2  |  16  |   32   ||    0    ||    9    |
|    grp_fu_2864    |  p0  |   2  |  16  |   32   ||    0    ||    9    |
|    grp_fu_2864    |  p1  |   2  |  16  |   32   ||    0    ||    9    |
|    grp_fu_2873    |  p0  |   2  |  16  |   32   ||    0    ||    9    |
|    grp_fu_2873    |  p1  |   2  |  16  |   32   ||    0    ||    9    |
|    grp_fu_2882    |  p0  |   2  |  16  |   32   ||    0    ||    9    |
|    grp_fu_2882    |  p1  |   2  |  16  |   32   ||    0    ||    9    |
|    grp_fu_2891    |  p0  |   2  |  16  |   32   ||    0    ||    9    |
|    grp_fu_2891    |  p1  |   2  |  16  |   32   ||    0    ||    9    |
|    grp_fu_2900    |  p0  |   2  |  16  |   32   ||    0    ||    9    |
|    grp_fu_2900    |  p1  |   2  |  16  |   32   ||    0    ||    9    |
|    grp_fu_2909    |  p0  |   2  |  16  |   32   ||    0    ||    9    |
|    grp_fu_2909    |  p1  |   2  |  16  |   32   ||    0    ||    9    |
|    grp_fu_2918    |  p0  |   2  |  16  |   32   ||    0    ||    9    |
|    grp_fu_2918    |  p1  |   2  |  16  |   32   ||    0    ||    9    |
|    grp_fu_2927    |  p0  |   2  |  16  |   32   ||    0    ||    9    |
|    grp_fu_2927    |  p1  |   2  |  16  |   32   ||    0    ||    9    |
|    grp_fu_2936    |  p0  |   2  |  16  |   32   ||    0    ||    9    |
|    grp_fu_2936    |  p1  |   2  |  16  |   32   ||    0    ||    9    |
|    grp_fu_2945    |  p0  |   2  |  16  |   32   ||    0    ||    9    |
|    grp_fu_2945    |  p1  |   2  |  16  |   32   ||    0    ||    9    |
|    grp_fu_2954    |  p0  |   2  |  16  |   32   ||    0    ||    9    |
|    grp_fu_2954    |  p1  |   2  |  16  |   32   ||    0    ||    9    |
|    grp_fu_2963    |  p0  |   2  |  16  |   32   ||    0    ||    9    |
|    grp_fu_2963    |  p1  |   2  |  16  |   32   ||    0    ||    9    |
|    grp_fu_2972    |  p0  |   2  |  16  |   32   ||    0    ||    9    |
|    grp_fu_2972    |  p1  |   2  |  16  |   32   ||    0    ||    9    |
|    grp_fu_2981    |  p0  |   2  |  16  |   32   ||    0    ||    9    |
|    grp_fu_2981    |  p1  |   2  |  16  |   32   ||    0    ||    9    |
|    grp_fu_2990    |  p0  |   2  |  16  |   32   ||    0    ||    9    |
|    grp_fu_2990    |  p1  |   2  |  16  |   32   ||    0    ||    9    |
|    grp_fu_2999    |  p0  |   2  |  16  |   32   ||    0    ||    9    |
|    grp_fu_2999    |  p1  |   2  |  16  |   32   ||    0    ||    9    |
|    grp_fu_3008    |  p0  |   2  |  16  |   32   ||    0    ||    9    |
|    grp_fu_3008    |  p1  |   2  |  16  |   32   ||    0    ||    9    |
|    grp_fu_3017    |  p0  |   2  |  16  |   32   ||    0    ||    9    |
|    grp_fu_3017    |  p1  |   2  |  16  |   32   ||    0    ||    9    |
|    grp_fu_3026    |  p0  |   2  |  16  |   32   ||    0    ||    9    |
|    grp_fu_3026    |  p1  |   2  |  16  |   32   ||    0    ||    9    |
|    grp_fu_3035    |  p0  |   2  |  16  |   32   ||    0    ||    9    |
|    grp_fu_3035    |  p1  |   2  |  16  |   32   ||    0    ||    9    |
|    grp_fu_3044    |  p0  |   2  |  16  |   32   ||    0    ||    9    |
|    grp_fu_3044    |  p1  |   2  |  16  |   32   ||    0    ||    9    |
|    grp_fu_3053    |  p0  |   2  |  16  |   32   ||    0    ||    9    |
|    grp_fu_3053    |  p1  |   2  |  16  |   32   ||    0    ||    9    |
|    grp_fu_3062    |  p0  |   2  |  16  |   32   ||    0    ||    9    |
|    grp_fu_3062    |  p1  |   2  |  16  |   32   ||    0    ||    9    |
|    grp_fu_3071    |  p0  |   2  |  16  |   32   ||    0    ||    9    |
|    grp_fu_3071    |  p1  |   2  |  16  |   32   ||    0    ||    9    |
|    grp_fu_3080    |  p0  |   2  |  16  |   32   ||    0    ||    9    |
|    grp_fu_3080    |  p1  |   2  |  16  |   32   ||    0    ||    9    |
|    grp_fu_3089    |  p0  |   2  |  16  |   32   ||    0    ||    9    |
|    grp_fu_3089    |  p1  |   2  |  16  |   32   ||    0    ||    9    |
|    grp_fu_3098    |  p0  |   2  |  16  |   32   ||    0    ||    9    |
|    grp_fu_3098    |  p1  |   2  |  16  |   32   ||    0    ||    9    |
|    grp_fu_3107    |  p0  |   2  |  16  |   32   ||    0    ||    9    |
|    grp_fu_3107    |  p1  |   2  |  16  |   32   ||    0    ||    9    |
|    grp_fu_3116    |  p0  |   2  |  16  |   32   ||    0    ||    9    |
|    grp_fu_3116    |  p1  |   2  |  16  |   32   ||    0    ||    9    |
|    grp_fu_3125    |  p0  |   2  |  16  |   32   ||    0    ||    9    |
|    grp_fu_3125    |  p1  |   2  |  16  |   32   ||    0    ||    9    |
|    grp_fu_3134    |  p0  |   2  |  16  |   32   ||    0    ||    9    |
|    grp_fu_3134    |  p1  |   2  |  16  |   32   ||    0    ||    9    |
|    grp_fu_3143    |  p0  |   2  |  16  |   32   ||    0    ||    9    |
|    grp_fu_3143    |  p1  |   2  |  16  |   32   ||    0    ||    9    |
|    grp_fu_3152    |  p0  |   2  |  16  |   32   ||    0    ||    9    |
|    grp_fu_3152    |  p1  |   2  |  16  |   32   ||    0    ||    9    |
|    grp_fu_3161    |  p0  |   2  |  16  |   32   ||    0    ||    9    |
|    grp_fu_3161    |  p1  |   2  |  11  |   22   ||    0    ||    9    |
|-------------------|------|------|------|--------||---------||---------||---------|
|       Total       |      |      |      |  3020  ||  156.17 ||    0    ||   873   |
|-------------------|------|------|------|--------||---------||---------||---------|



* Summary:
+-----------+--------+--------+--------+--------+
|           |   DSP  |  Delay |   FF   |   LUT  |
+-----------+--------+--------+--------+--------+
|  Function |   47   |    -   |  3149  |  1349  |
|   Memory  |    -   |    -   |    -   |    -   |
|Multiplexer|    -   |   156  |    0   |   873  |
|  Register |    -   |    -   |  5308  |    -   |
+-----------+--------+--------+--------+--------+
|   Total   |   47   |   156  |  8457  |  2222  |
+-----------+--------+--------+--------+--------+
