

================================================================
== Vitis HLS Report for 'dense_resource_rf_leq_nin_ap_fixed_ap_fixed_16_6_5_3_0_config27_mult_s'
================================================================
* Date:           Tue Oct  6 08:53:46 2026

* Version:        2026.1 (Build 6493734 on Jun 16 2026)
* Project:        myproject_prj
* Solution:       solution1
* Product family: artix7
* Target device:  xc7a35t-ftg256-1


================================================================
== Performance Estimates
================================================================
+ Timing: 
    * Summary: 
    +--------+---------+----------+------------+
    |  Clock |  Target | Estimated| Uncertainty|
    +--------+---------+----------+------------+
    |ap_clk  |  5.00 ns|  3.352 ns|     1.35 ns|
    +--------+---------+----------+------------+

+ Latency: 
    * Summary: 
    +---------+---------+-----------+-----------+-----+-----+------------------------------------+
    |  Latency (cycles) |   Latency (absolute)  |  Interval |              Pipeline              |
    |   min   |   max   |    min    |    max    | min | max |                Type                |
    +---------+---------+-----------+-----------+-----+-----+------------------------------------+
    |       12|       13|  60.000 ns|  65.000 ns|    9|    9|  loop rewind stp (delay=0 cycle(s))|
    +---------+---------+-----------+-----------+-----+-----+------------------------------------+

    + Detail: 
        * Instance: 
        N/A

        * Loop: 
        +-------------+---------+---------+----------+-----------+-----------+------+----------+
        |             |  Latency (cycles) | Iteration|  Initiation Interval  | Trip |          |
        |  Loop Name  |   min   |   max   |  Latency |  achieved |   target  | Count| Pipelined|
        +-------------+---------+---------+----------+-----------+-----------+------+----------+
        |- ReuseLoop  |       12|       12|         5|          1|          1|     9|       yes|
        +-------------+---------+---------+----------+-----------+-----------+------+----------+

============================================================
+ Verbose Summary: Synthesis Manager
============================================================
InlineROM: 1
ExposeGlobal: 0
============================================================
+ Verbose Summary: CDFG Model
============================================================
IsTopModel: 0
ResetActiveHigh: 1
IsCombinational: 0
IsDatapathOnly: 0
HasWiredReturn: 1
HasMFsm: 2
HasVarLatency: 1
IsPipeline: 0
IsRtlPipelined: 0
IsInstanceOverlapped: 0
IsDontTouch: 0
HasImplIP: 0
IsGatedGlobalClock: 0

+ Individual pipeline summary: 
  * Pipeline-0: initiation interval (II) = 1, depth = 5


============================================================
+ Verbose Summary: Schedule
============================================================
* Number of FSM states : 6
* Pipeline : 1
  Pipeline-0 : II = 1, D = 5, States = { 2 3 4 5 6 }
* Dataflow Pipeline: 0

* FSM state transitions: 
1 --> 2 
2 --> 3 
3 --> 4 
4 --> 5 
5 --> 6 
6 --> 2 

* FSM state operations: 

State 1 <SV = 0> <Delay = 1.61>
ST_1 : Operation 7 [1/1] (1.61ns)   --->   "%br_ln46 = br void %rewind_header" [firmware/nnet_utils/nnet_dense_resource.h:46]   --->   Operation 7 'br' 'br_ln46' <Predicate = true> <Delay = 1.61>

State 2 <SV = 1> <Delay = 3.25>
ST_2 : Operation 8 [1/1] (0.00ns)   --->   "%do_init = phi i1 1, void %entry, i1 0, void %MultLoop.split.i, i1 1, void %dense_resource_rf_leq_nin<ap_fixed<16, 6, 5, 3, 0>, ap_fixed<16, 6, 5, 3, 0>, config27_mult>.exit"   --->   Operation 8 'phi' 'do_init' <Predicate = true> <Delay = 0.00>
ST_2 : Operation 9 [1/1] (0.00ns)   --->   "%ir = phi i4 0, void %entry, i4 %w_index, void %MultLoop.split.i, i4 0, void %dense_resource_rf_leq_nin<ap_fixed<16, 6, 5, 3, 0>, ap_fixed<16, 6, 5, 3, 0>, config27_mult>.exit"   --->   Operation 9 'phi' 'ir' <Predicate = true> <Delay = 0.00>
ST_2 : Operation 10 [1/1] (1.61ns)   --->   "%br_ln0 = br i1 %do_init, void %MultLoop.split.i, void %rewind_init"   --->   Operation 10 'br' 'br_ln0' <Predicate = true> <Delay = 1.61>
ST_2 : Operation 11 [1/1] (1.61ns)   --->   "%br_ln46 = br void %MultLoop.split.i" [firmware/nnet_utils/nnet_dense_resource.h:46]   --->   Operation 11 'br' 'br_ln46' <Predicate = (do_init)> <Delay = 1.61>
ST_2 : Operation 12 [1/1] (0.00ns)   --->   "%zext_ln46 = zext i4 %ir" [firmware/nnet_utils/nnet_dense_resource.h:46]   --->   Operation 12 'zext' 'zext_ln46' <Predicate = true> <Delay = 0.00>
ST_2 : Operation 13 [1/1] (0.00ns)   --->   "%w27_addr = getelementptr i123 %w27, i64 0, i64 %zext_ln46" [firmware/nnet_utils/nnet_dense_resource.h:59]   --->   Operation 13 'getelementptr' 'w27_addr' <Predicate = true> <Delay = 0.00>
ST_2 : Operation 14 [2/2] (3.25ns)   --->   "%w27_load = load i4 %w27_addr" [firmware/nnet_utils/nnet_dense_resource.h:59]   --->   Operation 14 'load' 'w27_load' <Predicate = true> <Delay = 3.25> <CoreInst = "ROM_nP_BRAM">   --->   Core 102 'ROM_nP_BRAM' <Latency = 1> <II = 1> <Delay = 3.25> <Storage> <Opcode : 'load'> <Ports = 0> <Width = 123> <Depth = 9> <ROM>
ST_2 : Operation 15 [1/1] (1.77ns)   --->   "%w_index = add i4 %ir, i4 1" [firmware/nnet_utils/nnet_dense_resource.h:46]   --->   Operation 15 'add' 'w_index' <Predicate = true> <Delay = 1.77> <CoreInst = "Adder">   --->   Core 1 'Adder' <Latency = 0> <II = 1> <Delay = 1.77> <FuncUnit> <Opcode : 'add' 'sub'> <InPorts = 2> <OutPorts = 1>
ST_2 : Operation 16 [1/1] (1.77ns)   --->   "%icmp_ln46 = icmp_eq  i4 %ir, i4 8" [firmware/nnet_utils/nnet_dense_resource.h:46]   --->   Operation 16 'icmp' 'icmp_ln46' <Predicate = true> <Delay = 1.77> <CoreInst = "Cmp">   --->   Core 9 'Cmp' <Latency = 0> <II = 1> <Delay = 1.77> <FuncUnit> <Opcode : 'seteq' 'setne' 'setle' 'setge' 'setlt' 'setgt'> <InPorts = 2> <OutPorts = 1>
ST_2 : Operation 17 [1/1] (0.00ns)   --->   "%br_ln46 = br i1 %icmp_ln46, void %rewind_header, void %dense_resource_rf_leq_nin<ap_fixed<16, 6, 5, 3, 0>, ap_fixed<16, 6, 5, 3, 0>, config27_mult>.exit" [firmware/nnet_utils/nnet_dense_resource.h:46]   --->   Operation 17 'br' 'br_ln46' <Predicate = true> <Delay = 0.00>
ST_2 : Operation 18 [1/1] (0.00ns)   --->   "%br_ln0 = br void %rewind_header"   --->   Operation 18 'br' 'br_ln0' <Predicate = (icmp_ln46)> <Delay = 0.00>

State 3 <SV = 2> <Delay = 3.25>
ST_3 : Operation 19 [1/1] (0.00ns)   --->   "%void_compute_output_buffer_2d_array_const_ap_shift_reg_n_chan_stream_weig_45 = phi i16 0, void %entry, i16 %void_compute_output_buffer_2d_array_const_ap_shift_reg_n_chan_stream_weig_27, void %MultLoop.split.i, i16 0, void %dense_resource_rf_leq_nin<ap_fixed<16, 6, 5, 3, 0>, ap_fixed<16, 6, 5, 3, 0>, config27_mult>.exit"   --->   Operation 19 'phi' 'void_compute_output_buffer_2d_array_const_ap_shift_reg_n_chan_stream_weig_45' <Predicate = true> <Delay = 0.00>
ST_3 : Operation 20 [1/1] (0.00ns)   --->   "%void_compute_output_buffer_2d_array_const_ap_shift_reg_n_chan_stream_weig_46 = phi i16 0, void %entry, i16 %void_compute_output_buffer_2d_array_const_ap_shift_reg_n_chan_stream_weig_28, void %MultLoop.split.i, i16 0, void %dense_resource_rf_leq_nin<ap_fixed<16, 6, 5, 3, 0>, ap_fixed<16, 6, 5, 3, 0>, config27_mult>.exit"   --->   Operation 20 'phi' 'void_compute_output_buffer_2d_array_const_ap_shift_reg_n_chan_stream_weig_46' <Predicate = true> <Delay = 0.00>
ST_3 : Operation 21 [1/1] (0.00ns)   --->   "%void_compute_output_buffer_2d_array_const_ap_shift_reg_n_chan_stream_weig_47 = phi i16 0, void %entry, i16 %void_compute_output_buffer_2d_array_const_ap_shift_reg_n_chan_stream_weig_29, void %MultLoop.split.i, i16 0, void %dense_resource_rf_leq_nin<ap_fixed<16, 6, 5, 3, 0>, ap_fixed<16, 6, 5, 3, 0>, config27_mult>.exit"   --->   Operation 21 'phi' 'void_compute_output_buffer_2d_array_const_ap_shift_reg_n_chan_stream_weig_47' <Predicate = true> <Delay = 0.00>
ST_3 : Operation 22 [1/1] (0.00ns)   --->   "%void_compute_output_buffer_2d_array_const_ap_shift_reg_n_chan_stream_weig_48 = phi i16 0, void %entry, i16 %void_compute_output_buffer_2d_array_const_ap_shift_reg_n_chan_stream_weig_30, void %MultLoop.split.i, i16 0, void %dense_resource_rf_leq_nin<ap_fixed<16, 6, 5, 3, 0>, ap_fixed<16, 6, 5, 3, 0>, config27_mult>.exit"   --->   Operation 22 'phi' 'void_compute_output_buffer_2d_array_const_ap_shift_reg_n_chan_stream_weig_48' <Predicate = true> <Delay = 0.00>
ST_3 : Operation 23 [1/1] (0.00ns)   --->   "%void_compute_output_buffer_2d_array_const_ap_shift_reg_n_chan_stream_weig_49 = phi i16 0, void %entry, i16 %void_compute_output_buffer_2d_array_const_ap_shift_reg_n_chan_stream_weig_31, void %MultLoop.split.i, i16 0, void %dense_resource_rf_leq_nin<ap_fixed<16, 6, 5, 3, 0>, ap_fixed<16, 6, 5, 3, 0>, config27_mult>.exit"   --->   Operation 23 'phi' 'void_compute_output_buffer_2d_array_const_ap_shift_reg_n_chan_stream_weig_49' <Predicate = true> <Delay = 0.00>
ST_3 : Operation 24 [1/1] (0.00ns)   --->   "%void_compute_output_buffer_2d_array_const_ap_shift_reg_n_chan_stream_weig_50 = phi i16 0, void %entry, i16 %void_compute_output_buffer_2d_array_const_ap_shift_reg_n_chan_stream_weig_32, void %MultLoop.split.i, i16 0, void %dense_resource_rf_leq_nin<ap_fixed<16, 6, 5, 3, 0>, ap_fixed<16, 6, 5, 3, 0>, config27_mult>.exit"   --->   Operation 24 'phi' 'void_compute_output_buffer_2d_array_const_ap_shift_reg_n_chan_stream_weig_50' <Predicate = true> <Delay = 0.00>
ST_3 : Operation 25 [1/1] (0.00ns)   --->   "%void_compute_output_buffer_2d_array_const_ap_shift_reg_n_chan_stream_weig_51 = phi i16 0, void %entry, i16 %void_compute_output_buffer_2d_array_const_ap_shift_reg_n_chan_stream_weig_33, void %MultLoop.split.i, i16 0, void %dense_resource_rf_leq_nin<ap_fixed<16, 6, 5, 3, 0>, ap_fixed<16, 6, 5, 3, 0>, config27_mult>.exit"   --->   Operation 25 'phi' 'void_compute_output_buffer_2d_array_const_ap_shift_reg_n_chan_stream_weig_51' <Predicate = true> <Delay = 0.00>
ST_3 : Operation 26 [1/1] (0.00ns)   --->   "%void_compute_output_buffer_2d_array_const_ap_shift_reg_n_chan_stream_weig_52 = phi i16 0, void %entry, i16 %void_compute_output_buffer_2d_array_const_ap_shift_reg_n_chan_stream_weig_34, void %MultLoop.split.i, i16 0, void %dense_resource_rf_leq_nin<ap_fixed<16, 6, 5, 3, 0>, ap_fixed<16, 6, 5, 3, 0>, config27_mult>.exit"   --->   Operation 26 'phi' 'void_compute_output_buffer_2d_array_const_ap_shift_reg_n_chan_stream_weig_52' <Predicate = true> <Delay = 0.00>
ST_3 : Operation 27 [1/1] (0.00ns)   --->   "%void_compute_output_buffer_2d_array_const_ap_shift_reg_n_chan_stream_weig_53 = phi i16 0, void %entry, i16 %void_compute_output_buffer_2d_array_const_ap_shift_reg_n_chan_stream_weig_35, void %MultLoop.split.i, i16 0, void %dense_resource_rf_leq_nin<ap_fixed<16, 6, 5, 3, 0>, ap_fixed<16, 6, 5, 3, 0>, config27_mult>.exit"   --->   Operation 27 'phi' 'void_compute_output_buffer_2d_array_const_ap_shift_reg_n_chan_stream_weig_53' <Predicate = true> <Delay = 0.00>
ST_3 : Operation 28 [1/1] (0.00ns)   --->   "%specmemcore_ln0 = specmemcore void @_ssdm_op_SpecMemCore, i123 %w27, i64 666, i64 38, i64 18446744073709551615, i1 0"   --->   Operation 28 'specmemcore' 'specmemcore_ln0' <Predicate = (do_init)> <Delay = 0.00>
ST_3 : Operation 29 [1/1] (0.00ns)   --->   "%void_compute_output_buffer_2d_array_const_ap_shift_reg_n_chan_stream_weig_36 = load i16 %void_compute_output_buffer_2d_array_const_ap_shift_reg_n_chan_stream_weig_18"   --->   Operation 29 'load' 'void_compute_output_buffer_2d_array_const_ap_shift_reg_n_chan_stream_weig_36' <Predicate = (do_init)> <Delay = 0.00>
ST_3 : Operation 30 [1/1] (0.00ns)   --->   "%void_compute_output_buffer_2d_array_const_ap_shift_reg_n_chan_stream_weig_37 = load i16 %void_compute_output_buffer_2d_array_const_ap_shift_reg_n_chan_stream_weig_17"   --->   Operation 30 'load' 'void_compute_output_buffer_2d_array_const_ap_shift_reg_n_chan_stream_weig_37' <Predicate = (do_init)> <Delay = 0.00>
ST_3 : Operation 31 [1/1] (0.00ns)   --->   "%void_compute_output_buffer_2d_array_const_ap_shift_reg_n_chan_stream_weig_38 = load i16 %void_compute_output_buffer_2d_array_const_ap_shift_reg_n_chan_stream_weig_16"   --->   Operation 31 'load' 'void_compute_output_buffer_2d_array_const_ap_shift_reg_n_chan_stream_weig_38' <Predicate = (do_init)> <Delay = 0.00>
ST_3 : Operation 32 [1/1] (0.00ns)   --->   "%void_compute_output_buffer_2d_array_const_ap_shift_reg_n_chan_stream_weig_39 = load i16 %void_compute_output_buffer_2d_array_const_ap_shift_reg_n_chan_stream_weig_15"   --->   Operation 32 'load' 'void_compute_output_buffer_2d_array_const_ap_shift_reg_n_chan_stream_weig_39' <Predicate = (do_init)> <Delay = 0.00>
ST_3 : Operation 33 [1/1] (0.00ns)   --->   "%void_compute_output_buffer_2d_array_const_ap_shift_reg_n_chan_stream_weig_40 = load i16 %void_compute_output_buffer_2d_array_const_ap_shift_reg_n_chan_stream_weig_14"   --->   Operation 33 'load' 'void_compute_output_buffer_2d_array_const_ap_shift_reg_n_chan_stream_weig_40' <Predicate = (do_init)> <Delay = 0.00>
ST_3 : Operation 34 [1/1] (0.00ns)   --->   "%void_compute_output_buffer_2d_array_const_ap_shift_reg_n_chan_stream_weig_41 = load i16 %void_compute_output_buffer_2d_array_const_ap_shift_reg_n_chan_stream_weig_13"   --->   Operation 34 'load' 'void_compute_output_buffer_2d_array_const_ap_shift_reg_n_chan_stream_weig_41' <Predicate = (do_init)> <Delay = 0.00>
ST_3 : Operation 35 [1/1] (0.00ns)   --->   "%void_compute_output_buffer_2d_array_const_ap_shift_reg_n_chan_stream_weig_42 = load i16 %void_compute_output_buffer_2d_array_const_ap_shift_reg_n_chan_stream_weig_12"   --->   Operation 35 'load' 'void_compute_output_buffer_2d_array_const_ap_shift_reg_n_chan_stream_weig_42' <Predicate = (do_init)> <Delay = 0.00>
ST_3 : Operation 36 [1/1] (0.00ns)   --->   "%void_compute_output_buffer_2d_array_const_ap_shift_reg_n_chan_stream_weig_43 = load i16 %void_compute_output_buffer_2d_array_const_ap_shift_reg_n_chan_stream_weig_11"   --->   Operation 36 'load' 'void_compute_output_buffer_2d_array_const_ap_shift_reg_n_chan_stream_weig_43' <Predicate = (do_init)> <Delay = 0.00>
ST_3 : Operation 37 [1/1] (0.00ns)   --->   "%void_compute_output_buffer_2d_array_const_ap_shift_reg_n_chan_stream_weig_44 = load i16 %void_compute_output_buffer_2d_array_const_ap_shift_reg_n_chan_stream_weig_10"   --->   Operation 37 'load' 'void_compute_output_buffer_2d_array_const_ap_shift_reg_n_chan_stream_weig_44' <Predicate = (do_init)> <Delay = 0.00>
ST_3 : Operation 38 [1/1] (0.00ns)   --->   "%void_compute_output_buffer_2d_array_const_ap_shift_reg_n_chan_stream_weig_27 = phi i16 %void_compute_output_buffer_2d_array_const_ap_shift_reg_n_chan_stream_weig_44, void %rewind_init, i16 %void_compute_output_buffer_2d_array_const_ap_shift_reg_n_chan_stream_weig_45, void %rewind_header"   --->   Operation 38 'phi' 'void_compute_output_buffer_2d_array_const_ap_shift_reg_n_chan_stream_weig_27' <Predicate = true> <Delay = 0.00>
ST_3 : Operation 39 [1/1] (0.00ns)   --->   "%void_compute_output_buffer_2d_array_const_ap_shift_reg_n_chan_stream_weig_28 = phi i16 %void_compute_output_buffer_2d_array_const_ap_shift_reg_n_chan_stream_weig_43, void %rewind_init, i16 %void_compute_output_buffer_2d_array_const_ap_shift_reg_n_chan_stream_weig_46, void %rewind_header"   --->   Operation 39 'phi' 'void_compute_output_buffer_2d_array_const_ap_shift_reg_n_chan_stream_weig_28' <Predicate = true> <Delay = 0.00>
ST_3 : Operation 40 [1/1] (0.00ns)   --->   "%void_compute_output_buffer_2d_array_const_ap_shift_reg_n_chan_stream_weig_29 = phi i16 %void_compute_output_buffer_2d_array_const_ap_shift_reg_n_chan_stream_weig_42, void %rewind_init, i16 %void_compute_output_buffer_2d_array_const_ap_shift_reg_n_chan_stream_weig_47, void %rewind_header"   --->   Operation 40 'phi' 'void_compute_output_buffer_2d_array_const_ap_shift_reg_n_chan_stream_weig_29' <Predicate = true> <Delay = 0.00>
ST_3 : Operation 41 [1/1] (0.00ns)   --->   "%void_compute_output_buffer_2d_array_const_ap_shift_reg_n_chan_stream_weig_30 = phi i16 %void_compute_output_buffer_2d_array_const_ap_shift_reg_n_chan_stream_weig_41, void %rewind_init, i16 %void_compute_output_buffer_2d_array_const_ap_shift_reg_n_chan_stream_weig_48, void %rewind_header"   --->   Operation 41 'phi' 'void_compute_output_buffer_2d_array_const_ap_shift_reg_n_chan_stream_weig_30' <Predicate = true> <Delay = 0.00>
ST_3 : Operation 42 [1/1] (0.00ns)   --->   "%void_compute_output_buffer_2d_array_const_ap_shift_reg_n_chan_stream_weig_31 = phi i16 %void_compute_output_buffer_2d_array_const_ap_shift_reg_n_chan_stream_weig_40, void %rewind_init, i16 %void_compute_output_buffer_2d_array_const_ap_shift_reg_n_chan_stream_weig_49, void %rewind_header"   --->   Operation 42 'phi' 'void_compute_output_buffer_2d_array_const_ap_shift_reg_n_chan_stream_weig_31' <Predicate = true> <Delay = 0.00>
ST_3 : Operation 43 [1/1] (0.00ns)   --->   "%void_compute_output_buffer_2d_array_const_ap_shift_reg_n_chan_stream_weig_32 = phi i16 %void_compute_output_buffer_2d_array_const_ap_shift_reg_n_chan_stream_weig_39, void %rewind_init, i16 %void_compute_output_buffer_2d_array_const_ap_shift_reg_n_chan_stream_weig_50, void %rewind_header"   --->   Operation 43 'phi' 'void_compute_output_buffer_2d_array_const_ap_shift_reg_n_chan_stream_weig_32' <Predicate = true> <Delay = 0.00>
ST_3 : Operation 44 [1/1] (0.00ns)   --->   "%void_compute_output_buffer_2d_array_const_ap_shift_reg_n_chan_stream_weig_33 = phi i16 %void_compute_output_buffer_2d_array_const_ap_shift_reg_n_chan_stream_weig_38, void %rewind_init, i16 %void_compute_output_buffer_2d_array_const_ap_shift_reg_n_chan_stream_weig_51, void %rewind_header"   --->   Operation 44 'phi' 'void_compute_output_buffer_2d_array_const_ap_shift_reg_n_chan_stream_weig_33' <Predicate = true> <Delay = 0.00>
ST_3 : Operation 45 [1/1] (0.00ns)   --->   "%void_compute_output_buffer_2d_array_const_ap_shift_reg_n_chan_stream_weig_34 = phi i16 %void_compute_output_buffer_2d_array_const_ap_shift_reg_n_chan_stream_weig_37, void %rewind_init, i16 %void_compute_output_buffer_2d_array_const_ap_shift_reg_n_chan_stream_weig_52, void %rewind_header"   --->   Operation 45 'phi' 'void_compute_output_buffer_2d_array_const_ap_shift_reg_n_chan_stream_weig_34' <Predicate = true> <Delay = 0.00>
ST_3 : Operation 46 [1/1] (0.00ns)   --->   "%void_compute_output_buffer_2d_array_const_ap_shift_reg_n_chan_stream_weig_35 = phi i16 %void_compute_output_buffer_2d_array_const_ap_shift_reg_n_chan_stream_weig_36, void %rewind_init, i16 %void_compute_output_buffer_2d_array_const_ap_shift_reg_n_chan_stream_weig_53, void %rewind_header"   --->   Operation 46 'phi' 'void_compute_output_buffer_2d_array_const_ap_shift_reg_n_chan_stream_weig_35' <Predicate = true> <Delay = 0.00>
ST_3 : Operation 47 [1/1] (1.83ns)   --->   "%a = sparsemux i16 @_ssdm_op_SparseMux.ap_auto.9i16.i16.i4, i4 0, i16 %void_compute_output_buffer_2d_array_const_ap_shift_reg_n_chan_stream_weig_35, i4 1, i16 %void_compute_output_buffer_2d_array_const_ap_shift_reg_n_chan_stream_weig_34, i4 2, i16 %void_compute_output_buffer_2d_array_const_ap_shift_reg_n_chan_stream_weig_33, i4 3, i16 %void_compute_output_buffer_2d_array_const_ap_shift_reg_n_chan_stream_weig_32, i4 4, i16 %void_compute_output_buffer_2d_array_const_ap_shift_reg_n_chan_stream_weig_31, i4 5, i16 %void_compute_output_buffer_2d_array_const_ap_shift_reg_n_chan_stream_weig_30, i4 6, i16 %void_compute_output_buffer_2d_array_const_ap_shift_reg_n_chan_stream_weig_29, i4 7, i16 %void_compute_output_buffer_2d_array_const_ap_shift_reg_n_chan_stream_weig_28, i4 8, i16 %void_compute_output_buffer_2d_array_const_ap_shift_reg_n_chan_stream_weig_27, i16 0, i4 %ir" [firmware/nnet_utils/nnet_dense_resource.h:46]   --->   Operation 47 'sparsemux' 'a' <Predicate = true> <Delay = 1.83> <CoreInst = "BinarySparseMux_DontCare">   --->   Core 137 'BinarySparseMux_DontCare' <Latency = 0> <II = 1> <Delay = 1.83> <FuncUnit> <Opcode : 'sparsemux'> <InPorts = 2> <OutPorts = 1>
ST_3 : Operation 48 [1/2] ( I:3.25ns O:3.25ns )   --->   "%w27_load = load i4 %w27_addr" [firmware/nnet_utils/nnet_dense_resource.h:59]   --->   Operation 48 'load' 'w27_load' <Predicate = true> <Delay = 3.25> <CoreInst = "ROM_nP_BRAM">   --->   Core 102 'ROM_nP_BRAM' <Latency = 1> <II = 1> <Delay = 3.25> <Storage> <Opcode : 'load'> <Ports = 0> <Width = 123> <Depth = 9> <ROM>
ST_3 : Operation 49 [1/1] (0.00ns)   --->   "%w = trunc i123 %w27_load" [firmware/nnet_utils/nnet_dense_resource.h:59]   --->   Operation 49 'trunc' 'w' <Predicate = true> <Delay = 0.00>
ST_3 : Operation 50 [1/1] (0.00ns)   --->   "%w_1 = partselect i16 @_ssdm_op_PartSelect.i16.i123.i32.i32, i123 %w27_load, i32 16, i32 31" [firmware/nnet_utils/nnet_dense_resource.h:59]   --->   Operation 50 'partselect' 'w_1' <Predicate = true> <Delay = 0.00>
ST_3 : Operation 51 [1/1] (0.00ns)   --->   "%w_2 = partselect i16 @_ssdm_op_PartSelect.i16.i123.i32.i32, i123 %w27_load, i32 32, i32 47" [firmware/nnet_utils/nnet_dense_resource.h:59]   --->   Operation 51 'partselect' 'w_2' <Predicate = true> <Delay = 0.00>
ST_3 : Operation 52 [1/1] (0.00ns)   --->   "%w_3 = partselect i16 @_ssdm_op_PartSelect.i16.i123.i32.i32, i123 %w27_load, i32 48, i32 63" [firmware/nnet_utils/nnet_dense_resource.h:59]   --->   Operation 52 'partselect' 'w_3' <Predicate = true> <Delay = 0.00>
ST_3 : Operation 53 [1/1] (0.00ns)   --->   "%w_4 = partselect i16 @_ssdm_op_PartSelect.i16.i123.i32.i32, i123 %w27_load, i32 64, i32 79" [firmware/nnet_utils/nnet_dense_resource.h:59]   --->   Operation 53 'partselect' 'w_4' <Predicate = true> <Delay = 0.00>
ST_3 : Operation 54 [1/1] (0.00ns)   --->   "%w_5 = partselect i16 @_ssdm_op_PartSelect.i16.i123.i32.i32, i123 %w27_load, i32 80, i32 95" [firmware/nnet_utils/nnet_dense_resource.h:59]   --->   Operation 54 'partselect' 'w_5' <Predicate = true> <Delay = 0.00>
ST_3 : Operation 55 [1/1] (0.00ns)   --->   "%w_6 = partselect i16 @_ssdm_op_PartSelect.i16.i123.i32.i32, i123 %w27_load, i32 96, i32 111" [firmware/nnet_utils/nnet_dense_resource.h:59]   --->   Operation 55 'partselect' 'w_6' <Predicate = true> <Delay = 0.00>
ST_3 : Operation 56 [1/1] (0.00ns)   --->   "%tmp = partselect i11 @_ssdm_op_PartSelect.i11.i123.i32.i32, i123 %w27_load, i32 112, i32 122" [firmware/nnet_utils/nnet_dense_resource.h:59]   --->   Operation 56 'partselect' 'tmp' <Predicate = true> <Delay = 0.00>

State 4 <SV = 3> <Delay = 3.35>
ST_4 : Operation 57 [1/1] (0.00ns)   --->   "%sext_ln73 = sext i16 %w" [firmware/nnet_utils/nnet_mult.h:73->firmware/nnet_utils/nnet_dense_resource.h:59]   --->   Operation 57 'sext' 'sext_ln73' <Predicate = true> <Delay = 0.00>
ST_4 : Operation 58 [1/1] (0.00ns)   --->   "%sext_ln73_1 = sext i16 %a" [firmware/nnet_utils/nnet_mult.h:73->firmware/nnet_utils/nnet_dense_resource.h:59]   --->   Operation 58 'sext' 'sext_ln73_1' <Predicate = true> <Delay = 0.00>
ST_4 : Operation 59 [2/2] (3.35ns)   --->   "%mul_ln58 = mul i26 %sext_ln73, i26 %sext_ln73_1" [firmware/nnet_utils/nnet_dense_resource.h:58]   --->   Operation 59 'mul' 'mul_ln58' <Predicate = true> <Delay = 3.35> <CoreInst = "Multiplier">   --->   Core 3 'Multiplier' <Latency = 1> <II = 1> <Delay = 3.35> <FuncUnit> <Opcode : 'mul'> <InPorts = 2> <OutPorts = 1>
ST_4 : Operation 60 [1/1] (0.00ns)   --->   "%sext_ln73_2 = sext i16 %w_1" [firmware/nnet_utils/nnet_mult.h:73->firmware/nnet_utils/nnet_dense_resource.h:59]   --->   Operation 60 'sext' 'sext_ln73_2' <Predicate = true> <Delay = 0.00>
ST_4 : Operation 61 [2/2] (3.35ns)   --->   "%mul_ln58_1 = mul i26 %sext_ln73_2, i26 %sext_ln73_1" [firmware/nnet_utils/nnet_dense_resource.h:58]   --->   Operation 61 'mul' 'mul_ln58_1' <Predicate = true> <Delay = 3.35> <CoreInst = "Multiplier">   --->   Core 3 'Multiplier' <Latency = 1> <II = 1> <Delay = 3.35> <FuncUnit> <Opcode : 'mul'> <InPorts = 2> <OutPorts = 1>
ST_4 : Operation 62 [1/1] (0.00ns)   --->   "%sext_ln73_3 = sext i16 %w_2" [firmware/nnet_utils/nnet_mult.h:73->firmware/nnet_utils/nnet_dense_resource.h:59]   --->   Operation 62 'sext' 'sext_ln73_3' <Predicate = true> <Delay = 0.00>
ST_4 : Operation 63 [2/2] (3.35ns)   --->   "%mul_ln58_2 = mul i26 %sext_ln73_3, i26 %sext_ln73_1" [firmware/nnet_utils/nnet_dense_resource.h:58]   --->   Operation 63 'mul' 'mul_ln58_2' <Predicate = true> <Delay = 3.35> <CoreInst = "Multiplier">   --->   Core 3 'Multiplier' <Latency = 1> <II = 1> <Delay = 3.35> <FuncUnit> <Opcode : 'mul'> <InPorts = 2> <OutPorts = 1>
ST_4 : Operation 64 [1/1] (0.00ns)   --->   "%sext_ln73_4 = sext i16 %w_3" [firmware/nnet_utils/nnet_mult.h:73->firmware/nnet_utils/nnet_dense_resource.h:59]   --->   Operation 64 'sext' 'sext_ln73_4' <Predicate = true> <Delay = 0.00>
ST_4 : Operation 65 [2/2] (3.35ns)   --->   "%mul_ln58_3 = mul i26 %sext_ln73_4, i26 %sext_ln73_1" [firmware/nnet_utils/nnet_dense_resource.h:58]   --->   Operation 65 'mul' 'mul_ln58_3' <Predicate = true> <Delay = 3.35> <CoreInst = "Multiplier">   --->   Core 3 'Multiplier' <Latency = 1> <II = 1> <Delay = 3.35> <FuncUnit> <Opcode : 'mul'> <InPorts = 2> <OutPorts = 1>
ST_4 : Operation 66 [1/1] (0.00ns)   --->   "%sext_ln73_5 = sext i16 %w_4" [firmware/nnet_utils/nnet_mult.h:73->firmware/nnet_utils/nnet_dense_resource.h:59]   --->   Operation 66 'sext' 'sext_ln73_5' <Predicate = true> <Delay = 0.00>
ST_4 : Operation 67 [2/2] (3.35ns)   --->   "%mul_ln58_4 = mul i26 %sext_ln73_5, i26 %sext_ln73_1" [firmware/nnet_utils/nnet_dense_resource.h:58]   --->   Operation 67 'mul' 'mul_ln58_4' <Predicate = true> <Delay = 3.35> <CoreInst = "Multiplier">   --->   Core 3 'Multiplier' <Latency = 1> <II = 1> <Delay = 3.35> <FuncUnit> <Opcode : 'mul'> <InPorts = 2> <OutPorts = 1>
ST_4 : Operation 68 [1/1] (0.00ns)   --->   "%sext_ln73_6 = sext i16 %w_5" [firmware/nnet_utils/nnet_mult.h:73->firmware/nnet_utils/nnet_dense_resource.h:59]   --->   Operation 68 'sext' 'sext_ln73_6' <Predicate = true> <Delay = 0.00>
ST_4 : Operation 69 [2/2] (3.35ns)   --->   "%mul_ln58_5 = mul i26 %sext_ln73_6, i26 %sext_ln73_1" [firmware/nnet_utils/nnet_dense_resource.h:58]   --->   Operation 69 'mul' 'mul_ln58_5' <Predicate = true> <Delay = 3.35> <CoreInst = "Multiplier">   --->   Core 3 'Multiplier' <Latency = 1> <II = 1> <Delay = 3.35> <FuncUnit> <Opcode : 'mul'> <InPorts = 2> <OutPorts = 1>
ST_4 : Operation 70 [1/1] (0.00ns)   --->   "%sext_ln73_7 = sext i16 %w_6" [firmware/nnet_utils/nnet_mult.h:73->firmware/nnet_utils/nnet_dense_resource.h:59]   --->   Operation 70 'sext' 'sext_ln73_7' <Predicate = true> <Delay = 0.00>
ST_4 : Operation 71 [2/2] (3.35ns)   --->   "%mul_ln58_6 = mul i26 %sext_ln73_7, i26 %sext_ln73_1" [firmware/nnet_utils/nnet_dense_resource.h:58]   --->   Operation 71 'mul' 'mul_ln58_6' <Predicate = true> <Delay = 3.35> <CoreInst = "Multiplier">   --->   Core 3 'Multiplier' <Latency = 1> <II = 1> <Delay = 3.35> <FuncUnit> <Opcode : 'mul'> <InPorts = 2> <OutPorts = 1>
ST_4 : Operation 72 [1/1] (0.00ns)   --->   "%sext_ln73_8 = sext i11 %tmp" [firmware/nnet_utils/nnet_mult.h:73->firmware/nnet_utils/nnet_dense_resource.h:59]   --->   Operation 72 'sext' 'sext_ln73_8' <Predicate = true> <Delay = 0.00>
ST_4 : Operation 73 [2/2] (3.35ns)   --->   "%mul_ln58_7 = mul i26 %sext_ln73_1, i26 %sext_ln73_8" [firmware/nnet_utils/nnet_dense_resource.h:58]   --->   Operation 73 'mul' 'mul_ln58_7' <Predicate = true> <Delay = 3.35> <CoreInst = "Multiplier">   --->   Core 3 'Multiplier' <Latency = 1> <II = 1> <Delay = 3.35> <FuncUnit> <Opcode : 'mul'> <InPorts = 2> <OutPorts = 1>

State 5 <SV = 4> <Delay = 3.35>
ST_5 : Operation 74 [1/2] (3.35ns)   --->   "%mul_ln58 = mul i26 %sext_ln73, i26 %sext_ln73_1" [firmware/nnet_utils/nnet_dense_resource.h:58]   --->   Operation 74 'mul' 'mul_ln58' <Predicate = true> <Delay = 3.35> <CoreInst = "Multiplier">   --->   Core 3 'Multiplier' <Latency = 1> <II = 1> <Delay = 3.35> <FuncUnit> <Opcode : 'mul'> <InPorts = 2> <OutPorts = 1>
ST_5 : Operation 75 [1/1] (0.00ns)   --->   "%trunc_ln = partselect i16 @_ssdm_op_PartSelect.i16.i26.i32.i32, i26 %mul_ln58, i32 10, i32 25" [firmware/nnet_utils/nnet_dense_resource.h:58]   --->   Operation 75 'partselect' 'trunc_ln' <Predicate = true> <Delay = 0.00>
ST_5 : Operation 76 [1/2] (3.35ns)   --->   "%mul_ln58_1 = mul i26 %sext_ln73_2, i26 %sext_ln73_1" [firmware/nnet_utils/nnet_dense_resource.h:58]   --->   Operation 76 'mul' 'mul_ln58_1' <Predicate = true> <Delay = 3.35> <CoreInst = "Multiplier">   --->   Core 3 'Multiplier' <Latency = 1> <II = 1> <Delay = 3.35> <FuncUnit> <Opcode : 'mul'> <InPorts = 2> <OutPorts = 1>
ST_5 : Operation 77 [1/1] (0.00ns)   --->   "%trunc_ln58_1 = partselect i16 @_ssdm_op_PartSelect.i16.i26.i32.i32, i26 %mul_ln58_1, i32 10, i32 25" [firmware/nnet_utils/nnet_dense_resource.h:58]   --->   Operation 77 'partselect' 'trunc_ln58_1' <Predicate = true> <Delay = 0.00>
ST_5 : Operation 78 [1/2] (3.35ns)   --->   "%mul_ln58_2 = mul i26 %sext_ln73_3, i26 %sext_ln73_1" [firmware/nnet_utils/nnet_dense_resource.h:58]   --->   Operation 78 'mul' 'mul_ln58_2' <Predicate = true> <Delay = 3.35> <CoreInst = "Multiplier">   --->   Core 3 'Multiplier' <Latency = 1> <II = 1> <Delay = 3.35> <FuncUnit> <Opcode : 'mul'> <InPorts = 2> <OutPorts = 1>
ST_5 : Operation 79 [1/1] (0.00ns)   --->   "%trunc_ln58_2 = partselect i16 @_ssdm_op_PartSelect.i16.i26.i32.i32, i26 %mul_ln58_2, i32 10, i32 25" [firmware/nnet_utils/nnet_dense_resource.h:58]   --->   Operation 79 'partselect' 'trunc_ln58_2' <Predicate = true> <Delay = 0.00>
ST_5 : Operation 80 [1/2] (3.35ns)   --->   "%mul_ln58_3 = mul i26 %sext_ln73_4, i26 %sext_ln73_1" [firmware/nnet_utils/nnet_dense_resource.h:58]   --->   Operation 80 'mul' 'mul_ln58_3' <Predicate = true> <Delay = 3.35> <CoreInst = "Multiplier">   --->   Core 3 'Multiplier' <Latency = 1> <II = 1> <Delay = 3.35> <FuncUnit> <Opcode : 'mul'> <InPorts = 2> <OutPorts = 1>
ST_5 : Operation 81 [1/1] (0.00ns)   --->   "%trunc_ln58_3 = partselect i16 @_ssdm_op_PartSelect.i16.i26.i32.i32, i26 %mul_ln58_3, i32 10, i32 25" [firmware/nnet_utils/nnet_dense_resource.h:58]   --->   Operation 81 'partselect' 'trunc_ln58_3' <Predicate = true> <Delay = 0.00>
ST_5 : Operation 82 [1/2] (3.35ns)   --->   "%mul_ln58_4 = mul i26 %sext_ln73_5, i26 %sext_ln73_1" [firmware/nnet_utils/nnet_dense_resource.h:58]   --->   Operation 82 'mul' 'mul_ln58_4' <Predicate = true> <Delay = 3.35> <CoreInst = "Multiplier">   --->   Core 3 'Multiplier' <Latency = 1> <II = 1> <Delay = 3.35> <FuncUnit> <Opcode : 'mul'> <InPorts = 2> <OutPorts = 1>
ST_5 : Operation 83 [1/1] (0.00ns)   --->   "%trunc_ln58_4 = partselect i16 @_ssdm_op_PartSelect.i16.i26.i32.i32, i26 %mul_ln58_4, i32 10, i32 25" [firmware/nnet_utils/nnet_dense_resource.h:58]   --->   Operation 83 'partselect' 'trunc_ln58_4' <Predicate = true> <Delay = 0.00>
ST_5 : Operation 84 [1/2] (3.35ns)   --->   "%mul_ln58_5 = mul i26 %sext_ln73_6, i26 %sext_ln73_1" [firmware/nnet_utils/nnet_dense_resource.h:58]   --->   Operation 84 'mul' 'mul_ln58_5' <Predicate = true> <Delay = 3.35> <CoreInst = "Multiplier">   --->   Core 3 'Multiplier' <Latency = 1> <II = 1> <Delay = 3.35> <FuncUnit> <Opcode : 'mul'> <InPorts = 2> <OutPorts = 1>
ST_5 : Operation 85 [1/1] (0.00ns)   --->   "%trunc_ln58_5 = partselect i16 @_ssdm_op_PartSelect.i16.i26.i32.i32, i26 %mul_ln58_5, i32 10, i32 25" [firmware/nnet_utils/nnet_dense_resource.h:58]   --->   Operation 85 'partselect' 'trunc_ln58_5' <Predicate = true> <Delay = 0.00>
ST_5 : Operation 86 [1/2] (3.35ns)   --->   "%mul_ln58_6 = mul i26 %sext_ln73_7, i26 %sext_ln73_1" [firmware/nnet_utils/nnet_dense_resource.h:58]   --->   Operation 86 'mul' 'mul_ln58_6' <Predicate = true> <Delay = 3.35> <CoreInst = "Multiplier">   --->   Core 3 'Multiplier' <Latency = 1> <II = 1> <Delay = 3.35> <FuncUnit> <Opcode : 'mul'> <InPorts = 2> <OutPorts = 1>
ST_5 : Operation 87 [1/1] (0.00ns)   --->   "%trunc_ln58_6 = partselect i16 @_ssdm_op_PartSelect.i16.i26.i32.i32, i26 %mul_ln58_6, i32 10, i32 25" [firmware/nnet_utils/nnet_dense_resource.h:58]   --->   Operation 87 'partselect' 'trunc_ln58_6' <Predicate = true> <Delay = 0.00>
ST_5 : Operation 88 [1/2] (3.35ns)   --->   "%mul_ln58_7 = mul i26 %sext_ln73_1, i26 %sext_ln73_8" [firmware/nnet_utils/nnet_dense_resource.h:58]   --->   Operation 88 'mul' 'mul_ln58_7' <Predicate = true> <Delay = 3.35> <CoreInst = "Multiplier">   --->   Core 3 'Multiplier' <Latency = 1> <II = 1> <Delay = 3.35> <FuncUnit> <Opcode : 'mul'> <InPorts = 2> <OutPorts = 1>
ST_5 : Operation 89 [1/1] (0.00ns)   --->   "%trunc_ln58_7 = partselect i16 @_ssdm_op_PartSelect.i16.i26.i32.i32, i26 %mul_ln58_7, i32 10, i32 25" [firmware/nnet_utils/nnet_dense_resource.h:58]   --->   Operation 89 'partselect' 'trunc_ln58_7' <Predicate = true> <Delay = 0.00>

State 6 <SV = 5> <Delay = 2.14>
ST_6 : Operation 90 [1/1] (0.00ns)   --->   "%res_0_0_i18 = phi i16 207, void %entry, i16 %add_ln58, void %MultLoop.split.i, i16 207, void %dense_resource_rf_leq_nin<ap_fixed<16, 6, 5, 3, 0>, ap_fixed<16, 6, 5, 3, 0>, config27_mult>.exit" [firmware/nnet_utils/nnet_dense_resource.h:58]   --->   Operation 90 'phi' 'res_0_0_i18' <Predicate = true> <Delay = 0.00>
ST_6 : Operation 91 [1/1] (0.00ns)   --->   "%res_1_0_i16 = phi i16 313, void %entry, i16 %add_ln58_1, void %MultLoop.split.i, i16 313, void %dense_resource_rf_leq_nin<ap_fixed<16, 6, 5, 3, 0>, ap_fixed<16, 6, 5, 3, 0>, config27_mult>.exit" [firmware/nnet_utils/nnet_dense_resource.h:58]   --->   Operation 91 'phi' 'res_1_0_i16' <Predicate = true> <Delay = 0.00>
ST_6 : Operation 92 [1/1] (0.00ns)   --->   "%res_2_0_i14 = phi i16 65533, void %entry, i16 %add_ln58_2, void %MultLoop.split.i, i16 65533, void %dense_resource_rf_leq_nin<ap_fixed<16, 6, 5, 3, 0>, ap_fixed<16, 6, 5, 3, 0>, config27_mult>.exit" [firmware/nnet_utils/nnet_dense_resource.h:58]   --->   Operation 92 'phi' 'res_2_0_i14' <Predicate = true> <Delay = 0.00>
ST_6 : Operation 93 [1/1] (0.00ns)   --->   "%res_3_0_i12 = phi i16 638, void %entry, i16 %add_ln58_3, void %MultLoop.split.i, i16 638, void %dense_resource_rf_leq_nin<ap_fixed<16, 6, 5, 3, 0>, ap_fixed<16, 6, 5, 3, 0>, config27_mult>.exit" [firmware/nnet_utils/nnet_dense_resource.h:58]   --->   Operation 93 'phi' 'res_3_0_i12' <Predicate = true> <Delay = 0.00>
ST_6 : Operation 94 [1/1] (0.00ns)   --->   "%res_4_0_i10 = phi i16 203, void %entry, i16 %add_ln58_4, void %MultLoop.split.i, i16 203, void %dense_resource_rf_leq_nin<ap_fixed<16, 6, 5, 3, 0>, ap_fixed<16, 6, 5, 3, 0>, config27_mult>.exit" [firmware/nnet_utils/nnet_dense_resource.h:58]   --->   Operation 94 'phi' 'res_4_0_i10' <Predicate = true> <Delay = 0.00>
ST_6 : Operation 95 [1/1] (0.00ns)   --->   "%res_5_0_i8 = phi i16 143, void %entry, i16 %add_ln58_5, void %MultLoop.split.i, i16 143, void %dense_resource_rf_leq_nin<ap_fixed<16, 6, 5, 3, 0>, ap_fixed<16, 6, 5, 3, 0>, config27_mult>.exit" [firmware/nnet_utils/nnet_dense_resource.h:58]   --->   Operation 95 'phi' 'res_5_0_i8' <Predicate = true> <Delay = 0.00>
ST_6 : Operation 96 [1/1] (0.00ns)   --->   "%res_6_0_i6 = phi i16 364, void %entry, i16 %add_ln58_6, void %MultLoop.split.i, i16 364, void %dense_resource_rf_leq_nin<ap_fixed<16, 6, 5, 3, 0>, ap_fixed<16, 6, 5, 3, 0>, config27_mult>.exit" [firmware/nnet_utils/nnet_dense_resource.h:58]   --->   Operation 96 'phi' 'res_6_0_i6' <Predicate = true> <Delay = 0.00>
ST_6 : Operation 97 [1/1] (0.00ns)   --->   "%res_7_0_i4 = phi i16 11, void %entry, i16 %add_ln58_7, void %MultLoop.split.i, i16 11, void %dense_resource_rf_leq_nin<ap_fixed<16, 6, 5, 3, 0>, ap_fixed<16, 6, 5, 3, 0>, config27_mult>.exit" [firmware/nnet_utils/nnet_dense_resource.h:58]   --->   Operation 97 'phi' 'res_7_0_i4' <Predicate = true> <Delay = 0.00>
ST_6 : Operation 98 [1/1] (0.00ns)   --->   "%specpipeline_ln47 = specpipeline void @_ssdm_op_SpecPipeline, i32 1, i32 0, i32 0, i32 1, i32 4294967295, void @empty_9" [firmware/nnet_utils/nnet_dense_resource.h:47]   --->   Operation 98 'specpipeline' 'specpipeline_ln47' <Predicate = true> <Delay = 0.00>
ST_6 : Operation 99 [1/1] (0.00ns)   --->   "%speclooptripcount_ln49 = speclooptripcount void @_ssdm_op_SpecLoopTripCount, i64 9, i64 9, i64 9" [firmware/nnet_utils/nnet_dense_resource.h:49]   --->   Operation 99 'speclooptripcount' 'speclooptripcount_ln49' <Predicate = true> <Delay = 0.00>
ST_6 : Operation 100 [1/1] (0.00ns)   --->   "%specloopname_ln46 = specloopname void @_ssdm_op_SpecLoopName, void @empty" [firmware/nnet_utils/nnet_dense_resource.h:46]   --->   Operation 100 'specloopname' 'specloopname_ln46' <Predicate = true> <Delay = 0.00>
ST_6 : Operation 101 [1/1] (2.14ns)   --->   "%add_ln58 = add i16 %trunc_ln, i16 %res_0_0_i18" [firmware/nnet_utils/nnet_dense_resource.h:58]   --->   Operation 101 'add' 'add_ln58' <Predicate = true> <Delay = 2.14> <CoreInst = "Adder">   --->   Core 1 'Adder' <Latency = 0> <II = 1> <Delay = 2.14> <FuncUnit> <Opcode : 'add' 'sub'> <InPorts = 2> <OutPorts = 1>
ST_6 : Operation 102 [1/1] (2.14ns)   --->   "%add_ln58_1 = add i16 %trunc_ln58_1, i16 %res_1_0_i16" [firmware/nnet_utils/nnet_dense_resource.h:58]   --->   Operation 102 'add' 'add_ln58_1' <Predicate = true> <Delay = 2.14> <CoreInst = "Adder">   --->   Core 1 'Adder' <Latency = 0> <II = 1> <Delay = 2.14> <FuncUnit> <Opcode : 'add' 'sub'> <InPorts = 2> <OutPorts = 1>
ST_6 : Operation 103 [1/1] (2.14ns)   --->   "%add_ln58_2 = add i16 %trunc_ln58_2, i16 %res_2_0_i14" [firmware/nnet_utils/nnet_dense_resource.h:58]   --->   Operation 103 'add' 'add_ln58_2' <Predicate = true> <Delay = 2.14> <CoreInst = "Adder">   --->   Core 1 'Adder' <Latency = 0> <II = 1> <Delay = 2.14> <FuncUnit> <Opcode : 'add' 'sub'> <InPorts = 2> <OutPorts = 1>
ST_6 : Operation 104 [1/1] (2.14ns)   --->   "%add_ln58_3 = add i16 %trunc_ln58_3, i16 %res_3_0_i12" [firmware/nnet_utils/nnet_dense_resource.h:58]   --->   Operation 104 'add' 'add_ln58_3' <Predicate = true> <Delay = 2.14> <CoreInst = "Adder">   --->   Core 1 'Adder' <Latency = 0> <II = 1> <Delay = 2.14> <FuncUnit> <Opcode : 'add' 'sub'> <InPorts = 2> <OutPorts = 1>
ST_6 : Operation 105 [1/1] (2.14ns)   --->   "%add_ln58_4 = add i16 %trunc_ln58_4, i16 %res_4_0_i10" [firmware/nnet_utils/nnet_dense_resource.h:58]   --->   Operation 105 'add' 'add_ln58_4' <Predicate = true> <Delay = 2.14> <CoreInst = "Adder">   --->   Core 1 'Adder' <Latency = 0> <II = 1> <Delay = 2.14> <FuncUnit> <Opcode : 'add' 'sub'> <InPorts = 2> <OutPorts = 1>
ST_6 : Operation 106 [1/1] (2.14ns)   --->   "%add_ln58_5 = add i16 %trunc_ln58_5, i16 %res_5_0_i8" [firmware/nnet_utils/nnet_dense_resource.h:58]   --->   Operation 106 'add' 'add_ln58_5' <Predicate = true> <Delay = 2.14> <CoreInst = "Adder">   --->   Core 1 'Adder' <Latency = 0> <II = 1> <Delay = 2.14> <FuncUnit> <Opcode : 'add' 'sub'> <InPorts = 2> <OutPorts = 1>
ST_6 : Operation 107 [1/1] (2.14ns)   --->   "%add_ln58_6 = add i16 %trunc_ln58_6, i16 %res_6_0_i6" [firmware/nnet_utils/nnet_dense_resource.h:58]   --->   Operation 107 'add' 'add_ln58_6' <Predicate = true> <Delay = 2.14> <CoreInst = "Adder">   --->   Core 1 'Adder' <Latency = 0> <II = 1> <Delay = 2.14> <FuncUnit> <Opcode : 'add' 'sub'> <InPorts = 2> <OutPorts = 1>
ST_6 : Operation 108 [1/1] (2.14ns)   --->   "%add_ln58_7 = add i16 %trunc_ln58_7, i16 %res_7_0_i4" [firmware/nnet_utils/nnet_dense_resource.h:58]   --->   Operation 108 'add' 'add_ln58_7' <Predicate = true> <Delay = 2.14> <CoreInst = "Adder">   --->   Core 1 'Adder' <Latency = 0> <II = 1> <Delay = 2.14> <FuncUnit> <Opcode : 'add' 'sub'> <InPorts = 2> <OutPorts = 1>
ST_6 : Operation 109 [1/1] (0.00ns)   --->   "%mrv_i = insertvalue i128 <undef>, i16 %add_ln58" [firmware/nnet_utils/nnet_dense_resource.h:84]   --->   Operation 109 'insertvalue' 'mrv_i' <Predicate = (icmp_ln46)> <Delay = 0.00>
ST_6 : Operation 110 [1/1] (0.00ns)   --->   "%mrv_1_i = insertvalue i128 %mrv_i, i16 %add_ln58_1" [firmware/nnet_utils/nnet_dense_resource.h:84]   --->   Operation 110 'insertvalue' 'mrv_1_i' <Predicate = (icmp_ln46)> <Delay = 0.00>
ST_6 : Operation 111 [1/1] (0.00ns)   --->   "%mrv_2_i = insertvalue i128 %mrv_1_i, i16 %add_ln58_2" [firmware/nnet_utils/nnet_dense_resource.h:84]   --->   Operation 111 'insertvalue' 'mrv_2_i' <Predicate = (icmp_ln46)> <Delay = 0.00>
ST_6 : Operation 112 [1/1] (0.00ns)   --->   "%mrv_3_i = insertvalue i128 %mrv_2_i, i16 %add_ln58_3" [firmware/nnet_utils/nnet_dense_resource.h:84]   --->   Operation 112 'insertvalue' 'mrv_3_i' <Predicate = (icmp_ln46)> <Delay = 0.00>
ST_6 : Operation 113 [1/1] (0.00ns)   --->   "%mrv_4_i = insertvalue i128 %mrv_3_i, i16 %add_ln58_4" [firmware/nnet_utils/nnet_dense_resource.h:84]   --->   Operation 113 'insertvalue' 'mrv_4_i' <Predicate = (icmp_ln46)> <Delay = 0.00>
ST_6 : Operation 114 [1/1] (0.00ns)   --->   "%mrv_5_i = insertvalue i128 %mrv_4_i, i16 %add_ln58_5" [firmware/nnet_utils/nnet_dense_resource.h:84]   --->   Operation 114 'insertvalue' 'mrv_5_i' <Predicate = (icmp_ln46)> <Delay = 0.00>
ST_6 : Operation 115 [1/1] (0.00ns)   --->   "%mrv_6_i = insertvalue i128 %mrv_5_i, i16 %add_ln58_6" [firmware/nnet_utils/nnet_dense_resource.h:84]   --->   Operation 115 'insertvalue' 'mrv_6_i' <Predicate = (icmp_ln46)> <Delay = 0.00>
ST_6 : Operation 116 [1/1] (0.00ns)   --->   "%mrv_7_i = insertvalue i128 %mrv_6_i, i16 %add_ln58_7" [firmware/nnet_utils/nnet_dense_resource.h:84]   --->   Operation 116 'insertvalue' 'mrv_7_i' <Predicate = (icmp_ln46)> <Delay = 0.00>
ST_6 : Operation 117 [1/1] (0.00ns)   --->   "%return_ln84 = return void @_ssdm_op_Return, i128 %mrv_7_i" [firmware/nnet_utils/nnet_dense_resource.h:84]   --->   Operation 117 'return' 'return_ln84' <Predicate = (icmp_ln46)> <Delay = 0.00>


============================================================
+ Verbose Summary: Binding
============================================================
STG Binding: 
---------------- STG Properties BEGIN ----------------
- Is combinational: 0
- Is one-state seq: 0
- Is datapath-only: 0
- Is pipelined: 0
- Is top level: 0
Port [ Return ] is wired: 1; IO mode=ap_ctrl_hs:ce=0
Port [ w27]:  wired=0; compound=1; hidden=1; nouse=0; global=1; static=1; extern=0; dir=0; type=1; pingpong=0; private_global=1; MemPort=[1]; IO mode=ap_memory:ce=0
Port [ void_compute_output_buffer_2d_array_const_ap_shift_reg_n_chan_stream_weig_18]:  wired=1; compound=0; hidden=0; nouse=0; global=1; static=1; extern=0; dir=0; type=0; pingpong=0; private_global=0; IO mode=ap_none:ce=0
Port [ void_compute_output_buffer_2d_array_const_ap_shift_reg_n_chan_stream_weig_17]:  wired=1; compound=0; hidden=0; nouse=0; global=1; static=1; extern=0; dir=0; type=0; pingpong=0; private_global=0; IO mode=ap_none:ce=0
Port [ void_compute_output_buffer_2d_array_const_ap_shift_reg_n_chan_stream_weig_16]:  wired=1; compound=0; hidden=0; nouse=0; global=1; static=1; extern=0; dir=0; type=0; pingpong=0; private_global=0; IO mode=ap_none:ce=0
Port [ void_compute_output_buffer_2d_array_const_ap_shift_reg_n_chan_stream_weig_15]:  wired=1; compound=0; hidden=0; nouse=0; global=1; static=1; extern=0; dir=0; type=0; pingpong=0; private_global=0; IO mode=ap_none:ce=0
Port [ void_compute_output_buffer_2d_array_const_ap_shift_reg_n_chan_stream_weig_14]:  wired=1; compound=0; hidden=0; nouse=0; global=1; static=1; extern=0; dir=0; type=0; pingpong=0; private_global=0; IO mode=ap_none:ce=0
Port [ void_compute_output_buffer_2d_array_const_ap_shift_reg_n_chan_stream_weig_13]:  wired=1; compound=0; hidden=0; nouse=0; global=1; static=1; extern=0; dir=0; type=0; pingpong=0; private_global=0; IO mode=ap_none:ce=0
Port [ void_compute_output_buffer_2d_array_const_ap_shift_reg_n_chan_stream_weig_12]:  wired=1; compound=0; hidden=0; nouse=0; global=1; static=1; extern=0; dir=0; type=0; pingpong=0; private_global=0; IO mode=ap_none:ce=0
Port [ void_compute_output_buffer_2d_array_const_ap_shift_reg_n_chan_stream_weig_11]:  wired=1; compound=0; hidden=0; nouse=0; global=1; static=1; extern=0; dir=0; type=0; pingpong=0; private_global=0; IO mode=ap_none:ce=0
Port [ void_compute_output_buffer_2d_array_const_ap_shift_reg_n_chan_stream_weig_10]:  wired=1; compound=0; hidden=0; nouse=0; global=1; static=1; extern=0; dir=0; type=0; pingpong=0; private_global=0; IO mode=ap_none:ce=0
---------------- STG Properties END ------------------

---------------- Datapath Model BEGIN ----------------

<LifeTime>
<method=bitvector/>
br_ln46                                                                      (br               ) [ 0111111]
do_init                                                                      (phi              ) [ 0011111]
ir                                                                           (phi              ) [ 0011111]
br_ln0                                                                       (br               ) [ 0011111]
br_ln46                                                                      (br               ) [ 0011111]
zext_ln46                                                                    (zext             ) [ 0000000]
w27_addr                                                                     (getelementptr    ) [ 0011000]
w_index                                                                      (add              ) [ 0111111]
icmp_ln46                                                                    (icmp             ) [ 0011111]
br_ln46                                                                      (br               ) [ 0111111]
br_ln0                                                                       (br               ) [ 0111111]
void_compute_output_buffer_2d_array_const_ap_shift_reg_n_chan_stream_weig_45 (phi              ) [ 0011000]
void_compute_output_buffer_2d_array_const_ap_shift_reg_n_chan_stream_weig_46 (phi              ) [ 0011000]
void_compute_output_buffer_2d_array_const_ap_shift_reg_n_chan_stream_weig_47 (phi              ) [ 0011000]
void_compute_output_buffer_2d_array_const_ap_shift_reg_n_chan_stream_weig_48 (phi              ) [ 0011000]
void_compute_output_buffer_2d_array_const_ap_shift_reg_n_chan_stream_weig_49 (phi              ) [ 0011000]
void_compute_output_buffer_2d_array_const_ap_shift_reg_n_chan_stream_weig_50 (phi              ) [ 0011000]
void_compute_output_buffer_2d_array_const_ap_shift_reg_n_chan_stream_weig_51 (phi              ) [ 0011000]
void_compute_output_buffer_2d_array_const_ap_shift_reg_n_chan_stream_weig_52 (phi              ) [ 0011000]
void_compute_output_buffer_2d_array_const_ap_shift_reg_n_chan_stream_weig_53 (phi              ) [ 0011000]
specmemcore_ln0                                                              (specmemcore      ) [ 0000000]
void_compute_output_buffer_2d_array_const_ap_shift_reg_n_chan_stream_weig_36 (load             ) [ 0000000]
void_compute_output_buffer_2d_array_const_ap_shift_reg_n_chan_stream_weig_37 (load             ) [ 0000000]
void_compute_output_buffer_2d_array_const_ap_shift_reg_n_chan_stream_weig_38 (load             ) [ 0000000]
void_compute_output_buffer_2d_array_const_ap_shift_reg_n_chan_stream_weig_39 (load             ) [ 0000000]
void_compute_output_buffer_2d_array_const_ap_shift_reg_n_chan_stream_weig_40 (load             ) [ 0000000]
void_compute_output_buffer_2d_array_const_ap_shift_reg_n_chan_stream_weig_41 (load             ) [ 0000000]
void_compute_output_buffer_2d_array_const_ap_shift_reg_n_chan_stream_weig_42 (load             ) [ 0000000]
void_compute_output_buffer_2d_array_const_ap_shift_reg_n_chan_stream_weig_43 (load             ) [ 0000000]
void_compute_output_buffer_2d_array_const_ap_shift_reg_n_chan_stream_weig_44 (load             ) [ 0000000]
void_compute_output_buffer_2d_array_const_ap_shift_reg_n_chan_stream_weig_27 (phi              ) [ 0111111]
void_compute_output_buffer_2d_array_const_ap_shift_reg_n_chan_stream_weig_28 (phi              ) [ 0111111]
void_compute_output_buffer_2d_array_const_ap_shift_reg_n_chan_stream_weig_29 (phi              ) [ 0111111]
void_compute_output_buffer_2d_array_const_ap_shift_reg_n_chan_stream_weig_30 (phi              ) [ 0111111]
void_compute_output_buffer_2d_array_const_ap_shift_reg_n_chan_stream_weig_31 (phi              ) [ 0111111]
void_compute_output_buffer_2d_array_const_ap_shift_reg_n_chan_stream_weig_32 (phi              ) [ 0111111]
void_compute_output_buffer_2d_array_const_ap_shift_reg_n_chan_stream_weig_33 (phi              ) [ 0111111]
void_compute_output_buffer_2d_array_const_ap_shift_reg_n_chan_stream_weig_34 (phi              ) [ 0111111]
void_compute_output_buffer_2d_array_const_ap_shift_reg_n_chan_stream_weig_35 (phi              ) [ 0111111]
a                                                                            (sparsemux        ) [ 0010100]
w27_load                                                                     (load             ) [ 0000000]
w                                                                            (trunc            ) [ 0010100]
w_1                                                                          (partselect       ) [ 0010100]
w_2                                                                          (partselect       ) [ 0010100]
w_3                                                                          (partselect       ) [ 0010100]
w_4                                                                          (partselect       ) [ 0010100]
w_5                                                                          (partselect       ) [ 0010100]
w_6                                                                          (partselect       ) [ 0010100]
tmp                                                                          (partselect       ) [ 0010100]
sext_ln73                                                                    (sext             ) [ 0010010]
sext_ln73_1                                                                  (sext             ) [ 0010010]
sext_ln73_2                                                                  (sext             ) [ 0010010]
sext_ln73_3                                                                  (sext             ) [ 0010010]
sext_ln73_4                                                                  (sext             ) [ 0010010]
sext_ln73_5                                                                  (sext             ) [ 0010010]
sext_ln73_6                                                                  (sext             ) [ 0010010]
sext_ln73_7                                                                  (sext             ) [ 0010010]
sext_ln73_8                                                                  (sext             ) [ 0010010]
mul_ln58                                                                     (mul              ) [ 0000000]
trunc_ln                                                                     (partselect       ) [ 0010001]
mul_ln58_1                                                                   (mul              ) [ 0000000]
trunc_ln58_1                                                                 (partselect       ) [ 0010001]
mul_ln58_2                                                                   (mul              ) [ 0000000]
trunc_ln58_2                                                                 (partselect       ) [ 0010001]
mul_ln58_3                                                                   (mul              ) [ 0000000]
trunc_ln58_3                                                                 (partselect       ) [ 0010001]
mul_ln58_4                                                                   (mul              ) [ 0000000]
trunc_ln58_4                                                                 (partselect       ) [ 0010001]
mul_ln58_5                                                                   (mul              ) [ 0000000]
trunc_ln58_5                                                                 (partselect       ) [ 0010001]
mul_ln58_6                                                                   (mul              ) [ 0000000]
trunc_ln58_6                                                                 (partselect       ) [ 0010001]
mul_ln58_7                                                                   (mul              ) [ 0000000]
trunc_ln58_7                                                                 (partselect       ) [ 0010001]
res_0_0_i18                                                                  (phi              ) [ 0011111]
res_1_0_i16                                                                  (phi              ) [ 0011111]
res_2_0_i14                                                                  (phi              ) [ 0011111]
res_3_0_i12                                                                  (phi              ) [ 0011111]
res_4_0_i10                                                                  (phi              ) [ 0011111]
res_5_0_i8                                                                   (phi              ) [ 0011111]
res_6_0_i6                                                                   (phi              ) [ 0011111]
res_7_0_i4                                                                   (phi              ) [ 0011111]
specpipeline_ln47                                                            (specpipeline     ) [ 0000000]
speclooptripcount_ln49                                                       (speclooptripcount) [ 0000000]
specloopname_ln46                                                            (specloopname     ) [ 0000000]
add_ln58                                                                     (add              ) [ 0111111]
add_ln58_1                                                                   (add              ) [ 0111111]
add_ln58_2                                                                   (add              ) [ 0111111]
add_ln58_3                                                                   (add              ) [ 0111111]
add_ln58_4                                                                   (add              ) [ 0111111]
add_ln58_5                                                                   (add              ) [ 0111111]
add_ln58_6                                                                   (add              ) [ 0111111]
add_ln58_7                                                                   (add              ) [ 0111111]
mrv_i                                                                        (insertvalue      ) [ 0000000]
mrv_1_i                                                                      (insertvalue      ) [ 0000000]
mrv_2_i                                                                      (insertvalue      ) [ 0000000]
mrv_3_i                                                                      (insertvalue      ) [ 0000000]
mrv_4_i                                                                      (insertvalue      ) [ 0000000]
mrv_5_i                                                                      (insertvalue      ) [ 0000000]
mrv_6_i                                                                      (insertvalue      ) [ 0000000]
mrv_7_i                                                                      (insertvalue      ) [ 0000000]
return_ln84                                                                  (return           ) [ 0000000]
</LifeTime>

<model>

<comp_list>
<comp id="0" class="1000" name="w27">
<pin_list>
<pin id="1" dir="1" index="0" bw="1" slack="0"/>
</pin_list>
<bind>
<StgValue><ssdm name="w27"/><MemPortTyVec>1 </MemPortTyVec>
</StgValue>
</bind>
</comp>

<comp id="2" class="1000" name="void_compute_output_buffer_2d_array_const_ap_shift_reg_n_chan_stream_weig_18">
<pin_list>
<pin id="3" dir="1" index="0" bw="1" slack="0"/>
</pin_list>
<bind>
<StgValue><ssdm name="void_compute_output_buffer_2d_array_const_ap_shift_reg_n_chan_stream_weig_18"/></StgValue>
</bind>
</comp>

<comp id="4" class="1000" name="void_compute_output_buffer_2d_array_const_ap_shift_reg_n_chan_stream_weig_17">
<pin_list>
<pin id="5" dir="1" index="0" bw="1" slack="0"/>
</pin_list>
<bind>
<StgValue><ssdm name="void_compute_output_buffer_2d_array_const_ap_shift_reg_n_chan_stream_weig_17"/></StgValue>
</bind>
</comp>

<comp id="6" class="1000" name="void_compute_output_buffer_2d_array_const_ap_shift_reg_n_chan_stream_weig_16">
<pin_list>
<pin id="7" dir="1" index="0" bw="1" slack="0"/>
</pin_list>
<bind>
<StgValue><ssdm name="void_compute_output_buffer_2d_array_const_ap_shift_reg_n_chan_stream_weig_16"/></StgValue>
</bind>
</comp>

<comp id="8" class="1000" name="void_compute_output_buffer_2d_array_const_ap_shift_reg_n_chan_stream_weig_15">
<pin_list>
<pin id="9" dir="1" index="0" bw="1" slack="0"/>
</pin_list>
<bind>
<StgValue><ssdm name="void_compute_output_buffer_2d_array_const_ap_shift_reg_n_chan_stream_weig_15"/></StgValue>
</bind>
</comp>

<comp id="10" class="1000" name="void_compute_output_buffer_2d_array_const_ap_shift_reg_n_chan_stream_weig_14">
<pin_list>
<pin id="11" dir="1" index="0" bw="1" slack="0"/>
</pin_list>
<bind>
<StgValue><ssdm name="void_compute_output_buffer_2d_array_const_ap_shift_reg_n_chan_stream_weig_14"/></StgValue>
</bind>
</comp>

<comp id="12" class="1000" name="void_compute_output_buffer_2d_array_const_ap_shift_reg_n_chan_stream_weig_13">
<pin_list>
<pin id="13" dir="1" index="0" bw="1" slack="0"/>
</pin_list>
<bind>
<StgValue><ssdm name="void_compute_output_buffer_2d_array_const_ap_shift_reg_n_chan_stream_weig_13"/></StgValue>
</bind>
</comp>

<comp id="14" class="1000" name="void_compute_output_buffer_2d_array_const_ap_shift_reg_n_chan_stream_weig_12">
<pin_list>
<pin id="15" dir="1" index="0" bw="1" slack="0"/>
</pin_list>
<bind>
<StgValue><ssdm name="void_compute_output_buffer_2d_array_const_ap_shift_reg_n_chan_stream_weig_12"/></StgValue>
</bind>
</comp>

<comp id="16" class="1000" name="void_compute_output_buffer_2d_array_const_ap_shift_reg_n_chan_stream_weig_11">
<pin_list>
<pin id="17" dir="1" index="0" bw="1" slack="0"/>
</pin_list>
<bind>
<StgValue><ssdm name="void_compute_output_buffer_2d_array_const_ap_shift_reg_n_chan_stream_weig_11"/></StgValue>
</bind>
</comp>

<comp id="18" class="1000" name="void_compute_output_buffer_2d_array_const_ap_shift_reg_n_chan_stream_weig_10">
<pin_list>
<pin id="19" dir="1" index="0" bw="1" slack="0"/>
</pin_list>
<bind>
<StgValue><ssdm name="void_compute_output_buffer_2d_array_const_ap_shift_reg_n_chan_stream_weig_10"/></StgValue>
</bind>
</comp>

<comp id="20" class="1001" name="const_20">
<pin_list>
<pin id="21" dir="1" index="0" bw="1" slack="0"/>
</pin_list>
<bind>
<StgValue><ssdm name=""/></StgValue>
</bind>
</comp>

<comp id="22" class="1001" name="const_22">
<pin_list>
<pin id="23" dir="1" index="0" bw="1" slack="0"/>
</pin_list>
<bind>
<StgValue><ssdm name=""/></StgValue>
</bind>
</comp>

<comp id="24" class="1001" name="const_24">
<pin_list>
<pin id="25" dir="1" index="0" bw="1" slack="0"/>
</pin_list>
<bind>
<StgValue><ssdm name=""/></StgValue>
</bind>
</comp>

<comp id="26" class="1001" name="const_26">
<pin_list>
<pin id="27" dir="1" index="0" bw="1" slack="0"/>
</pin_list>
<bind>
<StgValue><ssdm name=""/></StgValue>
</bind>
</comp>

<comp id="28" class="1001" name="const_28">
<pin_list>
<pin id="29" dir="1" index="0" bw="1" slack="0"/>
</pin_list>
<bind>
<StgValue><ssdm name=""/></StgValue>
</bind>
</comp>

<comp id="30" class="1001" name="const_30">
<pin_list>
<pin id="31" dir="1" index="0" bw="1" slack="0"/>
</pin_list>
<bind>
<StgValue><ssdm name=""/></StgValue>
</bind>
</comp>

<comp id="32" class="1001" name="const_32">
<pin_list>
<pin id="33" dir="1" index="0" bw="1" slack="0"/>
</pin_list>
<bind>
<StgValue><ssdm name=""/></StgValue>
</bind>
</comp>

<comp id="34" class="1001" name="const_34">
<pin_list>
<pin id="35" dir="1" index="0" bw="1" slack="2147483647"/>
</pin_list>
<bind>
<StgValue><ssdm name="_ssdm_op_SpecMemCore"/></StgValue>
</bind>
</comp>

<comp id="36" class="1001" name="const_36">
<pin_list>
<pin id="37" dir="1" index="0" bw="1" slack="2147483647"/>
</pin_list>
<bind>
<StgValue><ssdm name=""/></StgValue>
</bind>
</comp>

<comp id="38" class="1001" name="const_38">
<pin_list>
<pin id="39" dir="1" index="0" bw="1" slack="2147483647"/>
</pin_list>
<bind>
<StgValue><ssdm name=""/></StgValue>
</bind>
</comp>

<comp id="40" class="1001" name="const_40">
<pin_list>
<pin id="41" dir="1" index="0" bw="1" slack="2147483647"/>
</pin_list>
<bind>
<StgValue><ssdm name=""/></StgValue>
</bind>
</comp>

<comp id="42" class="1001" name="const_42">
<pin_list>
<pin id="43" dir="1" index="0" bw="1" slack="0"/>
</pin_list>
<bind>
<StgValue><ssdm name="_ssdm_op_SparseMux.ap_auto.9i16.i16.i4"/></StgValue>
</bind>
</comp>

<comp id="44" class="1001" name="const_44">
<pin_list>
<pin id="45" dir="1" index="0" bw="1" slack="0"/>
</pin_list>
<bind>
<StgValue><ssdm name=""/></StgValue>
</bind>
</comp>

<comp id="46" class="1001" name="const_46">
<pin_list>
<pin id="47" dir="1" index="0" bw="1" slack="0"/>
</pin_list>
<bind>
<StgValue><ssdm name=""/></StgValue>
</bind>
</comp>

<comp id="48" class="1001" name="const_48">
<pin_list>
<pin id="49" dir="1" index="0" bw="1" slack="0"/>
</pin_list>
<bind>
<StgValue><ssdm name=""/></StgValue>
</bind>
</comp>

<comp id="50" class="1001" name="const_50">
<pin_list>
<pin id="51" dir="1" index="0" bw="1" slack="0"/>
</pin_list>
<bind>
<StgValue><ssdm name=""/></StgValue>
</bind>
</comp>

<comp id="52" class="1001" name="const_52">
<pin_list>
<pin id="53" dir="1" index="0" bw="1" slack="0"/>
</pin_list>
<bind>
<StgValue><ssdm name=""/></StgValue>
</bind>
</comp>

<comp id="54" class="1001" name="const_54">
<pin_list>
<pin id="55" dir="1" index="0" bw="1" slack="0"/>
</pin_list>
<bind>
<StgValue><ssdm name=""/></StgValue>
</bind>
</comp>

<comp id="56" class="1001" name="const_56">
<pin_list>
<pin id="57" dir="1" index="0" bw="1" slack="0"/>
</pin_list>
<bind>
<StgValue><ssdm name="_ssdm_op_PartSelect.i16.i123.i32.i32"/></StgValue>
</bind>
</comp>

<comp id="58" class="1001" name="const_58">
<pin_list>
<pin id="59" dir="1" index="0" bw="1" slack="0"/>
</pin_list>
<bind>
<StgValue><ssdm name=""/></StgValue>
</bind>
</comp>

<comp id="60" class="1001" name="const_60">
<pin_list>
<pin id="61" dir="1" index="0" bw="1" slack="0"/>
</pin_list>
<bind>
<StgValue><ssdm name=""/></StgValue>
</bind>
</comp>

<comp id="62" class="1001" name="const_62">
<pin_list>
<pin id="63" dir="1" index="0" bw="1" slack="0"/>
</pin_list>
<bind>
<StgValue><ssdm name=""/></StgValue>
</bind>
</comp>

<comp id="64" class="1001" name="const_64">
<pin_list>
<pin id="65" dir="1" index="0" bw="1" slack="0"/>
</pin_list>
<bind>
<StgValue><ssdm name=""/></StgValue>
</bind>
</comp>

<comp id="66" class="1001" name="const_66">
<pin_list>
<pin id="67" dir="1" index="0" bw="1" slack="0"/>
</pin_list>
<bind>
<StgValue><ssdm name=""/></StgValue>
</bind>
</comp>

<comp id="68" class="1001" name="const_68">
<pin_list>
<pin id="69" dir="1" index="0" bw="1" slack="0"/>
</pin_list>
<bind>
<StgValue><ssdm name=""/></StgValue>
</bind>
</comp>

<comp id="70" class="1001" name="const_70">
<pin_list>
<pin id="71" dir="1" index="0" bw="1" slack="0"/>
</pin_list>
<bind>
<StgValue><ssdm name=""/></StgValue>
</bind>
</comp>

<comp id="72" class="1001" name="const_72">
<pin_list>
<pin id="73" dir="1" index="0" bw="1" slack="0"/>
</pin_list>
<bind>
<StgValue><ssdm name=""/></StgValue>
</bind>
</comp>

<comp id="74" class="1001" name="const_74">
<pin_list>
<pin id="75" dir="1" index="0" bw="1" slack="0"/>
</pin_list>
<bind>
<StgValue><ssdm name=""/></StgValue>
</bind>
</comp>

<comp id="76" class="1001" name="const_76">
<pin_list>
<pin id="77" dir="1" index="0" bw="1" slack="0"/>
</pin_list>
<bind>
<StgValue><ssdm name=""/></StgValue>
</bind>
</comp>

<comp id="78" class="1001" name="const_78">
<pin_list>
<pin id="79" dir="1" index="0" bw="1" slack="0"/>
</pin_list>
<bind>
<StgValue><ssdm name=""/></StgValue>
</bind>
</comp>

<comp id="80" class="1001" name="const_80">
<pin_list>
<pin id="81" dir="1" index="0" bw="1" slack="0"/>
</pin_list>
<bind>
<StgValue><ssdm name=""/></StgValue>
</bind>
</comp>

<comp id="82" class="1001" name="const_82">
<pin_list>
<pin id="83" dir="1" index="0" bw="1" slack="0"/>
</pin_list>
<bind>
<StgValue><ssdm name="_ssdm_op_PartSelect.i11.i123.i32.i32"/></StgValue>
</bind>
</comp>

<comp id="84" class="1001" name="const_84">
<pin_list>
<pin id="85" dir="1" index="0" bw="1" slack="0"/>
</pin_list>
<bind>
<StgValue><ssdm name=""/></StgValue>
</bind>
</comp>

<comp id="86" class="1001" name="const_86">
<pin_list>
<pin id="87" dir="1" index="0" bw="1" slack="0"/>
</pin_list>
<bind>
<StgValue><ssdm name=""/></StgValue>
</bind>
</comp>

<comp id="88" class="1001" name="const_88">
<pin_list>
<pin id="89" dir="1" index="0" bw="1" slack="0"/>
</pin_list>
<bind>
<StgValue><ssdm name="_ssdm_op_PartSelect.i16.i26.i32.i32"/></StgValue>
</bind>
</comp>

<comp id="90" class="1001" name="const_90">
<pin_list>
<pin id="91" dir="1" index="0" bw="1" slack="0"/>
</pin_list>
<bind>
<StgValue><ssdm name=""/></StgValue>
</bind>
</comp>

<comp id="92" class="1001" name="const_92">
<pin_list>
<pin id="93" dir="1" index="0" bw="1" slack="0"/>
</pin_list>
<bind>
<StgValue><ssdm name=""/></StgValue>
</bind>
</comp>

<comp id="94" class="1001" name="const_94">
<pin_list>
<pin id="95" dir="1" index="0" bw="1" slack="4"/>
</pin_list>
<bind>
<StgValue><ssdm name=""/></StgValue>
</bind>
</comp>

<comp id="96" class="1001" name="const_96">
<pin_list>
<pin id="97" dir="1" index="0" bw="1" slack="4"/>
</pin_list>
<bind>
<StgValue><ssdm name=""/></StgValue>
</bind>
</comp>

<comp id="98" class="1001" name="const_98">
<pin_list>
<pin id="99" dir="1" index="0" bw="1" slack="4"/>
</pin_list>
<bind>
<StgValue><ssdm name=""/></StgValue>
</bind>
</comp>

<comp id="100" class="1001" name="const_100">
<pin_list>
<pin id="101" dir="1" index="0" bw="1" slack="4"/>
</pin_list>
<bind>
<StgValue><ssdm name=""/></StgValue>
</bind>
</comp>

<comp id="102" class="1001" name="const_102">
<pin_list>
<pin id="103" dir="1" index="0" bw="1" slack="4"/>
</pin_list>
<bind>
<StgValue><ssdm name=""/></StgValue>
</bind>
</comp>

<comp id="104" class="1001" name="const_104">
<pin_list>
<pin id="105" dir="1" index="0" bw="1" slack="4"/>
</pin_list>
<bind>
<StgValue><ssdm name=""/></StgValue>
</bind>
</comp>

<comp id="106" class="1001" name="const_106">
<pin_list>
<pin id="107" dir="1" index="0" bw="1" slack="4"/>
</pin_list>
<bind>
<StgValue><ssdm name=""/></StgValue>
</bind>
</comp>

<comp id="108" class="1001" name="const_108">
<pin_list>
<pin id="109" dir="1" index="0" bw="1" slack="4"/>
</pin_list>
<bind>
<StgValue><ssdm name=""/></StgValue>
</bind>
</comp>

<comp id="110" class="1001" name="const_110">
<pin_list>
<pin id="111" dir="1" index="0" bw="1" slack="2147483647"/>
</pin_list>
<bind>
<StgValue><ssdm name="_ssdm_op_SpecPipeline"/></StgValue>
</bind>
</comp>

<comp id="112" class="1001" name="const_112">
<pin_list>
<pin id="113" dir="1" index="0" bw="1" slack="2147483647"/>
</pin_list>
<bind>
<StgValue><ssdm name=""/></StgValue>
</bind>
</comp>

<comp id="114" class="1001" name="const_114">
<pin_list>
<pin id="115" dir="1" index="0" bw="1" slack="2147483647"/>
</pin_list>
<bind>
<StgValue><ssdm name=""/></StgValue>
</bind>
</comp>

<comp id="116" class="1001" name="const_116">
<pin_list>
<pin id="117" dir="1" index="0" bw="1" slack="2147483647"/>
</pin_list>
<bind>
<StgValue><ssdm name=""/></StgValue>
</bind>
</comp>

<comp id="118" class="1001" name="const_118">
<pin_list>
<pin id="119" dir="1" index="0" bw="1" slack="2147483647"/>
</pin_list>
<bind>
<StgValue><ssdm name="empty_9"/></StgValue>
</bind>
</comp>

<comp id="120" class="1001" name="const_120">
<pin_list>
<pin id="121" dir="1" index="0" bw="1" slack="2147483647"/>
</pin_list>
<bind>
<StgValue><ssdm name="_ssdm_op_SpecLoopTripCount"/></StgValue>
</bind>
</comp>

<comp id="122" class="1001" name="const_122">
<pin_list>
<pin id="123" dir="1" index="0" bw="1" slack="2147483647"/>
</pin_list>
<bind>
<StgValue><ssdm name=""/></StgValue>
</bind>
</comp>

<comp id="124" class="1001" name="const_124">
<pin_list>
<pin id="125" dir="1" index="0" bw="1" slack="2147483647"/>
</pin_list>
<bind>
<StgValue><ssdm name="_ssdm_op_SpecLoopName"/></StgValue>
</bind>
</comp>

<comp id="126" class="1001" name="const_126">
<pin_list>
<pin id="127" dir="1" index="0" bw="1" slack="2147483647"/>
</pin_list>
<bind>
<StgValue><ssdm name="empty"/></StgValue>
</bind>
</comp>

<comp id="128" class="1001" name="const_128">
<pin_list>
<pin id="129" dir="1" index="0" bw="1" slack="0"/>
</pin_list>
<bind>
<StgValue><ssdm name=""/></StgValue>
</bind>
</comp>

<comp id="130" class="1004" name="w27_addr_gep_fu_130">
<pin_list>
<pin id="131" dir="0" index="0" bw="123" slack="0"/>
<pin id="132" dir="0" index="1" bw="1" slack="0"/>
<pin id="133" dir="0" index="2" bw="4" slack="0"/>
<pin id="134" dir="1" index="3" bw="4" slack="0"/>
</pin_list>
<bind>
<opcode="getelementptr(29) " fcode="getelementptr"/>
<opset="w27_addr/2 "/>
</bind>
</comp>

<comp id="137" class="1004" name="grp_access_fu_137">
<pin_list>
<pin id="138" dir="0" index="0" bw="4" slack="0"/>
<pin id="139" dir="0" index="1" bw="123" slack="2147483647"/>
<pin id="140" dir="0" index="2" bw="0" slack="2147483647"/>
<pin id="141" dir="1" index="3" bw="123" slack="0"/>
</pin_list>
<bind>
<opcode="load(27) " fcode="load"/>
<opset="w27_load/2 "/>
</bind>
</comp>

<comp id="143" class="1005" name="do_init_reg_143">
<pin_list>
<pin id="144" dir="0" index="0" bw="1" slack="1"/>
<pin id="145" dir="1" index="1" bw="1" slack="1"/>
</pin_list>
<bind>
<opset="do_init (phireg) "/>
</bind>
</comp>

<comp id="147" class="1004" name="do_init_phi_fu_147">
<pin_list>
<pin id="148" dir="0" index="0" bw="1" slack="1"/>
<pin id="149" dir="0" index="1" bw="0" slack="2147483647"/>
<pin id="150" dir="0" index="2" bw="1" slack="0"/>
<pin id="151" dir="0" index="3" bw="0" slack="2147483647"/>
<pin id="152" dir="0" index="4" bw="1" slack="0"/>
<pin id="153" dir="0" index="5" bw="0" slack="2147483647"/>
<pin id="154" dir="1" index="6" bw="1" slack="1"/>
</pin_list>
<bind>
<opcode="phi(47) " fcode="phi"/>
<opset="do_init/2 "/>
</bind>
</comp>

<comp id="159" class="1005" name="ir_reg_159">
<pin_list>
<pin id="160" dir="0" index="0" bw="4" slack="1"/>
<pin id="161" dir="1" index="1" bw="4" slack="1"/>
</pin_list>
<bind>
<opset="ir (phireg) "/>
</bind>
</comp>

<comp id="163" class="1004" name="ir_phi_fu_163">
<pin_list>
<pin id="164" dir="0" index="0" bw="1" slack="1"/>
<pin id="165" dir="0" index="1" bw="0" slack="2147483647"/>
<pin id="166" dir="0" index="2" bw="4" slack="0"/>
<pin id="167" dir="0" index="3" bw="0" slack="2147483647"/>
<pin id="168" dir="0" index="4" bw="1" slack="0"/>
<pin id="169" dir="0" index="5" bw="0" slack="2147483647"/>
<pin id="170" dir="1" index="6" bw="4" slack="0"/>
</pin_list>
<bind>
<opcode="phi(47) " fcode="phi"/>
<opset="ir/2 "/>
</bind>
</comp>

<comp id="174" class="1005" name="void_compute_output_buffer_2d_array_const_ap_shift_reg_n_chan_stream_weig_45_reg_174">
<pin_list>
<pin id="175" dir="0" index="0" bw="16" slack="1"/>
<pin id="176" dir="1" index="1" bw="16" slack="1"/>
</pin_list>
<bind>
<opset="void_compute_output_buffer_2d_array_const_ap_shift_reg_n_chan_stream_weig_45 (phireg) "/>
</bind>
</comp>

<comp id="178" class="1004" name="void_compute_output_buffer_2d_array_const_ap_shift_reg_n_chan_stream_weig_45_phi_fu_178">
<pin_list>
<pin id="179" dir="0" index="0" bw="1" slack="2"/>
<pin id="180" dir="0" index="1" bw="0" slack="2147483647"/>
<pin id="181" dir="0" index="2" bw="16" slack="0"/>
<pin id="182" dir="0" index="3" bw="0" slack="2147483647"/>
<pin id="183" dir="0" index="4" bw="1" slack="1"/>
<pin id="184" dir="0" index="5" bw="0" slack="2147483647"/>
<pin id="185" dir="1" index="6" bw="16" slack="0"/>
</pin_list>
<bind>
<opcode="phi(47) " fcode="phi"/>
<opset="void_compute_output_buffer_2d_array_const_ap_shift_reg_n_chan_stream_weig_45/3 "/>
</bind>
</comp>

<comp id="188" class="1005" name="void_compute_output_buffer_2d_array_const_ap_shift_reg_n_chan_stream_weig_46_reg_188">
<pin_list>
<pin id="189" dir="0" index="0" bw="16" slack="1"/>
<pin id="190" dir="1" index="1" bw="16" slack="1"/>
</pin_list>
<bind>
<opset="void_compute_output_buffer_2d_array_const_ap_shift_reg_n_chan_stream_weig_46 (phireg) "/>
</bind>
</comp>

<comp id="192" class="1004" name="void_compute_output_buffer_2d_array_const_ap_shift_reg_n_chan_stream_weig_46_phi_fu_192">
<pin_list>
<pin id="193" dir="0" index="0" bw="1" slack="2"/>
<pin id="194" dir="0" index="1" bw="0" slack="2147483647"/>
<pin id="195" dir="0" index="2" bw="16" slack="0"/>
<pin id="196" dir="0" index="3" bw="0" slack="2147483647"/>
<pin id="197" dir="0" index="4" bw="1" slack="1"/>
<pin id="198" dir="0" index="5" bw="0" slack="2147483647"/>
<pin id="199" dir="1" index="6" bw="16" slack="0"/>
</pin_list>
<bind>
<opcode="phi(47) " fcode="phi"/>
<opset="void_compute_output_buffer_2d_array_const_ap_shift_reg_n_chan_stream_weig_46/3 "/>
</bind>
</comp>

<comp id="202" class="1005" name="void_compute_output_buffer_2d_array_const_ap_shift_reg_n_chan_stream_weig_47_reg_202">
<pin_list>
<pin id="203" dir="0" index="0" bw="16" slack="1"/>
<pin id="204" dir="1" index="1" bw="16" slack="1"/>
</pin_list>
<bind>
<opset="void_compute_output_buffer_2d_array_const_ap_shift_reg_n_chan_stream_weig_47 (phireg) "/>
</bind>
</comp>

<comp id="206" class="1004" name="void_compute_output_buffer_2d_array_const_ap_shift_reg_n_chan_stream_weig_47_phi_fu_206">
<pin_list>
<pin id="207" dir="0" index="0" bw="1" slack="2"/>
<pin id="208" dir="0" index="1" bw="0" slack="2147483647"/>
<pin id="209" dir="0" index="2" bw="16" slack="0"/>
<pin id="210" dir="0" index="3" bw="0" slack="2147483647"/>
<pin id="211" dir="0" index="4" bw="1" slack="1"/>
<pin id="212" dir="0" index="5" bw="0" slack="2147483647"/>
<pin id="213" dir="1" index="6" bw="16" slack="0"/>
</pin_list>
<bind>
<opcode="phi(47) " fcode="phi"/>
<opset="void_compute_output_buffer_2d_array_const_ap_shift_reg_n_chan_stream_weig_47/3 "/>
</bind>
</comp>

<comp id="216" class="1005" name="void_compute_output_buffer_2d_array_const_ap_shift_reg_n_chan_stream_weig_48_reg_216">
<pin_list>
<pin id="217" dir="0" index="0" bw="16" slack="1"/>
<pin id="218" dir="1" index="1" bw="16" slack="1"/>
</pin_list>
<bind>
<opset="void_compute_output_buffer_2d_array_const_ap_shift_reg_n_chan_stream_weig_48 (phireg) "/>
</bind>
</comp>

<comp id="220" class="1004" name="void_compute_output_buffer_2d_array_const_ap_shift_reg_n_chan_stream_weig_48_phi_fu_220">
<pin_list>
<pin id="221" dir="0" index="0" bw="1" slack="2"/>
<pin id="222" dir="0" index="1" bw="0" slack="2147483647"/>
<pin id="223" dir="0" index="2" bw="16" slack="0"/>
<pin id="224" dir="0" index="3" bw="0" slack="2147483647"/>
<pin id="225" dir="0" index="4" bw="1" slack="1"/>
<pin id="226" dir="0" index="5" bw="0" slack="2147483647"/>
<pin id="227" dir="1" index="6" bw="16" slack="0"/>
</pin_list>
<bind>
<opcode="phi(47) " fcode="phi"/>
<opset="void_compute_output_buffer_2d_array_const_ap_shift_reg_n_chan_stream_weig_48/3 "/>
</bind>
</comp>

<comp id="230" class="1005" name="void_compute_output_buffer_2d_array_const_ap_shift_reg_n_chan_stream_weig_49_reg_230">
<pin_list>
<pin id="231" dir="0" index="0" bw="16" slack="1"/>
<pin id="232" dir="1" index="1" bw="16" slack="1"/>
</pin_list>
<bind>
<opset="void_compute_output_buffer_2d_array_const_ap_shift_reg_n_chan_stream_weig_49 (phireg) "/>
</bind>
</comp>

<comp id="234" class="1004" name="void_compute_output_buffer_2d_array_const_ap_shift_reg_n_chan_stream_weig_49_phi_fu_234">
<pin_list>
<pin id="235" dir="0" index="0" bw="1" slack="2"/>
<pin id="236" dir="0" index="1" bw="0" slack="2147483647"/>
<pin id="237" dir="0" index="2" bw="16" slack="0"/>
<pin id="238" dir="0" index="3" bw="0" slack="2147483647"/>
<pin id="239" dir="0" index="4" bw="1" slack="1"/>
<pin id="240" dir="0" index="5" bw="0" slack="2147483647"/>
<pin id="241" dir="1" index="6" bw="16" slack="0"/>
</pin_list>
<bind>
<opcode="phi(47) " fcode="phi"/>
<opset="void_compute_output_buffer_2d_array_const_ap_shift_reg_n_chan_stream_weig_49/3 "/>
</bind>
</comp>

<comp id="244" class="1005" name="void_compute_output_buffer_2d_array_const_ap_shift_reg_n_chan_stream_weig_50_reg_244">
<pin_list>
<pin id="245" dir="0" index="0" bw="16" slack="1"/>
<pin id="246" dir="1" index="1" bw="16" slack="1"/>
</pin_list>
<bind>
<opset="void_compute_output_buffer_2d_array_const_ap_shift_reg_n_chan_stream_weig_50 (phireg) "/>
</bind>
</comp>

<comp id="248" class="1004" name="void_compute_output_buffer_2d_array_const_ap_shift_reg_n_chan_stream_weig_50_phi_fu_248">
<pin_list>
<pin id="249" dir="0" index="0" bw="1" slack="2"/>
<pin id="250" dir="0" index="1" bw="0" slack="2147483647"/>
<pin id="251" dir="0" index="2" bw="16" slack="0"/>
<pin id="252" dir="0" index="3" bw="0" slack="2147483647"/>
<pin id="253" dir="0" index="4" bw="1" slack="1"/>
<pin id="254" dir="0" index="5" bw="0" slack="2147483647"/>
<pin id="255" dir="1" index="6" bw="16" slack="0"/>
</pin_list>
<bind>
<opcode="phi(47) " fcode="phi"/>
<opset="void_compute_output_buffer_2d_array_const_ap_shift_reg_n_chan_stream_weig_50/3 "/>
</bind>
</comp>

<comp id="258" class="1005" name="void_compute_output_buffer_2d_array_const_ap_shift_reg_n_chan_stream_weig_51_reg_258">
<pin_list>
<pin id="259" dir="0" index="0" bw="16" slack="1"/>
<pin id="260" dir="1" index="1" bw="16" slack="1"/>
</pin_list>
<bind>
<opset="void_compute_output_buffer_2d_array_const_ap_shift_reg_n_chan_stream_weig_51 (phireg) "/>
</bind>
</comp>

<comp id="262" class="1004" name="void_compute_output_buffer_2d_array_const_ap_shift_reg_n_chan_stream_weig_51_phi_fu_262">
<pin_list>
<pin id="263" dir="0" index="0" bw="1" slack="2"/>
<pin id="264" dir="0" index="1" bw="0" slack="2147483647"/>
<pin id="265" dir="0" index="2" bw="16" slack="0"/>
<pin id="266" dir="0" index="3" bw="0" slack="2147483647"/>
<pin id="267" dir="0" index="4" bw="1" slack="1"/>
<pin id="268" dir="0" index="5" bw="0" slack="2147483647"/>
<pin id="269" dir="1" index="6" bw="16" slack="0"/>
</pin_list>
<bind>
<opcode="phi(47) " fcode="phi"/>
<opset="void_compute_output_buffer_2d_array_const_ap_shift_reg_n_chan_stream_weig_51/3 "/>
</bind>
</comp>

<comp id="272" class="1005" name="void_compute_output_buffer_2d_array_const_ap_shift_reg_n_chan_stream_weig_52_reg_272">
<pin_list>
<pin id="273" dir="0" index="0" bw="16" slack="1"/>
<pin id="274" dir="1" index="1" bw="16" slack="1"/>
</pin_list>
<bind>
<opset="void_compute_output_buffer_2d_array_const_ap_shift_reg_n_chan_stream_weig_52 (phireg) "/>
</bind>
</comp>

<comp id="276" class="1004" name="void_compute_output_buffer_2d_array_const_ap_shift_reg_n_chan_stream_weig_52_phi_fu_276">
<pin_list>
<pin id="277" dir="0" index="0" bw="1" slack="2"/>
<pin id="278" dir="0" index="1" bw="0" slack="2147483647"/>
<pin id="279" dir="0" index="2" bw="16" slack="0"/>
<pin id="280" dir="0" index="3" bw="0" slack="2147483647"/>
<pin id="281" dir="0" index="4" bw="1" slack="1"/>
<pin id="282" dir="0" index="5" bw="0" slack="2147483647"/>
<pin id="283" dir="1" index="6" bw="16" slack="0"/>
</pin_list>
<bind>
<opcode="phi(47) " fcode="phi"/>
<opset="void_compute_output_buffer_2d_array_const_ap_shift_reg_n_chan_stream_weig_52/3 "/>
</bind>
</comp>

<comp id="286" class="1005" name="void_compute_output_buffer_2d_array_const_ap_shift_reg_n_chan_stream_weig_53_reg_286">
<pin_list>
<pin id="287" dir="0" index="0" bw="16" slack="1"/>
<pin id="288" dir="1" index="1" bw="16" slack="1"/>
</pin_list>
<bind>
<opset="void_compute_output_buffer_2d_array_const_ap_shift_reg_n_chan_stream_weig_53 (phireg) "/>
</bind>
</comp>

<comp id="290" class="1004" name="void_compute_output_buffer_2d_array_const_ap_shift_reg_n_chan_stream_weig_53_phi_fu_290">
<pin_list>
<pin id="291" dir="0" index="0" bw="1" slack="2"/>
<pin id="292" dir="0" index="1" bw="0" slack="2147483647"/>
<pin id="293" dir="0" index="2" bw="16" slack="0"/>
<pin id="294" dir="0" index="3" bw="0" slack="2147483647"/>
<pin id="295" dir="0" index="4" bw="1" slack="1"/>
<pin id="296" dir="0" index="5" bw="0" slack="2147483647"/>
<pin id="297" dir="1" index="6" bw="16" slack="0"/>
</pin_list>
<bind>
<opcode="phi(47) " fcode="phi"/>
<opset="void_compute_output_buffer_2d_array_const_ap_shift_reg_n_chan_stream_weig_53/3 "/>
</bind>
</comp>

<comp id="300" class="1005" name="void_compute_output_buffer_2d_array_const_ap_shift_reg_n_chan_stream_weig_27_reg_300">
<pin_list>
<pin id="301" dir="0" index="0" bw="16" slack="0"/>
<pin id="302" dir="1" index="1" bw="16" slack="0"/>
</pin_list>
<bind>
<opset="void_compute_output_buffer_2d_array_const_ap_shift_reg_n_chan_stream_weig_27 (phireg) "/>
</bind>
</comp>

<comp id="304" class="1004" name="void_compute_output_buffer_2d_array_const_ap_shift_reg_n_chan_stream_weig_27_phi_fu_304">
<pin_list>
<pin id="305" dir="0" index="0" bw="16" slack="0"/>
<pin id="306" dir="0" index="1" bw="0" slack="2147483647"/>
<pin id="307" dir="0" index="2" bw="16" slack="0"/>
<pin id="308" dir="0" index="3" bw="0" slack="2147483647"/>
<pin id="309" dir="1" index="4" bw="16" slack="0"/>
</pin_list>
<bind>
<opcode="phi(47) " fcode="phi"/>
<opset="void_compute_output_buffer_2d_array_const_ap_shift_reg_n_chan_stream_weig_27/3 "/>
</bind>
</comp>

<comp id="312" class="1005" name="void_compute_output_buffer_2d_array_const_ap_shift_reg_n_chan_stream_weig_28_reg_312">
<pin_list>
<pin id="313" dir="0" index="0" bw="16" slack="0"/>
<pin id="314" dir="1" index="1" bw="16" slack="0"/>
</pin_list>
<bind>
<opset="void_compute_output_buffer_2d_array_const_ap_shift_reg_n_chan_stream_weig_28 (phireg) "/>
</bind>
</comp>

<comp id="316" class="1004" name="void_compute_output_buffer_2d_array_const_ap_shift_reg_n_chan_stream_weig_28_phi_fu_316">
<pin_list>
<pin id="317" dir="0" index="0" bw="16" slack="0"/>
<pin id="318" dir="0" index="1" bw="0" slack="2147483647"/>
<pin id="319" dir="0" index="2" bw="16" slack="0"/>
<pin id="320" dir="0" index="3" bw="0" slack="2147483647"/>
<pin id="321" dir="1" index="4" bw="16" slack="0"/>
</pin_list>
<bind>
<opcode="phi(47) " fcode="phi"/>
<opset="void_compute_output_buffer_2d_array_const_ap_shift_reg_n_chan_stream_weig_28/3 "/>
</bind>
</comp>

<comp id="324" class="1005" name="void_compute_output_buffer_2d_array_const_ap_shift_reg_n_chan_stream_weig_29_reg_324">
<pin_list>
<pin id="325" dir="0" index="0" bw="16" slack="0"/>
<pin id="326" dir="1" index="1" bw="16" slack="0"/>
</pin_list>
<bind>
<opset="void_compute_output_buffer_2d_array_const_ap_shift_reg_n_chan_stream_weig_29 (phireg) "/>
</bind>
</comp>

<comp id="328" class="1004" name="void_compute_output_buffer_2d_array_const_ap_shift_reg_n_chan_stream_weig_29_phi_fu_328">
<pin_list>
<pin id="329" dir="0" index="0" bw="16" slack="0"/>
<pin id="330" dir="0" index="1" bw="0" slack="2147483647"/>
<pin id="331" dir="0" index="2" bw="16" slack="0"/>
<pin id="332" dir="0" index="3" bw="0" slack="2147483647"/>
<pin id="333" dir="1" index="4" bw="16" slack="0"/>
</pin_list>
<bind>
<opcode="phi(47) " fcode="phi"/>
<opset="void_compute_output_buffer_2d_array_const_ap_shift_reg_n_chan_stream_weig_29/3 "/>
</bind>
</comp>

<comp id="336" class="1005" name="void_compute_output_buffer_2d_array_const_ap_shift_reg_n_chan_stream_weig_30_reg_336">
<pin_list>
<pin id="337" dir="0" index="0" bw="16" slack="0"/>
<pin id="338" dir="1" index="1" bw="16" slack="0"/>
</pin_list>
<bind>
<opset="void_compute_output_buffer_2d_array_const_ap_shift_reg_n_chan_stream_weig_30 (phireg) "/>
</bind>
</comp>

<comp id="340" class="1004" name="void_compute_output_buffer_2d_array_const_ap_shift_reg_n_chan_stream_weig_30_phi_fu_340">
<pin_list>
<pin id="341" dir="0" index="0" bw="16" slack="0"/>
<pin id="342" dir="0" index="1" bw="0" slack="2147483647"/>
<pin id="343" dir="0" index="2" bw="16" slack="0"/>
<pin id="344" dir="0" index="3" bw="0" slack="2147483647"/>
<pin id="345" dir="1" index="4" bw="16" slack="0"/>
</pin_list>
<bind>
<opcode="phi(47) " fcode="phi"/>
<opset="void_compute_output_buffer_2d_array_const_ap_shift_reg_n_chan_stream_weig_30/3 "/>
</bind>
</comp>

<comp id="348" class="1005" name="void_compute_output_buffer_2d_array_const_ap_shift_reg_n_chan_stream_weig_31_reg_348">
<pin_list>
<pin id="349" dir="0" index="0" bw="16" slack="0"/>
<pin id="350" dir="1" index="1" bw="16" slack="0"/>
</pin_list>
<bind>
<opset="void_compute_output_buffer_2d_array_const_ap_shift_reg_n_chan_stream_weig_31 (phireg) "/>
</bind>
</comp>

<comp id="352" class="1004" name="void_compute_output_buffer_2d_array_const_ap_shift_reg_n_chan_stream_weig_31_phi_fu_352">
<pin_list>
<pin id="353" dir="0" index="0" bw="16" slack="0"/>
<pin id="354" dir="0" index="1" bw="0" slack="2147483647"/>
<pin id="355" dir="0" index="2" bw="16" slack="0"/>
<pin id="356" dir="0" index="3" bw="0" slack="2147483647"/>
<pin id="357" dir="1" index="4" bw="16" slack="0"/>
</pin_list>
<bind>
<opcode="phi(47) " fcode="phi"/>
<opset="void_compute_output_buffer_2d_array_const_ap_shift_reg_n_chan_stream_weig_31/3 "/>
</bind>
</comp>

<comp id="360" class="1005" name="void_compute_output_buffer_2d_array_const_ap_shift_reg_n_chan_stream_weig_32_reg_360">
<pin_list>
<pin id="361" dir="0" index="0" bw="16" slack="0"/>
<pin id="362" dir="1" index="1" bw="16" slack="0"/>
</pin_list>
<bind>
<opset="void_compute_output_buffer_2d_array_const_ap_shift_reg_n_chan_stream_weig_32 (phireg) "/>
</bind>
</comp>

<comp id="364" class="1004" name="void_compute_output_buffer_2d_array_const_ap_shift_reg_n_chan_stream_weig_32_phi_fu_364">
<pin_list>
<pin id="365" dir="0" index="0" bw="16" slack="0"/>
<pin id="366" dir="0" index="1" bw="0" slack="2147483647"/>
<pin id="367" dir="0" index="2" bw="16" slack="0"/>
<pin id="368" dir="0" index="3" bw="0" slack="2147483647"/>
<pin id="369" dir="1" index="4" bw="16" slack="0"/>
</pin_list>
<bind>
<opcode="phi(47) " fcode="phi"/>
<opset="void_compute_output_buffer_2d_array_const_ap_shift_reg_n_chan_stream_weig_32/3 "/>
</bind>
</comp>

<comp id="372" class="1005" name="void_compute_output_buffer_2d_array_const_ap_shift_reg_n_chan_stream_weig_33_reg_372">
<pin_list>
<pin id="373" dir="0" index="0" bw="16" slack="0"/>
<pin id="374" dir="1" index="1" bw="16" slack="0"/>
</pin_list>
<bind>
<opset="void_compute_output_buffer_2d_array_const_ap_shift_reg_n_chan_stream_weig_33 (phireg) "/>
</bind>
</comp>

<comp id="376" class="1004" name="void_compute_output_buffer_2d_array_const_ap_shift_reg_n_chan_stream_weig_33_phi_fu_376">
<pin_list>
<pin id="377" dir="0" index="0" bw="16" slack="0"/>
<pin id="378" dir="0" index="1" bw="0" slack="2147483647"/>
<pin id="379" dir="0" index="2" bw="16" slack="0"/>
<pin id="380" dir="0" index="3" bw="0" slack="2147483647"/>
<pin id="381" dir="1" index="4" bw="16" slack="0"/>
</pin_list>
<bind>
<opcode="phi(47) " fcode="phi"/>
<opset="void_compute_output_buffer_2d_array_const_ap_shift_reg_n_chan_stream_weig_33/3 "/>
</bind>
</comp>

<comp id="384" class="1005" name="void_compute_output_buffer_2d_array_const_ap_shift_reg_n_chan_stream_weig_34_reg_384">
<pin_list>
<pin id="385" dir="0" index="0" bw="16" slack="0"/>
<pin id="386" dir="1" index="1" bw="16" slack="0"/>
</pin_list>
<bind>
<opset="void_compute_output_buffer_2d_array_const_ap_shift_reg_n_chan_stream_weig_34 (phireg) "/>
</bind>
</comp>

<comp id="388" class="1004" name="void_compute_output_buffer_2d_array_const_ap_shift_reg_n_chan_stream_weig_34_phi_fu_388">
<pin_list>
<pin id="389" dir="0" index="0" bw="16" slack="0"/>
<pin id="390" dir="0" index="1" bw="0" slack="2147483647"/>
<pin id="391" dir="0" index="2" bw="16" slack="0"/>
<pin id="392" dir="0" index="3" bw="0" slack="2147483647"/>
<pin id="393" dir="1" index="4" bw="16" slack="0"/>
</pin_list>
<bind>
<opcode="phi(47) " fcode="phi"/>
<opset="void_compute_output_buffer_2d_array_const_ap_shift_reg_n_chan_stream_weig_34/3 "/>
</bind>
</comp>

<comp id="396" class="1005" name="void_compute_output_buffer_2d_array_const_ap_shift_reg_n_chan_stream_weig_35_reg_396">
<pin_list>
<pin id="397" dir="0" index="0" bw="16" slack="0"/>
<pin id="398" dir="1" index="1" bw="16" slack="0"/>
</pin_list>
<bind>
<opset="void_compute_output_buffer_2d_array_const_ap_shift_reg_n_chan_stream_weig_35 (phireg) "/>
</bind>
</comp>

<comp id="400" class="1004" name="void_compute_output_buffer_2d_array_const_ap_shift_reg_n_chan_stream_weig_35_phi_fu_400">
<pin_list>
<pin id="401" dir="0" index="0" bw="16" slack="0"/>
<pin id="402" dir="0" index="1" bw="0" slack="2147483647"/>
<pin id="403" dir="0" index="2" bw="16" slack="0"/>
<pin id="404" dir="0" index="3" bw="0" slack="2147483647"/>
<pin id="405" dir="1" index="4" bw="16" slack="0"/>
</pin_list>
<bind>
<opcode="phi(47) " fcode="phi"/>
<opset="void_compute_output_buffer_2d_array_const_ap_shift_reg_n_chan_stream_weig_35/3 "/>
</bind>
</comp>

<comp id="408" class="1005" name="res_0_0_i18_reg_408">
<pin_list>
<pin id="409" dir="0" index="0" bw="16" slack="4"/>
<pin id="410" dir="1" index="1" bw="16" slack="4"/>
</pin_list>
<bind>
<opset="res_0_0_i18 (phireg) "/>
</bind>
</comp>

<comp id="412" class="1004" name="res_0_0_i18_phi_fu_412">
<pin_list>
<pin id="413" dir="0" index="0" bw="9" slack="5"/>
<pin id="414" dir="0" index="1" bw="0" slack="2147483647"/>
<pin id="415" dir="0" index="2" bw="16" slack="0"/>
<pin id="416" dir="0" index="3" bw="0" slack="2147483647"/>
<pin id="417" dir="0" index="4" bw="9" slack="4"/>
<pin id="418" dir="0" index="5" bw="0" slack="2147483647"/>
<pin id="419" dir="1" index="6" bw="16" slack="0"/>
</pin_list>
<bind>
<opcode="phi(47) " fcode="phi"/>
<opset="res_0_0_i18/6 "/>
</bind>
</comp>

<comp id="422" class="1005" name="res_1_0_i16_reg_422">
<pin_list>
<pin id="423" dir="0" index="0" bw="16" slack="4"/>
<pin id="424" dir="1" index="1" bw="16" slack="4"/>
</pin_list>
<bind>
<opset="res_1_0_i16 (phireg) "/>
</bind>
</comp>

<comp id="426" class="1004" name="res_1_0_i16_phi_fu_426">
<pin_list>
<pin id="427" dir="0" index="0" bw="10" slack="5"/>
<pin id="428" dir="0" index="1" bw="0" slack="2147483647"/>
<pin id="429" dir="0" index="2" bw="16" slack="0"/>
<pin id="430" dir="0" index="3" bw="0" slack="2147483647"/>
<pin id="431" dir="0" index="4" bw="10" slack="4"/>
<pin id="432" dir="0" index="5" bw="0" slack="2147483647"/>
<pin id="433" dir="1" index="6" bw="16" slack="0"/>
</pin_list>
<bind>
<opcode="phi(47) " fcode="phi"/>
<opset="res_1_0_i16/6 "/>
</bind>
</comp>

<comp id="436" class="1005" name="res_2_0_i14_reg_436">
<pin_list>
<pin id="437" dir="0" index="0" bw="16" slack="4"/>
<pin id="438" dir="1" index="1" bw="16" slack="4"/>
</pin_list>
<bind>
<opset="res_2_0_i14 (phireg) "/>
</bind>
</comp>

<comp id="440" class="1004" name="res_2_0_i14_phi_fu_440">
<pin_list>
<pin id="441" dir="0" index="0" bw="3" slack="5"/>
<pin id="442" dir="0" index="1" bw="0" slack="2147483647"/>
<pin id="443" dir="0" index="2" bw="16" slack="0"/>
<pin id="444" dir="0" index="3" bw="0" slack="2147483647"/>
<pin id="445" dir="0" index="4" bw="3" slack="4"/>
<pin id="446" dir="0" index="5" bw="0" slack="2147483647"/>
<pin id="447" dir="1" index="6" bw="16" slack="0"/>
</pin_list>
<bind>
<opcode="phi(47) " fcode="phi"/>
<opset="res_2_0_i14/6 "/>
</bind>
</comp>

<comp id="450" class="1005" name="res_3_0_i12_reg_450">
<pin_list>
<pin id="451" dir="0" index="0" bw="16" slack="4"/>
<pin id="452" dir="1" index="1" bw="16" slack="4"/>
</pin_list>
<bind>
<opset="res_3_0_i12 (phireg) "/>
</bind>
</comp>

<comp id="454" class="1004" name="res_3_0_i12_phi_fu_454">
<pin_list>
<pin id="455" dir="0" index="0" bw="11" slack="5"/>
<pin id="456" dir="0" index="1" bw="0" slack="2147483647"/>
<pin id="457" dir="0" index="2" bw="16" slack="0"/>
<pin id="458" dir="0" index="3" bw="0" slack="2147483647"/>
<pin id="459" dir="0" index="4" bw="11" slack="4"/>
<pin id="460" dir="0" index="5" bw="0" slack="2147483647"/>
<pin id="461" dir="1" index="6" bw="16" slack="0"/>
</pin_list>
<bind>
<opcode="phi(47) " fcode="phi"/>
<opset="res_3_0_i12/6 "/>
</bind>
</comp>

<comp id="464" class="1005" name="res_4_0_i10_reg_464">
<pin_list>
<pin id="465" dir="0" index="0" bw="16" slack="4"/>
<pin id="466" dir="1" index="1" bw="16" slack="4"/>
</pin_list>
<bind>
<opset="res_4_0_i10 (phireg) "/>
</bind>
</comp>

<comp id="468" class="1004" name="res_4_0_i10_phi_fu_468">
<pin_list>
<pin id="469" dir="0" index="0" bw="9" slack="5"/>
<pin id="470" dir="0" index="1" bw="0" slack="2147483647"/>
<pin id="471" dir="0" index="2" bw="16" slack="0"/>
<pin id="472" dir="0" index="3" bw="0" slack="2147483647"/>
<pin id="473" dir="0" index="4" bw="9" slack="4"/>
<pin id="474" dir="0" index="5" bw="0" slack="2147483647"/>
<pin id="475" dir="1" index="6" bw="16" slack="0"/>
</pin_list>
<bind>
<opcode="phi(47) " fcode="phi"/>
<opset="res_4_0_i10/6 "/>
</bind>
</comp>

<comp id="478" class="1005" name="res_5_0_i8_reg_478">
<pin_list>
<pin id="479" dir="0" index="0" bw="16" slack="4"/>
<pin id="480" dir="1" index="1" bw="16" slack="4"/>
</pin_list>
<bind>
<opset="res_5_0_i8 (phireg) "/>
</bind>
</comp>

<comp id="482" class="1004" name="res_5_0_i8_phi_fu_482">
<pin_list>
<pin id="483" dir="0" index="0" bw="9" slack="5"/>
<pin id="484" dir="0" index="1" bw="0" slack="2147483647"/>
<pin id="485" dir="0" index="2" bw="16" slack="0"/>
<pin id="486" dir="0" index="3" bw="0" slack="2147483647"/>
<pin id="487" dir="0" index="4" bw="9" slack="4"/>
<pin id="488" dir="0" index="5" bw="0" slack="2147483647"/>
<pin id="489" dir="1" index="6" bw="16" slack="0"/>
</pin_list>
<bind>
<opcode="phi(47) " fcode="phi"/>
<opset="res_5_0_i8/6 "/>
</bind>
</comp>

<comp id="492" class="1005" name="res_6_0_i6_reg_492">
<pin_list>
<pin id="493" dir="0" index="0" bw="16" slack="4"/>
<pin id="494" dir="1" index="1" bw="16" slack="4"/>
</pin_list>
<bind>
<opset="res_6_0_i6 (phireg) "/>
</bind>
</comp>

<comp id="496" class="1004" name="res_6_0_i6_phi_fu_496">
<pin_list>
<pin id="497" dir="0" index="0" bw="10" slack="5"/>
<pin id="498" dir="0" index="1" bw="0" slack="2147483647"/>
<pin id="499" dir="0" index="2" bw="16" slack="0"/>
<pin id="500" dir="0" index="3" bw="0" slack="2147483647"/>
<pin id="501" dir="0" index="4" bw="10" slack="4"/>
<pin id="502" dir="0" index="5" bw="0" slack="2147483647"/>
<pin id="503" dir="1" index="6" bw="16" slack="0"/>
</pin_list>
<bind>
<opcode="phi(47) " fcode="phi"/>
<opset="res_6_0_i6/6 "/>
</bind>
</comp>

<comp id="506" class="1005" name="res_7_0_i4_reg_506">
<pin_list>
<pin id="507" dir="0" index="0" bw="16" slack="4"/>
<pin id="508" dir="1" index="1" bw="16" slack="4"/>
</pin_list>
<bind>
<opset="res_7_0_i4 (phireg) "/>
</bind>
</comp>

<comp id="510" class="1004" name="res_7_0_i4_phi_fu_510">
<pin_list>
<pin id="511" dir="0" index="0" bw="5" slack="5"/>
<pin id="512" dir="0" index="1" bw="0" slack="2147483647"/>
<pin id="513" dir="0" index="2" bw="16" slack="0"/>
<pin id="514" dir="0" index="3" bw="0" slack="2147483647"/>
<pin id="515" dir="0" index="4" bw="5" slack="4"/>
<pin id="516" dir="0" index="5" bw="0" slack="2147483647"/>
<pin id="517" dir="1" index="6" bw="16" slack="0"/>
</pin_list>
<bind>
<opcode="phi(47) " fcode="phi"/>
<opset="res_7_0_i4/6 "/>
</bind>
</comp>

<comp id="520" class="1004" name="zext_ln46_fu_520">
<pin_list>
<pin id="521" dir="0" index="0" bw="4" slack="0"/>
<pin id="522" dir="1" index="1" bw="64" slack="0"/>
</pin_list>
<bind>
<opcode="zext(34) " fcode="zext"/>
<opset="zext_ln46/2 "/>
</bind>
</comp>

<comp id="525" class="1004" name="w_index_fu_525">
<pin_list>
<pin id="526" dir="0" index="0" bw="4" slack="0"/>
<pin id="527" dir="0" index="1" bw="1" slack="0"/>
<pin id="528" dir="1" index="2" bw="4" slack="0"/>
</pin_list>
<bind>
<opcode="add(8) " fcode="add"/>
<opset="w_index/2 "/>
</bind>
</comp>

<comp id="531" class="1004" name="icmp_ln46_fu_531">
<pin_list>
<pin id="532" dir="0" index="0" bw="4" slack="0"/>
<pin id="533" dir="0" index="1" bw="4" slack="0"/>
<pin id="534" dir="1" index="2" bw="1" slack="1"/>
</pin_list>
<bind>
<opcode="icmp(45) " fcode="icmp"/>
<opset="icmp_ln46/2 "/>
</bind>
</comp>

<comp id="537" class="1004" name="void_compute_output_buffer_2d_array_const_ap_shift_reg_n_chan_stream_weig_36_load_fu_537">
<pin_list>
<pin id="538" dir="0" index="0" bw="16" slack="0"/>
<pin id="539" dir="1" index="1" bw="16" slack="0"/>
</pin_list>
<bind>
<opcode="load(27) " fcode="load"/>
<opset="void_compute_output_buffer_2d_array_const_ap_shift_reg_n_chan_stream_weig_36/3 "/>
</bind>
</comp>

<comp id="542" class="1004" name="void_compute_output_buffer_2d_array_const_ap_shift_reg_n_chan_stream_weig_37_load_fu_542">
<pin_list>
<pin id="543" dir="0" index="0" bw="16" slack="0"/>
<pin id="544" dir="1" index="1" bw="16" slack="0"/>
</pin_list>
<bind>
<opcode="load(27) " fcode="load"/>
<opset="void_compute_output_buffer_2d_array_const_ap_shift_reg_n_chan_stream_weig_37/3 "/>
</bind>
</comp>

<comp id="547" class="1004" name="void_compute_output_buffer_2d_array_const_ap_shift_reg_n_chan_stream_weig_38_load_fu_547">
<pin_list>
<pin id="548" dir="0" index="0" bw="16" slack="0"/>
<pin id="549" dir="1" index="1" bw="16" slack="0"/>
</pin_list>
<bind>
<opcode="load(27) " fcode="load"/>
<opset="void_compute_output_buffer_2d_array_const_ap_shift_reg_n_chan_stream_weig_38/3 "/>
</bind>
</comp>

<comp id="552" class="1004" name="void_compute_output_buffer_2d_array_const_ap_shift_reg_n_chan_stream_weig_39_load_fu_552">
<pin_list>
<pin id="553" dir="0" index="0" bw="16" slack="0"/>
<pin id="554" dir="1" index="1" bw="16" slack="0"/>
</pin_list>
<bind>
<opcode="load(27) " fcode="load"/>
<opset="void_compute_output_buffer_2d_array_const_ap_shift_reg_n_chan_stream_weig_39/3 "/>
</bind>
</comp>

<comp id="557" class="1004" name="void_compute_output_buffer_2d_array_const_ap_shift_reg_n_chan_stream_weig_40_load_fu_557">
<pin_list>
<pin id="558" dir="0" index="0" bw="16" slack="0"/>
<pin id="559" dir="1" index="1" bw="16" slack="0"/>
</pin_list>
<bind>
<opcode="load(27) " fcode="load"/>
<opset="void_compute_output_buffer_2d_array_const_ap_shift_reg_n_chan_stream_weig_40/3 "/>
</bind>
</comp>

<comp id="562" class="1004" name="void_compute_output_buffer_2d_array_const_ap_shift_reg_n_chan_stream_weig_41_load_fu_562">
<pin_list>
<pin id="563" dir="0" index="0" bw="16" slack="0"/>
<pin id="564" dir="1" index="1" bw="16" slack="0"/>
</pin_list>
<bind>
<opcode="load(27) " fcode="load"/>
<opset="void_compute_output_buffer_2d_array_const_ap_shift_reg_n_chan_stream_weig_41/3 "/>
</bind>
</comp>

<comp id="567" class="1004" name="void_compute_output_buffer_2d_array_const_ap_shift_reg_n_chan_stream_weig_42_load_fu_567">
<pin_list>
<pin id="568" dir="0" index="0" bw="16" slack="0"/>
<pin id="569" dir="1" index="1" bw="16" slack="0"/>
</pin_list>
<bind>
<opcode="load(27) " fcode="load"/>
<opset="void_compute_output_buffer_2d_array_const_ap_shift_reg_n_chan_stream_weig_42/3 "/>
</bind>
</comp>

<comp id="572" class="1004" name="void_compute_output_buffer_2d_array_const_ap_shift_reg_n_chan_stream_weig_43_load_fu_572">
<pin_list>
<pin id="573" dir="0" index="0" bw="16" slack="0"/>
<pin id="574" dir="1" index="1" bw="16" slack="0"/>
</pin_list>
<bind>
<opcode="load(27) " fcode="load"/>
<opset="void_compute_output_buffer_2d_array_const_ap_shift_reg_n_chan_stream_weig_43/3 "/>
</bind>
</comp>

<comp id="577" class="1004" name="void_compute_output_buffer_2d_array_const_ap_shift_reg_n_chan_stream_weig_44_load_fu_577">
<pin_list>
<pin id="578" dir="0" index="0" bw="16" slack="0"/>
<pin id="579" dir="1" index="1" bw="16" slack="0"/>
</pin_list>
<bind>
<opcode="load(27) " fcode="load"/>
<opset="void_compute_output_buffer_2d_array_const_ap_shift_reg_n_chan_stream_weig_44/3 "/>
</bind>
</comp>

<comp id="582" class="1004" name="a_fu_582">
<pin_list>
<pin id="583" dir="0" index="0" bw="16" slack="0"/>
<pin id="584" dir="0" index="1" bw="4" slack="0"/>
<pin id="585" dir="0" index="2" bw="16" slack="0"/>
<pin id="586" dir="0" index="3" bw="4" slack="0"/>
<pin id="587" dir="0" index="4" bw="16" slack="0"/>
<pin id="588" dir="0" index="5" bw="4" slack="0"/>
<pin id="589" dir="0" index="6" bw="16" slack="0"/>
<pin id="590" dir="0" index="7" bw="4" slack="0"/>
<pin id="591" dir="0" index="8" bw="16" slack="0"/>
<pin id="592" dir="0" index="9" bw="4" slack="0"/>
<pin id="593" dir="0" index="10" bw="16" slack="0"/>
<pin id="594" dir="0" index="11" bw="4" slack="0"/>
<pin id="595" dir="0" index="12" bw="16" slack="0"/>
<pin id="596" dir="0" index="13" bw="4" slack="0"/>
<pin id="597" dir="0" index="14" bw="16" slack="0"/>
<pin id="598" dir="0" index="15" bw="4" slack="0"/>
<pin id="599" dir="0" index="16" bw="16" slack="0"/>
<pin id="600" dir="0" index="17" bw="4" slack="0"/>
<pin id="601" dir="0" index="18" bw="16" slack="0"/>
<pin id="602" dir="0" index="19" bw="16" slack="0"/>
<pin id="603" dir="0" index="20" bw="4" slack="1"/>
<pin id="604" dir="1" index="21" bw="16" slack="1"/>
</pin_list>
<bind>
<opcode="sparsemux(1197) " fcode="sparsemux"/>
<opset="a/3 "/>
</bind>
</comp>

<comp id="626" class="1004" name="w_fu_626">
<pin_list>
<pin id="627" dir="0" index="0" bw="123" slack="0"/>
<pin id="628" dir="1" index="1" bw="16" slack="1"/>
</pin_list>
<bind>
<opcode="trunc(33) " fcode="trunc"/>
<opset="w/3 "/>
</bind>
</comp>

<comp id="630" class="1004" name="w_1_fu_630">
<pin_list>
<pin id="631" dir="0" index="0" bw="16" slack="0"/>
<pin id="632" dir="0" index="1" bw="123" slack="0"/>
<pin id="633" dir="0" index="2" bw="6" slack="0"/>
<pin id="634" dir="0" index="3" bw="6" slack="0"/>
<pin id="635" dir="1" index="4" bw="16" slack="1"/>
</pin_list>
<bind>
<opcode="partselect(1002) " fcode="partselect"/>
<opset="w_1/3 "/>
</bind>
</comp>

<comp id="640" class="1004" name="w_2_fu_640">
<pin_list>
<pin id="641" dir="0" index="0" bw="16" slack="0"/>
<pin id="642" dir="0" index="1" bw="123" slack="0"/>
<pin id="643" dir="0" index="2" bw="7" slack="0"/>
<pin id="644" dir="0" index="3" bw="7" slack="0"/>
<pin id="645" dir="1" index="4" bw="16" slack="1"/>
</pin_list>
<bind>
<opcode="partselect(1002) " fcode="partselect"/>
<opset="w_2/3 "/>
</bind>
</comp>

<comp id="650" class="1004" name="w_3_fu_650">
<pin_list>
<pin id="651" dir="0" index="0" bw="16" slack="0"/>
<pin id="652" dir="0" index="1" bw="123" slack="0"/>
<pin id="653" dir="0" index="2" bw="7" slack="0"/>
<pin id="654" dir="0" index="3" bw="7" slack="0"/>
<pin id="655" dir="1" index="4" bw="16" slack="1"/>
</pin_list>
<bind>
<opcode="partselect(1002) " fcode="partselect"/>
<opset="w_3/3 "/>
</bind>
</comp>

<comp id="660" class="1004" name="w_4_fu_660">
<pin_list>
<pin id="661" dir="0" index="0" bw="16" slack="0"/>
<pin id="662" dir="0" index="1" bw="123" slack="0"/>
<pin id="663" dir="0" index="2" bw="8" slack="0"/>
<pin id="664" dir="0" index="3" bw="8" slack="0"/>
<pin id="665" dir="1" index="4" bw="16" slack="1"/>
</pin_list>
<bind>
<opcode="partselect(1002) " fcode="partselect"/>
<opset="w_4/3 "/>
</bind>
</comp>

<comp id="670" class="1004" name="w_5_fu_670">
<pin_list>
<pin id="671" dir="0" index="0" bw="16" slack="0"/>
<pin id="672" dir="0" index="1" bw="123" slack="0"/>
<pin id="673" dir="0" index="2" bw="8" slack="0"/>
<pin id="674" dir="0" index="3" bw="8" slack="0"/>
<pin id="675" dir="1" index="4" bw="16" slack="1"/>
</pin_list>
<bind>
<opcode="partselect(1002) " fcode="partselect"/>
<opset="w_5/3 "/>
</bind>
</comp>

<comp id="680" class="1004" name="w_6_fu_680">
<pin_list>
<pin id="681" dir="0" index="0" bw="16" slack="0"/>
<pin id="682" dir="0" index="1" bw="123" slack="0"/>
<pin id="683" dir="0" index="2" bw="8" slack="0"/>
<pin id="684" dir="0" index="3" bw="8" slack="0"/>
<pin id="685" dir="1" index="4" bw="16" slack="1"/>
</pin_list>
<bind>
<opcode="partselect(1002) " fcode="partselect"/>
<opset="w_6/3 "/>
</bind>
</comp>

<comp id="690" class="1004" name="tmp_fu_690">
<pin_list>
<pin id="691" dir="0" index="0" bw="11" slack="0"/>
<pin id="692" dir="0" index="1" bw="123" slack="0"/>
<pin id="693" dir="0" index="2" bw="8" slack="0"/>
<pin id="694" dir="0" index="3" bw="8" slack="0"/>
<pin id="695" dir="1" index="4" bw="11" slack="1"/>
</pin_list>
<bind>
<opcode="partselect(1002) " fcode="partselect"/>
<opset="tmp/3 "/>
</bind>
</comp>

<comp id="700" class="1004" name="sext_ln73_fu_700">
<pin_list>
<pin id="701" dir="0" index="0" bw="16" slack="1"/>
<pin id="702" dir="1" index="1" bw="26" slack="0"/>
</pin_list>
<bind>
<opcode="sext(35) " fcode="sext"/>
<opset="sext_ln73/4 "/>
</bind>
</comp>

<comp id="703" class="1004" name="sext_ln73_1_fu_703">
<pin_list>
<pin id="704" dir="0" index="0" bw="16" slack="1"/>
<pin id="705" dir="1" index="1" bw="26" slack="0"/>
</pin_list>
<bind>
<opcode="sext(35) " fcode="sext"/>
<opset="sext_ln73_1/4 "/>
</bind>
</comp>

<comp id="706" class="1004" name="grp_fu_706">
<pin_list>
<pin id="707" dir="0" index="0" bw="16" slack="0"/>
<pin id="708" dir="0" index="1" bw="16" slack="0"/>
<pin id="709" dir="1" index="2" bw="26" slack="0"/>
</pin_list>
<bind>
<opcode="mul(12) " fcode="mul"/>
<opset="mul_ln58/4 "/>
</bind>
</comp>

<comp id="712" class="1004" name="sext_ln73_2_fu_712">
<pin_list>
<pin id="713" dir="0" index="0" bw="16" slack="1"/>
<pin id="714" dir="1" index="1" bw="26" slack="0"/>
</pin_list>
<bind>
<opcode="sext(35) " fcode="sext"/>
<opset="sext_ln73_2/4 "/>
</bind>
</comp>

<comp id="715" class="1004" name="grp_fu_715">
<pin_list>
<pin id="716" dir="0" index="0" bw="16" slack="0"/>
<pin id="717" dir="0" index="1" bw="16" slack="0"/>
<pin id="718" dir="1" index="2" bw="26" slack="0"/>
</pin_list>
<bind>
<opcode="mul(12) " fcode="mul"/>
<opset="mul_ln58_1/4 "/>
</bind>
</comp>

<comp id="721" class="1004" name="sext_ln73_3_fu_721">
<pin_list>
<pin id="722" dir="0" index="0" bw="16" slack="1"/>
<pin id="723" dir="1" index="1" bw="26" slack="0"/>
</pin_list>
<bind>
<opcode="sext(35) " fcode="sext"/>
<opset="sext_ln73_3/4 "/>
</bind>
</comp>

<comp id="724" class="1004" name="grp_fu_724">
<pin_list>
<pin id="725" dir="0" index="0" bw="16" slack="0"/>
<pin id="726" dir="0" index="1" bw="16" slack="0"/>
<pin id="727" dir="1" index="2" bw="26" slack="0"/>
</pin_list>
<bind>
<opcode="mul(12) " fcode="mul"/>
<opset="mul_ln58_2/4 "/>
</bind>
</comp>

<comp id="730" class="1004" name="sext_ln73_4_fu_730">
<pin_list>
<pin id="731" dir="0" index="0" bw="16" slack="1"/>
<pin id="732" dir="1" index="1" bw="26" slack="0"/>
</pin_list>
<bind>
<opcode="sext(35) " fcode="sext"/>
<opset="sext_ln73_4/4 "/>
</bind>
</comp>

<comp id="733" class="1004" name="grp_fu_733">
<pin_list>
<pin id="734" dir="0" index="0" bw="16" slack="0"/>
<pin id="735" dir="0" index="1" bw="16" slack="0"/>
<pin id="736" dir="1" index="2" bw="26" slack="0"/>
</pin_list>
<bind>
<opcode="mul(12) " fcode="mul"/>
<opset="mul_ln58_3/4 "/>
</bind>
</comp>

<comp id="739" class="1004" name="sext_ln73_5_fu_739">
<pin_list>
<pin id="740" dir="0" index="0" bw="16" slack="1"/>
<pin id="741" dir="1" index="1" bw="26" slack="0"/>
</pin_list>
<bind>
<opcode="sext(35) " fcode="sext"/>
<opset="sext_ln73_5/4 "/>
</bind>
</comp>

<comp id="742" class="1004" name="grp_fu_742">
<pin_list>
<pin id="743" dir="0" index="0" bw="16" slack="0"/>
<pin id="744" dir="0" index="1" bw="16" slack="0"/>
<pin id="745" dir="1" index="2" bw="26" slack="0"/>
</pin_list>
<bind>
<opcode="mul(12) " fcode="mul"/>
<opset="mul_ln58_4/4 "/>
</bind>
</comp>

<comp id="748" class="1004" name="sext_ln73_6_fu_748">
<pin_list>
<pin id="749" dir="0" index="0" bw="16" slack="1"/>
<pin id="750" dir="1" index="1" bw="26" slack="0"/>
</pin_list>
<bind>
<opcode="sext(35) " fcode="sext"/>
<opset="sext_ln73_6/4 "/>
</bind>
</comp>

<comp id="751" class="1004" name="grp_fu_751">
<pin_list>
<pin id="752" dir="0" index="0" bw="16" slack="0"/>
<pin id="753" dir="0" index="1" bw="16" slack="0"/>
<pin id="754" dir="1" index="2" bw="26" slack="0"/>
</pin_list>
<bind>
<opcode="mul(12) " fcode="mul"/>
<opset="mul_ln58_5/4 "/>
</bind>
</comp>

<comp id="757" class="1004" name="sext_ln73_7_fu_757">
<pin_list>
<pin id="758" dir="0" index="0" bw="16" slack="1"/>
<pin id="759" dir="1" index="1" bw="26" slack="0"/>
</pin_list>
<bind>
<opcode="sext(35) " fcode="sext"/>
<opset="sext_ln73_7/4 "/>
</bind>
</comp>

<comp id="760" class="1004" name="grp_fu_760">
<pin_list>
<pin id="761" dir="0" index="0" bw="16" slack="0"/>
<pin id="762" dir="0" index="1" bw="16" slack="0"/>
<pin id="763" dir="1" index="2" bw="26" slack="0"/>
</pin_list>
<bind>
<opcode="mul(12) " fcode="mul"/>
<opset="mul_ln58_6/4 "/>
</bind>
</comp>

<comp id="766" class="1004" name="sext_ln73_8_fu_766">
<pin_list>
<pin id="767" dir="0" index="0" bw="11" slack="1"/>
<pin id="768" dir="1" index="1" bw="26" slack="0"/>
</pin_list>
<bind>
<opcode="sext(35) " fcode="sext"/>
<opset="sext_ln73_8/4 "/>
</bind>
</comp>

<comp id="769" class="1004" name="grp_fu_769">
<pin_list>
<pin id="770" dir="0" index="0" bw="16" slack="0"/>
<pin id="771" dir="0" index="1" bw="11" slack="0"/>
<pin id="772" dir="1" index="2" bw="26" slack="0"/>
</pin_list>
<bind>
<opcode="mul(12) " fcode="mul"/>
<opset="mul_ln58_7/4 "/>
</bind>
</comp>

<comp id="775" class="1004" name="trunc_ln_fu_775">
<pin_list>
<pin id="776" dir="0" index="0" bw="16" slack="0"/>
<pin id="777" dir="0" index="1" bw="26" slack="0"/>
<pin id="778" dir="0" index="2" bw="5" slack="0"/>
<pin id="779" dir="0" index="3" bw="6" slack="0"/>
<pin id="780" dir="1" index="4" bw="16" slack="1"/>
</pin_list>
<bind>
<opcode="partselect(1002) " fcode="partselect"/>
<opset="trunc_ln/5 "/>
</bind>
</comp>

<comp id="785" class="1004" name="trunc_ln58_1_fu_785">
<pin_list>
<pin id="786" dir="0" index="0" bw="16" slack="0"/>
<pin id="787" dir="0" index="1" bw="26" slack="0"/>
<pin id="788" dir="0" index="2" bw="5" slack="0"/>
<pin id="789" dir="0" index="3" bw="6" slack="0"/>
<pin id="790" dir="1" index="4" bw="16" slack="1"/>
</pin_list>
<bind>
<opcode="partselect(1002) " fcode="partselect"/>
<opset="trunc_ln58_1/5 "/>
</bind>
</comp>

<comp id="795" class="1004" name="trunc_ln58_2_fu_795">
<pin_list>
<pin id="796" dir="0" index="0" bw="16" slack="0"/>
<pin id="797" dir="0" index="1" bw="26" slack="0"/>
<pin id="798" dir="0" index="2" bw="5" slack="0"/>
<pin id="799" dir="0" index="3" bw="6" slack="0"/>
<pin id="800" dir="1" index="4" bw="16" slack="1"/>
</pin_list>
<bind>
<opcode="partselect(1002) " fcode="partselect"/>
<opset="trunc_ln58_2/5 "/>
</bind>
</comp>

<comp id="805" class="1004" name="trunc_ln58_3_fu_805">
<pin_list>
<pin id="806" dir="0" index="0" bw="16" slack="0"/>
<pin id="807" dir="0" index="1" bw="26" slack="0"/>
<pin id="808" dir="0" index="2" bw="5" slack="0"/>
<pin id="809" dir="0" index="3" bw="6" slack="0"/>
<pin id="810" dir="1" index="4" bw="16" slack="1"/>
</pin_list>
<bind>
<opcode="partselect(1002) " fcode="partselect"/>
<opset="trunc_ln58_3/5 "/>
</bind>
</comp>

<comp id="815" class="1004" name="trunc_ln58_4_fu_815">
<pin_list>
<pin id="816" dir="0" index="0" bw="16" slack="0"/>
<pin id="817" dir="0" index="1" bw="26" slack="0"/>
<pin id="818" dir="0" index="2" bw="5" slack="0"/>
<pin id="819" dir="0" index="3" bw="6" slack="0"/>
<pin id="820" dir="1" index="4" bw="16" slack="1"/>
</pin_list>
<bind>
<opcode="partselect(1002) " fcode="partselect"/>
<opset="trunc_ln58_4/5 "/>
</bind>
</comp>

<comp id="825" class="1004" name="trunc_ln58_5_fu_825">
<pin_list>
<pin id="826" dir="0" index="0" bw="16" slack="0"/>
<pin id="827" dir="0" index="1" bw="26" slack="0"/>
<pin id="828" dir="0" index="2" bw="5" slack="0"/>
<pin id="829" dir="0" index="3" bw="6" slack="0"/>
<pin id="830" dir="1" index="4" bw="16" slack="1"/>
</pin_list>
<bind>
<opcode="partselect(1002) " fcode="partselect"/>
<opset="trunc_ln58_5/5 "/>
</bind>
</comp>

<comp id="835" class="1004" name="trunc_ln58_6_fu_835">
<pin_list>
<pin id="836" dir="0" index="0" bw="16" slack="0"/>
<pin id="837" dir="0" index="1" bw="26" slack="0"/>
<pin id="838" dir="0" index="2" bw="5" slack="0"/>
<pin id="839" dir="0" index="3" bw="6" slack="0"/>
<pin id="840" dir="1" index="4" bw="16" slack="1"/>
</pin_list>
<bind>
<opcode="partselect(1002) " fcode="partselect"/>
<opset="trunc_ln58_6/5 "/>
</bind>
</comp>

<comp id="845" class="1004" name="trunc_ln58_7_fu_845">
<pin_list>
<pin id="846" dir="0" index="0" bw="16" slack="0"/>
<pin id="847" dir="0" index="1" bw="26" slack="0"/>
<pin id="848" dir="0" index="2" bw="5" slack="0"/>
<pin id="849" dir="0" index="3" bw="6" slack="0"/>
<pin id="850" dir="1" index="4" bw="16" slack="1"/>
</pin_list>
<bind>
<opcode="partselect(1002) " fcode="partselect"/>
<opset="trunc_ln58_7/5 "/>
</bind>
</comp>

<comp id="855" class="1004" name="add_ln58_fu_855">
<pin_list>
<pin id="856" dir="0" index="0" bw="16" slack="1"/>
<pin id="857" dir="0" index="1" bw="16" slack="0"/>
<pin id="858" dir="1" index="2" bw="16" slack="0"/>
</pin_list>
<bind>
<opcode="add(8) " fcode="add"/>
<opset="add_ln58/6 "/>
</bind>
</comp>

<comp id="860" class="1004" name="add_ln58_1_fu_860">
<pin_list>
<pin id="861" dir="0" index="0" bw="16" slack="1"/>
<pin id="862" dir="0" index="1" bw="16" slack="0"/>
<pin id="863" dir="1" index="2" bw="16" slack="0"/>
</pin_list>
<bind>
<opcode="add(8) " fcode="add"/>
<opset="add_ln58_1/6 "/>
</bind>
</comp>

<comp id="865" class="1004" name="add_ln58_2_fu_865">
<pin_list>
<pin id="866" dir="0" index="0" bw="16" slack="1"/>
<pin id="867" dir="0" index="1" bw="16" slack="0"/>
<pin id="868" dir="1" index="2" bw="16" slack="0"/>
</pin_list>
<bind>
<opcode="add(8) " fcode="add"/>
<opset="add_ln58_2/6 "/>
</bind>
</comp>

<comp id="870" class="1004" name="add_ln58_3_fu_870">
<pin_list>
<pin id="871" dir="0" index="0" bw="16" slack="1"/>
<pin id="872" dir="0" index="1" bw="16" slack="0"/>
<pin id="873" dir="1" index="2" bw="16" slack="0"/>
</pin_list>
<bind>
<opcode="add(8) " fcode="add"/>
<opset="add_ln58_3/6 "/>
</bind>
</comp>

<comp id="875" class="1004" name="add_ln58_4_fu_875">
<pin_list>
<pin id="876" dir="0" index="0" bw="16" slack="1"/>
<pin id="877" dir="0" index="1" bw="16" slack="0"/>
<pin id="878" dir="1" index="2" bw="16" slack="0"/>
</pin_list>
<bind>
<opcode="add(8) " fcode="add"/>
<opset="add_ln58_4/6 "/>
</bind>
</comp>

<comp id="880" class="1004" name="add_ln58_5_fu_880">
<pin_list>
<pin id="881" dir="0" index="0" bw="16" slack="1"/>
<pin id="882" dir="0" index="1" bw="16" slack="0"/>
<pin id="883" dir="1" index="2" bw="16" slack="0"/>
</pin_list>
<bind>
<opcode="add(8) " fcode="add"/>
<opset="add_ln58_5/6 "/>
</bind>
</comp>

<comp id="885" class="1004" name="add_ln58_6_fu_885">
<pin_list>
<pin id="886" dir="0" index="0" bw="16" slack="1"/>
<pin id="887" dir="0" index="1" bw="16" slack="0"/>
<pin id="888" dir="1" index="2" bw="16" slack="0"/>
</pin_list>
<bind>
<opcode="add(8) " fcode="add"/>
<opset="add_ln58_6/6 "/>
</bind>
</comp>

<comp id="890" class="1004" name="add_ln58_7_fu_890">
<pin_list>
<pin id="891" dir="0" index="0" bw="16" slack="1"/>
<pin id="892" dir="0" index="1" bw="16" slack="0"/>
<pin id="893" dir="1" index="2" bw="16" slack="0"/>
</pin_list>
<bind>
<opcode="add(8) " fcode="add"/>
<opset="add_ln58_7/6 "/>
</bind>
</comp>

<comp id="895" class="1004" name="mrv_i_fu_895">
<pin_list>
<pin id="896" dir="0" index="0" bw="128" slack="0"/>
<pin id="897" dir="0" index="1" bw="16" slack="0"/>
<pin id="898" dir="1" index="2" bw="128" slack="0"/>
</pin_list>
<bind>
<opcode="insertvalue(57) " fcode="insertvalue"/>
<opset="mrv_i/6 "/>
</bind>
</comp>

<comp id="901" class="1004" name="mrv_1_i_fu_901">
<pin_list>
<pin id="902" dir="0" index="0" bw="128" slack="0"/>
<pin id="903" dir="0" index="1" bw="16" slack="0"/>
<pin id="904" dir="1" index="2" bw="128" slack="0"/>
</pin_list>
<bind>
<opcode="insertvalue(57) " fcode="insertvalue"/>
<opset="mrv_1_i/6 "/>
</bind>
</comp>

<comp id="907" class="1004" name="mrv_2_i_fu_907">
<pin_list>
<pin id="908" dir="0" index="0" bw="128" slack="0"/>
<pin id="909" dir="0" index="1" bw="16" slack="0"/>
<pin id="910" dir="1" index="2" bw="128" slack="0"/>
</pin_list>
<bind>
<opcode="insertvalue(57) " fcode="insertvalue"/>
<opset="mrv_2_i/6 "/>
</bind>
</comp>

<comp id="913" class="1004" name="mrv_3_i_fu_913">
<pin_list>
<pin id="914" dir="0" index="0" bw="128" slack="0"/>
<pin id="915" dir="0" index="1" bw="16" slack="0"/>
<pin id="916" dir="1" index="2" bw="128" slack="0"/>
</pin_list>
<bind>
<opcode="insertvalue(57) " fcode="insertvalue"/>
<opset="mrv_3_i/6 "/>
</bind>
</comp>

<comp id="919" class="1004" name="mrv_4_i_fu_919">
<pin_list>
<pin id="920" dir="0" index="0" bw="128" slack="0"/>
<pin id="921" dir="0" index="1" bw="16" slack="0"/>
<pin id="922" dir="1" index="2" bw="128" slack="0"/>
</pin_list>
<bind>
<opcode="insertvalue(57) " fcode="insertvalue"/>
<opset="mrv_4_i/6 "/>
</bind>
</comp>

<comp id="925" class="1004" name="mrv_5_i_fu_925">
<pin_list>
<pin id="926" dir="0" index="0" bw="128" slack="0"/>
<pin id="927" dir="0" index="1" bw="16" slack="0"/>
<pin id="928" dir="1" index="2" bw="128" slack="0"/>
</pin_list>
<bind>
<opcode="insertvalue(57) " fcode="insertvalue"/>
<opset="mrv_5_i/6 "/>
</bind>
</comp>

<comp id="931" class="1004" name="mrv_6_i_fu_931">
<pin_list>
<pin id="932" dir="0" index="0" bw="128" slack="0"/>
<pin id="933" dir="0" index="1" bw="16" slack="0"/>
<pin id="934" dir="1" index="2" bw="128" slack="0"/>
</pin_list>
<bind>
<opcode="insertvalue(57) " fcode="insertvalue"/>
<opset="mrv_6_i/6 "/>
</bind>
</comp>

<comp id="937" class="1004" name="mrv_7_i_fu_937">
<pin_list>
<pin id="938" dir="0" index="0" bw="128" slack="0"/>
<pin id="939" dir="0" index="1" bw="16" slack="0"/>
<pin id="940" dir="1" index="2" bw="128" slack="0"/>
</pin_list>
<bind>
<opcode="insertvalue(57) " fcode="insertvalue"/>
<opset="mrv_7_i/6 "/>
</bind>
</comp>

<comp id="943" class="1004" name="return_ln84_fu_943">
<pin_list>
<pin id="944" dir="0" index="0" bw="128" slack="0"/>
<pin id="945" dir="1" index="1" bw="0" slack="2147483647"/>
</pin_list>
<bind>
<opcode="return(1203) " fcode="return"/>
<opset="return_ln84/6 "/>
</bind>
</comp>

<comp id="947" class="1005" name="w27_addr_reg_947">
<pin_list>
<pin id="948" dir="0" index="0" bw="4" slack="1"/>
<pin id="949" dir="1" index="1" bw="4" slack="1"/>
</pin_list>
<bind>
<opset="w27_addr "/>
</bind>
</comp>

<comp id="952" class="1005" name="w_index_reg_952">
<pin_list>
<pin id="953" dir="0" index="0" bw="4" slack="0"/>
<pin id="954" dir="1" index="1" bw="4" slack="0"/>
</pin_list>
<bind>
<opset="w_index "/>
</bind>
</comp>

<comp id="957" class="1005" name="icmp_ln46_reg_957">
<pin_list>
<pin id="958" dir="0" index="0" bw="1" slack="1"/>
<pin id="959" dir="1" index="1" bw="1" slack="2147483647"/>
</pin_list>
<bind>
<opset="icmp_ln46 "/>
</bind>
</comp>

<comp id="961" class="1005" name="a_reg_961">
<pin_list>
<pin id="962" dir="0" index="0" bw="16" slack="1"/>
<pin id="963" dir="1" index="1" bw="16" slack="1"/>
</pin_list>
<bind>
<opset="a "/>
</bind>
</comp>

<comp id="966" class="1005" name="w_reg_966">
<pin_list>
<pin id="967" dir="0" index="0" bw="16" slack="1"/>
<pin id="968" dir="1" index="1" bw="16" slack="1"/>
</pin_list>
<bind>
<opset="w "/>
</bind>
</comp>

<comp id="971" class="1005" name="w_1_reg_971">
<pin_list>
<pin id="972" dir="0" index="0" bw="16" slack="1"/>
<pin id="973" dir="1" index="1" bw="16" slack="1"/>
</pin_list>
<bind>
<opset="w_1 "/>
</bind>
</comp>

<comp id="976" class="1005" name="w_2_reg_976">
<pin_list>
<pin id="977" dir="0" index="0" bw="16" slack="1"/>
<pin id="978" dir="1" index="1" bw="16" slack="1"/>
</pin_list>
<bind>
<opset="w_2 "/>
</bind>
</comp>

<comp id="981" class="1005" name="w_3_reg_981">
<pin_list>
<pin id="982" dir="0" index="0" bw="16" slack="1"/>
<pin id="983" dir="1" index="1" bw="16" slack="1"/>
</pin_list>
<bind>
<opset="w_3 "/>
</bind>
</comp>

<comp id="986" class="1005" name="w_4_reg_986">
<pin_list>
<pin id="987" dir="0" index="0" bw="16" slack="1"/>
<pin id="988" dir="1" index="1" bw="16" slack="1"/>
</pin_list>
<bind>
<opset="w_4 "/>
</bind>
</comp>

<comp id="991" class="1005" name="w_5_reg_991">
<pin_list>
<pin id="992" dir="0" index="0" bw="16" slack="1"/>
<pin id="993" dir="1" index="1" bw="16" slack="1"/>
</pin_list>
<bind>
<opset="w_5 "/>
</bind>
</comp>

<comp id="996" class="1005" name="w_6_reg_996">
<pin_list>
<pin id="997" dir="0" index="0" bw="16" slack="1"/>
<pin id="998" dir="1" index="1" bw="16" slack="1"/>
</pin_list>
<bind>
<opset="w_6 "/>
</bind>
</comp>

<comp id="1001" class="1005" name="tmp_reg_1001">
<pin_list>
<pin id="1002" dir="0" index="0" bw="11" slack="1"/>
<pin id="1003" dir="1" index="1" bw="11" slack="1"/>
</pin_list>
<bind>
<opset="tmp "/>
</bind>
</comp>

<comp id="1006" class="1005" name="sext_ln73_reg_1006">
<pin_list>
<pin id="1007" dir="0" index="0" bw="26" slack="1"/>
<pin id="1008" dir="1" index="1" bw="26" slack="1"/>
</pin_list>
<bind>
<opset="sext_ln73 "/>
</bind>
</comp>

<comp id="1011" class="1005" name="sext_ln73_1_reg_1011">
<pin_list>
<pin id="1012" dir="0" index="0" bw="26" slack="1"/>
<pin id="1013" dir="1" index="1" bw="26" slack="1"/>
</pin_list>
<bind>
<opset="sext_ln73_1 "/>
</bind>
</comp>

<comp id="1023" class="1005" name="sext_ln73_2_reg_1023">
<pin_list>
<pin id="1024" dir="0" index="0" bw="26" slack="1"/>
<pin id="1025" dir="1" index="1" bw="26" slack="1"/>
</pin_list>
<bind>
<opset="sext_ln73_2 "/>
</bind>
</comp>

<comp id="1028" class="1005" name="sext_ln73_3_reg_1028">
<pin_list>
<pin id="1029" dir="0" index="0" bw="26" slack="1"/>
<pin id="1030" dir="1" index="1" bw="26" slack="1"/>
</pin_list>
<bind>
<opset="sext_ln73_3 "/>
</bind>
</comp>

<comp id="1033" class="1005" name="sext_ln73_4_reg_1033">
<pin_list>
<pin id="1034" dir="0" index="0" bw="26" slack="1"/>
<pin id="1035" dir="1" index="1" bw="26" slack="1"/>
</pin_list>
<bind>
<opset="sext_ln73_4 "/>
</bind>
</comp>

<comp id="1038" class="1005" name="sext_ln73_5_reg_1038">
<pin_list>
<pin id="1039" dir="0" index="0" bw="26" slack="1"/>
<pin id="1040" dir="1" index="1" bw="26" slack="1"/>
</pin_list>
<bind>
<opset="sext_ln73_5 "/>
</bind>
</comp>

<comp id="1043" class="1005" name="sext_ln73_6_reg_1043">
<pin_list>
<pin id="1044" dir="0" index="0" bw="26" slack="1"/>
<pin id="1045" dir="1" index="1" bw="26" slack="1"/>
</pin_list>
<bind>
<opset="sext_ln73_6 "/>
</bind>
</comp>

<comp id="1048" class="1005" name="sext_ln73_7_reg_1048">
<pin_list>
<pin id="1049" dir="0" index="0" bw="26" slack="1"/>
<pin id="1050" dir="1" index="1" bw="26" slack="1"/>
</pin_list>
<bind>
<opset="sext_ln73_7 "/>
</bind>
</comp>

<comp id="1053" class="1005" name="sext_ln73_8_reg_1053">
<pin_list>
<pin id="1054" dir="0" index="0" bw="26" slack="1"/>
<pin id="1055" dir="1" index="1" bw="26" slack="1"/>
</pin_list>
<bind>
<opset="sext_ln73_8 "/>
</bind>
</comp>

<comp id="1058" class="1005" name="trunc_ln_reg_1058">
<pin_list>
<pin id="1059" dir="0" index="0" bw="16" slack="1"/>
<pin id="1060" dir="1" index="1" bw="16" slack="1"/>
</pin_list>
<bind>
<opset="trunc_ln "/>
</bind>
</comp>

<comp id="1063" class="1005" name="trunc_ln58_1_reg_1063">
<pin_list>
<pin id="1064" dir="0" index="0" bw="16" slack="1"/>
<pin id="1065" dir="1" index="1" bw="16" slack="1"/>
</pin_list>
<bind>
<opset="trunc_ln58_1 "/>
</bind>
</comp>

<comp id="1068" class="1005" name="trunc_ln58_2_reg_1068">
<pin_list>
<pin id="1069" dir="0" index="0" bw="16" slack="1"/>
<pin id="1070" dir="1" index="1" bw="16" slack="1"/>
</pin_list>
<bind>
<opset="trunc_ln58_2 "/>
</bind>
</comp>

<comp id="1073" class="1005" name="trunc_ln58_3_reg_1073">
<pin_list>
<pin id="1074" dir="0" index="0" bw="16" slack="1"/>
<pin id="1075" dir="1" index="1" bw="16" slack="1"/>
</pin_list>
<bind>
<opset="trunc_ln58_3 "/>
</bind>
</comp>

<comp id="1078" class="1005" name="trunc_ln58_4_reg_1078">
<pin_list>
<pin id="1079" dir="0" index="0" bw="16" slack="1"/>
<pin id="1080" dir="1" index="1" bw="16" slack="1"/>
</pin_list>
<bind>
<opset="trunc_ln58_4 "/>
</bind>
</comp>

<comp id="1083" class="1005" name="trunc_ln58_5_reg_1083">
<pin_list>
<pin id="1084" dir="0" index="0" bw="16" slack="1"/>
<pin id="1085" dir="1" index="1" bw="16" slack="1"/>
</pin_list>
<bind>
<opset="trunc_ln58_5 "/>
</bind>
</comp>

<comp id="1088" class="1005" name="trunc_ln58_6_reg_1088">
<pin_list>
<pin id="1089" dir="0" index="0" bw="16" slack="1"/>
<pin id="1090" dir="1" index="1" bw="16" slack="1"/>
</pin_list>
<bind>
<opset="trunc_ln58_6 "/>
</bind>
</comp>

<comp id="1093" class="1005" name="trunc_ln58_7_reg_1093">
<pin_list>
<pin id="1094" dir="0" index="0" bw="16" slack="1"/>
<pin id="1095" dir="1" index="1" bw="16" slack="1"/>
</pin_list>
<bind>
<opset="trunc_ln58_7 "/>
</bind>
</comp>

<comp id="1098" class="1005" name="add_ln58_reg_1098">
<pin_list>
<pin id="1099" dir="0" index="0" bw="16" slack="0"/>
<pin id="1100" dir="1" index="1" bw="16" slack="0"/>
</pin_list>
<bind>
<opset="add_ln58 "/>
</bind>
</comp>

<comp id="1103" class="1005" name="add_ln58_1_reg_1103">
<pin_list>
<pin id="1104" dir="0" index="0" bw="16" slack="0"/>
<pin id="1105" dir="1" index="1" bw="16" slack="0"/>
</pin_list>
<bind>
<opset="add_ln58_1 "/>
</bind>
</comp>

<comp id="1108" class="1005" name="add_ln58_2_reg_1108">
<pin_list>
<pin id="1109" dir="0" index="0" bw="16" slack="0"/>
<pin id="1110" dir="1" index="1" bw="16" slack="0"/>
</pin_list>
<bind>
<opset="add_ln58_2 "/>
</bind>
</comp>

<comp id="1113" class="1005" name="add_ln58_3_reg_1113">
<pin_list>
<pin id="1114" dir="0" index="0" bw="16" slack="0"/>
<pin id="1115" dir="1" index="1" bw="16" slack="0"/>
</pin_list>
<bind>
<opset="add_ln58_3 "/>
</bind>
</comp>

<comp id="1118" class="1005" name="add_ln58_4_reg_1118">
<pin_list>
<pin id="1119" dir="0" index="0" bw="16" slack="0"/>
<pin id="1120" dir="1" index="1" bw="16" slack="0"/>
</pin_list>
<bind>
<opset="add_ln58_4 "/>
</bind>
</comp>

<comp id="1123" class="1005" name="add_ln58_5_reg_1123">
<pin_list>
<pin id="1124" dir="0" index="0" bw="16" slack="0"/>
<pin id="1125" dir="1" index="1" bw="16" slack="0"/>
</pin_list>
<bind>
<opset="add_ln58_5 "/>
</bind>
</comp>

<comp id="1128" class="1005" name="add_ln58_6_reg_1128">
<pin_list>
<pin id="1129" dir="0" index="0" bw="16" slack="0"/>
<pin id="1130" dir="1" index="1" bw="16" slack="0"/>
</pin_list>
<bind>
<opset="add_ln58_6 "/>
</bind>
</comp>

<comp id="1133" class="1005" name="add_ln58_7_reg_1133">
<pin_list>
<pin id="1134" dir="0" index="0" bw="16" slack="0"/>
<pin id="1135" dir="1" index="1" bw="16" slack="0"/>
</pin_list>
<bind>
<opset="add_ln58_7 "/>
</bind>
</comp>

</comp_list>

<net_list>
<net id="135"><net_src comp="0" pin="0"/><net_sink comp="130" pin=0"/></net>

<net id="136"><net_src comp="26" pin="0"/><net_sink comp="130" pin=1"/></net>

<net id="142"><net_src comp="130" pin="3"/><net_sink comp="137" pin=0"/></net>

<net id="146"><net_src comp="20" pin="0"/><net_sink comp="143" pin=0"/></net>

<net id="155"><net_src comp="143" pin="1"/><net_sink comp="147" pin=0"/></net>

<net id="156"><net_src comp="22" pin="0"/><net_sink comp="147" pin=2"/></net>

<net id="157"><net_src comp="20" pin="0"/><net_sink comp="147" pin=4"/></net>

<net id="158"><net_src comp="147" pin="6"/><net_sink comp="143" pin=0"/></net>

<net id="162"><net_src comp="24" pin="0"/><net_sink comp="159" pin=0"/></net>

<net id="171"><net_src comp="159" pin="1"/><net_sink comp="163" pin=0"/></net>

<net id="172"><net_src comp="24" pin="0"/><net_sink comp="163" pin=4"/></net>

<net id="173"><net_src comp="163" pin="6"/><net_sink comp="159" pin=0"/></net>

<net id="177"><net_src comp="32" pin="0"/><net_sink comp="174" pin=0"/></net>

<net id="186"><net_src comp="174" pin="1"/><net_sink comp="178" pin=0"/></net>

<net id="187"><net_src comp="174" pin="1"/><net_sink comp="178" pin=4"/></net>

<net id="191"><net_src comp="32" pin="0"/><net_sink comp="188" pin=0"/></net>

<net id="200"><net_src comp="188" pin="1"/><net_sink comp="192" pin=0"/></net>

<net id="201"><net_src comp="188" pin="1"/><net_sink comp="192" pin=4"/></net>

<net id="205"><net_src comp="32" pin="0"/><net_sink comp="202" pin=0"/></net>

<net id="214"><net_src comp="202" pin="1"/><net_sink comp="206" pin=0"/></net>

<net id="215"><net_src comp="202" pin="1"/><net_sink comp="206" pin=4"/></net>

<net id="219"><net_src comp="32" pin="0"/><net_sink comp="216" pin=0"/></net>

<net id="228"><net_src comp="216" pin="1"/><net_sink comp="220" pin=0"/></net>

<net id="229"><net_src comp="216" pin="1"/><net_sink comp="220" pin=4"/></net>

<net id="233"><net_src comp="32" pin="0"/><net_sink comp="230" pin=0"/></net>

<net id="242"><net_src comp="230" pin="1"/><net_sink comp="234" pin=0"/></net>

<net id="243"><net_src comp="230" pin="1"/><net_sink comp="234" pin=4"/></net>

<net id="247"><net_src comp="32" pin="0"/><net_sink comp="244" pin=0"/></net>

<net id="256"><net_src comp="244" pin="1"/><net_sink comp="248" pin=0"/></net>

<net id="257"><net_src comp="244" pin="1"/><net_sink comp="248" pin=4"/></net>

<net id="261"><net_src comp="32" pin="0"/><net_sink comp="258" pin=0"/></net>

<net id="270"><net_src comp="258" pin="1"/><net_sink comp="262" pin=0"/></net>

<net id="271"><net_src comp="258" pin="1"/><net_sink comp="262" pin=4"/></net>

<net id="275"><net_src comp="32" pin="0"/><net_sink comp="272" pin=0"/></net>

<net id="284"><net_src comp="272" pin="1"/><net_sink comp="276" pin=0"/></net>

<net id="285"><net_src comp="272" pin="1"/><net_sink comp="276" pin=4"/></net>

<net id="289"><net_src comp="32" pin="0"/><net_sink comp="286" pin=0"/></net>

<net id="298"><net_src comp="286" pin="1"/><net_sink comp="290" pin=0"/></net>

<net id="299"><net_src comp="286" pin="1"/><net_sink comp="290" pin=4"/></net>

<net id="303"><net_src comp="300" pin="1"/><net_sink comp="178" pin=2"/></net>

<net id="310"><net_src comp="178" pin="6"/><net_sink comp="304" pin=2"/></net>

<net id="311"><net_src comp="304" pin="4"/><net_sink comp="300" pin=0"/></net>

<net id="315"><net_src comp="312" pin="1"/><net_sink comp="192" pin=2"/></net>

<net id="322"><net_src comp="192" pin="6"/><net_sink comp="316" pin=2"/></net>

<net id="323"><net_src comp="316" pin="4"/><net_sink comp="312" pin=0"/></net>

<net id="327"><net_src comp="324" pin="1"/><net_sink comp="206" pin=2"/></net>

<net id="334"><net_src comp="206" pin="6"/><net_sink comp="328" pin=2"/></net>

<net id="335"><net_src comp="328" pin="4"/><net_sink comp="324" pin=0"/></net>

<net id="339"><net_src comp="336" pin="1"/><net_sink comp="220" pin=2"/></net>

<net id="346"><net_src comp="220" pin="6"/><net_sink comp="340" pin=2"/></net>

<net id="347"><net_src comp="340" pin="4"/><net_sink comp="336" pin=0"/></net>

<net id="351"><net_src comp="348" pin="1"/><net_sink comp="234" pin=2"/></net>

<net id="358"><net_src comp="234" pin="6"/><net_sink comp="352" pin=2"/></net>

<net id="359"><net_src comp="352" pin="4"/><net_sink comp="348" pin=0"/></net>

<net id="363"><net_src comp="360" pin="1"/><net_sink comp="248" pin=2"/></net>

<net id="370"><net_src comp="248" pin="6"/><net_sink comp="364" pin=2"/></net>

<net id="371"><net_src comp="364" pin="4"/><net_sink comp="360" pin=0"/></net>

<net id="375"><net_src comp="372" pin="1"/><net_sink comp="262" pin=2"/></net>

<net id="382"><net_src comp="262" pin="6"/><net_sink comp="376" pin=2"/></net>

<net id="383"><net_src comp="376" pin="4"/><net_sink comp="372" pin=0"/></net>

<net id="387"><net_src comp="384" pin="1"/><net_sink comp="276" pin=2"/></net>

<net id="394"><net_src comp="276" pin="6"/><net_sink comp="388" pin=2"/></net>

<net id="395"><net_src comp="388" pin="4"/><net_sink comp="384" pin=0"/></net>

<net id="399"><net_src comp="396" pin="1"/><net_sink comp="290" pin=2"/></net>

<net id="406"><net_src comp="290" pin="6"/><net_sink comp="400" pin=2"/></net>

<net id="407"><net_src comp="400" pin="4"/><net_sink comp="396" pin=0"/></net>

<net id="411"><net_src comp="94" pin="0"/><net_sink comp="408" pin=0"/></net>

<net id="420"><net_src comp="408" pin="1"/><net_sink comp="412" pin=0"/></net>

<net id="421"><net_src comp="408" pin="1"/><net_sink comp="412" pin=4"/></net>

<net id="425"><net_src comp="96" pin="0"/><net_sink comp="422" pin=0"/></net>

<net id="434"><net_src comp="422" pin="1"/><net_sink comp="426" pin=0"/></net>

<net id="435"><net_src comp="422" pin="1"/><net_sink comp="426" pin=4"/></net>

<net id="439"><net_src comp="98" pin="0"/><net_sink comp="436" pin=0"/></net>

<net id="448"><net_src comp="436" pin="1"/><net_sink comp="440" pin=0"/></net>

<net id="449"><net_src comp="436" pin="1"/><net_sink comp="440" pin=4"/></net>

<net id="453"><net_src comp="100" pin="0"/><net_sink comp="450" pin=0"/></net>

<net id="462"><net_src comp="450" pin="1"/><net_sink comp="454" pin=0"/></net>

<net id="463"><net_src comp="450" pin="1"/><net_sink comp="454" pin=4"/></net>

<net id="467"><net_src comp="102" pin="0"/><net_sink comp="464" pin=0"/></net>

<net id="476"><net_src comp="464" pin="1"/><net_sink comp="468" pin=0"/></net>

<net id="477"><net_src comp="464" pin="1"/><net_sink comp="468" pin=4"/></net>

<net id="481"><net_src comp="104" pin="0"/><net_sink comp="478" pin=0"/></net>

<net id="490"><net_src comp="478" pin="1"/><net_sink comp="482" pin=0"/></net>

<net id="491"><net_src comp="478" pin="1"/><net_sink comp="482" pin=4"/></net>

<net id="495"><net_src comp="106" pin="0"/><net_sink comp="492" pin=0"/></net>

<net id="504"><net_src comp="492" pin="1"/><net_sink comp="496" pin=0"/></net>

<net id="505"><net_src comp="492" pin="1"/><net_sink comp="496" pin=4"/></net>

<net id="509"><net_src comp="108" pin="0"/><net_sink comp="506" pin=0"/></net>

<net id="518"><net_src comp="506" pin="1"/><net_sink comp="510" pin=0"/></net>

<net id="519"><net_src comp="506" pin="1"/><net_sink comp="510" pin=4"/></net>

<net id="523"><net_src comp="163" pin="6"/><net_sink comp="520" pin=0"/></net>

<net id="524"><net_src comp="520" pin="1"/><net_sink comp="130" pin=2"/></net>

<net id="529"><net_src comp="163" pin="6"/><net_sink comp="525" pin=0"/></net>

<net id="530"><net_src comp="28" pin="0"/><net_sink comp="525" pin=1"/></net>

<net id="535"><net_src comp="163" pin="6"/><net_sink comp="531" pin=0"/></net>

<net id="536"><net_src comp="30" pin="0"/><net_sink comp="531" pin=1"/></net>

<net id="540"><net_src comp="2" pin="0"/><net_sink comp="537" pin=0"/></net>

<net id="541"><net_src comp="537" pin="1"/><net_sink comp="400" pin=0"/></net>

<net id="545"><net_src comp="4" pin="0"/><net_sink comp="542" pin=0"/></net>

<net id="546"><net_src comp="542" pin="1"/><net_sink comp="388" pin=0"/></net>

<net id="550"><net_src comp="6" pin="0"/><net_sink comp="547" pin=0"/></net>

<net id="551"><net_src comp="547" pin="1"/><net_sink comp="376" pin=0"/></net>

<net id="555"><net_src comp="8" pin="0"/><net_sink comp="552" pin=0"/></net>

<net id="556"><net_src comp="552" pin="1"/><net_sink comp="364" pin=0"/></net>

<net id="560"><net_src comp="10" pin="0"/><net_sink comp="557" pin=0"/></net>

<net id="561"><net_src comp="557" pin="1"/><net_sink comp="352" pin=0"/></net>

<net id="565"><net_src comp="12" pin="0"/><net_sink comp="562" pin=0"/></net>

<net id="566"><net_src comp="562" pin="1"/><net_sink comp="340" pin=0"/></net>

<net id="570"><net_src comp="14" pin="0"/><net_sink comp="567" pin=0"/></net>

<net id="571"><net_src comp="567" pin="1"/><net_sink comp="328" pin=0"/></net>

<net id="575"><net_src comp="16" pin="0"/><net_sink comp="572" pin=0"/></net>

<net id="576"><net_src comp="572" pin="1"/><net_sink comp="316" pin=0"/></net>

<net id="580"><net_src comp="18" pin="0"/><net_sink comp="577" pin=0"/></net>

<net id="581"><net_src comp="577" pin="1"/><net_sink comp="304" pin=0"/></net>

<net id="605"><net_src comp="42" pin="0"/><net_sink comp="582" pin=0"/></net>

<net id="606"><net_src comp="24" pin="0"/><net_sink comp="582" pin=1"/></net>

<net id="607"><net_src comp="400" pin="4"/><net_sink comp="582" pin=2"/></net>

<net id="608"><net_src comp="28" pin="0"/><net_sink comp="582" pin=3"/></net>

<net id="609"><net_src comp="388" pin="4"/><net_sink comp="582" pin=4"/></net>

<net id="610"><net_src comp="44" pin="0"/><net_sink comp="582" pin=5"/></net>

<net id="611"><net_src comp="376" pin="4"/><net_sink comp="582" pin=6"/></net>

<net id="612"><net_src comp="46" pin="0"/><net_sink comp="582" pin=7"/></net>

<net id="613"><net_src comp="364" pin="4"/><net_sink comp="582" pin=8"/></net>

<net id="614"><net_src comp="48" pin="0"/><net_sink comp="582" pin=9"/></net>

<net id="615"><net_src comp="352" pin="4"/><net_sink comp="582" pin=10"/></net>

<net id="616"><net_src comp="50" pin="0"/><net_sink comp="582" pin=11"/></net>

<net id="617"><net_src comp="340" pin="4"/><net_sink comp="582" pin=12"/></net>

<net id="618"><net_src comp="52" pin="0"/><net_sink comp="582" pin=13"/></net>

<net id="619"><net_src comp="328" pin="4"/><net_sink comp="582" pin=14"/></net>

<net id="620"><net_src comp="54" pin="0"/><net_sink comp="582" pin=15"/></net>

<net id="621"><net_src comp="316" pin="4"/><net_sink comp="582" pin=16"/></net>

<net id="622"><net_src comp="30" pin="0"/><net_sink comp="582" pin=17"/></net>

<net id="623"><net_src comp="304" pin="4"/><net_sink comp="582" pin=18"/></net>

<net id="624"><net_src comp="32" pin="0"/><net_sink comp="582" pin=19"/></net>

<net id="625"><net_src comp="159" pin="1"/><net_sink comp="582" pin=20"/></net>

<net id="629"><net_src comp="137" pin="3"/><net_sink comp="626" pin=0"/></net>

<net id="636"><net_src comp="56" pin="0"/><net_sink comp="630" pin=0"/></net>

<net id="637"><net_src comp="137" pin="3"/><net_sink comp="630" pin=1"/></net>

<net id="638"><net_src comp="58" pin="0"/><net_sink comp="630" pin=2"/></net>

<net id="639"><net_src comp="60" pin="0"/><net_sink comp="630" pin=3"/></net>

<net id="646"><net_src comp="56" pin="0"/><net_sink comp="640" pin=0"/></net>

<net id="647"><net_src comp="137" pin="3"/><net_sink comp="640" pin=1"/></net>

<net id="648"><net_src comp="62" pin="0"/><net_sink comp="640" pin=2"/></net>

<net id="649"><net_src comp="64" pin="0"/><net_sink comp="640" pin=3"/></net>

<net id="656"><net_src comp="56" pin="0"/><net_sink comp="650" pin=0"/></net>

<net id="657"><net_src comp="137" pin="3"/><net_sink comp="650" pin=1"/></net>

<net id="658"><net_src comp="66" pin="0"/><net_sink comp="650" pin=2"/></net>

<net id="659"><net_src comp="68" pin="0"/><net_sink comp="650" pin=3"/></net>

<net id="666"><net_src comp="56" pin="0"/><net_sink comp="660" pin=0"/></net>

<net id="667"><net_src comp="137" pin="3"/><net_sink comp="660" pin=1"/></net>

<net id="668"><net_src comp="70" pin="0"/><net_sink comp="660" pin=2"/></net>

<net id="669"><net_src comp="72" pin="0"/><net_sink comp="660" pin=3"/></net>

<net id="676"><net_src comp="56" pin="0"/><net_sink comp="670" pin=0"/></net>

<net id="677"><net_src comp="137" pin="3"/><net_sink comp="670" pin=1"/></net>

<net id="678"><net_src comp="74" pin="0"/><net_sink comp="670" pin=2"/></net>

<net id="679"><net_src comp="76" pin="0"/><net_sink comp="670" pin=3"/></net>

<net id="686"><net_src comp="56" pin="0"/><net_sink comp="680" pin=0"/></net>

<net id="687"><net_src comp="137" pin="3"/><net_sink comp="680" pin=1"/></net>

<net id="688"><net_src comp="78" pin="0"/><net_sink comp="680" pin=2"/></net>

<net id="689"><net_src comp="80" pin="0"/><net_sink comp="680" pin=3"/></net>

<net id="696"><net_src comp="82" pin="0"/><net_sink comp="690" pin=0"/></net>

<net id="697"><net_src comp="137" pin="3"/><net_sink comp="690" pin=1"/></net>

<net id="698"><net_src comp="84" pin="0"/><net_sink comp="690" pin=2"/></net>

<net id="699"><net_src comp="86" pin="0"/><net_sink comp="690" pin=3"/></net>

<net id="710"><net_src comp="700" pin="1"/><net_sink comp="706" pin=0"/></net>

<net id="711"><net_src comp="703" pin="1"/><net_sink comp="706" pin=1"/></net>

<net id="719"><net_src comp="712" pin="1"/><net_sink comp="715" pin=0"/></net>

<net id="720"><net_src comp="703" pin="1"/><net_sink comp="715" pin=1"/></net>

<net id="728"><net_src comp="721" pin="1"/><net_sink comp="724" pin=0"/></net>

<net id="729"><net_src comp="703" pin="1"/><net_sink comp="724" pin=1"/></net>

<net id="737"><net_src comp="730" pin="1"/><net_sink comp="733" pin=0"/></net>

<net id="738"><net_src comp="703" pin="1"/><net_sink comp="733" pin=1"/></net>

<net id="746"><net_src comp="739" pin="1"/><net_sink comp="742" pin=0"/></net>

<net id="747"><net_src comp="703" pin="1"/><net_sink comp="742" pin=1"/></net>

<net id="755"><net_src comp="748" pin="1"/><net_sink comp="751" pin=0"/></net>

<net id="756"><net_src comp="703" pin="1"/><net_sink comp="751" pin=1"/></net>

<net id="764"><net_src comp="757" pin="1"/><net_sink comp="760" pin=0"/></net>

<net id="765"><net_src comp="703" pin="1"/><net_sink comp="760" pin=1"/></net>

<net id="773"><net_src comp="703" pin="1"/><net_sink comp="769" pin=0"/></net>

<net id="774"><net_src comp="766" pin="1"/><net_sink comp="769" pin=1"/></net>

<net id="781"><net_src comp="88" pin="0"/><net_sink comp="775" pin=0"/></net>

<net id="782"><net_src comp="706" pin="2"/><net_sink comp="775" pin=1"/></net>

<net id="783"><net_src comp="90" pin="0"/><net_sink comp="775" pin=2"/></net>

<net id="784"><net_src comp="92" pin="0"/><net_sink comp="775" pin=3"/></net>

<net id="791"><net_src comp="88" pin="0"/><net_sink comp="785" pin=0"/></net>

<net id="792"><net_src comp="715" pin="2"/><net_sink comp="785" pin=1"/></net>

<net id="793"><net_src comp="90" pin="0"/><net_sink comp="785" pin=2"/></net>

<net id="794"><net_src comp="92" pin="0"/><net_sink comp="785" pin=3"/></net>

<net id="801"><net_src comp="88" pin="0"/><net_sink comp="795" pin=0"/></net>

<net id="802"><net_src comp="724" pin="2"/><net_sink comp="795" pin=1"/></net>

<net id="803"><net_src comp="90" pin="0"/><net_sink comp="795" pin=2"/></net>

<net id="804"><net_src comp="92" pin="0"/><net_sink comp="795" pin=3"/></net>

<net id="811"><net_src comp="88" pin="0"/><net_sink comp="805" pin=0"/></net>

<net id="812"><net_src comp="733" pin="2"/><net_sink comp="805" pin=1"/></net>

<net id="813"><net_src comp="90" pin="0"/><net_sink comp="805" pin=2"/></net>

<net id="814"><net_src comp="92" pin="0"/><net_sink comp="805" pin=3"/></net>

<net id="821"><net_src comp="88" pin="0"/><net_sink comp="815" pin=0"/></net>

<net id="822"><net_src comp="742" pin="2"/><net_sink comp="815" pin=1"/></net>

<net id="823"><net_src comp="90" pin="0"/><net_sink comp="815" pin=2"/></net>

<net id="824"><net_src comp="92" pin="0"/><net_sink comp="815" pin=3"/></net>

<net id="831"><net_src comp="88" pin="0"/><net_sink comp="825" pin=0"/></net>

<net id="832"><net_src comp="751" pin="2"/><net_sink comp="825" pin=1"/></net>

<net id="833"><net_src comp="90" pin="0"/><net_sink comp="825" pin=2"/></net>

<net id="834"><net_src comp="92" pin="0"/><net_sink comp="825" pin=3"/></net>

<net id="841"><net_src comp="88" pin="0"/><net_sink comp="835" pin=0"/></net>

<net id="842"><net_src comp="760" pin="2"/><net_sink comp="835" pin=1"/></net>

<net id="843"><net_src comp="90" pin="0"/><net_sink comp="835" pin=2"/></net>

<net id="844"><net_src comp="92" pin="0"/><net_sink comp="835" pin=3"/></net>

<net id="851"><net_src comp="88" pin="0"/><net_sink comp="845" pin=0"/></net>

<net id="852"><net_src comp="769" pin="2"/><net_sink comp="845" pin=1"/></net>

<net id="853"><net_src comp="90" pin="0"/><net_sink comp="845" pin=2"/></net>

<net id="854"><net_src comp="92" pin="0"/><net_sink comp="845" pin=3"/></net>

<net id="859"><net_src comp="412" pin="6"/><net_sink comp="855" pin=1"/></net>

<net id="864"><net_src comp="426" pin="6"/><net_sink comp="860" pin=1"/></net>

<net id="869"><net_src comp="440" pin="6"/><net_sink comp="865" pin=1"/></net>

<net id="874"><net_src comp="454" pin="6"/><net_sink comp="870" pin=1"/></net>

<net id="879"><net_src comp="468" pin="6"/><net_sink comp="875" pin=1"/></net>

<net id="884"><net_src comp="482" pin="6"/><net_sink comp="880" pin=1"/></net>

<net id="889"><net_src comp="496" pin="6"/><net_sink comp="885" pin=1"/></net>

<net id="894"><net_src comp="510" pin="6"/><net_sink comp="890" pin=1"/></net>

<net id="899"><net_src comp="128" pin="0"/><net_sink comp="895" pin=0"/></net>

<net id="900"><net_src comp="855" pin="2"/><net_sink comp="895" pin=1"/></net>

<net id="905"><net_src comp="895" pin="2"/><net_sink comp="901" pin=0"/></net>

<net id="906"><net_src comp="860" pin="2"/><net_sink comp="901" pin=1"/></net>

<net id="911"><net_src comp="901" pin="2"/><net_sink comp="907" pin=0"/></net>

<net id="912"><net_src comp="865" pin="2"/><net_sink comp="907" pin=1"/></net>

<net id="917"><net_src comp="907" pin="2"/><net_sink comp="913" pin=0"/></net>

<net id="918"><net_src comp="870" pin="2"/><net_sink comp="913" pin=1"/></net>

<net id="923"><net_src comp="913" pin="2"/><net_sink comp="919" pin=0"/></net>

<net id="924"><net_src comp="875" pin="2"/><net_sink comp="919" pin=1"/></net>

<net id="929"><net_src comp="919" pin="2"/><net_sink comp="925" pin=0"/></net>

<net id="930"><net_src comp="880" pin="2"/><net_sink comp="925" pin=1"/></net>

<net id="935"><net_src comp="925" pin="2"/><net_sink comp="931" pin=0"/></net>

<net id="936"><net_src comp="885" pin="2"/><net_sink comp="931" pin=1"/></net>

<net id="941"><net_src comp="931" pin="2"/><net_sink comp="937" pin=0"/></net>

<net id="942"><net_src comp="890" pin="2"/><net_sink comp="937" pin=1"/></net>

<net id="946"><net_src comp="937" pin="2"/><net_sink comp="943" pin=0"/></net>

<net id="950"><net_src comp="130" pin="3"/><net_sink comp="947" pin=0"/></net>

<net id="951"><net_src comp="947" pin="1"/><net_sink comp="137" pin=0"/></net>

<net id="955"><net_src comp="525" pin="2"/><net_sink comp="952" pin=0"/></net>

<net id="956"><net_src comp="952" pin="1"/><net_sink comp="163" pin=2"/></net>

<net id="960"><net_src comp="531" pin="2"/><net_sink comp="957" pin=0"/></net>

<net id="964"><net_src comp="582" pin="21"/><net_sink comp="961" pin=0"/></net>

<net id="965"><net_src comp="961" pin="1"/><net_sink comp="703" pin=0"/></net>

<net id="969"><net_src comp="626" pin="1"/><net_sink comp="966" pin=0"/></net>

<net id="970"><net_src comp="966" pin="1"/><net_sink comp="700" pin=0"/></net>

<net id="974"><net_src comp="630" pin="4"/><net_sink comp="971" pin=0"/></net>

<net id="975"><net_src comp="971" pin="1"/><net_sink comp="712" pin=0"/></net>

<net id="979"><net_src comp="640" pin="4"/><net_sink comp="976" pin=0"/></net>

<net id="980"><net_src comp="976" pin="1"/><net_sink comp="721" pin=0"/></net>

<net id="984"><net_src comp="650" pin="4"/><net_sink comp="981" pin=0"/></net>

<net id="985"><net_src comp="981" pin="1"/><net_sink comp="730" pin=0"/></net>

<net id="989"><net_src comp="660" pin="4"/><net_sink comp="986" pin=0"/></net>

<net id="990"><net_src comp="986" pin="1"/><net_sink comp="739" pin=0"/></net>

<net id="994"><net_src comp="670" pin="4"/><net_sink comp="991" pin=0"/></net>

<net id="995"><net_src comp="991" pin="1"/><net_sink comp="748" pin=0"/></net>

<net id="999"><net_src comp="680" pin="4"/><net_sink comp="996" pin=0"/></net>

<net id="1000"><net_src comp="996" pin="1"/><net_sink comp="757" pin=0"/></net>

<net id="1004"><net_src comp="690" pin="4"/><net_sink comp="1001" pin=0"/></net>

<net id="1005"><net_src comp="1001" pin="1"/><net_sink comp="766" pin=0"/></net>

<net id="1009"><net_src comp="700" pin="1"/><net_sink comp="1006" pin=0"/></net>

<net id="1010"><net_src comp="1006" pin="1"/><net_sink comp="706" pin=0"/></net>

<net id="1014"><net_src comp="703" pin="1"/><net_sink comp="1011" pin=0"/></net>

<net id="1015"><net_src comp="1011" pin="1"/><net_sink comp="706" pin=1"/></net>

<net id="1016"><net_src comp="1011" pin="1"/><net_sink comp="715" pin=1"/></net>

<net id="1017"><net_src comp="1011" pin="1"/><net_sink comp="724" pin=1"/></net>

<net id="1018"><net_src comp="1011" pin="1"/><net_sink comp="733" pin=1"/></net>

<net id="1019"><net_src comp="1011" pin="1"/><net_sink comp="742" pin=1"/></net>

<net id="1020"><net_src comp="1011" pin="1"/><net_sink comp="751" pin=1"/></net>

<net id="1021"><net_src comp="1011" pin="1"/><net_sink comp="760" pin=1"/></net>

<net id="1022"><net_src comp="1011" pin="1"/><net_sink comp="769" pin=0"/></net>

<net id="1026"><net_src comp="712" pin="1"/><net_sink comp="1023" pin=0"/></net>

<net id="1027"><net_src comp="1023" pin="1"/><net_sink comp="715" pin=0"/></net>

<net id="1031"><net_src comp="721" pin="1"/><net_sink comp="1028" pin=0"/></net>

<net id="1032"><net_src comp="1028" pin="1"/><net_sink comp="724" pin=0"/></net>

<net id="1036"><net_src comp="730" pin="1"/><net_sink comp="1033" pin=0"/></net>

<net id="1037"><net_src comp="1033" pin="1"/><net_sink comp="733" pin=0"/></net>

<net id="1041"><net_src comp="739" pin="1"/><net_sink comp="1038" pin=0"/></net>

<net id="1042"><net_src comp="1038" pin="1"/><net_sink comp="742" pin=0"/></net>

<net id="1046"><net_src comp="748" pin="1"/><net_sink comp="1043" pin=0"/></net>

<net id="1047"><net_src comp="1043" pin="1"/><net_sink comp="751" pin=0"/></net>

<net id="1051"><net_src comp="757" pin="1"/><net_sink comp="1048" pin=0"/></net>

<net id="1052"><net_src comp="1048" pin="1"/><net_sink comp="760" pin=0"/></net>

<net id="1056"><net_src comp="766" pin="1"/><net_sink comp="1053" pin=0"/></net>

<net id="1057"><net_src comp="1053" pin="1"/><net_sink comp="769" pin=1"/></net>

<net id="1061"><net_src comp="775" pin="4"/><net_sink comp="1058" pin=0"/></net>

<net id="1062"><net_src comp="1058" pin="1"/><net_sink comp="855" pin=0"/></net>

<net id="1066"><net_src comp="785" pin="4"/><net_sink comp="1063" pin=0"/></net>

<net id="1067"><net_src comp="1063" pin="1"/><net_sink comp="860" pin=0"/></net>

<net id="1071"><net_src comp="795" pin="4"/><net_sink comp="1068" pin=0"/></net>

<net id="1072"><net_src comp="1068" pin="1"/><net_sink comp="865" pin=0"/></net>

<net id="1076"><net_src comp="805" pin="4"/><net_sink comp="1073" pin=0"/></net>

<net id="1077"><net_src comp="1073" pin="1"/><net_sink comp="870" pin=0"/></net>

<net id="1081"><net_src comp="815" pin="4"/><net_sink comp="1078" pin=0"/></net>

<net id="1082"><net_src comp="1078" pin="1"/><net_sink comp="875" pin=0"/></net>

<net id="1086"><net_src comp="825" pin="4"/><net_sink comp="1083" pin=0"/></net>

<net id="1087"><net_src comp="1083" pin="1"/><net_sink comp="880" pin=0"/></net>

<net id="1091"><net_src comp="835" pin="4"/><net_sink comp="1088" pin=0"/></net>

<net id="1092"><net_src comp="1088" pin="1"/><net_sink comp="885" pin=0"/></net>

<net id="1096"><net_src comp="845" pin="4"/><net_sink comp="1093" pin=0"/></net>

<net id="1097"><net_src comp="1093" pin="1"/><net_sink comp="890" pin=0"/></net>

<net id="1101"><net_src comp="855" pin="2"/><net_sink comp="1098" pin=0"/></net>

<net id="1102"><net_src comp="1098" pin="1"/><net_sink comp="412" pin=2"/></net>

<net id="1106"><net_src comp="860" pin="2"/><net_sink comp="1103" pin=0"/></net>

<net id="1107"><net_src comp="1103" pin="1"/><net_sink comp="426" pin=2"/></net>

<net id="1111"><net_src comp="865" pin="2"/><net_sink comp="1108" pin=0"/></net>

<net id="1112"><net_src comp="1108" pin="1"/><net_sink comp="440" pin=2"/></net>

<net id="1116"><net_src comp="870" pin="2"/><net_sink comp="1113" pin=0"/></net>

<net id="1117"><net_src comp="1113" pin="1"/><net_sink comp="454" pin=2"/></net>

<net id="1121"><net_src comp="875" pin="2"/><net_sink comp="1118" pin=0"/></net>

<net id="1122"><net_src comp="1118" pin="1"/><net_sink comp="468" pin=2"/></net>

<net id="1126"><net_src comp="880" pin="2"/><net_sink comp="1123" pin=0"/></net>

<net id="1127"><net_src comp="1123" pin="1"/><net_sink comp="482" pin=2"/></net>

<net id="1131"><net_src comp="885" pin="2"/><net_sink comp="1128" pin=0"/></net>

<net id="1132"><net_src comp="1128" pin="1"/><net_sink comp="496" pin=2"/></net>

<net id="1136"><net_src comp="890" pin="2"/><net_sink comp="1133" pin=0"/></net>

<net id="1137"><net_src comp="1133" pin="1"/><net_sink comp="510" pin=2"/></net>

</net_list>

</model> 
---------------- Datapath Model END ------------------

* FSMD analyzer results:
  - Output states:
 - Input state : 
	Port: dense_resource_rf_leq_nin<ap_fixed,ap_fixed<16,6,5,3,0>,config27_mult> : w27 | {2 3 }
	Port: dense_resource_rf_leq_nin<ap_fixed,ap_fixed<16,6,5,3,0>,config27_mult> : void_compute_output_buffer_2d_array_const_ap_shift_reg_n_chan_stream_weig_18 | {3 }
	Port: dense_resource_rf_leq_nin<ap_fixed,ap_fixed<16,6,5,3,0>,config27_mult> : void_compute_output_buffer_2d_array_const_ap_shift_reg_n_chan_stream_weig_17 | {3 }
	Port: dense_resource_rf_leq_nin<ap_fixed,ap_fixed<16,6,5,3,0>,config27_mult> : void_compute_output_buffer_2d_array_const_ap_shift_reg_n_chan_stream_weig_16 | {3 }
	Port: dense_resource_rf_leq_nin<ap_fixed,ap_fixed<16,6,5,3,0>,config27_mult> : void_compute_output_buffer_2d_array_const_ap_shift_reg_n_chan_stream_weig_15 | {3 }
	Port: dense_resource_rf_leq_nin<ap_fixed,ap_fixed<16,6,5,3,0>,config27_mult> : void_compute_output_buffer_2d_array_const_ap_shift_reg_n_chan_stream_weig_14 | {3 }
	Port: dense_resource_rf_leq_nin<ap_fixed,ap_fixed<16,6,5,3,0>,config27_mult> : void_compute_output_buffer_2d_array_const_ap_shift_reg_n_chan_stream_weig_13 | {3 }
	Port: dense_resource_rf_leq_nin<ap_fixed,ap_fixed<16,6,5,3,0>,config27_mult> : void_compute_output_buffer_2d_array_const_ap_shift_reg_n_chan_stream_weig_12 | {3 }
	Port: dense_resource_rf_leq_nin<ap_fixed,ap_fixed<16,6,5,3,0>,config27_mult> : void_compute_output_buffer_2d_array_const_ap_shift_reg_n_chan_stream_weig_11 | {3 }
	Port: dense_resource_rf_leq_nin<ap_fixed,ap_fixed<16,6,5,3,0>,config27_mult> : void_compute_output_buffer_2d_array_const_ap_shift_reg_n_chan_stream_weig_10 | {3 }
  - Chain level:
	State 1
	State 2
		br_ln0 : 1
		zext_ln46 : 1
		w27_addr : 2
		w27_load : 3
		w_index : 1
		icmp_ln46 : 1
		br_ln46 : 2
	State 3
		void_compute_output_buffer_2d_array_const_ap_shift_reg_n_chan_stream_weig_27 : 1
		void_compute_output_buffer_2d_array_const_ap_shift_reg_n_chan_stream_weig_28 : 1
		void_compute_output_buffer_2d_array_const_ap_shift_reg_n_chan_stream_weig_29 : 1
		void_compute_output_buffer_2d_array_const_ap_shift_reg_n_chan_stream_weig_30 : 1
		void_compute_output_buffer_2d_array_const_ap_shift_reg_n_chan_stream_weig_31 : 1
		void_compute_output_buffer_2d_array_const_ap_shift_reg_n_chan_stream_weig_32 : 1
		void_compute_output_buffer_2d_array_const_ap_shift_reg_n_chan_stream_weig_33 : 1
		void_compute_output_buffer_2d_array_const_ap_shift_reg_n_chan_stream_weig_34 : 1
		void_compute_output_buffer_2d_array_const_ap_shift_reg_n_chan_stream_weig_35 : 1
		a : 2
		w : 1
		w_1 : 1
		w_2 : 1
		w_3 : 1
		w_4 : 1
		w_5 : 1
		w_6 : 1
		tmp : 1
	State 4
		mul_ln58 : 1
		mul_ln58_1 : 1
		mul_ln58_2 : 1
		mul_ln58_3 : 1
		mul_ln58_4 : 1
		mul_ln58_5 : 1
		mul_ln58_6 : 1
		mul_ln58_7 : 1
	State 5
		trunc_ln : 1
		trunc_ln58_1 : 1
		trunc_ln58_2 : 1
		trunc_ln58_3 : 1
		trunc_ln58_4 : 1
		trunc_ln58_5 : 1
		trunc_ln58_6 : 1
		trunc_ln58_7 : 1
	State 6
		add_ln58 : 1
		add_ln58_1 : 1
		add_ln58_2 : 1
		add_ln58_3 : 1
		add_ln58_4 : 1
		add_ln58_5 : 1
		add_ln58_6 : 1
		add_ln58_7 : 1
		mrv_i : 2
		mrv_1_i : 3
		mrv_2_i : 4
		mrv_3_i : 5
		mrv_4_i : 6
		mrv_5_i : 7
		mrv_6_i : 8
		mrv_7_i : 9
		return_ln84 : 10


============================================================
+ Verbose Summary: Datapath Resource usage 
============================================================

* Functional unit list:
|----------|---------------------|---------|---------|---------|
| Operation|   Functional Unit   |   DSP   |    FF   |   LUT   |
|----------|---------------------|---------|---------|---------|
|          |      grp_fu_706     |    1    |    67   |    2    |
|          |      grp_fu_715     |    1    |    67   |    2    |
|          |      grp_fu_724     |    1    |    67   |    2    |
|    mul   |      grp_fu_733     |    1    |    67   |    2    |
|          |      grp_fu_742     |    1    |    67   |    2    |
|          |      grp_fu_751     |    1    |    67   |    2    |
|          |      grp_fu_760     |    1    |    67   |    2    |
|          |      grp_fu_769     |    1    |    67   |    2    |
|----------|---------------------|---------|---------|---------|
|          |    w_index_fu_525   |    0    |    0    |    13   |
|          |   add_ln58_fu_855   |    0    |    0    |    23   |
|          |  add_ln58_1_fu_860  |    0    |    0    |    23   |
|          |  add_ln58_2_fu_865  |    0    |    0    |    23   |
|    add   |  add_ln58_3_fu_870  |    0    |    0    |    23   |
|          |  add_ln58_4_fu_875  |    0    |    0    |    23   |
|          |  add_ln58_5_fu_880  |    0    |    0    |    23   |
|          |  add_ln58_6_fu_885  |    0    |    0    |    23   |
|          |  add_ln58_7_fu_890  |    0    |    0    |    23   |
|----------|---------------------|---------|---------|---------|
| sparsemux|       a_fu_582      |    0    |    0    |    37   |
|----------|---------------------|---------|---------|---------|
|   icmp   |   icmp_ln46_fu_531  |    0    |    0    |    13   |
|----------|---------------------|---------|---------|---------|
|   zext   |   zext_ln46_fu_520  |    0    |    0    |    0    |
|----------|---------------------|---------|---------|---------|
|   trunc  |       w_fu_626      |    0    |    0    |    0    |
|----------|---------------------|---------|---------|---------|
|          |      w_1_fu_630     |    0    |    0    |    0    |
|          |      w_2_fu_640     |    0    |    0    |    0    |
|          |      w_3_fu_650     |    0    |    0    |    0    |
|          |      w_4_fu_660     |    0    |    0    |    0    |
|          |      w_5_fu_670     |    0    |    0    |    0    |
|          |      w_6_fu_680     |    0    |    0    |    0    |
|          |      tmp_fu_690     |    0    |    0    |    0    |
|partselect|   trunc_ln_fu_775   |    0    |    0    |    0    |
|          | trunc_ln58_1_fu_785 |    0    |    0    |    0    |
|          | trunc_ln58_2_fu_795 |    0    |    0    |    0    |
|          | trunc_ln58_3_fu_805 |    0    |    0    |    0    |
|          | trunc_ln58_4_fu_815 |    0    |    0    |    0    |
|          | trunc_ln58_5_fu_825 |    0    |    0    |    0    |
|          | trunc_ln58_6_fu_835 |    0    |    0    |    0    |
|          | trunc_ln58_7_fu_845 |    0    |    0    |    0    |
|----------|---------------------|---------|---------|---------|
|          |   sext_ln73_fu_700  |    0    |    0    |    0    |
|          |  sext_ln73_1_fu_703 |    0    |    0    |    0    |
|          |  sext_ln73_2_fu_712 |    0    |    0    |    0    |
|          |  sext_ln73_3_fu_721 |    0    |    0    |    0    |
|   sext   |  sext_ln73_4_fu_730 |    0    |    0    |    0    |
|          |  sext_ln73_5_fu_739 |    0    |    0    |    0    |
|          |  sext_ln73_6_fu_748 |    0    |    0    |    0    |
|          |  sext_ln73_7_fu_757 |    0    |    0    |    0    |
|          |  sext_ln73_8_fu_766 |    0    |    0    |    0    |
|----------|---------------------|---------|---------|---------|
|          |     mrv_i_fu_895    |    0    |    0    |    0    |
|          |    mrv_1_i_fu_901   |    0    |    0    |    0    |
|          |    mrv_2_i_fu_907   |    0    |    0    |    0    |
|insertvalue|    mrv_3_i_fu_913   |    0    |    0    |    0    |
|          |    mrv_4_i_fu_919   |    0    |    0    |    0    |
|          |    mrv_5_i_fu_925   |    0    |    0    |    0    |
|          |    mrv_6_i_fu_931   |    0    |    0    |    0    |
|          |    mrv_7_i_fu_937   |    0    |    0    |    0    |
|----------|---------------------|---------|---------|---------|
|  return  |  return_ln84_fu_943 |    0    |    0    |    0    |
|----------|---------------------|---------|---------|---------|
|   Total  |                     |    8    |   536   |   263   |
|----------|---------------------|---------|---------|---------|

Memories:
N/A

* Register list:
+------------------------------------------------------------------------------------+--------+
|                                                                                    |   FF   |
+------------------------------------------------------------------------------------+--------+
|                                      a_reg_961                                     |   16   |
|                                 add_ln58_1_reg_1103                                |   16   |
|                                 add_ln58_2_reg_1108                                |   16   |
|                                 add_ln58_3_reg_1113                                |   16   |
|                                 add_ln58_4_reg_1118                                |   16   |
|                                 add_ln58_5_reg_1123                                |   16   |
|                                 add_ln58_6_reg_1128                                |   16   |
|                                 add_ln58_7_reg_1133                                |   16   |
|                                  add_ln58_reg_1098                                 |   16   |
|                                   do_init_reg_143                                  |    1   |
|                                  icmp_ln46_reg_957                                 |    1   |
|                                     ir_reg_159                                     |    4   |
|                                 res_0_0_i18_reg_408                                |   16   |
|                                 res_1_0_i16_reg_422                                |   16   |
|                                 res_2_0_i14_reg_436                                |   16   |
|                                 res_3_0_i12_reg_450                                |   16   |
|                                 res_4_0_i10_reg_464                                |   16   |
|                                 res_5_0_i8_reg_478                                 |   16   |
|                                 res_6_0_i6_reg_492                                 |   16   |
|                                 res_7_0_i4_reg_506                                 |   16   |
|                                sext_ln73_1_reg_1011                                |   26   |
|                                sext_ln73_2_reg_1023                                |   26   |
|                                sext_ln73_3_reg_1028                                |   26   |
|                                sext_ln73_4_reg_1033                                |   26   |
|                                sext_ln73_5_reg_1038                                |   26   |
|                                sext_ln73_6_reg_1043                                |   26   |
|                                sext_ln73_7_reg_1048                                |   26   |
|                                sext_ln73_8_reg_1053                                |   26   |
|                                 sext_ln73_reg_1006                                 |   26   |
|                                    tmp_reg_1001                                    |   11   |
|                                trunc_ln58_1_reg_1063                               |   16   |
|                                trunc_ln58_2_reg_1068                               |   16   |
|                                trunc_ln58_3_reg_1073                               |   16   |
|                                trunc_ln58_4_reg_1078                               |   16   |
|                                trunc_ln58_5_reg_1083                               |   16   |
|                                trunc_ln58_6_reg_1088                               |   16   |
|                                trunc_ln58_7_reg_1093                               |   16   |
|                                  trunc_ln_reg_1058                                 |   16   |
|void_compute_output_buffer_2d_array_const_ap_shift_reg_n_chan_stream_weig_27_reg_300|   16   |
|void_compute_output_buffer_2d_array_const_ap_shift_reg_n_chan_stream_weig_28_reg_312|   16   |
|void_compute_output_buffer_2d_array_const_ap_shift_reg_n_chan_stream_weig_29_reg_324|   16   |
|void_compute_output_buffer_2d_array_const_ap_shift_reg_n_chan_stream_weig_30_reg_336|   16   |
|void_compute_output_buffer_2d_array_const_ap_shift_reg_n_chan_stream_weig_31_reg_348|   16   |
|void_compute_output_buffer_2d_array_const_ap_shift_reg_n_chan_stream_weig_32_reg_360|   16   |
|void_compute_output_buffer_2d_array_const_ap_shift_reg_n_chan_stream_weig_33_reg_372|   16   |
|void_compute_output_buffer_2d_array_const_ap_shift_reg_n_chan_stream_weig_34_reg_384|   16   |
|void_compute_output_buffer_2d_array_const_ap_shift_reg_n_chan_stream_weig_35_reg_396|   16   |
|void_compute_output_buffer_2d_array_const_ap_shift_reg_n_chan_stream_weig_45_reg_174|   16   |
|void_compute_output_buffer_2d_array_const_ap_shift_reg_n_chan_stream_weig_46_reg_188|   16   |
|void_compute_output_buffer_2d_array_const_ap_shift_reg_n_chan_stream_weig_47_reg_202|   16   |
|void_compute_output_buffer_2d_array_const_ap_shift_reg_n_chan_stream_weig_48_reg_216|   16   |
|void_compute_output_buffer_2d_array_const_ap_shift_reg_n_chan_stream_weig_49_reg_230|   16   |
|void_compute_output_buffer_2d_array_const_ap_shift_reg_n_chan_stream_weig_50_reg_244|   16   |
|void_compute_output_buffer_2d_array_const_ap_shift_reg_n_chan_stream_weig_51_reg_258|   16   |
|void_compute_output_buffer_2d_array_const_ap_shift_reg_n_chan_stream_weig_52_reg_272|   16   |
|void_compute_output_buffer_2d_array_const_ap_shift_reg_n_chan_stream_weig_53_reg_286|   16   |
|                                  w27_addr_reg_947                                  |    4   |
|                                     w_1_reg_971                                    |   16   |
|                                     w_2_reg_976                                    |   16   |
|                                     w_3_reg_981                                    |   16   |
|                                     w_4_reg_986                                    |   16   |
|                                     w_5_reg_991                                    |   16   |
|                                     w_6_reg_996                                    |   16   |
|                                   w_index_reg_952                                  |    4   |
|                                      w_reg_966                                     |   16   |
+------------------------------------------------------------------------------------+--------+
|                                        Total                                       |  1059  |
+------------------------------------------------------------------------------------+--------+

* Multiplexer (MUX) list: 
|-------------------|------|------|------|--------||---------||---------||---------|
|        Comp       |  Pin | Size |  BW  | S x BW ||  Delay  ||    FF   ||   LUT   |
|-------------------|------|------|------|--------||---------||---------||---------|
| grp_access_fu_137 |  p0  |   2  |   4  |    8   ||    0    ||    9    |
|  do_init_reg_143  |  p0  |   2  |   1  |    2   ||    0    ||    9    |
|     ir_reg_159    |  p0  |   2  |   4  |    8   ||    0    ||    9    |
|     grp_fu_706    |  p0  |   2  |  16  |   32   ||    0    ||    9    |
|     grp_fu_706    |  p1  |   2  |  16  |   32   ||    0    ||    9    |
|     grp_fu_715    |  p0  |   2  |  16  |   32   ||    0    ||    9    |
|     grp_fu_715    |  p1  |   2  |  16  |   32   ||    0    ||    9    |
|     grp_fu_724    |  p0  |   2  |  16  |   32   ||    0    ||    9    |
|     grp_fu_724    |  p1  |   2  |  16  |   32   ||    0    ||    9    |
|     grp_fu_733    |  p0  |   2  |  16  |   32   ||    0    ||    9    |
|     grp_fu_733    |  p1  |   2  |  16  |   32   ||    0    ||    9    |
|     grp_fu_742    |  p0  |   2  |  16  |   32   ||    0    ||    9    |
|     grp_fu_742    |  p1  |   2  |  16  |   32   ||    0    ||    9    |
|     grp_fu_751    |  p0  |   2  |  16  |   32   ||    0    ||    9    |
|     grp_fu_751    |  p1  |   2  |  16  |   32   ||    0    ||    9    |
|     grp_fu_760    |  p0  |   2  |  16  |   32   ||    0    ||    9    |
|     grp_fu_760    |  p1  |   2  |  16  |   32   ||    0    ||    9    |
|     grp_fu_769    |  p0  |   2  |  16  |   32   ||    0    ||    9    |
|     grp_fu_769    |  p1  |   2  |  11  |   22   ||    0    ||    9    |
|-------------------|------|------|------|--------||---------||---------||---------|
|       Total       |      |      |      |   520  ||  30.59  ||    0    ||   171   |
|-------------------|------|------|------|--------||---------||---------||---------|



* Summary:
+-----------+--------+--------+--------+--------+
|           |   DSP  |  Delay |   FF   |   LUT  |
+-----------+--------+--------+--------+--------+
|  Function |    8   |    -   |   536  |   263  |
|   Memory  |    -   |    -   |    -   |    -   |
|Multiplexer|    -   |   30   |    0   |   171  |
|  Register |    -   |    -   |  1059  |    -   |
+-----------+--------+--------+--------+--------+
|   Total   |    8   |   30   |  1595  |   434  |
+-----------+--------+--------+--------+--------+
