

================================================================
== Vitis HLS Report for 'pooling2d_cl_array_array_ap_fixed_16_6_5_3_0_16u_config16_s'
================================================================
* Date:           Tue Oct  6 08:53:53 2026

* Version:        2026.1 (Build 6493734 on Jun 16 2026)
* Project:        myproject_prj
* Solution:       solution1
* Product family: artix7
* Target device:  xc7a35t-ftg256-1


================================================================
== Performance Estimates
================================================================
+ Timing: 
    * Summary: 
    +--------+---------+----------+------------+
    |  Clock |  Target | Estimated| Uncertainty|
    +--------+---------+----------+------------+
    |ap_clk  |  5.00 ns|  3.641 ns|     1.35 ns|
    +--------+---------+----------+------------+

+ Latency: 
    * Summary: 
    +---------+---------+----------+----------+-----+-----+---------+
    |  Latency (cycles) |  Latency (absolute) |  Interval | Pipeline|
    |   min   |   max   |    min   |    max   | min | max |   Type  |
    +---------+---------+----------+----------+-----+-----+---------+
    |      366|      366|  1.830 us|  1.830 us|  366|  366|       no|
    +---------+---------+----------+----------+-----+-----+---------+

    + Detail: 
        * Instance: 
        N/A

        * Loop: 
        +----------------------------------+---------+---------+----------+-----------+-----------+------+----------+
        |                                  |  Latency (cycles) | Iteration|  Initiation Interval  | Trip |          |
        |             Loop Name            |   min   |   max   |  Latency |  achieved |   target  | Count| Pipelined|
        +----------------------------------+---------+---------+----------+-----------+-----------+------+----------+
        |- ReadInputHeight_ReadInputWidth  |      364|      364|         5|          3|        N/A|   121|       yes|
        +----------------------------------+---------+---------+----------+-----------+-----------+------+----------+

============================================================
+ Verbose Summary: Synthesis Manager
============================================================
InlineROM: 1
ExposeGlobal: 0
============================================================
+ Verbose Summary: CDFG Model
============================================================
IsTopModel: 0
ResetActiveHigh: 1
IsCombinational: 2
IsDatapathOnly: 0
HasWiredReturn: 1
HasMFsm: 2
HasVarLatency: 1
IsPipeline: 0
IsRtlPipelined: 0
IsInstanceOverlapped: 0
IsDontTouch: 0
HasImplIP: 0
IsGatedGlobalClock: 0

+ Individual pipeline summary: 
  * Pipeline-0: initiation interval (II) = 3, depth = 5


============================================================
+ Verbose Summary: Schedule
============================================================
* Number of FSM states : 7
* Pipeline : 1
  Pipeline-0 : II = 3, D = 5, States = { 2 3 4 5 6 }
* Dataflow Pipeline: 0

* FSM state transitions: 
1 --> 2 
2 --> 3 
3 --> 4 
4 --> 5 
5 --> 6 
6 --> 7 2 
7 --> 

* FSM state operations: 

State 1 <SV = 0> <Delay = 1.61>
ST_1 : Operation 8 [1/1] (0.00ns)   --->   "%indvar_flatten3 = alloca i32 1"   --->   Operation 8 'alloca' 'indvar_flatten3' <Predicate = true> <Delay = 0.00>
ST_1 : Operation 9 [1/1] (0.00ns)   --->   "%p_0_15_0_0_02356 = alloca i32 1"   --->   Operation 9 'alloca' 'p_0_15_0_0_02356' <Predicate = true> <Delay = 0.00>
ST_1 : Operation 10 [1/1] (0.00ns)   --->   "%p_0_14_0_0_02318 = alloca i32 1"   --->   Operation 10 'alloca' 'p_0_14_0_0_02318' <Predicate = true> <Delay = 0.00>
ST_1 : Operation 11 [1/1] (0.00ns)   --->   "%p_0_13_0_0_022710 = alloca i32 1"   --->   Operation 11 'alloca' 'p_0_13_0_0_022710' <Predicate = true> <Delay = 0.00>
ST_1 : Operation 12 [1/1] (0.00ns)   --->   "%p_0_12_0_0_022312 = alloca i32 1"   --->   Operation 12 'alloca' 'p_0_12_0_0_022312' <Predicate = true> <Delay = 0.00>
ST_1 : Operation 13 [1/1] (0.00ns)   --->   "%p_0_11_0_0_021914 = alloca i32 1"   --->   Operation 13 'alloca' 'p_0_11_0_0_021914' <Predicate = true> <Delay = 0.00>
ST_1 : Operation 14 [1/1] (0.00ns)   --->   "%p_0_10_0_0_021516 = alloca i32 1"   --->   Operation 14 'alloca' 'p_0_10_0_0_021516' <Predicate = true> <Delay = 0.00>
ST_1 : Operation 15 [1/1] (0.00ns)   --->   "%p_0_9_0_0_021118 = alloca i32 1"   --->   Operation 15 'alloca' 'p_0_9_0_0_021118' <Predicate = true> <Delay = 0.00>
ST_1 : Operation 16 [1/1] (0.00ns)   --->   "%p_0_8_0_0_020720 = alloca i32 1"   --->   Operation 16 'alloca' 'p_0_8_0_0_020720' <Predicate = true> <Delay = 0.00>
ST_1 : Operation 17 [1/1] (0.00ns)   --->   "%p_0_7_0_0_020322 = alloca i32 1"   --->   Operation 17 'alloca' 'p_0_7_0_0_020322' <Predicate = true> <Delay = 0.00>
ST_1 : Operation 18 [1/1] (0.00ns)   --->   "%p_0_6_0_0_019924 = alloca i32 1"   --->   Operation 18 'alloca' 'p_0_6_0_0_019924' <Predicate = true> <Delay = 0.00>
ST_1 : Operation 19 [1/1] (0.00ns)   --->   "%p_0_5_0_0_019526 = alloca i32 1"   --->   Operation 19 'alloca' 'p_0_5_0_0_019526' <Predicate = true> <Delay = 0.00>
ST_1 : Operation 20 [1/1] (0.00ns)   --->   "%p_0_4_0_0_019128 = alloca i32 1"   --->   Operation 20 'alloca' 'p_0_4_0_0_019128' <Predicate = true> <Delay = 0.00>
ST_1 : Operation 21 [1/1] (0.00ns)   --->   "%p_0_3_0_0_018730 = alloca i32 1"   --->   Operation 21 'alloca' 'p_0_3_0_0_018730' <Predicate = true> <Delay = 0.00>
ST_1 : Operation 22 [1/1] (0.00ns)   --->   "%p_0_2_0_0_018332 = alloca i32 1"   --->   Operation 22 'alloca' 'p_0_2_0_0_018332' <Predicate = true> <Delay = 0.00>
ST_1 : Operation 23 [1/1] (0.00ns)   --->   "%p_0_1_0_0_017934 = alloca i32 1"   --->   Operation 23 'alloca' 'p_0_1_0_0_017934' <Predicate = true> <Delay = 0.00>
ST_1 : Operation 24 [1/1] (0.00ns)   --->   "%p_0_0_0_0_017536 = alloca i32 1"   --->   Operation 24 'alloca' 'p_0_0_0_0_017536' <Predicate = true> <Delay = 0.00>
ST_1 : Operation 25 [1/1] (0.00ns)   --->   "%p_0_15_0_0_012517237 = alloca i32 1"   --->   Operation 25 'alloca' 'p_0_15_0_0_012517237' <Predicate = true> <Delay = 0.00>
ST_1 : Operation 26 [1/1] (0.00ns)   --->   "%p_0_14_0_0_012316939 = alloca i32 1"   --->   Operation 26 'alloca' 'p_0_14_0_0_012316939' <Predicate = true> <Delay = 0.00>
ST_1 : Operation 27 [1/1] (0.00ns)   --->   "%p_0_13_0_0_012116641 = alloca i32 1"   --->   Operation 27 'alloca' 'p_0_13_0_0_012116641' <Predicate = true> <Delay = 0.00>
ST_1 : Operation 28 [1/1] (0.00ns)   --->   "%p_0_12_0_0_011916343 = alloca i32 1"   --->   Operation 28 'alloca' 'p_0_12_0_0_011916343' <Predicate = true> <Delay = 0.00>
ST_1 : Operation 29 [1/1] (0.00ns)   --->   "%p_0_11_0_0_011716045 = alloca i32 1"   --->   Operation 29 'alloca' 'p_0_11_0_0_011716045' <Predicate = true> <Delay = 0.00>
ST_1 : Operation 30 [1/1] (0.00ns)   --->   "%p_0_10_0_0_011515747 = alloca i32 1"   --->   Operation 30 'alloca' 'p_0_10_0_0_011515747' <Predicate = true> <Delay = 0.00>
ST_1 : Operation 31 [1/1] (0.00ns)   --->   "%p_0_9_0_0_011315449 = alloca i32 1"   --->   Operation 31 'alloca' 'p_0_9_0_0_011315449' <Predicate = true> <Delay = 0.00>
ST_1 : Operation 32 [1/1] (0.00ns)   --->   "%p_0_8_0_0_011115151 = alloca i32 1"   --->   Operation 32 'alloca' 'p_0_8_0_0_011115151' <Predicate = true> <Delay = 0.00>
ST_1 : Operation 33 [1/1] (0.00ns)   --->   "%p_0_7_0_0_010914853 = alloca i32 1"   --->   Operation 33 'alloca' 'p_0_7_0_0_010914853' <Predicate = true> <Delay = 0.00>
ST_1 : Operation 34 [1/1] (0.00ns)   --->   "%p_0_6_0_0_010714555 = alloca i32 1"   --->   Operation 34 'alloca' 'p_0_6_0_0_010714555' <Predicate = true> <Delay = 0.00>
ST_1 : Operation 35 [1/1] (0.00ns)   --->   "%p_0_5_0_0_010514257 = alloca i32 1"   --->   Operation 35 'alloca' 'p_0_5_0_0_010514257' <Predicate = true> <Delay = 0.00>
ST_1 : Operation 36 [1/1] (0.00ns)   --->   "%p_0_4_0_0_010313959 = alloca i32 1"   --->   Operation 36 'alloca' 'p_0_4_0_0_010313959' <Predicate = true> <Delay = 0.00>
ST_1 : Operation 37 [1/1] (0.00ns)   --->   "%p_0_3_0_0_010113661 = alloca i32 1"   --->   Operation 37 'alloca' 'p_0_3_0_0_010113661' <Predicate = true> <Delay = 0.00>
ST_1 : Operation 38 [1/1] (0.00ns)   --->   "%p_0_2_0_0_09913363 = alloca i32 1"   --->   Operation 38 'alloca' 'p_0_2_0_0_09913363' <Predicate = true> <Delay = 0.00>
ST_1 : Operation 39 [1/1] (0.00ns)   --->   "%p_0_1_0_0_09713065 = alloca i32 1"   --->   Operation 39 'alloca' 'p_0_1_0_0_09713065' <Predicate = true> <Delay = 0.00>
ST_1 : Operation 40 [1/1] (0.00ns)   --->   "%p_0_0_0_0_09512767 = alloca i32 1"   --->   Operation 40 'alloca' 'p_0_0_0_0_09512767' <Predicate = true> <Delay = 0.00>
ST_1 : Operation 41 [1/1] (0.00ns)   --->   "%p_0_15_0_0_012569 = alloca i32 1"   --->   Operation 41 'alloca' 'p_0_15_0_0_012569' <Predicate = true> <Delay = 0.00>
ST_1 : Operation 42 [1/1] (0.00ns)   --->   "%p_0_14_0_0_012370 = alloca i32 1"   --->   Operation 42 'alloca' 'p_0_14_0_0_012370' <Predicate = true> <Delay = 0.00>
ST_1 : Operation 43 [1/1] (0.00ns)   --->   "%p_0_13_0_0_012171 = alloca i32 1"   --->   Operation 43 'alloca' 'p_0_13_0_0_012171' <Predicate = true> <Delay = 0.00>
ST_1 : Operation 44 [1/1] (0.00ns)   --->   "%p_0_12_0_0_011972 = alloca i32 1"   --->   Operation 44 'alloca' 'p_0_12_0_0_011972' <Predicate = true> <Delay = 0.00>
ST_1 : Operation 45 [1/1] (0.00ns)   --->   "%p_0_11_0_0_011773 = alloca i32 1"   --->   Operation 45 'alloca' 'p_0_11_0_0_011773' <Predicate = true> <Delay = 0.00>
ST_1 : Operation 46 [1/1] (0.00ns)   --->   "%p_0_10_0_0_011574 = alloca i32 1"   --->   Operation 46 'alloca' 'p_0_10_0_0_011574' <Predicate = true> <Delay = 0.00>
ST_1 : Operation 47 [1/1] (0.00ns)   --->   "%p_0_9_0_0_011375 = alloca i32 1"   --->   Operation 47 'alloca' 'p_0_9_0_0_011375' <Predicate = true> <Delay = 0.00>
ST_1 : Operation 48 [1/1] (0.00ns)   --->   "%p_0_8_0_0_011176 = alloca i32 1"   --->   Operation 48 'alloca' 'p_0_8_0_0_011176' <Predicate = true> <Delay = 0.00>
ST_1 : Operation 49 [1/1] (0.00ns)   --->   "%p_0_7_0_0_010977 = alloca i32 1"   --->   Operation 49 'alloca' 'p_0_7_0_0_010977' <Predicate = true> <Delay = 0.00>
ST_1 : Operation 50 [1/1] (0.00ns)   --->   "%p_0_6_0_0_010778 = alloca i32 1"   --->   Operation 50 'alloca' 'p_0_6_0_0_010778' <Predicate = true> <Delay = 0.00>
ST_1 : Operation 51 [1/1] (0.00ns)   --->   "%p_0_5_0_0_010579 = alloca i32 1"   --->   Operation 51 'alloca' 'p_0_5_0_0_010579' <Predicate = true> <Delay = 0.00>
ST_1 : Operation 52 [1/1] (0.00ns)   --->   "%p_0_4_0_0_010380 = alloca i32 1"   --->   Operation 52 'alloca' 'p_0_4_0_0_010380' <Predicate = true> <Delay = 0.00>
ST_1 : Operation 53 [1/1] (0.00ns)   --->   "%p_0_3_0_0_010181 = alloca i32 1"   --->   Operation 53 'alloca' 'p_0_3_0_0_010181' <Predicate = true> <Delay = 0.00>
ST_1 : Operation 54 [1/1] (0.00ns)   --->   "%p_0_2_0_0_09982 = alloca i32 1"   --->   Operation 54 'alloca' 'p_0_2_0_0_09982' <Predicate = true> <Delay = 0.00>
ST_1 : Operation 55 [1/1] (0.00ns)   --->   "%p_0_1_0_0_09783 = alloca i32 1"   --->   Operation 55 'alloca' 'p_0_1_0_0_09783' <Predicate = true> <Delay = 0.00>
ST_1 : Operation 56 [1/1] (0.00ns)   --->   "%i_iw = alloca i32 1" [firmware/nnet_utils/nnet_pooling_stream.h:111]   --->   Operation 56 'alloca' 'i_iw' <Predicate = true> <Delay = 0.00>
ST_1 : Operation 57 [1/1] (0.00ns)   --->   "%specinterface_ln0 = specinterface void @_ssdm_op_SpecInterface, i256 %layer16_out, void @empty_5, i32 0, i32 0, void @empty_9, i32 0, i32 0, void @empty_9, void @empty_9, void @empty_9, i32 0, i32 0, i32 0, i32 0, void @empty_9, void @empty_9, i32 4294967295, i32 0, i32 0, i32 0"   --->   Operation 57 'specinterface' 'specinterface_ln0' <Predicate = true> <Delay = 0.00>
ST_1 : Operation 58 [1/1] (0.00ns)   --->   "%specinterface_ln0 = specinterface void @_ssdm_op_SpecInterface, i256 %layer15_out, void @empty_5, i32 0, i32 0, void @empty_9, i32 0, i32 0, void @empty_9, void @empty_9, void @empty_9, i32 0, i32 0, i32 0, i32 0, void @empty_9, void @empty_9, i32 4294967295, i32 0, i32 0, i32 0"   --->   Operation 58 'specinterface' 'specinterface_ln0' <Predicate = true> <Delay = 0.00>
ST_1 : Operation 59 [1/1] (0.00ns)   --->   "%p_ZZN4nnet12pooling2d_clINS_5arrayI8ap_fixedILi16ELi6EL9ap_q_mode5EL9ap_o_mode3EL_31 = load i16 %p_ZZN4nnet12pooling2d_clINS_5arrayI8ap_fixedILi16ELi6EL9ap_q_mode5EL9ap_o_mode3EL_22" [firmware/nnet_utils/nnet_conv_stream.h:241->firmware/nnet_utils/nnet_pooling_stream.h:52->firmware/nnet_utils/nnet_pooling_stream.h:115]   --->   Operation 59 'load' 'p_ZZN4nnet12pooling2d_clINS_5arrayI8ap_fixedILi16ELi6EL9ap_q_mode5EL9ap_o_mode3EL_31' <Predicate = true> <Delay = 0.00>
ST_1 : Operation 60 [1/1] (0.00ns)   --->   "%p_ZZN4nnet12pooling2d_clINS_5arrayI8ap_fixedILi16ELi6EL9ap_q_mode5EL9ap_o_mode3EL_32 = load i16 %p_ZZN4nnet12pooling2d_clINS_5arrayI8ap_fixedILi16ELi6EL9ap_q_mode5EL9ap_o_mode3EL_16" [firmware/nnet_utils/nnet_conv_stream.h:241->firmware/nnet_utils/nnet_pooling_stream.h:52->firmware/nnet_utils/nnet_pooling_stream.h:115]   --->   Operation 60 'load' 'p_ZZN4nnet12pooling2d_clINS_5arrayI8ap_fixedILi16ELi6EL9ap_q_mode5EL9ap_o_mode3EL_32' <Predicate = true> <Delay = 0.00>
ST_1 : Operation 61 [1/1] (0.00ns)   --->   "%p_ZZN4nnet12pooling2d_clINS_5arrayI8ap_fixedILi16ELi6EL9ap_q_mode5EL9ap_o_mode3EL_33 = load i16 %p_ZZN4nnet12pooling2d_clINS_5arrayI8ap_fixedILi16ELi6EL9ap_q_mode5EL9ap_o_mode3EL_15" [firmware/nnet_utils/nnet_conv_stream.h:241->firmware/nnet_utils/nnet_pooling_stream.h:52->firmware/nnet_utils/nnet_pooling_stream.h:115]   --->   Operation 61 'load' 'p_ZZN4nnet12pooling2d_clINS_5arrayI8ap_fixedILi16ELi6EL9ap_q_mode5EL9ap_o_mode3EL_33' <Predicate = true> <Delay = 0.00>
ST_1 : Operation 62 [1/1] (0.00ns)   --->   "%p_ZZN4nnet12pooling2d_clINS_5arrayI8ap_fixedILi16ELi6EL9ap_q_mode5EL9ap_o_mode3EL_34 = load i16 %p_ZZN4nnet12pooling2d_clINS_5arrayI8ap_fixedILi16ELi6EL9ap_q_mode5EL9ap_o_mode3EL_14" [firmware/nnet_utils/nnet_conv_stream.h:241->firmware/nnet_utils/nnet_pooling_stream.h:52->firmware/nnet_utils/nnet_pooling_stream.h:115]   --->   Operation 62 'load' 'p_ZZN4nnet12pooling2d_clINS_5arrayI8ap_fixedILi16ELi6EL9ap_q_mode5EL9ap_o_mode3EL_34' <Predicate = true> <Delay = 0.00>
ST_1 : Operation 63 [1/1] (0.00ns)   --->   "%p_ZZN4nnet12pooling2d_clINS_5arrayI8ap_fixedILi16ELi6EL9ap_q_mode5EL9ap_o_mode3EL_35 = load i16 %p_ZZN4nnet12pooling2d_clINS_5arrayI8ap_fixedILi16ELi6EL9ap_q_mode5EL9ap_o_mode3EL_13" [firmware/nnet_utils/nnet_conv_stream.h:241->firmware/nnet_utils/nnet_pooling_stream.h:52->firmware/nnet_utils/nnet_pooling_stream.h:115]   --->   Operation 63 'load' 'p_ZZN4nnet12pooling2d_clINS_5arrayI8ap_fixedILi16ELi6EL9ap_q_mode5EL9ap_o_mode3EL_35' <Predicate = true> <Delay = 0.00>
ST_1 : Operation 64 [1/1] (0.00ns)   --->   "%p_ZZN4nnet12pooling2d_clINS_5arrayI8ap_fixedILi16ELi6EL9ap_q_mode5EL9ap_o_mode3EL_36 = load i16 %p_ZZN4nnet12pooling2d_clINS_5arrayI8ap_fixedILi16ELi6EL9ap_q_mode5EL9ap_o_mode3EL_12" [firmware/nnet_utils/nnet_conv_stream.h:241->firmware/nnet_utils/nnet_pooling_stream.h:52->firmware/nnet_utils/nnet_pooling_stream.h:115]   --->   Operation 64 'load' 'p_ZZN4nnet12pooling2d_clINS_5arrayI8ap_fixedILi16ELi6EL9ap_q_mode5EL9ap_o_mode3EL_36' <Predicate = true> <Delay = 0.00>
ST_1 : Operation 65 [1/1] (0.00ns)   --->   "%p_ZZN4nnet12pooling2d_clINS_5arrayI8ap_fixedILi16ELi6EL9ap_q_mode5EL9ap_o_mode3EL_37 = load i16 %p_ZZN4nnet12pooling2d_clINS_5arrayI8ap_fixedILi16ELi6EL9ap_q_mode5EL9ap_o_mode3EL_11" [firmware/nnet_utils/nnet_conv_stream.h:241->firmware/nnet_utils/nnet_pooling_stream.h:52->firmware/nnet_utils/nnet_pooling_stream.h:115]   --->   Operation 65 'load' 'p_ZZN4nnet12pooling2d_clINS_5arrayI8ap_fixedILi16ELi6EL9ap_q_mode5EL9ap_o_mode3EL_37' <Predicate = true> <Delay = 0.00>
ST_1 : Operation 66 [1/1] (0.00ns)   --->   "%p_ZZN4nnet12pooling2d_clINS_5arrayI8ap_fixedILi16ELi6EL9ap_q_mode5EL9ap_o_mode3EL_38 = load i16 %p_ZZN4nnet12pooling2d_clINS_5arrayI8ap_fixedILi16ELi6EL9ap_q_mode5EL9ap_o_mode3EL_10" [firmware/nnet_utils/nnet_conv_stream.h:241->firmware/nnet_utils/nnet_pooling_stream.h:52->firmware/nnet_utils/nnet_pooling_stream.h:115]   --->   Operation 66 'load' 'p_ZZN4nnet12pooling2d_clINS_5arrayI8ap_fixedILi16ELi6EL9ap_q_mode5EL9ap_o_mode3EL_38' <Predicate = true> <Delay = 0.00>
ST_1 : Operation 67 [1/1] (0.00ns)   --->   "%p_ZZN4nnet12pooling2d_clINS_5arrayI8ap_fixedILi16ELi6EL9ap_q_mode5EL9ap_o_mode3EL_39 = load i16 %p_ZZN4nnet12pooling2d_clINS_5arrayI8ap_fixedILi16ELi6EL9ap_q_mode5EL9ap_o_mode3EL_9" [firmware/nnet_utils/nnet_conv_stream.h:241->firmware/nnet_utils/nnet_pooling_stream.h:52->firmware/nnet_utils/nnet_pooling_stream.h:115]   --->   Operation 67 'load' 'p_ZZN4nnet12pooling2d_clINS_5arrayI8ap_fixedILi16ELi6EL9ap_q_mode5EL9ap_o_mode3EL_39' <Predicate = true> <Delay = 0.00>
ST_1 : Operation 68 [1/1] (0.00ns)   --->   "%p_ZZN4nnet12pooling2d_clINS_5arrayI8ap_fixedILi16ELi6EL9ap_q_mode5EL9ap_o_mode3EL_40 = load i16 %p_ZZN4nnet12pooling2d_clINS_5arrayI8ap_fixedILi16ELi6EL9ap_q_mode5EL9ap_o_mode3EL_8" [firmware/nnet_utils/nnet_conv_stream.h:241->firmware/nnet_utils/nnet_pooling_stream.h:52->firmware/nnet_utils/nnet_pooling_stream.h:115]   --->   Operation 68 'load' 'p_ZZN4nnet12pooling2d_clINS_5arrayI8ap_fixedILi16ELi6EL9ap_q_mode5EL9ap_o_mode3EL_40' <Predicate = true> <Delay = 0.00>
ST_1 : Operation 69 [1/1] (0.00ns)   --->   "%p_ZZN4nnet12pooling2d_clINS_5arrayI8ap_fixedILi16ELi6EL9ap_q_mode5EL9ap_o_mode3EL_41 = load i16 %p_ZZN4nnet12pooling2d_clINS_5arrayI8ap_fixedILi16ELi6EL9ap_q_mode5EL9ap_o_mode3EL_21" [firmware/nnet_utils/nnet_conv_stream.h:241->firmware/nnet_utils/nnet_pooling_stream.h:52->firmware/nnet_utils/nnet_pooling_stream.h:115]   --->   Operation 69 'load' 'p_ZZN4nnet12pooling2d_clINS_5arrayI8ap_fixedILi16ELi6EL9ap_q_mode5EL9ap_o_mode3EL_41' <Predicate = true> <Delay = 0.00>
ST_1 : Operation 70 [1/1] (0.00ns)   --->   "%p_ZZN4nnet12pooling2d_clINS_5arrayI8ap_fixedILi16ELi6EL9ap_q_mode5EL9ap_o_mode3EL_42 = load i16 %p_ZZN4nnet12pooling2d_clINS_5arrayI8ap_fixedILi16ELi6EL9ap_q_mode5EL9ap_o_mode3EL_20" [firmware/nnet_utils/nnet_conv_stream.h:241->firmware/nnet_utils/nnet_pooling_stream.h:52->firmware/nnet_utils/nnet_pooling_stream.h:115]   --->   Operation 70 'load' 'p_ZZN4nnet12pooling2d_clINS_5arrayI8ap_fixedILi16ELi6EL9ap_q_mode5EL9ap_o_mode3EL_42' <Predicate = true> <Delay = 0.00>
ST_1 : Operation 71 [1/1] (0.00ns)   --->   "%void_pooling2d_cl_stream_stream_array_ap_fixed_16u_0_line_buffer_load = load i16 %void_pooling2d_cl_stream_stream_array_ap_fixed_16u_0_line_buffer" [firmware/nnet_utils/nnet_conv_stream.h:241->firmware/nnet_utils/nnet_pooling_stream.h:52->firmware/nnet_utils/nnet_pooling_stream.h:115]   --->   Operation 71 'load' 'void_pooling2d_cl_stream_stream_array_ap_fixed_16u_0_line_buffer_load' <Predicate = true> <Delay = 0.00>
ST_1 : Operation 72 [1/1] (0.00ns)   --->   "%p_ZZN4nnet12pooling2d_clINS_5arrayI8ap_fixedILi16ELi6EL9ap_q_mode5EL9ap_o_mode3EL_43 = load i16 %p_ZZN4nnet12pooling2d_clINS_5arrayI8ap_fixedILi16ELi6EL9ap_q_mode5EL9ap_o_mode3EL_19" [firmware/nnet_utils/nnet_conv_stream.h:241->firmware/nnet_utils/nnet_pooling_stream.h:52->firmware/nnet_utils/nnet_pooling_stream.h:115]   --->   Operation 72 'load' 'p_ZZN4nnet12pooling2d_clINS_5arrayI8ap_fixedILi16ELi6EL9ap_q_mode5EL9ap_o_mode3EL_43' <Predicate = true> <Delay = 0.00>
ST_1 : Operation 73 [1/1] (0.00ns)   --->   "%p_ZZN4nnet12pooling2d_clINS_5arrayI8ap_fixedILi16ELi6EL9ap_q_mode5EL9ap_o_mode3EL_44 = load i16 %p_ZZN4nnet12pooling2d_clINS_5arrayI8ap_fixedILi16ELi6EL9ap_q_mode5EL9ap_o_mode3EL_18" [firmware/nnet_utils/nnet_conv_stream.h:241->firmware/nnet_utils/nnet_pooling_stream.h:52->firmware/nnet_utils/nnet_pooling_stream.h:115]   --->   Operation 73 'load' 'p_ZZN4nnet12pooling2d_clINS_5arrayI8ap_fixedILi16ELi6EL9ap_q_mode5EL9ap_o_mode3EL_44' <Predicate = true> <Delay = 0.00>
ST_1 : Operation 74 [1/1] (0.00ns)   --->   "%p_ZZN4nnet12pooling2d_clINS_5arrayI8ap_fixedILi16ELi6EL9ap_q_mode5EL9ap_o_mode3EL_45 = load i16 %p_ZZN4nnet12pooling2d_clINS_5arrayI8ap_fixedILi16ELi6EL9ap_q_mode5EL9ap_o_mode3EL_17" [firmware/nnet_utils/nnet_conv_stream.h:241->firmware/nnet_utils/nnet_pooling_stream.h:52->firmware/nnet_utils/nnet_pooling_stream.h:115]   --->   Operation 74 'load' 'p_ZZN4nnet12pooling2d_clINS_5arrayI8ap_fixedILi16ELi6EL9ap_q_mode5EL9ap_o_mode3EL_45' <Predicate = true> <Delay = 0.00>
ST_1 : Operation 75 [1/1] (0.00ns)   --->   "%p_ZZN4nnet22compute_pool_buffer_2dINS_5arrayI8ap_fixedILi16ELi6EL9ap_q_mode5EL9ap_60 = load i16 %p_ZZN4nnet22compute_pool_buffer_2dINS_5arrayI8ap_fixedILi16ELi6EL9ap_q_mode5EL9ap_45" [firmware/nnet_utils/nnet_conv_stream.h:209->firmware/nnet_utils/nnet_conv_stream.h:247->firmware/nnet_utils/nnet_pooling_stream.h:52->firmware/nnet_utils/nnet_pooling_stream.h:115]   --->   Operation 75 'load' 'p_ZZN4nnet22compute_pool_buffer_2dINS_5arrayI8ap_fixedILi16ELi6EL9ap_q_mode5EL9ap_60' <Predicate = true> <Delay = 0.00>
ST_1 : Operation 76 [1/1] (0.00ns)   --->   "%p_ZZN4nnet22compute_pool_buffer_2dINS_5arrayI8ap_fixedILi16ELi6EL9ap_q_mode5EL9ap_61 = load i16 %p_ZZN4nnet22compute_pool_buffer_2dINS_5arrayI8ap_fixedILi16ELi6EL9ap_q_mode5EL9ap_44" [firmware/nnet_utils/nnet_conv_stream.h:209->firmware/nnet_utils/nnet_conv_stream.h:247->firmware/nnet_utils/nnet_pooling_stream.h:52->firmware/nnet_utils/nnet_pooling_stream.h:115]   --->   Operation 76 'load' 'p_ZZN4nnet22compute_pool_buffer_2dINS_5arrayI8ap_fixedILi16ELi6EL9ap_q_mode5EL9ap_61' <Predicate = true> <Delay = 0.00>
ST_1 : Operation 77 [1/1] (0.00ns)   --->   "%p_ZZN4nnet22compute_pool_buffer_2dINS_5arrayI8ap_fixedILi16ELi6EL9ap_q_mode5EL9ap_62 = load i16 %p_ZZN4nnet22compute_pool_buffer_2dINS_5arrayI8ap_fixedILi16ELi6EL9ap_q_mode5EL9ap_43" [firmware/nnet_utils/nnet_conv_stream.h:209->firmware/nnet_utils/nnet_conv_stream.h:247->firmware/nnet_utils/nnet_pooling_stream.h:52->firmware/nnet_utils/nnet_pooling_stream.h:115]   --->   Operation 77 'load' 'p_ZZN4nnet22compute_pool_buffer_2dINS_5arrayI8ap_fixedILi16ELi6EL9ap_q_mode5EL9ap_62' <Predicate = true> <Delay = 0.00>
ST_1 : Operation 78 [1/1] (0.00ns)   --->   "%p_ZZN4nnet22compute_pool_buffer_2dINS_5arrayI8ap_fixedILi16ELi6EL9ap_q_mode5EL9ap_63 = load i16 %p_ZZN4nnet22compute_pool_buffer_2dINS_5arrayI8ap_fixedILi16ELi6EL9ap_q_mode5EL9ap_42" [firmware/nnet_utils/nnet_conv_stream.h:209->firmware/nnet_utils/nnet_conv_stream.h:247->firmware/nnet_utils/nnet_pooling_stream.h:52->firmware/nnet_utils/nnet_pooling_stream.h:115]   --->   Operation 78 'load' 'p_ZZN4nnet22compute_pool_buffer_2dINS_5arrayI8ap_fixedILi16ELi6EL9ap_q_mode5EL9ap_63' <Predicate = true> <Delay = 0.00>
ST_1 : Operation 79 [1/1] (0.00ns)   --->   "%p_ZZN4nnet22compute_pool_buffer_2dINS_5arrayI8ap_fixedILi16ELi6EL9ap_q_mode5EL9ap_64 = load i16 %p_ZZN4nnet22compute_pool_buffer_2dINS_5arrayI8ap_fixedILi16ELi6EL9ap_q_mode5EL9ap_41" [firmware/nnet_utils/nnet_conv_stream.h:209->firmware/nnet_utils/nnet_conv_stream.h:247->firmware/nnet_utils/nnet_pooling_stream.h:52->firmware/nnet_utils/nnet_pooling_stream.h:115]   --->   Operation 79 'load' 'p_ZZN4nnet22compute_pool_buffer_2dINS_5arrayI8ap_fixedILi16ELi6EL9ap_q_mode5EL9ap_64' <Predicate = true> <Delay = 0.00>
ST_1 : Operation 80 [1/1] (0.00ns)   --->   "%p_ZZN4nnet22compute_pool_buffer_2dINS_5arrayI8ap_fixedILi16ELi6EL9ap_q_mode5EL9ap_65 = load i16 %p_ZZN4nnet22compute_pool_buffer_2dINS_5arrayI8ap_fixedILi16ELi6EL9ap_q_mode5EL9ap_40" [firmware/nnet_utils/nnet_conv_stream.h:209->firmware/nnet_utils/nnet_conv_stream.h:247->firmware/nnet_utils/nnet_pooling_stream.h:52->firmware/nnet_utils/nnet_pooling_stream.h:115]   --->   Operation 80 'load' 'p_ZZN4nnet22compute_pool_buffer_2dINS_5arrayI8ap_fixedILi16ELi6EL9ap_q_mode5EL9ap_65' <Predicate = true> <Delay = 0.00>
ST_1 : Operation 81 [1/1] (0.00ns)   --->   "%p_ZZN4nnet22compute_pool_buffer_2dINS_5arrayI8ap_fixedILi16ELi6EL9ap_q_mode5EL9ap_66 = load i16 %p_ZZN4nnet22compute_pool_buffer_2dINS_5arrayI8ap_fixedILi16ELi6EL9ap_q_mode5EL9ap_39" [firmware/nnet_utils/nnet_conv_stream.h:209->firmware/nnet_utils/nnet_conv_stream.h:247->firmware/nnet_utils/nnet_pooling_stream.h:52->firmware/nnet_utils/nnet_pooling_stream.h:115]   --->   Operation 81 'load' 'p_ZZN4nnet22compute_pool_buffer_2dINS_5arrayI8ap_fixedILi16ELi6EL9ap_q_mode5EL9ap_66' <Predicate = true> <Delay = 0.00>
ST_1 : Operation 82 [1/1] (0.00ns)   --->   "%p_ZZN4nnet22compute_pool_buffer_2dINS_5arrayI8ap_fixedILi16ELi6EL9ap_q_mode5EL9ap_67 = load i16 %p_ZZN4nnet22compute_pool_buffer_2dINS_5arrayI8ap_fixedILi16ELi6EL9ap_q_mode5EL9ap_38" [firmware/nnet_utils/nnet_conv_stream.h:209->firmware/nnet_utils/nnet_conv_stream.h:247->firmware/nnet_utils/nnet_pooling_stream.h:52->firmware/nnet_utils/nnet_pooling_stream.h:115]   --->   Operation 82 'load' 'p_ZZN4nnet22compute_pool_buffer_2dINS_5arrayI8ap_fixedILi16ELi6EL9ap_q_mode5EL9ap_67' <Predicate = true> <Delay = 0.00>
ST_1 : Operation 83 [1/1] (0.00ns)   --->   "%p_ZZN4nnet22compute_pool_buffer_2dINS_5arrayI8ap_fixedILi16ELi6EL9ap_q_mode5EL9ap_68 = load i16 %p_ZZN4nnet22compute_pool_buffer_2dINS_5arrayI8ap_fixedILi16ELi6EL9ap_q_mode5EL9ap_37" [firmware/nnet_utils/nnet_conv_stream.h:209->firmware/nnet_utils/nnet_conv_stream.h:247->firmware/nnet_utils/nnet_pooling_stream.h:52->firmware/nnet_utils/nnet_pooling_stream.h:115]   --->   Operation 83 'load' 'p_ZZN4nnet22compute_pool_buffer_2dINS_5arrayI8ap_fixedILi16ELi6EL9ap_q_mode5EL9ap_68' <Predicate = true> <Delay = 0.00>
ST_1 : Operation 84 [1/1] (0.00ns)   --->   "%p_ZZN4nnet22compute_pool_buffer_2dINS_5arrayI8ap_fixedILi16ELi6EL9ap_q_mode5EL9ap_69 = load i16 %p_ZZN4nnet22compute_pool_buffer_2dINS_5arrayI8ap_fixedILi16ELi6EL9ap_q_mode5EL9ap_36" [firmware/nnet_utils/nnet_conv_stream.h:209->firmware/nnet_utils/nnet_conv_stream.h:247->firmware/nnet_utils/nnet_pooling_stream.h:52->firmware/nnet_utils/nnet_pooling_stream.h:115]   --->   Operation 84 'load' 'p_ZZN4nnet22compute_pool_buffer_2dINS_5arrayI8ap_fixedILi16ELi6EL9ap_q_mode5EL9ap_69' <Predicate = true> <Delay = 0.00>
ST_1 : Operation 85 [1/1] (0.00ns)   --->   "%p_ZZN4nnet22compute_pool_buffer_2dINS_5arrayI8ap_fixedILi16ELi6EL9ap_q_mode5EL9ap_70 = load i16 %p_ZZN4nnet22compute_pool_buffer_2dINS_5arrayI8ap_fixedILi16ELi6EL9ap_q_mode5EL9ap_35" [firmware/nnet_utils/nnet_conv_stream.h:209->firmware/nnet_utils/nnet_conv_stream.h:247->firmware/nnet_utils/nnet_pooling_stream.h:52->firmware/nnet_utils/nnet_pooling_stream.h:115]   --->   Operation 85 'load' 'p_ZZN4nnet22compute_pool_buffer_2dINS_5arrayI8ap_fixedILi16ELi6EL9ap_q_mode5EL9ap_70' <Predicate = true> <Delay = 0.00>
ST_1 : Operation 86 [1/1] (0.00ns)   --->   "%p_ZZN4nnet22compute_pool_buffer_2dINS_5arrayI8ap_fixedILi16ELi6EL9ap_q_mode5EL9ap_71 = load i16 %p_ZZN4nnet22compute_pool_buffer_2dINS_5arrayI8ap_fixedILi16ELi6EL9ap_q_mode5EL9ap_34" [firmware/nnet_utils/nnet_conv_stream.h:209->firmware/nnet_utils/nnet_conv_stream.h:247->firmware/nnet_utils/nnet_pooling_stream.h:52->firmware/nnet_utils/nnet_pooling_stream.h:115]   --->   Operation 86 'load' 'p_ZZN4nnet22compute_pool_buffer_2dINS_5arrayI8ap_fixedILi16ELi6EL9ap_q_mode5EL9ap_71' <Predicate = true> <Delay = 0.00>
ST_1 : Operation 87 [1/1] (0.00ns)   --->   "%p_ZZN4nnet22compute_pool_buffer_2dINS_5arrayI8ap_fixedILi16ELi6EL9ap_q_mode5EL9ap_72 = load i16 %p_ZZN4nnet22compute_pool_buffer_2dINS_5arrayI8ap_fixedILi16ELi6EL9ap_q_mode5EL9ap_33" [firmware/nnet_utils/nnet_conv_stream.h:209->firmware/nnet_utils/nnet_conv_stream.h:247->firmware/nnet_utils/nnet_pooling_stream.h:52->firmware/nnet_utils/nnet_pooling_stream.h:115]   --->   Operation 87 'load' 'p_ZZN4nnet22compute_pool_buffer_2dINS_5arrayI8ap_fixedILi16ELi6EL9ap_q_mode5EL9ap_72' <Predicate = true> <Delay = 0.00>
ST_1 : Operation 88 [1/1] (0.00ns)   --->   "%p_ZZN4nnet22compute_pool_buffer_2dINS_5arrayI8ap_fixedILi16ELi6EL9ap_q_mode5EL9ap_73 = load i16 %p_ZZN4nnet22compute_pool_buffer_2dINS_5arrayI8ap_fixedILi16ELi6EL9ap_q_mode5EL9ap_32" [firmware/nnet_utils/nnet_conv_stream.h:209->firmware/nnet_utils/nnet_conv_stream.h:247->firmware/nnet_utils/nnet_pooling_stream.h:52->firmware/nnet_utils/nnet_pooling_stream.h:115]   --->   Operation 88 'load' 'p_ZZN4nnet22compute_pool_buffer_2dINS_5arrayI8ap_fixedILi16ELi6EL9ap_q_mode5EL9ap_73' <Predicate = true> <Delay = 0.00>
ST_1 : Operation 89 [1/1] (0.00ns)   --->   "%p_ZZN4nnet22compute_pool_buffer_2dINS_5arrayI8ap_fixedILi16ELi6EL9ap_q_mode5EL9ap_74 = load i16 %p_ZZN4nnet22compute_pool_buffer_2dINS_5arrayI8ap_fixedILi16ELi6EL9ap_q_mode5EL9ap_31" [firmware/nnet_utils/nnet_conv_stream.h:209->firmware/nnet_utils/nnet_conv_stream.h:247->firmware/nnet_utils/nnet_pooling_stream.h:52->firmware/nnet_utils/nnet_pooling_stream.h:115]   --->   Operation 89 'load' 'p_ZZN4nnet22compute_pool_buffer_2dINS_5arrayI8ap_fixedILi16ELi6EL9ap_q_mode5EL9ap_74' <Predicate = true> <Delay = 0.00>
ST_1 : Operation 90 [1/1] (0.00ns)   --->   "%p_ZZN4nnet22compute_pool_buffer_2dINS_5arrayI8ap_fixedILi16ELi6EL9ap_q_mode5EL9ap_75 = load i16 %p_ZZN4nnet22compute_pool_buffer_2dINS_5arrayI8ap_fixedILi16ELi6EL9ap_q_mode5EL9ap_30" [firmware/nnet_utils/nnet_conv_stream.h:209->firmware/nnet_utils/nnet_conv_stream.h:247->firmware/nnet_utils/nnet_pooling_stream.h:52->firmware/nnet_utils/nnet_pooling_stream.h:115]   --->   Operation 90 'load' 'p_ZZN4nnet22compute_pool_buffer_2dINS_5arrayI8ap_fixedILi16ELi6EL9ap_q_mode5EL9ap_75' <Predicate = true> <Delay = 0.00>
ST_1 : Operation 91 [1/1] (0.00ns)   --->   "%p_ZZN4nnet22compute_pool_buffer_2dINS_5arrayI8ap_fixedILi16ELi6EL9ap_q_mode5EL9ap_76 = load i16 %p_ZZN4nnet22compute_pool_buffer_2dINS_5arrayI8ap_fixedILi16ELi6EL9ap_q_mode5EL9ap_29" [firmware/nnet_utils/nnet_conv_stream.h:209->firmware/nnet_utils/nnet_conv_stream.h:247->firmware/nnet_utils/nnet_pooling_stream.h:52->firmware/nnet_utils/nnet_pooling_stream.h:115]   --->   Operation 91 'load' 'p_ZZN4nnet22compute_pool_buffer_2dINS_5arrayI8ap_fixedILi16ELi6EL9ap_q_mode5EL9ap_76' <Predicate = true> <Delay = 0.00>
ST_1 : Operation 92 [1/1] (0.00ns)   --->   "%p_ZZN4nnet22compute_pool_buffer_2dINS_5arrayI8ap_fixedILi16ELi6EL9ap_q_mode5EL9ap_77 = load i16 %p_ZZN4nnet22compute_pool_buffer_2dINS_5arrayI8ap_fixedILi16ELi6EL9ap_q_mode5EL9ap_28" [firmware/nnet_utils/nnet_conv_stream.h:209->firmware/nnet_utils/nnet_conv_stream.h:247->firmware/nnet_utils/nnet_pooling_stream.h:52->firmware/nnet_utils/nnet_pooling_stream.h:115]   --->   Operation 92 'load' 'p_ZZN4nnet22compute_pool_buffer_2dINS_5arrayI8ap_fixedILi16ELi6EL9ap_q_mode5EL9ap_77' <Predicate = true> <Delay = 0.00>
ST_1 : Operation 93 [1/1] (0.00ns)   --->   "%p_ZZN4nnet22compute_pool_buffer_2dINS_5arrayI8ap_fixedILi16ELi6EL9ap_q_mode5EL9ap_78 = load i16 %p_ZZN4nnet22compute_pool_buffer_2dINS_5arrayI8ap_fixedILi16ELi6EL9ap_q_mode5EL9ap_27" [firmware/nnet_utils/nnet_conv_stream.h:209->firmware/nnet_utils/nnet_conv_stream.h:247->firmware/nnet_utils/nnet_pooling_stream.h:52->firmware/nnet_utils/nnet_pooling_stream.h:115]   --->   Operation 93 'load' 'p_ZZN4nnet22compute_pool_buffer_2dINS_5arrayI8ap_fixedILi16ELi6EL9ap_q_mode5EL9ap_78' <Predicate = true> <Delay = 0.00>
ST_1 : Operation 94 [1/1] (0.00ns)   --->   "%p_ZZN4nnet22compute_pool_buffer_2dINS_5arrayI8ap_fixedILi16ELi6EL9ap_q_mode5EL9ap_79 = load i16 %p_ZZN4nnet22compute_pool_buffer_2dINS_5arrayI8ap_fixedILi16ELi6EL9ap_q_mode5EL9ap_26" [firmware/nnet_utils/nnet_conv_stream.h:209->firmware/nnet_utils/nnet_conv_stream.h:247->firmware/nnet_utils/nnet_pooling_stream.h:52->firmware/nnet_utils/nnet_pooling_stream.h:115]   --->   Operation 94 'load' 'p_ZZN4nnet22compute_pool_buffer_2dINS_5arrayI8ap_fixedILi16ELi6EL9ap_q_mode5EL9ap_79' <Predicate = true> <Delay = 0.00>
ST_1 : Operation 95 [1/1] (0.00ns)   --->   "%p_ZZN4nnet22compute_pool_buffer_2dINS_5arrayI8ap_fixedILi16ELi6EL9ap_q_mode5EL9ap_80 = load i16 %p_ZZN4nnet22compute_pool_buffer_2dINS_5arrayI8ap_fixedILi16ELi6EL9ap_q_mode5EL9ap_25" [firmware/nnet_utils/nnet_conv_stream.h:209->firmware/nnet_utils/nnet_conv_stream.h:247->firmware/nnet_utils/nnet_pooling_stream.h:52->firmware/nnet_utils/nnet_pooling_stream.h:115]   --->   Operation 95 'load' 'p_ZZN4nnet22compute_pool_buffer_2dINS_5arrayI8ap_fixedILi16ELi6EL9ap_q_mode5EL9ap_80' <Predicate = true> <Delay = 0.00>
ST_1 : Operation 96 [1/1] (0.00ns)   --->   "%p_ZZN4nnet22compute_pool_buffer_2dINS_5arrayI8ap_fixedILi16ELi6EL9ap_q_mode5EL9ap_81 = load i16 %p_ZZN4nnet22compute_pool_buffer_2dINS_5arrayI8ap_fixedILi16ELi6EL9ap_q_mode5EL9ap_24" [firmware/nnet_utils/nnet_conv_stream.h:209->firmware/nnet_utils/nnet_conv_stream.h:247->firmware/nnet_utils/nnet_pooling_stream.h:52->firmware/nnet_utils/nnet_pooling_stream.h:115]   --->   Operation 96 'load' 'p_ZZN4nnet22compute_pool_buffer_2dINS_5arrayI8ap_fixedILi16ELi6EL9ap_q_mode5EL9ap_81' <Predicate = true> <Delay = 0.00>
ST_1 : Operation 97 [1/1] (0.00ns)   --->   "%p_ZZN4nnet22compute_pool_buffer_2dINS_5arrayI8ap_fixedILi16ELi6EL9ap_q_mode5EL9ap_82 = load i16 %p_ZZN4nnet22compute_pool_buffer_2dINS_5arrayI8ap_fixedILi16ELi6EL9ap_q_mode5EL9ap_23" [firmware/nnet_utils/nnet_conv_stream.h:209->firmware/nnet_utils/nnet_conv_stream.h:247->firmware/nnet_utils/nnet_pooling_stream.h:52->firmware/nnet_utils/nnet_pooling_stream.h:115]   --->   Operation 97 'load' 'p_ZZN4nnet22compute_pool_buffer_2dINS_5arrayI8ap_fixedILi16ELi6EL9ap_q_mode5EL9ap_82' <Predicate = true> <Delay = 0.00>
ST_1 : Operation 98 [1/1] (0.00ns)   --->   "%p_ZZN4nnet22compute_pool_buffer_2dINS_5arrayI8ap_fixedILi16ELi6EL9ap_q_mode5EL9ap_83 = load i16 %p_ZZN4nnet22compute_pool_buffer_2dINS_5arrayI8ap_fixedILi16ELi6EL9ap_q_mode5EL9ap_22" [firmware/nnet_utils/nnet_conv_stream.h:209->firmware/nnet_utils/nnet_conv_stream.h:247->firmware/nnet_utils/nnet_pooling_stream.h:52->firmware/nnet_utils/nnet_pooling_stream.h:115]   --->   Operation 98 'load' 'p_ZZN4nnet22compute_pool_buffer_2dINS_5arrayI8ap_fixedILi16ELi6EL9ap_q_mode5EL9ap_83' <Predicate = true> <Delay = 0.00>
ST_1 : Operation 99 [1/1] (0.00ns)   --->   "%p_ZZN4nnet22compute_pool_buffer_2dINS_5arrayI8ap_fixedILi16ELi6EL9ap_q_mode5EL9ap_84 = load i16 %p_ZZN4nnet22compute_pool_buffer_2dINS_5arrayI8ap_fixedILi16ELi6EL9ap_q_mode5EL9ap_21" [firmware/nnet_utils/nnet_conv_stream.h:209->firmware/nnet_utils/nnet_conv_stream.h:247->firmware/nnet_utils/nnet_pooling_stream.h:52->firmware/nnet_utils/nnet_pooling_stream.h:115]   --->   Operation 99 'load' 'p_ZZN4nnet22compute_pool_buffer_2dINS_5arrayI8ap_fixedILi16ELi6EL9ap_q_mode5EL9ap_84' <Predicate = true> <Delay = 0.00>
ST_1 : Operation 100 [1/1] (0.00ns)   --->   "%p_ZZN4nnet22compute_pool_buffer_2dINS_5arrayI8ap_fixedILi16ELi6EL9ap_q_mode5EL9ap_85 = load i16 %p_ZZN4nnet22compute_pool_buffer_2dINS_5arrayI8ap_fixedILi16ELi6EL9ap_q_mode5EL9ap_20" [firmware/nnet_utils/nnet_conv_stream.h:209->firmware/nnet_utils/nnet_conv_stream.h:247->firmware/nnet_utils/nnet_pooling_stream.h:52->firmware/nnet_utils/nnet_pooling_stream.h:115]   --->   Operation 100 'load' 'p_ZZN4nnet22compute_pool_buffer_2dINS_5arrayI8ap_fixedILi16ELi6EL9ap_q_mode5EL9ap_85' <Predicate = true> <Delay = 0.00>
ST_1 : Operation 101 [1/1] (0.00ns)   --->   "%p_ZZN4nnet22compute_pool_buffer_2dINS_5arrayI8ap_fixedILi16ELi6EL9ap_q_mode5EL9ap_86 = load i16 %p_ZZN4nnet22compute_pool_buffer_2dINS_5arrayI8ap_fixedILi16ELi6EL9ap_q_mode5EL9ap_19" [firmware/nnet_utils/nnet_conv_stream.h:209->firmware/nnet_utils/nnet_conv_stream.h:247->firmware/nnet_utils/nnet_pooling_stream.h:52->firmware/nnet_utils/nnet_pooling_stream.h:115]   --->   Operation 101 'load' 'p_ZZN4nnet22compute_pool_buffer_2dINS_5arrayI8ap_fixedILi16ELi6EL9ap_q_mode5EL9ap_86' <Predicate = true> <Delay = 0.00>
ST_1 : Operation 102 [1/1] (0.00ns)   --->   "%p_ZZN4nnet22compute_pool_buffer_2dINS_5arrayI8ap_fixedILi16ELi6EL9ap_q_mode5EL9ap_87 = load i16 %p_ZZN4nnet22compute_pool_buffer_2dINS_5arrayI8ap_fixedILi16ELi6EL9ap_q_mode5EL9ap_18" [firmware/nnet_utils/nnet_conv_stream.h:209->firmware/nnet_utils/nnet_conv_stream.h:247->firmware/nnet_utils/nnet_pooling_stream.h:52->firmware/nnet_utils/nnet_pooling_stream.h:115]   --->   Operation 102 'load' 'p_ZZN4nnet22compute_pool_buffer_2dINS_5arrayI8ap_fixedILi16ELi6EL9ap_q_mode5EL9ap_87' <Predicate = true> <Delay = 0.00>
ST_1 : Operation 103 [1/1] (0.00ns)   --->   "%p_ZZN4nnet22compute_pool_buffer_2dINS_5arrayI8ap_fixedILi16ELi6EL9ap_q_mode5EL9ap_88 = load i16 %p_ZZN4nnet22compute_pool_buffer_2dINS_5arrayI8ap_fixedILi16ELi6EL9ap_q_mode5EL9ap_17" [firmware/nnet_utils/nnet_conv_stream.h:209->firmware/nnet_utils/nnet_conv_stream.h:247->firmware/nnet_utils/nnet_pooling_stream.h:52->firmware/nnet_utils/nnet_pooling_stream.h:115]   --->   Operation 103 'load' 'p_ZZN4nnet22compute_pool_buffer_2dINS_5arrayI8ap_fixedILi16ELi6EL9ap_q_mode5EL9ap_88' <Predicate = true> <Delay = 0.00>
ST_1 : Operation 104 [1/1] (0.00ns)   --->   "%p_ZZN4nnet22compute_pool_buffer_2dINS_5arrayI8ap_fixedILi16ELi6EL9ap_q_mode5EL9ap_89 = load i16 %p_ZZN4nnet22compute_pool_buffer_2dINS_5arrayI8ap_fixedILi16ELi6EL9ap_q_mode5EL9ap_16" [firmware/nnet_utils/nnet_conv_stream.h:209->firmware/nnet_utils/nnet_conv_stream.h:247->firmware/nnet_utils/nnet_pooling_stream.h:52->firmware/nnet_utils/nnet_pooling_stream.h:115]   --->   Operation 104 'load' 'p_ZZN4nnet22compute_pool_buffer_2dINS_5arrayI8ap_fixedILi16ELi6EL9ap_q_mode5EL9ap_89' <Predicate = true> <Delay = 0.00>
ST_1 : Operation 105 [1/1] (0.00ns)   --->   "%p_ZZN4nnet22compute_pool_buffer_2dINS_5arrayI8ap_fixedILi16ELi6EL9ap_q_mode5EL9ap_90 = load i16 %p_ZZN4nnet22compute_pool_buffer_2dINS_5arrayI8ap_fixedILi16ELi6EL9ap_q_mode5EL9ap_15" [firmware/nnet_utils/nnet_conv_stream.h:209->firmware/nnet_utils/nnet_conv_stream.h:247->firmware/nnet_utils/nnet_pooling_stream.h:52->firmware/nnet_utils/nnet_pooling_stream.h:115]   --->   Operation 105 'load' 'p_ZZN4nnet22compute_pool_buffer_2dINS_5arrayI8ap_fixedILi16ELi6EL9ap_q_mode5EL9ap_90' <Predicate = true> <Delay = 0.00>
ST_1 : Operation 106 [1/1] (0.00ns)   --->   "%p_ZZN4nnet22compute_pool_buffer_2dINS_5arrayI8ap_fixedILi16ELi6EL9ap_q_mode5EL9ap_91 = load i16 %p_ZZN4nnet22compute_pool_buffer_2dINS_5arrayI8ap_fixedILi16ELi6EL9ap_q_mode5EL9ap_14" [firmware/nnet_utils/nnet_conv_stream.h:209->firmware/nnet_utils/nnet_conv_stream.h:247->firmware/nnet_utils/nnet_pooling_stream.h:52->firmware/nnet_utils/nnet_pooling_stream.h:115]   --->   Operation 106 'load' 'p_ZZN4nnet22compute_pool_buffer_2dINS_5arrayI8ap_fixedILi16ELi6EL9ap_q_mode5EL9ap_91' <Predicate = true> <Delay = 0.00>
ST_1 : Operation 107 [1/1] (1.61ns)   --->   "%store_ln111 = store i4 0, i4 %i_iw" [firmware/nnet_utils/nnet_pooling_stream.h:111]   --->   Operation 107 'store' 'store_ln111' <Predicate = true> <Delay = 1.61>
ST_1 : Operation 108 [1/1] (1.61ns)   --->   "%store_ln241 = store i16 %p_ZZN4nnet12pooling2d_clINS_5arrayI8ap_fixedILi16ELi6EL9ap_q_mode5EL9ap_o_mode3EL_32, i16 %p_0_1_0_0_09783" [firmware/nnet_utils/nnet_conv_stream.h:241->firmware/nnet_utils/nnet_pooling_stream.h:52->firmware/nnet_utils/nnet_pooling_stream.h:115]   --->   Operation 108 'store' 'store_ln241' <Predicate = true> <Delay = 1.61>
ST_1 : Operation 109 [1/1] (1.61ns)   --->   "%store_ln241 = store i16 %p_ZZN4nnet12pooling2d_clINS_5arrayI8ap_fixedILi16ELi6EL9ap_q_mode5EL9ap_o_mode3EL_33, i16 %p_0_2_0_0_09982" [firmware/nnet_utils/nnet_conv_stream.h:241->firmware/nnet_utils/nnet_pooling_stream.h:52->firmware/nnet_utils/nnet_pooling_stream.h:115]   --->   Operation 109 'store' 'store_ln241' <Predicate = true> <Delay = 1.61>
ST_1 : Operation 110 [1/1] (1.61ns)   --->   "%store_ln241 = store i16 %p_ZZN4nnet12pooling2d_clINS_5arrayI8ap_fixedILi16ELi6EL9ap_q_mode5EL9ap_o_mode3EL_34, i16 %p_0_3_0_0_010181" [firmware/nnet_utils/nnet_conv_stream.h:241->firmware/nnet_utils/nnet_pooling_stream.h:52->firmware/nnet_utils/nnet_pooling_stream.h:115]   --->   Operation 110 'store' 'store_ln241' <Predicate = true> <Delay = 1.61>
ST_1 : Operation 111 [1/1] (1.61ns)   --->   "%store_ln241 = store i16 %p_ZZN4nnet12pooling2d_clINS_5arrayI8ap_fixedILi16ELi6EL9ap_q_mode5EL9ap_o_mode3EL_35, i16 %p_0_4_0_0_010380" [firmware/nnet_utils/nnet_conv_stream.h:241->firmware/nnet_utils/nnet_pooling_stream.h:52->firmware/nnet_utils/nnet_pooling_stream.h:115]   --->   Operation 111 'store' 'store_ln241' <Predicate = true> <Delay = 1.61>
ST_1 : Operation 112 [1/1] (1.61ns)   --->   "%store_ln241 = store i16 %p_ZZN4nnet12pooling2d_clINS_5arrayI8ap_fixedILi16ELi6EL9ap_q_mode5EL9ap_o_mode3EL_36, i16 %p_0_5_0_0_010579" [firmware/nnet_utils/nnet_conv_stream.h:241->firmware/nnet_utils/nnet_pooling_stream.h:52->firmware/nnet_utils/nnet_pooling_stream.h:115]   --->   Operation 112 'store' 'store_ln241' <Predicate = true> <Delay = 1.61>
ST_1 : Operation 113 [1/1] (1.61ns)   --->   "%store_ln241 = store i16 %p_ZZN4nnet12pooling2d_clINS_5arrayI8ap_fixedILi16ELi6EL9ap_q_mode5EL9ap_o_mode3EL_37, i16 %p_0_6_0_0_010778" [firmware/nnet_utils/nnet_conv_stream.h:241->firmware/nnet_utils/nnet_pooling_stream.h:52->firmware/nnet_utils/nnet_pooling_stream.h:115]   --->   Operation 113 'store' 'store_ln241' <Predicate = true> <Delay = 1.61>
ST_1 : Operation 114 [1/1] (1.61ns)   --->   "%store_ln241 = store i16 %p_ZZN4nnet12pooling2d_clINS_5arrayI8ap_fixedILi16ELi6EL9ap_q_mode5EL9ap_o_mode3EL_38, i16 %p_0_7_0_0_010977" [firmware/nnet_utils/nnet_conv_stream.h:241->firmware/nnet_utils/nnet_pooling_stream.h:52->firmware/nnet_utils/nnet_pooling_stream.h:115]   --->   Operation 114 'store' 'store_ln241' <Predicate = true> <Delay = 1.61>
ST_1 : Operation 115 [1/1] (1.61ns)   --->   "%store_ln241 = store i16 %p_ZZN4nnet12pooling2d_clINS_5arrayI8ap_fixedILi16ELi6EL9ap_q_mode5EL9ap_o_mode3EL_39, i16 %p_0_8_0_0_011176" [firmware/nnet_utils/nnet_conv_stream.h:241->firmware/nnet_utils/nnet_pooling_stream.h:52->firmware/nnet_utils/nnet_pooling_stream.h:115]   --->   Operation 115 'store' 'store_ln241' <Predicate = true> <Delay = 1.61>
ST_1 : Operation 116 [1/1] (1.61ns)   --->   "%store_ln241 = store i16 %p_ZZN4nnet12pooling2d_clINS_5arrayI8ap_fixedILi16ELi6EL9ap_q_mode5EL9ap_o_mode3EL_40, i16 %p_0_9_0_0_011375" [firmware/nnet_utils/nnet_conv_stream.h:241->firmware/nnet_utils/nnet_pooling_stream.h:52->firmware/nnet_utils/nnet_pooling_stream.h:115]   --->   Operation 116 'store' 'store_ln241' <Predicate = true> <Delay = 1.61>
ST_1 : Operation 117 [1/1] (1.61ns)   --->   "%store_ln241 = store i16 %p_ZZN4nnet12pooling2d_clINS_5arrayI8ap_fixedILi16ELi6EL9ap_q_mode5EL9ap_o_mode3EL_41, i16 %p_0_10_0_0_011574" [firmware/nnet_utils/nnet_conv_stream.h:241->firmware/nnet_utils/nnet_pooling_stream.h:52->firmware/nnet_utils/nnet_pooling_stream.h:115]   --->   Operation 117 'store' 'store_ln241' <Predicate = true> <Delay = 1.61>
ST_1 : Operation 118 [1/1] (1.61ns)   --->   "%store_ln241 = store i16 %p_ZZN4nnet12pooling2d_clINS_5arrayI8ap_fixedILi16ELi6EL9ap_q_mode5EL9ap_o_mode3EL_42, i16 %p_0_11_0_0_011773" [firmware/nnet_utils/nnet_conv_stream.h:241->firmware/nnet_utils/nnet_pooling_stream.h:52->firmware/nnet_utils/nnet_pooling_stream.h:115]   --->   Operation 118 'store' 'store_ln241' <Predicate = true> <Delay = 1.61>
ST_1 : Operation 119 [1/1] (1.61ns)   --->   "%store_ln241 = store i16 %void_pooling2d_cl_stream_stream_array_ap_fixed_16u_0_line_buffer_load, i16 %p_0_12_0_0_011972" [firmware/nnet_utils/nnet_conv_stream.h:241->firmware/nnet_utils/nnet_pooling_stream.h:52->firmware/nnet_utils/nnet_pooling_stream.h:115]   --->   Operation 119 'store' 'store_ln241' <Predicate = true> <Delay = 1.61>
ST_1 : Operation 120 [1/1] (1.61ns)   --->   "%store_ln241 = store i16 %p_ZZN4nnet12pooling2d_clINS_5arrayI8ap_fixedILi16ELi6EL9ap_q_mode5EL9ap_o_mode3EL_43, i16 %p_0_13_0_0_012171" [firmware/nnet_utils/nnet_conv_stream.h:241->firmware/nnet_utils/nnet_pooling_stream.h:52->firmware/nnet_utils/nnet_pooling_stream.h:115]   --->   Operation 120 'store' 'store_ln241' <Predicate = true> <Delay = 1.61>
ST_1 : Operation 121 [1/1] (1.61ns)   --->   "%store_ln241 = store i16 %p_ZZN4nnet12pooling2d_clINS_5arrayI8ap_fixedILi16ELi6EL9ap_q_mode5EL9ap_o_mode3EL_44, i16 %p_0_14_0_0_012370" [firmware/nnet_utils/nnet_conv_stream.h:241->firmware/nnet_utils/nnet_pooling_stream.h:52->firmware/nnet_utils/nnet_pooling_stream.h:115]   --->   Operation 121 'store' 'store_ln241' <Predicate = true> <Delay = 1.61>
ST_1 : Operation 122 [1/1] (1.61ns)   --->   "%store_ln241 = store i16 %p_ZZN4nnet12pooling2d_clINS_5arrayI8ap_fixedILi16ELi6EL9ap_q_mode5EL9ap_o_mode3EL_45, i16 %p_0_15_0_0_012569" [firmware/nnet_utils/nnet_conv_stream.h:241->firmware/nnet_utils/nnet_pooling_stream.h:52->firmware/nnet_utils/nnet_pooling_stream.h:115]   --->   Operation 122 'store' 'store_ln241' <Predicate = true> <Delay = 1.61>
ST_1 : Operation 123 [1/1] (1.61ns)   --->   "%store_ln209 = store i16 %p_ZZN4nnet22compute_pool_buffer_2dINS_5arrayI8ap_fixedILi16ELi6EL9ap_q_mode5EL9ap_60, i16 %p_0_0_0_0_09512767" [firmware/nnet_utils/nnet_conv_stream.h:209->firmware/nnet_utils/nnet_conv_stream.h:247->firmware/nnet_utils/nnet_pooling_stream.h:52->firmware/nnet_utils/nnet_pooling_stream.h:115]   --->   Operation 123 'store' 'store_ln209' <Predicate = true> <Delay = 1.61>
ST_1 : Operation 124 [1/1] (1.61ns)   --->   "%store_ln209 = store i16 %p_ZZN4nnet22compute_pool_buffer_2dINS_5arrayI8ap_fixedILi16ELi6EL9ap_q_mode5EL9ap_61, i16 %p_0_1_0_0_09713065" [firmware/nnet_utils/nnet_conv_stream.h:209->firmware/nnet_utils/nnet_conv_stream.h:247->firmware/nnet_utils/nnet_pooling_stream.h:52->firmware/nnet_utils/nnet_pooling_stream.h:115]   --->   Operation 124 'store' 'store_ln209' <Predicate = true> <Delay = 1.61>
ST_1 : Operation 125 [1/1] (1.61ns)   --->   "%store_ln209 = store i16 %p_ZZN4nnet22compute_pool_buffer_2dINS_5arrayI8ap_fixedILi16ELi6EL9ap_q_mode5EL9ap_62, i16 %p_0_2_0_0_09913363" [firmware/nnet_utils/nnet_conv_stream.h:209->firmware/nnet_utils/nnet_conv_stream.h:247->firmware/nnet_utils/nnet_pooling_stream.h:52->firmware/nnet_utils/nnet_pooling_stream.h:115]   --->   Operation 125 'store' 'store_ln209' <Predicate = true> <Delay = 1.61>
ST_1 : Operation 126 [1/1] (1.61ns)   --->   "%store_ln209 = store i16 %p_ZZN4nnet22compute_pool_buffer_2dINS_5arrayI8ap_fixedILi16ELi6EL9ap_q_mode5EL9ap_63, i16 %p_0_3_0_0_010113661" [firmware/nnet_utils/nnet_conv_stream.h:209->firmware/nnet_utils/nnet_conv_stream.h:247->firmware/nnet_utils/nnet_pooling_stream.h:52->firmware/nnet_utils/nnet_pooling_stream.h:115]   --->   Operation 126 'store' 'store_ln209' <Predicate = true> <Delay = 1.61>
ST_1 : Operation 127 [1/1] (1.61ns)   --->   "%store_ln209 = store i16 %p_ZZN4nnet22compute_pool_buffer_2dINS_5arrayI8ap_fixedILi16ELi6EL9ap_q_mode5EL9ap_64, i16 %p_0_4_0_0_010313959" [firmware/nnet_utils/nnet_conv_stream.h:209->firmware/nnet_utils/nnet_conv_stream.h:247->firmware/nnet_utils/nnet_pooling_stream.h:52->firmware/nnet_utils/nnet_pooling_stream.h:115]   --->   Operation 127 'store' 'store_ln209' <Predicate = true> <Delay = 1.61>
ST_1 : Operation 128 [1/1] (1.61ns)   --->   "%store_ln209 = store i16 %p_ZZN4nnet22compute_pool_buffer_2dINS_5arrayI8ap_fixedILi16ELi6EL9ap_q_mode5EL9ap_65, i16 %p_0_5_0_0_010514257" [firmware/nnet_utils/nnet_conv_stream.h:209->firmware/nnet_utils/nnet_conv_stream.h:247->firmware/nnet_utils/nnet_pooling_stream.h:52->firmware/nnet_utils/nnet_pooling_stream.h:115]   --->   Operation 128 'store' 'store_ln209' <Predicate = true> <Delay = 1.61>
ST_1 : Operation 129 [1/1] (1.61ns)   --->   "%store_ln209 = store i16 %p_ZZN4nnet22compute_pool_buffer_2dINS_5arrayI8ap_fixedILi16ELi6EL9ap_q_mode5EL9ap_66, i16 %p_0_6_0_0_010714555" [firmware/nnet_utils/nnet_conv_stream.h:209->firmware/nnet_utils/nnet_conv_stream.h:247->firmware/nnet_utils/nnet_pooling_stream.h:52->firmware/nnet_utils/nnet_pooling_stream.h:115]   --->   Operation 129 'store' 'store_ln209' <Predicate = true> <Delay = 1.61>
ST_1 : Operation 130 [1/1] (1.61ns)   --->   "%store_ln209 = store i16 %p_ZZN4nnet22compute_pool_buffer_2dINS_5arrayI8ap_fixedILi16ELi6EL9ap_q_mode5EL9ap_67, i16 %p_0_7_0_0_010914853" [firmware/nnet_utils/nnet_conv_stream.h:209->firmware/nnet_utils/nnet_conv_stream.h:247->firmware/nnet_utils/nnet_pooling_stream.h:52->firmware/nnet_utils/nnet_pooling_stream.h:115]   --->   Operation 130 'store' 'store_ln209' <Predicate = true> <Delay = 1.61>
ST_1 : Operation 131 [1/1] (1.61ns)   --->   "%store_ln209 = store i16 %p_ZZN4nnet22compute_pool_buffer_2dINS_5arrayI8ap_fixedILi16ELi6EL9ap_q_mode5EL9ap_68, i16 %p_0_8_0_0_011115151" [firmware/nnet_utils/nnet_conv_stream.h:209->firmware/nnet_utils/nnet_conv_stream.h:247->firmware/nnet_utils/nnet_pooling_stream.h:52->firmware/nnet_utils/nnet_pooling_stream.h:115]   --->   Operation 131 'store' 'store_ln209' <Predicate = true> <Delay = 1.61>
ST_1 : Operation 132 [1/1] (1.61ns)   --->   "%store_ln209 = store i16 %p_ZZN4nnet22compute_pool_buffer_2dINS_5arrayI8ap_fixedILi16ELi6EL9ap_q_mode5EL9ap_69, i16 %p_0_9_0_0_011315449" [firmware/nnet_utils/nnet_conv_stream.h:209->firmware/nnet_utils/nnet_conv_stream.h:247->firmware/nnet_utils/nnet_pooling_stream.h:52->firmware/nnet_utils/nnet_pooling_stream.h:115]   --->   Operation 132 'store' 'store_ln209' <Predicate = true> <Delay = 1.61>
ST_1 : Operation 133 [1/1] (1.61ns)   --->   "%store_ln209 = store i16 %p_ZZN4nnet22compute_pool_buffer_2dINS_5arrayI8ap_fixedILi16ELi6EL9ap_q_mode5EL9ap_70, i16 %p_0_10_0_0_011515747" [firmware/nnet_utils/nnet_conv_stream.h:209->firmware/nnet_utils/nnet_conv_stream.h:247->firmware/nnet_utils/nnet_pooling_stream.h:52->firmware/nnet_utils/nnet_pooling_stream.h:115]   --->   Operation 133 'store' 'store_ln209' <Predicate = true> <Delay = 1.61>
ST_1 : Operation 134 [1/1] (1.61ns)   --->   "%store_ln209 = store i16 %p_ZZN4nnet22compute_pool_buffer_2dINS_5arrayI8ap_fixedILi16ELi6EL9ap_q_mode5EL9ap_71, i16 %p_0_11_0_0_011716045" [firmware/nnet_utils/nnet_conv_stream.h:209->firmware/nnet_utils/nnet_conv_stream.h:247->firmware/nnet_utils/nnet_pooling_stream.h:52->firmware/nnet_utils/nnet_pooling_stream.h:115]   --->   Operation 134 'store' 'store_ln209' <Predicate = true> <Delay = 1.61>
ST_1 : Operation 135 [1/1] (1.61ns)   --->   "%store_ln209 = store i16 %p_ZZN4nnet22compute_pool_buffer_2dINS_5arrayI8ap_fixedILi16ELi6EL9ap_q_mode5EL9ap_72, i16 %p_0_12_0_0_011916343" [firmware/nnet_utils/nnet_conv_stream.h:209->firmware/nnet_utils/nnet_conv_stream.h:247->firmware/nnet_utils/nnet_pooling_stream.h:52->firmware/nnet_utils/nnet_pooling_stream.h:115]   --->   Operation 135 'store' 'store_ln209' <Predicate = true> <Delay = 1.61>
ST_1 : Operation 136 [1/1] (1.61ns)   --->   "%store_ln209 = store i16 %p_ZZN4nnet22compute_pool_buffer_2dINS_5arrayI8ap_fixedILi16ELi6EL9ap_q_mode5EL9ap_73, i16 %p_0_13_0_0_012116641" [firmware/nnet_utils/nnet_conv_stream.h:209->firmware/nnet_utils/nnet_conv_stream.h:247->firmware/nnet_utils/nnet_pooling_stream.h:52->firmware/nnet_utils/nnet_pooling_stream.h:115]   --->   Operation 136 'store' 'store_ln209' <Predicate = true> <Delay = 1.61>
ST_1 : Operation 137 [1/1] (1.61ns)   --->   "%store_ln209 = store i16 %p_ZZN4nnet22compute_pool_buffer_2dINS_5arrayI8ap_fixedILi16ELi6EL9ap_q_mode5EL9ap_74, i16 %p_0_14_0_0_012316939" [firmware/nnet_utils/nnet_conv_stream.h:209->firmware/nnet_utils/nnet_conv_stream.h:247->firmware/nnet_utils/nnet_pooling_stream.h:52->firmware/nnet_utils/nnet_pooling_stream.h:115]   --->   Operation 137 'store' 'store_ln209' <Predicate = true> <Delay = 1.61>
ST_1 : Operation 138 [1/1] (1.61ns)   --->   "%store_ln209 = store i16 %p_ZZN4nnet22compute_pool_buffer_2dINS_5arrayI8ap_fixedILi16ELi6EL9ap_q_mode5EL9ap_75, i16 %p_0_15_0_0_012517237" [firmware/nnet_utils/nnet_conv_stream.h:209->firmware/nnet_utils/nnet_conv_stream.h:247->firmware/nnet_utils/nnet_pooling_stream.h:52->firmware/nnet_utils/nnet_pooling_stream.h:115]   --->   Operation 138 'store' 'store_ln209' <Predicate = true> <Delay = 1.61>
ST_1 : Operation 139 [1/1] (1.61ns)   --->   "%store_ln209 = store i16 %p_ZZN4nnet22compute_pool_buffer_2dINS_5arrayI8ap_fixedILi16ELi6EL9ap_q_mode5EL9ap_76, i16 %p_0_0_0_0_017536" [firmware/nnet_utils/nnet_conv_stream.h:209->firmware/nnet_utils/nnet_conv_stream.h:247->firmware/nnet_utils/nnet_pooling_stream.h:52->firmware/nnet_utils/nnet_pooling_stream.h:115]   --->   Operation 139 'store' 'store_ln209' <Predicate = true> <Delay = 1.61>
ST_1 : Operation 140 [1/1] (1.61ns)   --->   "%store_ln209 = store i16 %p_ZZN4nnet22compute_pool_buffer_2dINS_5arrayI8ap_fixedILi16ELi6EL9ap_q_mode5EL9ap_77, i16 %p_0_1_0_0_017934" [firmware/nnet_utils/nnet_conv_stream.h:209->firmware/nnet_utils/nnet_conv_stream.h:247->firmware/nnet_utils/nnet_pooling_stream.h:52->firmware/nnet_utils/nnet_pooling_stream.h:115]   --->   Operation 140 'store' 'store_ln209' <Predicate = true> <Delay = 1.61>
ST_1 : Operation 141 [1/1] (1.61ns)   --->   "%store_ln209 = store i16 %p_ZZN4nnet22compute_pool_buffer_2dINS_5arrayI8ap_fixedILi16ELi6EL9ap_q_mode5EL9ap_78, i16 %p_0_2_0_0_018332" [firmware/nnet_utils/nnet_conv_stream.h:209->firmware/nnet_utils/nnet_conv_stream.h:247->firmware/nnet_utils/nnet_pooling_stream.h:52->firmware/nnet_utils/nnet_pooling_stream.h:115]   --->   Operation 141 'store' 'store_ln209' <Predicate = true> <Delay = 1.61>
ST_1 : Operation 142 [1/1] (1.61ns)   --->   "%store_ln209 = store i16 %p_ZZN4nnet22compute_pool_buffer_2dINS_5arrayI8ap_fixedILi16ELi6EL9ap_q_mode5EL9ap_79, i16 %p_0_3_0_0_018730" [firmware/nnet_utils/nnet_conv_stream.h:209->firmware/nnet_utils/nnet_conv_stream.h:247->firmware/nnet_utils/nnet_pooling_stream.h:52->firmware/nnet_utils/nnet_pooling_stream.h:115]   --->   Operation 142 'store' 'store_ln209' <Predicate = true> <Delay = 1.61>
ST_1 : Operation 143 [1/1] (1.61ns)   --->   "%store_ln209 = store i16 %p_ZZN4nnet22compute_pool_buffer_2dINS_5arrayI8ap_fixedILi16ELi6EL9ap_q_mode5EL9ap_80, i16 %p_0_4_0_0_019128" [firmware/nnet_utils/nnet_conv_stream.h:209->firmware/nnet_utils/nnet_conv_stream.h:247->firmware/nnet_utils/nnet_pooling_stream.h:52->firmware/nnet_utils/nnet_pooling_stream.h:115]   --->   Operation 143 'store' 'store_ln209' <Predicate = true> <Delay = 1.61>
ST_1 : Operation 144 [1/1] (1.61ns)   --->   "%store_ln209 = store i16 %p_ZZN4nnet22compute_pool_buffer_2dINS_5arrayI8ap_fixedILi16ELi6EL9ap_q_mode5EL9ap_81, i16 %p_0_5_0_0_019526" [firmware/nnet_utils/nnet_conv_stream.h:209->firmware/nnet_utils/nnet_conv_stream.h:247->firmware/nnet_utils/nnet_pooling_stream.h:52->firmware/nnet_utils/nnet_pooling_stream.h:115]   --->   Operation 144 'store' 'store_ln209' <Predicate = true> <Delay = 1.61>
ST_1 : Operation 145 [1/1] (1.61ns)   --->   "%store_ln209 = store i16 %p_ZZN4nnet22compute_pool_buffer_2dINS_5arrayI8ap_fixedILi16ELi6EL9ap_q_mode5EL9ap_82, i16 %p_0_6_0_0_019924" [firmware/nnet_utils/nnet_conv_stream.h:209->firmware/nnet_utils/nnet_conv_stream.h:247->firmware/nnet_utils/nnet_pooling_stream.h:52->firmware/nnet_utils/nnet_pooling_stream.h:115]   --->   Operation 145 'store' 'store_ln209' <Predicate = true> <Delay = 1.61>
ST_1 : Operation 146 [1/1] (1.61ns)   --->   "%store_ln209 = store i16 %p_ZZN4nnet22compute_pool_buffer_2dINS_5arrayI8ap_fixedILi16ELi6EL9ap_q_mode5EL9ap_83, i16 %p_0_7_0_0_020322" [firmware/nnet_utils/nnet_conv_stream.h:209->firmware/nnet_utils/nnet_conv_stream.h:247->firmware/nnet_utils/nnet_pooling_stream.h:52->firmware/nnet_utils/nnet_pooling_stream.h:115]   --->   Operation 146 'store' 'store_ln209' <Predicate = true> <Delay = 1.61>
ST_1 : Operation 147 [1/1] (1.61ns)   --->   "%store_ln209 = store i16 %p_ZZN4nnet22compute_pool_buffer_2dINS_5arrayI8ap_fixedILi16ELi6EL9ap_q_mode5EL9ap_84, i16 %p_0_8_0_0_020720" [firmware/nnet_utils/nnet_conv_stream.h:209->firmware/nnet_utils/nnet_conv_stream.h:247->firmware/nnet_utils/nnet_pooling_stream.h:52->firmware/nnet_utils/nnet_pooling_stream.h:115]   --->   Operation 147 'store' 'store_ln209' <Predicate = true> <Delay = 1.61>
ST_1 : Operation 148 [1/1] (1.61ns)   --->   "%store_ln209 = store i16 %p_ZZN4nnet22compute_pool_buffer_2dINS_5arrayI8ap_fixedILi16ELi6EL9ap_q_mode5EL9ap_85, i16 %p_0_9_0_0_021118" [firmware/nnet_utils/nnet_conv_stream.h:209->firmware/nnet_utils/nnet_conv_stream.h:247->firmware/nnet_utils/nnet_pooling_stream.h:52->firmware/nnet_utils/nnet_pooling_stream.h:115]   --->   Operation 148 'store' 'store_ln209' <Predicate = true> <Delay = 1.61>
ST_1 : Operation 149 [1/1] (1.61ns)   --->   "%store_ln209 = store i16 %p_ZZN4nnet22compute_pool_buffer_2dINS_5arrayI8ap_fixedILi16ELi6EL9ap_q_mode5EL9ap_86, i16 %p_0_10_0_0_021516" [firmware/nnet_utils/nnet_conv_stream.h:209->firmware/nnet_utils/nnet_conv_stream.h:247->firmware/nnet_utils/nnet_pooling_stream.h:52->firmware/nnet_utils/nnet_pooling_stream.h:115]   --->   Operation 149 'store' 'store_ln209' <Predicate = true> <Delay = 1.61>
ST_1 : Operation 150 [1/1] (1.61ns)   --->   "%store_ln209 = store i16 %p_ZZN4nnet22compute_pool_buffer_2dINS_5arrayI8ap_fixedILi16ELi6EL9ap_q_mode5EL9ap_87, i16 %p_0_11_0_0_021914" [firmware/nnet_utils/nnet_conv_stream.h:209->firmware/nnet_utils/nnet_conv_stream.h:247->firmware/nnet_utils/nnet_pooling_stream.h:52->firmware/nnet_utils/nnet_pooling_stream.h:115]   --->   Operation 150 'store' 'store_ln209' <Predicate = true> <Delay = 1.61>
ST_1 : Operation 151 [1/1] (1.61ns)   --->   "%store_ln209 = store i16 %p_ZZN4nnet22compute_pool_buffer_2dINS_5arrayI8ap_fixedILi16ELi6EL9ap_q_mode5EL9ap_88, i16 %p_0_12_0_0_022312" [firmware/nnet_utils/nnet_conv_stream.h:209->firmware/nnet_utils/nnet_conv_stream.h:247->firmware/nnet_utils/nnet_pooling_stream.h:52->firmware/nnet_utils/nnet_pooling_stream.h:115]   --->   Operation 151 'store' 'store_ln209' <Predicate = true> <Delay = 1.61>
ST_1 : Operation 152 [1/1] (1.61ns)   --->   "%store_ln209 = store i16 %p_ZZN4nnet22compute_pool_buffer_2dINS_5arrayI8ap_fixedILi16ELi6EL9ap_q_mode5EL9ap_89, i16 %p_0_13_0_0_022710" [firmware/nnet_utils/nnet_conv_stream.h:209->firmware/nnet_utils/nnet_conv_stream.h:247->firmware/nnet_utils/nnet_pooling_stream.h:52->firmware/nnet_utils/nnet_pooling_stream.h:115]   --->   Operation 152 'store' 'store_ln209' <Predicate = true> <Delay = 1.61>
ST_1 : Operation 153 [1/1] (1.61ns)   --->   "%store_ln209 = store i16 %p_ZZN4nnet22compute_pool_buffer_2dINS_5arrayI8ap_fixedILi16ELi6EL9ap_q_mode5EL9ap_90, i16 %p_0_14_0_0_02318" [firmware/nnet_utils/nnet_conv_stream.h:209->firmware/nnet_utils/nnet_conv_stream.h:247->firmware/nnet_utils/nnet_pooling_stream.h:52->firmware/nnet_utils/nnet_pooling_stream.h:115]   --->   Operation 153 'store' 'store_ln209' <Predicate = true> <Delay = 1.61>
ST_1 : Operation 154 [1/1] (1.61ns)   --->   "%store_ln209 = store i16 %p_ZZN4nnet22compute_pool_buffer_2dINS_5arrayI8ap_fixedILi16ELi6EL9ap_q_mode5EL9ap_91, i16 %p_0_15_0_0_02356" [firmware/nnet_utils/nnet_conv_stream.h:209->firmware/nnet_utils/nnet_conv_stream.h:247->firmware/nnet_utils/nnet_pooling_stream.h:52->firmware/nnet_utils/nnet_pooling_stream.h:115]   --->   Operation 154 'store' 'store_ln209' <Predicate = true> <Delay = 1.61>
ST_1 : Operation 155 [1/1] (1.61ns)   --->   "%store_ln0 = store i7 0, i7 %indvar_flatten3"   --->   Operation 155 'store' 'store_ln0' <Predicate = true> <Delay = 1.61>
ST_1 : Operation 156 [1/1] (1.61ns)   --->   "%br_ln0 = br void %for.inc15"   --->   Operation 156 'br' 'br_ln0' <Predicate = true> <Delay = 1.61>

State 2 <SV = 1> <Delay = 2.70>
ST_2 : Operation 157 [1/1] (0.00ns)   --->   "%pX_1_load = load i32 %pX_1" [firmware/nnet_utils/nnet_pooling_stream.h:76->firmware/nnet_utils/nnet_pooling_stream.h:115]   --->   Operation 157 'load' 'pX_1_load' <Predicate = true> <Delay = 0.00>
ST_2 : Operation 158 [1/1] (2.70ns)   --->   "%add_ln76 = add i32 %pX_1_load, i32 1" [firmware/nnet_utils/nnet_pooling_stream.h:76->firmware/nnet_utils/nnet_pooling_stream.h:115]   --->   Operation 158 'add' 'add_ln76' <Predicate = true> <Delay = 2.70> <CoreInst = "Adder">   --->   Core 1 'Adder' <Latency = 0> <II = 1> <Delay = 2.70> <FuncUnit> <Opcode : 'add' 'sub'> <InPorts = 2> <OutPorts = 1>

State 3 <SV = 2> <Delay = 3.49>
ST_3 : Operation 159 [1/1] (0.00ns)   --->   "%icmp_ln11186 = phi i1 0, void %entry, i1 %icmp_ln111, void %for.inc" [firmware/nnet_utils/nnet_pooling_stream.h:111]   --->   Operation 159 'phi' 'icmp_ln11186' <Predicate = true> <Delay = 0.00>
ST_3 : Operation 160 [1/1] (0.00ns)   --->   "%p_0_15_0_0_02356_load = load i16 %p_0_15_0_0_02356" [firmware/nnet_utils/nnet_common.h:66->firmware/nnet_utils/nnet_common.h:44->firmware/nnet_utils/nnet_common.h:46->firmware/nnet_utils/nnet_pooling_stream.h:21->firmware/nnet_utils/nnet_pooling_stream.h:68->firmware/nnet_utils/nnet_pooling_stream.h:115]   --->   Operation 160 'load' 'p_0_15_0_0_02356_load' <Predicate = true> <Delay = 0.00>
ST_3 : Operation 161 [1/1] (0.00ns)   --->   "%p_0_14_0_0_02318_load = load i16 %p_0_14_0_0_02318" [firmware/nnet_utils/nnet_common.h:66->firmware/nnet_utils/nnet_common.h:44->firmware/nnet_utils/nnet_common.h:46->firmware/nnet_utils/nnet_pooling_stream.h:21->firmware/nnet_utils/nnet_pooling_stream.h:68->firmware/nnet_utils/nnet_pooling_stream.h:115]   --->   Operation 161 'load' 'p_0_14_0_0_02318_load' <Predicate = true> <Delay = 0.00>
ST_3 : Operation 162 [1/1] (0.00ns)   --->   "%p_0_13_0_0_022710_load = load i16 %p_0_13_0_0_022710" [firmware/nnet_utils/nnet_common.h:66->firmware/nnet_utils/nnet_common.h:44->firmware/nnet_utils/nnet_common.h:46->firmware/nnet_utils/nnet_pooling_stream.h:21->firmware/nnet_utils/nnet_pooling_stream.h:68->firmware/nnet_utils/nnet_pooling_stream.h:115]   --->   Operation 162 'load' 'p_0_13_0_0_022710_load' <Predicate = true> <Delay = 0.00>
ST_3 : Operation 163 [1/1] (0.00ns)   --->   "%p_0_12_0_0_022312_load = load i16 %p_0_12_0_0_022312" [firmware/nnet_utils/nnet_common.h:66->firmware/nnet_utils/nnet_common.h:44->firmware/nnet_utils/nnet_common.h:46->firmware/nnet_utils/nnet_pooling_stream.h:21->firmware/nnet_utils/nnet_pooling_stream.h:68->firmware/nnet_utils/nnet_pooling_stream.h:115]   --->   Operation 163 'load' 'p_0_12_0_0_022312_load' <Predicate = true> <Delay = 0.00>
ST_3 : Operation 164 [1/1] (0.00ns)   --->   "%p_0_11_0_0_021914_load = load i16 %p_0_11_0_0_021914" [firmware/nnet_utils/nnet_common.h:66->firmware/nnet_utils/nnet_common.h:44->firmware/nnet_utils/nnet_common.h:46->firmware/nnet_utils/nnet_pooling_stream.h:21->firmware/nnet_utils/nnet_pooling_stream.h:68->firmware/nnet_utils/nnet_pooling_stream.h:115]   --->   Operation 164 'load' 'p_0_11_0_0_021914_load' <Predicate = true> <Delay = 0.00>
ST_3 : Operation 165 [1/1] (0.00ns)   --->   "%p_0_10_0_0_021516_load = load i16 %p_0_10_0_0_021516" [firmware/nnet_utils/nnet_common.h:66->firmware/nnet_utils/nnet_common.h:44->firmware/nnet_utils/nnet_common.h:46->firmware/nnet_utils/nnet_pooling_stream.h:21->firmware/nnet_utils/nnet_pooling_stream.h:68->firmware/nnet_utils/nnet_pooling_stream.h:115]   --->   Operation 165 'load' 'p_0_10_0_0_021516_load' <Predicate = true> <Delay = 0.00>
ST_3 : Operation 166 [1/1] (0.00ns)   --->   "%p_0_9_0_0_021118_load = load i16 %p_0_9_0_0_021118" [firmware/nnet_utils/nnet_common.h:66->firmware/nnet_utils/nnet_common.h:44->firmware/nnet_utils/nnet_common.h:46->firmware/nnet_utils/nnet_pooling_stream.h:21->firmware/nnet_utils/nnet_pooling_stream.h:68->firmware/nnet_utils/nnet_pooling_stream.h:115]   --->   Operation 166 'load' 'p_0_9_0_0_021118_load' <Predicate = true> <Delay = 0.00>
ST_3 : Operation 167 [1/1] (0.00ns)   --->   "%p_0_8_0_0_020720_load = load i16 %p_0_8_0_0_020720" [firmware/nnet_utils/nnet_common.h:66->firmware/nnet_utils/nnet_common.h:44->firmware/nnet_utils/nnet_common.h:46->firmware/nnet_utils/nnet_pooling_stream.h:21->firmware/nnet_utils/nnet_pooling_stream.h:68->firmware/nnet_utils/nnet_pooling_stream.h:115]   --->   Operation 167 'load' 'p_0_8_0_0_020720_load' <Predicate = true> <Delay = 0.00>
ST_3 : Operation 168 [1/1] (0.00ns)   --->   "%p_0_7_0_0_020322_load = load i16 %p_0_7_0_0_020322" [firmware/nnet_utils/nnet_common.h:66->firmware/nnet_utils/nnet_common.h:44->firmware/nnet_utils/nnet_common.h:46->firmware/nnet_utils/nnet_pooling_stream.h:21->firmware/nnet_utils/nnet_pooling_stream.h:68->firmware/nnet_utils/nnet_pooling_stream.h:115]   --->   Operation 168 'load' 'p_0_7_0_0_020322_load' <Predicate = true> <Delay = 0.00>
ST_3 : Operation 169 [1/1] (0.00ns)   --->   "%p_0_6_0_0_019924_load = load i16 %p_0_6_0_0_019924" [firmware/nnet_utils/nnet_common.h:66->firmware/nnet_utils/nnet_common.h:44->firmware/nnet_utils/nnet_common.h:46->firmware/nnet_utils/nnet_pooling_stream.h:21->firmware/nnet_utils/nnet_pooling_stream.h:68->firmware/nnet_utils/nnet_pooling_stream.h:115]   --->   Operation 169 'load' 'p_0_6_0_0_019924_load' <Predicate = true> <Delay = 0.00>
ST_3 : Operation 170 [1/1] (0.00ns)   --->   "%p_0_5_0_0_019526_load = load i16 %p_0_5_0_0_019526" [firmware/nnet_utils/nnet_common.h:66->firmware/nnet_utils/nnet_common.h:44->firmware/nnet_utils/nnet_common.h:46->firmware/nnet_utils/nnet_pooling_stream.h:21->firmware/nnet_utils/nnet_pooling_stream.h:68->firmware/nnet_utils/nnet_pooling_stream.h:115]   --->   Operation 170 'load' 'p_0_5_0_0_019526_load' <Predicate = true> <Delay = 0.00>
ST_3 : Operation 171 [1/1] (0.00ns)   --->   "%p_0_4_0_0_019128_load = load i16 %p_0_4_0_0_019128" [firmware/nnet_utils/nnet_common.h:66->firmware/nnet_utils/nnet_common.h:44->firmware/nnet_utils/nnet_common.h:46->firmware/nnet_utils/nnet_pooling_stream.h:21->firmware/nnet_utils/nnet_pooling_stream.h:68->firmware/nnet_utils/nnet_pooling_stream.h:115]   --->   Operation 171 'load' 'p_0_4_0_0_019128_load' <Predicate = true> <Delay = 0.00>
ST_3 : Operation 172 [1/1] (0.00ns)   --->   "%p_0_3_0_0_018730_load = load i16 %p_0_3_0_0_018730" [firmware/nnet_utils/nnet_common.h:66->firmware/nnet_utils/nnet_common.h:44->firmware/nnet_utils/nnet_common.h:46->firmware/nnet_utils/nnet_pooling_stream.h:21->firmware/nnet_utils/nnet_pooling_stream.h:68->firmware/nnet_utils/nnet_pooling_stream.h:115]   --->   Operation 172 'load' 'p_0_3_0_0_018730_load' <Predicate = true> <Delay = 0.00>
ST_3 : Operation 173 [1/1] (0.00ns)   --->   "%p_0_2_0_0_018332_load = load i16 %p_0_2_0_0_018332" [firmware/nnet_utils/nnet_common.h:66->firmware/nnet_utils/nnet_common.h:44->firmware/nnet_utils/nnet_common.h:46->firmware/nnet_utils/nnet_pooling_stream.h:21->firmware/nnet_utils/nnet_pooling_stream.h:68->firmware/nnet_utils/nnet_pooling_stream.h:115]   --->   Operation 173 'load' 'p_0_2_0_0_018332_load' <Predicate = true> <Delay = 0.00>
ST_3 : Operation 174 [1/1] (0.00ns)   --->   "%p_0_1_0_0_017934_load = load i16 %p_0_1_0_0_017934" [firmware/nnet_utils/nnet_common.h:66->firmware/nnet_utils/nnet_common.h:44->firmware/nnet_utils/nnet_common.h:46->firmware/nnet_utils/nnet_pooling_stream.h:21->firmware/nnet_utils/nnet_pooling_stream.h:68->firmware/nnet_utils/nnet_pooling_stream.h:115]   --->   Operation 174 'load' 'p_0_1_0_0_017934_load' <Predicate = true> <Delay = 0.00>
ST_3 : Operation 175 [1/1] (0.00ns)   --->   "%p_0_15_0_0_012569_load = load i16 %p_0_15_0_0_012569" [firmware/nnet_utils/nnet_pooling_stream.h:109]   --->   Operation 175 'load' 'p_0_15_0_0_012569_load' <Predicate = true> <Delay = 0.00>
ST_3 : Operation 176 [1/1] (0.00ns)   --->   "%p_0_14_0_0_012370_load = load i16 %p_0_14_0_0_012370" [firmware/nnet_utils/nnet_pooling_stream.h:109]   --->   Operation 176 'load' 'p_0_14_0_0_012370_load' <Predicate = true> <Delay = 0.00>
ST_3 : Operation 177 [1/1] (0.00ns)   --->   "%p_0_13_0_0_012171_load = load i16 %p_0_13_0_0_012171" [firmware/nnet_utils/nnet_pooling_stream.h:109]   --->   Operation 177 'load' 'p_0_13_0_0_012171_load' <Predicate = true> <Delay = 0.00>
ST_3 : Operation 178 [1/1] (0.00ns)   --->   "%p_0_12_0_0_011972_load = load i16 %p_0_12_0_0_011972" [firmware/nnet_utils/nnet_pooling_stream.h:109]   --->   Operation 178 'load' 'p_0_12_0_0_011972_load' <Predicate = true> <Delay = 0.00>
ST_3 : Operation 179 [1/1] (0.00ns)   --->   "%p_0_11_0_0_011773_load = load i16 %p_0_11_0_0_011773" [firmware/nnet_utils/nnet_pooling_stream.h:109]   --->   Operation 179 'load' 'p_0_11_0_0_011773_load' <Predicate = true> <Delay = 0.00>
ST_3 : Operation 180 [1/1] (0.00ns)   --->   "%p_0_10_0_0_011574_load = load i16 %p_0_10_0_0_011574" [firmware/nnet_utils/nnet_pooling_stream.h:109]   --->   Operation 180 'load' 'p_0_10_0_0_011574_load' <Predicate = true> <Delay = 0.00>
ST_3 : Operation 181 [1/1] (0.00ns)   --->   "%p_0_9_0_0_011375_load = load i16 %p_0_9_0_0_011375" [firmware/nnet_utils/nnet_pooling_stream.h:109]   --->   Operation 181 'load' 'p_0_9_0_0_011375_load' <Predicate = true> <Delay = 0.00>
ST_3 : Operation 182 [1/1] (0.00ns)   --->   "%p_0_8_0_0_011176_load = load i16 %p_0_8_0_0_011176" [firmware/nnet_utils/nnet_pooling_stream.h:109]   --->   Operation 182 'load' 'p_0_8_0_0_011176_load' <Predicate = true> <Delay = 0.00>
ST_3 : Operation 183 [1/1] (0.00ns)   --->   "%p_0_7_0_0_010977_load = load i16 %p_0_7_0_0_010977" [firmware/nnet_utils/nnet_pooling_stream.h:109]   --->   Operation 183 'load' 'p_0_7_0_0_010977_load' <Predicate = true> <Delay = 0.00>
ST_3 : Operation 184 [1/1] (0.00ns)   --->   "%p_0_6_0_0_010778_load = load i16 %p_0_6_0_0_010778" [firmware/nnet_utils/nnet_pooling_stream.h:109]   --->   Operation 184 'load' 'p_0_6_0_0_010778_load' <Predicate = true> <Delay = 0.00>
ST_3 : Operation 185 [1/1] (0.00ns)   --->   "%p_0_5_0_0_010579_load = load i16 %p_0_5_0_0_010579" [firmware/nnet_utils/nnet_pooling_stream.h:109]   --->   Operation 185 'load' 'p_0_5_0_0_010579_load' <Predicate = true> <Delay = 0.00>
ST_3 : Operation 186 [1/1] (0.00ns)   --->   "%p_0_4_0_0_010380_load = load i16 %p_0_4_0_0_010380" [firmware/nnet_utils/nnet_pooling_stream.h:109]   --->   Operation 186 'load' 'p_0_4_0_0_010380_load' <Predicate = true> <Delay = 0.00>
ST_3 : Operation 187 [1/1] (0.00ns)   --->   "%p_0_3_0_0_010181_load = load i16 %p_0_3_0_0_010181" [firmware/nnet_utils/nnet_pooling_stream.h:109]   --->   Operation 187 'load' 'p_0_3_0_0_010181_load' <Predicate = true> <Delay = 0.00>
ST_3 : Operation 188 [1/1] (0.00ns)   --->   "%p_0_2_0_0_09982_load = load i16 %p_0_2_0_0_09982" [firmware/nnet_utils/nnet_pooling_stream.h:109]   --->   Operation 188 'load' 'p_0_2_0_0_09982_load' <Predicate = true> <Delay = 0.00>
ST_3 : Operation 189 [1/1] (0.00ns)   --->   "%p_0_1_0_0_09783_load = load i16 %p_0_1_0_0_09783" [firmware/nnet_utils/nnet_pooling_stream.h:109]   --->   Operation 189 'load' 'p_0_1_0_0_09783_load' <Predicate = true> <Delay = 0.00>
ST_3 : Operation 190 [1/1] (1.29ns)   --->   "%select_ln109 = select i1 %icmp_ln11186, i16 %p_0_15_0_0_02356_load, i16 %p_0_15_0_0_012569_load" [firmware/nnet_utils/nnet_pooling_stream.h:109]   --->   Operation 190 'select' 'select_ln109' <Predicate = true> <Delay = 1.29> <CoreInst = "Sel">   --->   Core 73 'Sel' <Latency = 0> <II = 1> <Delay = 1.29> <FuncUnit> <Opcode : 'select'> <InPorts = 3> <OutPorts = 1>
ST_3 : Operation 191 [1/1] (1.29ns)   --->   "%select_ln109_7 = select i1 %icmp_ln11186, i16 %p_0_14_0_0_02318_load, i16 %p_0_14_0_0_012370_load" [firmware/nnet_utils/nnet_pooling_stream.h:109]   --->   Operation 191 'select' 'select_ln109_7' <Predicate = true> <Delay = 1.29> <CoreInst = "Sel">   --->   Core 73 'Sel' <Latency = 0> <II = 1> <Delay = 1.29> <FuncUnit> <Opcode : 'select'> <InPorts = 3> <OutPorts = 1>
ST_3 : Operation 192 [1/1] (1.29ns)   --->   "%select_ln109_8 = select i1 %icmp_ln11186, i16 %p_0_13_0_0_022710_load, i16 %p_0_13_0_0_012171_load" [firmware/nnet_utils/nnet_pooling_stream.h:109]   --->   Operation 192 'select' 'select_ln109_8' <Predicate = true> <Delay = 1.29> <CoreInst = "Sel">   --->   Core 73 'Sel' <Latency = 0> <II = 1> <Delay = 1.29> <FuncUnit> <Opcode : 'select'> <InPorts = 3> <OutPorts = 1>
ST_3 : Operation 193 [1/1] (1.29ns)   --->   "%select_ln109_9 = select i1 %icmp_ln11186, i16 %p_0_12_0_0_022312_load, i16 %p_0_12_0_0_011972_load" [firmware/nnet_utils/nnet_pooling_stream.h:109]   --->   Operation 193 'select' 'select_ln109_9' <Predicate = true> <Delay = 1.29> <CoreInst = "Sel">   --->   Core 73 'Sel' <Latency = 0> <II = 1> <Delay = 1.29> <FuncUnit> <Opcode : 'select'> <InPorts = 3> <OutPorts = 1>
ST_3 : Operation 194 [1/1] (1.29ns)   --->   "%select_ln109_10 = select i1 %icmp_ln11186, i16 %p_0_11_0_0_021914_load, i16 %p_0_11_0_0_011773_load" [firmware/nnet_utils/nnet_pooling_stream.h:109]   --->   Operation 194 'select' 'select_ln109_10' <Predicate = true> <Delay = 1.29> <CoreInst = "Sel">   --->   Core 73 'Sel' <Latency = 0> <II = 1> <Delay = 1.29> <FuncUnit> <Opcode : 'select'> <InPorts = 3> <OutPorts = 1>
ST_3 : Operation 195 [1/1] (1.29ns)   --->   "%select_ln109_11 = select i1 %icmp_ln11186, i16 %p_0_10_0_0_021516_load, i16 %p_0_10_0_0_011574_load" [firmware/nnet_utils/nnet_pooling_stream.h:109]   --->   Operation 195 'select' 'select_ln109_11' <Predicate = true> <Delay = 1.29> <CoreInst = "Sel">   --->   Core 73 'Sel' <Latency = 0> <II = 1> <Delay = 1.29> <FuncUnit> <Opcode : 'select'> <InPorts = 3> <OutPorts = 1>
ST_3 : Operation 196 [1/1] (1.29ns)   --->   "%select_ln109_12 = select i1 %icmp_ln11186, i16 %p_0_9_0_0_021118_load, i16 %p_0_9_0_0_011375_load" [firmware/nnet_utils/nnet_pooling_stream.h:109]   --->   Operation 196 'select' 'select_ln109_12' <Predicate = true> <Delay = 1.29> <CoreInst = "Sel">   --->   Core 73 'Sel' <Latency = 0> <II = 1> <Delay = 1.29> <FuncUnit> <Opcode : 'select'> <InPorts = 3> <OutPorts = 1>
ST_3 : Operation 197 [1/1] (1.29ns)   --->   "%select_ln109_13 = select i1 %icmp_ln11186, i16 %p_0_8_0_0_020720_load, i16 %p_0_8_0_0_011176_load" [firmware/nnet_utils/nnet_pooling_stream.h:109]   --->   Operation 197 'select' 'select_ln109_13' <Predicate = true> <Delay = 1.29> <CoreInst = "Sel">   --->   Core 73 'Sel' <Latency = 0> <II = 1> <Delay = 1.29> <FuncUnit> <Opcode : 'select'> <InPorts = 3> <OutPorts = 1>
ST_3 : Operation 198 [1/1] (1.29ns)   --->   "%select_ln109_14 = select i1 %icmp_ln11186, i16 %p_0_7_0_0_020322_load, i16 %p_0_7_0_0_010977_load" [firmware/nnet_utils/nnet_pooling_stream.h:109]   --->   Operation 198 'select' 'select_ln109_14' <Predicate = true> <Delay = 1.29> <CoreInst = "Sel">   --->   Core 73 'Sel' <Latency = 0> <II = 1> <Delay = 1.29> <FuncUnit> <Opcode : 'select'> <InPorts = 3> <OutPorts = 1>
ST_3 : Operation 199 [1/1] (1.29ns)   --->   "%select_ln109_15 = select i1 %icmp_ln11186, i16 %p_0_6_0_0_019924_load, i16 %p_0_6_0_0_010778_load" [firmware/nnet_utils/nnet_pooling_stream.h:109]   --->   Operation 199 'select' 'select_ln109_15' <Predicate = true> <Delay = 1.29> <CoreInst = "Sel">   --->   Core 73 'Sel' <Latency = 0> <II = 1> <Delay = 1.29> <FuncUnit> <Opcode : 'select'> <InPorts = 3> <OutPorts = 1>
ST_3 : Operation 200 [1/1] (1.29ns)   --->   "%select_ln109_16 = select i1 %icmp_ln11186, i16 %p_0_5_0_0_019526_load, i16 %p_0_5_0_0_010579_load" [firmware/nnet_utils/nnet_pooling_stream.h:109]   --->   Operation 200 'select' 'select_ln109_16' <Predicate = true> <Delay = 1.29> <CoreInst = "Sel">   --->   Core 73 'Sel' <Latency = 0> <II = 1> <Delay = 1.29> <FuncUnit> <Opcode : 'select'> <InPorts = 3> <OutPorts = 1>
ST_3 : Operation 201 [1/1] (1.29ns)   --->   "%select_ln109_17 = select i1 %icmp_ln11186, i16 %p_0_4_0_0_019128_load, i16 %p_0_4_0_0_010380_load" [firmware/nnet_utils/nnet_pooling_stream.h:109]   --->   Operation 201 'select' 'select_ln109_17' <Predicate = true> <Delay = 1.29> <CoreInst = "Sel">   --->   Core 73 'Sel' <Latency = 0> <II = 1> <Delay = 1.29> <FuncUnit> <Opcode : 'select'> <InPorts = 3> <OutPorts = 1>
ST_3 : Operation 202 [1/1] (1.29ns)   --->   "%select_ln109_18 = select i1 %icmp_ln11186, i16 %p_0_3_0_0_018730_load, i16 %p_0_3_0_0_010181_load" [firmware/nnet_utils/nnet_pooling_stream.h:109]   --->   Operation 202 'select' 'select_ln109_18' <Predicate = true> <Delay = 1.29> <CoreInst = "Sel">   --->   Core 73 'Sel' <Latency = 0> <II = 1> <Delay = 1.29> <FuncUnit> <Opcode : 'select'> <InPorts = 3> <OutPorts = 1>
ST_3 : Operation 203 [1/1] (1.29ns)   --->   "%select_ln109_19 = select i1 %icmp_ln11186, i16 %p_0_2_0_0_018332_load, i16 %p_0_2_0_0_09982_load" [firmware/nnet_utils/nnet_pooling_stream.h:109]   --->   Operation 203 'select' 'select_ln109_19' <Predicate = true> <Delay = 1.29> <CoreInst = "Sel">   --->   Core 73 'Sel' <Latency = 0> <II = 1> <Delay = 1.29> <FuncUnit> <Opcode : 'select'> <InPorts = 3> <OutPorts = 1>
ST_3 : Operation 204 [1/1] (1.29ns)   --->   "%select_ln109_20 = select i1 %icmp_ln11186, i16 %p_0_1_0_0_017934_load, i16 %p_0_1_0_0_09783_load" [firmware/nnet_utils/nnet_pooling_stream.h:109]   --->   Operation 204 'select' 'select_ln109_20' <Predicate = true> <Delay = 1.29> <CoreInst = "Sel">   --->   Core 73 'Sel' <Latency = 0> <II = 1> <Delay = 1.29> <FuncUnit> <Opcode : 'select'> <InPorts = 3> <OutPorts = 1>
ST_3 : Operation 205 [1/1] ( I:1.82ns O:1.82ns )   --->   "%layer15_out_read = read i256 @_ssdm_op_Read.ap_fifo.volatile.i256P0A, i256 %layer15_out" [firmware/nnet_utils/nnet_pooling_stream.h:115]   --->   Operation 205 'read' 'layer15_out_read' <Predicate = true> <Delay = 1.82> <CoreInst = "FIFO">   --->   Core 77 'FIFO' <Latency = 0> <II = 1> <Delay = 3.74> <Storage> <Opcode : 'read' 'write' 'nbread' 'nbwrite'> <Ports = 0> <Width = 256> <Depth = 121> <FIFO>
ST_3 : Operation 206 [1/1] (0.00ns)   --->   "%trunc_ln115 = trunc i256 %layer15_out_read" [firmware/nnet_utils/nnet_pooling_stream.h:115]   --->   Operation 206 'trunc' 'trunc_ln115' <Predicate = true> <Delay = 0.00>
ST_3 : Operation 207 [1/1] (0.00ns)   --->   "%trunc_ln115_1 = partselect i16 @_ssdm_op_PartSelect.i16.i256.i32.i32, i256 %layer15_out_read, i32 16, i32 31" [firmware/nnet_utils/nnet_pooling_stream.h:115]   --->   Operation 207 'partselect' 'trunc_ln115_1' <Predicate = true> <Delay = 0.00>
ST_3 : Operation 208 [1/1] (0.00ns)   --->   "%trunc_ln115_2 = partselect i16 @_ssdm_op_PartSelect.i16.i256.i32.i32, i256 %layer15_out_read, i32 32, i32 47" [firmware/nnet_utils/nnet_pooling_stream.h:115]   --->   Operation 208 'partselect' 'trunc_ln115_2' <Predicate = true> <Delay = 0.00>
ST_3 : Operation 209 [1/1] (0.00ns)   --->   "%trunc_ln115_3 = partselect i16 @_ssdm_op_PartSelect.i16.i256.i32.i32, i256 %layer15_out_read, i32 48, i32 63" [firmware/nnet_utils/nnet_pooling_stream.h:115]   --->   Operation 209 'partselect' 'trunc_ln115_3' <Predicate = true> <Delay = 0.00>
ST_3 : Operation 210 [1/1] (0.00ns)   --->   "%trunc_ln115_4 = partselect i16 @_ssdm_op_PartSelect.i16.i256.i32.i32, i256 %layer15_out_read, i32 64, i32 79" [firmware/nnet_utils/nnet_pooling_stream.h:115]   --->   Operation 210 'partselect' 'trunc_ln115_4' <Predicate = true> <Delay = 0.00>
ST_3 : Operation 211 [1/1] (0.00ns)   --->   "%trunc_ln115_5 = partselect i16 @_ssdm_op_PartSelect.i16.i256.i32.i32, i256 %layer15_out_read, i32 80, i32 95" [firmware/nnet_utils/nnet_pooling_stream.h:115]   --->   Operation 211 'partselect' 'trunc_ln115_5' <Predicate = true> <Delay = 0.00>
ST_3 : Operation 212 [1/1] (0.00ns)   --->   "%trunc_ln115_6 = partselect i16 @_ssdm_op_PartSelect.i16.i256.i32.i32, i256 %layer15_out_read, i32 96, i32 111" [firmware/nnet_utils/nnet_pooling_stream.h:115]   --->   Operation 212 'partselect' 'trunc_ln115_6' <Predicate = true> <Delay = 0.00>
ST_3 : Operation 213 [1/1] (0.00ns)   --->   "%trunc_ln115_7 = partselect i16 @_ssdm_op_PartSelect.i16.i256.i32.i32, i256 %layer15_out_read, i32 112, i32 127" [firmware/nnet_utils/nnet_pooling_stream.h:115]   --->   Operation 213 'partselect' 'trunc_ln115_7' <Predicate = true> <Delay = 0.00>
ST_3 : Operation 214 [1/1] (0.00ns)   --->   "%trunc_ln115_8 = partselect i16 @_ssdm_op_PartSelect.i16.i256.i32.i32, i256 %layer15_out_read, i32 128, i32 143" [firmware/nnet_utils/nnet_pooling_stream.h:115]   --->   Operation 214 'partselect' 'trunc_ln115_8' <Predicate = true> <Delay = 0.00>
ST_3 : Operation 215 [1/1] (0.00ns)   --->   "%trunc_ln115_9 = partselect i16 @_ssdm_op_PartSelect.i16.i256.i32.i32, i256 %layer15_out_read, i32 144, i32 159" [firmware/nnet_utils/nnet_pooling_stream.h:115]   --->   Operation 215 'partselect' 'trunc_ln115_9' <Predicate = true> <Delay = 0.00>
ST_3 : Operation 216 [1/1] (0.00ns)   --->   "%trunc_ln115_s = partselect i16 @_ssdm_op_PartSelect.i16.i256.i32.i32, i256 %layer15_out_read, i32 160, i32 175" [firmware/nnet_utils/nnet_pooling_stream.h:115]   --->   Operation 216 'partselect' 'trunc_ln115_s' <Predicate = true> <Delay = 0.00>
ST_3 : Operation 217 [1/1] (0.00ns)   --->   "%trunc_ln115_10 = partselect i16 @_ssdm_op_PartSelect.i16.i256.i32.i32, i256 %layer15_out_read, i32 176, i32 191" [firmware/nnet_utils/nnet_pooling_stream.h:115]   --->   Operation 217 'partselect' 'trunc_ln115_10' <Predicate = true> <Delay = 0.00>
ST_3 : Operation 218 [1/1] (0.00ns)   --->   "%trunc_ln115_11 = partselect i16 @_ssdm_op_PartSelect.i16.i256.i32.i32, i256 %layer15_out_read, i32 192, i32 207" [firmware/nnet_utils/nnet_pooling_stream.h:115]   --->   Operation 218 'partselect' 'trunc_ln115_11' <Predicate = true> <Delay = 0.00>
ST_3 : Operation 219 [1/1] (0.00ns)   --->   "%trunc_ln115_12 = partselect i16 @_ssdm_op_PartSelect.i16.i256.i32.i32, i256 %layer15_out_read, i32 208, i32 223" [firmware/nnet_utils/nnet_pooling_stream.h:115]   --->   Operation 219 'partselect' 'trunc_ln115_12' <Predicate = true> <Delay = 0.00>
ST_3 : Operation 220 [1/1] (0.00ns)   --->   "%trunc_ln115_13 = partselect i16 @_ssdm_op_PartSelect.i16.i256.i32.i32, i256 %layer15_out_read, i32 224, i32 239" [firmware/nnet_utils/nnet_pooling_stream.h:115]   --->   Operation 220 'partselect' 'trunc_ln115_13' <Predicate = true> <Delay = 0.00>
ST_3 : Operation 221 [1/1] (0.00ns)   --->   "%trunc_ln115_14 = partselect i16 @_ssdm_op_PartSelect.i16.i256.i32.i32, i256 %layer15_out_read, i32 240, i32 255" [firmware/nnet_utils/nnet_pooling_stream.h:115]   --->   Operation 221 'partselect' 'trunc_ln115_14' <Predicate = true> <Delay = 0.00>
ST_3 : Operation 222 [1/1] (0.00ns)   --->   "%sX_1_load = load i32 %sX_1" [firmware/nnet_utils/nnet_pooling_stream.h:55->firmware/nnet_utils/nnet_pooling_stream.h:115]   --->   Operation 222 'load' 'sX_1_load' <Predicate = true> <Delay = 0.00>
ST_3 : Operation 223 [1/1] (2.70ns)   --->   "%icmp_ln55 = icmp_eq  i32 %sX_1_load, i32 1" [firmware/nnet_utils/nnet_pooling_stream.h:55->firmware/nnet_utils/nnet_pooling_stream.h:115]   --->   Operation 223 'icmp' 'icmp_ln55' <Predicate = true> <Delay = 2.70> <CoreInst = "Cmp">   --->   Core 9 'Cmp' <Latency = 0> <II = 1> <Delay = 2.70> <FuncUnit> <Opcode : 'seteq' 'setne' 'setle' 'setge' 'setlt' 'setgt'> <InPorts = 2> <OutPorts = 1>
ST_3 : Operation 224 [1/1] (0.00ns)   --->   "%br_ln55 = br i1 %icmp_ln55, void %if.end.i, void %land.lhs.true.i" [firmware/nnet_utils/nnet_pooling_stream.h:55->firmware/nnet_utils/nnet_pooling_stream.h:115]   --->   Operation 224 'br' 'br_ln55' <Predicate = true> <Delay = 0.00>
ST_3 : Operation 225 [1/1] (0.00ns)   --->   "%sY_1_load = load i32 %sY_1" [firmware/nnet_utils/nnet_pooling_stream.h:55->firmware/nnet_utils/nnet_pooling_stream.h:115]   --->   Operation 225 'load' 'sY_1_load' <Predicate = (icmp_ln55)> <Delay = 0.00>
ST_3 : Operation 226 [1/1] (2.70ns)   --->   "%icmp_ln55_4 = icmp_eq  i32 %sY_1_load, i32 1" [firmware/nnet_utils/nnet_pooling_stream.h:55->firmware/nnet_utils/nnet_pooling_stream.h:115]   --->   Operation 226 'icmp' 'icmp_ln55_4' <Predicate = (icmp_ln55)> <Delay = 2.70> <CoreInst = "Cmp">   --->   Core 9 'Cmp' <Latency = 0> <II = 1> <Delay = 2.70> <FuncUnit> <Opcode : 'seteq' 'setne' 'setle' 'setge' 'setlt' 'setgt'> <InPorts = 2> <OutPorts = 1>
ST_3 : Operation 227 [1/1] (0.00ns)   --->   "%pY_1_load = load i32 %pY_1" [firmware/nnet_utils/nnet_pooling_stream.h:55->firmware/nnet_utils/nnet_pooling_stream.h:115]   --->   Operation 227 'load' 'pY_1_load' <Predicate = (icmp_ln55)> <Delay = 0.00>
ST_3 : Operation 228 [1/1] (2.70ns)   --->   "%icmp_ln55_5 = icmp_sgt  i32 %pY_1_load, i32 0" [firmware/nnet_utils/nnet_pooling_stream.h:55->firmware/nnet_utils/nnet_pooling_stream.h:115]   --->   Operation 228 'icmp' 'icmp_ln55_5' <Predicate = (icmp_ln55)> <Delay = 2.70> <CoreInst = "Cmp">   --->   Core 9 'Cmp' <Latency = 0> <II = 1> <Delay = 2.70> <FuncUnit> <Opcode : 'seteq' 'setne' 'setle' 'setge' 'setlt' 'setgt'> <InPorts = 2> <OutPorts = 1>
ST_3 : Operation 229 [1/1] (2.70ns)   --->   "%icmp_ln55_6 = icmp_sgt  i32 %pX_1_load, i32 0" [firmware/nnet_utils/nnet_pooling_stream.h:55->firmware/nnet_utils/nnet_pooling_stream.h:115]   --->   Operation 229 'icmp' 'icmp_ln55_6' <Predicate = (icmp_ln55)> <Delay = 2.70> <CoreInst = "Cmp">   --->   Core 9 'Cmp' <Latency = 0> <II = 1> <Delay = 2.70> <FuncUnit> <Opcode : 'seteq' 'setne' 'setle' 'setge' 'setlt' 'setgt'> <InPorts = 2> <OutPorts = 1>
ST_3 : Operation 230 [1/1] (2.70ns)   --->   "%icmp_ln76 = icmp_eq  i32 %add_ln76, i32 11" [firmware/nnet_utils/nnet_pooling_stream.h:76->firmware/nnet_utils/nnet_pooling_stream.h:115]   --->   Operation 230 'icmp' 'icmp_ln76' <Predicate = true> <Delay = 2.70> <CoreInst = "Cmp">   --->   Core 9 'Cmp' <Latency = 0> <II = 1> <Delay = 2.70> <FuncUnit> <Opcode : 'seteq' 'setne' 'setle' 'setge' 'setlt' 'setgt'> <InPorts = 2> <OutPorts = 1>
ST_3 : Operation 231 [1/1] (0.00ns)   --->   "%br_ln76 = br i1 %icmp_ln76, void %if.else30.i, void %if.then19.i" [firmware/nnet_utils/nnet_pooling_stream.h:76->firmware/nnet_utils/nnet_pooling_stream.h:115]   --->   Operation 231 'br' 'br_ln76' <Predicate = true> <Delay = 0.00>
ST_3 : Operation 232 [1/1] (2.70ns)   --->   "%add_ln91 = add i32 %sX_1_load, i32 1" [firmware/nnet_utils/nnet_pooling_stream.h:91->firmware/nnet_utils/nnet_pooling_stream.h:115]   --->   Operation 232 'add' 'add_ln91' <Predicate = (!icmp_ln76)> <Delay = 2.70> <CoreInst = "Adder">   --->   Core 1 'Adder' <Latency = 0> <II = 1> <Delay = 2.70> <FuncUnit> <Opcode : 'add' 'sub'> <InPorts = 2> <OutPorts = 1>
ST_3 : Operation 233 [1/1] (0.79ns)   --->   "%select_ln91 = select i1 %icmp_ln55, i32 0, i32 %add_ln91" [firmware/nnet_utils/nnet_pooling_stream.h:91->firmware/nnet_utils/nnet_pooling_stream.h:115]   --->   Operation 233 'select' 'select_ln91' <Predicate = (!icmp_ln76)> <Delay = 0.79> <CoreInst = "Sel">   --->   Core 73 'Sel' <Latency = 0> <II = 1> <Delay = 0.79> <FuncUnit> <Opcode : 'select'> <InPorts = 3> <OutPorts = 1>
ST_3 : Operation 234 [1/1] (0.00ns)   --->   "%pY_1_load_1 = load i32 %pY_1" [firmware/nnet_utils/nnet_pooling_stream.h:80->firmware/nnet_utils/nnet_pooling_stream.h:115]   --->   Operation 234 'load' 'pY_1_load_1' <Predicate = (icmp_ln76)> <Delay = 0.00>
ST_3 : Operation 235 [1/1] (2.70ns)   --->   "%add_ln80 = add i32 %pY_1_load_1, i32 1" [firmware/nnet_utils/nnet_pooling_stream.h:80->firmware/nnet_utils/nnet_pooling_stream.h:115]   --->   Operation 235 'add' 'add_ln80' <Predicate = (icmp_ln76)> <Delay = 2.70> <CoreInst = "Adder">   --->   Core 1 'Adder' <Latency = 0> <II = 1> <Delay = 2.70> <FuncUnit> <Opcode : 'add' 'sub'> <InPorts = 2> <OutPorts = 1>
ST_3 : Operation 236 [1/1] (0.00ns)   --->   "%i_iw_load = load i4 %i_iw" [firmware/nnet_utils/nnet_pooling_stream.h:111]   --->   Operation 236 'load' 'i_iw_load' <Predicate = true> <Delay = 0.00>
ST_3 : Operation 237 [1/1] (1.77ns)   --->   "%add_ln111 = add i4 %i_iw_load, i4 1" [firmware/nnet_utils/nnet_pooling_stream.h:111]   --->   Operation 237 'add' 'add_ln111' <Predicate = true> <Delay = 1.77> <CoreInst = "Adder">   --->   Core 1 'Adder' <Latency = 0> <II = 1> <Delay = 1.77> <FuncUnit> <Opcode : 'add' 'sub'> <InPorts = 2> <OutPorts = 1>
ST_3 : Operation 238 [1/1] (0.99ns)   --->   "%i_iw_3 = select i1 %icmp_ln11186, i4 1, i4 %add_ln111" [firmware/nnet_utils/nnet_pooling_stream.h:111]   --->   Operation 238 'select' 'i_iw_3' <Predicate = true> <Delay = 0.99> <CoreInst = "Sel">   --->   Core 73 'Sel' <Latency = 0> <II = 1> <Delay = 0.99> <FuncUnit> <Opcode : 'select'> <InPorts = 3> <OutPorts = 1>
ST_3 : Operation 239 [1/1] (1.61ns)   --->   "%store_ln115 = store i16 %trunc_ln115_1, i16 %p_0_1_0_0_09783" [firmware/nnet_utils/nnet_pooling_stream.h:115]   --->   Operation 239 'store' 'store_ln115' <Predicate = true> <Delay = 1.61>
ST_3 : Operation 240 [1/1] (1.61ns)   --->   "%store_ln115 = store i16 %trunc_ln115_2, i16 %p_0_2_0_0_09982" [firmware/nnet_utils/nnet_pooling_stream.h:115]   --->   Operation 240 'store' 'store_ln115' <Predicate = true> <Delay = 1.61>
ST_3 : Operation 241 [1/1] (1.61ns)   --->   "%store_ln115 = store i16 %trunc_ln115_3, i16 %p_0_3_0_0_010181" [firmware/nnet_utils/nnet_pooling_stream.h:115]   --->   Operation 241 'store' 'store_ln115' <Predicate = true> <Delay = 1.61>
ST_3 : Operation 242 [1/1] (1.61ns)   --->   "%store_ln115 = store i16 %trunc_ln115_4, i16 %p_0_4_0_0_010380" [firmware/nnet_utils/nnet_pooling_stream.h:115]   --->   Operation 242 'store' 'store_ln115' <Predicate = true> <Delay = 1.61>
ST_3 : Operation 243 [1/1] (1.61ns)   --->   "%store_ln115 = store i16 %trunc_ln115_5, i16 %p_0_5_0_0_010579" [firmware/nnet_utils/nnet_pooling_stream.h:115]   --->   Operation 243 'store' 'store_ln115' <Predicate = true> <Delay = 1.61>
ST_3 : Operation 244 [1/1] (1.61ns)   --->   "%store_ln115 = store i16 %trunc_ln115_6, i16 %p_0_6_0_0_010778" [firmware/nnet_utils/nnet_pooling_stream.h:115]   --->   Operation 244 'store' 'store_ln115' <Predicate = true> <Delay = 1.61>
ST_3 : Operation 245 [1/1] (1.61ns)   --->   "%store_ln115 = store i16 %trunc_ln115_7, i16 %p_0_7_0_0_010977" [firmware/nnet_utils/nnet_pooling_stream.h:115]   --->   Operation 245 'store' 'store_ln115' <Predicate = true> <Delay = 1.61>
ST_3 : Operation 246 [1/1] (1.61ns)   --->   "%store_ln115 = store i16 %trunc_ln115_8, i16 %p_0_8_0_0_011176" [firmware/nnet_utils/nnet_pooling_stream.h:115]   --->   Operation 246 'store' 'store_ln115' <Predicate = true> <Delay = 1.61>
ST_3 : Operation 247 [1/1] (1.61ns)   --->   "%store_ln115 = store i16 %trunc_ln115_9, i16 %p_0_9_0_0_011375" [firmware/nnet_utils/nnet_pooling_stream.h:115]   --->   Operation 247 'store' 'store_ln115' <Predicate = true> <Delay = 1.61>
ST_3 : Operation 248 [1/1] (1.61ns)   --->   "%store_ln115 = store i16 %trunc_ln115_s, i16 %p_0_10_0_0_011574" [firmware/nnet_utils/nnet_pooling_stream.h:115]   --->   Operation 248 'store' 'store_ln115' <Predicate = true> <Delay = 1.61>
ST_3 : Operation 249 [1/1] (1.61ns)   --->   "%store_ln115 = store i16 %trunc_ln115_10, i16 %p_0_11_0_0_011773" [firmware/nnet_utils/nnet_pooling_stream.h:115]   --->   Operation 249 'store' 'store_ln115' <Predicate = true> <Delay = 1.61>
ST_3 : Operation 250 [1/1] (1.61ns)   --->   "%store_ln115 = store i16 %trunc_ln115_11, i16 %p_0_12_0_0_011972" [firmware/nnet_utils/nnet_pooling_stream.h:115]   --->   Operation 250 'store' 'store_ln115' <Predicate = true> <Delay = 1.61>
ST_3 : Operation 251 [1/1] (1.61ns)   --->   "%store_ln115 = store i16 %trunc_ln115_12, i16 %p_0_13_0_0_012171" [firmware/nnet_utils/nnet_pooling_stream.h:115]   --->   Operation 251 'store' 'store_ln115' <Predicate = true> <Delay = 1.61>
ST_3 : Operation 252 [1/1] (1.61ns)   --->   "%store_ln115 = store i16 %trunc_ln115_13, i16 %p_0_14_0_0_012370" [firmware/nnet_utils/nnet_pooling_stream.h:115]   --->   Operation 252 'store' 'store_ln115' <Predicate = true> <Delay = 1.61>
ST_3 : Operation 253 [1/1] (1.61ns)   --->   "%store_ln115 = store i16 %trunc_ln115_14, i16 %p_0_15_0_0_012569" [firmware/nnet_utils/nnet_pooling_stream.h:115]   --->   Operation 253 'store' 'store_ln115' <Predicate = true> <Delay = 1.61>
ST_3 : Operation 254 [1/1] (1.61ns)   --->   "%store_ln115 = store i16 %trunc_ln115_1, i16 %p_0_1_0_0_017934" [firmware/nnet_utils/nnet_pooling_stream.h:115]   --->   Operation 254 'store' 'store_ln115' <Predicate = true> <Delay = 1.61>
ST_3 : Operation 255 [1/1] (1.61ns)   --->   "%store_ln115 = store i16 %trunc_ln115_2, i16 %p_0_2_0_0_018332" [firmware/nnet_utils/nnet_pooling_stream.h:115]   --->   Operation 255 'store' 'store_ln115' <Predicate = true> <Delay = 1.61>
ST_3 : Operation 256 [1/1] (1.61ns)   --->   "%store_ln115 = store i16 %trunc_ln115_3, i16 %p_0_3_0_0_018730" [firmware/nnet_utils/nnet_pooling_stream.h:115]   --->   Operation 256 'store' 'store_ln115' <Predicate = true> <Delay = 1.61>
ST_3 : Operation 257 [1/1] (1.61ns)   --->   "%store_ln115 = store i16 %trunc_ln115_4, i16 %p_0_4_0_0_019128" [firmware/nnet_utils/nnet_pooling_stream.h:115]   --->   Operation 257 'store' 'store_ln115' <Predicate = true> <Delay = 1.61>
ST_3 : Operation 258 [1/1] (1.61ns)   --->   "%store_ln115 = store i16 %trunc_ln115_5, i16 %p_0_5_0_0_019526" [firmware/nnet_utils/nnet_pooling_stream.h:115]   --->   Operation 258 'store' 'store_ln115' <Predicate = true> <Delay = 1.61>
ST_3 : Operation 259 [1/1] (1.61ns)   --->   "%store_ln115 = store i16 %trunc_ln115_6, i16 %p_0_6_0_0_019924" [firmware/nnet_utils/nnet_pooling_stream.h:115]   --->   Operation 259 'store' 'store_ln115' <Predicate = true> <Delay = 1.61>
ST_3 : Operation 260 [1/1] (1.61ns)   --->   "%store_ln115 = store i16 %trunc_ln115_7, i16 %p_0_7_0_0_020322" [firmware/nnet_utils/nnet_pooling_stream.h:115]   --->   Operation 260 'store' 'store_ln115' <Predicate = true> <Delay = 1.61>
ST_3 : Operation 261 [1/1] (1.61ns)   --->   "%store_ln115 = store i16 %trunc_ln115_8, i16 %p_0_8_0_0_020720" [firmware/nnet_utils/nnet_pooling_stream.h:115]   --->   Operation 261 'store' 'store_ln115' <Predicate = true> <Delay = 1.61>
ST_3 : Operation 262 [1/1] (1.61ns)   --->   "%store_ln115 = store i16 %trunc_ln115_9, i16 %p_0_9_0_0_021118" [firmware/nnet_utils/nnet_pooling_stream.h:115]   --->   Operation 262 'store' 'store_ln115' <Predicate = true> <Delay = 1.61>
ST_3 : Operation 263 [1/1] (1.61ns)   --->   "%store_ln115 = store i16 %trunc_ln115_s, i16 %p_0_10_0_0_021516" [firmware/nnet_utils/nnet_pooling_stream.h:115]   --->   Operation 263 'store' 'store_ln115' <Predicate = true> <Delay = 1.61>
ST_3 : Operation 264 [1/1] (1.61ns)   --->   "%store_ln115 = store i16 %trunc_ln115_10, i16 %p_0_11_0_0_021914" [firmware/nnet_utils/nnet_pooling_stream.h:115]   --->   Operation 264 'store' 'store_ln115' <Predicate = true> <Delay = 1.61>
ST_3 : Operation 265 [1/1] (1.61ns)   --->   "%store_ln115 = store i16 %trunc_ln115_11, i16 %p_0_12_0_0_022312" [firmware/nnet_utils/nnet_pooling_stream.h:115]   --->   Operation 265 'store' 'store_ln115' <Predicate = true> <Delay = 1.61>
ST_3 : Operation 266 [1/1] (1.61ns)   --->   "%store_ln115 = store i16 %trunc_ln115_12, i16 %p_0_13_0_0_022710" [firmware/nnet_utils/nnet_pooling_stream.h:115]   --->   Operation 266 'store' 'store_ln115' <Predicate = true> <Delay = 1.61>
ST_3 : Operation 267 [1/1] (1.61ns)   --->   "%store_ln115 = store i16 %trunc_ln115_13, i16 %p_0_14_0_0_02318" [firmware/nnet_utils/nnet_pooling_stream.h:115]   --->   Operation 267 'store' 'store_ln115' <Predicate = true> <Delay = 1.61>
ST_3 : Operation 268 [1/1] (1.61ns)   --->   "%store_ln115 = store i16 %trunc_ln115_14, i16 %p_0_15_0_0_02356" [firmware/nnet_utils/nnet_pooling_stream.h:115]   --->   Operation 268 'store' 'store_ln115' <Predicate = true> <Delay = 1.61>

State 4 <SV = 3> <Delay = 3.64>
ST_4 : Operation 269 [1/1] (0.00ns)   --->   "%p_0_0_0_0_09584 = phi i16 %p_ZZN4nnet12pooling2d_clINS_5arrayI8ap_fixedILi16ELi6EL9ap_q_mode5EL9ap_o_mode3EL_31, void %entry, i16 %trunc_ln115, void %for.inc" [firmware/nnet_utils/nnet_conv_stream.h:241->firmware/nnet_utils/nnet_pooling_stream.h:52->firmware/nnet_utils/nnet_pooling_stream.h:115]   --->   Operation 269 'phi' 'p_0_0_0_0_09584' <Predicate = true> <Delay = 0.00>
ST_4 : Operation 270 [1/1] (0.00ns)   --->   "%indvar_flatten3_load = load i7 %indvar_flatten3" [firmware/nnet_utils/nnet_pooling_stream.h:109]   --->   Operation 270 'load' 'indvar_flatten3_load' <Predicate = true> <Delay = 0.00>
ST_4 : Operation 271 [1/1] (0.00ns)   --->   "%specloopname_ln0 = specloopname void @_ssdm_op_SpecLoopName, void @ReadInputHeight_ReadInputWidth_str"   --->   Operation 271 'specloopname' 'specloopname_ln0' <Predicate = true> <Delay = 0.00>
ST_4 : Operation 272 [1/1] (0.00ns)   --->   "%speclooptripcount_ln0 = speclooptripcount void @_ssdm_op_SpecLoopTripCount, i64 121, i64 121, i64 121"   --->   Operation 272 'speclooptripcount' 'speclooptripcount_ln0' <Predicate = true> <Delay = 0.00>
ST_4 : Operation 273 [1/1] (0.00ns)   --->   "%specpipeline_ln113 = specpipeline void @_ssdm_op_SpecPipeline, i32 4294967295, i32 0, i32 0, i32 0, i32 4294967295, void @empty_9" [firmware/nnet_utils/nnet_pooling_stream.h:113]   --->   Operation 273 'specpipeline' 'specpipeline_ln113' <Predicate = true> <Delay = 0.00>
ST_4 : Operation 274 [1/1] (2.03ns)   --->   "%add_ln109 = add i7 %indvar_flatten3_load, i7 1" [firmware/nnet_utils/nnet_pooling_stream.h:109]   --->   Operation 274 'add' 'add_ln109' <Predicate = true> <Delay = 2.03> <CoreInst = "Adder">   --->   Core 1 'Adder' <Latency = 0> <II = 1> <Delay = 2.03> <FuncUnit> <Opcode : 'add' 'sub'> <InPorts = 2> <OutPorts = 1>
ST_4 : Operation 275 [1/1] (0.00ns) (grouped into LUT with out node and_ln55_2)   --->   "%and_ln55 = and i1 %icmp_ln55_5, i1 %icmp_ln55_6" [firmware/nnet_utils/nnet_pooling_stream.h:55->firmware/nnet_utils/nnet_pooling_stream.h:115]   --->   Operation 275 'and' 'and_ln55' <Predicate = (icmp_ln55)> <Delay = 0.00> <CoreInst = "LogicGate">   --->   Core 74 'LogicGate' <Latency = 0> <II = 1> <Delay = 0.97> <FuncUnit> <Opcode : 'and' 'or' 'xor'> <InPorts = 2> <OutPorts = 1>
ST_4 : Operation 276 [1/1] (0.97ns) (out node of the LUT)   --->   "%and_ln55_2 = and i1 %and_ln55, i1 %icmp_ln55_4" [firmware/nnet_utils/nnet_pooling_stream.h:55->firmware/nnet_utils/nnet_pooling_stream.h:115]   --->   Operation 276 'and' 'and_ln55_2' <Predicate = (icmp_ln55)> <Delay = 0.97> <CoreInst = "LogicGate">   --->   Core 74 'LogicGate' <Latency = 0> <II = 1> <Delay = 0.97> <FuncUnit> <Opcode : 'and' 'or' 'xor'> <InPorts = 2> <OutPorts = 1>
ST_4 : Operation 277 [1/1] (0.00ns)   --->   "%br_ln55 = br i1 %and_ln55_2, void %if.end.i, void %for.body11.i" [firmware/nnet_utils/nnet_pooling_stream.h:55->firmware/nnet_utils/nnet_pooling_stream.h:115]   --->   Operation 277 'br' 'br_ln55' <Predicate = (icmp_ln55)> <Delay = 0.00>
ST_4 : Operation 278 [1/1] (0.00ns)   --->   "%p_0_0_0_0_017536_load = load i16 %p_0_0_0_0_017536" [firmware/nnet_utils/nnet_pooling_stream.h:109]   --->   Operation 278 'load' 'p_0_0_0_0_017536_load' <Predicate = (icmp_ln55 & and_ln55_2)> <Delay = 0.00>
ST_4 : Operation 279 [1/1] (0.00ns)   --->   "%p_0_15_0_0_012517237_load = load i16 %p_0_15_0_0_012517237" [firmware/nnet_utils/nnet_common.h:66->firmware/nnet_utils/nnet_common.h:44->firmware/nnet_utils/nnet_common.h:46->firmware/nnet_utils/nnet_pooling_stream.h:21->firmware/nnet_utils/nnet_pooling_stream.h:68->firmware/nnet_utils/nnet_pooling_stream.h:115]   --->   Operation 279 'load' 'p_0_15_0_0_012517237_load' <Predicate = (icmp_ln55 & and_ln55_2)> <Delay = 0.00>
ST_4 : Operation 280 [1/1] (0.00ns)   --->   "%p_0_14_0_0_012316939_load = load i16 %p_0_14_0_0_012316939" [firmware/nnet_utils/nnet_common.h:66->firmware/nnet_utils/nnet_common.h:44->firmware/nnet_utils/nnet_common.h:46->firmware/nnet_utils/nnet_pooling_stream.h:21->firmware/nnet_utils/nnet_pooling_stream.h:68->firmware/nnet_utils/nnet_pooling_stream.h:115]   --->   Operation 280 'load' 'p_0_14_0_0_012316939_load' <Predicate = (icmp_ln55 & and_ln55_2)> <Delay = 0.00>
ST_4 : Operation 281 [1/1] (0.00ns)   --->   "%p_0_13_0_0_012116641_load = load i16 %p_0_13_0_0_012116641" [firmware/nnet_utils/nnet_common.h:66->firmware/nnet_utils/nnet_common.h:44->firmware/nnet_utils/nnet_common.h:46->firmware/nnet_utils/nnet_pooling_stream.h:21->firmware/nnet_utils/nnet_pooling_stream.h:68->firmware/nnet_utils/nnet_pooling_stream.h:115]   --->   Operation 281 'load' 'p_0_13_0_0_012116641_load' <Predicate = (icmp_ln55 & and_ln55_2)> <Delay = 0.00>
ST_4 : Operation 282 [1/1] (0.00ns)   --->   "%p_0_12_0_0_011916343_load = load i16 %p_0_12_0_0_011916343" [firmware/nnet_utils/nnet_common.h:66->firmware/nnet_utils/nnet_common.h:44->firmware/nnet_utils/nnet_common.h:46->firmware/nnet_utils/nnet_pooling_stream.h:21->firmware/nnet_utils/nnet_pooling_stream.h:68->firmware/nnet_utils/nnet_pooling_stream.h:115]   --->   Operation 282 'load' 'p_0_12_0_0_011916343_load' <Predicate = (icmp_ln55 & and_ln55_2)> <Delay = 0.00>
ST_4 : Operation 283 [1/1] (0.00ns)   --->   "%p_0_11_0_0_011716045_load = load i16 %p_0_11_0_0_011716045" [firmware/nnet_utils/nnet_common.h:66->firmware/nnet_utils/nnet_common.h:44->firmware/nnet_utils/nnet_common.h:46->firmware/nnet_utils/nnet_pooling_stream.h:21->firmware/nnet_utils/nnet_pooling_stream.h:68->firmware/nnet_utils/nnet_pooling_stream.h:115]   --->   Operation 283 'load' 'p_0_11_0_0_011716045_load' <Predicate = (icmp_ln55 & and_ln55_2)> <Delay = 0.00>
ST_4 : Operation 284 [1/1] (0.00ns)   --->   "%p_0_10_0_0_011515747_load = load i16 %p_0_10_0_0_011515747" [firmware/nnet_utils/nnet_common.h:66->firmware/nnet_utils/nnet_common.h:44->firmware/nnet_utils/nnet_common.h:46->firmware/nnet_utils/nnet_pooling_stream.h:21->firmware/nnet_utils/nnet_pooling_stream.h:68->firmware/nnet_utils/nnet_pooling_stream.h:115]   --->   Operation 284 'load' 'p_0_10_0_0_011515747_load' <Predicate = (icmp_ln55 & and_ln55_2)> <Delay = 0.00>
ST_4 : Operation 285 [1/1] (0.00ns)   --->   "%p_0_9_0_0_011315449_load = load i16 %p_0_9_0_0_011315449" [firmware/nnet_utils/nnet_common.h:66->firmware/nnet_utils/nnet_common.h:44->firmware/nnet_utils/nnet_common.h:46->firmware/nnet_utils/nnet_pooling_stream.h:21->firmware/nnet_utils/nnet_pooling_stream.h:68->firmware/nnet_utils/nnet_pooling_stream.h:115]   --->   Operation 285 'load' 'p_0_9_0_0_011315449_load' <Predicate = (icmp_ln55 & and_ln55_2)> <Delay = 0.00>
ST_4 : Operation 286 [1/1] (0.00ns)   --->   "%p_0_8_0_0_011115151_load = load i16 %p_0_8_0_0_011115151" [firmware/nnet_utils/nnet_common.h:66->firmware/nnet_utils/nnet_common.h:44->firmware/nnet_utils/nnet_common.h:46->firmware/nnet_utils/nnet_pooling_stream.h:21->firmware/nnet_utils/nnet_pooling_stream.h:68->firmware/nnet_utils/nnet_pooling_stream.h:115]   --->   Operation 286 'load' 'p_0_8_0_0_011115151_load' <Predicate = (icmp_ln55 & and_ln55_2)> <Delay = 0.00>
ST_4 : Operation 287 [1/1] (0.00ns)   --->   "%p_0_7_0_0_010914853_load = load i16 %p_0_7_0_0_010914853" [firmware/nnet_utils/nnet_common.h:66->firmware/nnet_utils/nnet_common.h:44->firmware/nnet_utils/nnet_common.h:46->firmware/nnet_utils/nnet_pooling_stream.h:21->firmware/nnet_utils/nnet_pooling_stream.h:68->firmware/nnet_utils/nnet_pooling_stream.h:115]   --->   Operation 287 'load' 'p_0_7_0_0_010914853_load' <Predicate = (icmp_ln55 & and_ln55_2)> <Delay = 0.00>
ST_4 : Operation 288 [1/1] (0.00ns)   --->   "%p_0_6_0_0_010714555_load = load i16 %p_0_6_0_0_010714555" [firmware/nnet_utils/nnet_common.h:66->firmware/nnet_utils/nnet_common.h:44->firmware/nnet_utils/nnet_common.h:46->firmware/nnet_utils/nnet_pooling_stream.h:21->firmware/nnet_utils/nnet_pooling_stream.h:68->firmware/nnet_utils/nnet_pooling_stream.h:115]   --->   Operation 288 'load' 'p_0_6_0_0_010714555_load' <Predicate = (icmp_ln55 & and_ln55_2)> <Delay = 0.00>
ST_4 : Operation 289 [1/1] (0.00ns)   --->   "%p_0_5_0_0_010514257_load = load i16 %p_0_5_0_0_010514257" [firmware/nnet_utils/nnet_common.h:66->firmware/nnet_utils/nnet_common.h:44->firmware/nnet_utils/nnet_common.h:46->firmware/nnet_utils/nnet_pooling_stream.h:21->firmware/nnet_utils/nnet_pooling_stream.h:68->firmware/nnet_utils/nnet_pooling_stream.h:115]   --->   Operation 289 'load' 'p_0_5_0_0_010514257_load' <Predicate = (icmp_ln55 & and_ln55_2)> <Delay = 0.00>
ST_4 : Operation 290 [1/1] (0.00ns)   --->   "%p_0_4_0_0_010313959_load = load i16 %p_0_4_0_0_010313959" [firmware/nnet_utils/nnet_common.h:66->firmware/nnet_utils/nnet_common.h:44->firmware/nnet_utils/nnet_common.h:46->firmware/nnet_utils/nnet_pooling_stream.h:21->firmware/nnet_utils/nnet_pooling_stream.h:68->firmware/nnet_utils/nnet_pooling_stream.h:115]   --->   Operation 290 'load' 'p_0_4_0_0_010313959_load' <Predicate = (icmp_ln55 & and_ln55_2)> <Delay = 0.00>
ST_4 : Operation 291 [1/1] (0.00ns)   --->   "%p_0_3_0_0_010113661_load = load i16 %p_0_3_0_0_010113661" [firmware/nnet_utils/nnet_common.h:66->firmware/nnet_utils/nnet_common.h:44->firmware/nnet_utils/nnet_common.h:46->firmware/nnet_utils/nnet_pooling_stream.h:21->firmware/nnet_utils/nnet_pooling_stream.h:68->firmware/nnet_utils/nnet_pooling_stream.h:115]   --->   Operation 291 'load' 'p_0_3_0_0_010113661_load' <Predicate = (icmp_ln55 & and_ln55_2)> <Delay = 0.00>
ST_4 : Operation 292 [1/1] (0.00ns)   --->   "%p_0_2_0_0_09913363_load = load i16 %p_0_2_0_0_09913363" [firmware/nnet_utils/nnet_common.h:66->firmware/nnet_utils/nnet_common.h:44->firmware/nnet_utils/nnet_common.h:46->firmware/nnet_utils/nnet_pooling_stream.h:21->firmware/nnet_utils/nnet_pooling_stream.h:68->firmware/nnet_utils/nnet_pooling_stream.h:115]   --->   Operation 292 'load' 'p_0_2_0_0_09913363_load' <Predicate = (icmp_ln55 & and_ln55_2)> <Delay = 0.00>
ST_4 : Operation 293 [1/1] (0.00ns)   --->   "%p_0_1_0_0_09713065_load = load i16 %p_0_1_0_0_09713065" [firmware/nnet_utils/nnet_common.h:66->firmware/nnet_utils/nnet_common.h:44->firmware/nnet_utils/nnet_common.h:46->firmware/nnet_utils/nnet_pooling_stream.h:21->firmware/nnet_utils/nnet_pooling_stream.h:68->firmware/nnet_utils/nnet_pooling_stream.h:115]   --->   Operation 293 'load' 'p_0_1_0_0_09713065_load' <Predicate = (icmp_ln55 & and_ln55_2)> <Delay = 0.00>
ST_4 : Operation 294 [1/1] (0.00ns)   --->   "%p_0_0_0_0_09512767_load = load i16 %p_0_0_0_0_09512767" [firmware/nnet_utils/nnet_common.h:66->firmware/nnet_utils/nnet_common.h:44->firmware/nnet_utils/nnet_common.h:46->firmware/nnet_utils/nnet_pooling_stream.h:21->firmware/nnet_utils/nnet_pooling_stream.h:68->firmware/nnet_utils/nnet_pooling_stream.h:115]   --->   Operation 294 'load' 'p_0_0_0_0_09512767_load' <Predicate = (icmp_ln55 & and_ln55_2)> <Delay = 0.00>
ST_4 : Operation 295 [1/1] (2.14ns)   --->   "%icmp_ln66 = icmp_slt  i16 %p_0_0_0_0_09512767_load, i16 %p_0_0_0_0_09584" [firmware/nnet_utils/nnet_common.h:66->firmware/nnet_utils/nnet_common.h:44->firmware/nnet_utils/nnet_common.h:46->firmware/nnet_utils/nnet_pooling_stream.h:21->firmware/nnet_utils/nnet_pooling_stream.h:68->firmware/nnet_utils/nnet_pooling_stream.h:115]   --->   Operation 295 'icmp' 'icmp_ln66' <Predicate = (icmp_ln55 & and_ln55_2)> <Delay = 2.14> <CoreInst = "Cmp">   --->   Core 9 'Cmp' <Latency = 0> <II = 1> <Delay = 2.14> <FuncUnit> <Opcode : 'seteq' 'setne' 'setle' 'setge' 'setlt' 'setgt'> <InPorts = 2> <OutPorts = 1>
ST_4 : Operation 296 [1/1] (0.00ns) (grouped into LUT with out node select_ln0)   --->   "%xor_ln66 = xor i1 %icmp_ln66, i1 1" [firmware/nnet_utils/nnet_common.h:66->firmware/nnet_utils/nnet_common.h:44->firmware/nnet_utils/nnet_common.h:46->firmware/nnet_utils/nnet_pooling_stream.h:21->firmware/nnet_utils/nnet_pooling_stream.h:68->firmware/nnet_utils/nnet_pooling_stream.h:115]   --->   Operation 296 'xor' 'xor_ln66' <Predicate = (icmp_ln55 & and_ln55_2)> <Delay = 0.00> <CoreInst = "LogicGate">   --->   Core 74 'LogicGate' <Latency = 0> <II = 1> <Delay = 0.97> <FuncUnit> <Opcode : 'and' 'or' 'xor'> <InPorts = 2> <OutPorts = 1>
ST_4 : Operation 297 [1/1] (1.29ns) (out node of the LUT)   --->   "%select_ln0 = select i1 %xor_ln66, i16 %p_0_0_0_0_09512767_load, i16 %p_0_0_0_0_09584" [firmware/nnet_utils/nnet_common.h:0->firmware/nnet_utils/nnet_common.h:46->firmware/nnet_utils/nnet_pooling_stream.h:21->firmware/nnet_utils/nnet_pooling_stream.h:68->firmware/nnet_utils/nnet_pooling_stream.h:115]   --->   Operation 297 'select' 'select_ln0' <Predicate = (icmp_ln55 & and_ln55_2)> <Delay = 1.29> <CoreInst = "Sel">   --->   Core 73 'Sel' <Latency = 0> <II = 1> <Delay = 1.29> <FuncUnit> <Opcode : 'select'> <InPorts = 3> <OutPorts = 1>
ST_4 : Operation 298 [1/1] (1.29ns)   --->   "%select_ln10987 = select i1 %icmp_ln11186, i16 %p_0_0_0_0_09584, i16 %p_0_0_0_0_017536_load" [firmware/nnet_utils/nnet_pooling_stream.h:109]   --->   Operation 298 'select' 'select_ln10987' <Predicate = (icmp_ln55 & and_ln55_2)> <Delay = 1.29> <CoreInst = "Sel">   --->   Core 73 'Sel' <Latency = 0> <II = 1> <Delay = 1.29> <FuncUnit> <Opcode : 'select'> <InPorts = 3> <OutPorts = 1>
ST_4 : Operation 299 [1/1] (2.14ns)   --->   "%icmp_ln66_24 = icmp_slt  i16 %select_ln10987, i16 %trunc_ln115" [firmware/nnet_utils/nnet_common.h:66->firmware/nnet_utils/nnet_common.h:44->firmware/nnet_utils/nnet_common.h:46->firmware/nnet_utils/nnet_pooling_stream.h:21->firmware/nnet_utils/nnet_pooling_stream.h:68->firmware/nnet_utils/nnet_pooling_stream.h:115]   --->   Operation 299 'icmp' 'icmp_ln66_24' <Predicate = (icmp_ln55 & and_ln55_2)> <Delay = 2.14> <CoreInst = "Cmp">   --->   Core 9 'Cmp' <Latency = 0> <II = 1> <Delay = 2.14> <FuncUnit> <Opcode : 'seteq' 'setne' 'setle' 'setge' 'setlt' 'setgt'> <InPorts = 2> <OutPorts = 1>
ST_4 : Operation 300 [1/1] (2.14ns)   --->   "%icmp_ln66_26 = icmp_slt  i16 %p_0_1_0_0_09713065_load, i16 %select_ln109_20" [firmware/nnet_utils/nnet_common.h:66->firmware/nnet_utils/nnet_common.h:44->firmware/nnet_utils/nnet_common.h:46->firmware/nnet_utils/nnet_pooling_stream.h:21->firmware/nnet_utils/nnet_pooling_stream.h:68->firmware/nnet_utils/nnet_pooling_stream.h:115]   --->   Operation 300 'icmp' 'icmp_ln66_26' <Predicate = (icmp_ln55 & and_ln55_2)> <Delay = 2.14> <CoreInst = "Cmp">   --->   Core 9 'Cmp' <Latency = 0> <II = 1> <Delay = 2.14> <FuncUnit> <Opcode : 'seteq' 'setne' 'setle' 'setge' 'setlt' 'setgt'> <InPorts = 2> <OutPorts = 1>
ST_4 : Operation 301 [1/1] (0.00ns) (grouped into LUT with out node select_ln0_17)   --->   "%xor_ln66_26 = xor i1 %icmp_ln66_26, i1 1" [firmware/nnet_utils/nnet_common.h:66->firmware/nnet_utils/nnet_common.h:44->firmware/nnet_utils/nnet_common.h:46->firmware/nnet_utils/nnet_pooling_stream.h:21->firmware/nnet_utils/nnet_pooling_stream.h:68->firmware/nnet_utils/nnet_pooling_stream.h:115]   --->   Operation 301 'xor' 'xor_ln66_26' <Predicate = (icmp_ln55 & and_ln55_2)> <Delay = 0.00> <CoreInst = "LogicGate">   --->   Core 74 'LogicGate' <Latency = 0> <II = 1> <Delay = 0.97> <FuncUnit> <Opcode : 'and' 'or' 'xor'> <InPorts = 2> <OutPorts = 1>
ST_4 : Operation 302 [1/1] (1.29ns) (out node of the LUT)   --->   "%select_ln0_17 = select i1 %xor_ln66_26, i16 %p_0_1_0_0_09713065_load, i16 %select_ln109_20" [firmware/nnet_utils/nnet_common.h:0->firmware/nnet_utils/nnet_common.h:46->firmware/nnet_utils/nnet_pooling_stream.h:21->firmware/nnet_utils/nnet_pooling_stream.h:68->firmware/nnet_utils/nnet_pooling_stream.h:115]   --->   Operation 302 'select' 'select_ln0_17' <Predicate = (icmp_ln55 & and_ln55_2)> <Delay = 1.29> <CoreInst = "Sel">   --->   Core 73 'Sel' <Latency = 0> <II = 1> <Delay = 1.29> <FuncUnit> <Opcode : 'select'> <InPorts = 3> <OutPorts = 1>
ST_4 : Operation 303 [1/1] (2.14ns)   --->   "%icmp_ln66_27 = icmp_slt  i16 %p_0_1_0_0_017934_load, i16 %trunc_ln115_1" [firmware/nnet_utils/nnet_common.h:66->firmware/nnet_utils/nnet_common.h:44->firmware/nnet_utils/nnet_common.h:46->firmware/nnet_utils/nnet_pooling_stream.h:21->firmware/nnet_utils/nnet_pooling_stream.h:68->firmware/nnet_utils/nnet_pooling_stream.h:115]   --->   Operation 303 'icmp' 'icmp_ln66_27' <Predicate = (icmp_ln55 & and_ln55_2)> <Delay = 2.14> <CoreInst = "Cmp">   --->   Core 9 'Cmp' <Latency = 0> <II = 1> <Delay = 2.14> <FuncUnit> <Opcode : 'seteq' 'setne' 'setle' 'setge' 'setlt' 'setgt'> <InPorts = 2> <OutPorts = 1>
ST_4 : Operation 304 [1/1] (0.00ns) (grouped into LUT with out node select_ln0_18)   --->   "%xor_ln66_27 = xor i1 %icmp_ln66_27, i1 1" [firmware/nnet_utils/nnet_common.h:66->firmware/nnet_utils/nnet_common.h:44->firmware/nnet_utils/nnet_common.h:46->firmware/nnet_utils/nnet_pooling_stream.h:21->firmware/nnet_utils/nnet_pooling_stream.h:68->firmware/nnet_utils/nnet_pooling_stream.h:115]   --->   Operation 304 'xor' 'xor_ln66_27' <Predicate = (icmp_ln55 & and_ln55_2)> <Delay = 0.00> <CoreInst = "LogicGate">   --->   Core 74 'LogicGate' <Latency = 0> <II = 1> <Delay = 0.97> <FuncUnit> <Opcode : 'and' 'or' 'xor'> <InPorts = 2> <OutPorts = 1>
ST_4 : Operation 305 [1/1] (1.29ns) (out node of the LUT)   --->   "%select_ln0_18 = select i1 %xor_ln66_27, i16 %p_0_1_0_0_017934_load, i16 %trunc_ln115_1" [firmware/nnet_utils/nnet_common.h:0->firmware/nnet_utils/nnet_common.h:46->firmware/nnet_utils/nnet_pooling_stream.h:21->firmware/nnet_utils/nnet_pooling_stream.h:68->firmware/nnet_utils/nnet_pooling_stream.h:115]   --->   Operation 305 'select' 'select_ln0_18' <Predicate = (icmp_ln55 & and_ln55_2)> <Delay = 1.29> <CoreInst = "Sel">   --->   Core 73 'Sel' <Latency = 0> <II = 1> <Delay = 1.29> <FuncUnit> <Opcode : 'select'> <InPorts = 3> <OutPorts = 1>
ST_4 : Operation 306 [1/1] (2.14ns)   --->   "%icmp_ln66_29 = icmp_slt  i16 %p_0_2_0_0_09913363_load, i16 %select_ln109_19" [firmware/nnet_utils/nnet_common.h:66->firmware/nnet_utils/nnet_common.h:44->firmware/nnet_utils/nnet_common.h:46->firmware/nnet_utils/nnet_pooling_stream.h:21->firmware/nnet_utils/nnet_pooling_stream.h:68->firmware/nnet_utils/nnet_pooling_stream.h:115]   --->   Operation 306 'icmp' 'icmp_ln66_29' <Predicate = (icmp_ln55 & and_ln55_2)> <Delay = 2.14> <CoreInst = "Cmp">   --->   Core 9 'Cmp' <Latency = 0> <II = 1> <Delay = 2.14> <FuncUnit> <Opcode : 'seteq' 'setne' 'setle' 'setge' 'setlt' 'setgt'> <InPorts = 2> <OutPorts = 1>
ST_4 : Operation 307 [1/1] (0.00ns) (grouped into LUT with out node select_ln0_19)   --->   "%xor_ln66_29 = xor i1 %icmp_ln66_29, i1 1" [firmware/nnet_utils/nnet_common.h:66->firmware/nnet_utils/nnet_common.h:44->firmware/nnet_utils/nnet_common.h:46->firmware/nnet_utils/nnet_pooling_stream.h:21->firmware/nnet_utils/nnet_pooling_stream.h:68->firmware/nnet_utils/nnet_pooling_stream.h:115]   --->   Operation 307 'xor' 'xor_ln66_29' <Predicate = (icmp_ln55 & and_ln55_2)> <Delay = 0.00> <CoreInst = "LogicGate">   --->   Core 74 'LogicGate' <Latency = 0> <II = 1> <Delay = 0.97> <FuncUnit> <Opcode : 'and' 'or' 'xor'> <InPorts = 2> <OutPorts = 1>
ST_4 : Operation 308 [1/1] (1.29ns) (out node of the LUT)   --->   "%select_ln0_19 = select i1 %xor_ln66_29, i16 %p_0_2_0_0_09913363_load, i16 %select_ln109_19" [firmware/nnet_utils/nnet_common.h:0->firmware/nnet_utils/nnet_common.h:46->firmware/nnet_utils/nnet_pooling_stream.h:21->firmware/nnet_utils/nnet_pooling_stream.h:68->firmware/nnet_utils/nnet_pooling_stream.h:115]   --->   Operation 308 'select' 'select_ln0_19' <Predicate = (icmp_ln55 & and_ln55_2)> <Delay = 1.29> <CoreInst = "Sel">   --->   Core 73 'Sel' <Latency = 0> <II = 1> <Delay = 1.29> <FuncUnit> <Opcode : 'select'> <InPorts = 3> <OutPorts = 1>
ST_4 : Operation 309 [1/1] (2.14ns)   --->   "%icmp_ln66_30 = icmp_slt  i16 %p_0_2_0_0_018332_load, i16 %trunc_ln115_2" [firmware/nnet_utils/nnet_common.h:66->firmware/nnet_utils/nnet_common.h:44->firmware/nnet_utils/nnet_common.h:46->firmware/nnet_utils/nnet_pooling_stream.h:21->firmware/nnet_utils/nnet_pooling_stream.h:68->firmware/nnet_utils/nnet_pooling_stream.h:115]   --->   Operation 309 'icmp' 'icmp_ln66_30' <Predicate = (icmp_ln55 & and_ln55_2)> <Delay = 2.14> <CoreInst = "Cmp">   --->   Core 9 'Cmp' <Latency = 0> <II = 1> <Delay = 2.14> <FuncUnit> <Opcode : 'seteq' 'setne' 'setle' 'setge' 'setlt' 'setgt'> <InPorts = 2> <OutPorts = 1>
ST_4 : Operation 310 [1/1] (0.00ns) (grouped into LUT with out node select_ln0_20)   --->   "%xor_ln66_30 = xor i1 %icmp_ln66_30, i1 1" [firmware/nnet_utils/nnet_common.h:66->firmware/nnet_utils/nnet_common.h:44->firmware/nnet_utils/nnet_common.h:46->firmware/nnet_utils/nnet_pooling_stream.h:21->firmware/nnet_utils/nnet_pooling_stream.h:68->firmware/nnet_utils/nnet_pooling_stream.h:115]   --->   Operation 310 'xor' 'xor_ln66_30' <Predicate = (icmp_ln55 & and_ln55_2)> <Delay = 0.00> <CoreInst = "LogicGate">   --->   Core 74 'LogicGate' <Latency = 0> <II = 1> <Delay = 0.97> <FuncUnit> <Opcode : 'and' 'or' 'xor'> <InPorts = 2> <OutPorts = 1>
ST_4 : Operation 311 [1/1] (1.29ns) (out node of the LUT)   --->   "%select_ln0_20 = select i1 %xor_ln66_30, i16 %p_0_2_0_0_018332_load, i16 %trunc_ln115_2" [firmware/nnet_utils/nnet_common.h:0->firmware/nnet_utils/nnet_common.h:46->firmware/nnet_utils/nnet_pooling_stream.h:21->firmware/nnet_utils/nnet_pooling_stream.h:68->firmware/nnet_utils/nnet_pooling_stream.h:115]   --->   Operation 311 'select' 'select_ln0_20' <Predicate = (icmp_ln55 & and_ln55_2)> <Delay = 1.29> <CoreInst = "Sel">   --->   Core 73 'Sel' <Latency = 0> <II = 1> <Delay = 1.29> <FuncUnit> <Opcode : 'select'> <InPorts = 3> <OutPorts = 1>
ST_4 : Operation 312 [1/1] (2.14ns)   --->   "%icmp_ln66_32 = icmp_slt  i16 %p_0_3_0_0_010113661_load, i16 %select_ln109_18" [firmware/nnet_utils/nnet_common.h:66->firmware/nnet_utils/nnet_common.h:44->firmware/nnet_utils/nnet_common.h:46->firmware/nnet_utils/nnet_pooling_stream.h:21->firmware/nnet_utils/nnet_pooling_stream.h:68->firmware/nnet_utils/nnet_pooling_stream.h:115]   --->   Operation 312 'icmp' 'icmp_ln66_32' <Predicate = (icmp_ln55 & and_ln55_2)> <Delay = 2.14> <CoreInst = "Cmp">   --->   Core 9 'Cmp' <Latency = 0> <II = 1> <Delay = 2.14> <FuncUnit> <Opcode : 'seteq' 'setne' 'setle' 'setge' 'setlt' 'setgt'> <InPorts = 2> <OutPorts = 1>
ST_4 : Operation 313 [1/1] (0.00ns) (grouped into LUT with out node select_ln0_21)   --->   "%xor_ln66_32 = xor i1 %icmp_ln66_32, i1 1" [firmware/nnet_utils/nnet_common.h:66->firmware/nnet_utils/nnet_common.h:44->firmware/nnet_utils/nnet_common.h:46->firmware/nnet_utils/nnet_pooling_stream.h:21->firmware/nnet_utils/nnet_pooling_stream.h:68->firmware/nnet_utils/nnet_pooling_stream.h:115]   --->   Operation 313 'xor' 'xor_ln66_32' <Predicate = (icmp_ln55 & and_ln55_2)> <Delay = 0.00> <CoreInst = "LogicGate">   --->   Core 74 'LogicGate' <Latency = 0> <II = 1> <Delay = 0.97> <FuncUnit> <Opcode : 'and' 'or' 'xor'> <InPorts = 2> <OutPorts = 1>
ST_4 : Operation 314 [1/1] (1.29ns) (out node of the LUT)   --->   "%select_ln0_21 = select i1 %xor_ln66_32, i16 %p_0_3_0_0_010113661_load, i16 %select_ln109_18" [firmware/nnet_utils/nnet_common.h:0->firmware/nnet_utils/nnet_common.h:46->firmware/nnet_utils/nnet_pooling_stream.h:21->firmware/nnet_utils/nnet_pooling_stream.h:68->firmware/nnet_utils/nnet_pooling_stream.h:115]   --->   Operation 314 'select' 'select_ln0_21' <Predicate = (icmp_ln55 & and_ln55_2)> <Delay = 1.29> <CoreInst = "Sel">   --->   Core 73 'Sel' <Latency = 0> <II = 1> <Delay = 1.29> <FuncUnit> <Opcode : 'select'> <InPorts = 3> <OutPorts = 1>
ST_4 : Operation 315 [1/1] (2.14ns)   --->   "%icmp_ln66_33 = icmp_slt  i16 %p_0_3_0_0_018730_load, i16 %trunc_ln115_3" [firmware/nnet_utils/nnet_common.h:66->firmware/nnet_utils/nnet_common.h:44->firmware/nnet_utils/nnet_common.h:46->firmware/nnet_utils/nnet_pooling_stream.h:21->firmware/nnet_utils/nnet_pooling_stream.h:68->firmware/nnet_utils/nnet_pooling_stream.h:115]   --->   Operation 315 'icmp' 'icmp_ln66_33' <Predicate = (icmp_ln55 & and_ln55_2)> <Delay = 2.14> <CoreInst = "Cmp">   --->   Core 9 'Cmp' <Latency = 0> <II = 1> <Delay = 2.14> <FuncUnit> <Opcode : 'seteq' 'setne' 'setle' 'setge' 'setlt' 'setgt'> <InPorts = 2> <OutPorts = 1>
ST_4 : Operation 316 [1/1] (0.00ns) (grouped into LUT with out node select_ln0_22)   --->   "%xor_ln66_33 = xor i1 %icmp_ln66_33, i1 1" [firmware/nnet_utils/nnet_common.h:66->firmware/nnet_utils/nnet_common.h:44->firmware/nnet_utils/nnet_common.h:46->firmware/nnet_utils/nnet_pooling_stream.h:21->firmware/nnet_utils/nnet_pooling_stream.h:68->firmware/nnet_utils/nnet_pooling_stream.h:115]   --->   Operation 316 'xor' 'xor_ln66_33' <Predicate = (icmp_ln55 & and_ln55_2)> <Delay = 0.00> <CoreInst = "LogicGate">   --->   Core 74 'LogicGate' <Latency = 0> <II = 1> <Delay = 0.97> <FuncUnit> <Opcode : 'and' 'or' 'xor'> <InPorts = 2> <OutPorts = 1>
ST_4 : Operation 317 [1/1] (1.29ns) (out node of the LUT)   --->   "%select_ln0_22 = select i1 %xor_ln66_33, i16 %p_0_3_0_0_018730_load, i16 %trunc_ln115_3" [firmware/nnet_utils/nnet_common.h:0->firmware/nnet_utils/nnet_common.h:46->firmware/nnet_utils/nnet_pooling_stream.h:21->firmware/nnet_utils/nnet_pooling_stream.h:68->firmware/nnet_utils/nnet_pooling_stream.h:115]   --->   Operation 317 'select' 'select_ln0_22' <Predicate = (icmp_ln55 & and_ln55_2)> <Delay = 1.29> <CoreInst = "Sel">   --->   Core 73 'Sel' <Latency = 0> <II = 1> <Delay = 1.29> <FuncUnit> <Opcode : 'select'> <InPorts = 3> <OutPorts = 1>
ST_4 : Operation 318 [1/1] (2.14ns)   --->   "%icmp_ln66_35 = icmp_slt  i16 %p_0_4_0_0_010313959_load, i16 %select_ln109_17" [firmware/nnet_utils/nnet_common.h:66->firmware/nnet_utils/nnet_common.h:44->firmware/nnet_utils/nnet_common.h:46->firmware/nnet_utils/nnet_pooling_stream.h:21->firmware/nnet_utils/nnet_pooling_stream.h:68->firmware/nnet_utils/nnet_pooling_stream.h:115]   --->   Operation 318 'icmp' 'icmp_ln66_35' <Predicate = (icmp_ln55 & and_ln55_2)> <Delay = 2.14> <CoreInst = "Cmp">   --->   Core 9 'Cmp' <Latency = 0> <II = 1> <Delay = 2.14> <FuncUnit> <Opcode : 'seteq' 'setne' 'setle' 'setge' 'setlt' 'setgt'> <InPorts = 2> <OutPorts = 1>
ST_4 : Operation 319 [1/1] (0.00ns) (grouped into LUT with out node select_ln0_23)   --->   "%xor_ln66_35 = xor i1 %icmp_ln66_35, i1 1" [firmware/nnet_utils/nnet_common.h:66->firmware/nnet_utils/nnet_common.h:44->firmware/nnet_utils/nnet_common.h:46->firmware/nnet_utils/nnet_pooling_stream.h:21->firmware/nnet_utils/nnet_pooling_stream.h:68->firmware/nnet_utils/nnet_pooling_stream.h:115]   --->   Operation 319 'xor' 'xor_ln66_35' <Predicate = (icmp_ln55 & and_ln55_2)> <Delay = 0.00> <CoreInst = "LogicGate">   --->   Core 74 'LogicGate' <Latency = 0> <II = 1> <Delay = 0.97> <FuncUnit> <Opcode : 'and' 'or' 'xor'> <InPorts = 2> <OutPorts = 1>
ST_4 : Operation 320 [1/1] (1.29ns) (out node of the LUT)   --->   "%select_ln0_23 = select i1 %xor_ln66_35, i16 %p_0_4_0_0_010313959_load, i16 %select_ln109_17" [firmware/nnet_utils/nnet_common.h:0->firmware/nnet_utils/nnet_common.h:46->firmware/nnet_utils/nnet_pooling_stream.h:21->firmware/nnet_utils/nnet_pooling_stream.h:68->firmware/nnet_utils/nnet_pooling_stream.h:115]   --->   Operation 320 'select' 'select_ln0_23' <Predicate = (icmp_ln55 & and_ln55_2)> <Delay = 1.29> <CoreInst = "Sel">   --->   Core 73 'Sel' <Latency = 0> <II = 1> <Delay = 1.29> <FuncUnit> <Opcode : 'select'> <InPorts = 3> <OutPorts = 1>
ST_4 : Operation 321 [1/1] (2.14ns)   --->   "%icmp_ln66_36 = icmp_slt  i16 %p_0_4_0_0_019128_load, i16 %trunc_ln115_4" [firmware/nnet_utils/nnet_common.h:66->firmware/nnet_utils/nnet_common.h:44->firmware/nnet_utils/nnet_common.h:46->firmware/nnet_utils/nnet_pooling_stream.h:21->firmware/nnet_utils/nnet_pooling_stream.h:68->firmware/nnet_utils/nnet_pooling_stream.h:115]   --->   Operation 321 'icmp' 'icmp_ln66_36' <Predicate = (icmp_ln55 & and_ln55_2)> <Delay = 2.14> <CoreInst = "Cmp">   --->   Core 9 'Cmp' <Latency = 0> <II = 1> <Delay = 2.14> <FuncUnit> <Opcode : 'seteq' 'setne' 'setle' 'setge' 'setlt' 'setgt'> <InPorts = 2> <OutPorts = 1>
ST_4 : Operation 322 [1/1] (0.00ns) (grouped into LUT with out node select_ln0_24)   --->   "%xor_ln66_36 = xor i1 %icmp_ln66_36, i1 1" [firmware/nnet_utils/nnet_common.h:66->firmware/nnet_utils/nnet_common.h:44->firmware/nnet_utils/nnet_common.h:46->firmware/nnet_utils/nnet_pooling_stream.h:21->firmware/nnet_utils/nnet_pooling_stream.h:68->firmware/nnet_utils/nnet_pooling_stream.h:115]   --->   Operation 322 'xor' 'xor_ln66_36' <Predicate = (icmp_ln55 & and_ln55_2)> <Delay = 0.00> <CoreInst = "LogicGate">   --->   Core 74 'LogicGate' <Latency = 0> <II = 1> <Delay = 0.97> <FuncUnit> <Opcode : 'and' 'or' 'xor'> <InPorts = 2> <OutPorts = 1>
ST_4 : Operation 323 [1/1] (1.29ns) (out node of the LUT)   --->   "%select_ln0_24 = select i1 %xor_ln66_36, i16 %p_0_4_0_0_019128_load, i16 %trunc_ln115_4" [firmware/nnet_utils/nnet_common.h:0->firmware/nnet_utils/nnet_common.h:46->firmware/nnet_utils/nnet_pooling_stream.h:21->firmware/nnet_utils/nnet_pooling_stream.h:68->firmware/nnet_utils/nnet_pooling_stream.h:115]   --->   Operation 323 'select' 'select_ln0_24' <Predicate = (icmp_ln55 & and_ln55_2)> <Delay = 1.29> <CoreInst = "Sel">   --->   Core 73 'Sel' <Latency = 0> <II = 1> <Delay = 1.29> <FuncUnit> <Opcode : 'select'> <InPorts = 3> <OutPorts = 1>
ST_4 : Operation 324 [1/1] (2.14ns)   --->   "%icmp_ln66_38 = icmp_slt  i16 %p_0_5_0_0_010514257_load, i16 %select_ln109_16" [firmware/nnet_utils/nnet_common.h:66->firmware/nnet_utils/nnet_common.h:44->firmware/nnet_utils/nnet_common.h:46->firmware/nnet_utils/nnet_pooling_stream.h:21->firmware/nnet_utils/nnet_pooling_stream.h:68->firmware/nnet_utils/nnet_pooling_stream.h:115]   --->   Operation 324 'icmp' 'icmp_ln66_38' <Predicate = (icmp_ln55 & and_ln55_2)> <Delay = 2.14> <CoreInst = "Cmp">   --->   Core 9 'Cmp' <Latency = 0> <II = 1> <Delay = 2.14> <FuncUnit> <Opcode : 'seteq' 'setne' 'setle' 'setge' 'setlt' 'setgt'> <InPorts = 2> <OutPorts = 1>
ST_4 : Operation 325 [1/1] (0.00ns) (grouped into LUT with out node select_ln0_25)   --->   "%xor_ln66_38 = xor i1 %icmp_ln66_38, i1 1" [firmware/nnet_utils/nnet_common.h:66->firmware/nnet_utils/nnet_common.h:44->firmware/nnet_utils/nnet_common.h:46->firmware/nnet_utils/nnet_pooling_stream.h:21->firmware/nnet_utils/nnet_pooling_stream.h:68->firmware/nnet_utils/nnet_pooling_stream.h:115]   --->   Operation 325 'xor' 'xor_ln66_38' <Predicate = (icmp_ln55 & and_ln55_2)> <Delay = 0.00> <CoreInst = "LogicGate">   --->   Core 74 'LogicGate' <Latency = 0> <II = 1> <Delay = 0.97> <FuncUnit> <Opcode : 'and' 'or' 'xor'> <InPorts = 2> <OutPorts = 1>
ST_4 : Operation 326 [1/1] (1.29ns) (out node of the LUT)   --->   "%select_ln0_25 = select i1 %xor_ln66_38, i16 %p_0_5_0_0_010514257_load, i16 %select_ln109_16" [firmware/nnet_utils/nnet_common.h:0->firmware/nnet_utils/nnet_common.h:46->firmware/nnet_utils/nnet_pooling_stream.h:21->firmware/nnet_utils/nnet_pooling_stream.h:68->firmware/nnet_utils/nnet_pooling_stream.h:115]   --->   Operation 326 'select' 'select_ln0_25' <Predicate = (icmp_ln55 & and_ln55_2)> <Delay = 1.29> <CoreInst = "Sel">   --->   Core 73 'Sel' <Latency = 0> <II = 1> <Delay = 1.29> <FuncUnit> <Opcode : 'select'> <InPorts = 3> <OutPorts = 1>
ST_4 : Operation 327 [1/1] (2.14ns)   --->   "%icmp_ln66_39 = icmp_slt  i16 %p_0_5_0_0_019526_load, i16 %trunc_ln115_5" [firmware/nnet_utils/nnet_common.h:66->firmware/nnet_utils/nnet_common.h:44->firmware/nnet_utils/nnet_common.h:46->firmware/nnet_utils/nnet_pooling_stream.h:21->firmware/nnet_utils/nnet_pooling_stream.h:68->firmware/nnet_utils/nnet_pooling_stream.h:115]   --->   Operation 327 'icmp' 'icmp_ln66_39' <Predicate = (icmp_ln55 & and_ln55_2)> <Delay = 2.14> <CoreInst = "Cmp">   --->   Core 9 'Cmp' <Latency = 0> <II = 1> <Delay = 2.14> <FuncUnit> <Opcode : 'seteq' 'setne' 'setle' 'setge' 'setlt' 'setgt'> <InPorts = 2> <OutPorts = 1>
ST_4 : Operation 328 [1/1] (0.00ns) (grouped into LUT with out node select_ln0_26)   --->   "%xor_ln66_39 = xor i1 %icmp_ln66_39, i1 1" [firmware/nnet_utils/nnet_common.h:66->firmware/nnet_utils/nnet_common.h:44->firmware/nnet_utils/nnet_common.h:46->firmware/nnet_utils/nnet_pooling_stream.h:21->firmware/nnet_utils/nnet_pooling_stream.h:68->firmware/nnet_utils/nnet_pooling_stream.h:115]   --->   Operation 328 'xor' 'xor_ln66_39' <Predicate = (icmp_ln55 & and_ln55_2)> <Delay = 0.00> <CoreInst = "LogicGate">   --->   Core 74 'LogicGate' <Latency = 0> <II = 1> <Delay = 0.97> <FuncUnit> <Opcode : 'and' 'or' 'xor'> <InPorts = 2> <OutPorts = 1>
ST_4 : Operation 329 [1/1] (1.29ns) (out node of the LUT)   --->   "%select_ln0_26 = select i1 %xor_ln66_39, i16 %p_0_5_0_0_019526_load, i16 %trunc_ln115_5" [firmware/nnet_utils/nnet_common.h:0->firmware/nnet_utils/nnet_common.h:46->firmware/nnet_utils/nnet_pooling_stream.h:21->firmware/nnet_utils/nnet_pooling_stream.h:68->firmware/nnet_utils/nnet_pooling_stream.h:115]   --->   Operation 329 'select' 'select_ln0_26' <Predicate = (icmp_ln55 & and_ln55_2)> <Delay = 1.29> <CoreInst = "Sel">   --->   Core 73 'Sel' <Latency = 0> <II = 1> <Delay = 1.29> <FuncUnit> <Opcode : 'select'> <InPorts = 3> <OutPorts = 1>
ST_4 : Operation 330 [1/1] (2.14ns)   --->   "%icmp_ln66_41 = icmp_slt  i16 %p_0_6_0_0_010714555_load, i16 %select_ln109_15" [firmware/nnet_utils/nnet_common.h:66->firmware/nnet_utils/nnet_common.h:44->firmware/nnet_utils/nnet_common.h:46->firmware/nnet_utils/nnet_pooling_stream.h:21->firmware/nnet_utils/nnet_pooling_stream.h:68->firmware/nnet_utils/nnet_pooling_stream.h:115]   --->   Operation 330 'icmp' 'icmp_ln66_41' <Predicate = (icmp_ln55 & and_ln55_2)> <Delay = 2.14> <CoreInst = "Cmp">   --->   Core 9 'Cmp' <Latency = 0> <II = 1> <Delay = 2.14> <FuncUnit> <Opcode : 'seteq' 'setne' 'setle' 'setge' 'setlt' 'setgt'> <InPorts = 2> <OutPorts = 1>
ST_4 : Operation 331 [1/1] (0.00ns) (grouped into LUT with out node select_ln0_27)   --->   "%xor_ln66_41 = xor i1 %icmp_ln66_41, i1 1" [firmware/nnet_utils/nnet_common.h:66->firmware/nnet_utils/nnet_common.h:44->firmware/nnet_utils/nnet_common.h:46->firmware/nnet_utils/nnet_pooling_stream.h:21->firmware/nnet_utils/nnet_pooling_stream.h:68->firmware/nnet_utils/nnet_pooling_stream.h:115]   --->   Operation 331 'xor' 'xor_ln66_41' <Predicate = (icmp_ln55 & and_ln55_2)> <Delay = 0.00> <CoreInst = "LogicGate">   --->   Core 74 'LogicGate' <Latency = 0> <II = 1> <Delay = 0.97> <FuncUnit> <Opcode : 'and' 'or' 'xor'> <InPorts = 2> <OutPorts = 1>
ST_4 : Operation 332 [1/1] (1.29ns) (out node of the LUT)   --->   "%select_ln0_27 = select i1 %xor_ln66_41, i16 %p_0_6_0_0_010714555_load, i16 %select_ln109_15" [firmware/nnet_utils/nnet_common.h:0->firmware/nnet_utils/nnet_common.h:46->firmware/nnet_utils/nnet_pooling_stream.h:21->firmware/nnet_utils/nnet_pooling_stream.h:68->firmware/nnet_utils/nnet_pooling_stream.h:115]   --->   Operation 332 'select' 'select_ln0_27' <Predicate = (icmp_ln55 & and_ln55_2)> <Delay = 1.29> <CoreInst = "Sel">   --->   Core 73 'Sel' <Latency = 0> <II = 1> <Delay = 1.29> <FuncUnit> <Opcode : 'select'> <InPorts = 3> <OutPorts = 1>
ST_4 : Operation 333 [1/1] (2.14ns)   --->   "%icmp_ln66_42 = icmp_slt  i16 %p_0_6_0_0_019924_load, i16 %trunc_ln115_6" [firmware/nnet_utils/nnet_common.h:66->firmware/nnet_utils/nnet_common.h:44->firmware/nnet_utils/nnet_common.h:46->firmware/nnet_utils/nnet_pooling_stream.h:21->firmware/nnet_utils/nnet_pooling_stream.h:68->firmware/nnet_utils/nnet_pooling_stream.h:115]   --->   Operation 333 'icmp' 'icmp_ln66_42' <Predicate = (icmp_ln55 & and_ln55_2)> <Delay = 2.14> <CoreInst = "Cmp">   --->   Core 9 'Cmp' <Latency = 0> <II = 1> <Delay = 2.14> <FuncUnit> <Opcode : 'seteq' 'setne' 'setle' 'setge' 'setlt' 'setgt'> <InPorts = 2> <OutPorts = 1>
ST_4 : Operation 334 [1/1] (0.00ns) (grouped into LUT with out node select_ln0_28)   --->   "%xor_ln66_42 = xor i1 %icmp_ln66_42, i1 1" [firmware/nnet_utils/nnet_common.h:66->firmware/nnet_utils/nnet_common.h:44->firmware/nnet_utils/nnet_common.h:46->firmware/nnet_utils/nnet_pooling_stream.h:21->firmware/nnet_utils/nnet_pooling_stream.h:68->firmware/nnet_utils/nnet_pooling_stream.h:115]   --->   Operation 334 'xor' 'xor_ln66_42' <Predicate = (icmp_ln55 & and_ln55_2)> <Delay = 0.00> <CoreInst = "LogicGate">   --->   Core 74 'LogicGate' <Latency = 0> <II = 1> <Delay = 0.97> <FuncUnit> <Opcode : 'and' 'or' 'xor'> <InPorts = 2> <OutPorts = 1>
ST_4 : Operation 335 [1/1] (1.29ns) (out node of the LUT)   --->   "%select_ln0_28 = select i1 %xor_ln66_42, i16 %p_0_6_0_0_019924_load, i16 %trunc_ln115_6" [firmware/nnet_utils/nnet_common.h:0->firmware/nnet_utils/nnet_common.h:46->firmware/nnet_utils/nnet_pooling_stream.h:21->firmware/nnet_utils/nnet_pooling_stream.h:68->firmware/nnet_utils/nnet_pooling_stream.h:115]   --->   Operation 335 'select' 'select_ln0_28' <Predicate = (icmp_ln55 & and_ln55_2)> <Delay = 1.29> <CoreInst = "Sel">   --->   Core 73 'Sel' <Latency = 0> <II = 1> <Delay = 1.29> <FuncUnit> <Opcode : 'select'> <InPorts = 3> <OutPorts = 1>
ST_4 : Operation 336 [1/1] (2.14ns)   --->   "%icmp_ln66_44 = icmp_slt  i16 %p_0_7_0_0_010914853_load, i16 %select_ln109_14" [firmware/nnet_utils/nnet_common.h:66->firmware/nnet_utils/nnet_common.h:44->firmware/nnet_utils/nnet_common.h:46->firmware/nnet_utils/nnet_pooling_stream.h:21->firmware/nnet_utils/nnet_pooling_stream.h:68->firmware/nnet_utils/nnet_pooling_stream.h:115]   --->   Operation 336 'icmp' 'icmp_ln66_44' <Predicate = (icmp_ln55 & and_ln55_2)> <Delay = 2.14> <CoreInst = "Cmp">   --->   Core 9 'Cmp' <Latency = 0> <II = 1> <Delay = 2.14> <FuncUnit> <Opcode : 'seteq' 'setne' 'setle' 'setge' 'setlt' 'setgt'> <InPorts = 2> <OutPorts = 1>
ST_4 : Operation 337 [1/1] (0.00ns) (grouped into LUT with out node select_ln0_29)   --->   "%xor_ln66_44 = xor i1 %icmp_ln66_44, i1 1" [firmware/nnet_utils/nnet_common.h:66->firmware/nnet_utils/nnet_common.h:44->firmware/nnet_utils/nnet_common.h:46->firmware/nnet_utils/nnet_pooling_stream.h:21->firmware/nnet_utils/nnet_pooling_stream.h:68->firmware/nnet_utils/nnet_pooling_stream.h:115]   --->   Operation 337 'xor' 'xor_ln66_44' <Predicate = (icmp_ln55 & and_ln55_2)> <Delay = 0.00> <CoreInst = "LogicGate">   --->   Core 74 'LogicGate' <Latency = 0> <II = 1> <Delay = 0.97> <FuncUnit> <Opcode : 'and' 'or' 'xor'> <InPorts = 2> <OutPorts = 1>
ST_4 : Operation 338 [1/1] (1.29ns) (out node of the LUT)   --->   "%select_ln0_29 = select i1 %xor_ln66_44, i16 %p_0_7_0_0_010914853_load, i16 %select_ln109_14" [firmware/nnet_utils/nnet_common.h:0->firmware/nnet_utils/nnet_common.h:46->firmware/nnet_utils/nnet_pooling_stream.h:21->firmware/nnet_utils/nnet_pooling_stream.h:68->firmware/nnet_utils/nnet_pooling_stream.h:115]   --->   Operation 338 'select' 'select_ln0_29' <Predicate = (icmp_ln55 & and_ln55_2)> <Delay = 1.29> <CoreInst = "Sel">   --->   Core 73 'Sel' <Latency = 0> <II = 1> <Delay = 1.29> <FuncUnit> <Opcode : 'select'> <InPorts = 3> <OutPorts = 1>
ST_4 : Operation 339 [1/1] (2.14ns)   --->   "%icmp_ln66_45 = icmp_slt  i16 %p_0_7_0_0_020322_load, i16 %trunc_ln115_7" [firmware/nnet_utils/nnet_common.h:66->firmware/nnet_utils/nnet_common.h:44->firmware/nnet_utils/nnet_common.h:46->firmware/nnet_utils/nnet_pooling_stream.h:21->firmware/nnet_utils/nnet_pooling_stream.h:68->firmware/nnet_utils/nnet_pooling_stream.h:115]   --->   Operation 339 'icmp' 'icmp_ln66_45' <Predicate = (icmp_ln55 & and_ln55_2)> <Delay = 2.14> <CoreInst = "Cmp">   --->   Core 9 'Cmp' <Latency = 0> <II = 1> <Delay = 2.14> <FuncUnit> <Opcode : 'seteq' 'setne' 'setle' 'setge' 'setlt' 'setgt'> <InPorts = 2> <OutPorts = 1>
ST_4 : Operation 340 [1/1] (0.00ns) (grouped into LUT with out node select_ln0_30)   --->   "%xor_ln66_45 = xor i1 %icmp_ln66_45, i1 1" [firmware/nnet_utils/nnet_common.h:66->firmware/nnet_utils/nnet_common.h:44->firmware/nnet_utils/nnet_common.h:46->firmware/nnet_utils/nnet_pooling_stream.h:21->firmware/nnet_utils/nnet_pooling_stream.h:68->firmware/nnet_utils/nnet_pooling_stream.h:115]   --->   Operation 340 'xor' 'xor_ln66_45' <Predicate = (icmp_ln55 & and_ln55_2)> <Delay = 0.00> <CoreInst = "LogicGate">   --->   Core 74 'LogicGate' <Latency = 0> <II = 1> <Delay = 0.97> <FuncUnit> <Opcode : 'and' 'or' 'xor'> <InPorts = 2> <OutPorts = 1>
ST_4 : Operation 341 [1/1] (1.29ns) (out node of the LUT)   --->   "%select_ln0_30 = select i1 %xor_ln66_45, i16 %p_0_7_0_0_020322_load, i16 %trunc_ln115_7" [firmware/nnet_utils/nnet_common.h:0->firmware/nnet_utils/nnet_common.h:46->firmware/nnet_utils/nnet_pooling_stream.h:21->firmware/nnet_utils/nnet_pooling_stream.h:68->firmware/nnet_utils/nnet_pooling_stream.h:115]   --->   Operation 341 'select' 'select_ln0_30' <Predicate = (icmp_ln55 & and_ln55_2)> <Delay = 1.29> <CoreInst = "Sel">   --->   Core 73 'Sel' <Latency = 0> <II = 1> <Delay = 1.29> <FuncUnit> <Opcode : 'select'> <InPorts = 3> <OutPorts = 1>
ST_4 : Operation 342 [1/1] (2.14ns)   --->   "%icmp_ln66_47 = icmp_slt  i16 %p_0_8_0_0_011115151_load, i16 %select_ln109_13" [firmware/nnet_utils/nnet_common.h:66->firmware/nnet_utils/nnet_common.h:44->firmware/nnet_utils/nnet_common.h:46->firmware/nnet_utils/nnet_pooling_stream.h:21->firmware/nnet_utils/nnet_pooling_stream.h:68->firmware/nnet_utils/nnet_pooling_stream.h:115]   --->   Operation 342 'icmp' 'icmp_ln66_47' <Predicate = (icmp_ln55 & and_ln55_2)> <Delay = 2.14> <CoreInst = "Cmp">   --->   Core 9 'Cmp' <Latency = 0> <II = 1> <Delay = 2.14> <FuncUnit> <Opcode : 'seteq' 'setne' 'setle' 'setge' 'setlt' 'setgt'> <InPorts = 2> <OutPorts = 1>
ST_4 : Operation 343 [1/1] (0.00ns) (grouped into LUT with out node select_ln0_31)   --->   "%xor_ln66_47 = xor i1 %icmp_ln66_47, i1 1" [firmware/nnet_utils/nnet_common.h:66->firmware/nnet_utils/nnet_common.h:44->firmware/nnet_utils/nnet_common.h:46->firmware/nnet_utils/nnet_pooling_stream.h:21->firmware/nnet_utils/nnet_pooling_stream.h:68->firmware/nnet_utils/nnet_pooling_stream.h:115]   --->   Operation 343 'xor' 'xor_ln66_47' <Predicate = (icmp_ln55 & and_ln55_2)> <Delay = 0.00> <CoreInst = "LogicGate">   --->   Core 74 'LogicGate' <Latency = 0> <II = 1> <Delay = 0.97> <FuncUnit> <Opcode : 'and' 'or' 'xor'> <InPorts = 2> <OutPorts = 1>
ST_4 : Operation 344 [1/1] (1.29ns) (out node of the LUT)   --->   "%select_ln0_31 = select i1 %xor_ln66_47, i16 %p_0_8_0_0_011115151_load, i16 %select_ln109_13" [firmware/nnet_utils/nnet_common.h:0->firmware/nnet_utils/nnet_common.h:46->firmware/nnet_utils/nnet_pooling_stream.h:21->firmware/nnet_utils/nnet_pooling_stream.h:68->firmware/nnet_utils/nnet_pooling_stream.h:115]   --->   Operation 344 'select' 'select_ln0_31' <Predicate = (icmp_ln55 & and_ln55_2)> <Delay = 1.29> <CoreInst = "Sel">   --->   Core 73 'Sel' <Latency = 0> <II = 1> <Delay = 1.29> <FuncUnit> <Opcode : 'select'> <InPorts = 3> <OutPorts = 1>
ST_4 : Operation 345 [1/1] (2.14ns)   --->   "%icmp_ln66_48 = icmp_slt  i16 %p_0_8_0_0_020720_load, i16 %trunc_ln115_8" [firmware/nnet_utils/nnet_common.h:66->firmware/nnet_utils/nnet_common.h:44->firmware/nnet_utils/nnet_common.h:46->firmware/nnet_utils/nnet_pooling_stream.h:21->firmware/nnet_utils/nnet_pooling_stream.h:68->firmware/nnet_utils/nnet_pooling_stream.h:115]   --->   Operation 345 'icmp' 'icmp_ln66_48' <Predicate = (icmp_ln55 & and_ln55_2)> <Delay = 2.14> <CoreInst = "Cmp">   --->   Core 9 'Cmp' <Latency = 0> <II = 1> <Delay = 2.14> <FuncUnit> <Opcode : 'seteq' 'setne' 'setle' 'setge' 'setlt' 'setgt'> <InPorts = 2> <OutPorts = 1>
ST_4 : Operation 346 [1/1] (0.00ns) (grouped into LUT with out node select_ln0_32)   --->   "%xor_ln66_48 = xor i1 %icmp_ln66_48, i1 1" [firmware/nnet_utils/nnet_common.h:66->firmware/nnet_utils/nnet_common.h:44->firmware/nnet_utils/nnet_common.h:46->firmware/nnet_utils/nnet_pooling_stream.h:21->firmware/nnet_utils/nnet_pooling_stream.h:68->firmware/nnet_utils/nnet_pooling_stream.h:115]   --->   Operation 346 'xor' 'xor_ln66_48' <Predicate = (icmp_ln55 & and_ln55_2)> <Delay = 0.00> <CoreInst = "LogicGate">   --->   Core 74 'LogicGate' <Latency = 0> <II = 1> <Delay = 0.97> <FuncUnit> <Opcode : 'and' 'or' 'xor'> <InPorts = 2> <OutPorts = 1>
ST_4 : Operation 347 [1/1] (1.29ns) (out node of the LUT)   --->   "%select_ln0_32 = select i1 %xor_ln66_48, i16 %p_0_8_0_0_020720_load, i16 %trunc_ln115_8" [firmware/nnet_utils/nnet_common.h:0->firmware/nnet_utils/nnet_common.h:46->firmware/nnet_utils/nnet_pooling_stream.h:21->firmware/nnet_utils/nnet_pooling_stream.h:68->firmware/nnet_utils/nnet_pooling_stream.h:115]   --->   Operation 347 'select' 'select_ln0_32' <Predicate = (icmp_ln55 & and_ln55_2)> <Delay = 1.29> <CoreInst = "Sel">   --->   Core 73 'Sel' <Latency = 0> <II = 1> <Delay = 1.29> <FuncUnit> <Opcode : 'select'> <InPorts = 3> <OutPorts = 1>
ST_4 : Operation 348 [1/1] (2.14ns)   --->   "%icmp_ln66_50 = icmp_slt  i16 %p_0_9_0_0_011315449_load, i16 %select_ln109_12" [firmware/nnet_utils/nnet_common.h:66->firmware/nnet_utils/nnet_common.h:44->firmware/nnet_utils/nnet_common.h:46->firmware/nnet_utils/nnet_pooling_stream.h:21->firmware/nnet_utils/nnet_pooling_stream.h:68->firmware/nnet_utils/nnet_pooling_stream.h:115]   --->   Operation 348 'icmp' 'icmp_ln66_50' <Predicate = (icmp_ln55 & and_ln55_2)> <Delay = 2.14> <CoreInst = "Cmp">   --->   Core 9 'Cmp' <Latency = 0> <II = 1> <Delay = 2.14> <FuncUnit> <Opcode : 'seteq' 'setne' 'setle' 'setge' 'setlt' 'setgt'> <InPorts = 2> <OutPorts = 1>
ST_4 : Operation 349 [1/1] (0.00ns) (grouped into LUT with out node select_ln0_33)   --->   "%xor_ln66_50 = xor i1 %icmp_ln66_50, i1 1" [firmware/nnet_utils/nnet_common.h:66->firmware/nnet_utils/nnet_common.h:44->firmware/nnet_utils/nnet_common.h:46->firmware/nnet_utils/nnet_pooling_stream.h:21->firmware/nnet_utils/nnet_pooling_stream.h:68->firmware/nnet_utils/nnet_pooling_stream.h:115]   --->   Operation 349 'xor' 'xor_ln66_50' <Predicate = (icmp_ln55 & and_ln55_2)> <Delay = 0.00> <CoreInst = "LogicGate">   --->   Core 74 'LogicGate' <Latency = 0> <II = 1> <Delay = 0.97> <FuncUnit> <Opcode : 'and' 'or' 'xor'> <InPorts = 2> <OutPorts = 1>
ST_4 : Operation 350 [1/1] (1.29ns) (out node of the LUT)   --->   "%select_ln0_33 = select i1 %xor_ln66_50, i16 %p_0_9_0_0_011315449_load, i16 %select_ln109_12" [firmware/nnet_utils/nnet_common.h:0->firmware/nnet_utils/nnet_common.h:46->firmware/nnet_utils/nnet_pooling_stream.h:21->firmware/nnet_utils/nnet_pooling_stream.h:68->firmware/nnet_utils/nnet_pooling_stream.h:115]   --->   Operation 350 'select' 'select_ln0_33' <Predicate = (icmp_ln55 & and_ln55_2)> <Delay = 1.29> <CoreInst = "Sel">   --->   Core 73 'Sel' <Latency = 0> <II = 1> <Delay = 1.29> <FuncUnit> <Opcode : 'select'> <InPorts = 3> <OutPorts = 1>
ST_4 : Operation 351 [1/1] (2.14ns)   --->   "%icmp_ln66_51 = icmp_slt  i16 %p_0_9_0_0_021118_load, i16 %trunc_ln115_9" [firmware/nnet_utils/nnet_common.h:66->firmware/nnet_utils/nnet_common.h:44->firmware/nnet_utils/nnet_common.h:46->firmware/nnet_utils/nnet_pooling_stream.h:21->firmware/nnet_utils/nnet_pooling_stream.h:68->firmware/nnet_utils/nnet_pooling_stream.h:115]   --->   Operation 351 'icmp' 'icmp_ln66_51' <Predicate = (icmp_ln55 & and_ln55_2)> <Delay = 2.14> <CoreInst = "Cmp">   --->   Core 9 'Cmp' <Latency = 0> <II = 1> <Delay = 2.14> <FuncUnit> <Opcode : 'seteq' 'setne' 'setle' 'setge' 'setlt' 'setgt'> <InPorts = 2> <OutPorts = 1>
ST_4 : Operation 352 [1/1] (0.00ns) (grouped into LUT with out node select_ln0_34)   --->   "%xor_ln66_51 = xor i1 %icmp_ln66_51, i1 1" [firmware/nnet_utils/nnet_common.h:66->firmware/nnet_utils/nnet_common.h:44->firmware/nnet_utils/nnet_common.h:46->firmware/nnet_utils/nnet_pooling_stream.h:21->firmware/nnet_utils/nnet_pooling_stream.h:68->firmware/nnet_utils/nnet_pooling_stream.h:115]   --->   Operation 352 'xor' 'xor_ln66_51' <Predicate = (icmp_ln55 & and_ln55_2)> <Delay = 0.00> <CoreInst = "LogicGate">   --->   Core 74 'LogicGate' <Latency = 0> <II = 1> <Delay = 0.97> <FuncUnit> <Opcode : 'and' 'or' 'xor'> <InPorts = 2> <OutPorts = 1>
ST_4 : Operation 353 [1/1] (1.29ns) (out node of the LUT)   --->   "%select_ln0_34 = select i1 %xor_ln66_51, i16 %p_0_9_0_0_021118_load, i16 %trunc_ln115_9" [firmware/nnet_utils/nnet_common.h:0->firmware/nnet_utils/nnet_common.h:46->firmware/nnet_utils/nnet_pooling_stream.h:21->firmware/nnet_utils/nnet_pooling_stream.h:68->firmware/nnet_utils/nnet_pooling_stream.h:115]   --->   Operation 353 'select' 'select_ln0_34' <Predicate = (icmp_ln55 & and_ln55_2)> <Delay = 1.29> <CoreInst = "Sel">   --->   Core 73 'Sel' <Latency = 0> <II = 1> <Delay = 1.29> <FuncUnit> <Opcode : 'select'> <InPorts = 3> <OutPorts = 1>
ST_4 : Operation 354 [1/1] (2.14ns)   --->   "%icmp_ln66_53 = icmp_slt  i16 %p_0_10_0_0_011515747_load, i16 %select_ln109_11" [firmware/nnet_utils/nnet_common.h:66->firmware/nnet_utils/nnet_common.h:44->firmware/nnet_utils/nnet_common.h:46->firmware/nnet_utils/nnet_pooling_stream.h:21->firmware/nnet_utils/nnet_pooling_stream.h:68->firmware/nnet_utils/nnet_pooling_stream.h:115]   --->   Operation 354 'icmp' 'icmp_ln66_53' <Predicate = (icmp_ln55 & and_ln55_2)> <Delay = 2.14> <CoreInst = "Cmp">   --->   Core 9 'Cmp' <Latency = 0> <II = 1> <Delay = 2.14> <FuncUnit> <Opcode : 'seteq' 'setne' 'setle' 'setge' 'setlt' 'setgt'> <InPorts = 2> <OutPorts = 1>
ST_4 : Operation 355 [1/1] (0.00ns) (grouped into LUT with out node select_ln0_35)   --->   "%xor_ln66_53 = xor i1 %icmp_ln66_53, i1 1" [firmware/nnet_utils/nnet_common.h:66->firmware/nnet_utils/nnet_common.h:44->firmware/nnet_utils/nnet_common.h:46->firmware/nnet_utils/nnet_pooling_stream.h:21->firmware/nnet_utils/nnet_pooling_stream.h:68->firmware/nnet_utils/nnet_pooling_stream.h:115]   --->   Operation 355 'xor' 'xor_ln66_53' <Predicate = (icmp_ln55 & and_ln55_2)> <Delay = 0.00> <CoreInst = "LogicGate">   --->   Core 74 'LogicGate' <Latency = 0> <II = 1> <Delay = 0.97> <FuncUnit> <Opcode : 'and' 'or' 'xor'> <InPorts = 2> <OutPorts = 1>
ST_4 : Operation 356 [1/1] (1.29ns) (out node of the LUT)   --->   "%select_ln0_35 = select i1 %xor_ln66_53, i16 %p_0_10_0_0_011515747_load, i16 %select_ln109_11" [firmware/nnet_utils/nnet_common.h:0->firmware/nnet_utils/nnet_common.h:46->firmware/nnet_utils/nnet_pooling_stream.h:21->firmware/nnet_utils/nnet_pooling_stream.h:68->firmware/nnet_utils/nnet_pooling_stream.h:115]   --->   Operation 356 'select' 'select_ln0_35' <Predicate = (icmp_ln55 & and_ln55_2)> <Delay = 1.29> <CoreInst = "Sel">   --->   Core 73 'Sel' <Latency = 0> <II = 1> <Delay = 1.29> <FuncUnit> <Opcode : 'select'> <InPorts = 3> <OutPorts = 1>
ST_4 : Operation 357 [1/1] (2.14ns)   --->   "%icmp_ln66_54 = icmp_slt  i16 %p_0_10_0_0_021516_load, i16 %trunc_ln115_s" [firmware/nnet_utils/nnet_common.h:66->firmware/nnet_utils/nnet_common.h:44->firmware/nnet_utils/nnet_common.h:46->firmware/nnet_utils/nnet_pooling_stream.h:21->firmware/nnet_utils/nnet_pooling_stream.h:68->firmware/nnet_utils/nnet_pooling_stream.h:115]   --->   Operation 357 'icmp' 'icmp_ln66_54' <Predicate = (icmp_ln55 & and_ln55_2)> <Delay = 2.14> <CoreInst = "Cmp">   --->   Core 9 'Cmp' <Latency = 0> <II = 1> <Delay = 2.14> <FuncUnit> <Opcode : 'seteq' 'setne' 'setle' 'setge' 'setlt' 'setgt'> <InPorts = 2> <OutPorts = 1>
ST_4 : Operation 358 [1/1] (0.00ns) (grouped into LUT with out node select_ln0_36)   --->   "%xor_ln66_54 = xor i1 %icmp_ln66_54, i1 1" [firmware/nnet_utils/nnet_common.h:66->firmware/nnet_utils/nnet_common.h:44->firmware/nnet_utils/nnet_common.h:46->firmware/nnet_utils/nnet_pooling_stream.h:21->firmware/nnet_utils/nnet_pooling_stream.h:68->firmware/nnet_utils/nnet_pooling_stream.h:115]   --->   Operation 358 'xor' 'xor_ln66_54' <Predicate = (icmp_ln55 & and_ln55_2)> <Delay = 0.00> <CoreInst = "LogicGate">   --->   Core 74 'LogicGate' <Latency = 0> <II = 1> <Delay = 0.97> <FuncUnit> <Opcode : 'and' 'or' 'xor'> <InPorts = 2> <OutPorts = 1>
ST_4 : Operation 359 [1/1] (1.29ns) (out node of the LUT)   --->   "%select_ln0_36 = select i1 %xor_ln66_54, i16 %p_0_10_0_0_021516_load, i16 %trunc_ln115_s" [firmware/nnet_utils/nnet_common.h:0->firmware/nnet_utils/nnet_common.h:46->firmware/nnet_utils/nnet_pooling_stream.h:21->firmware/nnet_utils/nnet_pooling_stream.h:68->firmware/nnet_utils/nnet_pooling_stream.h:115]   --->   Operation 359 'select' 'select_ln0_36' <Predicate = (icmp_ln55 & and_ln55_2)> <Delay = 1.29> <CoreInst = "Sel">   --->   Core 73 'Sel' <Latency = 0> <II = 1> <Delay = 1.29> <FuncUnit> <Opcode : 'select'> <InPorts = 3> <OutPorts = 1>
ST_4 : Operation 360 [1/1] (2.14ns)   --->   "%icmp_ln66_56 = icmp_slt  i16 %p_0_11_0_0_011716045_load, i16 %select_ln109_10" [firmware/nnet_utils/nnet_common.h:66->firmware/nnet_utils/nnet_common.h:44->firmware/nnet_utils/nnet_common.h:46->firmware/nnet_utils/nnet_pooling_stream.h:21->firmware/nnet_utils/nnet_pooling_stream.h:68->firmware/nnet_utils/nnet_pooling_stream.h:115]   --->   Operation 360 'icmp' 'icmp_ln66_56' <Predicate = (icmp_ln55 & and_ln55_2)> <Delay = 2.14> <CoreInst = "Cmp">   --->   Core 9 'Cmp' <Latency = 0> <II = 1> <Delay = 2.14> <FuncUnit> <Opcode : 'seteq' 'setne' 'setle' 'setge' 'setlt' 'setgt'> <InPorts = 2> <OutPorts = 1>
ST_4 : Operation 361 [1/1] (0.00ns) (grouped into LUT with out node select_ln0_37)   --->   "%xor_ln66_56 = xor i1 %icmp_ln66_56, i1 1" [firmware/nnet_utils/nnet_common.h:66->firmware/nnet_utils/nnet_common.h:44->firmware/nnet_utils/nnet_common.h:46->firmware/nnet_utils/nnet_pooling_stream.h:21->firmware/nnet_utils/nnet_pooling_stream.h:68->firmware/nnet_utils/nnet_pooling_stream.h:115]   --->   Operation 361 'xor' 'xor_ln66_56' <Predicate = (icmp_ln55 & and_ln55_2)> <Delay = 0.00> <CoreInst = "LogicGate">   --->   Core 74 'LogicGate' <Latency = 0> <II = 1> <Delay = 0.97> <FuncUnit> <Opcode : 'and' 'or' 'xor'> <InPorts = 2> <OutPorts = 1>
ST_4 : Operation 362 [1/1] (1.29ns) (out node of the LUT)   --->   "%select_ln0_37 = select i1 %xor_ln66_56, i16 %p_0_11_0_0_011716045_load, i16 %select_ln109_10" [firmware/nnet_utils/nnet_common.h:0->firmware/nnet_utils/nnet_common.h:46->firmware/nnet_utils/nnet_pooling_stream.h:21->firmware/nnet_utils/nnet_pooling_stream.h:68->firmware/nnet_utils/nnet_pooling_stream.h:115]   --->   Operation 362 'select' 'select_ln0_37' <Predicate = (icmp_ln55 & and_ln55_2)> <Delay = 1.29> <CoreInst = "Sel">   --->   Core 73 'Sel' <Latency = 0> <II = 1> <Delay = 1.29> <FuncUnit> <Opcode : 'select'> <InPorts = 3> <OutPorts = 1>
ST_4 : Operation 363 [1/1] (2.14ns)   --->   "%icmp_ln66_57 = icmp_slt  i16 %p_0_11_0_0_021914_load, i16 %trunc_ln115_10" [firmware/nnet_utils/nnet_common.h:66->firmware/nnet_utils/nnet_common.h:44->firmware/nnet_utils/nnet_common.h:46->firmware/nnet_utils/nnet_pooling_stream.h:21->firmware/nnet_utils/nnet_pooling_stream.h:68->firmware/nnet_utils/nnet_pooling_stream.h:115]   --->   Operation 363 'icmp' 'icmp_ln66_57' <Predicate = (icmp_ln55 & and_ln55_2)> <Delay = 2.14> <CoreInst = "Cmp">   --->   Core 9 'Cmp' <Latency = 0> <II = 1> <Delay = 2.14> <FuncUnit> <Opcode : 'seteq' 'setne' 'setle' 'setge' 'setlt' 'setgt'> <InPorts = 2> <OutPorts = 1>
ST_4 : Operation 364 [1/1] (0.00ns) (grouped into LUT with out node select_ln0_38)   --->   "%xor_ln66_57 = xor i1 %icmp_ln66_57, i1 1" [firmware/nnet_utils/nnet_common.h:66->firmware/nnet_utils/nnet_common.h:44->firmware/nnet_utils/nnet_common.h:46->firmware/nnet_utils/nnet_pooling_stream.h:21->firmware/nnet_utils/nnet_pooling_stream.h:68->firmware/nnet_utils/nnet_pooling_stream.h:115]   --->   Operation 364 'xor' 'xor_ln66_57' <Predicate = (icmp_ln55 & and_ln55_2)> <Delay = 0.00> <CoreInst = "LogicGate">   --->   Core 74 'LogicGate' <Latency = 0> <II = 1> <Delay = 0.97> <FuncUnit> <Opcode : 'and' 'or' 'xor'> <InPorts = 2> <OutPorts = 1>
ST_4 : Operation 365 [1/1] (1.29ns) (out node of the LUT)   --->   "%select_ln0_38 = select i1 %xor_ln66_57, i16 %p_0_11_0_0_021914_load, i16 %trunc_ln115_10" [firmware/nnet_utils/nnet_common.h:0->firmware/nnet_utils/nnet_common.h:46->firmware/nnet_utils/nnet_pooling_stream.h:21->firmware/nnet_utils/nnet_pooling_stream.h:68->firmware/nnet_utils/nnet_pooling_stream.h:115]   --->   Operation 365 'select' 'select_ln0_38' <Predicate = (icmp_ln55 & and_ln55_2)> <Delay = 1.29> <CoreInst = "Sel">   --->   Core 73 'Sel' <Latency = 0> <II = 1> <Delay = 1.29> <FuncUnit> <Opcode : 'select'> <InPorts = 3> <OutPorts = 1>
ST_4 : Operation 366 [1/1] (2.14ns)   --->   "%icmp_ln66_59 = icmp_slt  i16 %p_0_12_0_0_011916343_load, i16 %select_ln109_9" [firmware/nnet_utils/nnet_common.h:66->firmware/nnet_utils/nnet_common.h:44->firmware/nnet_utils/nnet_common.h:46->firmware/nnet_utils/nnet_pooling_stream.h:21->firmware/nnet_utils/nnet_pooling_stream.h:68->firmware/nnet_utils/nnet_pooling_stream.h:115]   --->   Operation 366 'icmp' 'icmp_ln66_59' <Predicate = (icmp_ln55 & and_ln55_2)> <Delay = 2.14> <CoreInst = "Cmp">   --->   Core 9 'Cmp' <Latency = 0> <II = 1> <Delay = 2.14> <FuncUnit> <Opcode : 'seteq' 'setne' 'setle' 'setge' 'setlt' 'setgt'> <InPorts = 2> <OutPorts = 1>
ST_4 : Operation 367 [1/1] (0.00ns) (grouped into LUT with out node select_ln0_39)   --->   "%xor_ln66_59 = xor i1 %icmp_ln66_59, i1 1" [firmware/nnet_utils/nnet_common.h:66->firmware/nnet_utils/nnet_common.h:44->firmware/nnet_utils/nnet_common.h:46->firmware/nnet_utils/nnet_pooling_stream.h:21->firmware/nnet_utils/nnet_pooling_stream.h:68->firmware/nnet_utils/nnet_pooling_stream.h:115]   --->   Operation 367 'xor' 'xor_ln66_59' <Predicate = (icmp_ln55 & and_ln55_2)> <Delay = 0.00> <CoreInst = "LogicGate">   --->   Core 74 'LogicGate' <Latency = 0> <II = 1> <Delay = 0.97> <FuncUnit> <Opcode : 'and' 'or' 'xor'> <InPorts = 2> <OutPorts = 1>
ST_4 : Operation 368 [1/1] (1.29ns) (out node of the LUT)   --->   "%select_ln0_39 = select i1 %xor_ln66_59, i16 %p_0_12_0_0_011916343_load, i16 %select_ln109_9" [firmware/nnet_utils/nnet_common.h:0->firmware/nnet_utils/nnet_common.h:46->firmware/nnet_utils/nnet_pooling_stream.h:21->firmware/nnet_utils/nnet_pooling_stream.h:68->firmware/nnet_utils/nnet_pooling_stream.h:115]   --->   Operation 368 'select' 'select_ln0_39' <Predicate = (icmp_ln55 & and_ln55_2)> <Delay = 1.29> <CoreInst = "Sel">   --->   Core 73 'Sel' <Latency = 0> <II = 1> <Delay = 1.29> <FuncUnit> <Opcode : 'select'> <InPorts = 3> <OutPorts = 1>
ST_4 : Operation 369 [1/1] (2.14ns)   --->   "%icmp_ln66_60 = icmp_slt  i16 %p_0_12_0_0_022312_load, i16 %trunc_ln115_11" [firmware/nnet_utils/nnet_common.h:66->firmware/nnet_utils/nnet_common.h:44->firmware/nnet_utils/nnet_common.h:46->firmware/nnet_utils/nnet_pooling_stream.h:21->firmware/nnet_utils/nnet_pooling_stream.h:68->firmware/nnet_utils/nnet_pooling_stream.h:115]   --->   Operation 369 'icmp' 'icmp_ln66_60' <Predicate = (icmp_ln55 & and_ln55_2)> <Delay = 2.14> <CoreInst = "Cmp">   --->   Core 9 'Cmp' <Latency = 0> <II = 1> <Delay = 2.14> <FuncUnit> <Opcode : 'seteq' 'setne' 'setle' 'setge' 'setlt' 'setgt'> <InPorts = 2> <OutPorts = 1>
ST_4 : Operation 370 [1/1] (0.00ns) (grouped into LUT with out node select_ln0_40)   --->   "%xor_ln66_60 = xor i1 %icmp_ln66_60, i1 1" [firmware/nnet_utils/nnet_common.h:66->firmware/nnet_utils/nnet_common.h:44->firmware/nnet_utils/nnet_common.h:46->firmware/nnet_utils/nnet_pooling_stream.h:21->firmware/nnet_utils/nnet_pooling_stream.h:68->firmware/nnet_utils/nnet_pooling_stream.h:115]   --->   Operation 370 'xor' 'xor_ln66_60' <Predicate = (icmp_ln55 & and_ln55_2)> <Delay = 0.00> <CoreInst = "LogicGate">   --->   Core 74 'LogicGate' <Latency = 0> <II = 1> <Delay = 0.97> <FuncUnit> <Opcode : 'and' 'or' 'xor'> <InPorts = 2> <OutPorts = 1>
ST_4 : Operation 371 [1/1] (1.29ns) (out node of the LUT)   --->   "%select_ln0_40 = select i1 %xor_ln66_60, i16 %p_0_12_0_0_022312_load, i16 %trunc_ln115_11" [firmware/nnet_utils/nnet_common.h:0->firmware/nnet_utils/nnet_common.h:46->firmware/nnet_utils/nnet_pooling_stream.h:21->firmware/nnet_utils/nnet_pooling_stream.h:68->firmware/nnet_utils/nnet_pooling_stream.h:115]   --->   Operation 371 'select' 'select_ln0_40' <Predicate = (icmp_ln55 & and_ln55_2)> <Delay = 1.29> <CoreInst = "Sel">   --->   Core 73 'Sel' <Latency = 0> <II = 1> <Delay = 1.29> <FuncUnit> <Opcode : 'select'> <InPorts = 3> <OutPorts = 1>
ST_4 : Operation 372 [1/1] (2.14ns)   --->   "%icmp_ln66_62 = icmp_slt  i16 %p_0_13_0_0_012116641_load, i16 %select_ln109_8" [firmware/nnet_utils/nnet_common.h:66->firmware/nnet_utils/nnet_common.h:44->firmware/nnet_utils/nnet_common.h:46->firmware/nnet_utils/nnet_pooling_stream.h:21->firmware/nnet_utils/nnet_pooling_stream.h:68->firmware/nnet_utils/nnet_pooling_stream.h:115]   --->   Operation 372 'icmp' 'icmp_ln66_62' <Predicate = (icmp_ln55 & and_ln55_2)> <Delay = 2.14> <CoreInst = "Cmp">   --->   Core 9 'Cmp' <Latency = 0> <II = 1> <Delay = 2.14> <FuncUnit> <Opcode : 'seteq' 'setne' 'setle' 'setge' 'setlt' 'setgt'> <InPorts = 2> <OutPorts = 1>
ST_4 : Operation 373 [1/1] (0.00ns) (grouped into LUT with out node select_ln0_41)   --->   "%xor_ln66_62 = xor i1 %icmp_ln66_62, i1 1" [firmware/nnet_utils/nnet_common.h:66->firmware/nnet_utils/nnet_common.h:44->firmware/nnet_utils/nnet_common.h:46->firmware/nnet_utils/nnet_pooling_stream.h:21->firmware/nnet_utils/nnet_pooling_stream.h:68->firmware/nnet_utils/nnet_pooling_stream.h:115]   --->   Operation 373 'xor' 'xor_ln66_62' <Predicate = (icmp_ln55 & and_ln55_2)> <Delay = 0.00> <CoreInst = "LogicGate">   --->   Core 74 'LogicGate' <Latency = 0> <II = 1> <Delay = 0.97> <FuncUnit> <Opcode : 'and' 'or' 'xor'> <InPorts = 2> <OutPorts = 1>
ST_4 : Operation 374 [1/1] (1.29ns) (out node of the LUT)   --->   "%select_ln0_41 = select i1 %xor_ln66_62, i16 %p_0_13_0_0_012116641_load, i16 %select_ln109_8" [firmware/nnet_utils/nnet_common.h:0->firmware/nnet_utils/nnet_common.h:46->firmware/nnet_utils/nnet_pooling_stream.h:21->firmware/nnet_utils/nnet_pooling_stream.h:68->firmware/nnet_utils/nnet_pooling_stream.h:115]   --->   Operation 374 'select' 'select_ln0_41' <Predicate = (icmp_ln55 & and_ln55_2)> <Delay = 1.29> <CoreInst = "Sel">   --->   Core 73 'Sel' <Latency = 0> <II = 1> <Delay = 1.29> <FuncUnit> <Opcode : 'select'> <InPorts = 3> <OutPorts = 1>
ST_4 : Operation 375 [1/1] (2.14ns)   --->   "%icmp_ln66_63 = icmp_slt  i16 %p_0_13_0_0_022710_load, i16 %trunc_ln115_12" [firmware/nnet_utils/nnet_common.h:66->firmware/nnet_utils/nnet_common.h:44->firmware/nnet_utils/nnet_common.h:46->firmware/nnet_utils/nnet_pooling_stream.h:21->firmware/nnet_utils/nnet_pooling_stream.h:68->firmware/nnet_utils/nnet_pooling_stream.h:115]   --->   Operation 375 'icmp' 'icmp_ln66_63' <Predicate = (icmp_ln55 & and_ln55_2)> <Delay = 2.14> <CoreInst = "Cmp">   --->   Core 9 'Cmp' <Latency = 0> <II = 1> <Delay = 2.14> <FuncUnit> <Opcode : 'seteq' 'setne' 'setle' 'setge' 'setlt' 'setgt'> <InPorts = 2> <OutPorts = 1>
ST_4 : Operation 376 [1/1] (0.00ns) (grouped into LUT with out node select_ln0_42)   --->   "%xor_ln66_63 = xor i1 %icmp_ln66_63, i1 1" [firmware/nnet_utils/nnet_common.h:66->firmware/nnet_utils/nnet_common.h:44->firmware/nnet_utils/nnet_common.h:46->firmware/nnet_utils/nnet_pooling_stream.h:21->firmware/nnet_utils/nnet_pooling_stream.h:68->firmware/nnet_utils/nnet_pooling_stream.h:115]   --->   Operation 376 'xor' 'xor_ln66_63' <Predicate = (icmp_ln55 & and_ln55_2)> <Delay = 0.00> <CoreInst = "LogicGate">   --->   Core 74 'LogicGate' <Latency = 0> <II = 1> <Delay = 0.97> <FuncUnit> <Opcode : 'and' 'or' 'xor'> <InPorts = 2> <OutPorts = 1>
ST_4 : Operation 377 [1/1] (1.29ns) (out node of the LUT)   --->   "%select_ln0_42 = select i1 %xor_ln66_63, i16 %p_0_13_0_0_022710_load, i16 %trunc_ln115_12" [firmware/nnet_utils/nnet_common.h:0->firmware/nnet_utils/nnet_common.h:46->firmware/nnet_utils/nnet_pooling_stream.h:21->firmware/nnet_utils/nnet_pooling_stream.h:68->firmware/nnet_utils/nnet_pooling_stream.h:115]   --->   Operation 377 'select' 'select_ln0_42' <Predicate = (icmp_ln55 & and_ln55_2)> <Delay = 1.29> <CoreInst = "Sel">   --->   Core 73 'Sel' <Latency = 0> <II = 1> <Delay = 1.29> <FuncUnit> <Opcode : 'select'> <InPorts = 3> <OutPorts = 1>
ST_4 : Operation 378 [1/1] (2.14ns)   --->   "%icmp_ln66_65 = icmp_slt  i16 %p_0_14_0_0_012316939_load, i16 %select_ln109_7" [firmware/nnet_utils/nnet_common.h:66->firmware/nnet_utils/nnet_common.h:44->firmware/nnet_utils/nnet_common.h:46->firmware/nnet_utils/nnet_pooling_stream.h:21->firmware/nnet_utils/nnet_pooling_stream.h:68->firmware/nnet_utils/nnet_pooling_stream.h:115]   --->   Operation 378 'icmp' 'icmp_ln66_65' <Predicate = (icmp_ln55 & and_ln55_2)> <Delay = 2.14> <CoreInst = "Cmp">   --->   Core 9 'Cmp' <Latency = 0> <II = 1> <Delay = 2.14> <FuncUnit> <Opcode : 'seteq' 'setne' 'setle' 'setge' 'setlt' 'setgt'> <InPorts = 2> <OutPorts = 1>
ST_4 : Operation 379 [1/1] (0.00ns) (grouped into LUT with out node select_ln0_43)   --->   "%xor_ln66_65 = xor i1 %icmp_ln66_65, i1 1" [firmware/nnet_utils/nnet_common.h:66->firmware/nnet_utils/nnet_common.h:44->firmware/nnet_utils/nnet_common.h:46->firmware/nnet_utils/nnet_pooling_stream.h:21->firmware/nnet_utils/nnet_pooling_stream.h:68->firmware/nnet_utils/nnet_pooling_stream.h:115]   --->   Operation 379 'xor' 'xor_ln66_65' <Predicate = (icmp_ln55 & and_ln55_2)> <Delay = 0.00> <CoreInst = "LogicGate">   --->   Core 74 'LogicGate' <Latency = 0> <II = 1> <Delay = 0.97> <FuncUnit> <Opcode : 'and' 'or' 'xor'> <InPorts = 2> <OutPorts = 1>
ST_4 : Operation 380 [1/1] (1.29ns) (out node of the LUT)   --->   "%select_ln0_43 = select i1 %xor_ln66_65, i16 %p_0_14_0_0_012316939_load, i16 %select_ln109_7" [firmware/nnet_utils/nnet_common.h:0->firmware/nnet_utils/nnet_common.h:46->firmware/nnet_utils/nnet_pooling_stream.h:21->firmware/nnet_utils/nnet_pooling_stream.h:68->firmware/nnet_utils/nnet_pooling_stream.h:115]   --->   Operation 380 'select' 'select_ln0_43' <Predicate = (icmp_ln55 & and_ln55_2)> <Delay = 1.29> <CoreInst = "Sel">   --->   Core 73 'Sel' <Latency = 0> <II = 1> <Delay = 1.29> <FuncUnit> <Opcode : 'select'> <InPorts = 3> <OutPorts = 1>
ST_4 : Operation 381 [1/1] (2.14ns)   --->   "%icmp_ln66_66 = icmp_slt  i16 %p_0_14_0_0_02318_load, i16 %trunc_ln115_13" [firmware/nnet_utils/nnet_common.h:66->firmware/nnet_utils/nnet_common.h:44->firmware/nnet_utils/nnet_common.h:46->firmware/nnet_utils/nnet_pooling_stream.h:21->firmware/nnet_utils/nnet_pooling_stream.h:68->firmware/nnet_utils/nnet_pooling_stream.h:115]   --->   Operation 381 'icmp' 'icmp_ln66_66' <Predicate = (icmp_ln55 & and_ln55_2)> <Delay = 2.14> <CoreInst = "Cmp">   --->   Core 9 'Cmp' <Latency = 0> <II = 1> <Delay = 2.14> <FuncUnit> <Opcode : 'seteq' 'setne' 'setle' 'setge' 'setlt' 'setgt'> <InPorts = 2> <OutPorts = 1>
ST_4 : Operation 382 [1/1] (0.00ns) (grouped into LUT with out node select_ln0_44)   --->   "%xor_ln66_66 = xor i1 %icmp_ln66_66, i1 1" [firmware/nnet_utils/nnet_common.h:66->firmware/nnet_utils/nnet_common.h:44->firmware/nnet_utils/nnet_common.h:46->firmware/nnet_utils/nnet_pooling_stream.h:21->firmware/nnet_utils/nnet_pooling_stream.h:68->firmware/nnet_utils/nnet_pooling_stream.h:115]   --->   Operation 382 'xor' 'xor_ln66_66' <Predicate = (icmp_ln55 & and_ln55_2)> <Delay = 0.00> <CoreInst = "LogicGate">   --->   Core 74 'LogicGate' <Latency = 0> <II = 1> <Delay = 0.97> <FuncUnit> <Opcode : 'and' 'or' 'xor'> <InPorts = 2> <OutPorts = 1>
ST_4 : Operation 383 [1/1] (1.29ns) (out node of the LUT)   --->   "%select_ln0_44 = select i1 %xor_ln66_66, i16 %p_0_14_0_0_02318_load, i16 %trunc_ln115_13" [firmware/nnet_utils/nnet_common.h:0->firmware/nnet_utils/nnet_common.h:46->firmware/nnet_utils/nnet_pooling_stream.h:21->firmware/nnet_utils/nnet_pooling_stream.h:68->firmware/nnet_utils/nnet_pooling_stream.h:115]   --->   Operation 383 'select' 'select_ln0_44' <Predicate = (icmp_ln55 & and_ln55_2)> <Delay = 1.29> <CoreInst = "Sel">   --->   Core 73 'Sel' <Latency = 0> <II = 1> <Delay = 1.29> <FuncUnit> <Opcode : 'select'> <InPorts = 3> <OutPorts = 1>
ST_4 : Operation 384 [1/1] (2.14ns)   --->   "%icmp_ln66_68 = icmp_slt  i16 %p_0_15_0_0_012517237_load, i16 %select_ln109" [firmware/nnet_utils/nnet_common.h:66->firmware/nnet_utils/nnet_common.h:44->firmware/nnet_utils/nnet_common.h:46->firmware/nnet_utils/nnet_pooling_stream.h:21->firmware/nnet_utils/nnet_pooling_stream.h:68->firmware/nnet_utils/nnet_pooling_stream.h:115]   --->   Operation 384 'icmp' 'icmp_ln66_68' <Predicate = (icmp_ln55 & and_ln55_2)> <Delay = 2.14> <CoreInst = "Cmp">   --->   Core 9 'Cmp' <Latency = 0> <II = 1> <Delay = 2.14> <FuncUnit> <Opcode : 'seteq' 'setne' 'setle' 'setge' 'setlt' 'setgt'> <InPorts = 2> <OutPorts = 1>
ST_4 : Operation 385 [1/1] (0.00ns) (grouped into LUT with out node select_ln0_45)   --->   "%xor_ln66_68 = xor i1 %icmp_ln66_68, i1 1" [firmware/nnet_utils/nnet_common.h:66->firmware/nnet_utils/nnet_common.h:44->firmware/nnet_utils/nnet_common.h:46->firmware/nnet_utils/nnet_pooling_stream.h:21->firmware/nnet_utils/nnet_pooling_stream.h:68->firmware/nnet_utils/nnet_pooling_stream.h:115]   --->   Operation 385 'xor' 'xor_ln66_68' <Predicate = (icmp_ln55 & and_ln55_2)> <Delay = 0.00> <CoreInst = "LogicGate">   --->   Core 74 'LogicGate' <Latency = 0> <II = 1> <Delay = 0.97> <FuncUnit> <Opcode : 'and' 'or' 'xor'> <InPorts = 2> <OutPorts = 1>
ST_4 : Operation 386 [1/1] (1.29ns) (out node of the LUT)   --->   "%select_ln0_45 = select i1 %xor_ln66_68, i16 %p_0_15_0_0_012517237_load, i16 %select_ln109" [firmware/nnet_utils/nnet_common.h:0->firmware/nnet_utils/nnet_common.h:46->firmware/nnet_utils/nnet_pooling_stream.h:21->firmware/nnet_utils/nnet_pooling_stream.h:68->firmware/nnet_utils/nnet_pooling_stream.h:115]   --->   Operation 386 'select' 'select_ln0_45' <Predicate = (icmp_ln55 & and_ln55_2)> <Delay = 1.29> <CoreInst = "Sel">   --->   Core 73 'Sel' <Latency = 0> <II = 1> <Delay = 1.29> <FuncUnit> <Opcode : 'select'> <InPorts = 3> <OutPorts = 1>
ST_4 : Operation 387 [1/1] (2.14ns)   --->   "%icmp_ln66_69 = icmp_slt  i16 %p_0_15_0_0_02356_load, i16 %trunc_ln115_14" [firmware/nnet_utils/nnet_common.h:66->firmware/nnet_utils/nnet_common.h:44->firmware/nnet_utils/nnet_common.h:46->firmware/nnet_utils/nnet_pooling_stream.h:21->firmware/nnet_utils/nnet_pooling_stream.h:68->firmware/nnet_utils/nnet_pooling_stream.h:115]   --->   Operation 387 'icmp' 'icmp_ln66_69' <Predicate = (icmp_ln55 & and_ln55_2)> <Delay = 2.14> <CoreInst = "Cmp">   --->   Core 9 'Cmp' <Latency = 0> <II = 1> <Delay = 2.14> <FuncUnit> <Opcode : 'seteq' 'setne' 'setle' 'setge' 'setlt' 'setgt'> <InPorts = 2> <OutPorts = 1>
ST_4 : Operation 388 [1/1] (0.00ns) (grouped into LUT with out node select_ln0_46)   --->   "%xor_ln66_69 = xor i1 %icmp_ln66_69, i1 1" [firmware/nnet_utils/nnet_common.h:66->firmware/nnet_utils/nnet_common.h:44->firmware/nnet_utils/nnet_common.h:46->firmware/nnet_utils/nnet_pooling_stream.h:21->firmware/nnet_utils/nnet_pooling_stream.h:68->firmware/nnet_utils/nnet_pooling_stream.h:115]   --->   Operation 388 'xor' 'xor_ln66_69' <Predicate = (icmp_ln55 & and_ln55_2)> <Delay = 0.00> <CoreInst = "LogicGate">   --->   Core 74 'LogicGate' <Latency = 0> <II = 1> <Delay = 0.97> <FuncUnit> <Opcode : 'and' 'or' 'xor'> <InPorts = 2> <OutPorts = 1>
ST_4 : Operation 389 [1/1] (1.29ns) (out node of the LUT)   --->   "%select_ln0_46 = select i1 %xor_ln66_69, i16 %p_0_15_0_0_02356_load, i16 %trunc_ln115_14" [firmware/nnet_utils/nnet_common.h:0->firmware/nnet_utils/nnet_common.h:46->firmware/nnet_utils/nnet_pooling_stream.h:21->firmware/nnet_utils/nnet_pooling_stream.h:68->firmware/nnet_utils/nnet_pooling_stream.h:115]   --->   Operation 389 'select' 'select_ln0_46' <Predicate = (icmp_ln55 & and_ln55_2)> <Delay = 1.29> <CoreInst = "Sel">   --->   Core 73 'Sel' <Latency = 0> <II = 1> <Delay = 1.29> <FuncUnit> <Opcode : 'select'> <InPorts = 3> <OutPorts = 1>
ST_4 : Operation 390 [1/1] (1.61ns)   --->   "%store_ln89 = store i32 %add_ln76, i32 %pX_1" [firmware/nnet_utils/nnet_pooling_stream.h:89->firmware/nnet_utils/nnet_pooling_stream.h:115]   --->   Operation 390 'store' 'store_ln89' <Predicate = (!icmp_ln76)> <Delay = 1.61>
ST_4 : Operation 391 [1/1] (1.61ns)   --->   "%store_ln91 = store i32 %select_ln91, i32 %sX_1" [firmware/nnet_utils/nnet_pooling_stream.h:91->firmware/nnet_utils/nnet_pooling_stream.h:115]   --->   Operation 391 'store' 'store_ln91' <Predicate = (!icmp_ln76)> <Delay = 1.61>
ST_4 : Operation 392 [1/1] (0.00ns)   --->   "%br_ln0 = br void %for.inc"   --->   Operation 392 'br' 'br_ln0' <Predicate = (!icmp_ln76)> <Delay = 0.00>
ST_4 : Operation 393 [1/1] (1.61ns)   --->   "%store_ln78 = store i32 0, i32 %pX_1" [firmware/nnet_utils/nnet_pooling_stream.h:78->firmware/nnet_utils/nnet_pooling_stream.h:115]   --->   Operation 393 'store' 'store_ln78' <Predicate = (icmp_ln76)> <Delay = 1.61>
ST_4 : Operation 394 [1/1] (1.61ns)   --->   "%store_ln79 = store i32 0, i32 %sX_1" [firmware/nnet_utils/nnet_pooling_stream.h:79->firmware/nnet_utils/nnet_pooling_stream.h:115]   --->   Operation 394 'store' 'store_ln79' <Predicate = (icmp_ln76)> <Delay = 1.61>
ST_4 : Operation 395 [1/1] (2.70ns)   --->   "%icmp_ln80 = icmp_eq  i32 %add_ln80, i32 11" [firmware/nnet_utils/nnet_pooling_stream.h:80->firmware/nnet_utils/nnet_pooling_stream.h:115]   --->   Operation 395 'icmp' 'icmp_ln80' <Predicate = (icmp_ln76)> <Delay = 2.70> <CoreInst = "Cmp">   --->   Core 9 'Cmp' <Latency = 0> <II = 1> <Delay = 2.70> <FuncUnit> <Opcode : 'seteq' 'setne' 'setle' 'setge' 'setlt' 'setgt'> <InPorts = 2> <OutPorts = 1>
ST_4 : Operation 396 [1/1] (0.00ns)   --->   "%br_ln80 = br i1 %icmp_ln80, void %if.else.i, void %if.then22.i" [firmware/nnet_utils/nnet_pooling_stream.h:80->firmware/nnet_utils/nnet_pooling_stream.h:115]   --->   Operation 396 'br' 'br_ln80' <Predicate = (icmp_ln76)> <Delay = 0.00>
ST_4 : Operation 397 [1/1] (0.00ns)   --->   "%sY_1_load_1 = load i32 %sY_1" [firmware/nnet_utils/nnet_pooling_stream.h:86->firmware/nnet_utils/nnet_pooling_stream.h:115]   --->   Operation 397 'load' 'sY_1_load_1' <Predicate = (icmp_ln76 & !icmp_ln80)> <Delay = 0.00>
ST_4 : Operation 398 [1/1] (2.70ns)   --->   "%icmp_ln86 = icmp_eq  i32 %sY_1_load_1, i32 1" [firmware/nnet_utils/nnet_pooling_stream.h:86->firmware/nnet_utils/nnet_pooling_stream.h:115]   --->   Operation 398 'icmp' 'icmp_ln86' <Predicate = (icmp_ln76 & !icmp_ln80)> <Delay = 2.70> <CoreInst = "Cmp">   --->   Core 9 'Cmp' <Latency = 0> <II = 1> <Delay = 2.70> <FuncUnit> <Opcode : 'seteq' 'setne' 'setle' 'setge' 'setlt' 'setgt'> <InPorts = 2> <OutPorts = 1>
ST_4 : Operation 399 [1/1] (2.70ns)   --->   "%add_ln86 = add i32 %sY_1_load_1, i32 1" [firmware/nnet_utils/nnet_pooling_stream.h:86->firmware/nnet_utils/nnet_pooling_stream.h:115]   --->   Operation 399 'add' 'add_ln86' <Predicate = (icmp_ln76 & !icmp_ln80)> <Delay = 2.70> <CoreInst = "Adder">   --->   Core 1 'Adder' <Latency = 0> <II = 1> <Delay = 2.70> <FuncUnit> <Opcode : 'add' 'sub'> <InPorts = 2> <OutPorts = 1>
ST_4 : Operation 400 [1/1] (0.79ns)   --->   "%select_ln86 = select i1 %icmp_ln86, i32 0, i32 %add_ln86" [firmware/nnet_utils/nnet_pooling_stream.h:86->firmware/nnet_utils/nnet_pooling_stream.h:115]   --->   Operation 400 'select' 'select_ln86' <Predicate = (icmp_ln76 & !icmp_ln80)> <Delay = 0.79> <CoreInst = "Sel">   --->   Core 73 'Sel' <Latency = 0> <II = 1> <Delay = 0.79> <FuncUnit> <Opcode : 'select'> <InPorts = 3> <OutPorts = 1>
ST_4 : Operation 401 [1/1] (1.77ns)   --->   "%icmp_ln111 = icmp_eq  i4 %i_iw_3, i4 11" [firmware/nnet_utils/nnet_pooling_stream.h:111]   --->   Operation 401 'icmp' 'icmp_ln111' <Predicate = true> <Delay = 1.77> <CoreInst = "Cmp">   --->   Core 9 'Cmp' <Latency = 0> <II = 1> <Delay = 1.77> <FuncUnit> <Opcode : 'seteq' 'setne' 'setle' 'setge' 'setlt' 'setgt'> <InPorts = 2> <OutPorts = 1>
ST_4 : Operation 402 [1/1] (2.03ns)   --->   "%icmp_ln109 = icmp_eq  i7 %indvar_flatten3_load, i7 120" [firmware/nnet_utils/nnet_pooling_stream.h:109]   --->   Operation 402 'icmp' 'icmp_ln109' <Predicate = true> <Delay = 2.03> <CoreInst = "Cmp">   --->   Core 9 'Cmp' <Latency = 0> <II = 1> <Delay = 2.03> <FuncUnit> <Opcode : 'seteq' 'setne' 'setle' 'setge' 'setlt' 'setgt'> <InPorts = 2> <OutPorts = 1>
ST_4 : Operation 403 [1/1] (1.61ns)   --->   "%store_ln111 = store i4 %i_iw_3, i4 %i_iw" [firmware/nnet_utils/nnet_pooling_stream.h:111]   --->   Operation 403 'store' 'store_ln111' <Predicate = true> <Delay = 1.61>
ST_4 : Operation 404 [1/1] (1.61ns)   --->   "%store_ln241 = store i16 %p_0_0_0_0_09584, i16 %p_0_0_0_0_09512767" [firmware/nnet_utils/nnet_conv_stream.h:241->firmware/nnet_utils/nnet_pooling_stream.h:52->firmware/nnet_utils/nnet_pooling_stream.h:115]   --->   Operation 404 'store' 'store_ln241' <Predicate = true> <Delay = 1.61>
ST_4 : Operation 405 [1/1] (1.61ns)   --->   "%store_ln109 = store i16 %select_ln109_20, i16 %p_0_1_0_0_09713065" [firmware/nnet_utils/nnet_pooling_stream.h:109]   --->   Operation 405 'store' 'store_ln109' <Predicate = true> <Delay = 1.61>
ST_4 : Operation 406 [1/1] (1.61ns)   --->   "%store_ln109 = store i16 %select_ln109_19, i16 %p_0_2_0_0_09913363" [firmware/nnet_utils/nnet_pooling_stream.h:109]   --->   Operation 406 'store' 'store_ln109' <Predicate = true> <Delay = 1.61>
ST_4 : Operation 407 [1/1] (1.61ns)   --->   "%store_ln109 = store i16 %select_ln109_18, i16 %p_0_3_0_0_010113661" [firmware/nnet_utils/nnet_pooling_stream.h:109]   --->   Operation 407 'store' 'store_ln109' <Predicate = true> <Delay = 1.61>
ST_4 : Operation 408 [1/1] (1.61ns)   --->   "%store_ln109 = store i16 %select_ln109_17, i16 %p_0_4_0_0_010313959" [firmware/nnet_utils/nnet_pooling_stream.h:109]   --->   Operation 408 'store' 'store_ln109' <Predicate = true> <Delay = 1.61>
ST_4 : Operation 409 [1/1] (1.61ns)   --->   "%store_ln109 = store i16 %select_ln109_16, i16 %p_0_5_0_0_010514257" [firmware/nnet_utils/nnet_pooling_stream.h:109]   --->   Operation 409 'store' 'store_ln109' <Predicate = true> <Delay = 1.61>
ST_4 : Operation 410 [1/1] (1.61ns)   --->   "%store_ln109 = store i16 %select_ln109_15, i16 %p_0_6_0_0_010714555" [firmware/nnet_utils/nnet_pooling_stream.h:109]   --->   Operation 410 'store' 'store_ln109' <Predicate = true> <Delay = 1.61>
ST_4 : Operation 411 [1/1] (1.61ns)   --->   "%store_ln109 = store i16 %select_ln109_14, i16 %p_0_7_0_0_010914853" [firmware/nnet_utils/nnet_pooling_stream.h:109]   --->   Operation 411 'store' 'store_ln109' <Predicate = true> <Delay = 1.61>
ST_4 : Operation 412 [1/1] (1.61ns)   --->   "%store_ln109 = store i16 %select_ln109_13, i16 %p_0_8_0_0_011115151" [firmware/nnet_utils/nnet_pooling_stream.h:109]   --->   Operation 412 'store' 'store_ln109' <Predicate = true> <Delay = 1.61>
ST_4 : Operation 413 [1/1] (1.61ns)   --->   "%store_ln109 = store i16 %select_ln109_12, i16 %p_0_9_0_0_011315449" [firmware/nnet_utils/nnet_pooling_stream.h:109]   --->   Operation 413 'store' 'store_ln109' <Predicate = true> <Delay = 1.61>
ST_4 : Operation 414 [1/1] (1.61ns)   --->   "%store_ln109 = store i16 %select_ln109_11, i16 %p_0_10_0_0_011515747" [firmware/nnet_utils/nnet_pooling_stream.h:109]   --->   Operation 414 'store' 'store_ln109' <Predicate = true> <Delay = 1.61>
ST_4 : Operation 415 [1/1] (1.61ns)   --->   "%store_ln109 = store i16 %select_ln109_10, i16 %p_0_11_0_0_011716045" [firmware/nnet_utils/nnet_pooling_stream.h:109]   --->   Operation 415 'store' 'store_ln109' <Predicate = true> <Delay = 1.61>
ST_4 : Operation 416 [1/1] (1.61ns)   --->   "%store_ln109 = store i16 %select_ln109_9, i16 %p_0_12_0_0_011916343" [firmware/nnet_utils/nnet_pooling_stream.h:109]   --->   Operation 416 'store' 'store_ln109' <Predicate = true> <Delay = 1.61>
ST_4 : Operation 417 [1/1] (1.61ns)   --->   "%store_ln109 = store i16 %select_ln109_8, i16 %p_0_13_0_0_012116641" [firmware/nnet_utils/nnet_pooling_stream.h:109]   --->   Operation 417 'store' 'store_ln109' <Predicate = true> <Delay = 1.61>
ST_4 : Operation 418 [1/1] (1.61ns)   --->   "%store_ln109 = store i16 %select_ln109_7, i16 %p_0_14_0_0_012316939" [firmware/nnet_utils/nnet_pooling_stream.h:109]   --->   Operation 418 'store' 'store_ln109' <Predicate = true> <Delay = 1.61>
ST_4 : Operation 419 [1/1] (1.61ns)   --->   "%store_ln109 = store i16 %select_ln109, i16 %p_0_15_0_0_012517237" [firmware/nnet_utils/nnet_pooling_stream.h:109]   --->   Operation 419 'store' 'store_ln109' <Predicate = true> <Delay = 1.61>
ST_4 : Operation 420 [1/1] (1.61ns)   --->   "%store_ln115 = store i16 %trunc_ln115, i16 %p_0_0_0_0_017536" [firmware/nnet_utils/nnet_pooling_stream.h:115]   --->   Operation 420 'store' 'store_ln115' <Predicate = true> <Delay = 1.61>
ST_4 : Operation 421 [1/1] (1.61ns)   --->   "%store_ln109 = store i7 %add_ln109, i7 %indvar_flatten3" [firmware/nnet_utils/nnet_pooling_stream.h:109]   --->   Operation 421 'store' 'store_ln109' <Predicate = true> <Delay = 1.61>
ST_4 : Operation 422 [1/1] (0.00ns)   --->   "%br_ln109 = br i1 %icmp_ln109, void %for.inc15, void %for.end17" [firmware/nnet_utils/nnet_pooling_stream.h:109]   --->   Operation 422 'br' 'br_ln109' <Predicate = true> <Delay = 0.00>

State 5 <SV = 4> <Delay = 3.43>
ST_5 : Operation 423 [1/1] (0.00ns) (grouped into LUT with out node select_ln0_16)   --->   "%xor_ln66_24 = xor i1 %icmp_ln66_24, i1 1" [firmware/nnet_utils/nnet_common.h:66->firmware/nnet_utils/nnet_common.h:44->firmware/nnet_utils/nnet_common.h:46->firmware/nnet_utils/nnet_pooling_stream.h:21->firmware/nnet_utils/nnet_pooling_stream.h:68->firmware/nnet_utils/nnet_pooling_stream.h:115]   --->   Operation 423 'xor' 'xor_ln66_24' <Predicate = (icmp_ln55 & and_ln55_2)> <Delay = 0.00> <CoreInst = "LogicGate">   --->   Core 74 'LogicGate' <Latency = 0> <II = 1> <Delay = 0.97> <FuncUnit> <Opcode : 'and' 'or' 'xor'> <InPorts = 2> <OutPorts = 1>
ST_5 : Operation 424 [1/1] (1.29ns) (out node of the LUT)   --->   "%select_ln0_16 = select i1 %xor_ln66_24, i16 %select_ln10987, i16 %trunc_ln115" [firmware/nnet_utils/nnet_common.h:0->firmware/nnet_utils/nnet_common.h:46->firmware/nnet_utils/nnet_pooling_stream.h:21->firmware/nnet_utils/nnet_pooling_stream.h:68->firmware/nnet_utils/nnet_pooling_stream.h:115]   --->   Operation 424 'select' 'select_ln0_16' <Predicate = (icmp_ln55 & and_ln55_2)> <Delay = 1.29> <CoreInst = "Sel">   --->   Core 73 'Sel' <Latency = 0> <II = 1> <Delay = 1.29> <FuncUnit> <Opcode : 'select'> <InPorts = 3> <OutPorts = 1>
ST_5 : Operation 425 [1/1] (2.14ns)   --->   "%icmp_ln66_25 = icmp_slt  i16 %select_ln0, i16 %select_ln0_16" [firmware/nnet_utils/nnet_common.h:66->firmware/nnet_utils/nnet_common.h:46->firmware/nnet_utils/nnet_pooling_stream.h:21->firmware/nnet_utils/nnet_pooling_stream.h:68->firmware/nnet_utils/nnet_pooling_stream.h:115]   --->   Operation 425 'icmp' 'icmp_ln66_25' <Predicate = (icmp_ln55 & and_ln55_2)> <Delay = 2.14> <CoreInst = "Cmp">   --->   Core 9 'Cmp' <Latency = 0> <II = 1> <Delay = 2.14> <FuncUnit> <Opcode : 'seteq' 'setne' 'setle' 'setge' 'setlt' 'setgt'> <InPorts = 2> <OutPorts = 1>
ST_5 : Operation 426 [1/1] (2.14ns)   --->   "%icmp_ln66_28 = icmp_slt  i16 %select_ln0_17, i16 %select_ln0_18" [firmware/nnet_utils/nnet_common.h:66->firmware/nnet_utils/nnet_common.h:46->firmware/nnet_utils/nnet_pooling_stream.h:21->firmware/nnet_utils/nnet_pooling_stream.h:68->firmware/nnet_utils/nnet_pooling_stream.h:115]   --->   Operation 426 'icmp' 'icmp_ln66_28' <Predicate = (icmp_ln55 & and_ln55_2)> <Delay = 2.14> <CoreInst = "Cmp">   --->   Core 9 'Cmp' <Latency = 0> <II = 1> <Delay = 2.14> <FuncUnit> <Opcode : 'seteq' 'setne' 'setle' 'setge' 'setlt' 'setgt'> <InPorts = 2> <OutPorts = 1>
ST_5 : Operation 427 [1/1] (0.00ns) (grouped into LUT with out node res_pack_8)   --->   "%xor_ln66_28 = xor i1 %icmp_ln66_28, i1 1" [firmware/nnet_utils/nnet_common.h:66->firmware/nnet_utils/nnet_common.h:46->firmware/nnet_utils/nnet_pooling_stream.h:21->firmware/nnet_utils/nnet_pooling_stream.h:68->firmware/nnet_utils/nnet_pooling_stream.h:115]   --->   Operation 427 'xor' 'xor_ln66_28' <Predicate = (icmp_ln55 & and_ln55_2)> <Delay = 0.00> <CoreInst = "LogicGate">   --->   Core 74 'LogicGate' <Latency = 0> <II = 1> <Delay = 0.97> <FuncUnit> <Opcode : 'and' 'or' 'xor'> <InPorts = 2> <OutPorts = 1>
ST_5 : Operation 428 [1/1] (1.29ns) (out node of the LUT)   --->   "%res_pack_8 = select i1 %xor_ln66_28, i16 %select_ln0_17, i16 %select_ln0_18" [firmware/nnet_utils/nnet_pooling_stream.h:67->firmware/nnet_utils/nnet_pooling_stream.h:115]   --->   Operation 428 'select' 'res_pack_8' <Predicate = (icmp_ln55 & and_ln55_2)> <Delay = 1.29> <CoreInst = "Sel">   --->   Core 73 'Sel' <Latency = 0> <II = 1> <Delay = 1.29> <FuncUnit> <Opcode : 'select'> <InPorts = 3> <OutPorts = 1>
ST_5 : Operation 429 [1/1] (2.14ns)   --->   "%icmp_ln66_31 = icmp_slt  i16 %select_ln0_19, i16 %select_ln0_20" [firmware/nnet_utils/nnet_common.h:66->firmware/nnet_utils/nnet_common.h:46->firmware/nnet_utils/nnet_pooling_stream.h:21->firmware/nnet_utils/nnet_pooling_stream.h:68->firmware/nnet_utils/nnet_pooling_stream.h:115]   --->   Operation 429 'icmp' 'icmp_ln66_31' <Predicate = (icmp_ln55 & and_ln55_2)> <Delay = 2.14> <CoreInst = "Cmp">   --->   Core 9 'Cmp' <Latency = 0> <II = 1> <Delay = 2.14> <FuncUnit> <Opcode : 'seteq' 'setne' 'setle' 'setge' 'setlt' 'setgt'> <InPorts = 2> <OutPorts = 1>
ST_5 : Operation 430 [1/1] (0.00ns) (grouped into LUT with out node res_pack_9)   --->   "%xor_ln66_31 = xor i1 %icmp_ln66_31, i1 1" [firmware/nnet_utils/nnet_common.h:66->firmware/nnet_utils/nnet_common.h:46->firmware/nnet_utils/nnet_pooling_stream.h:21->firmware/nnet_utils/nnet_pooling_stream.h:68->firmware/nnet_utils/nnet_pooling_stream.h:115]   --->   Operation 430 'xor' 'xor_ln66_31' <Predicate = (icmp_ln55 & and_ln55_2)> <Delay = 0.00> <CoreInst = "LogicGate">   --->   Core 74 'LogicGate' <Latency = 0> <II = 1> <Delay = 0.97> <FuncUnit> <Opcode : 'and' 'or' 'xor'> <InPorts = 2> <OutPorts = 1>
ST_5 : Operation 431 [1/1] (1.29ns) (out node of the LUT)   --->   "%res_pack_9 = select i1 %xor_ln66_31, i16 %select_ln0_19, i16 %select_ln0_20" [firmware/nnet_utils/nnet_pooling_stream.h:67->firmware/nnet_utils/nnet_pooling_stream.h:115]   --->   Operation 431 'select' 'res_pack_9' <Predicate = (icmp_ln55 & and_ln55_2)> <Delay = 1.29> <CoreInst = "Sel">   --->   Core 73 'Sel' <Latency = 0> <II = 1> <Delay = 1.29> <FuncUnit> <Opcode : 'select'> <InPorts = 3> <OutPorts = 1>
ST_5 : Operation 432 [1/1] (2.14ns)   --->   "%icmp_ln66_34 = icmp_slt  i16 %select_ln0_21, i16 %select_ln0_22" [firmware/nnet_utils/nnet_common.h:66->firmware/nnet_utils/nnet_common.h:46->firmware/nnet_utils/nnet_pooling_stream.h:21->firmware/nnet_utils/nnet_pooling_stream.h:68->firmware/nnet_utils/nnet_pooling_stream.h:115]   --->   Operation 432 'icmp' 'icmp_ln66_34' <Predicate = (icmp_ln55 & and_ln55_2)> <Delay = 2.14> <CoreInst = "Cmp">   --->   Core 9 'Cmp' <Latency = 0> <II = 1> <Delay = 2.14> <FuncUnit> <Opcode : 'seteq' 'setne' 'setle' 'setge' 'setlt' 'setgt'> <InPorts = 2> <OutPorts = 1>
ST_5 : Operation 433 [1/1] (0.00ns) (grouped into LUT with out node res_pack_10)   --->   "%xor_ln66_34 = xor i1 %icmp_ln66_34, i1 1" [firmware/nnet_utils/nnet_common.h:66->firmware/nnet_utils/nnet_common.h:46->firmware/nnet_utils/nnet_pooling_stream.h:21->firmware/nnet_utils/nnet_pooling_stream.h:68->firmware/nnet_utils/nnet_pooling_stream.h:115]   --->   Operation 433 'xor' 'xor_ln66_34' <Predicate = (icmp_ln55 & and_ln55_2)> <Delay = 0.00> <CoreInst = "LogicGate">   --->   Core 74 'LogicGate' <Latency = 0> <II = 1> <Delay = 0.97> <FuncUnit> <Opcode : 'and' 'or' 'xor'> <InPorts = 2> <OutPorts = 1>
ST_5 : Operation 434 [1/1] (1.29ns) (out node of the LUT)   --->   "%res_pack_10 = select i1 %xor_ln66_34, i16 %select_ln0_21, i16 %select_ln0_22" [firmware/nnet_utils/nnet_pooling_stream.h:67->firmware/nnet_utils/nnet_pooling_stream.h:115]   --->   Operation 434 'select' 'res_pack_10' <Predicate = (icmp_ln55 & and_ln55_2)> <Delay = 1.29> <CoreInst = "Sel">   --->   Core 73 'Sel' <Latency = 0> <II = 1> <Delay = 1.29> <FuncUnit> <Opcode : 'select'> <InPorts = 3> <OutPorts = 1>
ST_5 : Operation 435 [1/1] (2.14ns)   --->   "%icmp_ln66_37 = icmp_slt  i16 %select_ln0_23, i16 %select_ln0_24" [firmware/nnet_utils/nnet_common.h:66->firmware/nnet_utils/nnet_common.h:46->firmware/nnet_utils/nnet_pooling_stream.h:21->firmware/nnet_utils/nnet_pooling_stream.h:68->firmware/nnet_utils/nnet_pooling_stream.h:115]   --->   Operation 435 'icmp' 'icmp_ln66_37' <Predicate = (icmp_ln55 & and_ln55_2)> <Delay = 2.14> <CoreInst = "Cmp">   --->   Core 9 'Cmp' <Latency = 0> <II = 1> <Delay = 2.14> <FuncUnit> <Opcode : 'seteq' 'setne' 'setle' 'setge' 'setlt' 'setgt'> <InPorts = 2> <OutPorts = 1>
ST_5 : Operation 436 [1/1] (0.00ns) (grouped into LUT with out node res_pack_11)   --->   "%xor_ln66_37 = xor i1 %icmp_ln66_37, i1 1" [firmware/nnet_utils/nnet_common.h:66->firmware/nnet_utils/nnet_common.h:46->firmware/nnet_utils/nnet_pooling_stream.h:21->firmware/nnet_utils/nnet_pooling_stream.h:68->firmware/nnet_utils/nnet_pooling_stream.h:115]   --->   Operation 436 'xor' 'xor_ln66_37' <Predicate = (icmp_ln55 & and_ln55_2)> <Delay = 0.00> <CoreInst = "LogicGate">   --->   Core 74 'LogicGate' <Latency = 0> <II = 1> <Delay = 0.97> <FuncUnit> <Opcode : 'and' 'or' 'xor'> <InPorts = 2> <OutPorts = 1>
ST_5 : Operation 437 [1/1] (1.29ns) (out node of the LUT)   --->   "%res_pack_11 = select i1 %xor_ln66_37, i16 %select_ln0_23, i16 %select_ln0_24" [firmware/nnet_utils/nnet_pooling_stream.h:67->firmware/nnet_utils/nnet_pooling_stream.h:115]   --->   Operation 437 'select' 'res_pack_11' <Predicate = (icmp_ln55 & and_ln55_2)> <Delay = 1.29> <CoreInst = "Sel">   --->   Core 73 'Sel' <Latency = 0> <II = 1> <Delay = 1.29> <FuncUnit> <Opcode : 'select'> <InPorts = 3> <OutPorts = 1>
ST_5 : Operation 438 [1/1] (2.14ns)   --->   "%icmp_ln66_40 = icmp_slt  i16 %select_ln0_25, i16 %select_ln0_26" [firmware/nnet_utils/nnet_common.h:66->firmware/nnet_utils/nnet_common.h:46->firmware/nnet_utils/nnet_pooling_stream.h:21->firmware/nnet_utils/nnet_pooling_stream.h:68->firmware/nnet_utils/nnet_pooling_stream.h:115]   --->   Operation 438 'icmp' 'icmp_ln66_40' <Predicate = (icmp_ln55 & and_ln55_2)> <Delay = 2.14> <CoreInst = "Cmp">   --->   Core 9 'Cmp' <Latency = 0> <II = 1> <Delay = 2.14> <FuncUnit> <Opcode : 'seteq' 'setne' 'setle' 'setge' 'setlt' 'setgt'> <InPorts = 2> <OutPorts = 1>
ST_5 : Operation 439 [1/1] (0.00ns) (grouped into LUT with out node res_pack_12)   --->   "%xor_ln66_40 = xor i1 %icmp_ln66_40, i1 1" [firmware/nnet_utils/nnet_common.h:66->firmware/nnet_utils/nnet_common.h:46->firmware/nnet_utils/nnet_pooling_stream.h:21->firmware/nnet_utils/nnet_pooling_stream.h:68->firmware/nnet_utils/nnet_pooling_stream.h:115]   --->   Operation 439 'xor' 'xor_ln66_40' <Predicate = (icmp_ln55 & and_ln55_2)> <Delay = 0.00> <CoreInst = "LogicGate">   --->   Core 74 'LogicGate' <Latency = 0> <II = 1> <Delay = 0.97> <FuncUnit> <Opcode : 'and' 'or' 'xor'> <InPorts = 2> <OutPorts = 1>
ST_5 : Operation 440 [1/1] (1.29ns) (out node of the LUT)   --->   "%res_pack_12 = select i1 %xor_ln66_40, i16 %select_ln0_25, i16 %select_ln0_26" [firmware/nnet_utils/nnet_pooling_stream.h:67->firmware/nnet_utils/nnet_pooling_stream.h:115]   --->   Operation 440 'select' 'res_pack_12' <Predicate = (icmp_ln55 & and_ln55_2)> <Delay = 1.29> <CoreInst = "Sel">   --->   Core 73 'Sel' <Latency = 0> <II = 1> <Delay = 1.29> <FuncUnit> <Opcode : 'select'> <InPorts = 3> <OutPorts = 1>
ST_5 : Operation 441 [1/1] (2.14ns)   --->   "%icmp_ln66_43 = icmp_slt  i16 %select_ln0_27, i16 %select_ln0_28" [firmware/nnet_utils/nnet_common.h:66->firmware/nnet_utils/nnet_common.h:46->firmware/nnet_utils/nnet_pooling_stream.h:21->firmware/nnet_utils/nnet_pooling_stream.h:68->firmware/nnet_utils/nnet_pooling_stream.h:115]   --->   Operation 441 'icmp' 'icmp_ln66_43' <Predicate = (icmp_ln55 & and_ln55_2)> <Delay = 2.14> <CoreInst = "Cmp">   --->   Core 9 'Cmp' <Latency = 0> <II = 1> <Delay = 2.14> <FuncUnit> <Opcode : 'seteq' 'setne' 'setle' 'setge' 'setlt' 'setgt'> <InPorts = 2> <OutPorts = 1>
ST_5 : Operation 442 [1/1] (0.00ns) (grouped into LUT with out node res_pack_13)   --->   "%xor_ln66_43 = xor i1 %icmp_ln66_43, i1 1" [firmware/nnet_utils/nnet_common.h:66->firmware/nnet_utils/nnet_common.h:46->firmware/nnet_utils/nnet_pooling_stream.h:21->firmware/nnet_utils/nnet_pooling_stream.h:68->firmware/nnet_utils/nnet_pooling_stream.h:115]   --->   Operation 442 'xor' 'xor_ln66_43' <Predicate = (icmp_ln55 & and_ln55_2)> <Delay = 0.00> <CoreInst = "LogicGate">   --->   Core 74 'LogicGate' <Latency = 0> <II = 1> <Delay = 0.97> <FuncUnit> <Opcode : 'and' 'or' 'xor'> <InPorts = 2> <OutPorts = 1>
ST_5 : Operation 443 [1/1] (1.29ns) (out node of the LUT)   --->   "%res_pack_13 = select i1 %xor_ln66_43, i16 %select_ln0_27, i16 %select_ln0_28" [firmware/nnet_utils/nnet_pooling_stream.h:67->firmware/nnet_utils/nnet_pooling_stream.h:115]   --->   Operation 443 'select' 'res_pack_13' <Predicate = (icmp_ln55 & and_ln55_2)> <Delay = 1.29> <CoreInst = "Sel">   --->   Core 73 'Sel' <Latency = 0> <II = 1> <Delay = 1.29> <FuncUnit> <Opcode : 'select'> <InPorts = 3> <OutPorts = 1>
ST_5 : Operation 444 [1/1] (2.14ns)   --->   "%icmp_ln66_46 = icmp_slt  i16 %select_ln0_29, i16 %select_ln0_30" [firmware/nnet_utils/nnet_common.h:66->firmware/nnet_utils/nnet_common.h:46->firmware/nnet_utils/nnet_pooling_stream.h:21->firmware/nnet_utils/nnet_pooling_stream.h:68->firmware/nnet_utils/nnet_pooling_stream.h:115]   --->   Operation 444 'icmp' 'icmp_ln66_46' <Predicate = (icmp_ln55 & and_ln55_2)> <Delay = 2.14> <CoreInst = "Cmp">   --->   Core 9 'Cmp' <Latency = 0> <II = 1> <Delay = 2.14> <FuncUnit> <Opcode : 'seteq' 'setne' 'setle' 'setge' 'setlt' 'setgt'> <InPorts = 2> <OutPorts = 1>
ST_5 : Operation 445 [1/1] (0.00ns) (grouped into LUT with out node res_pack_14)   --->   "%xor_ln66_46 = xor i1 %icmp_ln66_46, i1 1" [firmware/nnet_utils/nnet_common.h:66->firmware/nnet_utils/nnet_common.h:46->firmware/nnet_utils/nnet_pooling_stream.h:21->firmware/nnet_utils/nnet_pooling_stream.h:68->firmware/nnet_utils/nnet_pooling_stream.h:115]   --->   Operation 445 'xor' 'xor_ln66_46' <Predicate = (icmp_ln55 & and_ln55_2)> <Delay = 0.00> <CoreInst = "LogicGate">   --->   Core 74 'LogicGate' <Latency = 0> <II = 1> <Delay = 0.97> <FuncUnit> <Opcode : 'and' 'or' 'xor'> <InPorts = 2> <OutPorts = 1>
ST_5 : Operation 446 [1/1] (1.29ns) (out node of the LUT)   --->   "%res_pack_14 = select i1 %xor_ln66_46, i16 %select_ln0_29, i16 %select_ln0_30" [firmware/nnet_utils/nnet_pooling_stream.h:67->firmware/nnet_utils/nnet_pooling_stream.h:115]   --->   Operation 446 'select' 'res_pack_14' <Predicate = (icmp_ln55 & and_ln55_2)> <Delay = 1.29> <CoreInst = "Sel">   --->   Core 73 'Sel' <Latency = 0> <II = 1> <Delay = 1.29> <FuncUnit> <Opcode : 'select'> <InPorts = 3> <OutPorts = 1>
ST_5 : Operation 447 [1/1] (2.14ns)   --->   "%icmp_ln66_49 = icmp_slt  i16 %select_ln0_31, i16 %select_ln0_32" [firmware/nnet_utils/nnet_common.h:66->firmware/nnet_utils/nnet_common.h:46->firmware/nnet_utils/nnet_pooling_stream.h:21->firmware/nnet_utils/nnet_pooling_stream.h:68->firmware/nnet_utils/nnet_pooling_stream.h:115]   --->   Operation 447 'icmp' 'icmp_ln66_49' <Predicate = (icmp_ln55 & and_ln55_2)> <Delay = 2.14> <CoreInst = "Cmp">   --->   Core 9 'Cmp' <Latency = 0> <II = 1> <Delay = 2.14> <FuncUnit> <Opcode : 'seteq' 'setne' 'setle' 'setge' 'setlt' 'setgt'> <InPorts = 2> <OutPorts = 1>
ST_5 : Operation 448 [1/1] (0.00ns) (grouped into LUT with out node res_pack_15)   --->   "%xor_ln66_49 = xor i1 %icmp_ln66_49, i1 1" [firmware/nnet_utils/nnet_common.h:66->firmware/nnet_utils/nnet_common.h:46->firmware/nnet_utils/nnet_pooling_stream.h:21->firmware/nnet_utils/nnet_pooling_stream.h:68->firmware/nnet_utils/nnet_pooling_stream.h:115]   --->   Operation 448 'xor' 'xor_ln66_49' <Predicate = (icmp_ln55 & and_ln55_2)> <Delay = 0.00> <CoreInst = "LogicGate">   --->   Core 74 'LogicGate' <Latency = 0> <II = 1> <Delay = 0.97> <FuncUnit> <Opcode : 'and' 'or' 'xor'> <InPorts = 2> <OutPorts = 1>
ST_5 : Operation 449 [1/1] (1.29ns) (out node of the LUT)   --->   "%res_pack_15 = select i1 %xor_ln66_49, i16 %select_ln0_31, i16 %select_ln0_32" [firmware/nnet_utils/nnet_pooling_stream.h:67->firmware/nnet_utils/nnet_pooling_stream.h:115]   --->   Operation 449 'select' 'res_pack_15' <Predicate = (icmp_ln55 & and_ln55_2)> <Delay = 1.29> <CoreInst = "Sel">   --->   Core 73 'Sel' <Latency = 0> <II = 1> <Delay = 1.29> <FuncUnit> <Opcode : 'select'> <InPorts = 3> <OutPorts = 1>
ST_5 : Operation 450 [1/1] (2.14ns)   --->   "%icmp_ln66_52 = icmp_slt  i16 %select_ln0_33, i16 %select_ln0_34" [firmware/nnet_utils/nnet_common.h:66->firmware/nnet_utils/nnet_common.h:46->firmware/nnet_utils/nnet_pooling_stream.h:21->firmware/nnet_utils/nnet_pooling_stream.h:68->firmware/nnet_utils/nnet_pooling_stream.h:115]   --->   Operation 450 'icmp' 'icmp_ln66_52' <Predicate = (icmp_ln55 & and_ln55_2)> <Delay = 2.14> <CoreInst = "Cmp">   --->   Core 9 'Cmp' <Latency = 0> <II = 1> <Delay = 2.14> <FuncUnit> <Opcode : 'seteq' 'setne' 'setle' 'setge' 'setlt' 'setgt'> <InPorts = 2> <OutPorts = 1>
ST_5 : Operation 451 [1/1] (0.00ns) (grouped into LUT with out node res_pack_16)   --->   "%xor_ln66_52 = xor i1 %icmp_ln66_52, i1 1" [firmware/nnet_utils/nnet_common.h:66->firmware/nnet_utils/nnet_common.h:46->firmware/nnet_utils/nnet_pooling_stream.h:21->firmware/nnet_utils/nnet_pooling_stream.h:68->firmware/nnet_utils/nnet_pooling_stream.h:115]   --->   Operation 451 'xor' 'xor_ln66_52' <Predicate = (icmp_ln55 & and_ln55_2)> <Delay = 0.00> <CoreInst = "LogicGate">   --->   Core 74 'LogicGate' <Latency = 0> <II = 1> <Delay = 0.97> <FuncUnit> <Opcode : 'and' 'or' 'xor'> <InPorts = 2> <OutPorts = 1>
ST_5 : Operation 452 [1/1] (1.29ns) (out node of the LUT)   --->   "%res_pack_16 = select i1 %xor_ln66_52, i16 %select_ln0_33, i16 %select_ln0_34" [firmware/nnet_utils/nnet_pooling_stream.h:67->firmware/nnet_utils/nnet_pooling_stream.h:115]   --->   Operation 452 'select' 'res_pack_16' <Predicate = (icmp_ln55 & and_ln55_2)> <Delay = 1.29> <CoreInst = "Sel">   --->   Core 73 'Sel' <Latency = 0> <II = 1> <Delay = 1.29> <FuncUnit> <Opcode : 'select'> <InPorts = 3> <OutPorts = 1>
ST_5 : Operation 453 [1/1] (2.14ns)   --->   "%icmp_ln66_55 = icmp_slt  i16 %select_ln0_35, i16 %select_ln0_36" [firmware/nnet_utils/nnet_common.h:66->firmware/nnet_utils/nnet_common.h:46->firmware/nnet_utils/nnet_pooling_stream.h:21->firmware/nnet_utils/nnet_pooling_stream.h:68->firmware/nnet_utils/nnet_pooling_stream.h:115]   --->   Operation 453 'icmp' 'icmp_ln66_55' <Predicate = (icmp_ln55 & and_ln55_2)> <Delay = 2.14> <CoreInst = "Cmp">   --->   Core 9 'Cmp' <Latency = 0> <II = 1> <Delay = 2.14> <FuncUnit> <Opcode : 'seteq' 'setne' 'setle' 'setge' 'setlt' 'setgt'> <InPorts = 2> <OutPorts = 1>
ST_5 : Operation 454 [1/1] (0.00ns) (grouped into LUT with out node res_pack_17)   --->   "%xor_ln66_55 = xor i1 %icmp_ln66_55, i1 1" [firmware/nnet_utils/nnet_common.h:66->firmware/nnet_utils/nnet_common.h:46->firmware/nnet_utils/nnet_pooling_stream.h:21->firmware/nnet_utils/nnet_pooling_stream.h:68->firmware/nnet_utils/nnet_pooling_stream.h:115]   --->   Operation 454 'xor' 'xor_ln66_55' <Predicate = (icmp_ln55 & and_ln55_2)> <Delay = 0.00> <CoreInst = "LogicGate">   --->   Core 74 'LogicGate' <Latency = 0> <II = 1> <Delay = 0.97> <FuncUnit> <Opcode : 'and' 'or' 'xor'> <InPorts = 2> <OutPorts = 1>
ST_5 : Operation 455 [1/1] (1.29ns) (out node of the LUT)   --->   "%res_pack_17 = select i1 %xor_ln66_55, i16 %select_ln0_35, i16 %select_ln0_36" [firmware/nnet_utils/nnet_pooling_stream.h:67->firmware/nnet_utils/nnet_pooling_stream.h:115]   --->   Operation 455 'select' 'res_pack_17' <Predicate = (icmp_ln55 & and_ln55_2)> <Delay = 1.29> <CoreInst = "Sel">   --->   Core 73 'Sel' <Latency = 0> <II = 1> <Delay = 1.29> <FuncUnit> <Opcode : 'select'> <InPorts = 3> <OutPorts = 1>
ST_5 : Operation 456 [1/1] (2.14ns)   --->   "%icmp_ln66_58 = icmp_slt  i16 %select_ln0_37, i16 %select_ln0_38" [firmware/nnet_utils/nnet_common.h:66->firmware/nnet_utils/nnet_common.h:46->firmware/nnet_utils/nnet_pooling_stream.h:21->firmware/nnet_utils/nnet_pooling_stream.h:68->firmware/nnet_utils/nnet_pooling_stream.h:115]   --->   Operation 456 'icmp' 'icmp_ln66_58' <Predicate = (icmp_ln55 & and_ln55_2)> <Delay = 2.14> <CoreInst = "Cmp">   --->   Core 9 'Cmp' <Latency = 0> <II = 1> <Delay = 2.14> <FuncUnit> <Opcode : 'seteq' 'setne' 'setle' 'setge' 'setlt' 'setgt'> <InPorts = 2> <OutPorts = 1>
ST_5 : Operation 457 [1/1] (0.00ns) (grouped into LUT with out node res_pack_18)   --->   "%xor_ln66_58 = xor i1 %icmp_ln66_58, i1 1" [firmware/nnet_utils/nnet_common.h:66->firmware/nnet_utils/nnet_common.h:46->firmware/nnet_utils/nnet_pooling_stream.h:21->firmware/nnet_utils/nnet_pooling_stream.h:68->firmware/nnet_utils/nnet_pooling_stream.h:115]   --->   Operation 457 'xor' 'xor_ln66_58' <Predicate = (icmp_ln55 & and_ln55_2)> <Delay = 0.00> <CoreInst = "LogicGate">   --->   Core 74 'LogicGate' <Latency = 0> <II = 1> <Delay = 0.97> <FuncUnit> <Opcode : 'and' 'or' 'xor'> <InPorts = 2> <OutPorts = 1>
ST_5 : Operation 458 [1/1] (1.29ns) (out node of the LUT)   --->   "%res_pack_18 = select i1 %xor_ln66_58, i16 %select_ln0_37, i16 %select_ln0_38" [firmware/nnet_utils/nnet_pooling_stream.h:67->firmware/nnet_utils/nnet_pooling_stream.h:115]   --->   Operation 458 'select' 'res_pack_18' <Predicate = (icmp_ln55 & and_ln55_2)> <Delay = 1.29> <CoreInst = "Sel">   --->   Core 73 'Sel' <Latency = 0> <II = 1> <Delay = 1.29> <FuncUnit> <Opcode : 'select'> <InPorts = 3> <OutPorts = 1>
ST_5 : Operation 459 [1/1] (2.14ns)   --->   "%icmp_ln66_61 = icmp_slt  i16 %select_ln0_39, i16 %select_ln0_40" [firmware/nnet_utils/nnet_common.h:66->firmware/nnet_utils/nnet_common.h:46->firmware/nnet_utils/nnet_pooling_stream.h:21->firmware/nnet_utils/nnet_pooling_stream.h:68->firmware/nnet_utils/nnet_pooling_stream.h:115]   --->   Operation 459 'icmp' 'icmp_ln66_61' <Predicate = (icmp_ln55 & and_ln55_2)> <Delay = 2.14> <CoreInst = "Cmp">   --->   Core 9 'Cmp' <Latency = 0> <II = 1> <Delay = 2.14> <FuncUnit> <Opcode : 'seteq' 'setne' 'setle' 'setge' 'setlt' 'setgt'> <InPorts = 2> <OutPorts = 1>
ST_5 : Operation 460 [1/1] (0.00ns) (grouped into LUT with out node res_pack_19)   --->   "%xor_ln66_61 = xor i1 %icmp_ln66_61, i1 1" [firmware/nnet_utils/nnet_common.h:66->firmware/nnet_utils/nnet_common.h:46->firmware/nnet_utils/nnet_pooling_stream.h:21->firmware/nnet_utils/nnet_pooling_stream.h:68->firmware/nnet_utils/nnet_pooling_stream.h:115]   --->   Operation 460 'xor' 'xor_ln66_61' <Predicate = (icmp_ln55 & and_ln55_2)> <Delay = 0.00> <CoreInst = "LogicGate">   --->   Core 74 'LogicGate' <Latency = 0> <II = 1> <Delay = 0.97> <FuncUnit> <Opcode : 'and' 'or' 'xor'> <InPorts = 2> <OutPorts = 1>
ST_5 : Operation 461 [1/1] (1.29ns) (out node of the LUT)   --->   "%res_pack_19 = select i1 %xor_ln66_61, i16 %select_ln0_39, i16 %select_ln0_40" [firmware/nnet_utils/nnet_pooling_stream.h:67->firmware/nnet_utils/nnet_pooling_stream.h:115]   --->   Operation 461 'select' 'res_pack_19' <Predicate = (icmp_ln55 & and_ln55_2)> <Delay = 1.29> <CoreInst = "Sel">   --->   Core 73 'Sel' <Latency = 0> <II = 1> <Delay = 1.29> <FuncUnit> <Opcode : 'select'> <InPorts = 3> <OutPorts = 1>
ST_5 : Operation 462 [1/1] (2.14ns)   --->   "%icmp_ln66_64 = icmp_slt  i16 %select_ln0_41, i16 %select_ln0_42" [firmware/nnet_utils/nnet_common.h:66->firmware/nnet_utils/nnet_common.h:46->firmware/nnet_utils/nnet_pooling_stream.h:21->firmware/nnet_utils/nnet_pooling_stream.h:68->firmware/nnet_utils/nnet_pooling_stream.h:115]   --->   Operation 462 'icmp' 'icmp_ln66_64' <Predicate = (icmp_ln55 & and_ln55_2)> <Delay = 2.14> <CoreInst = "Cmp">   --->   Core 9 'Cmp' <Latency = 0> <II = 1> <Delay = 2.14> <FuncUnit> <Opcode : 'seteq' 'setne' 'setle' 'setge' 'setlt' 'setgt'> <InPorts = 2> <OutPorts = 1>
ST_5 : Operation 463 [1/1] (0.00ns) (grouped into LUT with out node res_pack_20)   --->   "%xor_ln66_64 = xor i1 %icmp_ln66_64, i1 1" [firmware/nnet_utils/nnet_common.h:66->firmware/nnet_utils/nnet_common.h:46->firmware/nnet_utils/nnet_pooling_stream.h:21->firmware/nnet_utils/nnet_pooling_stream.h:68->firmware/nnet_utils/nnet_pooling_stream.h:115]   --->   Operation 463 'xor' 'xor_ln66_64' <Predicate = (icmp_ln55 & and_ln55_2)> <Delay = 0.00> <CoreInst = "LogicGate">   --->   Core 74 'LogicGate' <Latency = 0> <II = 1> <Delay = 0.97> <FuncUnit> <Opcode : 'and' 'or' 'xor'> <InPorts = 2> <OutPorts = 1>
ST_5 : Operation 464 [1/1] (1.29ns) (out node of the LUT)   --->   "%res_pack_20 = select i1 %xor_ln66_64, i16 %select_ln0_41, i16 %select_ln0_42" [firmware/nnet_utils/nnet_pooling_stream.h:67->firmware/nnet_utils/nnet_pooling_stream.h:115]   --->   Operation 464 'select' 'res_pack_20' <Predicate = (icmp_ln55 & and_ln55_2)> <Delay = 1.29> <CoreInst = "Sel">   --->   Core 73 'Sel' <Latency = 0> <II = 1> <Delay = 1.29> <FuncUnit> <Opcode : 'select'> <InPorts = 3> <OutPorts = 1>
ST_5 : Operation 465 [1/1] (2.14ns)   --->   "%icmp_ln66_67 = icmp_slt  i16 %select_ln0_43, i16 %select_ln0_44" [firmware/nnet_utils/nnet_common.h:66->firmware/nnet_utils/nnet_common.h:46->firmware/nnet_utils/nnet_pooling_stream.h:21->firmware/nnet_utils/nnet_pooling_stream.h:68->firmware/nnet_utils/nnet_pooling_stream.h:115]   --->   Operation 465 'icmp' 'icmp_ln66_67' <Predicate = (icmp_ln55 & and_ln55_2)> <Delay = 2.14> <CoreInst = "Cmp">   --->   Core 9 'Cmp' <Latency = 0> <II = 1> <Delay = 2.14> <FuncUnit> <Opcode : 'seteq' 'setne' 'setle' 'setge' 'setlt' 'setgt'> <InPorts = 2> <OutPorts = 1>
ST_5 : Operation 466 [1/1] (0.00ns) (grouped into LUT with out node res_pack_21)   --->   "%xor_ln66_67 = xor i1 %icmp_ln66_67, i1 1" [firmware/nnet_utils/nnet_common.h:66->firmware/nnet_utils/nnet_common.h:46->firmware/nnet_utils/nnet_pooling_stream.h:21->firmware/nnet_utils/nnet_pooling_stream.h:68->firmware/nnet_utils/nnet_pooling_stream.h:115]   --->   Operation 466 'xor' 'xor_ln66_67' <Predicate = (icmp_ln55 & and_ln55_2)> <Delay = 0.00> <CoreInst = "LogicGate">   --->   Core 74 'LogicGate' <Latency = 0> <II = 1> <Delay = 0.97> <FuncUnit> <Opcode : 'and' 'or' 'xor'> <InPorts = 2> <OutPorts = 1>
ST_5 : Operation 467 [1/1] (1.29ns) (out node of the LUT)   --->   "%res_pack_21 = select i1 %xor_ln66_67, i16 %select_ln0_43, i16 %select_ln0_44" [firmware/nnet_utils/nnet_pooling_stream.h:67->firmware/nnet_utils/nnet_pooling_stream.h:115]   --->   Operation 467 'select' 'res_pack_21' <Predicate = (icmp_ln55 & and_ln55_2)> <Delay = 1.29> <CoreInst = "Sel">   --->   Core 73 'Sel' <Latency = 0> <II = 1> <Delay = 1.29> <FuncUnit> <Opcode : 'select'> <InPorts = 3> <OutPorts = 1>
ST_5 : Operation 468 [1/1] (2.14ns)   --->   "%icmp_ln66_70 = icmp_slt  i16 %select_ln0_45, i16 %select_ln0_46" [firmware/nnet_utils/nnet_common.h:66->firmware/nnet_utils/nnet_common.h:46->firmware/nnet_utils/nnet_pooling_stream.h:21->firmware/nnet_utils/nnet_pooling_stream.h:68->firmware/nnet_utils/nnet_pooling_stream.h:115]   --->   Operation 468 'icmp' 'icmp_ln66_70' <Predicate = (icmp_ln55 & and_ln55_2)> <Delay = 2.14> <CoreInst = "Cmp">   --->   Core 9 'Cmp' <Latency = 0> <II = 1> <Delay = 2.14> <FuncUnit> <Opcode : 'seteq' 'setne' 'setle' 'setge' 'setlt' 'setgt'> <InPorts = 2> <OutPorts = 1>
ST_5 : Operation 469 [1/1] (0.00ns) (grouped into LUT with out node res_pack_22)   --->   "%xor_ln66_70 = xor i1 %icmp_ln66_70, i1 1" [firmware/nnet_utils/nnet_common.h:66->firmware/nnet_utils/nnet_common.h:46->firmware/nnet_utils/nnet_pooling_stream.h:21->firmware/nnet_utils/nnet_pooling_stream.h:68->firmware/nnet_utils/nnet_pooling_stream.h:115]   --->   Operation 469 'xor' 'xor_ln66_70' <Predicate = (icmp_ln55 & and_ln55_2)> <Delay = 0.00> <CoreInst = "LogicGate">   --->   Core 74 'LogicGate' <Latency = 0> <II = 1> <Delay = 0.97> <FuncUnit> <Opcode : 'and' 'or' 'xor'> <InPorts = 2> <OutPorts = 1>
ST_5 : Operation 470 [1/1] (1.29ns) (out node of the LUT)   --->   "%res_pack_22 = select i1 %xor_ln66_70, i16 %select_ln0_45, i16 %select_ln0_46" [firmware/nnet_utils/nnet_pooling_stream.h:67->firmware/nnet_utils/nnet_pooling_stream.h:115]   --->   Operation 470 'select' 'res_pack_22' <Predicate = (icmp_ln55 & and_ln55_2)> <Delay = 1.29> <CoreInst = "Sel">   --->   Core 73 'Sel' <Latency = 0> <II = 1> <Delay = 1.29> <FuncUnit> <Opcode : 'select'> <InPorts = 3> <OutPorts = 1>
ST_5 : Operation 471 [1/1] (1.61ns)   --->   "%store_ln84 = store i32 %add_ln80, i32 %pY_1" [firmware/nnet_utils/nnet_pooling_stream.h:84->firmware/nnet_utils/nnet_pooling_stream.h:115]   --->   Operation 471 'store' 'store_ln84' <Predicate = (icmp_ln76 & !icmp_ln80)> <Delay = 1.61>
ST_5 : Operation 472 [1/1] (1.61ns)   --->   "%br_ln0 = br void %if.end29.i"   --->   Operation 472 'br' 'br_ln0' <Predicate = (icmp_ln76 & !icmp_ln80)> <Delay = 1.61>
ST_5 : Operation 473 [1/1] (1.61ns)   --->   "%store_ln81 = store i32 0, i32 %pY_1" [firmware/nnet_utils/nnet_pooling_stream.h:81->firmware/nnet_utils/nnet_pooling_stream.h:115]   --->   Operation 473 'store' 'store_ln81' <Predicate = (icmp_ln76 & icmp_ln80)> <Delay = 1.61>
ST_5 : Operation 474 [1/1] (1.61ns)   --->   "%br_ln83 = br void %if.end29.i" [firmware/nnet_utils/nnet_pooling_stream.h:83->firmware/nnet_utils/nnet_pooling_stream.h:115]   --->   Operation 474 'br' 'br_ln83' <Predicate = (icmp_ln76 & icmp_ln80)> <Delay = 1.61>
ST_5 : Operation 475 [1/1] (0.00ns)   --->   "%storemerge_i = phi i32 %select_ln86, void %if.else.i, i32 0, void %if.then22.i" [firmware/nnet_utils/nnet_pooling_stream.h:86->firmware/nnet_utils/nnet_pooling_stream.h:115]   --->   Operation 475 'phi' 'storemerge_i' <Predicate = (icmp_ln76)> <Delay = 0.00>
ST_5 : Operation 476 [1/1] (0.00ns)   --->   "%store_ln86 = store i32 %storemerge_i, i32 %sY_1" [firmware/nnet_utils/nnet_pooling_stream.h:86->firmware/nnet_utils/nnet_pooling_stream.h:115]   --->   Operation 476 'store' 'store_ln86' <Predicate = (icmp_ln76)> <Delay = 0.00>
ST_5 : Operation 477 [1/1] (0.00ns)   --->   "%br_ln88 = br void %for.inc" [firmware/nnet_utils/nnet_pooling_stream.h:88->firmware/nnet_utils/nnet_pooling_stream.h:115]   --->   Operation 477 'br' 'br_ln88' <Predicate = (icmp_ln76)> <Delay = 0.00>

State 6 <SV = 5> <Delay = 3.11>
ST_6 : Operation 478 [1/1] (0.00ns) (grouped into LUT with out node res_pack)   --->   "%xor_ln66_25 = xor i1 %icmp_ln66_25, i1 1" [firmware/nnet_utils/nnet_common.h:66->firmware/nnet_utils/nnet_common.h:46->firmware/nnet_utils/nnet_pooling_stream.h:21->firmware/nnet_utils/nnet_pooling_stream.h:68->firmware/nnet_utils/nnet_pooling_stream.h:115]   --->   Operation 478 'xor' 'xor_ln66_25' <Predicate = (icmp_ln55 & and_ln55_2)> <Delay = 0.00> <CoreInst = "LogicGate">   --->   Core 74 'LogicGate' <Latency = 0> <II = 1> <Delay = 0.97> <FuncUnit> <Opcode : 'and' 'or' 'xor'> <InPorts = 2> <OutPorts = 1>
ST_6 : Operation 479 [1/1] (1.29ns) (out node of the LUT)   --->   "%res_pack = select i1 %xor_ln66_25, i16 %select_ln0, i16 %select_ln0_16" [firmware/nnet_utils/nnet_pooling_stream.h:67->firmware/nnet_utils/nnet_pooling_stream.h:115]   --->   Operation 479 'select' 'res_pack' <Predicate = (icmp_ln55 & and_ln55_2)> <Delay = 1.29> <CoreInst = "Sel">   --->   Core 73 'Sel' <Latency = 0> <II = 1> <Delay = 1.29> <FuncUnit> <Opcode : 'select'> <InPorts = 3> <OutPorts = 1>
ST_6 : Operation 480 [1/1] (0.00ns)   --->   "%or_ln72_s = bitconcatenate i256 @_ssdm_op_BitConcatenate.i256.i16.i16.i16.i16.i16.i16.i16.i16.i16.i16.i16.i16.i16.i16.i16.i16, i16 %res_pack_22, i16 %res_pack_21, i16 %res_pack_20, i16 %res_pack_19, i16 %res_pack_18, i16 %res_pack_17, i16 %res_pack_16, i16 %res_pack_15, i16 %res_pack_14, i16 %res_pack_13, i16 %res_pack_12, i16 %res_pack_11, i16 %res_pack_10, i16 %res_pack_9, i16 %res_pack_8, i16 %res_pack" [firmware/nnet_utils/nnet_pooling_stream.h:72->firmware/nnet_utils/nnet_pooling_stream.h:115]   --->   Operation 480 'bitconcatenate' 'or_ln72_s' <Predicate = (icmp_ln55 & and_ln55_2)> <Delay = 0.00>
ST_6 : Operation 481 [1/1] ( I:1.82ns O:1.82ns )   --->   "%write_ln72 = write void @_ssdm_op_Write.ap_fifo.volatile.i256P0A, i256 %layer16_out, i256 %or_ln72_s" [firmware/nnet_utils/nnet_pooling_stream.h:72->firmware/nnet_utils/nnet_pooling_stream.h:115]   --->   Operation 481 'write' 'write_ln72' <Predicate = (icmp_ln55 & and_ln55_2)> <Delay = 1.82> <CoreInst = "FIFO">   --->   Core 77 'FIFO' <Latency = 0> <II = 1> <Delay = 3.62> <Storage> <Opcode : 'read' 'write' 'nbread' 'nbwrite'> <Ports = 0> <Width = 256> <Depth = 25> <FIFO>
ST_6 : Operation 482 [1/1] (0.00ns)   --->   "%br_ln73 = br void %if.end.i" [firmware/nnet_utils/nnet_pooling_stream.h:73->firmware/nnet_utils/nnet_pooling_stream.h:115]   --->   Operation 482 'br' 'br_ln73' <Predicate = (icmp_ln55 & and_ln55_2)> <Delay = 0.00>

State 7 <SV = 4> <Delay = 0.00>
ST_7 : Operation 483 [1/1] (0.00ns)   --->   "%store_ln241 = store i16 %trunc_ln115, i16 %p_ZZN4nnet12pooling2d_clINS_5arrayI8ap_fixedILi16ELi6EL9ap_q_mode5EL9ap_o_mode3EL_22" [firmware/nnet_utils/nnet_conv_stream.h:241->firmware/nnet_utils/nnet_pooling_stream.h:52->firmware/nnet_utils/nnet_pooling_stream.h:115]   --->   Operation 483 'store' 'store_ln241' <Predicate = true> <Delay = 0.00>
ST_7 : Operation 484 [1/1] (0.00ns)   --->   "%store_ln241 = store i16 %trunc_ln115_1, i16 %p_ZZN4nnet12pooling2d_clINS_5arrayI8ap_fixedILi16ELi6EL9ap_q_mode5EL9ap_o_mode3EL_16" [firmware/nnet_utils/nnet_conv_stream.h:241->firmware/nnet_utils/nnet_pooling_stream.h:52->firmware/nnet_utils/nnet_pooling_stream.h:115]   --->   Operation 484 'store' 'store_ln241' <Predicate = true> <Delay = 0.00>
ST_7 : Operation 485 [1/1] (0.00ns)   --->   "%store_ln241 = store i16 %trunc_ln115_2, i16 %p_ZZN4nnet12pooling2d_clINS_5arrayI8ap_fixedILi16ELi6EL9ap_q_mode5EL9ap_o_mode3EL_15" [firmware/nnet_utils/nnet_conv_stream.h:241->firmware/nnet_utils/nnet_pooling_stream.h:52->firmware/nnet_utils/nnet_pooling_stream.h:115]   --->   Operation 485 'store' 'store_ln241' <Predicate = true> <Delay = 0.00>
ST_7 : Operation 486 [1/1] (0.00ns)   --->   "%store_ln241 = store i16 %trunc_ln115_3, i16 %p_ZZN4nnet12pooling2d_clINS_5arrayI8ap_fixedILi16ELi6EL9ap_q_mode5EL9ap_o_mode3EL_14" [firmware/nnet_utils/nnet_conv_stream.h:241->firmware/nnet_utils/nnet_pooling_stream.h:52->firmware/nnet_utils/nnet_pooling_stream.h:115]   --->   Operation 486 'store' 'store_ln241' <Predicate = true> <Delay = 0.00>
ST_7 : Operation 487 [1/1] (0.00ns)   --->   "%store_ln241 = store i16 %trunc_ln115_4, i16 %p_ZZN4nnet12pooling2d_clINS_5arrayI8ap_fixedILi16ELi6EL9ap_q_mode5EL9ap_o_mode3EL_13" [firmware/nnet_utils/nnet_conv_stream.h:241->firmware/nnet_utils/nnet_pooling_stream.h:52->firmware/nnet_utils/nnet_pooling_stream.h:115]   --->   Operation 487 'store' 'store_ln241' <Predicate = true> <Delay = 0.00>
ST_7 : Operation 488 [1/1] (0.00ns)   --->   "%store_ln241 = store i16 %trunc_ln115_5, i16 %p_ZZN4nnet12pooling2d_clINS_5arrayI8ap_fixedILi16ELi6EL9ap_q_mode5EL9ap_o_mode3EL_12" [firmware/nnet_utils/nnet_conv_stream.h:241->firmware/nnet_utils/nnet_pooling_stream.h:52->firmware/nnet_utils/nnet_pooling_stream.h:115]   --->   Operation 488 'store' 'store_ln241' <Predicate = true> <Delay = 0.00>
ST_7 : Operation 489 [1/1] (0.00ns)   --->   "%store_ln241 = store i16 %trunc_ln115_6, i16 %p_ZZN4nnet12pooling2d_clINS_5arrayI8ap_fixedILi16ELi6EL9ap_q_mode5EL9ap_o_mode3EL_11" [firmware/nnet_utils/nnet_conv_stream.h:241->firmware/nnet_utils/nnet_pooling_stream.h:52->firmware/nnet_utils/nnet_pooling_stream.h:115]   --->   Operation 489 'store' 'store_ln241' <Predicate = true> <Delay = 0.00>
ST_7 : Operation 490 [1/1] (0.00ns)   --->   "%store_ln241 = store i16 %trunc_ln115_7, i16 %p_ZZN4nnet12pooling2d_clINS_5arrayI8ap_fixedILi16ELi6EL9ap_q_mode5EL9ap_o_mode3EL_10" [firmware/nnet_utils/nnet_conv_stream.h:241->firmware/nnet_utils/nnet_pooling_stream.h:52->firmware/nnet_utils/nnet_pooling_stream.h:115]   --->   Operation 490 'store' 'store_ln241' <Predicate = true> <Delay = 0.00>
ST_7 : Operation 491 [1/1] (0.00ns)   --->   "%store_ln241 = store i16 %trunc_ln115_8, i16 %p_ZZN4nnet12pooling2d_clINS_5arrayI8ap_fixedILi16ELi6EL9ap_q_mode5EL9ap_o_mode3EL_9" [firmware/nnet_utils/nnet_conv_stream.h:241->firmware/nnet_utils/nnet_pooling_stream.h:52->firmware/nnet_utils/nnet_pooling_stream.h:115]   --->   Operation 491 'store' 'store_ln241' <Predicate = true> <Delay = 0.00>
ST_7 : Operation 492 [1/1] (0.00ns)   --->   "%store_ln241 = store i16 %trunc_ln115_9, i16 %p_ZZN4nnet12pooling2d_clINS_5arrayI8ap_fixedILi16ELi6EL9ap_q_mode5EL9ap_o_mode3EL_8" [firmware/nnet_utils/nnet_conv_stream.h:241->firmware/nnet_utils/nnet_pooling_stream.h:52->firmware/nnet_utils/nnet_pooling_stream.h:115]   --->   Operation 492 'store' 'store_ln241' <Predicate = true> <Delay = 0.00>
ST_7 : Operation 493 [1/1] (0.00ns)   --->   "%store_ln241 = store i16 %trunc_ln115_s, i16 %p_ZZN4nnet12pooling2d_clINS_5arrayI8ap_fixedILi16ELi6EL9ap_q_mode5EL9ap_o_mode3EL_21" [firmware/nnet_utils/nnet_conv_stream.h:241->firmware/nnet_utils/nnet_pooling_stream.h:52->firmware/nnet_utils/nnet_pooling_stream.h:115]   --->   Operation 493 'store' 'store_ln241' <Predicate = true> <Delay = 0.00>
ST_7 : Operation 494 [1/1] (0.00ns)   --->   "%store_ln241 = store i16 %trunc_ln115_10, i16 %p_ZZN4nnet12pooling2d_clINS_5arrayI8ap_fixedILi16ELi6EL9ap_q_mode5EL9ap_o_mode3EL_20" [firmware/nnet_utils/nnet_conv_stream.h:241->firmware/nnet_utils/nnet_pooling_stream.h:52->firmware/nnet_utils/nnet_pooling_stream.h:115]   --->   Operation 494 'store' 'store_ln241' <Predicate = true> <Delay = 0.00>
ST_7 : Operation 495 [1/1] (0.00ns)   --->   "%store_ln241 = store i16 %trunc_ln115_11, i16 %void_pooling2d_cl_stream_stream_array_ap_fixed_16u_0_line_buffer" [firmware/nnet_utils/nnet_conv_stream.h:241->firmware/nnet_utils/nnet_pooling_stream.h:52->firmware/nnet_utils/nnet_pooling_stream.h:115]   --->   Operation 495 'store' 'store_ln241' <Predicate = true> <Delay = 0.00>
ST_7 : Operation 496 [1/1] (0.00ns)   --->   "%store_ln241 = store i16 %trunc_ln115_12, i16 %p_ZZN4nnet12pooling2d_clINS_5arrayI8ap_fixedILi16ELi6EL9ap_q_mode5EL9ap_o_mode3EL_19" [firmware/nnet_utils/nnet_conv_stream.h:241->firmware/nnet_utils/nnet_pooling_stream.h:52->firmware/nnet_utils/nnet_pooling_stream.h:115]   --->   Operation 496 'store' 'store_ln241' <Predicate = true> <Delay = 0.00>
ST_7 : Operation 497 [1/1] (0.00ns)   --->   "%store_ln241 = store i16 %trunc_ln115_13, i16 %p_ZZN4nnet12pooling2d_clINS_5arrayI8ap_fixedILi16ELi6EL9ap_q_mode5EL9ap_o_mode3EL_18" [firmware/nnet_utils/nnet_conv_stream.h:241->firmware/nnet_utils/nnet_pooling_stream.h:52->firmware/nnet_utils/nnet_pooling_stream.h:115]   --->   Operation 497 'store' 'store_ln241' <Predicate = true> <Delay = 0.00>
ST_7 : Operation 498 [1/1] (0.00ns)   --->   "%store_ln241 = store i16 %trunc_ln115_14, i16 %p_ZZN4nnet12pooling2d_clINS_5arrayI8ap_fixedILi16ELi6EL9ap_q_mode5EL9ap_o_mode3EL_17" [firmware/nnet_utils/nnet_conv_stream.h:241->firmware/nnet_utils/nnet_pooling_stream.h:52->firmware/nnet_utils/nnet_pooling_stream.h:115]   --->   Operation 498 'store' 'store_ln241' <Predicate = true> <Delay = 0.00>
ST_7 : Operation 499 [1/1] (0.00ns)   --->   "%store_ln209 = store i16 %p_0_0_0_0_09584, i16 %p_ZZN4nnet22compute_pool_buffer_2dINS_5arrayI8ap_fixedILi16ELi6EL9ap_q_mode5EL9ap_45" [firmware/nnet_utils/nnet_conv_stream.h:209->firmware/nnet_utils/nnet_conv_stream.h:247->firmware/nnet_utils/nnet_pooling_stream.h:52->firmware/nnet_utils/nnet_pooling_stream.h:115]   --->   Operation 499 'store' 'store_ln209' <Predicate = true> <Delay = 0.00>
ST_7 : Operation 500 [1/1] (0.00ns)   --->   "%store_ln209 = store i16 %select_ln109_20, i16 %p_ZZN4nnet22compute_pool_buffer_2dINS_5arrayI8ap_fixedILi16ELi6EL9ap_q_mode5EL9ap_44" [firmware/nnet_utils/nnet_conv_stream.h:209->firmware/nnet_utils/nnet_conv_stream.h:247->firmware/nnet_utils/nnet_pooling_stream.h:52->firmware/nnet_utils/nnet_pooling_stream.h:115]   --->   Operation 500 'store' 'store_ln209' <Predicate = true> <Delay = 0.00>
ST_7 : Operation 501 [1/1] (0.00ns)   --->   "%store_ln209 = store i16 %select_ln109_19, i16 %p_ZZN4nnet22compute_pool_buffer_2dINS_5arrayI8ap_fixedILi16ELi6EL9ap_q_mode5EL9ap_43" [firmware/nnet_utils/nnet_conv_stream.h:209->firmware/nnet_utils/nnet_conv_stream.h:247->firmware/nnet_utils/nnet_pooling_stream.h:52->firmware/nnet_utils/nnet_pooling_stream.h:115]   --->   Operation 501 'store' 'store_ln209' <Predicate = true> <Delay = 0.00>
ST_7 : Operation 502 [1/1] (0.00ns)   --->   "%store_ln209 = store i16 %select_ln109_18, i16 %p_ZZN4nnet22compute_pool_buffer_2dINS_5arrayI8ap_fixedILi16ELi6EL9ap_q_mode5EL9ap_42" [firmware/nnet_utils/nnet_conv_stream.h:209->firmware/nnet_utils/nnet_conv_stream.h:247->firmware/nnet_utils/nnet_pooling_stream.h:52->firmware/nnet_utils/nnet_pooling_stream.h:115]   --->   Operation 502 'store' 'store_ln209' <Predicate = true> <Delay = 0.00>
ST_7 : Operation 503 [1/1] (0.00ns)   --->   "%store_ln209 = store i16 %select_ln109_17, i16 %p_ZZN4nnet22compute_pool_buffer_2dINS_5arrayI8ap_fixedILi16ELi6EL9ap_q_mode5EL9ap_41" [firmware/nnet_utils/nnet_conv_stream.h:209->firmware/nnet_utils/nnet_conv_stream.h:247->firmware/nnet_utils/nnet_pooling_stream.h:52->firmware/nnet_utils/nnet_pooling_stream.h:115]   --->   Operation 503 'store' 'store_ln209' <Predicate = true> <Delay = 0.00>
ST_7 : Operation 504 [1/1] (0.00ns)   --->   "%store_ln209 = store i16 %select_ln109_16, i16 %p_ZZN4nnet22compute_pool_buffer_2dINS_5arrayI8ap_fixedILi16ELi6EL9ap_q_mode5EL9ap_40" [firmware/nnet_utils/nnet_conv_stream.h:209->firmware/nnet_utils/nnet_conv_stream.h:247->firmware/nnet_utils/nnet_pooling_stream.h:52->firmware/nnet_utils/nnet_pooling_stream.h:115]   --->   Operation 504 'store' 'store_ln209' <Predicate = true> <Delay = 0.00>
ST_7 : Operation 505 [1/1] (0.00ns)   --->   "%store_ln209 = store i16 %select_ln109_15, i16 %p_ZZN4nnet22compute_pool_buffer_2dINS_5arrayI8ap_fixedILi16ELi6EL9ap_q_mode5EL9ap_39" [firmware/nnet_utils/nnet_conv_stream.h:209->firmware/nnet_utils/nnet_conv_stream.h:247->firmware/nnet_utils/nnet_pooling_stream.h:52->firmware/nnet_utils/nnet_pooling_stream.h:115]   --->   Operation 505 'store' 'store_ln209' <Predicate = true> <Delay = 0.00>
ST_7 : Operation 506 [1/1] (0.00ns)   --->   "%store_ln209 = store i16 %select_ln109_14, i16 %p_ZZN4nnet22compute_pool_buffer_2dINS_5arrayI8ap_fixedILi16ELi6EL9ap_q_mode5EL9ap_38" [firmware/nnet_utils/nnet_conv_stream.h:209->firmware/nnet_utils/nnet_conv_stream.h:247->firmware/nnet_utils/nnet_pooling_stream.h:52->firmware/nnet_utils/nnet_pooling_stream.h:115]   --->   Operation 506 'store' 'store_ln209' <Predicate = true> <Delay = 0.00>
ST_7 : Operation 507 [1/1] (0.00ns)   --->   "%store_ln209 = store i16 %select_ln109_13, i16 %p_ZZN4nnet22compute_pool_buffer_2dINS_5arrayI8ap_fixedILi16ELi6EL9ap_q_mode5EL9ap_37" [firmware/nnet_utils/nnet_conv_stream.h:209->firmware/nnet_utils/nnet_conv_stream.h:247->firmware/nnet_utils/nnet_pooling_stream.h:52->firmware/nnet_utils/nnet_pooling_stream.h:115]   --->   Operation 507 'store' 'store_ln209' <Predicate = true> <Delay = 0.00>
ST_7 : Operation 508 [1/1] (0.00ns)   --->   "%store_ln209 = store i16 %select_ln109_12, i16 %p_ZZN4nnet22compute_pool_buffer_2dINS_5arrayI8ap_fixedILi16ELi6EL9ap_q_mode5EL9ap_36" [firmware/nnet_utils/nnet_conv_stream.h:209->firmware/nnet_utils/nnet_conv_stream.h:247->firmware/nnet_utils/nnet_pooling_stream.h:52->firmware/nnet_utils/nnet_pooling_stream.h:115]   --->   Operation 508 'store' 'store_ln209' <Predicate = true> <Delay = 0.00>
ST_7 : Operation 509 [1/1] (0.00ns)   --->   "%store_ln209 = store i16 %select_ln109_11, i16 %p_ZZN4nnet22compute_pool_buffer_2dINS_5arrayI8ap_fixedILi16ELi6EL9ap_q_mode5EL9ap_35" [firmware/nnet_utils/nnet_conv_stream.h:209->firmware/nnet_utils/nnet_conv_stream.h:247->firmware/nnet_utils/nnet_pooling_stream.h:52->firmware/nnet_utils/nnet_pooling_stream.h:115]   --->   Operation 509 'store' 'store_ln209' <Predicate = true> <Delay = 0.00>
ST_7 : Operation 510 [1/1] (0.00ns)   --->   "%store_ln209 = store i16 %select_ln109_10, i16 %p_ZZN4nnet22compute_pool_buffer_2dINS_5arrayI8ap_fixedILi16ELi6EL9ap_q_mode5EL9ap_34" [firmware/nnet_utils/nnet_conv_stream.h:209->firmware/nnet_utils/nnet_conv_stream.h:247->firmware/nnet_utils/nnet_pooling_stream.h:52->firmware/nnet_utils/nnet_pooling_stream.h:115]   --->   Operation 510 'store' 'store_ln209' <Predicate = true> <Delay = 0.00>
ST_7 : Operation 511 [1/1] (0.00ns)   --->   "%store_ln209 = store i16 %select_ln109_9, i16 %p_ZZN4nnet22compute_pool_buffer_2dINS_5arrayI8ap_fixedILi16ELi6EL9ap_q_mode5EL9ap_33" [firmware/nnet_utils/nnet_conv_stream.h:209->firmware/nnet_utils/nnet_conv_stream.h:247->firmware/nnet_utils/nnet_pooling_stream.h:52->firmware/nnet_utils/nnet_pooling_stream.h:115]   --->   Operation 511 'store' 'store_ln209' <Predicate = true> <Delay = 0.00>
ST_7 : Operation 512 [1/1] (0.00ns)   --->   "%store_ln209 = store i16 %select_ln109_8, i16 %p_ZZN4nnet22compute_pool_buffer_2dINS_5arrayI8ap_fixedILi16ELi6EL9ap_q_mode5EL9ap_32" [firmware/nnet_utils/nnet_conv_stream.h:209->firmware/nnet_utils/nnet_conv_stream.h:247->firmware/nnet_utils/nnet_pooling_stream.h:52->firmware/nnet_utils/nnet_pooling_stream.h:115]   --->   Operation 512 'store' 'store_ln209' <Predicate = true> <Delay = 0.00>
ST_7 : Operation 513 [1/1] (0.00ns)   --->   "%store_ln209 = store i16 %select_ln109_7, i16 %p_ZZN4nnet22compute_pool_buffer_2dINS_5arrayI8ap_fixedILi16ELi6EL9ap_q_mode5EL9ap_31" [firmware/nnet_utils/nnet_conv_stream.h:209->firmware/nnet_utils/nnet_conv_stream.h:247->firmware/nnet_utils/nnet_pooling_stream.h:52->firmware/nnet_utils/nnet_pooling_stream.h:115]   --->   Operation 513 'store' 'store_ln209' <Predicate = true> <Delay = 0.00>
ST_7 : Operation 514 [1/1] (0.00ns)   --->   "%store_ln209 = store i16 %select_ln109, i16 %p_ZZN4nnet22compute_pool_buffer_2dINS_5arrayI8ap_fixedILi16ELi6EL9ap_q_mode5EL9ap_30" [firmware/nnet_utils/nnet_conv_stream.h:209->firmware/nnet_utils/nnet_conv_stream.h:247->firmware/nnet_utils/nnet_pooling_stream.h:52->firmware/nnet_utils/nnet_pooling_stream.h:115]   --->   Operation 514 'store' 'store_ln209' <Predicate = true> <Delay = 0.00>
ST_7 : Operation 515 [1/1] (0.00ns)   --->   "%store_ln209 = store i16 %trunc_ln115, i16 %p_ZZN4nnet22compute_pool_buffer_2dINS_5arrayI8ap_fixedILi16ELi6EL9ap_q_mode5EL9ap_29" [firmware/nnet_utils/nnet_conv_stream.h:209->firmware/nnet_utils/nnet_conv_stream.h:247->firmware/nnet_utils/nnet_pooling_stream.h:52->firmware/nnet_utils/nnet_pooling_stream.h:115]   --->   Operation 515 'store' 'store_ln209' <Predicate = true> <Delay = 0.00>
ST_7 : Operation 516 [1/1] (0.00ns)   --->   "%store_ln209 = store i16 %trunc_ln115_1, i16 %p_ZZN4nnet22compute_pool_buffer_2dINS_5arrayI8ap_fixedILi16ELi6EL9ap_q_mode5EL9ap_28" [firmware/nnet_utils/nnet_conv_stream.h:209->firmware/nnet_utils/nnet_conv_stream.h:247->firmware/nnet_utils/nnet_pooling_stream.h:52->firmware/nnet_utils/nnet_pooling_stream.h:115]   --->   Operation 516 'store' 'store_ln209' <Predicate = true> <Delay = 0.00>
ST_7 : Operation 517 [1/1] (0.00ns)   --->   "%store_ln209 = store i16 %trunc_ln115_2, i16 %p_ZZN4nnet22compute_pool_buffer_2dINS_5arrayI8ap_fixedILi16ELi6EL9ap_q_mode5EL9ap_27" [firmware/nnet_utils/nnet_conv_stream.h:209->firmware/nnet_utils/nnet_conv_stream.h:247->firmware/nnet_utils/nnet_pooling_stream.h:52->firmware/nnet_utils/nnet_pooling_stream.h:115]   --->   Operation 517 'store' 'store_ln209' <Predicate = true> <Delay = 0.00>
ST_7 : Operation 518 [1/1] (0.00ns)   --->   "%store_ln209 = store i16 %trunc_ln115_3, i16 %p_ZZN4nnet22compute_pool_buffer_2dINS_5arrayI8ap_fixedILi16ELi6EL9ap_q_mode5EL9ap_26" [firmware/nnet_utils/nnet_conv_stream.h:209->firmware/nnet_utils/nnet_conv_stream.h:247->firmware/nnet_utils/nnet_pooling_stream.h:52->firmware/nnet_utils/nnet_pooling_stream.h:115]   --->   Operation 518 'store' 'store_ln209' <Predicate = true> <Delay = 0.00>
ST_7 : Operation 519 [1/1] (0.00ns)   --->   "%store_ln209 = store i16 %trunc_ln115_4, i16 %p_ZZN4nnet22compute_pool_buffer_2dINS_5arrayI8ap_fixedILi16ELi6EL9ap_q_mode5EL9ap_25" [firmware/nnet_utils/nnet_conv_stream.h:209->firmware/nnet_utils/nnet_conv_stream.h:247->firmware/nnet_utils/nnet_pooling_stream.h:52->firmware/nnet_utils/nnet_pooling_stream.h:115]   --->   Operation 519 'store' 'store_ln209' <Predicate = true> <Delay = 0.00>
ST_7 : Operation 520 [1/1] (0.00ns)   --->   "%store_ln209 = store i16 %trunc_ln115_5, i16 %p_ZZN4nnet22compute_pool_buffer_2dINS_5arrayI8ap_fixedILi16ELi6EL9ap_q_mode5EL9ap_24" [firmware/nnet_utils/nnet_conv_stream.h:209->firmware/nnet_utils/nnet_conv_stream.h:247->firmware/nnet_utils/nnet_pooling_stream.h:52->firmware/nnet_utils/nnet_pooling_stream.h:115]   --->   Operation 520 'store' 'store_ln209' <Predicate = true> <Delay = 0.00>
ST_7 : Operation 521 [1/1] (0.00ns)   --->   "%store_ln209 = store i16 %trunc_ln115_6, i16 %p_ZZN4nnet22compute_pool_buffer_2dINS_5arrayI8ap_fixedILi16ELi6EL9ap_q_mode5EL9ap_23" [firmware/nnet_utils/nnet_conv_stream.h:209->firmware/nnet_utils/nnet_conv_stream.h:247->firmware/nnet_utils/nnet_pooling_stream.h:52->firmware/nnet_utils/nnet_pooling_stream.h:115]   --->   Operation 521 'store' 'store_ln209' <Predicate = true> <Delay = 0.00>
ST_7 : Operation 522 [1/1] (0.00ns)   --->   "%store_ln209 = store i16 %trunc_ln115_7, i16 %p_ZZN4nnet22compute_pool_buffer_2dINS_5arrayI8ap_fixedILi16ELi6EL9ap_q_mode5EL9ap_22" [firmware/nnet_utils/nnet_conv_stream.h:209->firmware/nnet_utils/nnet_conv_stream.h:247->firmware/nnet_utils/nnet_pooling_stream.h:52->firmware/nnet_utils/nnet_pooling_stream.h:115]   --->   Operation 522 'store' 'store_ln209' <Predicate = true> <Delay = 0.00>
ST_7 : Operation 523 [1/1] (0.00ns)   --->   "%store_ln209 = store i16 %trunc_ln115_8, i16 %p_ZZN4nnet22compute_pool_buffer_2dINS_5arrayI8ap_fixedILi16ELi6EL9ap_q_mode5EL9ap_21" [firmware/nnet_utils/nnet_conv_stream.h:209->firmware/nnet_utils/nnet_conv_stream.h:247->firmware/nnet_utils/nnet_pooling_stream.h:52->firmware/nnet_utils/nnet_pooling_stream.h:115]   --->   Operation 523 'store' 'store_ln209' <Predicate = true> <Delay = 0.00>
ST_7 : Operation 524 [1/1] (0.00ns)   --->   "%store_ln209 = store i16 %trunc_ln115_9, i16 %p_ZZN4nnet22compute_pool_buffer_2dINS_5arrayI8ap_fixedILi16ELi6EL9ap_q_mode5EL9ap_20" [firmware/nnet_utils/nnet_conv_stream.h:209->firmware/nnet_utils/nnet_conv_stream.h:247->firmware/nnet_utils/nnet_pooling_stream.h:52->firmware/nnet_utils/nnet_pooling_stream.h:115]   --->   Operation 524 'store' 'store_ln209' <Predicate = true> <Delay = 0.00>
ST_7 : Operation 525 [1/1] (0.00ns)   --->   "%store_ln209 = store i16 %trunc_ln115_s, i16 %p_ZZN4nnet22compute_pool_buffer_2dINS_5arrayI8ap_fixedILi16ELi6EL9ap_q_mode5EL9ap_19" [firmware/nnet_utils/nnet_conv_stream.h:209->firmware/nnet_utils/nnet_conv_stream.h:247->firmware/nnet_utils/nnet_pooling_stream.h:52->firmware/nnet_utils/nnet_pooling_stream.h:115]   --->   Operation 525 'store' 'store_ln209' <Predicate = true> <Delay = 0.00>
ST_7 : Operation 526 [1/1] (0.00ns)   --->   "%store_ln209 = store i16 %trunc_ln115_10, i16 %p_ZZN4nnet22compute_pool_buffer_2dINS_5arrayI8ap_fixedILi16ELi6EL9ap_q_mode5EL9ap_18" [firmware/nnet_utils/nnet_conv_stream.h:209->firmware/nnet_utils/nnet_conv_stream.h:247->firmware/nnet_utils/nnet_pooling_stream.h:52->firmware/nnet_utils/nnet_pooling_stream.h:115]   --->   Operation 526 'store' 'store_ln209' <Predicate = true> <Delay = 0.00>
ST_7 : Operation 527 [1/1] (0.00ns)   --->   "%store_ln209 = store i16 %trunc_ln115_11, i16 %p_ZZN4nnet22compute_pool_buffer_2dINS_5arrayI8ap_fixedILi16ELi6EL9ap_q_mode5EL9ap_17" [firmware/nnet_utils/nnet_conv_stream.h:209->firmware/nnet_utils/nnet_conv_stream.h:247->firmware/nnet_utils/nnet_pooling_stream.h:52->firmware/nnet_utils/nnet_pooling_stream.h:115]   --->   Operation 527 'store' 'store_ln209' <Predicate = true> <Delay = 0.00>
ST_7 : Operation 528 [1/1] (0.00ns)   --->   "%store_ln209 = store i16 %trunc_ln115_12, i16 %p_ZZN4nnet22compute_pool_buffer_2dINS_5arrayI8ap_fixedILi16ELi6EL9ap_q_mode5EL9ap_16" [firmware/nnet_utils/nnet_conv_stream.h:209->firmware/nnet_utils/nnet_conv_stream.h:247->firmware/nnet_utils/nnet_pooling_stream.h:52->firmware/nnet_utils/nnet_pooling_stream.h:115]   --->   Operation 528 'store' 'store_ln209' <Predicate = true> <Delay = 0.00>
ST_7 : Operation 529 [1/1] (0.00ns)   --->   "%store_ln209 = store i16 %trunc_ln115_13, i16 %p_ZZN4nnet22compute_pool_buffer_2dINS_5arrayI8ap_fixedILi16ELi6EL9ap_q_mode5EL9ap_15" [firmware/nnet_utils/nnet_conv_stream.h:209->firmware/nnet_utils/nnet_conv_stream.h:247->firmware/nnet_utils/nnet_pooling_stream.h:52->firmware/nnet_utils/nnet_pooling_stream.h:115]   --->   Operation 529 'store' 'store_ln209' <Predicate = true> <Delay = 0.00>
ST_7 : Operation 530 [1/1] (0.00ns)   --->   "%store_ln209 = store i16 %trunc_ln115_14, i16 %p_ZZN4nnet22compute_pool_buffer_2dINS_5arrayI8ap_fixedILi16ELi6EL9ap_q_mode5EL9ap_14" [firmware/nnet_utils/nnet_conv_stream.h:209->firmware/nnet_utils/nnet_conv_stream.h:247->firmware/nnet_utils/nnet_pooling_stream.h:52->firmware/nnet_utils/nnet_pooling_stream.h:115]   --->   Operation 530 'store' 'store_ln209' <Predicate = true> <Delay = 0.00>
ST_7 : Operation 531 [1/1] (0.00ns)   --->   "%ret_ln118 = ret" [firmware/nnet_utils/nnet_pooling_stream.h:118]   --->   Operation 531 'ret' 'ret_ln118' <Predicate = true> <Delay = 0.00>


============================================================
+ Verbose Summary: Timing violations
============================================================
Target clock period: 5.000ns, clock uncertainty: 1.350ns.

 <State 1>: 1.610ns
The critical path consists of the following:
	'alloca' operation 4 bit ('i_iw', firmware/nnet_utils/nnet_pooling_stream.h:111) [103]  (0.000 ns)
	'store' operation ('store_ln111', firmware/nnet_utils/nnet_pooling_stream.h:111) of constant 0 4 bit on local variable 'i_iw', firmware/nnet_utils/nnet_pooling_stream.h:111 [154]  (1.610 ns)

 <State 2>: 2.702ns
The critical path consists of the following:
	'load' operation 32 bit ('pX_1_load', firmware/nnet_utils/nnet_pooling_stream.h:76->firmware/nnet_utils/nnet_pooling_stream.h:115) on static variable 'pX_1' [275]  (0.000 ns)
	'add' operation 32 bit ('add_ln76', firmware/nnet_utils/nnet_pooling_stream.h:76->firmware/nnet_utils/nnet_pooling_stream.h:115) [454]  (2.702 ns)

 <State 3>: 3.498ns
The critical path consists of the following:
	'load' operation 32 bit ('sX_1_load', firmware/nnet_utils/nnet_pooling_stream.h:55->firmware/nnet_utils/nnet_pooling_stream.h:115) on static variable 'sX_1' [273]  (0.000 ns)
	'icmp' operation 1 bit ('icmp_ln55', firmware/nnet_utils/nnet_pooling_stream.h:55->firmware/nnet_utils/nnet_pooling_stream.h:115) [274]  (2.702 ns)
	'select' operation 32 bit ('select_ln91', firmware/nnet_utils/nnet_pooling_stream.h:91->firmware/nnet_utils/nnet_pooling_stream.h:115) [460]  (0.796 ns)

 <State 4>: 3.641ns
The critical path consists of the following:
	'load' operation 7 bit ('indvar_flatten3_load', firmware/nnet_utils/nnet_pooling_stream.h:109) on local variable 'indvar_flatten3' [207]  (0.000 ns)
	'add' operation 7 bit ('add_ln109', firmware/nnet_utils/nnet_pooling_stream.h:109) [276]  (2.030 ns)
	'store' operation ('store_ln109', firmware/nnet_utils/nnet_pooling_stream.h:109) of variable 'add_ln109', firmware/nnet_utils/nnet_pooling_stream.h:109 7 bit on local variable 'indvar_flatten3' [538]  (1.610 ns)

 <State 5>: 3.439ns
The critical path consists of the following:
	'xor' operation 1 bit ('xor_ln66_24', firmware/nnet_utils/nnet_common.h:66->firmware/nnet_utils/nnet_common.h:44->firmware/nnet_utils/nnet_common.h:46->firmware/nnet_utils/nnet_pooling_stream.h:21->firmware/nnet_utils/nnet_pooling_stream.h:68->firmware/nnet_utils/nnet_pooling_stream.h:115) [310]  (0.000 ns)
	'select' operation 16 bit ('select_ln0_16', firmware/nnet_utils/nnet_common.h:0->firmware/nnet_utils/nnet_common.h:46->firmware/nnet_utils/nnet_pooling_stream.h:21->firmware/nnet_utils/nnet_pooling_stream.h:68->firmware/nnet_utils/nnet_pooling_stream.h:115) [311]  (1.293 ns)
	'icmp' operation 1 bit ('icmp_ln66_25', firmware/nnet_utils/nnet_common.h:66->firmware/nnet_utils/nnet_common.h:46->firmware/nnet_utils/nnet_pooling_stream.h:21->firmware/nnet_utils/nnet_pooling_stream.h:68->firmware/nnet_utils/nnet_pooling_stream.h:115) [312]  (2.146 ns)

 <State 6>: 3.118ns
The critical path consists of the following:
	'xor' operation 1 bit ('xor_ln66_25', firmware/nnet_utils/nnet_common.h:66->firmware/nnet_utils/nnet_common.h:46->firmware/nnet_utils/nnet_pooling_stream.h:21->firmware/nnet_utils/nnet_pooling_stream.h:68->firmware/nnet_utils/nnet_pooling_stream.h:115) [313]  (0.000 ns)
	'select' operation 16 bit ('res_pack', firmware/nnet_utils/nnet_pooling_stream.h:67->firmware/nnet_utils/nnet_pooling_stream.h:115) [314]  (1.293 ns)
	fifo write operation ('write_ln72', firmware/nnet_utils/nnet_pooling_stream.h:72->firmware/nnet_utils/nnet_pooling_stream.h:115) on port 'layer16_out' (firmware/nnet_utils/nnet_pooling_stream.h:72->firmware/nnet_utils/nnet_pooling_stream.h:115) [451]  (1.825 ns)

 <State 7>: 0.000ns
The critical path consists of the following:


============================================================
+ Verbose Summary: Binding
============================================================
N/A
* FSMD analyzer results:
  - Output states:
 - Input state : 
  - Chain level:
	State 1
	State 2
	State 3
	State 4
	State 5
	State 6
	State 7


============================================================
+ Verbose Summary: Datapath Resource usage 
============================================================
N/A
