

================================================================
== Vitis HLS Report for 'relu_array_ap_fixed_32u_array_ap_fixed_16_6_5_3_0_32u_ReLU_config20_s'
================================================================
* Date:           Tue Oct  6 08:53:59 2026

* Version:        2026.1 (Build 6493734 on Jun 16 2026)
* Project:        myproject_prj
* Solution:       solution1
* Product family: artix7
* Target device:  xc7a35t-ftg256-1


================================================================
== Performance Estimates
================================================================
+ Timing: 
    * Summary: 
    +--------+---------+----------+------------+
    |  Clock |  Target | Estimated| Uncertainty|
    +--------+---------+----------+------------+
    |ap_clk  |  5.00 ns|  3.141 ns|     1.35 ns|
    +--------+---------+----------+------------+

+ Latency: 
    * Summary: 
    +---------+---------+-----------+-----------+-----+-----+---------+
    |  Latency (cycles) |   Latency (absolute)  |  Interval | Pipeline|
    |   min   |   max   |    min    |    max    | min | max |   Type  |
    +---------+---------+-----------+-----------+-----+-----+---------+
    |        2|        2|  10.000 ns|  10.000 ns|    2|    2|       no|
    +---------+---------+-----------+-----------+-----+-----+---------+

    + Detail: 
        * Instance: 
        N/A

        * Loop: 
        N/A

============================================================
+ Verbose Summary: Synthesis Manager
============================================================
InlineROM: 1
ExposeGlobal: 0
============================================================
+ Verbose Summary: CDFG Model
============================================================
IsTopModel: 0
ResetActiveHigh: 1
IsCombinational: 2
IsDatapathOnly: 0
HasWiredReturn: 1
HasMFsm: 0
HasVarLatency: 1
IsPipeline: 0
IsRtlPipelined: 0
IsInstanceOverlapped: 0
IsDontTouch: 0
HasImplIP: 0
IsGatedGlobalClock: 0


============================================================
+ Verbose Summary: Schedule
============================================================
* Number of FSM states : 3
* Pipeline : 0
* Dataflow Pipeline: 0

* FSM state transitions: 
1 --> 2 
2 --> 3 
3 --> 

* FSM state operations: 

State 1 <SV = 0> <Delay = 1.82>
ST_1 : Operation 4 [1/1] ( I:1.82ns O:1.82ns )   --->   "%layer23_out_read = read i512 @_ssdm_op_Read.ap_fifo.volatile.i512P0A, i512 %layer23_out" [firmware/nnet_utils/nnet_activation_stream.h:44]   --->   Operation 4 'read' 'layer23_out_read' <Predicate = true> <Delay = 1.82> <CoreInst = "FIFO_SRL">   --->   Core 80 'FIFO_SRL' <Latency = 0> <II = 1> <Delay = 3.90> <Storage> <Opcode : 'read' 'write' 'nbread' 'nbwrite'> <Ports = 0> <Width = 512> <Depth = 1> <FIFO>
ST_1 : Operation 5 [1/1] (0.00ns)   --->   "%trunc_ln44 = trunc i512 %layer23_out_read" [firmware/nnet_utils/nnet_activation_stream.h:44]   --->   Operation 5 'trunc' 'trunc_ln44' <Predicate = true> <Delay = 0.00>
ST_1 : Operation 6 [1/1] (0.00ns)   --->   "%trunc_ln44_69 = trunc i512 %layer23_out_read" [firmware/nnet_utils/nnet_activation_stream.h:44]   --->   Operation 6 'trunc' 'trunc_ln44_69' <Predicate = true> <Delay = 0.00>
ST_1 : Operation 7 [1/1] (0.00ns)   --->   "%trunc_ln44_8 = partselect i16 @_ssdm_op_PartSelect.i16.i512.i32.i32, i512 %layer23_out_read, i32 16, i32 31" [firmware/nnet_utils/nnet_activation_stream.h:44]   --->   Operation 7 'partselect' 'trunc_ln44_8' <Predicate = true> <Delay = 0.00>
ST_1 : Operation 8 [1/1] (0.00ns)   --->   "%trunc_ln44_s = partselect i15 @_ssdm_op_PartSelect.i15.i512.i32.i32, i512 %layer23_out_read, i32 16, i32 30" [firmware/nnet_utils/nnet_activation_stream.h:44]   --->   Operation 8 'partselect' 'trunc_ln44_s' <Predicate = true> <Delay = 0.00>
ST_1 : Operation 9 [1/1] (0.00ns)   --->   "%trunc_ln44_9 = partselect i16 @_ssdm_op_PartSelect.i16.i512.i32.i32, i512 %layer23_out_read, i32 32, i32 47" [firmware/nnet_utils/nnet_activation_stream.h:44]   --->   Operation 9 'partselect' 'trunc_ln44_9' <Predicate = true> <Delay = 0.00>
ST_1 : Operation 10 [1/1] (0.00ns)   --->   "%trunc_ln44_39 = partselect i15 @_ssdm_op_PartSelect.i15.i512.i32.i32, i512 %layer23_out_read, i32 32, i32 46" [firmware/nnet_utils/nnet_activation_stream.h:44]   --->   Operation 10 'partselect' 'trunc_ln44_39' <Predicate = true> <Delay = 0.00>
ST_1 : Operation 11 [1/1] (0.00ns)   --->   "%trunc_ln44_10 = partselect i16 @_ssdm_op_PartSelect.i16.i512.i32.i32, i512 %layer23_out_read, i32 48, i32 63" [firmware/nnet_utils/nnet_activation_stream.h:44]   --->   Operation 11 'partselect' 'trunc_ln44_10' <Predicate = true> <Delay = 0.00>
ST_1 : Operation 12 [1/1] (0.00ns)   --->   "%trunc_ln44_40 = partselect i15 @_ssdm_op_PartSelect.i15.i512.i32.i32, i512 %layer23_out_read, i32 48, i32 62" [firmware/nnet_utils/nnet_activation_stream.h:44]   --->   Operation 12 'partselect' 'trunc_ln44_40' <Predicate = true> <Delay = 0.00>
ST_1 : Operation 13 [1/1] (0.00ns)   --->   "%trunc_ln44_11 = partselect i16 @_ssdm_op_PartSelect.i16.i512.i32.i32, i512 %layer23_out_read, i32 64, i32 79" [firmware/nnet_utils/nnet_activation_stream.h:44]   --->   Operation 13 'partselect' 'trunc_ln44_11' <Predicate = true> <Delay = 0.00>
ST_1 : Operation 14 [1/1] (0.00ns)   --->   "%trunc_ln44_41 = partselect i15 @_ssdm_op_PartSelect.i15.i512.i32.i32, i512 %layer23_out_read, i32 64, i32 78" [firmware/nnet_utils/nnet_activation_stream.h:44]   --->   Operation 14 'partselect' 'trunc_ln44_41' <Predicate = true> <Delay = 0.00>
ST_1 : Operation 15 [1/1] (0.00ns)   --->   "%trunc_ln44_12 = partselect i16 @_ssdm_op_PartSelect.i16.i512.i32.i32, i512 %layer23_out_read, i32 80, i32 95" [firmware/nnet_utils/nnet_activation_stream.h:44]   --->   Operation 15 'partselect' 'trunc_ln44_12' <Predicate = true> <Delay = 0.00>
ST_1 : Operation 16 [1/1] (0.00ns)   --->   "%trunc_ln44_42 = partselect i15 @_ssdm_op_PartSelect.i15.i512.i32.i32, i512 %layer23_out_read, i32 80, i32 94" [firmware/nnet_utils/nnet_activation_stream.h:44]   --->   Operation 16 'partselect' 'trunc_ln44_42' <Predicate = true> <Delay = 0.00>
ST_1 : Operation 17 [1/1] (0.00ns)   --->   "%trunc_ln44_13 = partselect i16 @_ssdm_op_PartSelect.i16.i512.i32.i32, i512 %layer23_out_read, i32 96, i32 111" [firmware/nnet_utils/nnet_activation_stream.h:44]   --->   Operation 17 'partselect' 'trunc_ln44_13' <Predicate = true> <Delay = 0.00>
ST_1 : Operation 18 [1/1] (0.00ns)   --->   "%trunc_ln44_43 = partselect i15 @_ssdm_op_PartSelect.i15.i512.i32.i32, i512 %layer23_out_read, i32 96, i32 110" [firmware/nnet_utils/nnet_activation_stream.h:44]   --->   Operation 18 'partselect' 'trunc_ln44_43' <Predicate = true> <Delay = 0.00>
ST_1 : Operation 19 [1/1] (0.00ns)   --->   "%trunc_ln44_14 = partselect i16 @_ssdm_op_PartSelect.i16.i512.i32.i32, i512 %layer23_out_read, i32 112, i32 127" [firmware/nnet_utils/nnet_activation_stream.h:44]   --->   Operation 19 'partselect' 'trunc_ln44_14' <Predicate = true> <Delay = 0.00>
ST_1 : Operation 20 [1/1] (0.00ns)   --->   "%trunc_ln44_44 = partselect i15 @_ssdm_op_PartSelect.i15.i512.i32.i32, i512 %layer23_out_read, i32 112, i32 126" [firmware/nnet_utils/nnet_activation_stream.h:44]   --->   Operation 20 'partselect' 'trunc_ln44_44' <Predicate = true> <Delay = 0.00>
ST_1 : Operation 21 [1/1] (0.00ns)   --->   "%trunc_ln44_15 = partselect i16 @_ssdm_op_PartSelect.i16.i512.i32.i32, i512 %layer23_out_read, i32 128, i32 143" [firmware/nnet_utils/nnet_activation_stream.h:44]   --->   Operation 21 'partselect' 'trunc_ln44_15' <Predicate = true> <Delay = 0.00>
ST_1 : Operation 22 [1/1] (0.00ns)   --->   "%trunc_ln44_45 = partselect i15 @_ssdm_op_PartSelect.i15.i512.i32.i32, i512 %layer23_out_read, i32 128, i32 142" [firmware/nnet_utils/nnet_activation_stream.h:44]   --->   Operation 22 'partselect' 'trunc_ln44_45' <Predicate = true> <Delay = 0.00>
ST_1 : Operation 23 [1/1] (0.00ns)   --->   "%trunc_ln44_16 = partselect i16 @_ssdm_op_PartSelect.i16.i512.i32.i32, i512 %layer23_out_read, i32 144, i32 159" [firmware/nnet_utils/nnet_activation_stream.h:44]   --->   Operation 23 'partselect' 'trunc_ln44_16' <Predicate = true> <Delay = 0.00>
ST_1 : Operation 24 [1/1] (0.00ns)   --->   "%trunc_ln44_46 = partselect i15 @_ssdm_op_PartSelect.i15.i512.i32.i32, i512 %layer23_out_read, i32 144, i32 158" [firmware/nnet_utils/nnet_activation_stream.h:44]   --->   Operation 24 'partselect' 'trunc_ln44_46' <Predicate = true> <Delay = 0.00>
ST_1 : Operation 25 [1/1] (0.00ns)   --->   "%trunc_ln44_17 = partselect i16 @_ssdm_op_PartSelect.i16.i512.i32.i32, i512 %layer23_out_read, i32 160, i32 175" [firmware/nnet_utils/nnet_activation_stream.h:44]   --->   Operation 25 'partselect' 'trunc_ln44_17' <Predicate = true> <Delay = 0.00>
ST_1 : Operation 26 [1/1] (0.00ns)   --->   "%trunc_ln44_47 = partselect i15 @_ssdm_op_PartSelect.i15.i512.i32.i32, i512 %layer23_out_read, i32 160, i32 174" [firmware/nnet_utils/nnet_activation_stream.h:44]   --->   Operation 26 'partselect' 'trunc_ln44_47' <Predicate = true> <Delay = 0.00>
ST_1 : Operation 27 [1/1] (0.00ns)   --->   "%trunc_ln44_18 = partselect i16 @_ssdm_op_PartSelect.i16.i512.i32.i32, i512 %layer23_out_read, i32 176, i32 191" [firmware/nnet_utils/nnet_activation_stream.h:44]   --->   Operation 27 'partselect' 'trunc_ln44_18' <Predicate = true> <Delay = 0.00>
ST_1 : Operation 28 [1/1] (0.00ns)   --->   "%trunc_ln44_48 = partselect i15 @_ssdm_op_PartSelect.i15.i512.i32.i32, i512 %layer23_out_read, i32 176, i32 190" [firmware/nnet_utils/nnet_activation_stream.h:44]   --->   Operation 28 'partselect' 'trunc_ln44_48' <Predicate = true> <Delay = 0.00>
ST_1 : Operation 29 [1/1] (0.00ns)   --->   "%trunc_ln44_19 = partselect i16 @_ssdm_op_PartSelect.i16.i512.i32.i32, i512 %layer23_out_read, i32 192, i32 207" [firmware/nnet_utils/nnet_activation_stream.h:44]   --->   Operation 29 'partselect' 'trunc_ln44_19' <Predicate = true> <Delay = 0.00>
ST_1 : Operation 30 [1/1] (0.00ns)   --->   "%trunc_ln44_49 = partselect i15 @_ssdm_op_PartSelect.i15.i512.i32.i32, i512 %layer23_out_read, i32 192, i32 206" [firmware/nnet_utils/nnet_activation_stream.h:44]   --->   Operation 30 'partselect' 'trunc_ln44_49' <Predicate = true> <Delay = 0.00>
ST_1 : Operation 31 [1/1] (0.00ns)   --->   "%trunc_ln44_20 = partselect i16 @_ssdm_op_PartSelect.i16.i512.i32.i32, i512 %layer23_out_read, i32 208, i32 223" [firmware/nnet_utils/nnet_activation_stream.h:44]   --->   Operation 31 'partselect' 'trunc_ln44_20' <Predicate = true> <Delay = 0.00>
ST_1 : Operation 32 [1/1] (0.00ns)   --->   "%trunc_ln44_50 = partselect i15 @_ssdm_op_PartSelect.i15.i512.i32.i32, i512 %layer23_out_read, i32 208, i32 222" [firmware/nnet_utils/nnet_activation_stream.h:44]   --->   Operation 32 'partselect' 'trunc_ln44_50' <Predicate = true> <Delay = 0.00>
ST_1 : Operation 33 [1/1] (0.00ns)   --->   "%trunc_ln44_21 = partselect i16 @_ssdm_op_PartSelect.i16.i512.i32.i32, i512 %layer23_out_read, i32 224, i32 239" [firmware/nnet_utils/nnet_activation_stream.h:44]   --->   Operation 33 'partselect' 'trunc_ln44_21' <Predicate = true> <Delay = 0.00>
ST_1 : Operation 34 [1/1] (0.00ns)   --->   "%trunc_ln44_51 = partselect i15 @_ssdm_op_PartSelect.i15.i512.i32.i32, i512 %layer23_out_read, i32 224, i32 238" [firmware/nnet_utils/nnet_activation_stream.h:44]   --->   Operation 34 'partselect' 'trunc_ln44_51' <Predicate = true> <Delay = 0.00>
ST_1 : Operation 35 [1/1] (0.00ns)   --->   "%trunc_ln44_22 = partselect i16 @_ssdm_op_PartSelect.i16.i512.i32.i32, i512 %layer23_out_read, i32 240, i32 255" [firmware/nnet_utils/nnet_activation_stream.h:44]   --->   Operation 35 'partselect' 'trunc_ln44_22' <Predicate = true> <Delay = 0.00>
ST_1 : Operation 36 [1/1] (0.00ns)   --->   "%trunc_ln44_52 = partselect i15 @_ssdm_op_PartSelect.i15.i512.i32.i32, i512 %layer23_out_read, i32 240, i32 254" [firmware/nnet_utils/nnet_activation_stream.h:44]   --->   Operation 36 'partselect' 'trunc_ln44_52' <Predicate = true> <Delay = 0.00>
ST_1 : Operation 37 [1/1] (0.00ns)   --->   "%trunc_ln44_23 = partselect i16 @_ssdm_op_PartSelect.i16.i512.i32.i32, i512 %layer23_out_read, i32 256, i32 271" [firmware/nnet_utils/nnet_activation_stream.h:44]   --->   Operation 37 'partselect' 'trunc_ln44_23' <Predicate = true> <Delay = 0.00>
ST_1 : Operation 38 [1/1] (0.00ns)   --->   "%trunc_ln44_53 = partselect i15 @_ssdm_op_PartSelect.i15.i512.i32.i32, i512 %layer23_out_read, i32 256, i32 270" [firmware/nnet_utils/nnet_activation_stream.h:44]   --->   Operation 38 'partselect' 'trunc_ln44_53' <Predicate = true> <Delay = 0.00>
ST_1 : Operation 39 [1/1] (0.00ns)   --->   "%trunc_ln44_24 = partselect i16 @_ssdm_op_PartSelect.i16.i512.i32.i32, i512 %layer23_out_read, i32 272, i32 287" [firmware/nnet_utils/nnet_activation_stream.h:44]   --->   Operation 39 'partselect' 'trunc_ln44_24' <Predicate = true> <Delay = 0.00>
ST_1 : Operation 40 [1/1] (0.00ns)   --->   "%trunc_ln44_54 = partselect i15 @_ssdm_op_PartSelect.i15.i512.i32.i32, i512 %layer23_out_read, i32 272, i32 286" [firmware/nnet_utils/nnet_activation_stream.h:44]   --->   Operation 40 'partselect' 'trunc_ln44_54' <Predicate = true> <Delay = 0.00>
ST_1 : Operation 41 [1/1] (0.00ns)   --->   "%trunc_ln44_25 = partselect i16 @_ssdm_op_PartSelect.i16.i512.i32.i32, i512 %layer23_out_read, i32 288, i32 303" [firmware/nnet_utils/nnet_activation_stream.h:44]   --->   Operation 41 'partselect' 'trunc_ln44_25' <Predicate = true> <Delay = 0.00>
ST_1 : Operation 42 [1/1] (0.00ns)   --->   "%trunc_ln44_55 = partselect i15 @_ssdm_op_PartSelect.i15.i512.i32.i32, i512 %layer23_out_read, i32 288, i32 302" [firmware/nnet_utils/nnet_activation_stream.h:44]   --->   Operation 42 'partselect' 'trunc_ln44_55' <Predicate = true> <Delay = 0.00>
ST_1 : Operation 43 [1/1] (0.00ns)   --->   "%trunc_ln44_26 = partselect i16 @_ssdm_op_PartSelect.i16.i512.i32.i32, i512 %layer23_out_read, i32 304, i32 319" [firmware/nnet_utils/nnet_activation_stream.h:44]   --->   Operation 43 'partselect' 'trunc_ln44_26' <Predicate = true> <Delay = 0.00>
ST_1 : Operation 44 [1/1] (0.00ns)   --->   "%trunc_ln44_56 = partselect i15 @_ssdm_op_PartSelect.i15.i512.i32.i32, i512 %layer23_out_read, i32 304, i32 318" [firmware/nnet_utils/nnet_activation_stream.h:44]   --->   Operation 44 'partselect' 'trunc_ln44_56' <Predicate = true> <Delay = 0.00>
ST_1 : Operation 45 [1/1] (0.00ns)   --->   "%trunc_ln44_27 = partselect i16 @_ssdm_op_PartSelect.i16.i512.i32.i32, i512 %layer23_out_read, i32 320, i32 335" [firmware/nnet_utils/nnet_activation_stream.h:44]   --->   Operation 45 'partselect' 'trunc_ln44_27' <Predicate = true> <Delay = 0.00>
ST_1 : Operation 46 [1/1] (0.00ns)   --->   "%trunc_ln44_57 = partselect i15 @_ssdm_op_PartSelect.i15.i512.i32.i32, i512 %layer23_out_read, i32 320, i32 334" [firmware/nnet_utils/nnet_activation_stream.h:44]   --->   Operation 46 'partselect' 'trunc_ln44_57' <Predicate = true> <Delay = 0.00>
ST_1 : Operation 47 [1/1] (0.00ns)   --->   "%trunc_ln44_28 = partselect i16 @_ssdm_op_PartSelect.i16.i512.i32.i32, i512 %layer23_out_read, i32 336, i32 351" [firmware/nnet_utils/nnet_activation_stream.h:44]   --->   Operation 47 'partselect' 'trunc_ln44_28' <Predicate = true> <Delay = 0.00>
ST_1 : Operation 48 [1/1] (0.00ns)   --->   "%trunc_ln44_58 = partselect i15 @_ssdm_op_PartSelect.i15.i512.i32.i32, i512 %layer23_out_read, i32 336, i32 350" [firmware/nnet_utils/nnet_activation_stream.h:44]   --->   Operation 48 'partselect' 'trunc_ln44_58' <Predicate = true> <Delay = 0.00>
ST_1 : Operation 49 [1/1] (0.00ns)   --->   "%trunc_ln44_29 = partselect i16 @_ssdm_op_PartSelect.i16.i512.i32.i32, i512 %layer23_out_read, i32 352, i32 367" [firmware/nnet_utils/nnet_activation_stream.h:44]   --->   Operation 49 'partselect' 'trunc_ln44_29' <Predicate = true> <Delay = 0.00>
ST_1 : Operation 50 [1/1] (0.00ns)   --->   "%trunc_ln44_59 = partselect i15 @_ssdm_op_PartSelect.i15.i512.i32.i32, i512 %layer23_out_read, i32 352, i32 366" [firmware/nnet_utils/nnet_activation_stream.h:44]   --->   Operation 50 'partselect' 'trunc_ln44_59' <Predicate = true> <Delay = 0.00>
ST_1 : Operation 51 [1/1] (0.00ns)   --->   "%trunc_ln44_30 = partselect i16 @_ssdm_op_PartSelect.i16.i512.i32.i32, i512 %layer23_out_read, i32 368, i32 383" [firmware/nnet_utils/nnet_activation_stream.h:44]   --->   Operation 51 'partselect' 'trunc_ln44_30' <Predicate = true> <Delay = 0.00>
ST_1 : Operation 52 [1/1] (0.00ns)   --->   "%trunc_ln44_60 = partselect i15 @_ssdm_op_PartSelect.i15.i512.i32.i32, i512 %layer23_out_read, i32 368, i32 382" [firmware/nnet_utils/nnet_activation_stream.h:44]   --->   Operation 52 'partselect' 'trunc_ln44_60' <Predicate = true> <Delay = 0.00>
ST_1 : Operation 53 [1/1] (0.00ns)   --->   "%trunc_ln44_31 = partselect i16 @_ssdm_op_PartSelect.i16.i512.i32.i32, i512 %layer23_out_read, i32 384, i32 399" [firmware/nnet_utils/nnet_activation_stream.h:44]   --->   Operation 53 'partselect' 'trunc_ln44_31' <Predicate = true> <Delay = 0.00>
ST_1 : Operation 54 [1/1] (0.00ns)   --->   "%trunc_ln44_61 = partselect i15 @_ssdm_op_PartSelect.i15.i512.i32.i32, i512 %layer23_out_read, i32 384, i32 398" [firmware/nnet_utils/nnet_activation_stream.h:44]   --->   Operation 54 'partselect' 'trunc_ln44_61' <Predicate = true> <Delay = 0.00>
ST_1 : Operation 55 [1/1] (0.00ns)   --->   "%trunc_ln44_32 = partselect i16 @_ssdm_op_PartSelect.i16.i512.i32.i32, i512 %layer23_out_read, i32 400, i32 415" [firmware/nnet_utils/nnet_activation_stream.h:44]   --->   Operation 55 'partselect' 'trunc_ln44_32' <Predicate = true> <Delay = 0.00>
ST_1 : Operation 56 [1/1] (0.00ns)   --->   "%trunc_ln44_62 = partselect i15 @_ssdm_op_PartSelect.i15.i512.i32.i32, i512 %layer23_out_read, i32 400, i32 414" [firmware/nnet_utils/nnet_activation_stream.h:44]   --->   Operation 56 'partselect' 'trunc_ln44_62' <Predicate = true> <Delay = 0.00>
ST_1 : Operation 57 [1/1] (0.00ns)   --->   "%trunc_ln44_33 = partselect i16 @_ssdm_op_PartSelect.i16.i512.i32.i32, i512 %layer23_out_read, i32 416, i32 431" [firmware/nnet_utils/nnet_activation_stream.h:44]   --->   Operation 57 'partselect' 'trunc_ln44_33' <Predicate = true> <Delay = 0.00>
ST_1 : Operation 58 [1/1] (0.00ns)   --->   "%trunc_ln44_63 = partselect i15 @_ssdm_op_PartSelect.i15.i512.i32.i32, i512 %layer23_out_read, i32 416, i32 430" [firmware/nnet_utils/nnet_activation_stream.h:44]   --->   Operation 58 'partselect' 'trunc_ln44_63' <Predicate = true> <Delay = 0.00>
ST_1 : Operation 59 [1/1] (0.00ns)   --->   "%trunc_ln44_34 = partselect i16 @_ssdm_op_PartSelect.i16.i512.i32.i32, i512 %layer23_out_read, i32 432, i32 447" [firmware/nnet_utils/nnet_activation_stream.h:44]   --->   Operation 59 'partselect' 'trunc_ln44_34' <Predicate = true> <Delay = 0.00>
ST_1 : Operation 60 [1/1] (0.00ns)   --->   "%trunc_ln44_64 = partselect i15 @_ssdm_op_PartSelect.i15.i512.i32.i32, i512 %layer23_out_read, i32 432, i32 446" [firmware/nnet_utils/nnet_activation_stream.h:44]   --->   Operation 60 'partselect' 'trunc_ln44_64' <Predicate = true> <Delay = 0.00>
ST_1 : Operation 61 [1/1] (0.00ns)   --->   "%trunc_ln44_35 = partselect i16 @_ssdm_op_PartSelect.i16.i512.i32.i32, i512 %layer23_out_read, i32 448, i32 463" [firmware/nnet_utils/nnet_activation_stream.h:44]   --->   Operation 61 'partselect' 'trunc_ln44_35' <Predicate = true> <Delay = 0.00>
ST_1 : Operation 62 [1/1] (0.00ns)   --->   "%trunc_ln44_65 = partselect i15 @_ssdm_op_PartSelect.i15.i512.i32.i32, i512 %layer23_out_read, i32 448, i32 462" [firmware/nnet_utils/nnet_activation_stream.h:44]   --->   Operation 62 'partselect' 'trunc_ln44_65' <Predicate = true> <Delay = 0.00>
ST_1 : Operation 63 [1/1] (0.00ns)   --->   "%trunc_ln44_36 = partselect i16 @_ssdm_op_PartSelect.i16.i512.i32.i32, i512 %layer23_out_read, i32 464, i32 479" [firmware/nnet_utils/nnet_activation_stream.h:44]   --->   Operation 63 'partselect' 'trunc_ln44_36' <Predicate = true> <Delay = 0.00>
ST_1 : Operation 64 [1/1] (0.00ns)   --->   "%trunc_ln44_66 = partselect i15 @_ssdm_op_PartSelect.i15.i512.i32.i32, i512 %layer23_out_read, i32 464, i32 478" [firmware/nnet_utils/nnet_activation_stream.h:44]   --->   Operation 64 'partselect' 'trunc_ln44_66' <Predicate = true> <Delay = 0.00>
ST_1 : Operation 65 [1/1] (0.00ns)   --->   "%trunc_ln44_37 = partselect i16 @_ssdm_op_PartSelect.i16.i512.i32.i32, i512 %layer23_out_read, i32 480, i32 495" [firmware/nnet_utils/nnet_activation_stream.h:44]   --->   Operation 65 'partselect' 'trunc_ln44_37' <Predicate = true> <Delay = 0.00>
ST_1 : Operation 66 [1/1] (0.00ns)   --->   "%trunc_ln44_67 = partselect i15 @_ssdm_op_PartSelect.i15.i512.i32.i32, i512 %layer23_out_read, i32 480, i32 494" [firmware/nnet_utils/nnet_activation_stream.h:44]   --->   Operation 66 'partselect' 'trunc_ln44_67' <Predicate = true> <Delay = 0.00>
ST_1 : Operation 67 [1/1] (0.00ns)   --->   "%trunc_ln44_38 = partselect i16 @_ssdm_op_PartSelect.i16.i512.i32.i32, i512 %layer23_out_read, i32 496, i32 511" [firmware/nnet_utils/nnet_activation_stream.h:44]   --->   Operation 67 'partselect' 'trunc_ln44_38' <Predicate = true> <Delay = 0.00>
ST_1 : Operation 68 [1/1] (0.00ns)   --->   "%trunc_ln2 = partselect i15 @_ssdm_op_PartSelect.i15.i512.i32.i32, i512 %layer23_out_read, i32 496, i32 510" [firmware/nnet_utils/nnet_activation_stream.h:51]   --->   Operation 68 'partselect' 'trunc_ln2' <Predicate = true> <Delay = 0.00>

State 2 <SV = 1> <Delay = 3.14>
ST_2 : Operation 69 [1/1] (2.14ns)   --->   "%icmp_ln51 = icmp_sgt  i16 %trunc_ln44, i16 0" [firmware/nnet_utils/nnet_activation_stream.h:51]   --->   Operation 69 'icmp' 'icmp_ln51' <Predicate = true> <Delay = 2.14> <CoreInst = "Cmp">   --->   Core 9 'Cmp' <Latency = 0> <II = 1> <Delay = 2.14> <FuncUnit> <Opcode : 'seteq' 'setne' 'setle' 'setge' 'setlt' 'setgt'> <InPorts = 2> <OutPorts = 1>
ST_2 : Operation 70 [1/1] (0.99ns)   --->   "%select_ln51 = select i1 %icmp_ln51, i15 %trunc_ln44_69, i15 0" [firmware/nnet_utils/nnet_activation_stream.h:51]   --->   Operation 70 'select' 'select_ln51' <Predicate = true> <Delay = 0.99> <CoreInst = "Sel">   --->   Core 73 'Sel' <Latency = 0> <II = 1> <Delay = 0.99> <FuncUnit> <Opcode : 'select'> <InPorts = 3> <OutPorts = 1>
ST_2 : Operation 71 [1/1] (2.14ns)   --->   "%icmp_ln51_8 = icmp_sgt  i16 %trunc_ln44_8, i16 0" [firmware/nnet_utils/nnet_activation_stream.h:51]   --->   Operation 71 'icmp' 'icmp_ln51_8' <Predicate = true> <Delay = 2.14> <CoreInst = "Cmp">   --->   Core 9 'Cmp' <Latency = 0> <II = 1> <Delay = 2.14> <FuncUnit> <Opcode : 'seteq' 'setne' 'setle' 'setge' 'setlt' 'setgt'> <InPorts = 2> <OutPorts = 1>
ST_2 : Operation 72 [1/1] (0.99ns)   --->   "%select_ln51_8 = select i1 %icmp_ln51_8, i15 %trunc_ln44_s, i15 0" [firmware/nnet_utils/nnet_activation_stream.h:51]   --->   Operation 72 'select' 'select_ln51_8' <Predicate = true> <Delay = 0.99> <CoreInst = "Sel">   --->   Core 73 'Sel' <Latency = 0> <II = 1> <Delay = 0.99> <FuncUnit> <Opcode : 'select'> <InPorts = 3> <OutPorts = 1>
ST_2 : Operation 73 [1/1] (2.14ns)   --->   "%icmp_ln51_9 = icmp_sgt  i16 %trunc_ln44_9, i16 0" [firmware/nnet_utils/nnet_activation_stream.h:51]   --->   Operation 73 'icmp' 'icmp_ln51_9' <Predicate = true> <Delay = 2.14> <CoreInst = "Cmp">   --->   Core 9 'Cmp' <Latency = 0> <II = 1> <Delay = 2.14> <FuncUnit> <Opcode : 'seteq' 'setne' 'setle' 'setge' 'setlt' 'setgt'> <InPorts = 2> <OutPorts = 1>
ST_2 : Operation 74 [1/1] (0.99ns)   --->   "%select_ln51_9 = select i1 %icmp_ln51_9, i15 %trunc_ln44_39, i15 0" [firmware/nnet_utils/nnet_activation_stream.h:51]   --->   Operation 74 'select' 'select_ln51_9' <Predicate = true> <Delay = 0.99> <CoreInst = "Sel">   --->   Core 73 'Sel' <Latency = 0> <II = 1> <Delay = 0.99> <FuncUnit> <Opcode : 'select'> <InPorts = 3> <OutPorts = 1>
ST_2 : Operation 75 [1/1] (2.14ns)   --->   "%icmp_ln51_10 = icmp_sgt  i16 %trunc_ln44_10, i16 0" [firmware/nnet_utils/nnet_activation_stream.h:51]   --->   Operation 75 'icmp' 'icmp_ln51_10' <Predicate = true> <Delay = 2.14> <CoreInst = "Cmp">   --->   Core 9 'Cmp' <Latency = 0> <II = 1> <Delay = 2.14> <FuncUnit> <Opcode : 'seteq' 'setne' 'setle' 'setge' 'setlt' 'setgt'> <InPorts = 2> <OutPorts = 1>
ST_2 : Operation 76 [1/1] (0.99ns)   --->   "%select_ln51_10 = select i1 %icmp_ln51_10, i15 %trunc_ln44_40, i15 0" [firmware/nnet_utils/nnet_activation_stream.h:51]   --->   Operation 76 'select' 'select_ln51_10' <Predicate = true> <Delay = 0.99> <CoreInst = "Sel">   --->   Core 73 'Sel' <Latency = 0> <II = 1> <Delay = 0.99> <FuncUnit> <Opcode : 'select'> <InPorts = 3> <OutPorts = 1>
ST_2 : Operation 77 [1/1] (2.14ns)   --->   "%icmp_ln51_11 = icmp_sgt  i16 %trunc_ln44_11, i16 0" [firmware/nnet_utils/nnet_activation_stream.h:51]   --->   Operation 77 'icmp' 'icmp_ln51_11' <Predicate = true> <Delay = 2.14> <CoreInst = "Cmp">   --->   Core 9 'Cmp' <Latency = 0> <II = 1> <Delay = 2.14> <FuncUnit> <Opcode : 'seteq' 'setne' 'setle' 'setge' 'setlt' 'setgt'> <InPorts = 2> <OutPorts = 1>
ST_2 : Operation 78 [1/1] (0.99ns)   --->   "%select_ln51_11 = select i1 %icmp_ln51_11, i15 %trunc_ln44_41, i15 0" [firmware/nnet_utils/nnet_activation_stream.h:51]   --->   Operation 78 'select' 'select_ln51_11' <Predicate = true> <Delay = 0.99> <CoreInst = "Sel">   --->   Core 73 'Sel' <Latency = 0> <II = 1> <Delay = 0.99> <FuncUnit> <Opcode : 'select'> <InPorts = 3> <OutPorts = 1>
ST_2 : Operation 79 [1/1] (2.14ns)   --->   "%icmp_ln51_12 = icmp_sgt  i16 %trunc_ln44_12, i16 0" [firmware/nnet_utils/nnet_activation_stream.h:51]   --->   Operation 79 'icmp' 'icmp_ln51_12' <Predicate = true> <Delay = 2.14> <CoreInst = "Cmp">   --->   Core 9 'Cmp' <Latency = 0> <II = 1> <Delay = 2.14> <FuncUnit> <Opcode : 'seteq' 'setne' 'setle' 'setge' 'setlt' 'setgt'> <InPorts = 2> <OutPorts = 1>
ST_2 : Operation 80 [1/1] (0.99ns)   --->   "%select_ln51_12 = select i1 %icmp_ln51_12, i15 %trunc_ln44_42, i15 0" [firmware/nnet_utils/nnet_activation_stream.h:51]   --->   Operation 80 'select' 'select_ln51_12' <Predicate = true> <Delay = 0.99> <CoreInst = "Sel">   --->   Core 73 'Sel' <Latency = 0> <II = 1> <Delay = 0.99> <FuncUnit> <Opcode : 'select'> <InPorts = 3> <OutPorts = 1>
ST_2 : Operation 81 [1/1] (2.14ns)   --->   "%icmp_ln51_13 = icmp_sgt  i16 %trunc_ln44_13, i16 0" [firmware/nnet_utils/nnet_activation_stream.h:51]   --->   Operation 81 'icmp' 'icmp_ln51_13' <Predicate = true> <Delay = 2.14> <CoreInst = "Cmp">   --->   Core 9 'Cmp' <Latency = 0> <II = 1> <Delay = 2.14> <FuncUnit> <Opcode : 'seteq' 'setne' 'setle' 'setge' 'setlt' 'setgt'> <InPorts = 2> <OutPorts = 1>
ST_2 : Operation 82 [1/1] (0.99ns)   --->   "%select_ln51_13 = select i1 %icmp_ln51_13, i15 %trunc_ln44_43, i15 0" [firmware/nnet_utils/nnet_activation_stream.h:51]   --->   Operation 82 'select' 'select_ln51_13' <Predicate = true> <Delay = 0.99> <CoreInst = "Sel">   --->   Core 73 'Sel' <Latency = 0> <II = 1> <Delay = 0.99> <FuncUnit> <Opcode : 'select'> <InPorts = 3> <OutPorts = 1>
ST_2 : Operation 83 [1/1] (2.14ns)   --->   "%icmp_ln51_14 = icmp_sgt  i16 %trunc_ln44_14, i16 0" [firmware/nnet_utils/nnet_activation_stream.h:51]   --->   Operation 83 'icmp' 'icmp_ln51_14' <Predicate = true> <Delay = 2.14> <CoreInst = "Cmp">   --->   Core 9 'Cmp' <Latency = 0> <II = 1> <Delay = 2.14> <FuncUnit> <Opcode : 'seteq' 'setne' 'setle' 'setge' 'setlt' 'setgt'> <InPorts = 2> <OutPorts = 1>
ST_2 : Operation 84 [1/1] (0.99ns)   --->   "%select_ln51_14 = select i1 %icmp_ln51_14, i15 %trunc_ln44_44, i15 0" [firmware/nnet_utils/nnet_activation_stream.h:51]   --->   Operation 84 'select' 'select_ln51_14' <Predicate = true> <Delay = 0.99> <CoreInst = "Sel">   --->   Core 73 'Sel' <Latency = 0> <II = 1> <Delay = 0.99> <FuncUnit> <Opcode : 'select'> <InPorts = 3> <OutPorts = 1>
ST_2 : Operation 85 [1/1] (2.14ns)   --->   "%icmp_ln51_15 = icmp_sgt  i16 %trunc_ln44_15, i16 0" [firmware/nnet_utils/nnet_activation_stream.h:51]   --->   Operation 85 'icmp' 'icmp_ln51_15' <Predicate = true> <Delay = 2.14> <CoreInst = "Cmp">   --->   Core 9 'Cmp' <Latency = 0> <II = 1> <Delay = 2.14> <FuncUnit> <Opcode : 'seteq' 'setne' 'setle' 'setge' 'setlt' 'setgt'> <InPorts = 2> <OutPorts = 1>
ST_2 : Operation 86 [1/1] (0.99ns)   --->   "%select_ln51_15 = select i1 %icmp_ln51_15, i15 %trunc_ln44_45, i15 0" [firmware/nnet_utils/nnet_activation_stream.h:51]   --->   Operation 86 'select' 'select_ln51_15' <Predicate = true> <Delay = 0.99> <CoreInst = "Sel">   --->   Core 73 'Sel' <Latency = 0> <II = 1> <Delay = 0.99> <FuncUnit> <Opcode : 'select'> <InPorts = 3> <OutPorts = 1>
ST_2 : Operation 87 [1/1] (2.14ns)   --->   "%icmp_ln51_16 = icmp_sgt  i16 %trunc_ln44_16, i16 0" [firmware/nnet_utils/nnet_activation_stream.h:51]   --->   Operation 87 'icmp' 'icmp_ln51_16' <Predicate = true> <Delay = 2.14> <CoreInst = "Cmp">   --->   Core 9 'Cmp' <Latency = 0> <II = 1> <Delay = 2.14> <FuncUnit> <Opcode : 'seteq' 'setne' 'setle' 'setge' 'setlt' 'setgt'> <InPorts = 2> <OutPorts = 1>
ST_2 : Operation 88 [1/1] (0.99ns)   --->   "%select_ln51_16 = select i1 %icmp_ln51_16, i15 %trunc_ln44_46, i15 0" [firmware/nnet_utils/nnet_activation_stream.h:51]   --->   Operation 88 'select' 'select_ln51_16' <Predicate = true> <Delay = 0.99> <CoreInst = "Sel">   --->   Core 73 'Sel' <Latency = 0> <II = 1> <Delay = 0.99> <FuncUnit> <Opcode : 'select'> <InPorts = 3> <OutPorts = 1>
ST_2 : Operation 89 [1/1] (2.14ns)   --->   "%icmp_ln51_17 = icmp_sgt  i16 %trunc_ln44_17, i16 0" [firmware/nnet_utils/nnet_activation_stream.h:51]   --->   Operation 89 'icmp' 'icmp_ln51_17' <Predicate = true> <Delay = 2.14> <CoreInst = "Cmp">   --->   Core 9 'Cmp' <Latency = 0> <II = 1> <Delay = 2.14> <FuncUnit> <Opcode : 'seteq' 'setne' 'setle' 'setge' 'setlt' 'setgt'> <InPorts = 2> <OutPorts = 1>
ST_2 : Operation 90 [1/1] (0.99ns)   --->   "%select_ln51_17 = select i1 %icmp_ln51_17, i15 %trunc_ln44_47, i15 0" [firmware/nnet_utils/nnet_activation_stream.h:51]   --->   Operation 90 'select' 'select_ln51_17' <Predicate = true> <Delay = 0.99> <CoreInst = "Sel">   --->   Core 73 'Sel' <Latency = 0> <II = 1> <Delay = 0.99> <FuncUnit> <Opcode : 'select'> <InPorts = 3> <OutPorts = 1>
ST_2 : Operation 91 [1/1] (2.14ns)   --->   "%icmp_ln51_18 = icmp_sgt  i16 %trunc_ln44_18, i16 0" [firmware/nnet_utils/nnet_activation_stream.h:51]   --->   Operation 91 'icmp' 'icmp_ln51_18' <Predicate = true> <Delay = 2.14> <CoreInst = "Cmp">   --->   Core 9 'Cmp' <Latency = 0> <II = 1> <Delay = 2.14> <FuncUnit> <Opcode : 'seteq' 'setne' 'setle' 'setge' 'setlt' 'setgt'> <InPorts = 2> <OutPorts = 1>
ST_2 : Operation 92 [1/1] (0.99ns)   --->   "%select_ln51_18 = select i1 %icmp_ln51_18, i15 %trunc_ln44_48, i15 0" [firmware/nnet_utils/nnet_activation_stream.h:51]   --->   Operation 92 'select' 'select_ln51_18' <Predicate = true> <Delay = 0.99> <CoreInst = "Sel">   --->   Core 73 'Sel' <Latency = 0> <II = 1> <Delay = 0.99> <FuncUnit> <Opcode : 'select'> <InPorts = 3> <OutPorts = 1>
ST_2 : Operation 93 [1/1] (2.14ns)   --->   "%icmp_ln51_19 = icmp_sgt  i16 %trunc_ln44_19, i16 0" [firmware/nnet_utils/nnet_activation_stream.h:51]   --->   Operation 93 'icmp' 'icmp_ln51_19' <Predicate = true> <Delay = 2.14> <CoreInst = "Cmp">   --->   Core 9 'Cmp' <Latency = 0> <II = 1> <Delay = 2.14> <FuncUnit> <Opcode : 'seteq' 'setne' 'setle' 'setge' 'setlt' 'setgt'> <InPorts = 2> <OutPorts = 1>
ST_2 : Operation 94 [1/1] (0.99ns)   --->   "%select_ln51_19 = select i1 %icmp_ln51_19, i15 %trunc_ln44_49, i15 0" [firmware/nnet_utils/nnet_activation_stream.h:51]   --->   Operation 94 'select' 'select_ln51_19' <Predicate = true> <Delay = 0.99> <CoreInst = "Sel">   --->   Core 73 'Sel' <Latency = 0> <II = 1> <Delay = 0.99> <FuncUnit> <Opcode : 'select'> <InPorts = 3> <OutPorts = 1>
ST_2 : Operation 95 [1/1] (2.14ns)   --->   "%icmp_ln51_20 = icmp_sgt  i16 %trunc_ln44_20, i16 0" [firmware/nnet_utils/nnet_activation_stream.h:51]   --->   Operation 95 'icmp' 'icmp_ln51_20' <Predicate = true> <Delay = 2.14> <CoreInst = "Cmp">   --->   Core 9 'Cmp' <Latency = 0> <II = 1> <Delay = 2.14> <FuncUnit> <Opcode : 'seteq' 'setne' 'setle' 'setge' 'setlt' 'setgt'> <InPorts = 2> <OutPorts = 1>
ST_2 : Operation 96 [1/1] (0.99ns)   --->   "%select_ln51_20 = select i1 %icmp_ln51_20, i15 %trunc_ln44_50, i15 0" [firmware/nnet_utils/nnet_activation_stream.h:51]   --->   Operation 96 'select' 'select_ln51_20' <Predicate = true> <Delay = 0.99> <CoreInst = "Sel">   --->   Core 73 'Sel' <Latency = 0> <II = 1> <Delay = 0.99> <FuncUnit> <Opcode : 'select'> <InPorts = 3> <OutPorts = 1>
ST_2 : Operation 97 [1/1] (2.14ns)   --->   "%icmp_ln51_21 = icmp_sgt  i16 %trunc_ln44_21, i16 0" [firmware/nnet_utils/nnet_activation_stream.h:51]   --->   Operation 97 'icmp' 'icmp_ln51_21' <Predicate = true> <Delay = 2.14> <CoreInst = "Cmp">   --->   Core 9 'Cmp' <Latency = 0> <II = 1> <Delay = 2.14> <FuncUnit> <Opcode : 'seteq' 'setne' 'setle' 'setge' 'setlt' 'setgt'> <InPorts = 2> <OutPorts = 1>
ST_2 : Operation 98 [1/1] (0.99ns)   --->   "%select_ln51_21 = select i1 %icmp_ln51_21, i15 %trunc_ln44_51, i15 0" [firmware/nnet_utils/nnet_activation_stream.h:51]   --->   Operation 98 'select' 'select_ln51_21' <Predicate = true> <Delay = 0.99> <CoreInst = "Sel">   --->   Core 73 'Sel' <Latency = 0> <II = 1> <Delay = 0.99> <FuncUnit> <Opcode : 'select'> <InPorts = 3> <OutPorts = 1>
ST_2 : Operation 99 [1/1] (2.14ns)   --->   "%icmp_ln51_22 = icmp_sgt  i16 %trunc_ln44_22, i16 0" [firmware/nnet_utils/nnet_activation_stream.h:51]   --->   Operation 99 'icmp' 'icmp_ln51_22' <Predicate = true> <Delay = 2.14> <CoreInst = "Cmp">   --->   Core 9 'Cmp' <Latency = 0> <II = 1> <Delay = 2.14> <FuncUnit> <Opcode : 'seteq' 'setne' 'setle' 'setge' 'setlt' 'setgt'> <InPorts = 2> <OutPorts = 1>
ST_2 : Operation 100 [1/1] (0.99ns)   --->   "%select_ln51_22 = select i1 %icmp_ln51_22, i15 %trunc_ln44_52, i15 0" [firmware/nnet_utils/nnet_activation_stream.h:51]   --->   Operation 100 'select' 'select_ln51_22' <Predicate = true> <Delay = 0.99> <CoreInst = "Sel">   --->   Core 73 'Sel' <Latency = 0> <II = 1> <Delay = 0.99> <FuncUnit> <Opcode : 'select'> <InPorts = 3> <OutPorts = 1>
ST_2 : Operation 101 [1/1] (2.14ns)   --->   "%icmp_ln51_23 = icmp_sgt  i16 %trunc_ln44_23, i16 0" [firmware/nnet_utils/nnet_activation_stream.h:51]   --->   Operation 101 'icmp' 'icmp_ln51_23' <Predicate = true> <Delay = 2.14> <CoreInst = "Cmp">   --->   Core 9 'Cmp' <Latency = 0> <II = 1> <Delay = 2.14> <FuncUnit> <Opcode : 'seteq' 'setne' 'setle' 'setge' 'setlt' 'setgt'> <InPorts = 2> <OutPorts = 1>
ST_2 : Operation 102 [1/1] (0.99ns)   --->   "%select_ln51_23 = select i1 %icmp_ln51_23, i15 %trunc_ln44_53, i15 0" [firmware/nnet_utils/nnet_activation_stream.h:51]   --->   Operation 102 'select' 'select_ln51_23' <Predicate = true> <Delay = 0.99> <CoreInst = "Sel">   --->   Core 73 'Sel' <Latency = 0> <II = 1> <Delay = 0.99> <FuncUnit> <Opcode : 'select'> <InPorts = 3> <OutPorts = 1>
ST_2 : Operation 103 [1/1] (2.14ns)   --->   "%icmp_ln51_24 = icmp_sgt  i16 %trunc_ln44_24, i16 0" [firmware/nnet_utils/nnet_activation_stream.h:51]   --->   Operation 103 'icmp' 'icmp_ln51_24' <Predicate = true> <Delay = 2.14> <CoreInst = "Cmp">   --->   Core 9 'Cmp' <Latency = 0> <II = 1> <Delay = 2.14> <FuncUnit> <Opcode : 'seteq' 'setne' 'setle' 'setge' 'setlt' 'setgt'> <InPorts = 2> <OutPorts = 1>
ST_2 : Operation 104 [1/1] (0.99ns)   --->   "%select_ln51_24 = select i1 %icmp_ln51_24, i15 %trunc_ln44_54, i15 0" [firmware/nnet_utils/nnet_activation_stream.h:51]   --->   Operation 104 'select' 'select_ln51_24' <Predicate = true> <Delay = 0.99> <CoreInst = "Sel">   --->   Core 73 'Sel' <Latency = 0> <II = 1> <Delay = 0.99> <FuncUnit> <Opcode : 'select'> <InPorts = 3> <OutPorts = 1>
ST_2 : Operation 105 [1/1] (2.14ns)   --->   "%icmp_ln51_25 = icmp_sgt  i16 %trunc_ln44_25, i16 0" [firmware/nnet_utils/nnet_activation_stream.h:51]   --->   Operation 105 'icmp' 'icmp_ln51_25' <Predicate = true> <Delay = 2.14> <CoreInst = "Cmp">   --->   Core 9 'Cmp' <Latency = 0> <II = 1> <Delay = 2.14> <FuncUnit> <Opcode : 'seteq' 'setne' 'setle' 'setge' 'setlt' 'setgt'> <InPorts = 2> <OutPorts = 1>
ST_2 : Operation 106 [1/1] (0.99ns)   --->   "%select_ln51_25 = select i1 %icmp_ln51_25, i15 %trunc_ln44_55, i15 0" [firmware/nnet_utils/nnet_activation_stream.h:51]   --->   Operation 106 'select' 'select_ln51_25' <Predicate = true> <Delay = 0.99> <CoreInst = "Sel">   --->   Core 73 'Sel' <Latency = 0> <II = 1> <Delay = 0.99> <FuncUnit> <Opcode : 'select'> <InPorts = 3> <OutPorts = 1>
ST_2 : Operation 107 [1/1] (2.14ns)   --->   "%icmp_ln51_26 = icmp_sgt  i16 %trunc_ln44_26, i16 0" [firmware/nnet_utils/nnet_activation_stream.h:51]   --->   Operation 107 'icmp' 'icmp_ln51_26' <Predicate = true> <Delay = 2.14> <CoreInst = "Cmp">   --->   Core 9 'Cmp' <Latency = 0> <II = 1> <Delay = 2.14> <FuncUnit> <Opcode : 'seteq' 'setne' 'setle' 'setge' 'setlt' 'setgt'> <InPorts = 2> <OutPorts = 1>
ST_2 : Operation 108 [1/1] (0.99ns)   --->   "%select_ln51_26 = select i1 %icmp_ln51_26, i15 %trunc_ln44_56, i15 0" [firmware/nnet_utils/nnet_activation_stream.h:51]   --->   Operation 108 'select' 'select_ln51_26' <Predicate = true> <Delay = 0.99> <CoreInst = "Sel">   --->   Core 73 'Sel' <Latency = 0> <II = 1> <Delay = 0.99> <FuncUnit> <Opcode : 'select'> <InPorts = 3> <OutPorts = 1>
ST_2 : Operation 109 [1/1] (2.14ns)   --->   "%icmp_ln51_27 = icmp_sgt  i16 %trunc_ln44_27, i16 0" [firmware/nnet_utils/nnet_activation_stream.h:51]   --->   Operation 109 'icmp' 'icmp_ln51_27' <Predicate = true> <Delay = 2.14> <CoreInst = "Cmp">   --->   Core 9 'Cmp' <Latency = 0> <II = 1> <Delay = 2.14> <FuncUnit> <Opcode : 'seteq' 'setne' 'setle' 'setge' 'setlt' 'setgt'> <InPorts = 2> <OutPorts = 1>
ST_2 : Operation 110 [1/1] (0.99ns)   --->   "%select_ln51_27 = select i1 %icmp_ln51_27, i15 %trunc_ln44_57, i15 0" [firmware/nnet_utils/nnet_activation_stream.h:51]   --->   Operation 110 'select' 'select_ln51_27' <Predicate = true> <Delay = 0.99> <CoreInst = "Sel">   --->   Core 73 'Sel' <Latency = 0> <II = 1> <Delay = 0.99> <FuncUnit> <Opcode : 'select'> <InPorts = 3> <OutPorts = 1>
ST_2 : Operation 111 [1/1] (2.14ns)   --->   "%icmp_ln51_28 = icmp_sgt  i16 %trunc_ln44_28, i16 0" [firmware/nnet_utils/nnet_activation_stream.h:51]   --->   Operation 111 'icmp' 'icmp_ln51_28' <Predicate = true> <Delay = 2.14> <CoreInst = "Cmp">   --->   Core 9 'Cmp' <Latency = 0> <II = 1> <Delay = 2.14> <FuncUnit> <Opcode : 'seteq' 'setne' 'setle' 'setge' 'setlt' 'setgt'> <InPorts = 2> <OutPorts = 1>
ST_2 : Operation 112 [1/1] (0.99ns)   --->   "%select_ln51_28 = select i1 %icmp_ln51_28, i15 %trunc_ln44_58, i15 0" [firmware/nnet_utils/nnet_activation_stream.h:51]   --->   Operation 112 'select' 'select_ln51_28' <Predicate = true> <Delay = 0.99> <CoreInst = "Sel">   --->   Core 73 'Sel' <Latency = 0> <II = 1> <Delay = 0.99> <FuncUnit> <Opcode : 'select'> <InPorts = 3> <OutPorts = 1>
ST_2 : Operation 113 [1/1] (2.14ns)   --->   "%icmp_ln51_29 = icmp_sgt  i16 %trunc_ln44_29, i16 0" [firmware/nnet_utils/nnet_activation_stream.h:51]   --->   Operation 113 'icmp' 'icmp_ln51_29' <Predicate = true> <Delay = 2.14> <CoreInst = "Cmp">   --->   Core 9 'Cmp' <Latency = 0> <II = 1> <Delay = 2.14> <FuncUnit> <Opcode : 'seteq' 'setne' 'setle' 'setge' 'setlt' 'setgt'> <InPorts = 2> <OutPorts = 1>
ST_2 : Operation 114 [1/1] (0.99ns)   --->   "%select_ln51_29 = select i1 %icmp_ln51_29, i15 %trunc_ln44_59, i15 0" [firmware/nnet_utils/nnet_activation_stream.h:51]   --->   Operation 114 'select' 'select_ln51_29' <Predicate = true> <Delay = 0.99> <CoreInst = "Sel">   --->   Core 73 'Sel' <Latency = 0> <II = 1> <Delay = 0.99> <FuncUnit> <Opcode : 'select'> <InPorts = 3> <OutPorts = 1>
ST_2 : Operation 115 [1/1] (2.14ns)   --->   "%icmp_ln51_30 = icmp_sgt  i16 %trunc_ln44_30, i16 0" [firmware/nnet_utils/nnet_activation_stream.h:51]   --->   Operation 115 'icmp' 'icmp_ln51_30' <Predicate = true> <Delay = 2.14> <CoreInst = "Cmp">   --->   Core 9 'Cmp' <Latency = 0> <II = 1> <Delay = 2.14> <FuncUnit> <Opcode : 'seteq' 'setne' 'setle' 'setge' 'setlt' 'setgt'> <InPorts = 2> <OutPorts = 1>
ST_2 : Operation 116 [1/1] (0.99ns)   --->   "%select_ln51_30 = select i1 %icmp_ln51_30, i15 %trunc_ln44_60, i15 0" [firmware/nnet_utils/nnet_activation_stream.h:51]   --->   Operation 116 'select' 'select_ln51_30' <Predicate = true> <Delay = 0.99> <CoreInst = "Sel">   --->   Core 73 'Sel' <Latency = 0> <II = 1> <Delay = 0.99> <FuncUnit> <Opcode : 'select'> <InPorts = 3> <OutPorts = 1>
ST_2 : Operation 117 [1/1] (2.14ns)   --->   "%icmp_ln51_31 = icmp_sgt  i16 %trunc_ln44_31, i16 0" [firmware/nnet_utils/nnet_activation_stream.h:51]   --->   Operation 117 'icmp' 'icmp_ln51_31' <Predicate = true> <Delay = 2.14> <CoreInst = "Cmp">   --->   Core 9 'Cmp' <Latency = 0> <II = 1> <Delay = 2.14> <FuncUnit> <Opcode : 'seteq' 'setne' 'setle' 'setge' 'setlt' 'setgt'> <InPorts = 2> <OutPorts = 1>
ST_2 : Operation 118 [1/1] (0.99ns)   --->   "%select_ln51_31 = select i1 %icmp_ln51_31, i15 %trunc_ln44_61, i15 0" [firmware/nnet_utils/nnet_activation_stream.h:51]   --->   Operation 118 'select' 'select_ln51_31' <Predicate = true> <Delay = 0.99> <CoreInst = "Sel">   --->   Core 73 'Sel' <Latency = 0> <II = 1> <Delay = 0.99> <FuncUnit> <Opcode : 'select'> <InPorts = 3> <OutPorts = 1>
ST_2 : Operation 119 [1/1] (2.14ns)   --->   "%icmp_ln51_32 = icmp_sgt  i16 %trunc_ln44_32, i16 0" [firmware/nnet_utils/nnet_activation_stream.h:51]   --->   Operation 119 'icmp' 'icmp_ln51_32' <Predicate = true> <Delay = 2.14> <CoreInst = "Cmp">   --->   Core 9 'Cmp' <Latency = 0> <II = 1> <Delay = 2.14> <FuncUnit> <Opcode : 'seteq' 'setne' 'setle' 'setge' 'setlt' 'setgt'> <InPorts = 2> <OutPorts = 1>
ST_2 : Operation 120 [1/1] (0.99ns)   --->   "%select_ln51_32 = select i1 %icmp_ln51_32, i15 %trunc_ln44_62, i15 0" [firmware/nnet_utils/nnet_activation_stream.h:51]   --->   Operation 120 'select' 'select_ln51_32' <Predicate = true> <Delay = 0.99> <CoreInst = "Sel">   --->   Core 73 'Sel' <Latency = 0> <II = 1> <Delay = 0.99> <FuncUnit> <Opcode : 'select'> <InPorts = 3> <OutPorts = 1>
ST_2 : Operation 121 [1/1] (2.14ns)   --->   "%icmp_ln51_33 = icmp_sgt  i16 %trunc_ln44_33, i16 0" [firmware/nnet_utils/nnet_activation_stream.h:51]   --->   Operation 121 'icmp' 'icmp_ln51_33' <Predicate = true> <Delay = 2.14> <CoreInst = "Cmp">   --->   Core 9 'Cmp' <Latency = 0> <II = 1> <Delay = 2.14> <FuncUnit> <Opcode : 'seteq' 'setne' 'setle' 'setge' 'setlt' 'setgt'> <InPorts = 2> <OutPorts = 1>
ST_2 : Operation 122 [1/1] (0.99ns)   --->   "%select_ln51_33 = select i1 %icmp_ln51_33, i15 %trunc_ln44_63, i15 0" [firmware/nnet_utils/nnet_activation_stream.h:51]   --->   Operation 122 'select' 'select_ln51_33' <Predicate = true> <Delay = 0.99> <CoreInst = "Sel">   --->   Core 73 'Sel' <Latency = 0> <II = 1> <Delay = 0.99> <FuncUnit> <Opcode : 'select'> <InPorts = 3> <OutPorts = 1>
ST_2 : Operation 123 [1/1] (2.14ns)   --->   "%icmp_ln51_34 = icmp_sgt  i16 %trunc_ln44_34, i16 0" [firmware/nnet_utils/nnet_activation_stream.h:51]   --->   Operation 123 'icmp' 'icmp_ln51_34' <Predicate = true> <Delay = 2.14> <CoreInst = "Cmp">   --->   Core 9 'Cmp' <Latency = 0> <II = 1> <Delay = 2.14> <FuncUnit> <Opcode : 'seteq' 'setne' 'setle' 'setge' 'setlt' 'setgt'> <InPorts = 2> <OutPorts = 1>
ST_2 : Operation 124 [1/1] (0.99ns)   --->   "%select_ln51_34 = select i1 %icmp_ln51_34, i15 %trunc_ln44_64, i15 0" [firmware/nnet_utils/nnet_activation_stream.h:51]   --->   Operation 124 'select' 'select_ln51_34' <Predicate = true> <Delay = 0.99> <CoreInst = "Sel">   --->   Core 73 'Sel' <Latency = 0> <II = 1> <Delay = 0.99> <FuncUnit> <Opcode : 'select'> <InPorts = 3> <OutPorts = 1>
ST_2 : Operation 125 [1/1] (2.14ns)   --->   "%icmp_ln51_35 = icmp_sgt  i16 %trunc_ln44_35, i16 0" [firmware/nnet_utils/nnet_activation_stream.h:51]   --->   Operation 125 'icmp' 'icmp_ln51_35' <Predicate = true> <Delay = 2.14> <CoreInst = "Cmp">   --->   Core 9 'Cmp' <Latency = 0> <II = 1> <Delay = 2.14> <FuncUnit> <Opcode : 'seteq' 'setne' 'setle' 'setge' 'setlt' 'setgt'> <InPorts = 2> <OutPorts = 1>
ST_2 : Operation 126 [1/1] (0.99ns)   --->   "%select_ln51_35 = select i1 %icmp_ln51_35, i15 %trunc_ln44_65, i15 0" [firmware/nnet_utils/nnet_activation_stream.h:51]   --->   Operation 126 'select' 'select_ln51_35' <Predicate = true> <Delay = 0.99> <CoreInst = "Sel">   --->   Core 73 'Sel' <Latency = 0> <II = 1> <Delay = 0.99> <FuncUnit> <Opcode : 'select'> <InPorts = 3> <OutPorts = 1>
ST_2 : Operation 127 [1/1] (2.14ns)   --->   "%icmp_ln51_36 = icmp_sgt  i16 %trunc_ln44_36, i16 0" [firmware/nnet_utils/nnet_activation_stream.h:51]   --->   Operation 127 'icmp' 'icmp_ln51_36' <Predicate = true> <Delay = 2.14> <CoreInst = "Cmp">   --->   Core 9 'Cmp' <Latency = 0> <II = 1> <Delay = 2.14> <FuncUnit> <Opcode : 'seteq' 'setne' 'setle' 'setge' 'setlt' 'setgt'> <InPorts = 2> <OutPorts = 1>
ST_2 : Operation 128 [1/1] (0.99ns)   --->   "%select_ln51_36 = select i1 %icmp_ln51_36, i15 %trunc_ln44_66, i15 0" [firmware/nnet_utils/nnet_activation_stream.h:51]   --->   Operation 128 'select' 'select_ln51_36' <Predicate = true> <Delay = 0.99> <CoreInst = "Sel">   --->   Core 73 'Sel' <Latency = 0> <II = 1> <Delay = 0.99> <FuncUnit> <Opcode : 'select'> <InPorts = 3> <OutPorts = 1>
ST_2 : Operation 129 [1/1] (2.14ns)   --->   "%icmp_ln51_37 = icmp_sgt  i16 %trunc_ln44_37, i16 0" [firmware/nnet_utils/nnet_activation_stream.h:51]   --->   Operation 129 'icmp' 'icmp_ln51_37' <Predicate = true> <Delay = 2.14> <CoreInst = "Cmp">   --->   Core 9 'Cmp' <Latency = 0> <II = 1> <Delay = 2.14> <FuncUnit> <Opcode : 'seteq' 'setne' 'setle' 'setge' 'setlt' 'setgt'> <InPorts = 2> <OutPorts = 1>
ST_2 : Operation 130 [1/1] (0.99ns)   --->   "%select_ln51_37 = select i1 %icmp_ln51_37, i15 %trunc_ln44_67, i15 0" [firmware/nnet_utils/nnet_activation_stream.h:51]   --->   Operation 130 'select' 'select_ln51_37' <Predicate = true> <Delay = 0.99> <CoreInst = "Sel">   --->   Core 73 'Sel' <Latency = 0> <II = 1> <Delay = 0.99> <FuncUnit> <Opcode : 'select'> <InPorts = 3> <OutPorts = 1>
ST_2 : Operation 131 [1/1] (2.14ns)   --->   "%icmp_ln51_38 = icmp_sgt  i16 %trunc_ln44_38, i16 0" [firmware/nnet_utils/nnet_activation_stream.h:51]   --->   Operation 131 'icmp' 'icmp_ln51_38' <Predicate = true> <Delay = 2.14> <CoreInst = "Cmp">   --->   Core 9 'Cmp' <Latency = 0> <II = 1> <Delay = 2.14> <FuncUnit> <Opcode : 'seteq' 'setne' 'setle' 'setge' 'setlt' 'setgt'> <InPorts = 2> <OutPorts = 1>
ST_2 : Operation 132 [1/1] (0.99ns)   --->   "%select_ln51_38 = select i1 %icmp_ln51_38, i15 %trunc_ln2, i15 0" [firmware/nnet_utils/nnet_activation_stream.h:51]   --->   Operation 132 'select' 'select_ln51_38' <Predicate = true> <Delay = 0.99> <CoreInst = "Sel">   --->   Core 73 'Sel' <Latency = 0> <II = 1> <Delay = 0.99> <FuncUnit> <Opcode : 'select'> <InPorts = 3> <OutPorts = 1>

State 3 <SV = 2> <Delay = 1.82>
ST_3 : Operation 133 [1/1] (0.00ns)   --->   "%specinterface_ln0 = specinterface void @_ssdm_op_SpecInterface, i512 %layer20_out, void @empty_5, i32 0, i32 0, void @empty_9, i32 0, i32 0, void @empty_9, void @empty_9, void @empty_9, i32 0, i32 0, i32 0, i32 0, void @empty_9, void @empty_9, i32 4294967295, i32 0, i32 0, i32 0"   --->   Operation 133 'specinterface' 'specinterface_ln0' <Predicate = true> <Delay = 0.00>
ST_3 : Operation 134 [1/1] (0.00ns)   --->   "%specinterface_ln0 = specinterface void @_ssdm_op_SpecInterface, i512 %layer23_out, void @empty_5, i32 0, i32 0, void @empty_9, i32 0, i32 0, void @empty_9, void @empty_9, void @empty_9, i32 0, i32 0, i32 0, i32 0, void @empty_9, void @empty_9, i32 4294967295, i32 0, i32 0, i32 0"   --->   Operation 134 'specinterface' 'specinterface_ln0' <Predicate = true> <Delay = 0.00>
ST_3 : Operation 135 [1/1] (0.00ns)   --->   "%zext_ln51 = zext i15 %select_ln51" [firmware/nnet_utils/nnet_activation_stream.h:51]   --->   Operation 135 'zext' 'zext_ln51' <Predicate = true> <Delay = 0.00>
ST_3 : Operation 136 [1/1] (0.00ns)   --->   "%zext_ln51_7 = zext i15 %select_ln51_8" [firmware/nnet_utils/nnet_activation_stream.h:51]   --->   Operation 136 'zext' 'zext_ln51_7' <Predicate = true> <Delay = 0.00>
ST_3 : Operation 137 [1/1] (0.00ns)   --->   "%zext_ln51_8 = zext i15 %select_ln51_9" [firmware/nnet_utils/nnet_activation_stream.h:51]   --->   Operation 137 'zext' 'zext_ln51_8' <Predicate = true> <Delay = 0.00>
ST_3 : Operation 138 [1/1] (0.00ns)   --->   "%zext_ln51_9 = zext i15 %select_ln51_10" [firmware/nnet_utils/nnet_activation_stream.h:51]   --->   Operation 138 'zext' 'zext_ln51_9' <Predicate = true> <Delay = 0.00>
ST_3 : Operation 139 [1/1] (0.00ns)   --->   "%zext_ln51_10 = zext i15 %select_ln51_11" [firmware/nnet_utils/nnet_activation_stream.h:51]   --->   Operation 139 'zext' 'zext_ln51_10' <Predicate = true> <Delay = 0.00>
ST_3 : Operation 140 [1/1] (0.00ns)   --->   "%zext_ln51_11 = zext i15 %select_ln51_12" [firmware/nnet_utils/nnet_activation_stream.h:51]   --->   Operation 140 'zext' 'zext_ln51_11' <Predicate = true> <Delay = 0.00>
ST_3 : Operation 141 [1/1] (0.00ns)   --->   "%zext_ln51_12 = zext i15 %select_ln51_13" [firmware/nnet_utils/nnet_activation_stream.h:51]   --->   Operation 141 'zext' 'zext_ln51_12' <Predicate = true> <Delay = 0.00>
ST_3 : Operation 142 [1/1] (0.00ns)   --->   "%zext_ln51_13 = zext i15 %select_ln51_14" [firmware/nnet_utils/nnet_activation_stream.h:51]   --->   Operation 142 'zext' 'zext_ln51_13' <Predicate = true> <Delay = 0.00>
ST_3 : Operation 143 [1/1] (0.00ns)   --->   "%zext_ln51_14 = zext i15 %select_ln51_15" [firmware/nnet_utils/nnet_activation_stream.h:51]   --->   Operation 143 'zext' 'zext_ln51_14' <Predicate = true> <Delay = 0.00>
ST_3 : Operation 144 [1/1] (0.00ns)   --->   "%zext_ln51_15 = zext i15 %select_ln51_16" [firmware/nnet_utils/nnet_activation_stream.h:51]   --->   Operation 144 'zext' 'zext_ln51_15' <Predicate = true> <Delay = 0.00>
ST_3 : Operation 145 [1/1] (0.00ns)   --->   "%zext_ln51_16 = zext i15 %select_ln51_17" [firmware/nnet_utils/nnet_activation_stream.h:51]   --->   Operation 145 'zext' 'zext_ln51_16' <Predicate = true> <Delay = 0.00>
ST_3 : Operation 146 [1/1] (0.00ns)   --->   "%zext_ln51_17 = zext i15 %select_ln51_18" [firmware/nnet_utils/nnet_activation_stream.h:51]   --->   Operation 146 'zext' 'zext_ln51_17' <Predicate = true> <Delay = 0.00>
ST_3 : Operation 147 [1/1] (0.00ns)   --->   "%zext_ln51_18 = zext i15 %select_ln51_19" [firmware/nnet_utils/nnet_activation_stream.h:51]   --->   Operation 147 'zext' 'zext_ln51_18' <Predicate = true> <Delay = 0.00>
ST_3 : Operation 148 [1/1] (0.00ns)   --->   "%zext_ln51_19 = zext i15 %select_ln51_20" [firmware/nnet_utils/nnet_activation_stream.h:51]   --->   Operation 148 'zext' 'zext_ln51_19' <Predicate = true> <Delay = 0.00>
ST_3 : Operation 149 [1/1] (0.00ns)   --->   "%zext_ln51_20 = zext i15 %select_ln51_21" [firmware/nnet_utils/nnet_activation_stream.h:51]   --->   Operation 149 'zext' 'zext_ln51_20' <Predicate = true> <Delay = 0.00>
ST_3 : Operation 150 [1/1] (0.00ns)   --->   "%zext_ln51_21 = zext i15 %select_ln51_22" [firmware/nnet_utils/nnet_activation_stream.h:51]   --->   Operation 150 'zext' 'zext_ln51_21' <Predicate = true> <Delay = 0.00>
ST_3 : Operation 151 [1/1] (0.00ns)   --->   "%zext_ln51_22 = zext i15 %select_ln51_23" [firmware/nnet_utils/nnet_activation_stream.h:51]   --->   Operation 151 'zext' 'zext_ln51_22' <Predicate = true> <Delay = 0.00>
ST_3 : Operation 152 [1/1] (0.00ns)   --->   "%zext_ln51_23 = zext i15 %select_ln51_24" [firmware/nnet_utils/nnet_activation_stream.h:51]   --->   Operation 152 'zext' 'zext_ln51_23' <Predicate = true> <Delay = 0.00>
ST_3 : Operation 153 [1/1] (0.00ns)   --->   "%zext_ln51_24 = zext i15 %select_ln51_25" [firmware/nnet_utils/nnet_activation_stream.h:51]   --->   Operation 153 'zext' 'zext_ln51_24' <Predicate = true> <Delay = 0.00>
ST_3 : Operation 154 [1/1] (0.00ns)   --->   "%zext_ln51_25 = zext i15 %select_ln51_26" [firmware/nnet_utils/nnet_activation_stream.h:51]   --->   Operation 154 'zext' 'zext_ln51_25' <Predicate = true> <Delay = 0.00>
ST_3 : Operation 155 [1/1] (0.00ns)   --->   "%zext_ln51_26 = zext i15 %select_ln51_27" [firmware/nnet_utils/nnet_activation_stream.h:51]   --->   Operation 155 'zext' 'zext_ln51_26' <Predicate = true> <Delay = 0.00>
ST_3 : Operation 156 [1/1] (0.00ns)   --->   "%zext_ln51_27 = zext i15 %select_ln51_28" [firmware/nnet_utils/nnet_activation_stream.h:51]   --->   Operation 156 'zext' 'zext_ln51_27' <Predicate = true> <Delay = 0.00>
ST_3 : Operation 157 [1/1] (0.00ns)   --->   "%zext_ln51_28 = zext i15 %select_ln51_29" [firmware/nnet_utils/nnet_activation_stream.h:51]   --->   Operation 157 'zext' 'zext_ln51_28' <Predicate = true> <Delay = 0.00>
ST_3 : Operation 158 [1/1] (0.00ns)   --->   "%zext_ln51_29 = zext i15 %select_ln51_30" [firmware/nnet_utils/nnet_activation_stream.h:51]   --->   Operation 158 'zext' 'zext_ln51_29' <Predicate = true> <Delay = 0.00>
ST_3 : Operation 159 [1/1] (0.00ns)   --->   "%zext_ln51_30 = zext i15 %select_ln51_31" [firmware/nnet_utils/nnet_activation_stream.h:51]   --->   Operation 159 'zext' 'zext_ln51_30' <Predicate = true> <Delay = 0.00>
ST_3 : Operation 160 [1/1] (0.00ns)   --->   "%zext_ln51_31 = zext i15 %select_ln51_32" [firmware/nnet_utils/nnet_activation_stream.h:51]   --->   Operation 160 'zext' 'zext_ln51_31' <Predicate = true> <Delay = 0.00>
ST_3 : Operation 161 [1/1] (0.00ns)   --->   "%zext_ln51_32 = zext i15 %select_ln51_33" [firmware/nnet_utils/nnet_activation_stream.h:51]   --->   Operation 161 'zext' 'zext_ln51_32' <Predicate = true> <Delay = 0.00>
ST_3 : Operation 162 [1/1] (0.00ns)   --->   "%zext_ln51_33 = zext i15 %select_ln51_34" [firmware/nnet_utils/nnet_activation_stream.h:51]   --->   Operation 162 'zext' 'zext_ln51_33' <Predicate = true> <Delay = 0.00>
ST_3 : Operation 163 [1/1] (0.00ns)   --->   "%zext_ln51_34 = zext i15 %select_ln51_35" [firmware/nnet_utils/nnet_activation_stream.h:51]   --->   Operation 163 'zext' 'zext_ln51_34' <Predicate = true> <Delay = 0.00>
ST_3 : Operation 164 [1/1] (0.00ns)   --->   "%zext_ln51_35 = zext i15 %select_ln51_36" [firmware/nnet_utils/nnet_activation_stream.h:51]   --->   Operation 164 'zext' 'zext_ln51_35' <Predicate = true> <Delay = 0.00>
ST_3 : Operation 165 [1/1] (0.00ns)   --->   "%zext_ln51_36 = zext i15 %select_ln51_37" [firmware/nnet_utils/nnet_activation_stream.h:51]   --->   Operation 165 'zext' 'zext_ln51_36' <Predicate = true> <Delay = 0.00>
ST_3 : Operation 166 [1/1] (0.00ns)   --->   "%or_ln57_s = bitconcatenate i511 @_ssdm_op_BitConcatenate.i511.i15.i16.i16.i16.i16.i16.i16.i16.i16.i16.i16.i16.i16.i16.i16.i16.i16.i16.i16.i16.i16.i16.i16.i16.i16.i16.i16.i16.i16.i16.i16.i16, i15 %select_ln51_38, i16 %zext_ln51_36, i16 %zext_ln51_35, i16 %zext_ln51_34, i16 %zext_ln51_33, i16 %zext_ln51_32, i16 %zext_ln51_31, i16 %zext_ln51_30, i16 %zext_ln51_29, i16 %zext_ln51_28, i16 %zext_ln51_27, i16 %zext_ln51_26, i16 %zext_ln51_25, i16 %zext_ln51_24, i16 %zext_ln51_23, i16 %zext_ln51_22, i16 %zext_ln51_21, i16 %zext_ln51_20, i16 %zext_ln51_19, i16 %zext_ln51_18, i16 %zext_ln51_17, i16 %zext_ln51_16, i16 %zext_ln51_15, i16 %zext_ln51_14, i16 %zext_ln51_13, i16 %zext_ln51_12, i16 %zext_ln51_11, i16 %zext_ln51_10, i16 %zext_ln51_9, i16 %zext_ln51_8, i16 %zext_ln51_7, i16 %zext_ln51" [firmware/nnet_utils/nnet_activation_stream.h:57]   --->   Operation 166 'bitconcatenate' 'or_ln57_s' <Predicate = true> <Delay = 0.00>
ST_3 : Operation 167 [1/1] (0.00ns)   --->   "%zext_ln57 = zext i511 %or_ln57_s" [firmware/nnet_utils/nnet_activation_stream.h:57]   --->   Operation 167 'zext' 'zext_ln57' <Predicate = true> <Delay = 0.00>
ST_3 : Operation 168 [1/1] ( I:1.82ns O:1.82ns )   --->   "%write_ln57 = write void @_ssdm_op_Write.ap_fifo.volatile.i512P0A, i512 %layer20_out, i512 %zext_ln57" [firmware/nnet_utils/nnet_activation_stream.h:57]   --->   Operation 168 'write' 'write_ln57' <Predicate = true> <Delay = 1.82> <CoreInst = "FIFO_SRL">   --->   Core 80 'FIFO_SRL' <Latency = 0> <II = 1> <Delay = 3.90> <Storage> <Opcode : 'read' 'write' 'nbread' 'nbwrite'> <Ports = 0> <Width = 512> <Depth = 1> <FIFO>
ST_3 : Operation 169 [1/1] (0.00ns)   --->   "%ret_ln59 = ret" [firmware/nnet_utils/nnet_activation_stream.h:59]   --->   Operation 169 'ret' 'ret_ln59' <Predicate = true> <Delay = 0.00>


============================================================
+ Verbose Summary: Binding
============================================================
STG Binding: 
---------------- STG Properties BEGIN ----------------
- Is combinational: 0
- Is one-state seq: 0
- Is datapath-only: 0
- Is pipelined: 0
- Is top level: 0
Port [ Return ] is wired: 1; IO mode=ap_ctrl_hs:ce=0
Port [ layer23_out]:  wired=1; compound=1; hidden=0; nouse=0; global=0; static=0; extern=0; dir=0; type=3; pingpong=0; private_global=0; IO mode=ap_fifo:ce=0
Port [ layer20_out]:  wired=1; compound=1; hidden=0; nouse=0; global=0; static=0; extern=0; dir=1; type=3; pingpong=0; private_global=0; IO mode=ap_fifo:ce=0
---------------- STG Properties END ------------------

---------------- Datapath Model BEGIN ----------------

<LifeTime>
<method=bitvector/>
layer23_out_read  (read          ) [ 0000]
trunc_ln44        (trunc         ) [ 0010]
trunc_ln44_69     (trunc         ) [ 0010]
trunc_ln44_8      (partselect    ) [ 0010]
trunc_ln44_s      (partselect    ) [ 0010]
trunc_ln44_9      (partselect    ) [ 0010]
trunc_ln44_39     (partselect    ) [ 0010]
trunc_ln44_10     (partselect    ) [ 0010]
trunc_ln44_40     (partselect    ) [ 0010]
trunc_ln44_11     (partselect    ) [ 0010]
trunc_ln44_41     (partselect    ) [ 0010]
trunc_ln44_12     (partselect    ) [ 0010]
trunc_ln44_42     (partselect    ) [ 0010]
trunc_ln44_13     (partselect    ) [ 0010]
trunc_ln44_43     (partselect    ) [ 0010]
trunc_ln44_14     (partselect    ) [ 0010]
trunc_ln44_44     (partselect    ) [ 0010]
trunc_ln44_15     (partselect    ) [ 0010]
trunc_ln44_45     (partselect    ) [ 0010]
trunc_ln44_16     (partselect    ) [ 0010]
trunc_ln44_46     (partselect    ) [ 0010]
trunc_ln44_17     (partselect    ) [ 0010]
trunc_ln44_47     (partselect    ) [ 0010]
trunc_ln44_18     (partselect    ) [ 0010]
trunc_ln44_48     (partselect    ) [ 0010]
trunc_ln44_19     (partselect    ) [ 0010]
trunc_ln44_49     (partselect    ) [ 0010]
trunc_ln44_20     (partselect    ) [ 0010]
trunc_ln44_50     (partselect    ) [ 0010]
trunc_ln44_21     (partselect    ) [ 0010]
trunc_ln44_51     (partselect    ) [ 0010]
trunc_ln44_22     (partselect    ) [ 0010]
trunc_ln44_52     (partselect    ) [ 0010]
trunc_ln44_23     (partselect    ) [ 0010]
trunc_ln44_53     (partselect    ) [ 0010]
trunc_ln44_24     (partselect    ) [ 0010]
trunc_ln44_54     (partselect    ) [ 0010]
trunc_ln44_25     (partselect    ) [ 0010]
trunc_ln44_55     (partselect    ) [ 0010]
trunc_ln44_26     (partselect    ) [ 0010]
trunc_ln44_56     (partselect    ) [ 0010]
trunc_ln44_27     (partselect    ) [ 0010]
trunc_ln44_57     (partselect    ) [ 0010]
trunc_ln44_28     (partselect    ) [ 0010]
trunc_ln44_58     (partselect    ) [ 0010]
trunc_ln44_29     (partselect    ) [ 0010]
trunc_ln44_59     (partselect    ) [ 0010]
trunc_ln44_30     (partselect    ) [ 0010]
trunc_ln44_60     (partselect    ) [ 0010]
trunc_ln44_31     (partselect    ) [ 0010]
trunc_ln44_61     (partselect    ) [ 0010]
trunc_ln44_32     (partselect    ) [ 0010]
trunc_ln44_62     (partselect    ) [ 0010]
trunc_ln44_33     (partselect    ) [ 0010]
trunc_ln44_63     (partselect    ) [ 0010]
trunc_ln44_34     (partselect    ) [ 0010]
trunc_ln44_64     (partselect    ) [ 0010]
trunc_ln44_35     (partselect    ) [ 0010]
trunc_ln44_65     (partselect    ) [ 0010]
trunc_ln44_36     (partselect    ) [ 0010]
trunc_ln44_66     (partselect    ) [ 0010]
trunc_ln44_37     (partselect    ) [ 0010]
trunc_ln44_67     (partselect    ) [ 0010]
trunc_ln44_38     (partselect    ) [ 0010]
trunc_ln2         (partselect    ) [ 0010]
icmp_ln51         (icmp          ) [ 0000]
select_ln51       (select        ) [ 0001]
icmp_ln51_8       (icmp          ) [ 0000]
select_ln51_8     (select        ) [ 0001]
icmp_ln51_9       (icmp          ) [ 0000]
select_ln51_9     (select        ) [ 0001]
icmp_ln51_10      (icmp          ) [ 0000]
select_ln51_10    (select        ) [ 0001]
icmp_ln51_11      (icmp          ) [ 0000]
select_ln51_11    (select        ) [ 0001]
icmp_ln51_12      (icmp          ) [ 0000]
select_ln51_12    (select        ) [ 0001]
icmp_ln51_13      (icmp          ) [ 0000]
select_ln51_13    (select        ) [ 0001]
icmp_ln51_14      (icmp          ) [ 0000]
select_ln51_14    (select        ) [ 0001]
icmp_ln51_15      (icmp          ) [ 0000]
select_ln51_15    (select        ) [ 0001]
icmp_ln51_16      (icmp          ) [ 0000]
select_ln51_16    (select        ) [ 0001]
icmp_ln51_17      (icmp          ) [ 0000]
select_ln51_17    (select        ) [ 0001]
icmp_ln51_18      (icmp          ) [ 0000]
select_ln51_18    (select        ) [ 0001]
icmp_ln51_19      (icmp          ) [ 0000]
select_ln51_19    (select        ) [ 0001]
icmp_ln51_20      (icmp          ) [ 0000]
select_ln51_20    (select        ) [ 0001]
icmp_ln51_21      (icmp          ) [ 0000]
select_ln51_21    (select        ) [ 0001]
icmp_ln51_22      (icmp          ) [ 0000]
select_ln51_22    (select        ) [ 0001]
icmp_ln51_23      (icmp          ) [ 0000]
select_ln51_23    (select        ) [ 0001]
icmp_ln51_24      (icmp          ) [ 0000]
select_ln51_24    (select        ) [ 0001]
icmp_ln51_25      (icmp          ) [ 0000]
select_ln51_25    (select        ) [ 0001]
icmp_ln51_26      (icmp          ) [ 0000]
select_ln51_26    (select        ) [ 0001]
icmp_ln51_27      (icmp          ) [ 0000]
select_ln51_27    (select        ) [ 0001]
icmp_ln51_28      (icmp          ) [ 0000]
select_ln51_28    (select        ) [ 0001]
icmp_ln51_29      (icmp          ) [ 0000]
select_ln51_29    (select        ) [ 0001]
icmp_ln51_30      (icmp          ) [ 0000]
select_ln51_30    (select        ) [ 0001]
icmp_ln51_31      (icmp          ) [ 0000]
select_ln51_31    (select        ) [ 0001]
icmp_ln51_32      (icmp          ) [ 0000]
select_ln51_32    (select        ) [ 0001]
icmp_ln51_33      (icmp          ) [ 0000]
select_ln51_33    (select        ) [ 0001]
icmp_ln51_34      (icmp          ) [ 0000]
select_ln51_34    (select        ) [ 0001]
icmp_ln51_35      (icmp          ) [ 0000]
select_ln51_35    (select        ) [ 0001]
icmp_ln51_36      (icmp          ) [ 0000]
select_ln51_36    (select        ) [ 0001]
icmp_ln51_37      (icmp          ) [ 0000]
select_ln51_37    (select        ) [ 0001]
icmp_ln51_38      (icmp          ) [ 0000]
select_ln51_38    (select        ) [ 0001]
specinterface_ln0 (specinterface ) [ 0000]
specinterface_ln0 (specinterface ) [ 0000]
zext_ln51         (zext          ) [ 0000]
zext_ln51_7       (zext          ) [ 0000]
zext_ln51_8       (zext          ) [ 0000]
zext_ln51_9       (zext          ) [ 0000]
zext_ln51_10      (zext          ) [ 0000]
zext_ln51_11      (zext          ) [ 0000]
zext_ln51_12      (zext          ) [ 0000]
zext_ln51_13      (zext          ) [ 0000]
zext_ln51_14      (zext          ) [ 0000]
zext_ln51_15      (zext          ) [ 0000]
zext_ln51_16      (zext          ) [ 0000]
zext_ln51_17      (zext          ) [ 0000]
zext_ln51_18      (zext          ) [ 0000]
zext_ln51_19      (zext          ) [ 0000]
zext_ln51_20      (zext          ) [ 0000]
zext_ln51_21      (zext          ) [ 0000]
zext_ln51_22      (zext          ) [ 0000]
zext_ln51_23      (zext          ) [ 0000]
zext_ln51_24      (zext          ) [ 0000]
zext_ln51_25      (zext          ) [ 0000]
zext_ln51_26      (zext          ) [ 0000]
zext_ln51_27      (zext          ) [ 0000]
zext_ln51_28      (zext          ) [ 0000]
zext_ln51_29      (zext          ) [ 0000]
zext_ln51_30      (zext          ) [ 0000]
zext_ln51_31      (zext          ) [ 0000]
zext_ln51_32      (zext          ) [ 0000]
zext_ln51_33      (zext          ) [ 0000]
zext_ln51_34      (zext          ) [ 0000]
zext_ln51_35      (zext          ) [ 0000]
zext_ln51_36      (zext          ) [ 0000]
or_ln57_s         (bitconcatenate) [ 0000]
zext_ln57         (zext          ) [ 0000]
write_ln57        (write         ) [ 0000]
ret_ln59          (ret           ) [ 0000]
</LifeTime>

<model>

<comp_list>
<comp id="0" class="1000" name="layer23_out">
<pin_list>
<pin id="1" dir="1" index="0" bw="1" slack="0"/>
</pin_list>
<bind>
<StgValue><ssdm name="layer23_out"/></StgValue>
</bind>
</comp>

<comp id="2" class="1000" name="layer20_out">
<pin_list>
<pin id="3" dir="1" index="0" bw="1" slack="0"/>
</pin_list>
<bind>
<StgValue><ssdm name="layer20_out"/></StgValue>
</bind>
</comp>

<comp id="4" class="1001" name="const_4">
<pin_list>
<pin id="5" dir="1" index="0" bw="1" slack="0"/>
</pin_list>
<bind>
<StgValue><ssdm name="_ssdm_op_Read.ap_fifo.volatile.i512P0A"/></StgValue>
</bind>
</comp>

<comp id="6" class="1001" name="const_6">
<pin_list>
<pin id="7" dir="1" index="0" bw="1" slack="0"/>
</pin_list>
<bind>
<StgValue><ssdm name="_ssdm_op_PartSelect.i16.i512.i32.i32"/></StgValue>
</bind>
</comp>

<comp id="8" class="1001" name="const_8">
<pin_list>
<pin id="9" dir="1" index="0" bw="1" slack="0"/>
</pin_list>
<bind>
<StgValue><ssdm name=""/></StgValue>
</bind>
</comp>

<comp id="10" class="1001" name="const_10">
<pin_list>
<pin id="11" dir="1" index="0" bw="1" slack="0"/>
</pin_list>
<bind>
<StgValue><ssdm name=""/></StgValue>
</bind>
</comp>

<comp id="12" class="1001" name="const_12">
<pin_list>
<pin id="13" dir="1" index="0" bw="1" slack="0"/>
</pin_list>
<bind>
<StgValue><ssdm name="_ssdm_op_PartSelect.i15.i512.i32.i32"/></StgValue>
</bind>
</comp>

<comp id="14" class="1001" name="const_14">
<pin_list>
<pin id="15" dir="1" index="0" bw="1" slack="0"/>
</pin_list>
<bind>
<StgValue><ssdm name=""/></StgValue>
</bind>
</comp>

<comp id="16" class="1001" name="const_16">
<pin_list>
<pin id="17" dir="1" index="0" bw="1" slack="0"/>
</pin_list>
<bind>
<StgValue><ssdm name=""/></StgValue>
</bind>
</comp>

<comp id="18" class="1001" name="const_18">
<pin_list>
<pin id="19" dir="1" index="0" bw="1" slack="0"/>
</pin_list>
<bind>
<StgValue><ssdm name=""/></StgValue>
</bind>
</comp>

<comp id="20" class="1001" name="const_20">
<pin_list>
<pin id="21" dir="1" index="0" bw="1" slack="0"/>
</pin_list>
<bind>
<StgValue><ssdm name=""/></StgValue>
</bind>
</comp>

<comp id="22" class="1001" name="const_22">
<pin_list>
<pin id="23" dir="1" index="0" bw="1" slack="0"/>
</pin_list>
<bind>
<StgValue><ssdm name=""/></StgValue>
</bind>
</comp>

<comp id="24" class="1001" name="const_24">
<pin_list>
<pin id="25" dir="1" index="0" bw="1" slack="0"/>
</pin_list>
<bind>
<StgValue><ssdm name=""/></StgValue>
</bind>
</comp>

<comp id="26" class="1001" name="const_26">
<pin_list>
<pin id="27" dir="1" index="0" bw="1" slack="0"/>
</pin_list>
<bind>
<StgValue><ssdm name=""/></StgValue>
</bind>
</comp>

<comp id="28" class="1001" name="const_28">
<pin_list>
<pin id="29" dir="1" index="0" bw="1" slack="0"/>
</pin_list>
<bind>
<StgValue><ssdm name=""/></StgValue>
</bind>
</comp>

<comp id="30" class="1001" name="const_30">
<pin_list>
<pin id="31" dir="1" index="0" bw="1" slack="0"/>
</pin_list>
<bind>
<StgValue><ssdm name=""/></StgValue>
</bind>
</comp>

<comp id="32" class="1001" name="const_32">
<pin_list>
<pin id="33" dir="1" index="0" bw="1" slack="0"/>
</pin_list>
<bind>
<StgValue><ssdm name=""/></StgValue>
</bind>
</comp>

<comp id="34" class="1001" name="const_34">
<pin_list>
<pin id="35" dir="1" index="0" bw="1" slack="0"/>
</pin_list>
<bind>
<StgValue><ssdm name=""/></StgValue>
</bind>
</comp>

<comp id="36" class="1001" name="const_36">
<pin_list>
<pin id="37" dir="1" index="0" bw="1" slack="0"/>
</pin_list>
<bind>
<StgValue><ssdm name=""/></StgValue>
</bind>
</comp>

<comp id="38" class="1001" name="const_38">
<pin_list>
<pin id="39" dir="1" index="0" bw="1" slack="0"/>
</pin_list>
<bind>
<StgValue><ssdm name=""/></StgValue>
</bind>
</comp>

<comp id="40" class="1001" name="const_40">
<pin_list>
<pin id="41" dir="1" index="0" bw="1" slack="0"/>
</pin_list>
<bind>
<StgValue><ssdm name=""/></StgValue>
</bind>
</comp>

<comp id="42" class="1001" name="const_42">
<pin_list>
<pin id="43" dir="1" index="0" bw="1" slack="0"/>
</pin_list>
<bind>
<StgValue><ssdm name=""/></StgValue>
</bind>
</comp>

<comp id="44" class="1001" name="const_44">
<pin_list>
<pin id="45" dir="1" index="0" bw="1" slack="0"/>
</pin_list>
<bind>
<StgValue><ssdm name=""/></StgValue>
</bind>
</comp>

<comp id="46" class="1001" name="const_46">
<pin_list>
<pin id="47" dir="1" index="0" bw="1" slack="0"/>
</pin_list>
<bind>
<StgValue><ssdm name=""/></StgValue>
</bind>
</comp>

<comp id="48" class="1001" name="const_48">
<pin_list>
<pin id="49" dir="1" index="0" bw="1" slack="0"/>
</pin_list>
<bind>
<StgValue><ssdm name=""/></StgValue>
</bind>
</comp>

<comp id="50" class="1001" name="const_50">
<pin_list>
<pin id="51" dir="1" index="0" bw="1" slack="0"/>
</pin_list>
<bind>
<StgValue><ssdm name=""/></StgValue>
</bind>
</comp>

<comp id="52" class="1001" name="const_52">
<pin_list>
<pin id="53" dir="1" index="0" bw="1" slack="0"/>
</pin_list>
<bind>
<StgValue><ssdm name=""/></StgValue>
</bind>
</comp>

<comp id="54" class="1001" name="const_54">
<pin_list>
<pin id="55" dir="1" index="0" bw="1" slack="0"/>
</pin_list>
<bind>
<StgValue><ssdm name=""/></StgValue>
</bind>
</comp>

<comp id="56" class="1001" name="const_56">
<pin_list>
<pin id="57" dir="1" index="0" bw="1" slack="0"/>
</pin_list>
<bind>
<StgValue><ssdm name=""/></StgValue>
</bind>
</comp>

<comp id="58" class="1001" name="const_58">
<pin_list>
<pin id="59" dir="1" index="0" bw="1" slack="0"/>
</pin_list>
<bind>
<StgValue><ssdm name=""/></StgValue>
</bind>
</comp>

<comp id="60" class="1001" name="const_60">
<pin_list>
<pin id="61" dir="1" index="0" bw="1" slack="0"/>
</pin_list>
<bind>
<StgValue><ssdm name=""/></StgValue>
</bind>
</comp>

<comp id="62" class="1001" name="const_62">
<pin_list>
<pin id="63" dir="1" index="0" bw="1" slack="0"/>
</pin_list>
<bind>
<StgValue><ssdm name=""/></StgValue>
</bind>
</comp>

<comp id="64" class="1001" name="const_64">
<pin_list>
<pin id="65" dir="1" index="0" bw="1" slack="0"/>
</pin_list>
<bind>
<StgValue><ssdm name=""/></StgValue>
</bind>
</comp>

<comp id="66" class="1001" name="const_66">
<pin_list>
<pin id="67" dir="1" index="0" bw="1" slack="0"/>
</pin_list>
<bind>
<StgValue><ssdm name=""/></StgValue>
</bind>
</comp>

<comp id="68" class="1001" name="const_68">
<pin_list>
<pin id="69" dir="1" index="0" bw="1" slack="0"/>
</pin_list>
<bind>
<StgValue><ssdm name=""/></StgValue>
</bind>
</comp>

<comp id="70" class="1001" name="const_70">
<pin_list>
<pin id="71" dir="1" index="0" bw="1" slack="0"/>
</pin_list>
<bind>
<StgValue><ssdm name=""/></StgValue>
</bind>
</comp>

<comp id="72" class="1001" name="const_72">
<pin_list>
<pin id="73" dir="1" index="0" bw="1" slack="0"/>
</pin_list>
<bind>
<StgValue><ssdm name=""/></StgValue>
</bind>
</comp>

<comp id="74" class="1001" name="const_74">
<pin_list>
<pin id="75" dir="1" index="0" bw="1" slack="0"/>
</pin_list>
<bind>
<StgValue><ssdm name=""/></StgValue>
</bind>
</comp>

<comp id="76" class="1001" name="const_76">
<pin_list>
<pin id="77" dir="1" index="0" bw="1" slack="0"/>
</pin_list>
<bind>
<StgValue><ssdm name=""/></StgValue>
</bind>
</comp>

<comp id="78" class="1001" name="const_78">
<pin_list>
<pin id="79" dir="1" index="0" bw="1" slack="0"/>
</pin_list>
<bind>
<StgValue><ssdm name=""/></StgValue>
</bind>
</comp>

<comp id="80" class="1001" name="const_80">
<pin_list>
<pin id="81" dir="1" index="0" bw="1" slack="0"/>
</pin_list>
<bind>
<StgValue><ssdm name=""/></StgValue>
</bind>
</comp>

<comp id="82" class="1001" name="const_82">
<pin_list>
<pin id="83" dir="1" index="0" bw="1" slack="0"/>
</pin_list>
<bind>
<StgValue><ssdm name=""/></StgValue>
</bind>
</comp>

<comp id="84" class="1001" name="const_84">
<pin_list>
<pin id="85" dir="1" index="0" bw="1" slack="0"/>
</pin_list>
<bind>
<StgValue><ssdm name=""/></StgValue>
</bind>
</comp>

<comp id="86" class="1001" name="const_86">
<pin_list>
<pin id="87" dir="1" index="0" bw="1" slack="0"/>
</pin_list>
<bind>
<StgValue><ssdm name=""/></StgValue>
</bind>
</comp>

<comp id="88" class="1001" name="const_88">
<pin_list>
<pin id="89" dir="1" index="0" bw="1" slack="0"/>
</pin_list>
<bind>
<StgValue><ssdm name=""/></StgValue>
</bind>
</comp>

<comp id="90" class="1001" name="const_90">
<pin_list>
<pin id="91" dir="1" index="0" bw="1" slack="0"/>
</pin_list>
<bind>
<StgValue><ssdm name=""/></StgValue>
</bind>
</comp>

<comp id="92" class="1001" name="const_92">
<pin_list>
<pin id="93" dir="1" index="0" bw="1" slack="0"/>
</pin_list>
<bind>
<StgValue><ssdm name=""/></StgValue>
</bind>
</comp>

<comp id="94" class="1001" name="const_94">
<pin_list>
<pin id="95" dir="1" index="0" bw="1" slack="0"/>
</pin_list>
<bind>
<StgValue><ssdm name=""/></StgValue>
</bind>
</comp>

<comp id="96" class="1001" name="const_96">
<pin_list>
<pin id="97" dir="1" index="0" bw="1" slack="0"/>
</pin_list>
<bind>
<StgValue><ssdm name=""/></StgValue>
</bind>
</comp>

<comp id="98" class="1001" name="const_98">
<pin_list>
<pin id="99" dir="1" index="0" bw="1" slack="0"/>
</pin_list>
<bind>
<StgValue><ssdm name=""/></StgValue>
</bind>
</comp>

<comp id="100" class="1001" name="const_100">
<pin_list>
<pin id="101" dir="1" index="0" bw="1" slack="0"/>
</pin_list>
<bind>
<StgValue><ssdm name=""/></StgValue>
</bind>
</comp>

<comp id="102" class="1001" name="const_102">
<pin_list>
<pin id="103" dir="1" index="0" bw="1" slack="0"/>
</pin_list>
<bind>
<StgValue><ssdm name=""/></StgValue>
</bind>
</comp>

<comp id="104" class="1001" name="const_104">
<pin_list>
<pin id="105" dir="1" index="0" bw="1" slack="0"/>
</pin_list>
<bind>
<StgValue><ssdm name=""/></StgValue>
</bind>
</comp>

<comp id="106" class="1001" name="const_106">
<pin_list>
<pin id="107" dir="1" index="0" bw="1" slack="0"/>
</pin_list>
<bind>
<StgValue><ssdm name=""/></StgValue>
</bind>
</comp>

<comp id="108" class="1001" name="const_108">
<pin_list>
<pin id="109" dir="1" index="0" bw="1" slack="0"/>
</pin_list>
<bind>
<StgValue><ssdm name=""/></StgValue>
</bind>
</comp>

<comp id="110" class="1001" name="const_110">
<pin_list>
<pin id="111" dir="1" index="0" bw="1" slack="0"/>
</pin_list>
<bind>
<StgValue><ssdm name=""/></StgValue>
</bind>
</comp>

<comp id="112" class="1001" name="const_112">
<pin_list>
<pin id="113" dir="1" index="0" bw="1" slack="0"/>
</pin_list>
<bind>
<StgValue><ssdm name=""/></StgValue>
</bind>
</comp>

<comp id="114" class="1001" name="const_114">
<pin_list>
<pin id="115" dir="1" index="0" bw="1" slack="0"/>
</pin_list>
<bind>
<StgValue><ssdm name=""/></StgValue>
</bind>
</comp>

<comp id="116" class="1001" name="const_116">
<pin_list>
<pin id="117" dir="1" index="0" bw="1" slack="0"/>
</pin_list>
<bind>
<StgValue><ssdm name=""/></StgValue>
</bind>
</comp>

<comp id="118" class="1001" name="const_118">
<pin_list>
<pin id="119" dir="1" index="0" bw="1" slack="0"/>
</pin_list>
<bind>
<StgValue><ssdm name=""/></StgValue>
</bind>
</comp>

<comp id="120" class="1001" name="const_120">
<pin_list>
<pin id="121" dir="1" index="0" bw="1" slack="0"/>
</pin_list>
<bind>
<StgValue><ssdm name=""/></StgValue>
</bind>
</comp>

<comp id="122" class="1001" name="const_122">
<pin_list>
<pin id="123" dir="1" index="0" bw="1" slack="0"/>
</pin_list>
<bind>
<StgValue><ssdm name=""/></StgValue>
</bind>
</comp>

<comp id="124" class="1001" name="const_124">
<pin_list>
<pin id="125" dir="1" index="0" bw="1" slack="0"/>
</pin_list>
<bind>
<StgValue><ssdm name=""/></StgValue>
</bind>
</comp>

<comp id="126" class="1001" name="const_126">
<pin_list>
<pin id="127" dir="1" index="0" bw="1" slack="0"/>
</pin_list>
<bind>
<StgValue><ssdm name=""/></StgValue>
</bind>
</comp>

<comp id="128" class="1001" name="const_128">
<pin_list>
<pin id="129" dir="1" index="0" bw="1" slack="0"/>
</pin_list>
<bind>
<StgValue><ssdm name=""/></StgValue>
</bind>
</comp>

<comp id="130" class="1001" name="const_130">
<pin_list>
<pin id="131" dir="1" index="0" bw="1" slack="0"/>
</pin_list>
<bind>
<StgValue><ssdm name=""/></StgValue>
</bind>
</comp>

<comp id="132" class="1001" name="const_132">
<pin_list>
<pin id="133" dir="1" index="0" bw="1" slack="0"/>
</pin_list>
<bind>
<StgValue><ssdm name=""/></StgValue>
</bind>
</comp>

<comp id="134" class="1001" name="const_134">
<pin_list>
<pin id="135" dir="1" index="0" bw="1" slack="0"/>
</pin_list>
<bind>
<StgValue><ssdm name=""/></StgValue>
</bind>
</comp>

<comp id="136" class="1001" name="const_136">
<pin_list>
<pin id="137" dir="1" index="0" bw="1" slack="0"/>
</pin_list>
<bind>
<StgValue><ssdm name=""/></StgValue>
</bind>
</comp>

<comp id="138" class="1001" name="const_138">
<pin_list>
<pin id="139" dir="1" index="0" bw="1" slack="0"/>
</pin_list>
<bind>
<StgValue><ssdm name=""/></StgValue>
</bind>
</comp>

<comp id="140" class="1001" name="const_140">
<pin_list>
<pin id="141" dir="1" index="0" bw="1" slack="0"/>
</pin_list>
<bind>
<StgValue><ssdm name=""/></StgValue>
</bind>
</comp>

<comp id="142" class="1001" name="const_142">
<pin_list>
<pin id="143" dir="1" index="0" bw="1" slack="0"/>
</pin_list>
<bind>
<StgValue><ssdm name=""/></StgValue>
</bind>
</comp>

<comp id="144" class="1001" name="const_144">
<pin_list>
<pin id="145" dir="1" index="0" bw="1" slack="0"/>
</pin_list>
<bind>
<StgValue><ssdm name=""/></StgValue>
</bind>
</comp>

<comp id="146" class="1001" name="const_146">
<pin_list>
<pin id="147" dir="1" index="0" bw="1" slack="0"/>
</pin_list>
<bind>
<StgValue><ssdm name=""/></StgValue>
</bind>
</comp>

<comp id="148" class="1001" name="const_148">
<pin_list>
<pin id="149" dir="1" index="0" bw="1" slack="0"/>
</pin_list>
<bind>
<StgValue><ssdm name=""/></StgValue>
</bind>
</comp>

<comp id="150" class="1001" name="const_150">
<pin_list>
<pin id="151" dir="1" index="0" bw="1" slack="0"/>
</pin_list>
<bind>
<StgValue><ssdm name=""/></StgValue>
</bind>
</comp>

<comp id="152" class="1001" name="const_152">
<pin_list>
<pin id="153" dir="1" index="0" bw="1" slack="0"/>
</pin_list>
<bind>
<StgValue><ssdm name=""/></StgValue>
</bind>
</comp>

<comp id="154" class="1001" name="const_154">
<pin_list>
<pin id="155" dir="1" index="0" bw="1" slack="0"/>
</pin_list>
<bind>
<StgValue><ssdm name=""/></StgValue>
</bind>
</comp>

<comp id="156" class="1001" name="const_156">
<pin_list>
<pin id="157" dir="1" index="0" bw="1" slack="0"/>
</pin_list>
<bind>
<StgValue><ssdm name=""/></StgValue>
</bind>
</comp>

<comp id="158" class="1001" name="const_158">
<pin_list>
<pin id="159" dir="1" index="0" bw="1" slack="0"/>
</pin_list>
<bind>
<StgValue><ssdm name=""/></StgValue>
</bind>
</comp>

<comp id="160" class="1001" name="const_160">
<pin_list>
<pin id="161" dir="1" index="0" bw="1" slack="0"/>
</pin_list>
<bind>
<StgValue><ssdm name=""/></StgValue>
</bind>
</comp>

<comp id="162" class="1001" name="const_162">
<pin_list>
<pin id="163" dir="1" index="0" bw="1" slack="0"/>
</pin_list>
<bind>
<StgValue><ssdm name=""/></StgValue>
</bind>
</comp>

<comp id="164" class="1001" name="const_164">
<pin_list>
<pin id="165" dir="1" index="0" bw="1" slack="0"/>
</pin_list>
<bind>
<StgValue><ssdm name=""/></StgValue>
</bind>
</comp>

<comp id="166" class="1001" name="const_166">
<pin_list>
<pin id="167" dir="1" index="0" bw="1" slack="0"/>
</pin_list>
<bind>
<StgValue><ssdm name=""/></StgValue>
</bind>
</comp>

<comp id="168" class="1001" name="const_168">
<pin_list>
<pin id="169" dir="1" index="0" bw="1" slack="0"/>
</pin_list>
<bind>
<StgValue><ssdm name=""/></StgValue>
</bind>
</comp>

<comp id="170" class="1001" name="const_170">
<pin_list>
<pin id="171" dir="1" index="0" bw="1" slack="0"/>
</pin_list>
<bind>
<StgValue><ssdm name=""/></StgValue>
</bind>
</comp>

<comp id="172" class="1001" name="const_172">
<pin_list>
<pin id="173" dir="1" index="0" bw="1" slack="0"/>
</pin_list>
<bind>
<StgValue><ssdm name=""/></StgValue>
</bind>
</comp>

<comp id="174" class="1001" name="const_174">
<pin_list>
<pin id="175" dir="1" index="0" bw="1" slack="0"/>
</pin_list>
<bind>
<StgValue><ssdm name=""/></StgValue>
</bind>
</comp>

<comp id="176" class="1001" name="const_176">
<pin_list>
<pin id="177" dir="1" index="0" bw="1" slack="0"/>
</pin_list>
<bind>
<StgValue><ssdm name=""/></StgValue>
</bind>
</comp>

<comp id="178" class="1001" name="const_178">
<pin_list>
<pin id="179" dir="1" index="0" bw="1" slack="0"/>
</pin_list>
<bind>
<StgValue><ssdm name=""/></StgValue>
</bind>
</comp>

<comp id="180" class="1001" name="const_180">
<pin_list>
<pin id="181" dir="1" index="0" bw="1" slack="0"/>
</pin_list>
<bind>
<StgValue><ssdm name=""/></StgValue>
</bind>
</comp>

<comp id="182" class="1001" name="const_182">
<pin_list>
<pin id="183" dir="1" index="0" bw="1" slack="0"/>
</pin_list>
<bind>
<StgValue><ssdm name=""/></StgValue>
</bind>
</comp>

<comp id="184" class="1001" name="const_184">
<pin_list>
<pin id="185" dir="1" index="0" bw="1" slack="0"/>
</pin_list>
<bind>
<StgValue><ssdm name=""/></StgValue>
</bind>
</comp>

<comp id="186" class="1001" name="const_186">
<pin_list>
<pin id="187" dir="1" index="0" bw="1" slack="0"/>
</pin_list>
<bind>
<StgValue><ssdm name=""/></StgValue>
</bind>
</comp>

<comp id="188" class="1001" name="const_188">
<pin_list>
<pin id="189" dir="1" index="0" bw="1" slack="0"/>
</pin_list>
<bind>
<StgValue><ssdm name=""/></StgValue>
</bind>
</comp>

<comp id="190" class="1001" name="const_190">
<pin_list>
<pin id="191" dir="1" index="0" bw="1" slack="0"/>
</pin_list>
<bind>
<StgValue><ssdm name=""/></StgValue>
</bind>
</comp>

<comp id="192" class="1001" name="const_192">
<pin_list>
<pin id="193" dir="1" index="0" bw="1" slack="0"/>
</pin_list>
<bind>
<StgValue><ssdm name=""/></StgValue>
</bind>
</comp>

<comp id="194" class="1001" name="const_194">
<pin_list>
<pin id="195" dir="1" index="0" bw="1" slack="0"/>
</pin_list>
<bind>
<StgValue><ssdm name=""/></StgValue>
</bind>
</comp>

<comp id="196" class="1001" name="const_196">
<pin_list>
<pin id="197" dir="1" index="0" bw="1" slack="0"/>
</pin_list>
<bind>
<StgValue><ssdm name=""/></StgValue>
</bind>
</comp>

<comp id="198" class="1001" name="const_198">
<pin_list>
<pin id="199" dir="1" index="0" bw="1" slack="0"/>
</pin_list>
<bind>
<StgValue><ssdm name=""/></StgValue>
</bind>
</comp>

<comp id="200" class="1001" name="const_200">
<pin_list>
<pin id="201" dir="1" index="0" bw="1" slack="2147483647"/>
</pin_list>
<bind>
<StgValue><ssdm name="_ssdm_op_SpecInterface"/></StgValue>
</bind>
</comp>

<comp id="202" class="1001" name="const_202">
<pin_list>
<pin id="203" dir="1" index="0" bw="1" slack="2147483647"/>
</pin_list>
<bind>
<StgValue><ssdm name="empty_5"/></StgValue>
</bind>
</comp>

<comp id="204" class="1001" name="const_204">
<pin_list>
<pin id="205" dir="1" index="0" bw="1" slack="2147483647"/>
</pin_list>
<bind>
<StgValue><ssdm name=""/></StgValue>
</bind>
</comp>

<comp id="206" class="1001" name="const_206">
<pin_list>
<pin id="207" dir="1" index="0" bw="1" slack="2147483647"/>
</pin_list>
<bind>
<StgValue><ssdm name="empty_9"/></StgValue>
</bind>
</comp>

<comp id="208" class="1001" name="const_208">
<pin_list>
<pin id="209" dir="1" index="0" bw="1" slack="2147483647"/>
</pin_list>
<bind>
<StgValue><ssdm name=""/></StgValue>
</bind>
</comp>

<comp id="210" class="1001" name="const_210">
<pin_list>
<pin id="211" dir="1" index="0" bw="1" slack="0"/>
</pin_list>
<bind>
<StgValue><ssdm name="_ssdm_op_BitConcatenate.i511.i15.i16.i16.i16.i16.i16.i16.i16.i16.i16.i16.i16.i16.i16.i16.i16.i16.i16.i16.i16.i16.i16.i16.i16.i16.i16.i16.i16.i16.i16.i16.i16"/></StgValue>
</bind>
</comp>

<comp id="212" class="1001" name="const_212">
<pin_list>
<pin id="213" dir="1" index="0" bw="1" slack="0"/>
</pin_list>
<bind>
<StgValue><ssdm name="_ssdm_op_Write.ap_fifo.volatile.i512P0A"/></StgValue>
</bind>
</comp>

<comp id="214" class="1004" name="layer23_out_read_read_fu_214">
<pin_list>
<pin id="215" dir="0" index="0" bw="512" slack="0"/>
<pin id="216" dir="0" index="1" bw="512" slack="0"/>
<pin id="217" dir="1" index="2" bw="512" slack="0"/>
</pin_list>
<bind>
<opcode="read(1150) " fcode="read"/>
<opset="layer23_out_read/1 "/>
</bind>
</comp>

<comp id="220" class="1004" name="write_ln57_write_fu_220">
<pin_list>
<pin id="221" dir="0" index="0" bw="0" slack="0"/>
<pin id="222" dir="0" index="1" bw="512" slack="0"/>
<pin id="223" dir="0" index="2" bw="511" slack="0"/>
<pin id="224" dir="1" index="3" bw="0" slack="2147483647"/>
</pin_list>
<bind>
<opcode="write(1151) " fcode="write"/>
<opset="write_ln57/3 "/>
</bind>
</comp>

<comp id="227" class="1004" name="trunc_ln44_fu_227">
<pin_list>
<pin id="228" dir="0" index="0" bw="512" slack="0"/>
<pin id="229" dir="1" index="1" bw="16" slack="1"/>
</pin_list>
<bind>
<opcode="trunc(33) " fcode="trunc"/>
<opset="trunc_ln44/1 "/>
</bind>
</comp>

<comp id="231" class="1004" name="trunc_ln44_69_fu_231">
<pin_list>
<pin id="232" dir="0" index="0" bw="512" slack="0"/>
<pin id="233" dir="1" index="1" bw="15" slack="1"/>
</pin_list>
<bind>
<opcode="trunc(33) " fcode="trunc"/>
<opset="trunc_ln44_69/1 "/>
</bind>
</comp>

<comp id="235" class="1004" name="trunc_ln44_8_fu_235">
<pin_list>
<pin id="236" dir="0" index="0" bw="16" slack="0"/>
<pin id="237" dir="0" index="1" bw="512" slack="0"/>
<pin id="238" dir="0" index="2" bw="6" slack="0"/>
<pin id="239" dir="0" index="3" bw="6" slack="0"/>
<pin id="240" dir="1" index="4" bw="16" slack="1"/>
</pin_list>
<bind>
<opcode="partselect(1002) " fcode="partselect"/>
<opset="trunc_ln44_8/1 "/>
</bind>
</comp>

<comp id="245" class="1004" name="trunc_ln44_s_fu_245">
<pin_list>
<pin id="246" dir="0" index="0" bw="15" slack="0"/>
<pin id="247" dir="0" index="1" bw="512" slack="0"/>
<pin id="248" dir="0" index="2" bw="6" slack="0"/>
<pin id="249" dir="0" index="3" bw="6" slack="0"/>
<pin id="250" dir="1" index="4" bw="15" slack="1"/>
</pin_list>
<bind>
<opcode="partselect(1002) " fcode="partselect"/>
<opset="trunc_ln44_s/1 "/>
</bind>
</comp>

<comp id="255" class="1004" name="trunc_ln44_9_fu_255">
<pin_list>
<pin id="256" dir="0" index="0" bw="16" slack="0"/>
<pin id="257" dir="0" index="1" bw="512" slack="0"/>
<pin id="258" dir="0" index="2" bw="7" slack="0"/>
<pin id="259" dir="0" index="3" bw="7" slack="0"/>
<pin id="260" dir="1" index="4" bw="16" slack="1"/>
</pin_list>
<bind>
<opcode="partselect(1002) " fcode="partselect"/>
<opset="trunc_ln44_9/1 "/>
</bind>
</comp>

<comp id="265" class="1004" name="trunc_ln44_39_fu_265">
<pin_list>
<pin id="266" dir="0" index="0" bw="15" slack="0"/>
<pin id="267" dir="0" index="1" bw="512" slack="0"/>
<pin id="268" dir="0" index="2" bw="7" slack="0"/>
<pin id="269" dir="0" index="3" bw="7" slack="0"/>
<pin id="270" dir="1" index="4" bw="15" slack="1"/>
</pin_list>
<bind>
<opcode="partselect(1002) " fcode="partselect"/>
<opset="trunc_ln44_39/1 "/>
</bind>
</comp>

<comp id="275" class="1004" name="trunc_ln44_10_fu_275">
<pin_list>
<pin id="276" dir="0" index="0" bw="16" slack="0"/>
<pin id="277" dir="0" index="1" bw="512" slack="0"/>
<pin id="278" dir="0" index="2" bw="7" slack="0"/>
<pin id="279" dir="0" index="3" bw="7" slack="0"/>
<pin id="280" dir="1" index="4" bw="16" slack="1"/>
</pin_list>
<bind>
<opcode="partselect(1002) " fcode="partselect"/>
<opset="trunc_ln44_10/1 "/>
</bind>
</comp>

<comp id="285" class="1004" name="trunc_ln44_40_fu_285">
<pin_list>
<pin id="286" dir="0" index="0" bw="15" slack="0"/>
<pin id="287" dir="0" index="1" bw="512" slack="0"/>
<pin id="288" dir="0" index="2" bw="7" slack="0"/>
<pin id="289" dir="0" index="3" bw="7" slack="0"/>
<pin id="290" dir="1" index="4" bw="15" slack="1"/>
</pin_list>
<bind>
<opcode="partselect(1002) " fcode="partselect"/>
<opset="trunc_ln44_40/1 "/>
</bind>
</comp>

<comp id="295" class="1004" name="trunc_ln44_11_fu_295">
<pin_list>
<pin id="296" dir="0" index="0" bw="16" slack="0"/>
<pin id="297" dir="0" index="1" bw="512" slack="0"/>
<pin id="298" dir="0" index="2" bw="8" slack="0"/>
<pin id="299" dir="0" index="3" bw="8" slack="0"/>
<pin id="300" dir="1" index="4" bw="16" slack="1"/>
</pin_list>
<bind>
<opcode="partselect(1002) " fcode="partselect"/>
<opset="trunc_ln44_11/1 "/>
</bind>
</comp>

<comp id="305" class="1004" name="trunc_ln44_41_fu_305">
<pin_list>
<pin id="306" dir="0" index="0" bw="15" slack="0"/>
<pin id="307" dir="0" index="1" bw="512" slack="0"/>
<pin id="308" dir="0" index="2" bw="8" slack="0"/>
<pin id="309" dir="0" index="3" bw="8" slack="0"/>
<pin id="310" dir="1" index="4" bw="15" slack="1"/>
</pin_list>
<bind>
<opcode="partselect(1002) " fcode="partselect"/>
<opset="trunc_ln44_41/1 "/>
</bind>
</comp>

<comp id="315" class="1004" name="trunc_ln44_12_fu_315">
<pin_list>
<pin id="316" dir="0" index="0" bw="16" slack="0"/>
<pin id="317" dir="0" index="1" bw="512" slack="0"/>
<pin id="318" dir="0" index="2" bw="8" slack="0"/>
<pin id="319" dir="0" index="3" bw="8" slack="0"/>
<pin id="320" dir="1" index="4" bw="16" slack="1"/>
</pin_list>
<bind>
<opcode="partselect(1002) " fcode="partselect"/>
<opset="trunc_ln44_12/1 "/>
</bind>
</comp>

<comp id="325" class="1004" name="trunc_ln44_42_fu_325">
<pin_list>
<pin id="326" dir="0" index="0" bw="15" slack="0"/>
<pin id="327" dir="0" index="1" bw="512" slack="0"/>
<pin id="328" dir="0" index="2" bw="8" slack="0"/>
<pin id="329" dir="0" index="3" bw="8" slack="0"/>
<pin id="330" dir="1" index="4" bw="15" slack="1"/>
</pin_list>
<bind>
<opcode="partselect(1002) " fcode="partselect"/>
<opset="trunc_ln44_42/1 "/>
</bind>
</comp>

<comp id="335" class="1004" name="trunc_ln44_13_fu_335">
<pin_list>
<pin id="336" dir="0" index="0" bw="16" slack="0"/>
<pin id="337" dir="0" index="1" bw="512" slack="0"/>
<pin id="338" dir="0" index="2" bw="8" slack="0"/>
<pin id="339" dir="0" index="3" bw="8" slack="0"/>
<pin id="340" dir="1" index="4" bw="16" slack="1"/>
</pin_list>
<bind>
<opcode="partselect(1002) " fcode="partselect"/>
<opset="trunc_ln44_13/1 "/>
</bind>
</comp>

<comp id="345" class="1004" name="trunc_ln44_43_fu_345">
<pin_list>
<pin id="346" dir="0" index="0" bw="15" slack="0"/>
<pin id="347" dir="0" index="1" bw="512" slack="0"/>
<pin id="348" dir="0" index="2" bw="8" slack="0"/>
<pin id="349" dir="0" index="3" bw="8" slack="0"/>
<pin id="350" dir="1" index="4" bw="15" slack="1"/>
</pin_list>
<bind>
<opcode="partselect(1002) " fcode="partselect"/>
<opset="trunc_ln44_43/1 "/>
</bind>
</comp>

<comp id="355" class="1004" name="trunc_ln44_14_fu_355">
<pin_list>
<pin id="356" dir="0" index="0" bw="16" slack="0"/>
<pin id="357" dir="0" index="1" bw="512" slack="0"/>
<pin id="358" dir="0" index="2" bw="8" slack="0"/>
<pin id="359" dir="0" index="3" bw="8" slack="0"/>
<pin id="360" dir="1" index="4" bw="16" slack="1"/>
</pin_list>
<bind>
<opcode="partselect(1002) " fcode="partselect"/>
<opset="trunc_ln44_14/1 "/>
</bind>
</comp>

<comp id="365" class="1004" name="trunc_ln44_44_fu_365">
<pin_list>
<pin id="366" dir="0" index="0" bw="15" slack="0"/>
<pin id="367" dir="0" index="1" bw="512" slack="0"/>
<pin id="368" dir="0" index="2" bw="8" slack="0"/>
<pin id="369" dir="0" index="3" bw="8" slack="0"/>
<pin id="370" dir="1" index="4" bw="15" slack="1"/>
</pin_list>
<bind>
<opcode="partselect(1002) " fcode="partselect"/>
<opset="trunc_ln44_44/1 "/>
</bind>
</comp>

<comp id="375" class="1004" name="trunc_ln44_15_fu_375">
<pin_list>
<pin id="376" dir="0" index="0" bw="16" slack="0"/>
<pin id="377" dir="0" index="1" bw="512" slack="0"/>
<pin id="378" dir="0" index="2" bw="9" slack="0"/>
<pin id="379" dir="0" index="3" bw="9" slack="0"/>
<pin id="380" dir="1" index="4" bw="16" slack="1"/>
</pin_list>
<bind>
<opcode="partselect(1002) " fcode="partselect"/>
<opset="trunc_ln44_15/1 "/>
</bind>
</comp>

<comp id="385" class="1004" name="trunc_ln44_45_fu_385">
<pin_list>
<pin id="386" dir="0" index="0" bw="15" slack="0"/>
<pin id="387" dir="0" index="1" bw="512" slack="0"/>
<pin id="388" dir="0" index="2" bw="9" slack="0"/>
<pin id="389" dir="0" index="3" bw="9" slack="0"/>
<pin id="390" dir="1" index="4" bw="15" slack="1"/>
</pin_list>
<bind>
<opcode="partselect(1002) " fcode="partselect"/>
<opset="trunc_ln44_45/1 "/>
</bind>
</comp>

<comp id="395" class="1004" name="trunc_ln44_16_fu_395">
<pin_list>
<pin id="396" dir="0" index="0" bw="16" slack="0"/>
<pin id="397" dir="0" index="1" bw="512" slack="0"/>
<pin id="398" dir="0" index="2" bw="9" slack="0"/>
<pin id="399" dir="0" index="3" bw="9" slack="0"/>
<pin id="400" dir="1" index="4" bw="16" slack="1"/>
</pin_list>
<bind>
<opcode="partselect(1002) " fcode="partselect"/>
<opset="trunc_ln44_16/1 "/>
</bind>
</comp>

<comp id="405" class="1004" name="trunc_ln44_46_fu_405">
<pin_list>
<pin id="406" dir="0" index="0" bw="15" slack="0"/>
<pin id="407" dir="0" index="1" bw="512" slack="0"/>
<pin id="408" dir="0" index="2" bw="9" slack="0"/>
<pin id="409" dir="0" index="3" bw="9" slack="0"/>
<pin id="410" dir="1" index="4" bw="15" slack="1"/>
</pin_list>
<bind>
<opcode="partselect(1002) " fcode="partselect"/>
<opset="trunc_ln44_46/1 "/>
</bind>
</comp>

<comp id="415" class="1004" name="trunc_ln44_17_fu_415">
<pin_list>
<pin id="416" dir="0" index="0" bw="16" slack="0"/>
<pin id="417" dir="0" index="1" bw="512" slack="0"/>
<pin id="418" dir="0" index="2" bw="9" slack="0"/>
<pin id="419" dir="0" index="3" bw="9" slack="0"/>
<pin id="420" dir="1" index="4" bw="16" slack="1"/>
</pin_list>
<bind>
<opcode="partselect(1002) " fcode="partselect"/>
<opset="trunc_ln44_17/1 "/>
</bind>
</comp>

<comp id="425" class="1004" name="trunc_ln44_47_fu_425">
<pin_list>
<pin id="426" dir="0" index="0" bw="15" slack="0"/>
<pin id="427" dir="0" index="1" bw="512" slack="0"/>
<pin id="428" dir="0" index="2" bw="9" slack="0"/>
<pin id="429" dir="0" index="3" bw="9" slack="0"/>
<pin id="430" dir="1" index="4" bw="15" slack="1"/>
</pin_list>
<bind>
<opcode="partselect(1002) " fcode="partselect"/>
<opset="trunc_ln44_47/1 "/>
</bind>
</comp>

<comp id="435" class="1004" name="trunc_ln44_18_fu_435">
<pin_list>
<pin id="436" dir="0" index="0" bw="16" slack="0"/>
<pin id="437" dir="0" index="1" bw="512" slack="0"/>
<pin id="438" dir="0" index="2" bw="9" slack="0"/>
<pin id="439" dir="0" index="3" bw="9" slack="0"/>
<pin id="440" dir="1" index="4" bw="16" slack="1"/>
</pin_list>
<bind>
<opcode="partselect(1002) " fcode="partselect"/>
<opset="trunc_ln44_18/1 "/>
</bind>
</comp>

<comp id="445" class="1004" name="trunc_ln44_48_fu_445">
<pin_list>
<pin id="446" dir="0" index="0" bw="15" slack="0"/>
<pin id="447" dir="0" index="1" bw="512" slack="0"/>
<pin id="448" dir="0" index="2" bw="9" slack="0"/>
<pin id="449" dir="0" index="3" bw="9" slack="0"/>
<pin id="450" dir="1" index="4" bw="15" slack="1"/>
</pin_list>
<bind>
<opcode="partselect(1002) " fcode="partselect"/>
<opset="trunc_ln44_48/1 "/>
</bind>
</comp>

<comp id="455" class="1004" name="trunc_ln44_19_fu_455">
<pin_list>
<pin id="456" dir="0" index="0" bw="16" slack="0"/>
<pin id="457" dir="0" index="1" bw="512" slack="0"/>
<pin id="458" dir="0" index="2" bw="9" slack="0"/>
<pin id="459" dir="0" index="3" bw="9" slack="0"/>
<pin id="460" dir="1" index="4" bw="16" slack="1"/>
</pin_list>
<bind>
<opcode="partselect(1002) " fcode="partselect"/>
<opset="trunc_ln44_19/1 "/>
</bind>
</comp>

<comp id="465" class="1004" name="trunc_ln44_49_fu_465">
<pin_list>
<pin id="466" dir="0" index="0" bw="15" slack="0"/>
<pin id="467" dir="0" index="1" bw="512" slack="0"/>
<pin id="468" dir="0" index="2" bw="9" slack="0"/>
<pin id="469" dir="0" index="3" bw="9" slack="0"/>
<pin id="470" dir="1" index="4" bw="15" slack="1"/>
</pin_list>
<bind>
<opcode="partselect(1002) " fcode="partselect"/>
<opset="trunc_ln44_49/1 "/>
</bind>
</comp>

<comp id="475" class="1004" name="trunc_ln44_20_fu_475">
<pin_list>
<pin id="476" dir="0" index="0" bw="16" slack="0"/>
<pin id="477" dir="0" index="1" bw="512" slack="0"/>
<pin id="478" dir="0" index="2" bw="9" slack="0"/>
<pin id="479" dir="0" index="3" bw="9" slack="0"/>
<pin id="480" dir="1" index="4" bw="16" slack="1"/>
</pin_list>
<bind>
<opcode="partselect(1002) " fcode="partselect"/>
<opset="trunc_ln44_20/1 "/>
</bind>
</comp>

<comp id="485" class="1004" name="trunc_ln44_50_fu_485">
<pin_list>
<pin id="486" dir="0" index="0" bw="15" slack="0"/>
<pin id="487" dir="0" index="1" bw="512" slack="0"/>
<pin id="488" dir="0" index="2" bw="9" slack="0"/>
<pin id="489" dir="0" index="3" bw="9" slack="0"/>
<pin id="490" dir="1" index="4" bw="15" slack="1"/>
</pin_list>
<bind>
<opcode="partselect(1002) " fcode="partselect"/>
<opset="trunc_ln44_50/1 "/>
</bind>
</comp>

<comp id="495" class="1004" name="trunc_ln44_21_fu_495">
<pin_list>
<pin id="496" dir="0" index="0" bw="16" slack="0"/>
<pin id="497" dir="0" index="1" bw="512" slack="0"/>
<pin id="498" dir="0" index="2" bw="9" slack="0"/>
<pin id="499" dir="0" index="3" bw="9" slack="0"/>
<pin id="500" dir="1" index="4" bw="16" slack="1"/>
</pin_list>
<bind>
<opcode="partselect(1002) " fcode="partselect"/>
<opset="trunc_ln44_21/1 "/>
</bind>
</comp>

<comp id="505" class="1004" name="trunc_ln44_51_fu_505">
<pin_list>
<pin id="506" dir="0" index="0" bw="15" slack="0"/>
<pin id="507" dir="0" index="1" bw="512" slack="0"/>
<pin id="508" dir="0" index="2" bw="9" slack="0"/>
<pin id="509" dir="0" index="3" bw="9" slack="0"/>
<pin id="510" dir="1" index="4" bw="15" slack="1"/>
</pin_list>
<bind>
<opcode="partselect(1002) " fcode="partselect"/>
<opset="trunc_ln44_51/1 "/>
</bind>
</comp>

<comp id="515" class="1004" name="trunc_ln44_22_fu_515">
<pin_list>
<pin id="516" dir="0" index="0" bw="16" slack="0"/>
<pin id="517" dir="0" index="1" bw="512" slack="0"/>
<pin id="518" dir="0" index="2" bw="9" slack="0"/>
<pin id="519" dir="0" index="3" bw="9" slack="0"/>
<pin id="520" dir="1" index="4" bw="16" slack="1"/>
</pin_list>
<bind>
<opcode="partselect(1002) " fcode="partselect"/>
<opset="trunc_ln44_22/1 "/>
</bind>
</comp>

<comp id="525" class="1004" name="trunc_ln44_52_fu_525">
<pin_list>
<pin id="526" dir="0" index="0" bw="15" slack="0"/>
<pin id="527" dir="0" index="1" bw="512" slack="0"/>
<pin id="528" dir="0" index="2" bw="9" slack="0"/>
<pin id="529" dir="0" index="3" bw="9" slack="0"/>
<pin id="530" dir="1" index="4" bw="15" slack="1"/>
</pin_list>
<bind>
<opcode="partselect(1002) " fcode="partselect"/>
<opset="trunc_ln44_52/1 "/>
</bind>
</comp>

<comp id="535" class="1004" name="trunc_ln44_23_fu_535">
<pin_list>
<pin id="536" dir="0" index="0" bw="16" slack="0"/>
<pin id="537" dir="0" index="1" bw="512" slack="0"/>
<pin id="538" dir="0" index="2" bw="10" slack="0"/>
<pin id="539" dir="0" index="3" bw="10" slack="0"/>
<pin id="540" dir="1" index="4" bw="16" slack="1"/>
</pin_list>
<bind>
<opcode="partselect(1002) " fcode="partselect"/>
<opset="trunc_ln44_23/1 "/>
</bind>
</comp>

<comp id="545" class="1004" name="trunc_ln44_53_fu_545">
<pin_list>
<pin id="546" dir="0" index="0" bw="15" slack="0"/>
<pin id="547" dir="0" index="1" bw="512" slack="0"/>
<pin id="548" dir="0" index="2" bw="10" slack="0"/>
<pin id="549" dir="0" index="3" bw="10" slack="0"/>
<pin id="550" dir="1" index="4" bw="15" slack="1"/>
</pin_list>
<bind>
<opcode="partselect(1002) " fcode="partselect"/>
<opset="trunc_ln44_53/1 "/>
</bind>
</comp>

<comp id="555" class="1004" name="trunc_ln44_24_fu_555">
<pin_list>
<pin id="556" dir="0" index="0" bw="16" slack="0"/>
<pin id="557" dir="0" index="1" bw="512" slack="0"/>
<pin id="558" dir="0" index="2" bw="10" slack="0"/>
<pin id="559" dir="0" index="3" bw="10" slack="0"/>
<pin id="560" dir="1" index="4" bw="16" slack="1"/>
</pin_list>
<bind>
<opcode="partselect(1002) " fcode="partselect"/>
<opset="trunc_ln44_24/1 "/>
</bind>
</comp>

<comp id="565" class="1004" name="trunc_ln44_54_fu_565">
<pin_list>
<pin id="566" dir="0" index="0" bw="15" slack="0"/>
<pin id="567" dir="0" index="1" bw="512" slack="0"/>
<pin id="568" dir="0" index="2" bw="10" slack="0"/>
<pin id="569" dir="0" index="3" bw="10" slack="0"/>
<pin id="570" dir="1" index="4" bw="15" slack="1"/>
</pin_list>
<bind>
<opcode="partselect(1002) " fcode="partselect"/>
<opset="trunc_ln44_54/1 "/>
</bind>
</comp>

<comp id="575" class="1004" name="trunc_ln44_25_fu_575">
<pin_list>
<pin id="576" dir="0" index="0" bw="16" slack="0"/>
<pin id="577" dir="0" index="1" bw="512" slack="0"/>
<pin id="578" dir="0" index="2" bw="10" slack="0"/>
<pin id="579" dir="0" index="3" bw="10" slack="0"/>
<pin id="580" dir="1" index="4" bw="16" slack="1"/>
</pin_list>
<bind>
<opcode="partselect(1002) " fcode="partselect"/>
<opset="trunc_ln44_25/1 "/>
</bind>
</comp>

<comp id="585" class="1004" name="trunc_ln44_55_fu_585">
<pin_list>
<pin id="586" dir="0" index="0" bw="15" slack="0"/>
<pin id="587" dir="0" index="1" bw="512" slack="0"/>
<pin id="588" dir="0" index="2" bw="10" slack="0"/>
<pin id="589" dir="0" index="3" bw="10" slack="0"/>
<pin id="590" dir="1" index="4" bw="15" slack="1"/>
</pin_list>
<bind>
<opcode="partselect(1002) " fcode="partselect"/>
<opset="trunc_ln44_55/1 "/>
</bind>
</comp>

<comp id="595" class="1004" name="trunc_ln44_26_fu_595">
<pin_list>
<pin id="596" dir="0" index="0" bw="16" slack="0"/>
<pin id="597" dir="0" index="1" bw="512" slack="0"/>
<pin id="598" dir="0" index="2" bw="10" slack="0"/>
<pin id="599" dir="0" index="3" bw="10" slack="0"/>
<pin id="600" dir="1" index="4" bw="16" slack="1"/>
</pin_list>
<bind>
<opcode="partselect(1002) " fcode="partselect"/>
<opset="trunc_ln44_26/1 "/>
</bind>
</comp>

<comp id="605" class="1004" name="trunc_ln44_56_fu_605">
<pin_list>
<pin id="606" dir="0" index="0" bw="15" slack="0"/>
<pin id="607" dir="0" index="1" bw="512" slack="0"/>
<pin id="608" dir="0" index="2" bw="10" slack="0"/>
<pin id="609" dir="0" index="3" bw="10" slack="0"/>
<pin id="610" dir="1" index="4" bw="15" slack="1"/>
</pin_list>
<bind>
<opcode="partselect(1002) " fcode="partselect"/>
<opset="trunc_ln44_56/1 "/>
</bind>
</comp>

<comp id="615" class="1004" name="trunc_ln44_27_fu_615">
<pin_list>
<pin id="616" dir="0" index="0" bw="16" slack="0"/>
<pin id="617" dir="0" index="1" bw="512" slack="0"/>
<pin id="618" dir="0" index="2" bw="10" slack="0"/>
<pin id="619" dir="0" index="3" bw="10" slack="0"/>
<pin id="620" dir="1" index="4" bw="16" slack="1"/>
</pin_list>
<bind>
<opcode="partselect(1002) " fcode="partselect"/>
<opset="trunc_ln44_27/1 "/>
</bind>
</comp>

<comp id="625" class="1004" name="trunc_ln44_57_fu_625">
<pin_list>
<pin id="626" dir="0" index="0" bw="15" slack="0"/>
<pin id="627" dir="0" index="1" bw="512" slack="0"/>
<pin id="628" dir="0" index="2" bw="10" slack="0"/>
<pin id="629" dir="0" index="3" bw="10" slack="0"/>
<pin id="630" dir="1" index="4" bw="15" slack="1"/>
</pin_list>
<bind>
<opcode="partselect(1002) " fcode="partselect"/>
<opset="trunc_ln44_57/1 "/>
</bind>
</comp>

<comp id="635" class="1004" name="trunc_ln44_28_fu_635">
<pin_list>
<pin id="636" dir="0" index="0" bw="16" slack="0"/>
<pin id="637" dir="0" index="1" bw="512" slack="0"/>
<pin id="638" dir="0" index="2" bw="10" slack="0"/>
<pin id="639" dir="0" index="3" bw="10" slack="0"/>
<pin id="640" dir="1" index="4" bw="16" slack="1"/>
</pin_list>
<bind>
<opcode="partselect(1002) " fcode="partselect"/>
<opset="trunc_ln44_28/1 "/>
</bind>
</comp>

<comp id="645" class="1004" name="trunc_ln44_58_fu_645">
<pin_list>
<pin id="646" dir="0" index="0" bw="15" slack="0"/>
<pin id="647" dir="0" index="1" bw="512" slack="0"/>
<pin id="648" dir="0" index="2" bw="10" slack="0"/>
<pin id="649" dir="0" index="3" bw="10" slack="0"/>
<pin id="650" dir="1" index="4" bw="15" slack="1"/>
</pin_list>
<bind>
<opcode="partselect(1002) " fcode="partselect"/>
<opset="trunc_ln44_58/1 "/>
</bind>
</comp>

<comp id="655" class="1004" name="trunc_ln44_29_fu_655">
<pin_list>
<pin id="656" dir="0" index="0" bw="16" slack="0"/>
<pin id="657" dir="0" index="1" bw="512" slack="0"/>
<pin id="658" dir="0" index="2" bw="10" slack="0"/>
<pin id="659" dir="0" index="3" bw="10" slack="0"/>
<pin id="660" dir="1" index="4" bw="16" slack="1"/>
</pin_list>
<bind>
<opcode="partselect(1002) " fcode="partselect"/>
<opset="trunc_ln44_29/1 "/>
</bind>
</comp>

<comp id="665" class="1004" name="trunc_ln44_59_fu_665">
<pin_list>
<pin id="666" dir="0" index="0" bw="15" slack="0"/>
<pin id="667" dir="0" index="1" bw="512" slack="0"/>
<pin id="668" dir="0" index="2" bw="10" slack="0"/>
<pin id="669" dir="0" index="3" bw="10" slack="0"/>
<pin id="670" dir="1" index="4" bw="15" slack="1"/>
</pin_list>
<bind>
<opcode="partselect(1002) " fcode="partselect"/>
<opset="trunc_ln44_59/1 "/>
</bind>
</comp>

<comp id="675" class="1004" name="trunc_ln44_30_fu_675">
<pin_list>
<pin id="676" dir="0" index="0" bw="16" slack="0"/>
<pin id="677" dir="0" index="1" bw="512" slack="0"/>
<pin id="678" dir="0" index="2" bw="10" slack="0"/>
<pin id="679" dir="0" index="3" bw="10" slack="0"/>
<pin id="680" dir="1" index="4" bw="16" slack="1"/>
</pin_list>
<bind>
<opcode="partselect(1002) " fcode="partselect"/>
<opset="trunc_ln44_30/1 "/>
</bind>
</comp>

<comp id="685" class="1004" name="trunc_ln44_60_fu_685">
<pin_list>
<pin id="686" dir="0" index="0" bw="15" slack="0"/>
<pin id="687" dir="0" index="1" bw="512" slack="0"/>
<pin id="688" dir="0" index="2" bw="10" slack="0"/>
<pin id="689" dir="0" index="3" bw="10" slack="0"/>
<pin id="690" dir="1" index="4" bw="15" slack="1"/>
</pin_list>
<bind>
<opcode="partselect(1002) " fcode="partselect"/>
<opset="trunc_ln44_60/1 "/>
</bind>
</comp>

<comp id="695" class="1004" name="trunc_ln44_31_fu_695">
<pin_list>
<pin id="696" dir="0" index="0" bw="16" slack="0"/>
<pin id="697" dir="0" index="1" bw="512" slack="0"/>
<pin id="698" dir="0" index="2" bw="10" slack="0"/>
<pin id="699" dir="0" index="3" bw="10" slack="0"/>
<pin id="700" dir="1" index="4" bw="16" slack="1"/>
</pin_list>
<bind>
<opcode="partselect(1002) " fcode="partselect"/>
<opset="trunc_ln44_31/1 "/>
</bind>
</comp>

<comp id="705" class="1004" name="trunc_ln44_61_fu_705">
<pin_list>
<pin id="706" dir="0" index="0" bw="15" slack="0"/>
<pin id="707" dir="0" index="1" bw="512" slack="0"/>
<pin id="708" dir="0" index="2" bw="10" slack="0"/>
<pin id="709" dir="0" index="3" bw="10" slack="0"/>
<pin id="710" dir="1" index="4" bw="15" slack="1"/>
</pin_list>
<bind>
<opcode="partselect(1002) " fcode="partselect"/>
<opset="trunc_ln44_61/1 "/>
</bind>
</comp>

<comp id="715" class="1004" name="trunc_ln44_32_fu_715">
<pin_list>
<pin id="716" dir="0" index="0" bw="16" slack="0"/>
<pin id="717" dir="0" index="1" bw="512" slack="0"/>
<pin id="718" dir="0" index="2" bw="10" slack="0"/>
<pin id="719" dir="0" index="3" bw="10" slack="0"/>
<pin id="720" dir="1" index="4" bw="16" slack="1"/>
</pin_list>
<bind>
<opcode="partselect(1002) " fcode="partselect"/>
<opset="trunc_ln44_32/1 "/>
</bind>
</comp>

<comp id="725" class="1004" name="trunc_ln44_62_fu_725">
<pin_list>
<pin id="726" dir="0" index="0" bw="15" slack="0"/>
<pin id="727" dir="0" index="1" bw="512" slack="0"/>
<pin id="728" dir="0" index="2" bw="10" slack="0"/>
<pin id="729" dir="0" index="3" bw="10" slack="0"/>
<pin id="730" dir="1" index="4" bw="15" slack="1"/>
</pin_list>
<bind>
<opcode="partselect(1002) " fcode="partselect"/>
<opset="trunc_ln44_62/1 "/>
</bind>
</comp>

<comp id="735" class="1004" name="trunc_ln44_33_fu_735">
<pin_list>
<pin id="736" dir="0" index="0" bw="16" slack="0"/>
<pin id="737" dir="0" index="1" bw="512" slack="0"/>
<pin id="738" dir="0" index="2" bw="10" slack="0"/>
<pin id="739" dir="0" index="3" bw="10" slack="0"/>
<pin id="740" dir="1" index="4" bw="16" slack="1"/>
</pin_list>
<bind>
<opcode="partselect(1002) " fcode="partselect"/>
<opset="trunc_ln44_33/1 "/>
</bind>
</comp>

<comp id="745" class="1004" name="trunc_ln44_63_fu_745">
<pin_list>
<pin id="746" dir="0" index="0" bw="15" slack="0"/>
<pin id="747" dir="0" index="1" bw="512" slack="0"/>
<pin id="748" dir="0" index="2" bw="10" slack="0"/>
<pin id="749" dir="0" index="3" bw="10" slack="0"/>
<pin id="750" dir="1" index="4" bw="15" slack="1"/>
</pin_list>
<bind>
<opcode="partselect(1002) " fcode="partselect"/>
<opset="trunc_ln44_63/1 "/>
</bind>
</comp>

<comp id="755" class="1004" name="trunc_ln44_34_fu_755">
<pin_list>
<pin id="756" dir="0" index="0" bw="16" slack="0"/>
<pin id="757" dir="0" index="1" bw="512" slack="0"/>
<pin id="758" dir="0" index="2" bw="10" slack="0"/>
<pin id="759" dir="0" index="3" bw="10" slack="0"/>
<pin id="760" dir="1" index="4" bw="16" slack="1"/>
</pin_list>
<bind>
<opcode="partselect(1002) " fcode="partselect"/>
<opset="trunc_ln44_34/1 "/>
</bind>
</comp>

<comp id="765" class="1004" name="trunc_ln44_64_fu_765">
<pin_list>
<pin id="766" dir="0" index="0" bw="15" slack="0"/>
<pin id="767" dir="0" index="1" bw="512" slack="0"/>
<pin id="768" dir="0" index="2" bw="10" slack="0"/>
<pin id="769" dir="0" index="3" bw="10" slack="0"/>
<pin id="770" dir="1" index="4" bw="15" slack="1"/>
</pin_list>
<bind>
<opcode="partselect(1002) " fcode="partselect"/>
<opset="trunc_ln44_64/1 "/>
</bind>
</comp>

<comp id="775" class="1004" name="trunc_ln44_35_fu_775">
<pin_list>
<pin id="776" dir="0" index="0" bw="16" slack="0"/>
<pin id="777" dir="0" index="1" bw="512" slack="0"/>
<pin id="778" dir="0" index="2" bw="10" slack="0"/>
<pin id="779" dir="0" index="3" bw="10" slack="0"/>
<pin id="780" dir="1" index="4" bw="16" slack="1"/>
</pin_list>
<bind>
<opcode="partselect(1002) " fcode="partselect"/>
<opset="trunc_ln44_35/1 "/>
</bind>
</comp>

<comp id="785" class="1004" name="trunc_ln44_65_fu_785">
<pin_list>
<pin id="786" dir="0" index="0" bw="15" slack="0"/>
<pin id="787" dir="0" index="1" bw="512" slack="0"/>
<pin id="788" dir="0" index="2" bw="10" slack="0"/>
<pin id="789" dir="0" index="3" bw="10" slack="0"/>
<pin id="790" dir="1" index="4" bw="15" slack="1"/>
</pin_list>
<bind>
<opcode="partselect(1002) " fcode="partselect"/>
<opset="trunc_ln44_65/1 "/>
</bind>
</comp>

<comp id="795" class="1004" name="trunc_ln44_36_fu_795">
<pin_list>
<pin id="796" dir="0" index="0" bw="16" slack="0"/>
<pin id="797" dir="0" index="1" bw="512" slack="0"/>
<pin id="798" dir="0" index="2" bw="10" slack="0"/>
<pin id="799" dir="0" index="3" bw="10" slack="0"/>
<pin id="800" dir="1" index="4" bw="16" slack="1"/>
</pin_list>
<bind>
<opcode="partselect(1002) " fcode="partselect"/>
<opset="trunc_ln44_36/1 "/>
</bind>
</comp>

<comp id="805" class="1004" name="trunc_ln44_66_fu_805">
<pin_list>
<pin id="806" dir="0" index="0" bw="15" slack="0"/>
<pin id="807" dir="0" index="1" bw="512" slack="0"/>
<pin id="808" dir="0" index="2" bw="10" slack="0"/>
<pin id="809" dir="0" index="3" bw="10" slack="0"/>
<pin id="810" dir="1" index="4" bw="15" slack="1"/>
</pin_list>
<bind>
<opcode="partselect(1002) " fcode="partselect"/>
<opset="trunc_ln44_66/1 "/>
</bind>
</comp>

<comp id="815" class="1004" name="trunc_ln44_37_fu_815">
<pin_list>
<pin id="816" dir="0" index="0" bw="16" slack="0"/>
<pin id="817" dir="0" index="1" bw="512" slack="0"/>
<pin id="818" dir="0" index="2" bw="10" slack="0"/>
<pin id="819" dir="0" index="3" bw="10" slack="0"/>
<pin id="820" dir="1" index="4" bw="16" slack="1"/>
</pin_list>
<bind>
<opcode="partselect(1002) " fcode="partselect"/>
<opset="trunc_ln44_37/1 "/>
</bind>
</comp>

<comp id="825" class="1004" name="trunc_ln44_67_fu_825">
<pin_list>
<pin id="826" dir="0" index="0" bw="15" slack="0"/>
<pin id="827" dir="0" index="1" bw="512" slack="0"/>
<pin id="828" dir="0" index="2" bw="10" slack="0"/>
<pin id="829" dir="0" index="3" bw="10" slack="0"/>
<pin id="830" dir="1" index="4" bw="15" slack="1"/>
</pin_list>
<bind>
<opcode="partselect(1002) " fcode="partselect"/>
<opset="trunc_ln44_67/1 "/>
</bind>
</comp>

<comp id="835" class="1004" name="trunc_ln44_38_fu_835">
<pin_list>
<pin id="836" dir="0" index="0" bw="16" slack="0"/>
<pin id="837" dir="0" index="1" bw="512" slack="0"/>
<pin id="838" dir="0" index="2" bw="10" slack="0"/>
<pin id="839" dir="0" index="3" bw="10" slack="0"/>
<pin id="840" dir="1" index="4" bw="16" slack="1"/>
</pin_list>
<bind>
<opcode="partselect(1002) " fcode="partselect"/>
<opset="trunc_ln44_38/1 "/>
</bind>
</comp>

<comp id="845" class="1004" name="trunc_ln2_fu_845">
<pin_list>
<pin id="846" dir="0" index="0" bw="15" slack="0"/>
<pin id="847" dir="0" index="1" bw="512" slack="0"/>
<pin id="848" dir="0" index="2" bw="10" slack="0"/>
<pin id="849" dir="0" index="3" bw="10" slack="0"/>
<pin id="850" dir="1" index="4" bw="15" slack="1"/>
</pin_list>
<bind>
<opcode="partselect(1002) " fcode="partselect"/>
<opset="trunc_ln2/1 "/>
</bind>
</comp>

<comp id="855" class="1004" name="icmp_ln51_fu_855">
<pin_list>
<pin id="856" dir="0" index="0" bw="16" slack="1"/>
<pin id="857" dir="0" index="1" bw="1" slack="0"/>
<pin id="858" dir="1" index="2" bw="1" slack="0"/>
</pin_list>
<bind>
<opcode="icmp(45) " fcode="icmp"/>
<opset="icmp_ln51/2 "/>
</bind>
</comp>

<comp id="860" class="1004" name="select_ln51_fu_860">
<pin_list>
<pin id="861" dir="0" index="0" bw="1" slack="0"/>
<pin id="862" dir="0" index="1" bw="15" slack="1"/>
<pin id="863" dir="0" index="2" bw="1" slack="0"/>
<pin id="864" dir="1" index="3" bw="15" slack="1"/>
</pin_list>
<bind>
<opcode="select(49) " fcode="select"/>
<opset="select_ln51/2 "/>
</bind>
</comp>

<comp id="867" class="1004" name="icmp_ln51_8_fu_867">
<pin_list>
<pin id="868" dir="0" index="0" bw="16" slack="1"/>
<pin id="869" dir="0" index="1" bw="1" slack="0"/>
<pin id="870" dir="1" index="2" bw="1" slack="0"/>
</pin_list>
<bind>
<opcode="icmp(45) " fcode="icmp"/>
<opset="icmp_ln51_8/2 "/>
</bind>
</comp>

<comp id="872" class="1004" name="select_ln51_8_fu_872">
<pin_list>
<pin id="873" dir="0" index="0" bw="1" slack="0"/>
<pin id="874" dir="0" index="1" bw="15" slack="1"/>
<pin id="875" dir="0" index="2" bw="1" slack="0"/>
<pin id="876" dir="1" index="3" bw="15" slack="1"/>
</pin_list>
<bind>
<opcode="select(49) " fcode="select"/>
<opset="select_ln51_8/2 "/>
</bind>
</comp>

<comp id="879" class="1004" name="icmp_ln51_9_fu_879">
<pin_list>
<pin id="880" dir="0" index="0" bw="16" slack="1"/>
<pin id="881" dir="0" index="1" bw="1" slack="0"/>
<pin id="882" dir="1" index="2" bw="1" slack="0"/>
</pin_list>
<bind>
<opcode="icmp(45) " fcode="icmp"/>
<opset="icmp_ln51_9/2 "/>
</bind>
</comp>

<comp id="884" class="1004" name="select_ln51_9_fu_884">
<pin_list>
<pin id="885" dir="0" index="0" bw="1" slack="0"/>
<pin id="886" dir="0" index="1" bw="15" slack="1"/>
<pin id="887" dir="0" index="2" bw="1" slack="0"/>
<pin id="888" dir="1" index="3" bw="15" slack="1"/>
</pin_list>
<bind>
<opcode="select(49) " fcode="select"/>
<opset="select_ln51_9/2 "/>
</bind>
</comp>

<comp id="891" class="1004" name="icmp_ln51_10_fu_891">
<pin_list>
<pin id="892" dir="0" index="0" bw="16" slack="1"/>
<pin id="893" dir="0" index="1" bw="1" slack="0"/>
<pin id="894" dir="1" index="2" bw="1" slack="0"/>
</pin_list>
<bind>
<opcode="icmp(45) " fcode="icmp"/>
<opset="icmp_ln51_10/2 "/>
</bind>
</comp>

<comp id="896" class="1004" name="select_ln51_10_fu_896">
<pin_list>
<pin id="897" dir="0" index="0" bw="1" slack="0"/>
<pin id="898" dir="0" index="1" bw="15" slack="1"/>
<pin id="899" dir="0" index="2" bw="1" slack="0"/>
<pin id="900" dir="1" index="3" bw="15" slack="1"/>
</pin_list>
<bind>
<opcode="select(49) " fcode="select"/>
<opset="select_ln51_10/2 "/>
</bind>
</comp>

<comp id="903" class="1004" name="icmp_ln51_11_fu_903">
<pin_list>
<pin id="904" dir="0" index="0" bw="16" slack="1"/>
<pin id="905" dir="0" index="1" bw="1" slack="0"/>
<pin id="906" dir="1" index="2" bw="1" slack="0"/>
</pin_list>
<bind>
<opcode="icmp(45) " fcode="icmp"/>
<opset="icmp_ln51_11/2 "/>
</bind>
</comp>

<comp id="908" class="1004" name="select_ln51_11_fu_908">
<pin_list>
<pin id="909" dir="0" index="0" bw="1" slack="0"/>
<pin id="910" dir="0" index="1" bw="15" slack="1"/>
<pin id="911" dir="0" index="2" bw="1" slack="0"/>
<pin id="912" dir="1" index="3" bw="15" slack="1"/>
</pin_list>
<bind>
<opcode="select(49) " fcode="select"/>
<opset="select_ln51_11/2 "/>
</bind>
</comp>

<comp id="915" class="1004" name="icmp_ln51_12_fu_915">
<pin_list>
<pin id="916" dir="0" index="0" bw="16" slack="1"/>
<pin id="917" dir="0" index="1" bw="1" slack="0"/>
<pin id="918" dir="1" index="2" bw="1" slack="0"/>
</pin_list>
<bind>
<opcode="icmp(45) " fcode="icmp"/>
<opset="icmp_ln51_12/2 "/>
</bind>
</comp>

<comp id="920" class="1004" name="select_ln51_12_fu_920">
<pin_list>
<pin id="921" dir="0" index="0" bw="1" slack="0"/>
<pin id="922" dir="0" index="1" bw="15" slack="1"/>
<pin id="923" dir="0" index="2" bw="1" slack="0"/>
<pin id="924" dir="1" index="3" bw="15" slack="1"/>
</pin_list>
<bind>
<opcode="select(49) " fcode="select"/>
<opset="select_ln51_12/2 "/>
</bind>
</comp>

<comp id="927" class="1004" name="icmp_ln51_13_fu_927">
<pin_list>
<pin id="928" dir="0" index="0" bw="16" slack="1"/>
<pin id="929" dir="0" index="1" bw="1" slack="0"/>
<pin id="930" dir="1" index="2" bw="1" slack="0"/>
</pin_list>
<bind>
<opcode="icmp(45) " fcode="icmp"/>
<opset="icmp_ln51_13/2 "/>
</bind>
</comp>

<comp id="932" class="1004" name="select_ln51_13_fu_932">
<pin_list>
<pin id="933" dir="0" index="0" bw="1" slack="0"/>
<pin id="934" dir="0" index="1" bw="15" slack="1"/>
<pin id="935" dir="0" index="2" bw="1" slack="0"/>
<pin id="936" dir="1" index="3" bw="15" slack="1"/>
</pin_list>
<bind>
<opcode="select(49) " fcode="select"/>
<opset="select_ln51_13/2 "/>
</bind>
</comp>

<comp id="939" class="1004" name="icmp_ln51_14_fu_939">
<pin_list>
<pin id="940" dir="0" index="0" bw="16" slack="1"/>
<pin id="941" dir="0" index="1" bw="1" slack="0"/>
<pin id="942" dir="1" index="2" bw="1" slack="0"/>
</pin_list>
<bind>
<opcode="icmp(45) " fcode="icmp"/>
<opset="icmp_ln51_14/2 "/>
</bind>
</comp>

<comp id="944" class="1004" name="select_ln51_14_fu_944">
<pin_list>
<pin id="945" dir="0" index="0" bw="1" slack="0"/>
<pin id="946" dir="0" index="1" bw="15" slack="1"/>
<pin id="947" dir="0" index="2" bw="1" slack="0"/>
<pin id="948" dir="1" index="3" bw="15" slack="1"/>
</pin_list>
<bind>
<opcode="select(49) " fcode="select"/>
<opset="select_ln51_14/2 "/>
</bind>
</comp>

<comp id="951" class="1004" name="icmp_ln51_15_fu_951">
<pin_list>
<pin id="952" dir="0" index="0" bw="16" slack="1"/>
<pin id="953" dir="0" index="1" bw="1" slack="0"/>
<pin id="954" dir="1" index="2" bw="1" slack="0"/>
</pin_list>
<bind>
<opcode="icmp(45) " fcode="icmp"/>
<opset="icmp_ln51_15/2 "/>
</bind>
</comp>

<comp id="956" class="1004" name="select_ln51_15_fu_956">
<pin_list>
<pin id="957" dir="0" index="0" bw="1" slack="0"/>
<pin id="958" dir="0" index="1" bw="15" slack="1"/>
<pin id="959" dir="0" index="2" bw="1" slack="0"/>
<pin id="960" dir="1" index="3" bw="15" slack="1"/>
</pin_list>
<bind>
<opcode="select(49) " fcode="select"/>
<opset="select_ln51_15/2 "/>
</bind>
</comp>

<comp id="963" class="1004" name="icmp_ln51_16_fu_963">
<pin_list>
<pin id="964" dir="0" index="0" bw="16" slack="1"/>
<pin id="965" dir="0" index="1" bw="1" slack="0"/>
<pin id="966" dir="1" index="2" bw="1" slack="0"/>
</pin_list>
<bind>
<opcode="icmp(45) " fcode="icmp"/>
<opset="icmp_ln51_16/2 "/>
</bind>
</comp>

<comp id="968" class="1004" name="select_ln51_16_fu_968">
<pin_list>
<pin id="969" dir="0" index="0" bw="1" slack="0"/>
<pin id="970" dir="0" index="1" bw="15" slack="1"/>
<pin id="971" dir="0" index="2" bw="1" slack="0"/>
<pin id="972" dir="1" index="3" bw="15" slack="1"/>
</pin_list>
<bind>
<opcode="select(49) " fcode="select"/>
<opset="select_ln51_16/2 "/>
</bind>
</comp>

<comp id="975" class="1004" name="icmp_ln51_17_fu_975">
<pin_list>
<pin id="976" dir="0" index="0" bw="16" slack="1"/>
<pin id="977" dir="0" index="1" bw="1" slack="0"/>
<pin id="978" dir="1" index="2" bw="1" slack="0"/>
</pin_list>
<bind>
<opcode="icmp(45) " fcode="icmp"/>
<opset="icmp_ln51_17/2 "/>
</bind>
</comp>

<comp id="980" class="1004" name="select_ln51_17_fu_980">
<pin_list>
<pin id="981" dir="0" index="0" bw="1" slack="0"/>
<pin id="982" dir="0" index="1" bw="15" slack="1"/>
<pin id="983" dir="0" index="2" bw="1" slack="0"/>
<pin id="984" dir="1" index="3" bw="15" slack="1"/>
</pin_list>
<bind>
<opcode="select(49) " fcode="select"/>
<opset="select_ln51_17/2 "/>
</bind>
</comp>

<comp id="987" class="1004" name="icmp_ln51_18_fu_987">
<pin_list>
<pin id="988" dir="0" index="0" bw="16" slack="1"/>
<pin id="989" dir="0" index="1" bw="1" slack="0"/>
<pin id="990" dir="1" index="2" bw="1" slack="0"/>
</pin_list>
<bind>
<opcode="icmp(45) " fcode="icmp"/>
<opset="icmp_ln51_18/2 "/>
</bind>
</comp>

<comp id="992" class="1004" name="select_ln51_18_fu_992">
<pin_list>
<pin id="993" dir="0" index="0" bw="1" slack="0"/>
<pin id="994" dir="0" index="1" bw="15" slack="1"/>
<pin id="995" dir="0" index="2" bw="1" slack="0"/>
<pin id="996" dir="1" index="3" bw="15" slack="1"/>
</pin_list>
<bind>
<opcode="select(49) " fcode="select"/>
<opset="select_ln51_18/2 "/>
</bind>
</comp>

<comp id="999" class="1004" name="icmp_ln51_19_fu_999">
<pin_list>
<pin id="1000" dir="0" index="0" bw="16" slack="1"/>
<pin id="1001" dir="0" index="1" bw="1" slack="0"/>
<pin id="1002" dir="1" index="2" bw="1" slack="0"/>
</pin_list>
<bind>
<opcode="icmp(45) " fcode="icmp"/>
<opset="icmp_ln51_19/2 "/>
</bind>
</comp>

<comp id="1004" class="1004" name="select_ln51_19_fu_1004">
<pin_list>
<pin id="1005" dir="0" index="0" bw="1" slack="0"/>
<pin id="1006" dir="0" index="1" bw="15" slack="1"/>
<pin id="1007" dir="0" index="2" bw="1" slack="0"/>
<pin id="1008" dir="1" index="3" bw="15" slack="1"/>
</pin_list>
<bind>
<opcode="select(49) " fcode="select"/>
<opset="select_ln51_19/2 "/>
</bind>
</comp>

<comp id="1011" class="1004" name="icmp_ln51_20_fu_1011">
<pin_list>
<pin id="1012" dir="0" index="0" bw="16" slack="1"/>
<pin id="1013" dir="0" index="1" bw="1" slack="0"/>
<pin id="1014" dir="1" index="2" bw="1" slack="0"/>
</pin_list>
<bind>
<opcode="icmp(45) " fcode="icmp"/>
<opset="icmp_ln51_20/2 "/>
</bind>
</comp>

<comp id="1016" class="1004" name="select_ln51_20_fu_1016">
<pin_list>
<pin id="1017" dir="0" index="0" bw="1" slack="0"/>
<pin id="1018" dir="0" index="1" bw="15" slack="1"/>
<pin id="1019" dir="0" index="2" bw="1" slack="0"/>
<pin id="1020" dir="1" index="3" bw="15" slack="1"/>
</pin_list>
<bind>
<opcode="select(49) " fcode="select"/>
<opset="select_ln51_20/2 "/>
</bind>
</comp>

<comp id="1023" class="1004" name="icmp_ln51_21_fu_1023">
<pin_list>
<pin id="1024" dir="0" index="0" bw="16" slack="1"/>
<pin id="1025" dir="0" index="1" bw="1" slack="0"/>
<pin id="1026" dir="1" index="2" bw="1" slack="0"/>
</pin_list>
<bind>
<opcode="icmp(45) " fcode="icmp"/>
<opset="icmp_ln51_21/2 "/>
</bind>
</comp>

<comp id="1028" class="1004" name="select_ln51_21_fu_1028">
<pin_list>
<pin id="1029" dir="0" index="0" bw="1" slack="0"/>
<pin id="1030" dir="0" index="1" bw="15" slack="1"/>
<pin id="1031" dir="0" index="2" bw="1" slack="0"/>
<pin id="1032" dir="1" index="3" bw="15" slack="1"/>
</pin_list>
<bind>
<opcode="select(49) " fcode="select"/>
<opset="select_ln51_21/2 "/>
</bind>
</comp>

<comp id="1035" class="1004" name="icmp_ln51_22_fu_1035">
<pin_list>
<pin id="1036" dir="0" index="0" bw="16" slack="1"/>
<pin id="1037" dir="0" index="1" bw="1" slack="0"/>
<pin id="1038" dir="1" index="2" bw="1" slack="0"/>
</pin_list>
<bind>
<opcode="icmp(45) " fcode="icmp"/>
<opset="icmp_ln51_22/2 "/>
</bind>
</comp>

<comp id="1040" class="1004" name="select_ln51_22_fu_1040">
<pin_list>
<pin id="1041" dir="0" index="0" bw="1" slack="0"/>
<pin id="1042" dir="0" index="1" bw="15" slack="1"/>
<pin id="1043" dir="0" index="2" bw="1" slack="0"/>
<pin id="1044" dir="1" index="3" bw="15" slack="1"/>
</pin_list>
<bind>
<opcode="select(49) " fcode="select"/>
<opset="select_ln51_22/2 "/>
</bind>
</comp>

<comp id="1047" class="1004" name="icmp_ln51_23_fu_1047">
<pin_list>
<pin id="1048" dir="0" index="0" bw="16" slack="1"/>
<pin id="1049" dir="0" index="1" bw="1" slack="0"/>
<pin id="1050" dir="1" index="2" bw="1" slack="0"/>
</pin_list>
<bind>
<opcode="icmp(45) " fcode="icmp"/>
<opset="icmp_ln51_23/2 "/>
</bind>
</comp>

<comp id="1052" class="1004" name="select_ln51_23_fu_1052">
<pin_list>
<pin id="1053" dir="0" index="0" bw="1" slack="0"/>
<pin id="1054" dir="0" index="1" bw="15" slack="1"/>
<pin id="1055" dir="0" index="2" bw="1" slack="0"/>
<pin id="1056" dir="1" index="3" bw="15" slack="1"/>
</pin_list>
<bind>
<opcode="select(49) " fcode="select"/>
<opset="select_ln51_23/2 "/>
</bind>
</comp>

<comp id="1059" class="1004" name="icmp_ln51_24_fu_1059">
<pin_list>
<pin id="1060" dir="0" index="0" bw="16" slack="1"/>
<pin id="1061" dir="0" index="1" bw="1" slack="0"/>
<pin id="1062" dir="1" index="2" bw="1" slack="0"/>
</pin_list>
<bind>
<opcode="icmp(45) " fcode="icmp"/>
<opset="icmp_ln51_24/2 "/>
</bind>
</comp>

<comp id="1064" class="1004" name="select_ln51_24_fu_1064">
<pin_list>
<pin id="1065" dir="0" index="0" bw="1" slack="0"/>
<pin id="1066" dir="0" index="1" bw="15" slack="1"/>
<pin id="1067" dir="0" index="2" bw="1" slack="0"/>
<pin id="1068" dir="1" index="3" bw="15" slack="1"/>
</pin_list>
<bind>
<opcode="select(49) " fcode="select"/>
<opset="select_ln51_24/2 "/>
</bind>
</comp>

<comp id="1071" class="1004" name="icmp_ln51_25_fu_1071">
<pin_list>
<pin id="1072" dir="0" index="0" bw="16" slack="1"/>
<pin id="1073" dir="0" index="1" bw="1" slack="0"/>
<pin id="1074" dir="1" index="2" bw="1" slack="0"/>
</pin_list>
<bind>
<opcode="icmp(45) " fcode="icmp"/>
<opset="icmp_ln51_25/2 "/>
</bind>
</comp>

<comp id="1076" class="1004" name="select_ln51_25_fu_1076">
<pin_list>
<pin id="1077" dir="0" index="0" bw="1" slack="0"/>
<pin id="1078" dir="0" index="1" bw="15" slack="1"/>
<pin id="1079" dir="0" index="2" bw="1" slack="0"/>
<pin id="1080" dir="1" index="3" bw="15" slack="1"/>
</pin_list>
<bind>
<opcode="select(49) " fcode="select"/>
<opset="select_ln51_25/2 "/>
</bind>
</comp>

<comp id="1083" class="1004" name="icmp_ln51_26_fu_1083">
<pin_list>
<pin id="1084" dir="0" index="0" bw="16" slack="1"/>
<pin id="1085" dir="0" index="1" bw="1" slack="0"/>
<pin id="1086" dir="1" index="2" bw="1" slack="0"/>
</pin_list>
<bind>
<opcode="icmp(45) " fcode="icmp"/>
<opset="icmp_ln51_26/2 "/>
</bind>
</comp>

<comp id="1088" class="1004" name="select_ln51_26_fu_1088">
<pin_list>
<pin id="1089" dir="0" index="0" bw="1" slack="0"/>
<pin id="1090" dir="0" index="1" bw="15" slack="1"/>
<pin id="1091" dir="0" index="2" bw="1" slack="0"/>
<pin id="1092" dir="1" index="3" bw="15" slack="1"/>
</pin_list>
<bind>
<opcode="select(49) " fcode="select"/>
<opset="select_ln51_26/2 "/>
</bind>
</comp>

<comp id="1095" class="1004" name="icmp_ln51_27_fu_1095">
<pin_list>
<pin id="1096" dir="0" index="0" bw="16" slack="1"/>
<pin id="1097" dir="0" index="1" bw="1" slack="0"/>
<pin id="1098" dir="1" index="2" bw="1" slack="0"/>
</pin_list>
<bind>
<opcode="icmp(45) " fcode="icmp"/>
<opset="icmp_ln51_27/2 "/>
</bind>
</comp>

<comp id="1100" class="1004" name="select_ln51_27_fu_1100">
<pin_list>
<pin id="1101" dir="0" index="0" bw="1" slack="0"/>
<pin id="1102" dir="0" index="1" bw="15" slack="1"/>
<pin id="1103" dir="0" index="2" bw="1" slack="0"/>
<pin id="1104" dir="1" index="3" bw="15" slack="1"/>
</pin_list>
<bind>
<opcode="select(49) " fcode="select"/>
<opset="select_ln51_27/2 "/>
</bind>
</comp>

<comp id="1107" class="1004" name="icmp_ln51_28_fu_1107">
<pin_list>
<pin id="1108" dir="0" index="0" bw="16" slack="1"/>
<pin id="1109" dir="0" index="1" bw="1" slack="0"/>
<pin id="1110" dir="1" index="2" bw="1" slack="0"/>
</pin_list>
<bind>
<opcode="icmp(45) " fcode="icmp"/>
<opset="icmp_ln51_28/2 "/>
</bind>
</comp>

<comp id="1112" class="1004" name="select_ln51_28_fu_1112">
<pin_list>
<pin id="1113" dir="0" index="0" bw="1" slack="0"/>
<pin id="1114" dir="0" index="1" bw="15" slack="1"/>
<pin id="1115" dir="0" index="2" bw="1" slack="0"/>
<pin id="1116" dir="1" index="3" bw="15" slack="1"/>
</pin_list>
<bind>
<opcode="select(49) " fcode="select"/>
<opset="select_ln51_28/2 "/>
</bind>
</comp>

<comp id="1119" class="1004" name="icmp_ln51_29_fu_1119">
<pin_list>
<pin id="1120" dir="0" index="0" bw="16" slack="1"/>
<pin id="1121" dir="0" index="1" bw="1" slack="0"/>
<pin id="1122" dir="1" index="2" bw="1" slack="0"/>
</pin_list>
<bind>
<opcode="icmp(45) " fcode="icmp"/>
<opset="icmp_ln51_29/2 "/>
</bind>
</comp>

<comp id="1124" class="1004" name="select_ln51_29_fu_1124">
<pin_list>
<pin id="1125" dir="0" index="0" bw="1" slack="0"/>
<pin id="1126" dir="0" index="1" bw="15" slack="1"/>
<pin id="1127" dir="0" index="2" bw="1" slack="0"/>
<pin id="1128" dir="1" index="3" bw="15" slack="1"/>
</pin_list>
<bind>
<opcode="select(49) " fcode="select"/>
<opset="select_ln51_29/2 "/>
</bind>
</comp>

<comp id="1131" class="1004" name="icmp_ln51_30_fu_1131">
<pin_list>
<pin id="1132" dir="0" index="0" bw="16" slack="1"/>
<pin id="1133" dir="0" index="1" bw="1" slack="0"/>
<pin id="1134" dir="1" index="2" bw="1" slack="0"/>
</pin_list>
<bind>
<opcode="icmp(45) " fcode="icmp"/>
<opset="icmp_ln51_30/2 "/>
</bind>
</comp>

<comp id="1136" class="1004" name="select_ln51_30_fu_1136">
<pin_list>
<pin id="1137" dir="0" index="0" bw="1" slack="0"/>
<pin id="1138" dir="0" index="1" bw="15" slack="1"/>
<pin id="1139" dir="0" index="2" bw="1" slack="0"/>
<pin id="1140" dir="1" index="3" bw="15" slack="1"/>
</pin_list>
<bind>
<opcode="select(49) " fcode="select"/>
<opset="select_ln51_30/2 "/>
</bind>
</comp>

<comp id="1143" class="1004" name="icmp_ln51_31_fu_1143">
<pin_list>
<pin id="1144" dir="0" index="0" bw="16" slack="1"/>
<pin id="1145" dir="0" index="1" bw="1" slack="0"/>
<pin id="1146" dir="1" index="2" bw="1" slack="0"/>
</pin_list>
<bind>
<opcode="icmp(45) " fcode="icmp"/>
<opset="icmp_ln51_31/2 "/>
</bind>
</comp>

<comp id="1148" class="1004" name="select_ln51_31_fu_1148">
<pin_list>
<pin id="1149" dir="0" index="0" bw="1" slack="0"/>
<pin id="1150" dir="0" index="1" bw="15" slack="1"/>
<pin id="1151" dir="0" index="2" bw="1" slack="0"/>
<pin id="1152" dir="1" index="3" bw="15" slack="1"/>
</pin_list>
<bind>
<opcode="select(49) " fcode="select"/>
<opset="select_ln51_31/2 "/>
</bind>
</comp>

<comp id="1155" class="1004" name="icmp_ln51_32_fu_1155">
<pin_list>
<pin id="1156" dir="0" index="0" bw="16" slack="1"/>
<pin id="1157" dir="0" index="1" bw="1" slack="0"/>
<pin id="1158" dir="1" index="2" bw="1" slack="0"/>
</pin_list>
<bind>
<opcode="icmp(45) " fcode="icmp"/>
<opset="icmp_ln51_32/2 "/>
</bind>
</comp>

<comp id="1160" class="1004" name="select_ln51_32_fu_1160">
<pin_list>
<pin id="1161" dir="0" index="0" bw="1" slack="0"/>
<pin id="1162" dir="0" index="1" bw="15" slack="1"/>
<pin id="1163" dir="0" index="2" bw="1" slack="0"/>
<pin id="1164" dir="1" index="3" bw="15" slack="1"/>
</pin_list>
<bind>
<opcode="select(49) " fcode="select"/>
<opset="select_ln51_32/2 "/>
</bind>
</comp>

<comp id="1167" class="1004" name="icmp_ln51_33_fu_1167">
<pin_list>
<pin id="1168" dir="0" index="0" bw="16" slack="1"/>
<pin id="1169" dir="0" index="1" bw="1" slack="0"/>
<pin id="1170" dir="1" index="2" bw="1" slack="0"/>
</pin_list>
<bind>
<opcode="icmp(45) " fcode="icmp"/>
<opset="icmp_ln51_33/2 "/>
</bind>
</comp>

<comp id="1172" class="1004" name="select_ln51_33_fu_1172">
<pin_list>
<pin id="1173" dir="0" index="0" bw="1" slack="0"/>
<pin id="1174" dir="0" index="1" bw="15" slack="1"/>
<pin id="1175" dir="0" index="2" bw="1" slack="0"/>
<pin id="1176" dir="1" index="3" bw="15" slack="1"/>
</pin_list>
<bind>
<opcode="select(49) " fcode="select"/>
<opset="select_ln51_33/2 "/>
</bind>
</comp>

<comp id="1179" class="1004" name="icmp_ln51_34_fu_1179">
<pin_list>
<pin id="1180" dir="0" index="0" bw="16" slack="1"/>
<pin id="1181" dir="0" index="1" bw="1" slack="0"/>
<pin id="1182" dir="1" index="2" bw="1" slack="0"/>
</pin_list>
<bind>
<opcode="icmp(45) " fcode="icmp"/>
<opset="icmp_ln51_34/2 "/>
</bind>
</comp>

<comp id="1184" class="1004" name="select_ln51_34_fu_1184">
<pin_list>
<pin id="1185" dir="0" index="0" bw="1" slack="0"/>
<pin id="1186" dir="0" index="1" bw="15" slack="1"/>
<pin id="1187" dir="0" index="2" bw="1" slack="0"/>
<pin id="1188" dir="1" index="3" bw="15" slack="1"/>
</pin_list>
<bind>
<opcode="select(49) " fcode="select"/>
<opset="select_ln51_34/2 "/>
</bind>
</comp>

<comp id="1191" class="1004" name="icmp_ln51_35_fu_1191">
<pin_list>
<pin id="1192" dir="0" index="0" bw="16" slack="1"/>
<pin id="1193" dir="0" index="1" bw="1" slack="0"/>
<pin id="1194" dir="1" index="2" bw="1" slack="0"/>
</pin_list>
<bind>
<opcode="icmp(45) " fcode="icmp"/>
<opset="icmp_ln51_35/2 "/>
</bind>
</comp>

<comp id="1196" class="1004" name="select_ln51_35_fu_1196">
<pin_list>
<pin id="1197" dir="0" index="0" bw="1" slack="0"/>
<pin id="1198" dir="0" index="1" bw="15" slack="1"/>
<pin id="1199" dir="0" index="2" bw="1" slack="0"/>
<pin id="1200" dir="1" index="3" bw="15" slack="1"/>
</pin_list>
<bind>
<opcode="select(49) " fcode="select"/>
<opset="select_ln51_35/2 "/>
</bind>
</comp>

<comp id="1203" class="1004" name="icmp_ln51_36_fu_1203">
<pin_list>
<pin id="1204" dir="0" index="0" bw="16" slack="1"/>
<pin id="1205" dir="0" index="1" bw="1" slack="0"/>
<pin id="1206" dir="1" index="2" bw="1" slack="0"/>
</pin_list>
<bind>
<opcode="icmp(45) " fcode="icmp"/>
<opset="icmp_ln51_36/2 "/>
</bind>
</comp>

<comp id="1208" class="1004" name="select_ln51_36_fu_1208">
<pin_list>
<pin id="1209" dir="0" index="0" bw="1" slack="0"/>
<pin id="1210" dir="0" index="1" bw="15" slack="1"/>
<pin id="1211" dir="0" index="2" bw="1" slack="0"/>
<pin id="1212" dir="1" index="3" bw="15" slack="1"/>
</pin_list>
<bind>
<opcode="select(49) " fcode="select"/>
<opset="select_ln51_36/2 "/>
</bind>
</comp>

<comp id="1215" class="1004" name="icmp_ln51_37_fu_1215">
<pin_list>
<pin id="1216" dir="0" index="0" bw="16" slack="1"/>
<pin id="1217" dir="0" index="1" bw="1" slack="0"/>
<pin id="1218" dir="1" index="2" bw="1" slack="0"/>
</pin_list>
<bind>
<opcode="icmp(45) " fcode="icmp"/>
<opset="icmp_ln51_37/2 "/>
</bind>
</comp>

<comp id="1220" class="1004" name="select_ln51_37_fu_1220">
<pin_list>
<pin id="1221" dir="0" index="0" bw="1" slack="0"/>
<pin id="1222" dir="0" index="1" bw="15" slack="1"/>
<pin id="1223" dir="0" index="2" bw="1" slack="0"/>
<pin id="1224" dir="1" index="3" bw="15" slack="1"/>
</pin_list>
<bind>
<opcode="select(49) " fcode="select"/>
<opset="select_ln51_37/2 "/>
</bind>
</comp>

<comp id="1227" class="1004" name="icmp_ln51_38_fu_1227">
<pin_list>
<pin id="1228" dir="0" index="0" bw="16" slack="1"/>
<pin id="1229" dir="0" index="1" bw="1" slack="0"/>
<pin id="1230" dir="1" index="2" bw="1" slack="0"/>
</pin_list>
<bind>
<opcode="icmp(45) " fcode="icmp"/>
<opset="icmp_ln51_38/2 "/>
</bind>
</comp>

<comp id="1232" class="1004" name="select_ln51_38_fu_1232">
<pin_list>
<pin id="1233" dir="0" index="0" bw="1" slack="0"/>
<pin id="1234" dir="0" index="1" bw="15" slack="1"/>
<pin id="1235" dir="0" index="2" bw="1" slack="0"/>
<pin id="1236" dir="1" index="3" bw="15" slack="1"/>
</pin_list>
<bind>
<opcode="select(49) " fcode="select"/>
<opset="select_ln51_38/2 "/>
</bind>
</comp>

<comp id="1239" class="1004" name="zext_ln51_fu_1239">
<pin_list>
<pin id="1240" dir="0" index="0" bw="15" slack="1"/>
<pin id="1241" dir="1" index="1" bw="16" slack="0"/>
</pin_list>
<bind>
<opcode="zext(34) " fcode="zext"/>
<opset="zext_ln51/3 "/>
</bind>
</comp>

<comp id="1242" class="1004" name="zext_ln51_7_fu_1242">
<pin_list>
<pin id="1243" dir="0" index="0" bw="15" slack="1"/>
<pin id="1244" dir="1" index="1" bw="16" slack="0"/>
</pin_list>
<bind>
<opcode="zext(34) " fcode="zext"/>
<opset="zext_ln51_7/3 "/>
</bind>
</comp>

<comp id="1245" class="1004" name="zext_ln51_8_fu_1245">
<pin_list>
<pin id="1246" dir="0" index="0" bw="15" slack="1"/>
<pin id="1247" dir="1" index="1" bw="16" slack="0"/>
</pin_list>
<bind>
<opcode="zext(34) " fcode="zext"/>
<opset="zext_ln51_8/3 "/>
</bind>
</comp>

<comp id="1248" class="1004" name="zext_ln51_9_fu_1248">
<pin_list>
<pin id="1249" dir="0" index="0" bw="15" slack="1"/>
<pin id="1250" dir="1" index="1" bw="16" slack="0"/>
</pin_list>
<bind>
<opcode="zext(34) " fcode="zext"/>
<opset="zext_ln51_9/3 "/>
</bind>
</comp>

<comp id="1251" class="1004" name="zext_ln51_10_fu_1251">
<pin_list>
<pin id="1252" dir="0" index="0" bw="15" slack="1"/>
<pin id="1253" dir="1" index="1" bw="16" slack="0"/>
</pin_list>
<bind>
<opcode="zext(34) " fcode="zext"/>
<opset="zext_ln51_10/3 "/>
</bind>
</comp>

<comp id="1254" class="1004" name="zext_ln51_11_fu_1254">
<pin_list>
<pin id="1255" dir="0" index="0" bw="15" slack="1"/>
<pin id="1256" dir="1" index="1" bw="16" slack="0"/>
</pin_list>
<bind>
<opcode="zext(34) " fcode="zext"/>
<opset="zext_ln51_11/3 "/>
</bind>
</comp>

<comp id="1257" class="1004" name="zext_ln51_12_fu_1257">
<pin_list>
<pin id="1258" dir="0" index="0" bw="15" slack="1"/>
<pin id="1259" dir="1" index="1" bw="16" slack="0"/>
</pin_list>
<bind>
<opcode="zext(34) " fcode="zext"/>
<opset="zext_ln51_12/3 "/>
</bind>
</comp>

<comp id="1260" class="1004" name="zext_ln51_13_fu_1260">
<pin_list>
<pin id="1261" dir="0" index="0" bw="15" slack="1"/>
<pin id="1262" dir="1" index="1" bw="16" slack="0"/>
</pin_list>
<bind>
<opcode="zext(34) " fcode="zext"/>
<opset="zext_ln51_13/3 "/>
</bind>
</comp>

<comp id="1263" class="1004" name="zext_ln51_14_fu_1263">
<pin_list>
<pin id="1264" dir="0" index="0" bw="15" slack="1"/>
<pin id="1265" dir="1" index="1" bw="16" slack="0"/>
</pin_list>
<bind>
<opcode="zext(34) " fcode="zext"/>
<opset="zext_ln51_14/3 "/>
</bind>
</comp>

<comp id="1266" class="1004" name="zext_ln51_15_fu_1266">
<pin_list>
<pin id="1267" dir="0" index="0" bw="15" slack="1"/>
<pin id="1268" dir="1" index="1" bw="16" slack="0"/>
</pin_list>
<bind>
<opcode="zext(34) " fcode="zext"/>
<opset="zext_ln51_15/3 "/>
</bind>
</comp>

<comp id="1269" class="1004" name="zext_ln51_16_fu_1269">
<pin_list>
<pin id="1270" dir="0" index="0" bw="15" slack="1"/>
<pin id="1271" dir="1" index="1" bw="16" slack="0"/>
</pin_list>
<bind>
<opcode="zext(34) " fcode="zext"/>
<opset="zext_ln51_16/3 "/>
</bind>
</comp>

<comp id="1272" class="1004" name="zext_ln51_17_fu_1272">
<pin_list>
<pin id="1273" dir="0" index="0" bw="15" slack="1"/>
<pin id="1274" dir="1" index="1" bw="16" slack="0"/>
</pin_list>
<bind>
<opcode="zext(34) " fcode="zext"/>
<opset="zext_ln51_17/3 "/>
</bind>
</comp>

<comp id="1275" class="1004" name="zext_ln51_18_fu_1275">
<pin_list>
<pin id="1276" dir="0" index="0" bw="15" slack="1"/>
<pin id="1277" dir="1" index="1" bw="16" slack="0"/>
</pin_list>
<bind>
<opcode="zext(34) " fcode="zext"/>
<opset="zext_ln51_18/3 "/>
</bind>
</comp>

<comp id="1278" class="1004" name="zext_ln51_19_fu_1278">
<pin_list>
<pin id="1279" dir="0" index="0" bw="15" slack="1"/>
<pin id="1280" dir="1" index="1" bw="16" slack="0"/>
</pin_list>
<bind>
<opcode="zext(34) " fcode="zext"/>
<opset="zext_ln51_19/3 "/>
</bind>
</comp>

<comp id="1281" class="1004" name="zext_ln51_20_fu_1281">
<pin_list>
<pin id="1282" dir="0" index="0" bw="15" slack="1"/>
<pin id="1283" dir="1" index="1" bw="16" slack="0"/>
</pin_list>
<bind>
<opcode="zext(34) " fcode="zext"/>
<opset="zext_ln51_20/3 "/>
</bind>
</comp>

<comp id="1284" class="1004" name="zext_ln51_21_fu_1284">
<pin_list>
<pin id="1285" dir="0" index="0" bw="15" slack="1"/>
<pin id="1286" dir="1" index="1" bw="16" slack="0"/>
</pin_list>
<bind>
<opcode="zext(34) " fcode="zext"/>
<opset="zext_ln51_21/3 "/>
</bind>
</comp>

<comp id="1287" class="1004" name="zext_ln51_22_fu_1287">
<pin_list>
<pin id="1288" dir="0" index="0" bw="15" slack="1"/>
<pin id="1289" dir="1" index="1" bw="16" slack="0"/>
</pin_list>
<bind>
<opcode="zext(34) " fcode="zext"/>
<opset="zext_ln51_22/3 "/>
</bind>
</comp>

<comp id="1290" class="1004" name="zext_ln51_23_fu_1290">
<pin_list>
<pin id="1291" dir="0" index="0" bw="15" slack="1"/>
<pin id="1292" dir="1" index="1" bw="16" slack="0"/>
</pin_list>
<bind>
<opcode="zext(34) " fcode="zext"/>
<opset="zext_ln51_23/3 "/>
</bind>
</comp>

<comp id="1293" class="1004" name="zext_ln51_24_fu_1293">
<pin_list>
<pin id="1294" dir="0" index="0" bw="15" slack="1"/>
<pin id="1295" dir="1" index="1" bw="16" slack="0"/>
</pin_list>
<bind>
<opcode="zext(34) " fcode="zext"/>
<opset="zext_ln51_24/3 "/>
</bind>
</comp>

<comp id="1296" class="1004" name="zext_ln51_25_fu_1296">
<pin_list>
<pin id="1297" dir="0" index="0" bw="15" slack="1"/>
<pin id="1298" dir="1" index="1" bw="16" slack="0"/>
</pin_list>
<bind>
<opcode="zext(34) " fcode="zext"/>
<opset="zext_ln51_25/3 "/>
</bind>
</comp>

<comp id="1299" class="1004" name="zext_ln51_26_fu_1299">
<pin_list>
<pin id="1300" dir="0" index="0" bw="15" slack="1"/>
<pin id="1301" dir="1" index="1" bw="16" slack="0"/>
</pin_list>
<bind>
<opcode="zext(34) " fcode="zext"/>
<opset="zext_ln51_26/3 "/>
</bind>
</comp>

<comp id="1302" class="1004" name="zext_ln51_27_fu_1302">
<pin_list>
<pin id="1303" dir="0" index="0" bw="15" slack="1"/>
<pin id="1304" dir="1" index="1" bw="16" slack="0"/>
</pin_list>
<bind>
<opcode="zext(34) " fcode="zext"/>
<opset="zext_ln51_27/3 "/>
</bind>
</comp>

<comp id="1305" class="1004" name="zext_ln51_28_fu_1305">
<pin_list>
<pin id="1306" dir="0" index="0" bw="15" slack="1"/>
<pin id="1307" dir="1" index="1" bw="16" slack="0"/>
</pin_list>
<bind>
<opcode="zext(34) " fcode="zext"/>
<opset="zext_ln51_28/3 "/>
</bind>
</comp>

<comp id="1308" class="1004" name="zext_ln51_29_fu_1308">
<pin_list>
<pin id="1309" dir="0" index="0" bw="15" slack="1"/>
<pin id="1310" dir="1" index="1" bw="16" slack="0"/>
</pin_list>
<bind>
<opcode="zext(34) " fcode="zext"/>
<opset="zext_ln51_29/3 "/>
</bind>
</comp>

<comp id="1311" class="1004" name="zext_ln51_30_fu_1311">
<pin_list>
<pin id="1312" dir="0" index="0" bw="15" slack="1"/>
<pin id="1313" dir="1" index="1" bw="16" slack="0"/>
</pin_list>
<bind>
<opcode="zext(34) " fcode="zext"/>
<opset="zext_ln51_30/3 "/>
</bind>
</comp>

<comp id="1314" class="1004" name="zext_ln51_31_fu_1314">
<pin_list>
<pin id="1315" dir="0" index="0" bw="15" slack="1"/>
<pin id="1316" dir="1" index="1" bw="16" slack="0"/>
</pin_list>
<bind>
<opcode="zext(34) " fcode="zext"/>
<opset="zext_ln51_31/3 "/>
</bind>
</comp>

<comp id="1317" class="1004" name="zext_ln51_32_fu_1317">
<pin_list>
<pin id="1318" dir="0" index="0" bw="15" slack="1"/>
<pin id="1319" dir="1" index="1" bw="16" slack="0"/>
</pin_list>
<bind>
<opcode="zext(34) " fcode="zext"/>
<opset="zext_ln51_32/3 "/>
</bind>
</comp>

<comp id="1320" class="1004" name="zext_ln51_33_fu_1320">
<pin_list>
<pin id="1321" dir="0" index="0" bw="15" slack="1"/>
<pin id="1322" dir="1" index="1" bw="16" slack="0"/>
</pin_list>
<bind>
<opcode="zext(34) " fcode="zext"/>
<opset="zext_ln51_33/3 "/>
</bind>
</comp>

<comp id="1323" class="1004" name="zext_ln51_34_fu_1323">
<pin_list>
<pin id="1324" dir="0" index="0" bw="15" slack="1"/>
<pin id="1325" dir="1" index="1" bw="16" slack="0"/>
</pin_list>
<bind>
<opcode="zext(34) " fcode="zext"/>
<opset="zext_ln51_34/3 "/>
</bind>
</comp>

<comp id="1326" class="1004" name="zext_ln51_35_fu_1326">
<pin_list>
<pin id="1327" dir="0" index="0" bw="15" slack="1"/>
<pin id="1328" dir="1" index="1" bw="16" slack="0"/>
</pin_list>
<bind>
<opcode="zext(34) " fcode="zext"/>
<opset="zext_ln51_35/3 "/>
</bind>
</comp>

<comp id="1329" class="1004" name="zext_ln51_36_fu_1329">
<pin_list>
<pin id="1330" dir="0" index="0" bw="15" slack="1"/>
<pin id="1331" dir="1" index="1" bw="16" slack="0"/>
</pin_list>
<bind>
<opcode="zext(34) " fcode="zext"/>
<opset="zext_ln51_36/3 "/>
</bind>
</comp>

<comp id="1332" class="1004" name="or_ln57_s_fu_1332">
<pin_list>
<pin id="1333" dir="0" index="0" bw="511" slack="0"/>
<pin id="1334" dir="0" index="1" bw="15" slack="1"/>
<pin id="1335" dir="0" index="2" bw="15" slack="0"/>
<pin id="1336" dir="0" index="3" bw="15" slack="0"/>
<pin id="1337" dir="0" index="4" bw="15" slack="0"/>
<pin id="1338" dir="0" index="5" bw="15" slack="0"/>
<pin id="1339" dir="0" index="6" bw="15" slack="0"/>
<pin id="1340" dir="0" index="7" bw="15" slack="0"/>
<pin id="1341" dir="0" index="8" bw="15" slack="0"/>
<pin id="1342" dir="0" index="9" bw="15" slack="0"/>
<pin id="1343" dir="0" index="10" bw="15" slack="0"/>
<pin id="1344" dir="0" index="11" bw="15" slack="0"/>
<pin id="1345" dir="0" index="12" bw="15" slack="0"/>
<pin id="1346" dir="0" index="13" bw="15" slack="0"/>
<pin id="1347" dir="0" index="14" bw="15" slack="0"/>
<pin id="1348" dir="0" index="15" bw="15" slack="0"/>
<pin id="1349" dir="0" index="16" bw="15" slack="0"/>
<pin id="1350" dir="0" index="17" bw="15" slack="0"/>
<pin id="1351" dir="0" index="18" bw="15" slack="0"/>
<pin id="1352" dir="0" index="19" bw="15" slack="0"/>
<pin id="1353" dir="0" index="20" bw="15" slack="0"/>
<pin id="1354" dir="0" index="21" bw="15" slack="0"/>
<pin id="1355" dir="0" index="22" bw="15" slack="0"/>
<pin id="1356" dir="0" index="23" bw="15" slack="0"/>
<pin id="1357" dir="0" index="24" bw="15" slack="0"/>
<pin id="1358" dir="0" index="25" bw="15" slack="0"/>
<pin id="1359" dir="0" index="26" bw="15" slack="0"/>
<pin id="1360" dir="0" index="27" bw="15" slack="0"/>
<pin id="1361" dir="0" index="28" bw="15" slack="0"/>
<pin id="1362" dir="0" index="29" bw="15" slack="0"/>
<pin id="1363" dir="0" index="30" bw="15" slack="0"/>
<pin id="1364" dir="0" index="31" bw="15" slack="0"/>
<pin id="1365" dir="0" index="32" bw="15" slack="0"/>
<pin id="1366" dir="1" index="33" bw="511" slack="0"/>
</pin_list>
<bind>
<opcode="bitconcatenate(1004) " fcode="bitconcatenate"/>
<opset="or_ln57_s/3 "/>
</bind>
</comp>

<comp id="1399" class="1004" name="zext_ln57_fu_1399">
<pin_list>
<pin id="1400" dir="0" index="0" bw="511" slack="0"/>
<pin id="1401" dir="1" index="1" bw="512" slack="0"/>
</pin_list>
<bind>
<opcode="zext(34) " fcode="zext"/>
<opset="zext_ln57/3 "/>
</bind>
</comp>

<comp id="1404" class="1005" name="trunc_ln44_reg_1404">
<pin_list>
<pin id="1405" dir="0" index="0" bw="16" slack="1"/>
<pin id="1406" dir="1" index="1" bw="16" slack="1"/>
</pin_list>
<bind>
<opset="trunc_ln44 "/>
</bind>
</comp>

<comp id="1409" class="1005" name="trunc_ln44_69_reg_1409">
<pin_list>
<pin id="1410" dir="0" index="0" bw="15" slack="1"/>
<pin id="1411" dir="1" index="1" bw="15" slack="1"/>
</pin_list>
<bind>
<opset="trunc_ln44_69 "/>
</bind>
</comp>

<comp id="1414" class="1005" name="trunc_ln44_8_reg_1414">
<pin_list>
<pin id="1415" dir="0" index="0" bw="16" slack="1"/>
<pin id="1416" dir="1" index="1" bw="16" slack="1"/>
</pin_list>
<bind>
<opset="trunc_ln44_8 "/>
</bind>
</comp>

<comp id="1419" class="1005" name="trunc_ln44_s_reg_1419">
<pin_list>
<pin id="1420" dir="0" index="0" bw="15" slack="1"/>
<pin id="1421" dir="1" index="1" bw="15" slack="1"/>
</pin_list>
<bind>
<opset="trunc_ln44_s "/>
</bind>
</comp>

<comp id="1424" class="1005" name="trunc_ln44_9_reg_1424">
<pin_list>
<pin id="1425" dir="0" index="0" bw="16" slack="1"/>
<pin id="1426" dir="1" index="1" bw="16" slack="1"/>
</pin_list>
<bind>
<opset="trunc_ln44_9 "/>
</bind>
</comp>

<comp id="1429" class="1005" name="trunc_ln44_39_reg_1429">
<pin_list>
<pin id="1430" dir="0" index="0" bw="15" slack="1"/>
<pin id="1431" dir="1" index="1" bw="15" slack="1"/>
</pin_list>
<bind>
<opset="trunc_ln44_39 "/>
</bind>
</comp>

<comp id="1434" class="1005" name="trunc_ln44_10_reg_1434">
<pin_list>
<pin id="1435" dir="0" index="0" bw="16" slack="1"/>
<pin id="1436" dir="1" index="1" bw="16" slack="1"/>
</pin_list>
<bind>
<opset="trunc_ln44_10 "/>
</bind>
</comp>

<comp id="1439" class="1005" name="trunc_ln44_40_reg_1439">
<pin_list>
<pin id="1440" dir="0" index="0" bw="15" slack="1"/>
<pin id="1441" dir="1" index="1" bw="15" slack="1"/>
</pin_list>
<bind>
<opset="trunc_ln44_40 "/>
</bind>
</comp>

<comp id="1444" class="1005" name="trunc_ln44_11_reg_1444">
<pin_list>
<pin id="1445" dir="0" index="0" bw="16" slack="1"/>
<pin id="1446" dir="1" index="1" bw="16" slack="1"/>
</pin_list>
<bind>
<opset="trunc_ln44_11 "/>
</bind>
</comp>

<comp id="1449" class="1005" name="trunc_ln44_41_reg_1449">
<pin_list>
<pin id="1450" dir="0" index="0" bw="15" slack="1"/>
<pin id="1451" dir="1" index="1" bw="15" slack="1"/>
</pin_list>
<bind>
<opset="trunc_ln44_41 "/>
</bind>
</comp>

<comp id="1454" class="1005" name="trunc_ln44_12_reg_1454">
<pin_list>
<pin id="1455" dir="0" index="0" bw="16" slack="1"/>
<pin id="1456" dir="1" index="1" bw="16" slack="1"/>
</pin_list>
<bind>
<opset="trunc_ln44_12 "/>
</bind>
</comp>

<comp id="1459" class="1005" name="trunc_ln44_42_reg_1459">
<pin_list>
<pin id="1460" dir="0" index="0" bw="15" slack="1"/>
<pin id="1461" dir="1" index="1" bw="15" slack="1"/>
</pin_list>
<bind>
<opset="trunc_ln44_42 "/>
</bind>
</comp>

<comp id="1464" class="1005" name="trunc_ln44_13_reg_1464">
<pin_list>
<pin id="1465" dir="0" index="0" bw="16" slack="1"/>
<pin id="1466" dir="1" index="1" bw="16" slack="1"/>
</pin_list>
<bind>
<opset="trunc_ln44_13 "/>
</bind>
</comp>

<comp id="1469" class="1005" name="trunc_ln44_43_reg_1469">
<pin_list>
<pin id="1470" dir="0" index="0" bw="15" slack="1"/>
<pin id="1471" dir="1" index="1" bw="15" slack="1"/>
</pin_list>
<bind>
<opset="trunc_ln44_43 "/>
</bind>
</comp>

<comp id="1474" class="1005" name="trunc_ln44_14_reg_1474">
<pin_list>
<pin id="1475" dir="0" index="0" bw="16" slack="1"/>
<pin id="1476" dir="1" index="1" bw="16" slack="1"/>
</pin_list>
<bind>
<opset="trunc_ln44_14 "/>
</bind>
</comp>

<comp id="1479" class="1005" name="trunc_ln44_44_reg_1479">
<pin_list>
<pin id="1480" dir="0" index="0" bw="15" slack="1"/>
<pin id="1481" dir="1" index="1" bw="15" slack="1"/>
</pin_list>
<bind>
<opset="trunc_ln44_44 "/>
</bind>
</comp>

<comp id="1484" class="1005" name="trunc_ln44_15_reg_1484">
<pin_list>
<pin id="1485" dir="0" index="0" bw="16" slack="1"/>
<pin id="1486" dir="1" index="1" bw="16" slack="1"/>
</pin_list>
<bind>
<opset="trunc_ln44_15 "/>
</bind>
</comp>

<comp id="1489" class="1005" name="trunc_ln44_45_reg_1489">
<pin_list>
<pin id="1490" dir="0" index="0" bw="15" slack="1"/>
<pin id="1491" dir="1" index="1" bw="15" slack="1"/>
</pin_list>
<bind>
<opset="trunc_ln44_45 "/>
</bind>
</comp>

<comp id="1494" class="1005" name="trunc_ln44_16_reg_1494">
<pin_list>
<pin id="1495" dir="0" index="0" bw="16" slack="1"/>
<pin id="1496" dir="1" index="1" bw="16" slack="1"/>
</pin_list>
<bind>
<opset="trunc_ln44_16 "/>
</bind>
</comp>

<comp id="1499" class="1005" name="trunc_ln44_46_reg_1499">
<pin_list>
<pin id="1500" dir="0" index="0" bw="15" slack="1"/>
<pin id="1501" dir="1" index="1" bw="15" slack="1"/>
</pin_list>
<bind>
<opset="trunc_ln44_46 "/>
</bind>
</comp>

<comp id="1504" class="1005" name="trunc_ln44_17_reg_1504">
<pin_list>
<pin id="1505" dir="0" index="0" bw="16" slack="1"/>
<pin id="1506" dir="1" index="1" bw="16" slack="1"/>
</pin_list>
<bind>
<opset="trunc_ln44_17 "/>
</bind>
</comp>

<comp id="1509" class="1005" name="trunc_ln44_47_reg_1509">
<pin_list>
<pin id="1510" dir="0" index="0" bw="15" slack="1"/>
<pin id="1511" dir="1" index="1" bw="15" slack="1"/>
</pin_list>
<bind>
<opset="trunc_ln44_47 "/>
</bind>
</comp>

<comp id="1514" class="1005" name="trunc_ln44_18_reg_1514">
<pin_list>
<pin id="1515" dir="0" index="0" bw="16" slack="1"/>
<pin id="1516" dir="1" index="1" bw="16" slack="1"/>
</pin_list>
<bind>
<opset="trunc_ln44_18 "/>
</bind>
</comp>

<comp id="1519" class="1005" name="trunc_ln44_48_reg_1519">
<pin_list>
<pin id="1520" dir="0" index="0" bw="15" slack="1"/>
<pin id="1521" dir="1" index="1" bw="15" slack="1"/>
</pin_list>
<bind>
<opset="trunc_ln44_48 "/>
</bind>
</comp>

<comp id="1524" class="1005" name="trunc_ln44_19_reg_1524">
<pin_list>
<pin id="1525" dir="0" index="0" bw="16" slack="1"/>
<pin id="1526" dir="1" index="1" bw="16" slack="1"/>
</pin_list>
<bind>
<opset="trunc_ln44_19 "/>
</bind>
</comp>

<comp id="1529" class="1005" name="trunc_ln44_49_reg_1529">
<pin_list>
<pin id="1530" dir="0" index="0" bw="15" slack="1"/>
<pin id="1531" dir="1" index="1" bw="15" slack="1"/>
</pin_list>
<bind>
<opset="trunc_ln44_49 "/>
</bind>
</comp>

<comp id="1534" class="1005" name="trunc_ln44_20_reg_1534">
<pin_list>
<pin id="1535" dir="0" index="0" bw="16" slack="1"/>
<pin id="1536" dir="1" index="1" bw="16" slack="1"/>
</pin_list>
<bind>
<opset="trunc_ln44_20 "/>
</bind>
</comp>

<comp id="1539" class="1005" name="trunc_ln44_50_reg_1539">
<pin_list>
<pin id="1540" dir="0" index="0" bw="15" slack="1"/>
<pin id="1541" dir="1" index="1" bw="15" slack="1"/>
</pin_list>
<bind>
<opset="trunc_ln44_50 "/>
</bind>
</comp>

<comp id="1544" class="1005" name="trunc_ln44_21_reg_1544">
<pin_list>
<pin id="1545" dir="0" index="0" bw="16" slack="1"/>
<pin id="1546" dir="1" index="1" bw="16" slack="1"/>
</pin_list>
<bind>
<opset="trunc_ln44_21 "/>
</bind>
</comp>

<comp id="1549" class="1005" name="trunc_ln44_51_reg_1549">
<pin_list>
<pin id="1550" dir="0" index="0" bw="15" slack="1"/>
<pin id="1551" dir="1" index="1" bw="15" slack="1"/>
</pin_list>
<bind>
<opset="trunc_ln44_51 "/>
</bind>
</comp>

<comp id="1554" class="1005" name="trunc_ln44_22_reg_1554">
<pin_list>
<pin id="1555" dir="0" index="0" bw="16" slack="1"/>
<pin id="1556" dir="1" index="1" bw="16" slack="1"/>
</pin_list>
<bind>
<opset="trunc_ln44_22 "/>
</bind>
</comp>

<comp id="1559" class="1005" name="trunc_ln44_52_reg_1559">
<pin_list>
<pin id="1560" dir="0" index="0" bw="15" slack="1"/>
<pin id="1561" dir="1" index="1" bw="15" slack="1"/>
</pin_list>
<bind>
<opset="trunc_ln44_52 "/>
</bind>
</comp>

<comp id="1564" class="1005" name="trunc_ln44_23_reg_1564">
<pin_list>
<pin id="1565" dir="0" index="0" bw="16" slack="1"/>
<pin id="1566" dir="1" index="1" bw="16" slack="1"/>
</pin_list>
<bind>
<opset="trunc_ln44_23 "/>
</bind>
</comp>

<comp id="1569" class="1005" name="trunc_ln44_53_reg_1569">
<pin_list>
<pin id="1570" dir="0" index="0" bw="15" slack="1"/>
<pin id="1571" dir="1" index="1" bw="15" slack="1"/>
</pin_list>
<bind>
<opset="trunc_ln44_53 "/>
</bind>
</comp>

<comp id="1574" class="1005" name="trunc_ln44_24_reg_1574">
<pin_list>
<pin id="1575" dir="0" index="0" bw="16" slack="1"/>
<pin id="1576" dir="1" index="1" bw="16" slack="1"/>
</pin_list>
<bind>
<opset="trunc_ln44_24 "/>
</bind>
</comp>

<comp id="1579" class="1005" name="trunc_ln44_54_reg_1579">
<pin_list>
<pin id="1580" dir="0" index="0" bw="15" slack="1"/>
<pin id="1581" dir="1" index="1" bw="15" slack="1"/>
</pin_list>
<bind>
<opset="trunc_ln44_54 "/>
</bind>
</comp>

<comp id="1584" class="1005" name="trunc_ln44_25_reg_1584">
<pin_list>
<pin id="1585" dir="0" index="0" bw="16" slack="1"/>
<pin id="1586" dir="1" index="1" bw="16" slack="1"/>
</pin_list>
<bind>
<opset="trunc_ln44_25 "/>
</bind>
</comp>

<comp id="1589" class="1005" name="trunc_ln44_55_reg_1589">
<pin_list>
<pin id="1590" dir="0" index="0" bw="15" slack="1"/>
<pin id="1591" dir="1" index="1" bw="15" slack="1"/>
</pin_list>
<bind>
<opset="trunc_ln44_55 "/>
</bind>
</comp>

<comp id="1594" class="1005" name="trunc_ln44_26_reg_1594">
<pin_list>
<pin id="1595" dir="0" index="0" bw="16" slack="1"/>
<pin id="1596" dir="1" index="1" bw="16" slack="1"/>
</pin_list>
<bind>
<opset="trunc_ln44_26 "/>
</bind>
</comp>

<comp id="1599" class="1005" name="trunc_ln44_56_reg_1599">
<pin_list>
<pin id="1600" dir="0" index="0" bw="15" slack="1"/>
<pin id="1601" dir="1" index="1" bw="15" slack="1"/>
</pin_list>
<bind>
<opset="trunc_ln44_56 "/>
</bind>
</comp>

<comp id="1604" class="1005" name="trunc_ln44_27_reg_1604">
<pin_list>
<pin id="1605" dir="0" index="0" bw="16" slack="1"/>
<pin id="1606" dir="1" index="1" bw="16" slack="1"/>
</pin_list>
<bind>
<opset="trunc_ln44_27 "/>
</bind>
</comp>

<comp id="1609" class="1005" name="trunc_ln44_57_reg_1609">
<pin_list>
<pin id="1610" dir="0" index="0" bw="15" slack="1"/>
<pin id="1611" dir="1" index="1" bw="15" slack="1"/>
</pin_list>
<bind>
<opset="trunc_ln44_57 "/>
</bind>
</comp>

<comp id="1614" class="1005" name="trunc_ln44_28_reg_1614">
<pin_list>
<pin id="1615" dir="0" index="0" bw="16" slack="1"/>
<pin id="1616" dir="1" index="1" bw="16" slack="1"/>
</pin_list>
<bind>
<opset="trunc_ln44_28 "/>
</bind>
</comp>

<comp id="1619" class="1005" name="trunc_ln44_58_reg_1619">
<pin_list>
<pin id="1620" dir="0" index="0" bw="15" slack="1"/>
<pin id="1621" dir="1" index="1" bw="15" slack="1"/>
</pin_list>
<bind>
<opset="trunc_ln44_58 "/>
</bind>
</comp>

<comp id="1624" class="1005" name="trunc_ln44_29_reg_1624">
<pin_list>
<pin id="1625" dir="0" index="0" bw="16" slack="1"/>
<pin id="1626" dir="1" index="1" bw="16" slack="1"/>
</pin_list>
<bind>
<opset="trunc_ln44_29 "/>
</bind>
</comp>

<comp id="1629" class="1005" name="trunc_ln44_59_reg_1629">
<pin_list>
<pin id="1630" dir="0" index="0" bw="15" slack="1"/>
<pin id="1631" dir="1" index="1" bw="15" slack="1"/>
</pin_list>
<bind>
<opset="trunc_ln44_59 "/>
</bind>
</comp>

<comp id="1634" class="1005" name="trunc_ln44_30_reg_1634">
<pin_list>
<pin id="1635" dir="0" index="0" bw="16" slack="1"/>
<pin id="1636" dir="1" index="1" bw="16" slack="1"/>
</pin_list>
<bind>
<opset="trunc_ln44_30 "/>
</bind>
</comp>

<comp id="1639" class="1005" name="trunc_ln44_60_reg_1639">
<pin_list>
<pin id="1640" dir="0" index="0" bw="15" slack="1"/>
<pin id="1641" dir="1" index="1" bw="15" slack="1"/>
</pin_list>
<bind>
<opset="trunc_ln44_60 "/>
</bind>
</comp>

<comp id="1644" class="1005" name="trunc_ln44_31_reg_1644">
<pin_list>
<pin id="1645" dir="0" index="0" bw="16" slack="1"/>
<pin id="1646" dir="1" index="1" bw="16" slack="1"/>
</pin_list>
<bind>
<opset="trunc_ln44_31 "/>
</bind>
</comp>

<comp id="1649" class="1005" name="trunc_ln44_61_reg_1649">
<pin_list>
<pin id="1650" dir="0" index="0" bw="15" slack="1"/>
<pin id="1651" dir="1" index="1" bw="15" slack="1"/>
</pin_list>
<bind>
<opset="trunc_ln44_61 "/>
</bind>
</comp>

<comp id="1654" class="1005" name="trunc_ln44_32_reg_1654">
<pin_list>
<pin id="1655" dir="0" index="0" bw="16" slack="1"/>
<pin id="1656" dir="1" index="1" bw="16" slack="1"/>
</pin_list>
<bind>
<opset="trunc_ln44_32 "/>
</bind>
</comp>

<comp id="1659" class="1005" name="trunc_ln44_62_reg_1659">
<pin_list>
<pin id="1660" dir="0" index="0" bw="15" slack="1"/>
<pin id="1661" dir="1" index="1" bw="15" slack="1"/>
</pin_list>
<bind>
<opset="trunc_ln44_62 "/>
</bind>
</comp>

<comp id="1664" class="1005" name="trunc_ln44_33_reg_1664">
<pin_list>
<pin id="1665" dir="0" index="0" bw="16" slack="1"/>
<pin id="1666" dir="1" index="1" bw="16" slack="1"/>
</pin_list>
<bind>
<opset="trunc_ln44_33 "/>
</bind>
</comp>

<comp id="1669" class="1005" name="trunc_ln44_63_reg_1669">
<pin_list>
<pin id="1670" dir="0" index="0" bw="15" slack="1"/>
<pin id="1671" dir="1" index="1" bw="15" slack="1"/>
</pin_list>
<bind>
<opset="trunc_ln44_63 "/>
</bind>
</comp>

<comp id="1674" class="1005" name="trunc_ln44_34_reg_1674">
<pin_list>
<pin id="1675" dir="0" index="0" bw="16" slack="1"/>
<pin id="1676" dir="1" index="1" bw="16" slack="1"/>
</pin_list>
<bind>
<opset="trunc_ln44_34 "/>
</bind>
</comp>

<comp id="1679" class="1005" name="trunc_ln44_64_reg_1679">
<pin_list>
<pin id="1680" dir="0" index="0" bw="15" slack="1"/>
<pin id="1681" dir="1" index="1" bw="15" slack="1"/>
</pin_list>
<bind>
<opset="trunc_ln44_64 "/>
</bind>
</comp>

<comp id="1684" class="1005" name="trunc_ln44_35_reg_1684">
<pin_list>
<pin id="1685" dir="0" index="0" bw="16" slack="1"/>
<pin id="1686" dir="1" index="1" bw="16" slack="1"/>
</pin_list>
<bind>
<opset="trunc_ln44_35 "/>
</bind>
</comp>

<comp id="1689" class="1005" name="trunc_ln44_65_reg_1689">
<pin_list>
<pin id="1690" dir="0" index="0" bw="15" slack="1"/>
<pin id="1691" dir="1" index="1" bw="15" slack="1"/>
</pin_list>
<bind>
<opset="trunc_ln44_65 "/>
</bind>
</comp>

<comp id="1694" class="1005" name="trunc_ln44_36_reg_1694">
<pin_list>
<pin id="1695" dir="0" index="0" bw="16" slack="1"/>
<pin id="1696" dir="1" index="1" bw="16" slack="1"/>
</pin_list>
<bind>
<opset="trunc_ln44_36 "/>
</bind>
</comp>

<comp id="1699" class="1005" name="trunc_ln44_66_reg_1699">
<pin_list>
<pin id="1700" dir="0" index="0" bw="15" slack="1"/>
<pin id="1701" dir="1" index="1" bw="15" slack="1"/>
</pin_list>
<bind>
<opset="trunc_ln44_66 "/>
</bind>
</comp>

<comp id="1704" class="1005" name="trunc_ln44_37_reg_1704">
<pin_list>
<pin id="1705" dir="0" index="0" bw="16" slack="1"/>
<pin id="1706" dir="1" index="1" bw="16" slack="1"/>
</pin_list>
<bind>
<opset="trunc_ln44_37 "/>
</bind>
</comp>

<comp id="1709" class="1005" name="trunc_ln44_67_reg_1709">
<pin_list>
<pin id="1710" dir="0" index="0" bw="15" slack="1"/>
<pin id="1711" dir="1" index="1" bw="15" slack="1"/>
</pin_list>
<bind>
<opset="trunc_ln44_67 "/>
</bind>
</comp>

<comp id="1714" class="1005" name="trunc_ln44_38_reg_1714">
<pin_list>
<pin id="1715" dir="0" index="0" bw="16" slack="1"/>
<pin id="1716" dir="1" index="1" bw="16" slack="1"/>
</pin_list>
<bind>
<opset="trunc_ln44_38 "/>
</bind>
</comp>

<comp id="1719" class="1005" name="trunc_ln2_reg_1719">
<pin_list>
<pin id="1720" dir="0" index="0" bw="15" slack="1"/>
<pin id="1721" dir="1" index="1" bw="15" slack="1"/>
</pin_list>
<bind>
<opset="trunc_ln2 "/>
</bind>
</comp>

<comp id="1724" class="1005" name="select_ln51_reg_1724">
<pin_list>
<pin id="1725" dir="0" index="0" bw="15" slack="1"/>
<pin id="1726" dir="1" index="1" bw="15" slack="1"/>
</pin_list>
<bind>
<opset="select_ln51 "/>
</bind>
</comp>

<comp id="1729" class="1005" name="select_ln51_8_reg_1729">
<pin_list>
<pin id="1730" dir="0" index="0" bw="15" slack="1"/>
<pin id="1731" dir="1" index="1" bw="15" slack="1"/>
</pin_list>
<bind>
<opset="select_ln51_8 "/>
</bind>
</comp>

<comp id="1734" class="1005" name="select_ln51_9_reg_1734">
<pin_list>
<pin id="1735" dir="0" index="0" bw="15" slack="1"/>
<pin id="1736" dir="1" index="1" bw="15" slack="1"/>
</pin_list>
<bind>
<opset="select_ln51_9 "/>
</bind>
</comp>

<comp id="1739" class="1005" name="select_ln51_10_reg_1739">
<pin_list>
<pin id="1740" dir="0" index="0" bw="15" slack="1"/>
<pin id="1741" dir="1" index="1" bw="15" slack="1"/>
</pin_list>
<bind>
<opset="select_ln51_10 "/>
</bind>
</comp>

<comp id="1744" class="1005" name="select_ln51_11_reg_1744">
<pin_list>
<pin id="1745" dir="0" index="0" bw="15" slack="1"/>
<pin id="1746" dir="1" index="1" bw="15" slack="1"/>
</pin_list>
<bind>
<opset="select_ln51_11 "/>
</bind>
</comp>

<comp id="1749" class="1005" name="select_ln51_12_reg_1749">
<pin_list>
<pin id="1750" dir="0" index="0" bw="15" slack="1"/>
<pin id="1751" dir="1" index="1" bw="15" slack="1"/>
</pin_list>
<bind>
<opset="select_ln51_12 "/>
</bind>
</comp>

<comp id="1754" class="1005" name="select_ln51_13_reg_1754">
<pin_list>
<pin id="1755" dir="0" index="0" bw="15" slack="1"/>
<pin id="1756" dir="1" index="1" bw="15" slack="1"/>
</pin_list>
<bind>
<opset="select_ln51_13 "/>
</bind>
</comp>

<comp id="1759" class="1005" name="select_ln51_14_reg_1759">
<pin_list>
<pin id="1760" dir="0" index="0" bw="15" slack="1"/>
<pin id="1761" dir="1" index="1" bw="15" slack="1"/>
</pin_list>
<bind>
<opset="select_ln51_14 "/>
</bind>
</comp>

<comp id="1764" class="1005" name="select_ln51_15_reg_1764">
<pin_list>
<pin id="1765" dir="0" index="0" bw="15" slack="1"/>
<pin id="1766" dir="1" index="1" bw="15" slack="1"/>
</pin_list>
<bind>
<opset="select_ln51_15 "/>
</bind>
</comp>

<comp id="1769" class="1005" name="select_ln51_16_reg_1769">
<pin_list>
<pin id="1770" dir="0" index="0" bw="15" slack="1"/>
<pin id="1771" dir="1" index="1" bw="15" slack="1"/>
</pin_list>
<bind>
<opset="select_ln51_16 "/>
</bind>
</comp>

<comp id="1774" class="1005" name="select_ln51_17_reg_1774">
<pin_list>
<pin id="1775" dir="0" index="0" bw="15" slack="1"/>
<pin id="1776" dir="1" index="1" bw="15" slack="1"/>
</pin_list>
<bind>
<opset="select_ln51_17 "/>
</bind>
</comp>

<comp id="1779" class="1005" name="select_ln51_18_reg_1779">
<pin_list>
<pin id="1780" dir="0" index="0" bw="15" slack="1"/>
<pin id="1781" dir="1" index="1" bw="15" slack="1"/>
</pin_list>
<bind>
<opset="select_ln51_18 "/>
</bind>
</comp>

<comp id="1784" class="1005" name="select_ln51_19_reg_1784">
<pin_list>
<pin id="1785" dir="0" index="0" bw="15" slack="1"/>
<pin id="1786" dir="1" index="1" bw="15" slack="1"/>
</pin_list>
<bind>
<opset="select_ln51_19 "/>
</bind>
</comp>

<comp id="1789" class="1005" name="select_ln51_20_reg_1789">
<pin_list>
<pin id="1790" dir="0" index="0" bw="15" slack="1"/>
<pin id="1791" dir="1" index="1" bw="15" slack="1"/>
</pin_list>
<bind>
<opset="select_ln51_20 "/>
</bind>
</comp>

<comp id="1794" class="1005" name="select_ln51_21_reg_1794">
<pin_list>
<pin id="1795" dir="0" index="0" bw="15" slack="1"/>
<pin id="1796" dir="1" index="1" bw="15" slack="1"/>
</pin_list>
<bind>
<opset="select_ln51_21 "/>
</bind>
</comp>

<comp id="1799" class="1005" name="select_ln51_22_reg_1799">
<pin_list>
<pin id="1800" dir="0" index="0" bw="15" slack="1"/>
<pin id="1801" dir="1" index="1" bw="15" slack="1"/>
</pin_list>
<bind>
<opset="select_ln51_22 "/>
</bind>
</comp>

<comp id="1804" class="1005" name="select_ln51_23_reg_1804">
<pin_list>
<pin id="1805" dir="0" index="0" bw="15" slack="1"/>
<pin id="1806" dir="1" index="1" bw="15" slack="1"/>
</pin_list>
<bind>
<opset="select_ln51_23 "/>
</bind>
</comp>

<comp id="1809" class="1005" name="select_ln51_24_reg_1809">
<pin_list>
<pin id="1810" dir="0" index="0" bw="15" slack="1"/>
<pin id="1811" dir="1" index="1" bw="15" slack="1"/>
</pin_list>
<bind>
<opset="select_ln51_24 "/>
</bind>
</comp>

<comp id="1814" class="1005" name="select_ln51_25_reg_1814">
<pin_list>
<pin id="1815" dir="0" index="0" bw="15" slack="1"/>
<pin id="1816" dir="1" index="1" bw="15" slack="1"/>
</pin_list>
<bind>
<opset="select_ln51_25 "/>
</bind>
</comp>

<comp id="1819" class="1005" name="select_ln51_26_reg_1819">
<pin_list>
<pin id="1820" dir="0" index="0" bw="15" slack="1"/>
<pin id="1821" dir="1" index="1" bw="15" slack="1"/>
</pin_list>
<bind>
<opset="select_ln51_26 "/>
</bind>
</comp>

<comp id="1824" class="1005" name="select_ln51_27_reg_1824">
<pin_list>
<pin id="1825" dir="0" index="0" bw="15" slack="1"/>
<pin id="1826" dir="1" index="1" bw="15" slack="1"/>
</pin_list>
<bind>
<opset="select_ln51_27 "/>
</bind>
</comp>

<comp id="1829" class="1005" name="select_ln51_28_reg_1829">
<pin_list>
<pin id="1830" dir="0" index="0" bw="15" slack="1"/>
<pin id="1831" dir="1" index="1" bw="15" slack="1"/>
</pin_list>
<bind>
<opset="select_ln51_28 "/>
</bind>
</comp>

<comp id="1834" class="1005" name="select_ln51_29_reg_1834">
<pin_list>
<pin id="1835" dir="0" index="0" bw="15" slack="1"/>
<pin id="1836" dir="1" index="1" bw="15" slack="1"/>
</pin_list>
<bind>
<opset="select_ln51_29 "/>
</bind>
</comp>

<comp id="1839" class="1005" name="select_ln51_30_reg_1839">
<pin_list>
<pin id="1840" dir="0" index="0" bw="15" slack="1"/>
<pin id="1841" dir="1" index="1" bw="15" slack="1"/>
</pin_list>
<bind>
<opset="select_ln51_30 "/>
</bind>
</comp>

<comp id="1844" class="1005" name="select_ln51_31_reg_1844">
<pin_list>
<pin id="1845" dir="0" index="0" bw="15" slack="1"/>
<pin id="1846" dir="1" index="1" bw="15" slack="1"/>
</pin_list>
<bind>
<opset="select_ln51_31 "/>
</bind>
</comp>

<comp id="1849" class="1005" name="select_ln51_32_reg_1849">
<pin_list>
<pin id="1850" dir="0" index="0" bw="15" slack="1"/>
<pin id="1851" dir="1" index="1" bw="15" slack="1"/>
</pin_list>
<bind>
<opset="select_ln51_32 "/>
</bind>
</comp>

<comp id="1854" class="1005" name="select_ln51_33_reg_1854">
<pin_list>
<pin id="1855" dir="0" index="0" bw="15" slack="1"/>
<pin id="1856" dir="1" index="1" bw="15" slack="1"/>
</pin_list>
<bind>
<opset="select_ln51_33 "/>
</bind>
</comp>

<comp id="1859" class="1005" name="select_ln51_34_reg_1859">
<pin_list>
<pin id="1860" dir="0" index="0" bw="15" slack="1"/>
<pin id="1861" dir="1" index="1" bw="15" slack="1"/>
</pin_list>
<bind>
<opset="select_ln51_34 "/>
</bind>
</comp>

<comp id="1864" class="1005" name="select_ln51_35_reg_1864">
<pin_list>
<pin id="1865" dir="0" index="0" bw="15" slack="1"/>
<pin id="1866" dir="1" index="1" bw="15" slack="1"/>
</pin_list>
<bind>
<opset="select_ln51_35 "/>
</bind>
</comp>

<comp id="1869" class="1005" name="select_ln51_36_reg_1869">
<pin_list>
<pin id="1870" dir="0" index="0" bw="15" slack="1"/>
<pin id="1871" dir="1" index="1" bw="15" slack="1"/>
</pin_list>
<bind>
<opset="select_ln51_36 "/>
</bind>
</comp>

<comp id="1874" class="1005" name="select_ln51_37_reg_1874">
<pin_list>
<pin id="1875" dir="0" index="0" bw="15" slack="1"/>
<pin id="1876" dir="1" index="1" bw="15" slack="1"/>
</pin_list>
<bind>
<opset="select_ln51_37 "/>
</bind>
</comp>

<comp id="1879" class="1005" name="select_ln51_38_reg_1879">
<pin_list>
<pin id="1880" dir="0" index="0" bw="15" slack="1"/>
<pin id="1881" dir="1" index="1" bw="15" slack="1"/>
</pin_list>
<bind>
<opset="select_ln51_38 "/>
</bind>
</comp>

</comp_list>

<net_list>
<net id="218"><net_src comp="4" pin="0"/><net_sink comp="214" pin=0"/></net>

<net id="219"><net_src comp="0" pin="0"/><net_sink comp="214" pin=1"/></net>

<net id="225"><net_src comp="212" pin="0"/><net_sink comp="220" pin=0"/></net>

<net id="226"><net_src comp="2" pin="0"/><net_sink comp="220" pin=1"/></net>

<net id="230"><net_src comp="214" pin="2"/><net_sink comp="227" pin=0"/></net>

<net id="234"><net_src comp="214" pin="2"/><net_sink comp="231" pin=0"/></net>

<net id="241"><net_src comp="6" pin="0"/><net_sink comp="235" pin=0"/></net>

<net id="242"><net_src comp="214" pin="2"/><net_sink comp="235" pin=1"/></net>

<net id="243"><net_src comp="8" pin="0"/><net_sink comp="235" pin=2"/></net>

<net id="244"><net_src comp="10" pin="0"/><net_sink comp="235" pin=3"/></net>

<net id="251"><net_src comp="12" pin="0"/><net_sink comp="245" pin=0"/></net>

<net id="252"><net_src comp="214" pin="2"/><net_sink comp="245" pin=1"/></net>

<net id="253"><net_src comp="8" pin="0"/><net_sink comp="245" pin=2"/></net>

<net id="254"><net_src comp="14" pin="0"/><net_sink comp="245" pin=3"/></net>

<net id="261"><net_src comp="6" pin="0"/><net_sink comp="255" pin=0"/></net>

<net id="262"><net_src comp="214" pin="2"/><net_sink comp="255" pin=1"/></net>

<net id="263"><net_src comp="16" pin="0"/><net_sink comp="255" pin=2"/></net>

<net id="264"><net_src comp="18" pin="0"/><net_sink comp="255" pin=3"/></net>

<net id="271"><net_src comp="12" pin="0"/><net_sink comp="265" pin=0"/></net>

<net id="272"><net_src comp="214" pin="2"/><net_sink comp="265" pin=1"/></net>

<net id="273"><net_src comp="16" pin="0"/><net_sink comp="265" pin=2"/></net>

<net id="274"><net_src comp="20" pin="0"/><net_sink comp="265" pin=3"/></net>

<net id="281"><net_src comp="6" pin="0"/><net_sink comp="275" pin=0"/></net>

<net id="282"><net_src comp="214" pin="2"/><net_sink comp="275" pin=1"/></net>

<net id="283"><net_src comp="22" pin="0"/><net_sink comp="275" pin=2"/></net>

<net id="284"><net_src comp="24" pin="0"/><net_sink comp="275" pin=3"/></net>

<net id="291"><net_src comp="12" pin="0"/><net_sink comp="285" pin=0"/></net>

<net id="292"><net_src comp="214" pin="2"/><net_sink comp="285" pin=1"/></net>

<net id="293"><net_src comp="22" pin="0"/><net_sink comp="285" pin=2"/></net>

<net id="294"><net_src comp="26" pin="0"/><net_sink comp="285" pin=3"/></net>

<net id="301"><net_src comp="6" pin="0"/><net_sink comp="295" pin=0"/></net>

<net id="302"><net_src comp="214" pin="2"/><net_sink comp="295" pin=1"/></net>

<net id="303"><net_src comp="28" pin="0"/><net_sink comp="295" pin=2"/></net>

<net id="304"><net_src comp="30" pin="0"/><net_sink comp="295" pin=3"/></net>

<net id="311"><net_src comp="12" pin="0"/><net_sink comp="305" pin=0"/></net>

<net id="312"><net_src comp="214" pin="2"/><net_sink comp="305" pin=1"/></net>

<net id="313"><net_src comp="28" pin="0"/><net_sink comp="305" pin=2"/></net>

<net id="314"><net_src comp="32" pin="0"/><net_sink comp="305" pin=3"/></net>

<net id="321"><net_src comp="6" pin="0"/><net_sink comp="315" pin=0"/></net>

<net id="322"><net_src comp="214" pin="2"/><net_sink comp="315" pin=1"/></net>

<net id="323"><net_src comp="34" pin="0"/><net_sink comp="315" pin=2"/></net>

<net id="324"><net_src comp="36" pin="0"/><net_sink comp="315" pin=3"/></net>

<net id="331"><net_src comp="12" pin="0"/><net_sink comp="325" pin=0"/></net>

<net id="332"><net_src comp="214" pin="2"/><net_sink comp="325" pin=1"/></net>

<net id="333"><net_src comp="34" pin="0"/><net_sink comp="325" pin=2"/></net>

<net id="334"><net_src comp="38" pin="0"/><net_sink comp="325" pin=3"/></net>

<net id="341"><net_src comp="6" pin="0"/><net_sink comp="335" pin=0"/></net>

<net id="342"><net_src comp="214" pin="2"/><net_sink comp="335" pin=1"/></net>

<net id="343"><net_src comp="40" pin="0"/><net_sink comp="335" pin=2"/></net>

<net id="344"><net_src comp="42" pin="0"/><net_sink comp="335" pin=3"/></net>

<net id="351"><net_src comp="12" pin="0"/><net_sink comp="345" pin=0"/></net>

<net id="352"><net_src comp="214" pin="2"/><net_sink comp="345" pin=1"/></net>

<net id="353"><net_src comp="40" pin="0"/><net_sink comp="345" pin=2"/></net>

<net id="354"><net_src comp="44" pin="0"/><net_sink comp="345" pin=3"/></net>

<net id="361"><net_src comp="6" pin="0"/><net_sink comp="355" pin=0"/></net>

<net id="362"><net_src comp="214" pin="2"/><net_sink comp="355" pin=1"/></net>

<net id="363"><net_src comp="46" pin="0"/><net_sink comp="355" pin=2"/></net>

<net id="364"><net_src comp="48" pin="0"/><net_sink comp="355" pin=3"/></net>

<net id="371"><net_src comp="12" pin="0"/><net_sink comp="365" pin=0"/></net>

<net id="372"><net_src comp="214" pin="2"/><net_sink comp="365" pin=1"/></net>

<net id="373"><net_src comp="46" pin="0"/><net_sink comp="365" pin=2"/></net>

<net id="374"><net_src comp="50" pin="0"/><net_sink comp="365" pin=3"/></net>

<net id="381"><net_src comp="6" pin="0"/><net_sink comp="375" pin=0"/></net>

<net id="382"><net_src comp="214" pin="2"/><net_sink comp="375" pin=1"/></net>

<net id="383"><net_src comp="52" pin="0"/><net_sink comp="375" pin=2"/></net>

<net id="384"><net_src comp="54" pin="0"/><net_sink comp="375" pin=3"/></net>

<net id="391"><net_src comp="12" pin="0"/><net_sink comp="385" pin=0"/></net>

<net id="392"><net_src comp="214" pin="2"/><net_sink comp="385" pin=1"/></net>

<net id="393"><net_src comp="52" pin="0"/><net_sink comp="385" pin=2"/></net>

<net id="394"><net_src comp="56" pin="0"/><net_sink comp="385" pin=3"/></net>

<net id="401"><net_src comp="6" pin="0"/><net_sink comp="395" pin=0"/></net>

<net id="402"><net_src comp="214" pin="2"/><net_sink comp="395" pin=1"/></net>

<net id="403"><net_src comp="58" pin="0"/><net_sink comp="395" pin=2"/></net>

<net id="404"><net_src comp="60" pin="0"/><net_sink comp="395" pin=3"/></net>

<net id="411"><net_src comp="12" pin="0"/><net_sink comp="405" pin=0"/></net>

<net id="412"><net_src comp="214" pin="2"/><net_sink comp="405" pin=1"/></net>

<net id="413"><net_src comp="58" pin="0"/><net_sink comp="405" pin=2"/></net>

<net id="414"><net_src comp="62" pin="0"/><net_sink comp="405" pin=3"/></net>

<net id="421"><net_src comp="6" pin="0"/><net_sink comp="415" pin=0"/></net>

<net id="422"><net_src comp="214" pin="2"/><net_sink comp="415" pin=1"/></net>

<net id="423"><net_src comp="64" pin="0"/><net_sink comp="415" pin=2"/></net>

<net id="424"><net_src comp="66" pin="0"/><net_sink comp="415" pin=3"/></net>

<net id="431"><net_src comp="12" pin="0"/><net_sink comp="425" pin=0"/></net>

<net id="432"><net_src comp="214" pin="2"/><net_sink comp="425" pin=1"/></net>

<net id="433"><net_src comp="64" pin="0"/><net_sink comp="425" pin=2"/></net>

<net id="434"><net_src comp="68" pin="0"/><net_sink comp="425" pin=3"/></net>

<net id="441"><net_src comp="6" pin="0"/><net_sink comp="435" pin=0"/></net>

<net id="442"><net_src comp="214" pin="2"/><net_sink comp="435" pin=1"/></net>

<net id="443"><net_src comp="70" pin="0"/><net_sink comp="435" pin=2"/></net>

<net id="444"><net_src comp="72" pin="0"/><net_sink comp="435" pin=3"/></net>

<net id="451"><net_src comp="12" pin="0"/><net_sink comp="445" pin=0"/></net>

<net id="452"><net_src comp="214" pin="2"/><net_sink comp="445" pin=1"/></net>

<net id="453"><net_src comp="70" pin="0"/><net_sink comp="445" pin=2"/></net>

<net id="454"><net_src comp="74" pin="0"/><net_sink comp="445" pin=3"/></net>

<net id="461"><net_src comp="6" pin="0"/><net_sink comp="455" pin=0"/></net>

<net id="462"><net_src comp="214" pin="2"/><net_sink comp="455" pin=1"/></net>

<net id="463"><net_src comp="76" pin="0"/><net_sink comp="455" pin=2"/></net>

<net id="464"><net_src comp="78" pin="0"/><net_sink comp="455" pin=3"/></net>

<net id="471"><net_src comp="12" pin="0"/><net_sink comp="465" pin=0"/></net>

<net id="472"><net_src comp="214" pin="2"/><net_sink comp="465" pin=1"/></net>

<net id="473"><net_src comp="76" pin="0"/><net_sink comp="465" pin=2"/></net>

<net id="474"><net_src comp="80" pin="0"/><net_sink comp="465" pin=3"/></net>

<net id="481"><net_src comp="6" pin="0"/><net_sink comp="475" pin=0"/></net>

<net id="482"><net_src comp="214" pin="2"/><net_sink comp="475" pin=1"/></net>

<net id="483"><net_src comp="82" pin="0"/><net_sink comp="475" pin=2"/></net>

<net id="484"><net_src comp="84" pin="0"/><net_sink comp="475" pin=3"/></net>

<net id="491"><net_src comp="12" pin="0"/><net_sink comp="485" pin=0"/></net>

<net id="492"><net_src comp="214" pin="2"/><net_sink comp="485" pin=1"/></net>

<net id="493"><net_src comp="82" pin="0"/><net_sink comp="485" pin=2"/></net>

<net id="494"><net_src comp="86" pin="0"/><net_sink comp="485" pin=3"/></net>

<net id="501"><net_src comp="6" pin="0"/><net_sink comp="495" pin=0"/></net>

<net id="502"><net_src comp="214" pin="2"/><net_sink comp="495" pin=1"/></net>

<net id="503"><net_src comp="88" pin="0"/><net_sink comp="495" pin=2"/></net>

<net id="504"><net_src comp="90" pin="0"/><net_sink comp="495" pin=3"/></net>

<net id="511"><net_src comp="12" pin="0"/><net_sink comp="505" pin=0"/></net>

<net id="512"><net_src comp="214" pin="2"/><net_sink comp="505" pin=1"/></net>

<net id="513"><net_src comp="88" pin="0"/><net_sink comp="505" pin=2"/></net>

<net id="514"><net_src comp="92" pin="0"/><net_sink comp="505" pin=3"/></net>

<net id="521"><net_src comp="6" pin="0"/><net_sink comp="515" pin=0"/></net>

<net id="522"><net_src comp="214" pin="2"/><net_sink comp="515" pin=1"/></net>

<net id="523"><net_src comp="94" pin="0"/><net_sink comp="515" pin=2"/></net>

<net id="524"><net_src comp="96" pin="0"/><net_sink comp="515" pin=3"/></net>

<net id="531"><net_src comp="12" pin="0"/><net_sink comp="525" pin=0"/></net>

<net id="532"><net_src comp="214" pin="2"/><net_sink comp="525" pin=1"/></net>

<net id="533"><net_src comp="94" pin="0"/><net_sink comp="525" pin=2"/></net>

<net id="534"><net_src comp="98" pin="0"/><net_sink comp="525" pin=3"/></net>

<net id="541"><net_src comp="6" pin="0"/><net_sink comp="535" pin=0"/></net>

<net id="542"><net_src comp="214" pin="2"/><net_sink comp="535" pin=1"/></net>

<net id="543"><net_src comp="100" pin="0"/><net_sink comp="535" pin=2"/></net>

<net id="544"><net_src comp="102" pin="0"/><net_sink comp="535" pin=3"/></net>

<net id="551"><net_src comp="12" pin="0"/><net_sink comp="545" pin=0"/></net>

<net id="552"><net_src comp="214" pin="2"/><net_sink comp="545" pin=1"/></net>

<net id="553"><net_src comp="100" pin="0"/><net_sink comp="545" pin=2"/></net>

<net id="554"><net_src comp="104" pin="0"/><net_sink comp="545" pin=3"/></net>

<net id="561"><net_src comp="6" pin="0"/><net_sink comp="555" pin=0"/></net>

<net id="562"><net_src comp="214" pin="2"/><net_sink comp="555" pin=1"/></net>

<net id="563"><net_src comp="106" pin="0"/><net_sink comp="555" pin=2"/></net>

<net id="564"><net_src comp="108" pin="0"/><net_sink comp="555" pin=3"/></net>

<net id="571"><net_src comp="12" pin="0"/><net_sink comp="565" pin=0"/></net>

<net id="572"><net_src comp="214" pin="2"/><net_sink comp="565" pin=1"/></net>

<net id="573"><net_src comp="106" pin="0"/><net_sink comp="565" pin=2"/></net>

<net id="574"><net_src comp="110" pin="0"/><net_sink comp="565" pin=3"/></net>

<net id="581"><net_src comp="6" pin="0"/><net_sink comp="575" pin=0"/></net>

<net id="582"><net_src comp="214" pin="2"/><net_sink comp="575" pin=1"/></net>

<net id="583"><net_src comp="112" pin="0"/><net_sink comp="575" pin=2"/></net>

<net id="584"><net_src comp="114" pin="0"/><net_sink comp="575" pin=3"/></net>

<net id="591"><net_src comp="12" pin="0"/><net_sink comp="585" pin=0"/></net>

<net id="592"><net_src comp="214" pin="2"/><net_sink comp="585" pin=1"/></net>

<net id="593"><net_src comp="112" pin="0"/><net_sink comp="585" pin=2"/></net>

<net id="594"><net_src comp="116" pin="0"/><net_sink comp="585" pin=3"/></net>

<net id="601"><net_src comp="6" pin="0"/><net_sink comp="595" pin=0"/></net>

<net id="602"><net_src comp="214" pin="2"/><net_sink comp="595" pin=1"/></net>

<net id="603"><net_src comp="118" pin="0"/><net_sink comp="595" pin=2"/></net>

<net id="604"><net_src comp="120" pin="0"/><net_sink comp="595" pin=3"/></net>

<net id="611"><net_src comp="12" pin="0"/><net_sink comp="605" pin=0"/></net>

<net id="612"><net_src comp="214" pin="2"/><net_sink comp="605" pin=1"/></net>

<net id="613"><net_src comp="118" pin="0"/><net_sink comp="605" pin=2"/></net>

<net id="614"><net_src comp="122" pin="0"/><net_sink comp="605" pin=3"/></net>

<net id="621"><net_src comp="6" pin="0"/><net_sink comp="615" pin=0"/></net>

<net id="622"><net_src comp="214" pin="2"/><net_sink comp="615" pin=1"/></net>

<net id="623"><net_src comp="124" pin="0"/><net_sink comp="615" pin=2"/></net>

<net id="624"><net_src comp="126" pin="0"/><net_sink comp="615" pin=3"/></net>

<net id="631"><net_src comp="12" pin="0"/><net_sink comp="625" pin=0"/></net>

<net id="632"><net_src comp="214" pin="2"/><net_sink comp="625" pin=1"/></net>

<net id="633"><net_src comp="124" pin="0"/><net_sink comp="625" pin=2"/></net>

<net id="634"><net_src comp="128" pin="0"/><net_sink comp="625" pin=3"/></net>

<net id="641"><net_src comp="6" pin="0"/><net_sink comp="635" pin=0"/></net>

<net id="642"><net_src comp="214" pin="2"/><net_sink comp="635" pin=1"/></net>

<net id="643"><net_src comp="130" pin="0"/><net_sink comp="635" pin=2"/></net>

<net id="644"><net_src comp="132" pin="0"/><net_sink comp="635" pin=3"/></net>

<net id="651"><net_src comp="12" pin="0"/><net_sink comp="645" pin=0"/></net>

<net id="652"><net_src comp="214" pin="2"/><net_sink comp="645" pin=1"/></net>

<net id="653"><net_src comp="130" pin="0"/><net_sink comp="645" pin=2"/></net>

<net id="654"><net_src comp="134" pin="0"/><net_sink comp="645" pin=3"/></net>

<net id="661"><net_src comp="6" pin="0"/><net_sink comp="655" pin=0"/></net>

<net id="662"><net_src comp="214" pin="2"/><net_sink comp="655" pin=1"/></net>

<net id="663"><net_src comp="136" pin="0"/><net_sink comp="655" pin=2"/></net>

<net id="664"><net_src comp="138" pin="0"/><net_sink comp="655" pin=3"/></net>

<net id="671"><net_src comp="12" pin="0"/><net_sink comp="665" pin=0"/></net>

<net id="672"><net_src comp="214" pin="2"/><net_sink comp="665" pin=1"/></net>

<net id="673"><net_src comp="136" pin="0"/><net_sink comp="665" pin=2"/></net>

<net id="674"><net_src comp="140" pin="0"/><net_sink comp="665" pin=3"/></net>

<net id="681"><net_src comp="6" pin="0"/><net_sink comp="675" pin=0"/></net>

<net id="682"><net_src comp="214" pin="2"/><net_sink comp="675" pin=1"/></net>

<net id="683"><net_src comp="142" pin="0"/><net_sink comp="675" pin=2"/></net>

<net id="684"><net_src comp="144" pin="0"/><net_sink comp="675" pin=3"/></net>

<net id="691"><net_src comp="12" pin="0"/><net_sink comp="685" pin=0"/></net>

<net id="692"><net_src comp="214" pin="2"/><net_sink comp="685" pin=1"/></net>

<net id="693"><net_src comp="142" pin="0"/><net_sink comp="685" pin=2"/></net>

<net id="694"><net_src comp="146" pin="0"/><net_sink comp="685" pin=3"/></net>

<net id="701"><net_src comp="6" pin="0"/><net_sink comp="695" pin=0"/></net>

<net id="702"><net_src comp="214" pin="2"/><net_sink comp="695" pin=1"/></net>

<net id="703"><net_src comp="148" pin="0"/><net_sink comp="695" pin=2"/></net>

<net id="704"><net_src comp="150" pin="0"/><net_sink comp="695" pin=3"/></net>

<net id="711"><net_src comp="12" pin="0"/><net_sink comp="705" pin=0"/></net>

<net id="712"><net_src comp="214" pin="2"/><net_sink comp="705" pin=1"/></net>

<net id="713"><net_src comp="148" pin="0"/><net_sink comp="705" pin=2"/></net>

<net id="714"><net_src comp="152" pin="0"/><net_sink comp="705" pin=3"/></net>

<net id="721"><net_src comp="6" pin="0"/><net_sink comp="715" pin=0"/></net>

<net id="722"><net_src comp="214" pin="2"/><net_sink comp="715" pin=1"/></net>

<net id="723"><net_src comp="154" pin="0"/><net_sink comp="715" pin=2"/></net>

<net id="724"><net_src comp="156" pin="0"/><net_sink comp="715" pin=3"/></net>

<net id="731"><net_src comp="12" pin="0"/><net_sink comp="725" pin=0"/></net>

<net id="732"><net_src comp="214" pin="2"/><net_sink comp="725" pin=1"/></net>

<net id="733"><net_src comp="154" pin="0"/><net_sink comp="725" pin=2"/></net>

<net id="734"><net_src comp="158" pin="0"/><net_sink comp="725" pin=3"/></net>

<net id="741"><net_src comp="6" pin="0"/><net_sink comp="735" pin=0"/></net>

<net id="742"><net_src comp="214" pin="2"/><net_sink comp="735" pin=1"/></net>

<net id="743"><net_src comp="160" pin="0"/><net_sink comp="735" pin=2"/></net>

<net id="744"><net_src comp="162" pin="0"/><net_sink comp="735" pin=3"/></net>

<net id="751"><net_src comp="12" pin="0"/><net_sink comp="745" pin=0"/></net>

<net id="752"><net_src comp="214" pin="2"/><net_sink comp="745" pin=1"/></net>

<net id="753"><net_src comp="160" pin="0"/><net_sink comp="745" pin=2"/></net>

<net id="754"><net_src comp="164" pin="0"/><net_sink comp="745" pin=3"/></net>

<net id="761"><net_src comp="6" pin="0"/><net_sink comp="755" pin=0"/></net>

<net id="762"><net_src comp="214" pin="2"/><net_sink comp="755" pin=1"/></net>

<net id="763"><net_src comp="166" pin="0"/><net_sink comp="755" pin=2"/></net>

<net id="764"><net_src comp="168" pin="0"/><net_sink comp="755" pin=3"/></net>

<net id="771"><net_src comp="12" pin="0"/><net_sink comp="765" pin=0"/></net>

<net id="772"><net_src comp="214" pin="2"/><net_sink comp="765" pin=1"/></net>

<net id="773"><net_src comp="166" pin="0"/><net_sink comp="765" pin=2"/></net>

<net id="774"><net_src comp="170" pin="0"/><net_sink comp="765" pin=3"/></net>

<net id="781"><net_src comp="6" pin="0"/><net_sink comp="775" pin=0"/></net>

<net id="782"><net_src comp="214" pin="2"/><net_sink comp="775" pin=1"/></net>

<net id="783"><net_src comp="172" pin="0"/><net_sink comp="775" pin=2"/></net>

<net id="784"><net_src comp="174" pin="0"/><net_sink comp="775" pin=3"/></net>

<net id="791"><net_src comp="12" pin="0"/><net_sink comp="785" pin=0"/></net>

<net id="792"><net_src comp="214" pin="2"/><net_sink comp="785" pin=1"/></net>

<net id="793"><net_src comp="172" pin="0"/><net_sink comp="785" pin=2"/></net>

<net id="794"><net_src comp="176" pin="0"/><net_sink comp="785" pin=3"/></net>

<net id="801"><net_src comp="6" pin="0"/><net_sink comp="795" pin=0"/></net>

<net id="802"><net_src comp="214" pin="2"/><net_sink comp="795" pin=1"/></net>

<net id="803"><net_src comp="178" pin="0"/><net_sink comp="795" pin=2"/></net>

<net id="804"><net_src comp="180" pin="0"/><net_sink comp="795" pin=3"/></net>

<net id="811"><net_src comp="12" pin="0"/><net_sink comp="805" pin=0"/></net>

<net id="812"><net_src comp="214" pin="2"/><net_sink comp="805" pin=1"/></net>

<net id="813"><net_src comp="178" pin="0"/><net_sink comp="805" pin=2"/></net>

<net id="814"><net_src comp="182" pin="0"/><net_sink comp="805" pin=3"/></net>

<net id="821"><net_src comp="6" pin="0"/><net_sink comp="815" pin=0"/></net>

<net id="822"><net_src comp="214" pin="2"/><net_sink comp="815" pin=1"/></net>

<net id="823"><net_src comp="184" pin="0"/><net_sink comp="815" pin=2"/></net>

<net id="824"><net_src comp="186" pin="0"/><net_sink comp="815" pin=3"/></net>

<net id="831"><net_src comp="12" pin="0"/><net_sink comp="825" pin=0"/></net>

<net id="832"><net_src comp="214" pin="2"/><net_sink comp="825" pin=1"/></net>

<net id="833"><net_src comp="184" pin="0"/><net_sink comp="825" pin=2"/></net>

<net id="834"><net_src comp="188" pin="0"/><net_sink comp="825" pin=3"/></net>

<net id="841"><net_src comp="6" pin="0"/><net_sink comp="835" pin=0"/></net>

<net id="842"><net_src comp="214" pin="2"/><net_sink comp="835" pin=1"/></net>

<net id="843"><net_src comp="190" pin="0"/><net_sink comp="835" pin=2"/></net>

<net id="844"><net_src comp="192" pin="0"/><net_sink comp="835" pin=3"/></net>

<net id="851"><net_src comp="12" pin="0"/><net_sink comp="845" pin=0"/></net>

<net id="852"><net_src comp="214" pin="2"/><net_sink comp="845" pin=1"/></net>

<net id="853"><net_src comp="190" pin="0"/><net_sink comp="845" pin=2"/></net>

<net id="854"><net_src comp="194" pin="0"/><net_sink comp="845" pin=3"/></net>

<net id="859"><net_src comp="196" pin="0"/><net_sink comp="855" pin=1"/></net>

<net id="865"><net_src comp="855" pin="2"/><net_sink comp="860" pin=0"/></net>

<net id="866"><net_src comp="198" pin="0"/><net_sink comp="860" pin=2"/></net>

<net id="871"><net_src comp="196" pin="0"/><net_sink comp="867" pin=1"/></net>

<net id="877"><net_src comp="867" pin="2"/><net_sink comp="872" pin=0"/></net>

<net id="878"><net_src comp="198" pin="0"/><net_sink comp="872" pin=2"/></net>

<net id="883"><net_src comp="196" pin="0"/><net_sink comp="879" pin=1"/></net>

<net id="889"><net_src comp="879" pin="2"/><net_sink comp="884" pin=0"/></net>

<net id="890"><net_src comp="198" pin="0"/><net_sink comp="884" pin=2"/></net>

<net id="895"><net_src comp="196" pin="0"/><net_sink comp="891" pin=1"/></net>

<net id="901"><net_src comp="891" pin="2"/><net_sink comp="896" pin=0"/></net>

<net id="902"><net_src comp="198" pin="0"/><net_sink comp="896" pin=2"/></net>

<net id="907"><net_src comp="196" pin="0"/><net_sink comp="903" pin=1"/></net>

<net id="913"><net_src comp="903" pin="2"/><net_sink comp="908" pin=0"/></net>

<net id="914"><net_src comp="198" pin="0"/><net_sink comp="908" pin=2"/></net>

<net id="919"><net_src comp="196" pin="0"/><net_sink comp="915" pin=1"/></net>

<net id="925"><net_src comp="915" pin="2"/><net_sink comp="920" pin=0"/></net>

<net id="926"><net_src comp="198" pin="0"/><net_sink comp="920" pin=2"/></net>

<net id="931"><net_src comp="196" pin="0"/><net_sink comp="927" pin=1"/></net>

<net id="937"><net_src comp="927" pin="2"/><net_sink comp="932" pin=0"/></net>

<net id="938"><net_src comp="198" pin="0"/><net_sink comp="932" pin=2"/></net>

<net id="943"><net_src comp="196" pin="0"/><net_sink comp="939" pin=1"/></net>

<net id="949"><net_src comp="939" pin="2"/><net_sink comp="944" pin=0"/></net>

<net id="950"><net_src comp="198" pin="0"/><net_sink comp="944" pin=2"/></net>

<net id="955"><net_src comp="196" pin="0"/><net_sink comp="951" pin=1"/></net>

<net id="961"><net_src comp="951" pin="2"/><net_sink comp="956" pin=0"/></net>

<net id="962"><net_src comp="198" pin="0"/><net_sink comp="956" pin=2"/></net>

<net id="967"><net_src comp="196" pin="0"/><net_sink comp="963" pin=1"/></net>

<net id="973"><net_src comp="963" pin="2"/><net_sink comp="968" pin=0"/></net>

<net id="974"><net_src comp="198" pin="0"/><net_sink comp="968" pin=2"/></net>

<net id="979"><net_src comp="196" pin="0"/><net_sink comp="975" pin=1"/></net>

<net id="985"><net_src comp="975" pin="2"/><net_sink comp="980" pin=0"/></net>

<net id="986"><net_src comp="198" pin="0"/><net_sink comp="980" pin=2"/></net>

<net id="991"><net_src comp="196" pin="0"/><net_sink comp="987" pin=1"/></net>

<net id="997"><net_src comp="987" pin="2"/><net_sink comp="992" pin=0"/></net>

<net id="998"><net_src comp="198" pin="0"/><net_sink comp="992" pin=2"/></net>

<net id="1003"><net_src comp="196" pin="0"/><net_sink comp="999" pin=1"/></net>

<net id="1009"><net_src comp="999" pin="2"/><net_sink comp="1004" pin=0"/></net>

<net id="1010"><net_src comp="198" pin="0"/><net_sink comp="1004" pin=2"/></net>

<net id="1015"><net_src comp="196" pin="0"/><net_sink comp="1011" pin=1"/></net>

<net id="1021"><net_src comp="1011" pin="2"/><net_sink comp="1016" pin=0"/></net>

<net id="1022"><net_src comp="198" pin="0"/><net_sink comp="1016" pin=2"/></net>

<net id="1027"><net_src comp="196" pin="0"/><net_sink comp="1023" pin=1"/></net>

<net id="1033"><net_src comp="1023" pin="2"/><net_sink comp="1028" pin=0"/></net>

<net id="1034"><net_src comp="198" pin="0"/><net_sink comp="1028" pin=2"/></net>

<net id="1039"><net_src comp="196" pin="0"/><net_sink comp="1035" pin=1"/></net>

<net id="1045"><net_src comp="1035" pin="2"/><net_sink comp="1040" pin=0"/></net>

<net id="1046"><net_src comp="198" pin="0"/><net_sink comp="1040" pin=2"/></net>

<net id="1051"><net_src comp="196" pin="0"/><net_sink comp="1047" pin=1"/></net>

<net id="1057"><net_src comp="1047" pin="2"/><net_sink comp="1052" pin=0"/></net>

<net id="1058"><net_src comp="198" pin="0"/><net_sink comp="1052" pin=2"/></net>

<net id="1063"><net_src comp="196" pin="0"/><net_sink comp="1059" pin=1"/></net>

<net id="1069"><net_src comp="1059" pin="2"/><net_sink comp="1064" pin=0"/></net>

<net id="1070"><net_src comp="198" pin="0"/><net_sink comp="1064" pin=2"/></net>

<net id="1075"><net_src comp="196" pin="0"/><net_sink comp="1071" pin=1"/></net>

<net id="1081"><net_src comp="1071" pin="2"/><net_sink comp="1076" pin=0"/></net>

<net id="1082"><net_src comp="198" pin="0"/><net_sink comp="1076" pin=2"/></net>

<net id="1087"><net_src comp="196" pin="0"/><net_sink comp="1083" pin=1"/></net>

<net id="1093"><net_src comp="1083" pin="2"/><net_sink comp="1088" pin=0"/></net>

<net id="1094"><net_src comp="198" pin="0"/><net_sink comp="1088" pin=2"/></net>

<net id="1099"><net_src comp="196" pin="0"/><net_sink comp="1095" pin=1"/></net>

<net id="1105"><net_src comp="1095" pin="2"/><net_sink comp="1100" pin=0"/></net>

<net id="1106"><net_src comp="198" pin="0"/><net_sink comp="1100" pin=2"/></net>

<net id="1111"><net_src comp="196" pin="0"/><net_sink comp="1107" pin=1"/></net>

<net id="1117"><net_src comp="1107" pin="2"/><net_sink comp="1112" pin=0"/></net>

<net id="1118"><net_src comp="198" pin="0"/><net_sink comp="1112" pin=2"/></net>

<net id="1123"><net_src comp="196" pin="0"/><net_sink comp="1119" pin=1"/></net>

<net id="1129"><net_src comp="1119" pin="2"/><net_sink comp="1124" pin=0"/></net>

<net id="1130"><net_src comp="198" pin="0"/><net_sink comp="1124" pin=2"/></net>

<net id="1135"><net_src comp="196" pin="0"/><net_sink comp="1131" pin=1"/></net>

<net id="1141"><net_src comp="1131" pin="2"/><net_sink comp="1136" pin=0"/></net>

<net id="1142"><net_src comp="198" pin="0"/><net_sink comp="1136" pin=2"/></net>

<net id="1147"><net_src comp="196" pin="0"/><net_sink comp="1143" pin=1"/></net>

<net id="1153"><net_src comp="1143" pin="2"/><net_sink comp="1148" pin=0"/></net>

<net id="1154"><net_src comp="198" pin="0"/><net_sink comp="1148" pin=2"/></net>

<net id="1159"><net_src comp="196" pin="0"/><net_sink comp="1155" pin=1"/></net>

<net id="1165"><net_src comp="1155" pin="2"/><net_sink comp="1160" pin=0"/></net>

<net id="1166"><net_src comp="198" pin="0"/><net_sink comp="1160" pin=2"/></net>

<net id="1171"><net_src comp="196" pin="0"/><net_sink comp="1167" pin=1"/></net>

<net id="1177"><net_src comp="1167" pin="2"/><net_sink comp="1172" pin=0"/></net>

<net id="1178"><net_src comp="198" pin="0"/><net_sink comp="1172" pin=2"/></net>

<net id="1183"><net_src comp="196" pin="0"/><net_sink comp="1179" pin=1"/></net>

<net id="1189"><net_src comp="1179" pin="2"/><net_sink comp="1184" pin=0"/></net>

<net id="1190"><net_src comp="198" pin="0"/><net_sink comp="1184" pin=2"/></net>

<net id="1195"><net_src comp="196" pin="0"/><net_sink comp="1191" pin=1"/></net>

<net id="1201"><net_src comp="1191" pin="2"/><net_sink comp="1196" pin=0"/></net>

<net id="1202"><net_src comp="198" pin="0"/><net_sink comp="1196" pin=2"/></net>

<net id="1207"><net_src comp="196" pin="0"/><net_sink comp="1203" pin=1"/></net>

<net id="1213"><net_src comp="1203" pin="2"/><net_sink comp="1208" pin=0"/></net>

<net id="1214"><net_src comp="198" pin="0"/><net_sink comp="1208" pin=2"/></net>

<net id="1219"><net_src comp="196" pin="0"/><net_sink comp="1215" pin=1"/></net>

<net id="1225"><net_src comp="1215" pin="2"/><net_sink comp="1220" pin=0"/></net>

<net id="1226"><net_src comp="198" pin="0"/><net_sink comp="1220" pin=2"/></net>

<net id="1231"><net_src comp="196" pin="0"/><net_sink comp="1227" pin=1"/></net>

<net id="1237"><net_src comp="1227" pin="2"/><net_sink comp="1232" pin=0"/></net>

<net id="1238"><net_src comp="198" pin="0"/><net_sink comp="1232" pin=2"/></net>

<net id="1367"><net_src comp="210" pin="0"/><net_sink comp="1332" pin=0"/></net>

<net id="1368"><net_src comp="1329" pin="1"/><net_sink comp="1332" pin=2"/></net>

<net id="1369"><net_src comp="1326" pin="1"/><net_sink comp="1332" pin=3"/></net>

<net id="1370"><net_src comp="1323" pin="1"/><net_sink comp="1332" pin=4"/></net>

<net id="1371"><net_src comp="1320" pin="1"/><net_sink comp="1332" pin=5"/></net>

<net id="1372"><net_src comp="1317" pin="1"/><net_sink comp="1332" pin=6"/></net>

<net id="1373"><net_src comp="1314" pin="1"/><net_sink comp="1332" pin=7"/></net>

<net id="1374"><net_src comp="1311" pin="1"/><net_sink comp="1332" pin=8"/></net>

<net id="1375"><net_src comp="1308" pin="1"/><net_sink comp="1332" pin=9"/></net>

<net id="1376"><net_src comp="1305" pin="1"/><net_sink comp="1332" pin=10"/></net>

<net id="1377"><net_src comp="1302" pin="1"/><net_sink comp="1332" pin=11"/></net>

<net id="1378"><net_src comp="1299" pin="1"/><net_sink comp="1332" pin=12"/></net>

<net id="1379"><net_src comp="1296" pin="1"/><net_sink comp="1332" pin=13"/></net>

<net id="1380"><net_src comp="1293" pin="1"/><net_sink comp="1332" pin=14"/></net>

<net id="1381"><net_src comp="1290" pin="1"/><net_sink comp="1332" pin=15"/></net>

<net id="1382"><net_src comp="1287" pin="1"/><net_sink comp="1332" pin=16"/></net>

<net id="1383"><net_src comp="1284" pin="1"/><net_sink comp="1332" pin=17"/></net>

<net id="1384"><net_src comp="1281" pin="1"/><net_sink comp="1332" pin=18"/></net>

<net id="1385"><net_src comp="1278" pin="1"/><net_sink comp="1332" pin=19"/></net>

<net id="1386"><net_src comp="1275" pin="1"/><net_sink comp="1332" pin=20"/></net>

<net id="1387"><net_src comp="1272" pin="1"/><net_sink comp="1332" pin=21"/></net>

<net id="1388"><net_src comp="1269" pin="1"/><net_sink comp="1332" pin=22"/></net>

<net id="1389"><net_src comp="1266" pin="1"/><net_sink comp="1332" pin=23"/></net>

<net id="1390"><net_src comp="1263" pin="1"/><net_sink comp="1332" pin=24"/></net>

<net id="1391"><net_src comp="1260" pin="1"/><net_sink comp="1332" pin=25"/></net>

<net id="1392"><net_src comp="1257" pin="1"/><net_sink comp="1332" pin=26"/></net>

<net id="1393"><net_src comp="1254" pin="1"/><net_sink comp="1332" pin=27"/></net>

<net id="1394"><net_src comp="1251" pin="1"/><net_sink comp="1332" pin=28"/></net>

<net id="1395"><net_src comp="1248" pin="1"/><net_sink comp="1332" pin=29"/></net>

<net id="1396"><net_src comp="1245" pin="1"/><net_sink comp="1332" pin=30"/></net>

<net id="1397"><net_src comp="1242" pin="1"/><net_sink comp="1332" pin=31"/></net>

<net id="1398"><net_src comp="1239" pin="1"/><net_sink comp="1332" pin=32"/></net>

<net id="1402"><net_src comp="1332" pin="33"/><net_sink comp="1399" pin=0"/></net>

<net id="1403"><net_src comp="1399" pin="1"/><net_sink comp="220" pin=2"/></net>

<net id="1407"><net_src comp="227" pin="1"/><net_sink comp="1404" pin=0"/></net>

<net id="1408"><net_src comp="1404" pin="1"/><net_sink comp="855" pin=0"/></net>

<net id="1412"><net_src comp="231" pin="1"/><net_sink comp="1409" pin=0"/></net>

<net id="1413"><net_src comp="1409" pin="1"/><net_sink comp="860" pin=1"/></net>

<net id="1417"><net_src comp="235" pin="4"/><net_sink comp="1414" pin=0"/></net>

<net id="1418"><net_src comp="1414" pin="1"/><net_sink comp="867" pin=0"/></net>

<net id="1422"><net_src comp="245" pin="4"/><net_sink comp="1419" pin=0"/></net>

<net id="1423"><net_src comp="1419" pin="1"/><net_sink comp="872" pin=1"/></net>

<net id="1427"><net_src comp="255" pin="4"/><net_sink comp="1424" pin=0"/></net>

<net id="1428"><net_src comp="1424" pin="1"/><net_sink comp="879" pin=0"/></net>

<net id="1432"><net_src comp="265" pin="4"/><net_sink comp="1429" pin=0"/></net>

<net id="1433"><net_src comp="1429" pin="1"/><net_sink comp="884" pin=1"/></net>

<net id="1437"><net_src comp="275" pin="4"/><net_sink comp="1434" pin=0"/></net>

<net id="1438"><net_src comp="1434" pin="1"/><net_sink comp="891" pin=0"/></net>

<net id="1442"><net_src comp="285" pin="4"/><net_sink comp="1439" pin=0"/></net>

<net id="1443"><net_src comp="1439" pin="1"/><net_sink comp="896" pin=1"/></net>

<net id="1447"><net_src comp="295" pin="4"/><net_sink comp="1444" pin=0"/></net>

<net id="1448"><net_src comp="1444" pin="1"/><net_sink comp="903" pin=0"/></net>

<net id="1452"><net_src comp="305" pin="4"/><net_sink comp="1449" pin=0"/></net>

<net id="1453"><net_src comp="1449" pin="1"/><net_sink comp="908" pin=1"/></net>

<net id="1457"><net_src comp="315" pin="4"/><net_sink comp="1454" pin=0"/></net>

<net id="1458"><net_src comp="1454" pin="1"/><net_sink comp="915" pin=0"/></net>

<net id="1462"><net_src comp="325" pin="4"/><net_sink comp="1459" pin=0"/></net>

<net id="1463"><net_src comp="1459" pin="1"/><net_sink comp="920" pin=1"/></net>

<net id="1467"><net_src comp="335" pin="4"/><net_sink comp="1464" pin=0"/></net>

<net id="1468"><net_src comp="1464" pin="1"/><net_sink comp="927" pin=0"/></net>

<net id="1472"><net_src comp="345" pin="4"/><net_sink comp="1469" pin=0"/></net>

<net id="1473"><net_src comp="1469" pin="1"/><net_sink comp="932" pin=1"/></net>

<net id="1477"><net_src comp="355" pin="4"/><net_sink comp="1474" pin=0"/></net>

<net id="1478"><net_src comp="1474" pin="1"/><net_sink comp="939" pin=0"/></net>

<net id="1482"><net_src comp="365" pin="4"/><net_sink comp="1479" pin=0"/></net>

<net id="1483"><net_src comp="1479" pin="1"/><net_sink comp="944" pin=1"/></net>

<net id="1487"><net_src comp="375" pin="4"/><net_sink comp="1484" pin=0"/></net>

<net id="1488"><net_src comp="1484" pin="1"/><net_sink comp="951" pin=0"/></net>

<net id="1492"><net_src comp="385" pin="4"/><net_sink comp="1489" pin=0"/></net>

<net id="1493"><net_src comp="1489" pin="1"/><net_sink comp="956" pin=1"/></net>

<net id="1497"><net_src comp="395" pin="4"/><net_sink comp="1494" pin=0"/></net>

<net id="1498"><net_src comp="1494" pin="1"/><net_sink comp="963" pin=0"/></net>

<net id="1502"><net_src comp="405" pin="4"/><net_sink comp="1499" pin=0"/></net>

<net id="1503"><net_src comp="1499" pin="1"/><net_sink comp="968" pin=1"/></net>

<net id="1507"><net_src comp="415" pin="4"/><net_sink comp="1504" pin=0"/></net>

<net id="1508"><net_src comp="1504" pin="1"/><net_sink comp="975" pin=0"/></net>

<net id="1512"><net_src comp="425" pin="4"/><net_sink comp="1509" pin=0"/></net>

<net id="1513"><net_src comp="1509" pin="1"/><net_sink comp="980" pin=1"/></net>

<net id="1517"><net_src comp="435" pin="4"/><net_sink comp="1514" pin=0"/></net>

<net id="1518"><net_src comp="1514" pin="1"/><net_sink comp="987" pin=0"/></net>

<net id="1522"><net_src comp="445" pin="4"/><net_sink comp="1519" pin=0"/></net>

<net id="1523"><net_src comp="1519" pin="1"/><net_sink comp="992" pin=1"/></net>

<net id="1527"><net_src comp="455" pin="4"/><net_sink comp="1524" pin=0"/></net>

<net id="1528"><net_src comp="1524" pin="1"/><net_sink comp="999" pin=0"/></net>

<net id="1532"><net_src comp="465" pin="4"/><net_sink comp="1529" pin=0"/></net>

<net id="1533"><net_src comp="1529" pin="1"/><net_sink comp="1004" pin=1"/></net>

<net id="1537"><net_src comp="475" pin="4"/><net_sink comp="1534" pin=0"/></net>

<net id="1538"><net_src comp="1534" pin="1"/><net_sink comp="1011" pin=0"/></net>

<net id="1542"><net_src comp="485" pin="4"/><net_sink comp="1539" pin=0"/></net>

<net id="1543"><net_src comp="1539" pin="1"/><net_sink comp="1016" pin=1"/></net>

<net id="1547"><net_src comp="495" pin="4"/><net_sink comp="1544" pin=0"/></net>

<net id="1548"><net_src comp="1544" pin="1"/><net_sink comp="1023" pin=0"/></net>

<net id="1552"><net_src comp="505" pin="4"/><net_sink comp="1549" pin=0"/></net>

<net id="1553"><net_src comp="1549" pin="1"/><net_sink comp="1028" pin=1"/></net>

<net id="1557"><net_src comp="515" pin="4"/><net_sink comp="1554" pin=0"/></net>

<net id="1558"><net_src comp="1554" pin="1"/><net_sink comp="1035" pin=0"/></net>

<net id="1562"><net_src comp="525" pin="4"/><net_sink comp="1559" pin=0"/></net>

<net id="1563"><net_src comp="1559" pin="1"/><net_sink comp="1040" pin=1"/></net>

<net id="1567"><net_src comp="535" pin="4"/><net_sink comp="1564" pin=0"/></net>

<net id="1568"><net_src comp="1564" pin="1"/><net_sink comp="1047" pin=0"/></net>

<net id="1572"><net_src comp="545" pin="4"/><net_sink comp="1569" pin=0"/></net>

<net id="1573"><net_src comp="1569" pin="1"/><net_sink comp="1052" pin=1"/></net>

<net id="1577"><net_src comp="555" pin="4"/><net_sink comp="1574" pin=0"/></net>

<net id="1578"><net_src comp="1574" pin="1"/><net_sink comp="1059" pin=0"/></net>

<net id="1582"><net_src comp="565" pin="4"/><net_sink comp="1579" pin=0"/></net>

<net id="1583"><net_src comp="1579" pin="1"/><net_sink comp="1064" pin=1"/></net>

<net id="1587"><net_src comp="575" pin="4"/><net_sink comp="1584" pin=0"/></net>

<net id="1588"><net_src comp="1584" pin="1"/><net_sink comp="1071" pin=0"/></net>

<net id="1592"><net_src comp="585" pin="4"/><net_sink comp="1589" pin=0"/></net>

<net id="1593"><net_src comp="1589" pin="1"/><net_sink comp="1076" pin=1"/></net>

<net id="1597"><net_src comp="595" pin="4"/><net_sink comp="1594" pin=0"/></net>

<net id="1598"><net_src comp="1594" pin="1"/><net_sink comp="1083" pin=0"/></net>

<net id="1602"><net_src comp="605" pin="4"/><net_sink comp="1599" pin=0"/></net>

<net id="1603"><net_src comp="1599" pin="1"/><net_sink comp="1088" pin=1"/></net>

<net id="1607"><net_src comp="615" pin="4"/><net_sink comp="1604" pin=0"/></net>

<net id="1608"><net_src comp="1604" pin="1"/><net_sink comp="1095" pin=0"/></net>

<net id="1612"><net_src comp="625" pin="4"/><net_sink comp="1609" pin=0"/></net>

<net id="1613"><net_src comp="1609" pin="1"/><net_sink comp="1100" pin=1"/></net>

<net id="1617"><net_src comp="635" pin="4"/><net_sink comp="1614" pin=0"/></net>

<net id="1618"><net_src comp="1614" pin="1"/><net_sink comp="1107" pin=0"/></net>

<net id="1622"><net_src comp="645" pin="4"/><net_sink comp="1619" pin=0"/></net>

<net id="1623"><net_src comp="1619" pin="1"/><net_sink comp="1112" pin=1"/></net>

<net id="1627"><net_src comp="655" pin="4"/><net_sink comp="1624" pin=0"/></net>

<net id="1628"><net_src comp="1624" pin="1"/><net_sink comp="1119" pin=0"/></net>

<net id="1632"><net_src comp="665" pin="4"/><net_sink comp="1629" pin=0"/></net>

<net id="1633"><net_src comp="1629" pin="1"/><net_sink comp="1124" pin=1"/></net>

<net id="1637"><net_src comp="675" pin="4"/><net_sink comp="1634" pin=0"/></net>

<net id="1638"><net_src comp="1634" pin="1"/><net_sink comp="1131" pin=0"/></net>

<net id="1642"><net_src comp="685" pin="4"/><net_sink comp="1639" pin=0"/></net>

<net id="1643"><net_src comp="1639" pin="1"/><net_sink comp="1136" pin=1"/></net>

<net id="1647"><net_src comp="695" pin="4"/><net_sink comp="1644" pin=0"/></net>

<net id="1648"><net_src comp="1644" pin="1"/><net_sink comp="1143" pin=0"/></net>

<net id="1652"><net_src comp="705" pin="4"/><net_sink comp="1649" pin=0"/></net>

<net id="1653"><net_src comp="1649" pin="1"/><net_sink comp="1148" pin=1"/></net>

<net id="1657"><net_src comp="715" pin="4"/><net_sink comp="1654" pin=0"/></net>

<net id="1658"><net_src comp="1654" pin="1"/><net_sink comp="1155" pin=0"/></net>

<net id="1662"><net_src comp="725" pin="4"/><net_sink comp="1659" pin=0"/></net>

<net id="1663"><net_src comp="1659" pin="1"/><net_sink comp="1160" pin=1"/></net>

<net id="1667"><net_src comp="735" pin="4"/><net_sink comp="1664" pin=0"/></net>

<net id="1668"><net_src comp="1664" pin="1"/><net_sink comp="1167" pin=0"/></net>

<net id="1672"><net_src comp="745" pin="4"/><net_sink comp="1669" pin=0"/></net>

<net id="1673"><net_src comp="1669" pin="1"/><net_sink comp="1172" pin=1"/></net>

<net id="1677"><net_src comp="755" pin="4"/><net_sink comp="1674" pin=0"/></net>

<net id="1678"><net_src comp="1674" pin="1"/><net_sink comp="1179" pin=0"/></net>

<net id="1682"><net_src comp="765" pin="4"/><net_sink comp="1679" pin=0"/></net>

<net id="1683"><net_src comp="1679" pin="1"/><net_sink comp="1184" pin=1"/></net>

<net id="1687"><net_src comp="775" pin="4"/><net_sink comp="1684" pin=0"/></net>

<net id="1688"><net_src comp="1684" pin="1"/><net_sink comp="1191" pin=0"/></net>

<net id="1692"><net_src comp="785" pin="4"/><net_sink comp="1689" pin=0"/></net>

<net id="1693"><net_src comp="1689" pin="1"/><net_sink comp="1196" pin=1"/></net>

<net id="1697"><net_src comp="795" pin="4"/><net_sink comp="1694" pin=0"/></net>

<net id="1698"><net_src comp="1694" pin="1"/><net_sink comp="1203" pin=0"/></net>

<net id="1702"><net_src comp="805" pin="4"/><net_sink comp="1699" pin=0"/></net>

<net id="1703"><net_src comp="1699" pin="1"/><net_sink comp="1208" pin=1"/></net>

<net id="1707"><net_src comp="815" pin="4"/><net_sink comp="1704" pin=0"/></net>

<net id="1708"><net_src comp="1704" pin="1"/><net_sink comp="1215" pin=0"/></net>

<net id="1712"><net_src comp="825" pin="4"/><net_sink comp="1709" pin=0"/></net>

<net id="1713"><net_src comp="1709" pin="1"/><net_sink comp="1220" pin=1"/></net>

<net id="1717"><net_src comp="835" pin="4"/><net_sink comp="1714" pin=0"/></net>

<net id="1718"><net_src comp="1714" pin="1"/><net_sink comp="1227" pin=0"/></net>

<net id="1722"><net_src comp="845" pin="4"/><net_sink comp="1719" pin=0"/></net>

<net id="1723"><net_src comp="1719" pin="1"/><net_sink comp="1232" pin=1"/></net>

<net id="1727"><net_src comp="860" pin="3"/><net_sink comp="1724" pin=0"/></net>

<net id="1728"><net_src comp="1724" pin="1"/><net_sink comp="1239" pin=0"/></net>

<net id="1732"><net_src comp="872" pin="3"/><net_sink comp="1729" pin=0"/></net>

<net id="1733"><net_src comp="1729" pin="1"/><net_sink comp="1242" pin=0"/></net>

<net id="1737"><net_src comp="884" pin="3"/><net_sink comp="1734" pin=0"/></net>

<net id="1738"><net_src comp="1734" pin="1"/><net_sink comp="1245" pin=0"/></net>

<net id="1742"><net_src comp="896" pin="3"/><net_sink comp="1739" pin=0"/></net>

<net id="1743"><net_src comp="1739" pin="1"/><net_sink comp="1248" pin=0"/></net>

<net id="1747"><net_src comp="908" pin="3"/><net_sink comp="1744" pin=0"/></net>

<net id="1748"><net_src comp="1744" pin="1"/><net_sink comp="1251" pin=0"/></net>

<net id="1752"><net_src comp="920" pin="3"/><net_sink comp="1749" pin=0"/></net>

<net id="1753"><net_src comp="1749" pin="1"/><net_sink comp="1254" pin=0"/></net>

<net id="1757"><net_src comp="932" pin="3"/><net_sink comp="1754" pin=0"/></net>

<net id="1758"><net_src comp="1754" pin="1"/><net_sink comp="1257" pin=0"/></net>

<net id="1762"><net_src comp="944" pin="3"/><net_sink comp="1759" pin=0"/></net>

<net id="1763"><net_src comp="1759" pin="1"/><net_sink comp="1260" pin=0"/></net>

<net id="1767"><net_src comp="956" pin="3"/><net_sink comp="1764" pin=0"/></net>

<net id="1768"><net_src comp="1764" pin="1"/><net_sink comp="1263" pin=0"/></net>

<net id="1772"><net_src comp="968" pin="3"/><net_sink comp="1769" pin=0"/></net>

<net id="1773"><net_src comp="1769" pin="1"/><net_sink comp="1266" pin=0"/></net>

<net id="1777"><net_src comp="980" pin="3"/><net_sink comp="1774" pin=0"/></net>

<net id="1778"><net_src comp="1774" pin="1"/><net_sink comp="1269" pin=0"/></net>

<net id="1782"><net_src comp="992" pin="3"/><net_sink comp="1779" pin=0"/></net>

<net id="1783"><net_src comp="1779" pin="1"/><net_sink comp="1272" pin=0"/></net>

<net id="1787"><net_src comp="1004" pin="3"/><net_sink comp="1784" pin=0"/></net>

<net id="1788"><net_src comp="1784" pin="1"/><net_sink comp="1275" pin=0"/></net>

<net id="1792"><net_src comp="1016" pin="3"/><net_sink comp="1789" pin=0"/></net>

<net id="1793"><net_src comp="1789" pin="1"/><net_sink comp="1278" pin=0"/></net>

<net id="1797"><net_src comp="1028" pin="3"/><net_sink comp="1794" pin=0"/></net>

<net id="1798"><net_src comp="1794" pin="1"/><net_sink comp="1281" pin=0"/></net>

<net id="1802"><net_src comp="1040" pin="3"/><net_sink comp="1799" pin=0"/></net>

<net id="1803"><net_src comp="1799" pin="1"/><net_sink comp="1284" pin=0"/></net>

<net id="1807"><net_src comp="1052" pin="3"/><net_sink comp="1804" pin=0"/></net>

<net id="1808"><net_src comp="1804" pin="1"/><net_sink comp="1287" pin=0"/></net>

<net id="1812"><net_src comp="1064" pin="3"/><net_sink comp="1809" pin=0"/></net>

<net id="1813"><net_src comp="1809" pin="1"/><net_sink comp="1290" pin=0"/></net>

<net id="1817"><net_src comp="1076" pin="3"/><net_sink comp="1814" pin=0"/></net>

<net id="1818"><net_src comp="1814" pin="1"/><net_sink comp="1293" pin=0"/></net>

<net id="1822"><net_src comp="1088" pin="3"/><net_sink comp="1819" pin=0"/></net>

<net id="1823"><net_src comp="1819" pin="1"/><net_sink comp="1296" pin=0"/></net>

<net id="1827"><net_src comp="1100" pin="3"/><net_sink comp="1824" pin=0"/></net>

<net id="1828"><net_src comp="1824" pin="1"/><net_sink comp="1299" pin=0"/></net>

<net id="1832"><net_src comp="1112" pin="3"/><net_sink comp="1829" pin=0"/></net>

<net id="1833"><net_src comp="1829" pin="1"/><net_sink comp="1302" pin=0"/></net>

<net id="1837"><net_src comp="1124" pin="3"/><net_sink comp="1834" pin=0"/></net>

<net id="1838"><net_src comp="1834" pin="1"/><net_sink comp="1305" pin=0"/></net>

<net id="1842"><net_src comp="1136" pin="3"/><net_sink comp="1839" pin=0"/></net>

<net id="1843"><net_src comp="1839" pin="1"/><net_sink comp="1308" pin=0"/></net>

<net id="1847"><net_src comp="1148" pin="3"/><net_sink comp="1844" pin=0"/></net>

<net id="1848"><net_src comp="1844" pin="1"/><net_sink comp="1311" pin=0"/></net>

<net id="1852"><net_src comp="1160" pin="3"/><net_sink comp="1849" pin=0"/></net>

<net id="1853"><net_src comp="1849" pin="1"/><net_sink comp="1314" pin=0"/></net>

<net id="1857"><net_src comp="1172" pin="3"/><net_sink comp="1854" pin=0"/></net>

<net id="1858"><net_src comp="1854" pin="1"/><net_sink comp="1317" pin=0"/></net>

<net id="1862"><net_src comp="1184" pin="3"/><net_sink comp="1859" pin=0"/></net>

<net id="1863"><net_src comp="1859" pin="1"/><net_sink comp="1320" pin=0"/></net>

<net id="1867"><net_src comp="1196" pin="3"/><net_sink comp="1864" pin=0"/></net>

<net id="1868"><net_src comp="1864" pin="1"/><net_sink comp="1323" pin=0"/></net>

<net id="1872"><net_src comp="1208" pin="3"/><net_sink comp="1869" pin=0"/></net>

<net id="1873"><net_src comp="1869" pin="1"/><net_sink comp="1326" pin=0"/></net>

<net id="1877"><net_src comp="1220" pin="3"/><net_sink comp="1874" pin=0"/></net>

<net id="1878"><net_src comp="1874" pin="1"/><net_sink comp="1329" pin=0"/></net>

<net id="1882"><net_src comp="1232" pin="3"/><net_sink comp="1879" pin=0"/></net>

<net id="1883"><net_src comp="1879" pin="1"/><net_sink comp="1332" pin=1"/></net>

</net_list>

</model> 
---------------- Datapath Model END ------------------

* FSMD analyzer results:
  - Output states:
	Port: layer20_out | {3 }
 - Input state : 
	Port: relu<array<ap_fixed,32u>,array<ap_fixed<16,6,5,3,0>,32u>,ReLU_config20> : layer23_out | {1 }
  - Chain level:
	State 1
	State 2
		select_ln51 : 1
		select_ln51_8 : 1
		select_ln51_9 : 1
		select_ln51_10 : 1
		select_ln51_11 : 1
		select_ln51_12 : 1
		select_ln51_13 : 1
		select_ln51_14 : 1
		select_ln51_15 : 1
		select_ln51_16 : 1
		select_ln51_17 : 1
		select_ln51_18 : 1
		select_ln51_19 : 1
		select_ln51_20 : 1
		select_ln51_21 : 1
		select_ln51_22 : 1
		select_ln51_23 : 1
		select_ln51_24 : 1
		select_ln51_25 : 1
		select_ln51_26 : 1
		select_ln51_27 : 1
		select_ln51_28 : 1
		select_ln51_29 : 1
		select_ln51_30 : 1
		select_ln51_31 : 1
		select_ln51_32 : 1
		select_ln51_33 : 1
		select_ln51_34 : 1
		select_ln51_35 : 1
		select_ln51_36 : 1
		select_ln51_37 : 1
		select_ln51_38 : 1
	State 3
		or_ln57_s : 1
		zext_ln57 : 2
		write_ln57 : 3


============================================================
+ Verbose Summary: Datapath Resource usage 
============================================================

* Functional unit list:
|----------|------------------------------|---------|---------|
| Operation|        Functional Unit       |    FF   |   LUT   |
|----------|------------------------------|---------|---------|
|          |       icmp_ln51_fu_855       |    0    |    23   |
|          |      icmp_ln51_8_fu_867      |    0    |    23   |
|          |      icmp_ln51_9_fu_879      |    0    |    23   |
|          |      icmp_ln51_10_fu_891     |    0    |    23   |
|          |      icmp_ln51_11_fu_903     |    0    |    23   |
|          |      icmp_ln51_12_fu_915     |    0    |    23   |
|          |      icmp_ln51_13_fu_927     |    0    |    23   |
|          |      icmp_ln51_14_fu_939     |    0    |    23   |
|          |      icmp_ln51_15_fu_951     |    0    |    23   |
|          |      icmp_ln51_16_fu_963     |    0    |    23   |
|          |      icmp_ln51_17_fu_975     |    0    |    23   |
|          |      icmp_ln51_18_fu_987     |    0    |    23   |
|          |      icmp_ln51_19_fu_999     |    0    |    23   |
|          |     icmp_ln51_20_fu_1011     |    0    |    23   |
|          |     icmp_ln51_21_fu_1023     |    0    |    23   |
|   icmp   |     icmp_ln51_22_fu_1035     |    0    |    23   |
|          |     icmp_ln51_23_fu_1047     |    0    |    23   |
|          |     icmp_ln51_24_fu_1059     |    0    |    23   |
|          |     icmp_ln51_25_fu_1071     |    0    |    23   |
|          |     icmp_ln51_26_fu_1083     |    0    |    23   |
|          |     icmp_ln51_27_fu_1095     |    0    |    23   |
|          |     icmp_ln51_28_fu_1107     |    0    |    23   |
|          |     icmp_ln51_29_fu_1119     |    0    |    23   |
|          |     icmp_ln51_30_fu_1131     |    0    |    23   |
|          |     icmp_ln51_31_fu_1143     |    0    |    23   |
|          |     icmp_ln51_32_fu_1155     |    0    |    23   |
|          |     icmp_ln51_33_fu_1167     |    0    |    23   |
|          |     icmp_ln51_34_fu_1179     |    0    |    23   |
|          |     icmp_ln51_35_fu_1191     |    0    |    23   |
|          |     icmp_ln51_36_fu_1203     |    0    |    23   |
|          |     icmp_ln51_37_fu_1215     |    0    |    23   |
|          |     icmp_ln51_38_fu_1227     |    0    |    23   |
|----------|------------------------------|---------|---------|
|          |      select_ln51_fu_860      |    0    |    15   |
|          |     select_ln51_8_fu_872     |    0    |    15   |
|          |     select_ln51_9_fu_884     |    0    |    15   |
|          |     select_ln51_10_fu_896    |    0    |    15   |
|          |     select_ln51_11_fu_908    |    0    |    15   |
|          |     select_ln51_12_fu_920    |    0    |    15   |
|          |     select_ln51_13_fu_932    |    0    |    15   |
|          |     select_ln51_14_fu_944    |    0    |    15   |
|          |     select_ln51_15_fu_956    |    0    |    15   |
|          |     select_ln51_16_fu_968    |    0    |    15   |
|          |     select_ln51_17_fu_980    |    0    |    15   |
|          |     select_ln51_18_fu_992    |    0    |    15   |
|          |    select_ln51_19_fu_1004    |    0    |    15   |
|          |    select_ln51_20_fu_1016    |    0    |    15   |
|          |    select_ln51_21_fu_1028    |    0    |    15   |
|  select  |    select_ln51_22_fu_1040    |    0    |    15   |
|          |    select_ln51_23_fu_1052    |    0    |    15   |
|          |    select_ln51_24_fu_1064    |    0    |    15   |
|          |    select_ln51_25_fu_1076    |    0    |    15   |
|          |    select_ln51_26_fu_1088    |    0    |    15   |
|          |    select_ln51_27_fu_1100    |    0    |    15   |
|          |    select_ln51_28_fu_1112    |    0    |    15   |
|          |    select_ln51_29_fu_1124    |    0    |    15   |
|          |    select_ln51_30_fu_1136    |    0    |    15   |
|          |    select_ln51_31_fu_1148    |    0    |    15   |
|          |    select_ln51_32_fu_1160    |    0    |    15   |
|          |    select_ln51_33_fu_1172    |    0    |    15   |
|          |    select_ln51_34_fu_1184    |    0    |    15   |
|          |    select_ln51_35_fu_1196    |    0    |    15   |
|          |    select_ln51_36_fu_1208    |    0    |    15   |
|          |    select_ln51_37_fu_1220    |    0    |    15   |
|          |    select_ln51_38_fu_1232    |    0    |    15   |
|----------|------------------------------|---------|---------|
|   read   | layer23_out_read_read_fu_214 |    0    |    0    |
|----------|------------------------------|---------|---------|
|   write  |    write_ln57_write_fu_220   |    0    |    0    |
|----------|------------------------------|---------|---------|
|   trunc  |       trunc_ln44_fu_227      |    0    |    0    |
|          |     trunc_ln44_69_fu_231     |    0    |    0    |
|----------|------------------------------|---------|---------|
|          |      trunc_ln44_8_fu_235     |    0    |    0    |
|          |      trunc_ln44_s_fu_245     |    0    |    0    |
|          |      trunc_ln44_9_fu_255     |    0    |    0    |
|          |     trunc_ln44_39_fu_265     |    0    |    0    |
|          |     trunc_ln44_10_fu_275     |    0    |    0    |
|          |     trunc_ln44_40_fu_285     |    0    |    0    |
|          |     trunc_ln44_11_fu_295     |    0    |    0    |
|          |     trunc_ln44_41_fu_305     |    0    |    0    |
|          |     trunc_ln44_12_fu_315     |    0    |    0    |
|          |     trunc_ln44_42_fu_325     |    0    |    0    |
|          |     trunc_ln44_13_fu_335     |    0    |    0    |
|          |     trunc_ln44_43_fu_345     |    0    |    0    |
|          |     trunc_ln44_14_fu_355     |    0    |    0    |
|          |     trunc_ln44_44_fu_365     |    0    |    0    |
|          |     trunc_ln44_15_fu_375     |    0    |    0    |
|          |     trunc_ln44_45_fu_385     |    0    |    0    |
|          |     trunc_ln44_16_fu_395     |    0    |    0    |
|          |     trunc_ln44_46_fu_405     |    0    |    0    |
|          |     trunc_ln44_17_fu_415     |    0    |    0    |
|          |     trunc_ln44_47_fu_425     |    0    |    0    |
|          |     trunc_ln44_18_fu_435     |    0    |    0    |
|          |     trunc_ln44_48_fu_445     |    0    |    0    |
|          |     trunc_ln44_19_fu_455     |    0    |    0    |
|          |     trunc_ln44_49_fu_465     |    0    |    0    |
|          |     trunc_ln44_20_fu_475     |    0    |    0    |
|          |     trunc_ln44_50_fu_485     |    0    |    0    |
|          |     trunc_ln44_21_fu_495     |    0    |    0    |
|          |     trunc_ln44_51_fu_505     |    0    |    0    |
|          |     trunc_ln44_22_fu_515     |    0    |    0    |
|          |     trunc_ln44_52_fu_525     |    0    |    0    |
|partselect|     trunc_ln44_23_fu_535     |    0    |    0    |
|          |     trunc_ln44_53_fu_545     |    0    |    0    |
|          |     trunc_ln44_24_fu_555     |    0    |    0    |
|          |     trunc_ln44_54_fu_565     |    0    |    0    |
|          |     trunc_ln44_25_fu_575     |    0    |    0    |
|          |     trunc_ln44_55_fu_585     |    0    |    0    |
|          |     trunc_ln44_26_fu_595     |    0    |    0    |
|          |     trunc_ln44_56_fu_605     |    0    |    0    |
|          |     trunc_ln44_27_fu_615     |    0    |    0    |
|          |     trunc_ln44_57_fu_625     |    0    |    0    |
|          |     trunc_ln44_28_fu_635     |    0    |    0    |
|          |     trunc_ln44_58_fu_645     |    0    |    0    |
|          |     trunc_ln44_29_fu_655     |    0    |    0    |
|          |     trunc_ln44_59_fu_665     |    0    |    0    |
|          |     trunc_ln44_30_fu_675     |    0    |    0    |
|          |     trunc_ln44_60_fu_685     |    0    |    0    |
|          |     trunc_ln44_31_fu_695     |    0    |    0    |
|          |     trunc_ln44_61_fu_705     |    0    |    0    |
|          |     trunc_ln44_32_fu_715     |    0    |    0    |
|          |     trunc_ln44_62_fu_725     |    0    |    0    |
|          |     trunc_ln44_33_fu_735     |    0    |    0    |
|          |     trunc_ln44_63_fu_745     |    0    |    0    |
|          |     trunc_ln44_34_fu_755     |    0    |    0    |
|          |     trunc_ln44_64_fu_765     |    0    |    0    |
|          |     trunc_ln44_35_fu_775     |    0    |    0    |
|          |     trunc_ln44_65_fu_785     |    0    |    0    |
|          |     trunc_ln44_36_fu_795     |    0    |    0    |
|          |     trunc_ln44_66_fu_805     |    0    |    0    |
|          |     trunc_ln44_37_fu_815     |    0    |    0    |
|          |     trunc_ln44_67_fu_825     |    0    |    0    |
|          |     trunc_ln44_38_fu_835     |    0    |    0    |
|          |       trunc_ln2_fu_845       |    0    |    0    |
|----------|------------------------------|---------|---------|
|          |       zext_ln51_fu_1239      |    0    |    0    |
|          |      zext_ln51_7_fu_1242     |    0    |    0    |
|          |      zext_ln51_8_fu_1245     |    0    |    0    |
|          |      zext_ln51_9_fu_1248     |    0    |    0    |
|          |     zext_ln51_10_fu_1251     |    0    |    0    |
|          |     zext_ln51_11_fu_1254     |    0    |    0    |
|          |     zext_ln51_12_fu_1257     |    0    |    0    |
|          |     zext_ln51_13_fu_1260     |    0    |    0    |
|          |     zext_ln51_14_fu_1263     |    0    |    0    |
|          |     zext_ln51_15_fu_1266     |    0    |    0    |
|          |     zext_ln51_16_fu_1269     |    0    |    0    |
|          |     zext_ln51_17_fu_1272     |    0    |    0    |
|          |     zext_ln51_18_fu_1275     |    0    |    0    |
|          |     zext_ln51_19_fu_1278     |    0    |    0    |
|          |     zext_ln51_20_fu_1281     |    0    |    0    |
|   zext   |     zext_ln51_21_fu_1284     |    0    |    0    |
|          |     zext_ln51_22_fu_1287     |    0    |    0    |
|          |     zext_ln51_23_fu_1290     |    0    |    0    |
|          |     zext_ln51_24_fu_1293     |    0    |    0    |
|          |     zext_ln51_25_fu_1296     |    0    |    0    |
|          |     zext_ln51_26_fu_1299     |    0    |    0    |
|          |     zext_ln51_27_fu_1302     |    0    |    0    |
|          |     zext_ln51_28_fu_1305     |    0    |    0    |
|          |     zext_ln51_29_fu_1308     |    0    |    0    |
|          |     zext_ln51_30_fu_1311     |    0    |    0    |
|          |     zext_ln51_31_fu_1314     |    0    |    0    |
|          |     zext_ln51_32_fu_1317     |    0    |    0    |
|          |     zext_ln51_33_fu_1320     |    0    |    0    |
|          |     zext_ln51_34_fu_1323     |    0    |    0    |
|          |     zext_ln51_35_fu_1326     |    0    |    0    |
|          |     zext_ln51_36_fu_1329     |    0    |    0    |
|          |       zext_ln57_fu_1399      |    0    |    0    |
|----------|------------------------------|---------|---------|
|bitconcatenate|       or_ln57_s_fu_1332      |    0    |    0    |
|----------|------------------------------|---------|---------|
|   Total  |                              |    0    |   1216  |
|----------|------------------------------|---------|---------|

Memories:
N/A

* Register list:
+-----------------------+--------+
|                       |   FF   |
+-----------------------+--------+
|select_ln51_10_reg_1739|   15   |
|select_ln51_11_reg_1744|   15   |
|select_ln51_12_reg_1749|   15   |
|select_ln51_13_reg_1754|   15   |
|select_ln51_14_reg_1759|   15   |
|select_ln51_15_reg_1764|   15   |
|select_ln51_16_reg_1769|   15   |
|select_ln51_17_reg_1774|   15   |
|select_ln51_18_reg_1779|   15   |
|select_ln51_19_reg_1784|   15   |
|select_ln51_20_reg_1789|   15   |
|select_ln51_21_reg_1794|   15   |
|select_ln51_22_reg_1799|   15   |
|select_ln51_23_reg_1804|   15   |
|select_ln51_24_reg_1809|   15   |
|select_ln51_25_reg_1814|   15   |
|select_ln51_26_reg_1819|   15   |
|select_ln51_27_reg_1824|   15   |
|select_ln51_28_reg_1829|   15   |
|select_ln51_29_reg_1834|   15   |
|select_ln51_30_reg_1839|   15   |
|select_ln51_31_reg_1844|   15   |
|select_ln51_32_reg_1849|   15   |
|select_ln51_33_reg_1854|   15   |
|select_ln51_34_reg_1859|   15   |
|select_ln51_35_reg_1864|   15   |
|select_ln51_36_reg_1869|   15   |
|select_ln51_37_reg_1874|   15   |
|select_ln51_38_reg_1879|   15   |
| select_ln51_8_reg_1729|   15   |
| select_ln51_9_reg_1734|   15   |
|  select_ln51_reg_1724 |   15   |
|   trunc_ln2_reg_1719  |   15   |
| trunc_ln44_10_reg_1434|   16   |
| trunc_ln44_11_reg_1444|   16   |
| trunc_ln44_12_reg_1454|   16   |
| trunc_ln44_13_reg_1464|   16   |
| trunc_ln44_14_reg_1474|   16   |
| trunc_ln44_15_reg_1484|   16   |
| trunc_ln44_16_reg_1494|   16   |
| trunc_ln44_17_reg_1504|   16   |
| trunc_ln44_18_reg_1514|   16   |
| trunc_ln44_19_reg_1524|   16   |
| trunc_ln44_20_reg_1534|   16   |
| trunc_ln44_21_reg_1544|   16   |
| trunc_ln44_22_reg_1554|   16   |
| trunc_ln44_23_reg_1564|   16   |
| trunc_ln44_24_reg_1574|   16   |
| trunc_ln44_25_reg_1584|   16   |
| trunc_ln44_26_reg_1594|   16   |
| trunc_ln44_27_reg_1604|   16   |
| trunc_ln44_28_reg_1614|   16   |
| trunc_ln44_29_reg_1624|   16   |
| trunc_ln44_30_reg_1634|   16   |
| trunc_ln44_31_reg_1644|   16   |
| trunc_ln44_32_reg_1654|   16   |
| trunc_ln44_33_reg_1664|   16   |
| trunc_ln44_34_reg_1674|   16   |
| trunc_ln44_35_reg_1684|   16   |
| trunc_ln44_36_reg_1694|   16   |
| trunc_ln44_37_reg_1704|   16   |
| trunc_ln44_38_reg_1714|   16   |
| trunc_ln44_39_reg_1429|   15   |
| trunc_ln44_40_reg_1439|   15   |
| trunc_ln44_41_reg_1449|   15   |
| trunc_ln44_42_reg_1459|   15   |
| trunc_ln44_43_reg_1469|   15   |
| trunc_ln44_44_reg_1479|   15   |
| trunc_ln44_45_reg_1489|   15   |
| trunc_ln44_46_reg_1499|   15   |
| trunc_ln44_47_reg_1509|   15   |
| trunc_ln44_48_reg_1519|   15   |
| trunc_ln44_49_reg_1529|   15   |
| trunc_ln44_50_reg_1539|   15   |
| trunc_ln44_51_reg_1549|   15   |
| trunc_ln44_52_reg_1559|   15   |
| trunc_ln44_53_reg_1569|   15   |
| trunc_ln44_54_reg_1579|   15   |
| trunc_ln44_55_reg_1589|   15   |
| trunc_ln44_56_reg_1599|   15   |
| trunc_ln44_57_reg_1609|   15   |
| trunc_ln44_58_reg_1619|   15   |
| trunc_ln44_59_reg_1629|   15   |
| trunc_ln44_60_reg_1639|   15   |
| trunc_ln44_61_reg_1649|   15   |
| trunc_ln44_62_reg_1659|   15   |
| trunc_ln44_63_reg_1669|   15   |
| trunc_ln44_64_reg_1679|   15   |
| trunc_ln44_65_reg_1689|   15   |
| trunc_ln44_66_reg_1699|   15   |
| trunc_ln44_67_reg_1709|   15   |
| trunc_ln44_69_reg_1409|   15   |
| trunc_ln44_8_reg_1414 |   16   |
| trunc_ln44_9_reg_1424 |   16   |
|  trunc_ln44_reg_1404  |   16   |
| trunc_ln44_s_reg_1419 |   15   |
+-----------------------+--------+
|         Total         |  1472  |
+-----------------------+--------+

* Multiplexer (MUX) list: 
|--------|------|------|------|--------|
|  Comp  |  Pin | Size |  BW  | S x BW |
|--------|------|------|------|--------|
|  Total |      |      |      |    0   |
|--------|------|------|------|--------|



* Summary:
+-----------+--------+--------+
|           |   FF   |   LUT  |
+-----------+--------+--------+
|  Function |    0   |  1216  |
|   Memory  |    -   |    -   |
|Multiplexer|    -   |    -   |
|  Register |  1472  |    -   |
+-----------+--------+--------+
|   Total   |  1472  |  1216  |
+-----------+--------+--------+
