

================================================================
== Vitis HLS Report for 'shift_line_buffer_array_ap_fixed_16_6_5_3_0_8u_config28_s'
================================================================
* Date:           Tue Oct  6 08:54:15 2026

* Version:        2026.1 (Build 6493734 on Jun 16 2026)
* Project:        myproject_prj
* Solution:       solution1
* Product family: artix7
* Target device:  xc7a35t-ftg256-1


================================================================
== Performance Estimates
================================================================
+ Timing: 
    * Summary: 
    +--------+---------+----------+------------+
    |  Clock |  Target | Estimated| Uncertainty|
    +--------+---------+----------+------------+
    |ap_clk  |  5.00 ns|  3.234 ns|     1.35 ns|
    +--------+---------+----------+------------+

+ Latency: 
    * Summary: 
    +---------+---------+----------+----------+-----+-----+---------+
    |  Latency (cycles) |  Latency (absolute) |  Interval | Pipeline|
    |   min   |   max   |    min   |    max   | min | max |   Type  |
    +---------+---------+----------+----------+-----+-----+---------+
    |        0|        0|      0 ns|      0 ns|    1|    1|      yes|
    +---------+---------+----------+----------+-----+-----+---------+

    + Detail: 
        * Instance: 
        N/A

        * Loop: 
        N/A



================================================================
== Utilization Estimates
================================================================
* Summary: 
+-----------------+---------+----+-------+-------+-----+
|       Name      | BRAM_18K| DSP|   FF  |  LUT  | URAM|
+-----------------+---------+----+-------+-------+-----+
|DSP              |        -|   -|      -|      -|    -|
|Expression       |        -|   -|      -|      -|    -|
|FIFO             |        -|   -|      -|      -|    -|
|Instance         |        -|   -|      -|      -|    -|
|Memory           |        -|   -|   1024|    512|    -|
|Multiplexer      |        -|   -|      0|    432|    -|
|Register         |        -|   -|      1|      -|    -|
+-----------------+---------+----+-------+-------+-----+
|Total            |        0|   0|   1025|    944|    0|
+-----------------+---------+----+-------+-------+-----+
|Available        |      100|  90|  41600|  20800|    0|
+-----------------+---------+----+-------+-------+-----+
|Utilization (%)  |        0|   0|      2|      4|    0|
+-----------------+---------+----+-------+-------+-----+

+ Detail: 
    * Instance: 
    N/A

    * DSP: 
    N/A

    * Memory: 
    +----------------------------------------------------------------------------------------+----------------------------------------------------------------------------------+---------+----+----+-----+------+-----+------+-------------+
    |                                         Memory                                         |                                      Module                                      | BRAM_18K| FF | LUT| URAM| Words| Bits| Banks| W*Bits*Banks|
    +----------------------------------------------------------------------------------------+----------------------------------------------------------------------------------+---------+----+----+-----+------+-----+------+-------------+
    |p_ZZN4nnet26conv_2d_buffer_resource_clINS_5arrayI8ap_fixedILi16ELi6EL9ap_q_mode5E_15_U  |shift_line_buffer_array_ap_fixed_16_6_5_3_0_8u_config28_s_p_ZZN4nnet26conv_2deOg  |        0|  64|  32|    0|    13|   16|     1|          208|
    |p_ZZN4nnet26conv_2d_buffer_resource_clINS_5arrayI8ap_fixedILi16ELi6EL9ap_q_mode5E_7_U   |shift_line_buffer_array_ap_fixed_16_6_5_3_0_8u_config28_s_p_ZZN4nnet26conv_2deOg  |        0|  64|  32|    0|    13|   16|     1|          208|
    |p_ZZN4nnet26conv_2d_buffer_resource_clINS_5arrayI8ap_fixedILi16ELi6EL9ap_q_mode5E_14_U  |shift_line_buffer_array_ap_fixed_16_6_5_3_0_8u_config28_s_p_ZZN4nnet26conv_2deOg  |        0|  64|  32|    0|    13|   16|     1|          208|
    |p_ZZN4nnet26conv_2d_buffer_resource_clINS_5arrayI8ap_fixedILi16ELi6EL9ap_q_mode5E_6_U   |shift_line_buffer_array_ap_fixed_16_6_5_3_0_8u_config28_s_p_ZZN4nnet26conv_2deOg  |        0|  64|  32|    0|    13|   16|     1|          208|
    |p_ZZN4nnet26conv_2d_buffer_resource_clINS_5arrayI8ap_fixedILi16ELi6EL9ap_q_mode5E_13_U  |shift_line_buffer_array_ap_fixed_16_6_5_3_0_8u_config28_s_p_ZZN4nnet26conv_2deOg  |        0|  64|  32|    0|    13|   16|     1|          208|
    |p_ZZN4nnet26conv_2d_buffer_resource_clINS_5arrayI8ap_fixedILi16ELi6EL9ap_q_mode5E_5_U   |shift_line_buffer_array_ap_fixed_16_6_5_3_0_8u_config28_s_p_ZZN4nnet26conv_2deOg  |        0|  64|  32|    0|    13|   16|     1|          208|
    |p_ZZN4nnet26conv_2d_buffer_resource_clINS_5arrayI8ap_fixedILi16ELi6EL9ap_q_mode5E_12_U  |shift_line_buffer_array_ap_fixed_16_6_5_3_0_8u_config28_s_p_ZZN4nnet26conv_2deOg  |        0|  64|  32|    0|    13|   16|     1|          208|
    |p_ZZN4nnet26conv_2d_buffer_resource_clINS_5arrayI8ap_fixedILi16ELi6EL9ap_q_mode5E_4_U   |shift_line_buffer_array_ap_fixed_16_6_5_3_0_8u_config28_s_p_ZZN4nnet26conv_2deOg  |        0|  64|  32|    0|    13|   16|     1|          208|
    |p_ZZN4nnet26conv_2d_buffer_resource_clINS_5arrayI8ap_fixedILi16ELi6EL9ap_q_mode5E_11_U  |shift_line_buffer_array_ap_fixed_16_6_5_3_0_8u_config28_s_p_ZZN4nnet26conv_2deOg  |        0|  64|  32|    0|    13|   16|     1|          208|
    |p_ZZN4nnet26conv_2d_buffer_resource_clINS_5arrayI8ap_fixedILi16ELi6EL9ap_q_mode5E_3_U   |shift_line_buffer_array_ap_fixed_16_6_5_3_0_8u_config28_s_p_ZZN4nnet26conv_2deOg  |        0|  64|  32|    0|    13|   16|     1|          208|
    |p_ZZN4nnet26conv_2d_buffer_resource_clINS_5arrayI8ap_fixedILi16ELi6EL9ap_q_mode5E_10_U  |shift_line_buffer_array_ap_fixed_16_6_5_3_0_8u_config28_s_p_ZZN4nnet26conv_2deOg  |        0|  64|  32|    0|    13|   16|     1|          208|
    |p_ZZN4nnet26conv_2d_buffer_resource_clINS_5arrayI8ap_fixedILi16ELi6EL9ap_q_mode5E_2_U   |shift_line_buffer_array_ap_fixed_16_6_5_3_0_8u_config28_s_p_ZZN4nnet26conv_2deOg  |        0|  64|  32|    0|    13|   16|     1|          208|
    |p_ZZN4nnet26conv_2d_buffer_resource_clINS_5arrayI8ap_fixedILi16ELi6EL9ap_q_mode5E_9_U   |shift_line_buffer_array_ap_fixed_16_6_5_3_0_8u_config28_s_p_ZZN4nnet26conv_2deOg  |        0|  64|  32|    0|    13|   16|     1|          208|
    |p_ZZN4nnet26conv_2d_buffer_resource_clINS_5arrayI8ap_fixedILi16ELi6EL9ap_q_mode5E_1_U   |shift_line_buffer_array_ap_fixed_16_6_5_3_0_8u_config28_s_p_ZZN4nnet26conv_2deOg  |        0|  64|  32|    0|    13|   16|     1|          208|
    |p_ZZN4nnet26conv_2d_buffer_resource_clINS_5arrayI8ap_fixedILi16ELi6EL9ap_q_mode5E_8_U   |shift_line_buffer_array_ap_fixed_16_6_5_3_0_8u_config28_s_p_ZZN4nnet26conv_2deOg  |        0|  64|  32|    0|    13|   16|     1|          208|
    |p_ZZN4nnet26conv_2d_buffer_resource_clINS_5arrayI8ap_fixedILi16ELi6EL9ap_q_mode5E_U     |shift_line_buffer_array_ap_fixed_16_6_5_3_0_8u_config28_s_p_ZZN4nnet26conv_2deOg  |        0|  64|  32|    0|    13|   16|     1|          208|
    +----------------------------------------------------------------------------------------+----------------------------------------------------------------------------------+---------+----+----+-----+------+-----+------+-------------+
    |Total                                                                                   |                                                                                  |        0|1024| 512|    0|   208|  256|    16|         3328|
    +----------------------------------------------------------------------------------------+----------------------------------------------------------------------------------+---------+----+----+-----+------+-----+------+-------------+

    * FIFO: 
    N/A

    * Expression: 
    N/A

    * Multiplexer: 
    +----------------------------------------------------------------------------------------+----+-----------+-----+-----------+
    |                                          Name                                          | LUT| Input Size| Bits| Total Bits|
    +----------------------------------------------------------------------------------------+----+-----------+-----+-----------+
    |p_ZZN4nnet24compute_output_buffer_2dINS_5arrayI8ap_fixedILi16ELi6EL9ap_q_mode5EL9_10_o  |   9|          2|   16|         32|
    |p_ZZN4nnet24compute_output_buffer_2dINS_5arrayI8ap_fixedILi16ELi6EL9ap_q_mode5EL9_11_o  |   9|          2|   16|         32|
    |p_ZZN4nnet24compute_output_buffer_2dINS_5arrayI8ap_fixedILi16ELi6EL9ap_q_mode5EL9_12_o  |   9|          2|   16|         32|
    |p_ZZN4nnet24compute_output_buffer_2dINS_5arrayI8ap_fixedILi16ELi6EL9ap_q_mode5EL9_13_o  |   9|          2|   16|         32|
    |p_ZZN4nnet24compute_output_buffer_2dINS_5arrayI8ap_fixedILi16ELi6EL9ap_q_mode5EL9_14_o  |   9|          2|   16|         32|
    |p_ZZN4nnet24compute_output_buffer_2dINS_5arrayI8ap_fixedILi16ELi6EL9ap_q_mode5EL9_15_o  |   9|          2|   16|         32|
    |p_ZZN4nnet24compute_output_buffer_2dINS_5arrayI8ap_fixedILi16ELi6EL9ap_q_mode5EL9_1_o   |   9|          2|   16|         32|
    |p_ZZN4nnet24compute_output_buffer_2dINS_5arrayI8ap_fixedILi16ELi6EL9ap_q_mode5EL9_24_o  |   9|          2|   16|         32|
    |p_ZZN4nnet24compute_output_buffer_2dINS_5arrayI8ap_fixedILi16ELi6EL9ap_q_mode5EL9_25_o  |   9|          2|   16|         32|
    |p_ZZN4nnet24compute_output_buffer_2dINS_5arrayI8ap_fixedILi16ELi6EL9ap_q_mode5EL9_26_o  |   9|          2|   16|         32|
    |p_ZZN4nnet24compute_output_buffer_2dINS_5arrayI8ap_fixedILi16ELi6EL9ap_q_mode5EL9_27_o  |   9|          2|   16|         32|
    |p_ZZN4nnet24compute_output_buffer_2dINS_5arrayI8ap_fixedILi16ELi6EL9ap_q_mode5EL9_28_o  |   9|          2|   16|         32|
    |p_ZZN4nnet24compute_output_buffer_2dINS_5arrayI8ap_fixedILi16ELi6EL9ap_q_mode5EL9_29_o  |   9|          2|   16|         32|
    |p_ZZN4nnet24compute_output_buffer_2dINS_5arrayI8ap_fixedILi16ELi6EL9ap_q_mode5EL9_2_o   |   9|          2|   16|         32|
    |p_ZZN4nnet24compute_output_buffer_2dINS_5arrayI8ap_fixedILi16ELi6EL9ap_q_mode5EL9_30_o  |   9|          2|   16|         32|
    |p_ZZN4nnet24compute_output_buffer_2dINS_5arrayI8ap_fixedILi16ELi6EL9ap_q_mode5EL9_31_o  |   9|          2|   16|         32|
    |p_ZZN4nnet24compute_output_buffer_2dINS_5arrayI8ap_fixedILi16ELi6EL9ap_q_mode5EL9_32_o  |   9|          2|   16|         32|
    |p_ZZN4nnet24compute_output_buffer_2dINS_5arrayI8ap_fixedILi16ELi6EL9ap_q_mode5EL9_33_o  |   9|          2|   16|         32|
    |p_ZZN4nnet24compute_output_buffer_2dINS_5arrayI8ap_fixedILi16ELi6EL9ap_q_mode5EL9_34_o  |   9|          2|   16|         32|
    |p_ZZN4nnet24compute_output_buffer_2dINS_5arrayI8ap_fixedILi16ELi6EL9ap_q_mode5EL9_35_o  |   9|          2|   16|         32|
    |p_ZZN4nnet24compute_output_buffer_2dINS_5arrayI8ap_fixedILi16ELi6EL9ap_q_mode5EL9_36_o  |   9|          2|   16|         32|
    |p_ZZN4nnet24compute_output_buffer_2dINS_5arrayI8ap_fixedILi16ELi6EL9ap_q_mode5EL9_37_o  |   9|          2|   16|         32|
    |p_ZZN4nnet24compute_output_buffer_2dINS_5arrayI8ap_fixedILi16ELi6EL9ap_q_mode5EL9_38_o  |   9|          2|   16|         32|
    |p_ZZN4nnet24compute_output_buffer_2dINS_5arrayI8ap_fixedILi16ELi6EL9ap_q_mode5EL9_39_o  |   9|          2|   16|         32|
    |p_ZZN4nnet24compute_output_buffer_2dINS_5arrayI8ap_fixedILi16ELi6EL9ap_q_mode5EL9_3_o   |   9|          2|   16|         32|
    |p_ZZN4nnet24compute_output_buffer_2dINS_5arrayI8ap_fixedILi16ELi6EL9ap_q_mode5EL9_48_o  |   9|          2|   16|         32|
    |p_ZZN4nnet24compute_output_buffer_2dINS_5arrayI8ap_fixedILi16ELi6EL9ap_q_mode5EL9_49_o  |   9|          2|   16|         32|
    |p_ZZN4nnet24compute_output_buffer_2dINS_5arrayI8ap_fixedILi16ELi6EL9ap_q_mode5EL9_4_o   |   9|          2|   16|         32|
    |p_ZZN4nnet24compute_output_buffer_2dINS_5arrayI8ap_fixedILi16ELi6EL9ap_q_mode5EL9_50_o  |   9|          2|   16|         32|
    |p_ZZN4nnet24compute_output_buffer_2dINS_5arrayI8ap_fixedILi16ELi6EL9ap_q_mode5EL9_51_o  |   9|          2|   16|         32|
    |p_ZZN4nnet24compute_output_buffer_2dINS_5arrayI8ap_fixedILi16ELi6EL9ap_q_mode5EL9_52_o  |   9|          2|   16|         32|
    |p_ZZN4nnet24compute_output_buffer_2dINS_5arrayI8ap_fixedILi16ELi6EL9ap_q_mode5EL9_53_o  |   9|          2|   16|         32|
    |p_ZZN4nnet24compute_output_buffer_2dINS_5arrayI8ap_fixedILi16ELi6EL9ap_q_mode5EL9_54_o  |   9|          2|   16|         32|
    |p_ZZN4nnet24compute_output_buffer_2dINS_5arrayI8ap_fixedILi16ELi6EL9ap_q_mode5EL9_55_o  |   9|          2|   16|         32|
    |p_ZZN4nnet24compute_output_buffer_2dINS_5arrayI8ap_fixedILi16ELi6EL9ap_q_mode5EL9_56_o  |   9|          2|   16|         32|
    |p_ZZN4nnet24compute_output_buffer_2dINS_5arrayI8ap_fixedILi16ELi6EL9ap_q_mode5EL9_57_o  |   9|          2|   16|         32|
    |p_ZZN4nnet24compute_output_buffer_2dINS_5arrayI8ap_fixedILi16ELi6EL9ap_q_mode5EL9_58_o  |   9|          2|   16|         32|
    |p_ZZN4nnet24compute_output_buffer_2dINS_5arrayI8ap_fixedILi16ELi6EL9ap_q_mode5EL9_59_o  |   9|          2|   16|         32|
    |p_ZZN4nnet24compute_output_buffer_2dINS_5arrayI8ap_fixedILi16ELi6EL9ap_q_mode5EL9_5_o   |   9|          2|   16|         32|
    |p_ZZN4nnet24compute_output_buffer_2dINS_5arrayI8ap_fixedILi16ELi6EL9ap_q_mode5EL9_60_o  |   9|          2|   16|         32|
    |p_ZZN4nnet24compute_output_buffer_2dINS_5arrayI8ap_fixedILi16ELi6EL9ap_q_mode5EL9_61_o  |   9|          2|   16|         32|
    |p_ZZN4nnet24compute_output_buffer_2dINS_5arrayI8ap_fixedILi16ELi6EL9ap_q_mode5EL9_6_o   |   9|          2|   16|         32|
    |p_ZZN4nnet24compute_output_buffer_2dINS_5arrayI8ap_fixedILi16ELi6EL9ap_q_mode5EL9_7_o   |   9|          2|   16|         32|
    |p_ZZN4nnet24compute_output_buffer_2dINS_5arrayI8ap_fixedILi16ELi6EL9ap_q_mode5EL9_8_o   |   9|          2|   16|         32|
    |p_ZZN4nnet24compute_output_buffer_2dINS_5arrayI8ap_fixedILi16ELi6EL9ap_q_mode5EL9_9_o   |   9|          2|   16|         32|
    |p_ZZN4nnet24compute_output_buffer_2dINS_5arrayI8ap_fixedILi16ELi6EL9ap_q_mode5EL9_o     |   9|          2|   16|         32|
    |void_compute_output_buffer_2d_array_const_ap_shift_reg_n_chan_stream_weig_1_o           |   9|          2|   16|         32|
    |void_compute_output_buffer_2d_array_const_ap_shift_reg_n_chan_stream_weig_o             |   9|          2|   16|         32|
    +----------------------------------------------------------------------------------------+----+-----------+-----+-----------+
    |Total                                                                                   | 432|         96|  768|       1536|
    +----------------------------------------------------------------------------------------+----+-----------+-----+-----------+

    * Register: 
    +-----------+---+----+-----+-----------+
    |    Name   | FF| LUT| Bits| Const Bits|
    +-----------+---+----+-----+-----------+
    |ap_CS_fsm  |  1|   0|    1|          0|
    +-----------+---+----+-----+-----------+
    |Total      |  1|   0|    1|          0|
    +-----------+---+----+-----+-----------+



================================================================
== Interface
================================================================
* Summary: 
+-----------------------------------------------------------------------------------------------+-----+-----+------------+--------------------------------------------------------------------------------------+--------------+
|                                           RTL Ports                                           | Dir | Bits|  Protocol  |                                     Source Object                                    |    C Type    |
+-----------------------------------------------------------------------------------------------+-----+-----+------------+--------------------------------------------------------------------------------------+--------------+
|ap_clk                                                                                         |   in|    1|  ap_ctrl_hs|                      shift_line_buffer<array<ap_fixed<16, 6, 5, 3, 0>, 8u>, config28>|  return value|
|ap_rst                                                                                         |   in|    1|  ap_ctrl_hs|                      shift_line_buffer<array<ap_fixed<16, 6, 5, 3, 0>, 8u>, config28>|  return value|
|ap_start                                                                                       |   in|    1|  ap_ctrl_hs|                      shift_line_buffer<array<ap_fixed<16, 6, 5, 3, 0>, 8u>, config28>|  return value|
|ap_done                                                                                        |  out|    1|  ap_ctrl_hs|                      shift_line_buffer<array<ap_fixed<16, 6, 5, 3, 0>, 8u>, config28>|  return value|
|ap_idle                                                                                        |  out|    1|  ap_ctrl_hs|                      shift_line_buffer<array<ap_fixed<16, 6, 5, 3, 0>, 8u>, config28>|  return value|
|ap_ready                                                                                       |  out|    1|  ap_ctrl_hs|                      shift_line_buffer<array<ap_fixed<16, 6, 5, 3, 0>, 8u>, config28>|  return value|
|p_read                                                                                         |   in|   16|     ap_none|                                                                                p_read|        scalar|
|p_read1                                                                                        |   in|   16|     ap_none|                                                                               p_read1|        scalar|
|p_read2                                                                                        |   in|   16|     ap_none|                                                                               p_read2|        scalar|
|p_read3                                                                                        |   in|   16|     ap_none|                                                                               p_read3|        scalar|
|p_read4                                                                                        |   in|   16|     ap_none|                                                                               p_read4|        scalar|
|p_read5                                                                                        |   in|   16|     ap_none|                                                                               p_read5|        scalar|
|p_read6                                                                                        |   in|   16|     ap_none|                                                                               p_read6|        scalar|
|p_read7                                                                                        |   in|   16|     ap_none|                                                                               p_read7|        scalar|
|void_compute_output_buffer_2d_array_const_ap_shift_reg_n_chan_stream_weig_1_i                  |   in|   16|     ap_ovld|           void_compute_output_buffer_2d_array_const_ap_shift_reg_n_chan_stream_weig_1|       pointer|
|void_compute_output_buffer_2d_array_const_ap_shift_reg_n_chan_stream_weig_1_o                  |  out|   16|     ap_ovld|           void_compute_output_buffer_2d_array_const_ap_shift_reg_n_chan_stream_weig_1|       pointer|
|void_compute_output_buffer_2d_array_const_ap_shift_reg_n_chan_stream_weig_1_o_ap_vld           |  out|    1|     ap_ovld|           void_compute_output_buffer_2d_array_const_ap_shift_reg_n_chan_stream_weig_1|       pointer|
|void_compute_output_buffer_2d_array_const_ap_shift_reg_n_chan_stream_weig_9                    |  out|   16|      ap_vld|           void_compute_output_buffer_2d_array_const_ap_shift_reg_n_chan_stream_weig_9|       pointer|
|void_compute_output_buffer_2d_array_const_ap_shift_reg_n_chan_stream_weig_9_ap_vld             |  out|    1|      ap_vld|           void_compute_output_buffer_2d_array_const_ap_shift_reg_n_chan_stream_weig_9|       pointer|
|void_compute_output_buffer_2d_array_const_ap_shift_reg_n_chan_stream_weig_i                    |   in|   16|     ap_ovld|             void_compute_output_buffer_2d_array_const_ap_shift_reg_n_chan_stream_weig|       pointer|
|void_compute_output_buffer_2d_array_const_ap_shift_reg_n_chan_stream_weig_o                    |  out|   16|     ap_ovld|             void_compute_output_buffer_2d_array_const_ap_shift_reg_n_chan_stream_weig|       pointer|
|void_compute_output_buffer_2d_array_const_ap_shift_reg_n_chan_stream_weig_o_ap_vld             |  out|    1|     ap_ovld|             void_compute_output_buffer_2d_array_const_ap_shift_reg_n_chan_stream_weig|       pointer|
|void_compute_output_buffer_2d_array_const_ap_shift_reg_n_chan_stream_weig_8                    |  out|   16|      ap_vld|           void_compute_output_buffer_2d_array_const_ap_shift_reg_n_chan_stream_weig_8|       pointer|
|void_compute_output_buffer_2d_array_const_ap_shift_reg_n_chan_stream_weig_8_ap_vld             |  out|    1|      ap_vld|           void_compute_output_buffer_2d_array_const_ap_shift_reg_n_chan_stream_weig_8|       pointer|
|p_ZZN4nnet24compute_output_buffer_2dINS_5arrayI8ap_fixedILi16ELi6EL9ap_q_mode5EL9_61_i         |   in|   16|     ap_ovld|  p_ZZN4nnet24compute_output_buffer_2dINS_5arrayI8ap_fixedILi16ELi6EL9ap_q_mode5EL9_61|       pointer|
|p_ZZN4nnet24compute_output_buffer_2dINS_5arrayI8ap_fixedILi16ELi6EL9ap_q_mode5EL9_61_o         |  out|   16|     ap_ovld|  p_ZZN4nnet24compute_output_buffer_2dINS_5arrayI8ap_fixedILi16ELi6EL9ap_q_mode5EL9_61|       pointer|
|p_ZZN4nnet24compute_output_buffer_2dINS_5arrayI8ap_fixedILi16ELi6EL9ap_q_mode5EL9_61_o_ap_vld  |  out|    1|     ap_ovld|  p_ZZN4nnet24compute_output_buffer_2dINS_5arrayI8ap_fixedILi16ELi6EL9ap_q_mode5EL9_61|       pointer|
|void_compute_output_buffer_2d_array_const_ap_shift_reg_n_chan_stream_weig_7                    |  out|   16|      ap_vld|           void_compute_output_buffer_2d_array_const_ap_shift_reg_n_chan_stream_weig_7|       pointer|
|void_compute_output_buffer_2d_array_const_ap_shift_reg_n_chan_stream_weig_7_ap_vld             |  out|    1|      ap_vld|           void_compute_output_buffer_2d_array_const_ap_shift_reg_n_chan_stream_weig_7|       pointer|
|p_ZZN4nnet24compute_output_buffer_2dINS_5arrayI8ap_fixedILi16ELi6EL9ap_q_mode5EL9_60_i         |   in|   16|     ap_ovld|  p_ZZN4nnet24compute_output_buffer_2dINS_5arrayI8ap_fixedILi16ELi6EL9ap_q_mode5EL9_60|       pointer|
|p_ZZN4nnet24compute_output_buffer_2dINS_5arrayI8ap_fixedILi16ELi6EL9ap_q_mode5EL9_60_o         |  out|   16|     ap_ovld|  p_ZZN4nnet24compute_output_buffer_2dINS_5arrayI8ap_fixedILi16ELi6EL9ap_q_mode5EL9_60|       pointer|
|p_ZZN4nnet24compute_output_buffer_2dINS_5arrayI8ap_fixedILi16ELi6EL9ap_q_mode5EL9_60_o_ap_vld  |  out|    1|     ap_ovld|  p_ZZN4nnet24compute_output_buffer_2dINS_5arrayI8ap_fixedILi16ELi6EL9ap_q_mode5EL9_60|       pointer|
|void_compute_output_buffer_2d_array_const_ap_shift_reg_n_chan_stream_weig_6                    |  out|   16|      ap_vld|           void_compute_output_buffer_2d_array_const_ap_shift_reg_n_chan_stream_weig_6|       pointer|
|void_compute_output_buffer_2d_array_const_ap_shift_reg_n_chan_stream_weig_6_ap_vld             |  out|    1|      ap_vld|           void_compute_output_buffer_2d_array_const_ap_shift_reg_n_chan_stream_weig_6|       pointer|
|p_ZZN4nnet24compute_output_buffer_2dINS_5arrayI8ap_fixedILi16ELi6EL9ap_q_mode5EL9_59_i         |   in|   16|     ap_ovld|  p_ZZN4nnet24compute_output_buffer_2dINS_5arrayI8ap_fixedILi16ELi6EL9ap_q_mode5EL9_59|       pointer|
|p_ZZN4nnet24compute_output_buffer_2dINS_5arrayI8ap_fixedILi16ELi6EL9ap_q_mode5EL9_59_o         |  out|   16|     ap_ovld|  p_ZZN4nnet24compute_output_buffer_2dINS_5arrayI8ap_fixedILi16ELi6EL9ap_q_mode5EL9_59|       pointer|
|p_ZZN4nnet24compute_output_buffer_2dINS_5arrayI8ap_fixedILi16ELi6EL9ap_q_mode5EL9_59_o_ap_vld  |  out|    1|     ap_ovld|  p_ZZN4nnet24compute_output_buffer_2dINS_5arrayI8ap_fixedILi16ELi6EL9ap_q_mode5EL9_59|       pointer|
|void_compute_output_buffer_2d_array_const_ap_shift_reg_n_chan_stream_weig_5                    |  out|   16|      ap_vld|           void_compute_output_buffer_2d_array_const_ap_shift_reg_n_chan_stream_weig_5|       pointer|
|void_compute_output_buffer_2d_array_const_ap_shift_reg_n_chan_stream_weig_5_ap_vld             |  out|    1|      ap_vld|           void_compute_output_buffer_2d_array_const_ap_shift_reg_n_chan_stream_weig_5|       pointer|
|p_ZZN4nnet24compute_output_buffer_2dINS_5arrayI8ap_fixedILi16ELi6EL9ap_q_mode5EL9_58_i         |   in|   16|     ap_ovld|  p_ZZN4nnet24compute_output_buffer_2dINS_5arrayI8ap_fixedILi16ELi6EL9ap_q_mode5EL9_58|       pointer|
|p_ZZN4nnet24compute_output_buffer_2dINS_5arrayI8ap_fixedILi16ELi6EL9ap_q_mode5EL9_58_o         |  out|   16|     ap_ovld|  p_ZZN4nnet24compute_output_buffer_2dINS_5arrayI8ap_fixedILi16ELi6EL9ap_q_mode5EL9_58|       pointer|
|p_ZZN4nnet24compute_output_buffer_2dINS_5arrayI8ap_fixedILi16ELi6EL9ap_q_mode5EL9_58_o_ap_vld  |  out|    1|     ap_ovld|  p_ZZN4nnet24compute_output_buffer_2dINS_5arrayI8ap_fixedILi16ELi6EL9ap_q_mode5EL9_58|       pointer|
|void_compute_output_buffer_2d_array_const_ap_shift_reg_n_chan_stream_weig_4                    |  out|   16|      ap_vld|           void_compute_output_buffer_2d_array_const_ap_shift_reg_n_chan_stream_weig_4|       pointer|
|void_compute_output_buffer_2d_array_const_ap_shift_reg_n_chan_stream_weig_4_ap_vld             |  out|    1|      ap_vld|           void_compute_output_buffer_2d_array_const_ap_shift_reg_n_chan_stream_weig_4|       pointer|
|p_ZZN4nnet24compute_output_buffer_2dINS_5arrayI8ap_fixedILi16ELi6EL9ap_q_mode5EL9_57_i         |   in|   16|     ap_ovld|  p_ZZN4nnet24compute_output_buffer_2dINS_5arrayI8ap_fixedILi16ELi6EL9ap_q_mode5EL9_57|       pointer|
|p_ZZN4nnet24compute_output_buffer_2dINS_5arrayI8ap_fixedILi16ELi6EL9ap_q_mode5EL9_57_o         |  out|   16|     ap_ovld|  p_ZZN4nnet24compute_output_buffer_2dINS_5arrayI8ap_fixedILi16ELi6EL9ap_q_mode5EL9_57|       pointer|
|p_ZZN4nnet24compute_output_buffer_2dINS_5arrayI8ap_fixedILi16ELi6EL9ap_q_mode5EL9_57_o_ap_vld  |  out|    1|     ap_ovld|  p_ZZN4nnet24compute_output_buffer_2dINS_5arrayI8ap_fixedILi16ELi6EL9ap_q_mode5EL9_57|       pointer|
|void_compute_output_buffer_2d_array_const_ap_shift_reg_n_chan_stream_weig_3                    |  out|   16|      ap_vld|           void_compute_output_buffer_2d_array_const_ap_shift_reg_n_chan_stream_weig_3|       pointer|
|void_compute_output_buffer_2d_array_const_ap_shift_reg_n_chan_stream_weig_3_ap_vld             |  out|    1|      ap_vld|           void_compute_output_buffer_2d_array_const_ap_shift_reg_n_chan_stream_weig_3|       pointer|
|p_ZZN4nnet24compute_output_buffer_2dINS_5arrayI8ap_fixedILi16ELi6EL9ap_q_mode5EL9_56_i         |   in|   16|     ap_ovld|  p_ZZN4nnet24compute_output_buffer_2dINS_5arrayI8ap_fixedILi16ELi6EL9ap_q_mode5EL9_56|       pointer|
|p_ZZN4nnet24compute_output_buffer_2dINS_5arrayI8ap_fixedILi16ELi6EL9ap_q_mode5EL9_56_o         |  out|   16|     ap_ovld|  p_ZZN4nnet24compute_output_buffer_2dINS_5arrayI8ap_fixedILi16ELi6EL9ap_q_mode5EL9_56|       pointer|
|p_ZZN4nnet24compute_output_buffer_2dINS_5arrayI8ap_fixedILi16ELi6EL9ap_q_mode5EL9_56_o_ap_vld  |  out|    1|     ap_ovld|  p_ZZN4nnet24compute_output_buffer_2dINS_5arrayI8ap_fixedILi16ELi6EL9ap_q_mode5EL9_56|       pointer|
|void_compute_output_buffer_2d_array_const_ap_shift_reg_n_chan_stream_weig_2                    |  out|   16|      ap_vld|           void_compute_output_buffer_2d_array_const_ap_shift_reg_n_chan_stream_weig_2|       pointer|
|void_compute_output_buffer_2d_array_const_ap_shift_reg_n_chan_stream_weig_2_ap_vld             |  out|    1|      ap_vld|           void_compute_output_buffer_2d_array_const_ap_shift_reg_n_chan_stream_weig_2|       pointer|
|p_ZZN4nnet24compute_output_buffer_2dINS_5arrayI8ap_fixedILi16ELi6EL9ap_q_mode5EL9_39_i         |   in|   16|     ap_ovld|  p_ZZN4nnet24compute_output_buffer_2dINS_5arrayI8ap_fixedILi16ELi6EL9ap_q_mode5EL9_39|       pointer|
|p_ZZN4nnet24compute_output_buffer_2dINS_5arrayI8ap_fixedILi16ELi6EL9ap_q_mode5EL9_39_o         |  out|   16|     ap_ovld|  p_ZZN4nnet24compute_output_buffer_2dINS_5arrayI8ap_fixedILi16ELi6EL9ap_q_mode5EL9_39|       pointer|
|p_ZZN4nnet24compute_output_buffer_2dINS_5arrayI8ap_fixedILi16ELi6EL9ap_q_mode5EL9_39_o_ap_vld  |  out|    1|     ap_ovld|  p_ZZN4nnet24compute_output_buffer_2dINS_5arrayI8ap_fixedILi16ELi6EL9ap_q_mode5EL9_39|       pointer|
|p_ZZN4nnet24compute_output_buffer_2dINS_5arrayI8ap_fixedILi16ELi6EL9ap_q_mode5EL9_47           |  out|   16|      ap_vld|  p_ZZN4nnet24compute_output_buffer_2dINS_5arrayI8ap_fixedILi16ELi6EL9ap_q_mode5EL9_47|       pointer|
|p_ZZN4nnet24compute_output_buffer_2dINS_5arrayI8ap_fixedILi16ELi6EL9ap_q_mode5EL9_47_ap_vld    |  out|    1|      ap_vld|  p_ZZN4nnet24compute_output_buffer_2dINS_5arrayI8ap_fixedILi16ELi6EL9ap_q_mode5EL9_47|       pointer|
|p_ZZN4nnet24compute_output_buffer_2dINS_5arrayI8ap_fixedILi16ELi6EL9ap_q_mode5EL9_38_i         |   in|   16|     ap_ovld|  p_ZZN4nnet24compute_output_buffer_2dINS_5arrayI8ap_fixedILi16ELi6EL9ap_q_mode5EL9_38|       pointer|
|p_ZZN4nnet24compute_output_buffer_2dINS_5arrayI8ap_fixedILi16ELi6EL9ap_q_mode5EL9_38_o         |  out|   16|     ap_ovld|  p_ZZN4nnet24compute_output_buffer_2dINS_5arrayI8ap_fixedILi16ELi6EL9ap_q_mode5EL9_38|       pointer|
|p_ZZN4nnet24compute_output_buffer_2dINS_5arrayI8ap_fixedILi16ELi6EL9ap_q_mode5EL9_38_o_ap_vld  |  out|    1|     ap_ovld|  p_ZZN4nnet24compute_output_buffer_2dINS_5arrayI8ap_fixedILi16ELi6EL9ap_q_mode5EL9_38|       pointer|
|p_ZZN4nnet24compute_output_buffer_2dINS_5arrayI8ap_fixedILi16ELi6EL9ap_q_mode5EL9_46           |  out|   16|      ap_vld|  p_ZZN4nnet24compute_output_buffer_2dINS_5arrayI8ap_fixedILi16ELi6EL9ap_q_mode5EL9_46|       pointer|
|p_ZZN4nnet24compute_output_buffer_2dINS_5arrayI8ap_fixedILi16ELi6EL9ap_q_mode5EL9_46_ap_vld    |  out|    1|      ap_vld|  p_ZZN4nnet24compute_output_buffer_2dINS_5arrayI8ap_fixedILi16ELi6EL9ap_q_mode5EL9_46|       pointer|
|p_ZZN4nnet24compute_output_buffer_2dINS_5arrayI8ap_fixedILi16ELi6EL9ap_q_mode5EL9_37_i         |   in|   16|     ap_ovld|  p_ZZN4nnet24compute_output_buffer_2dINS_5arrayI8ap_fixedILi16ELi6EL9ap_q_mode5EL9_37|       pointer|
|p_ZZN4nnet24compute_output_buffer_2dINS_5arrayI8ap_fixedILi16ELi6EL9ap_q_mode5EL9_37_o         |  out|   16|     ap_ovld|  p_ZZN4nnet24compute_output_buffer_2dINS_5arrayI8ap_fixedILi16ELi6EL9ap_q_mode5EL9_37|       pointer|
|p_ZZN4nnet24compute_output_buffer_2dINS_5arrayI8ap_fixedILi16ELi6EL9ap_q_mode5EL9_37_o_ap_vld  |  out|    1|     ap_ovld|  p_ZZN4nnet24compute_output_buffer_2dINS_5arrayI8ap_fixedILi16ELi6EL9ap_q_mode5EL9_37|       pointer|
|p_ZZN4nnet24compute_output_buffer_2dINS_5arrayI8ap_fixedILi16ELi6EL9ap_q_mode5EL9_45           |  out|   16|      ap_vld|  p_ZZN4nnet24compute_output_buffer_2dINS_5arrayI8ap_fixedILi16ELi6EL9ap_q_mode5EL9_45|       pointer|
|p_ZZN4nnet24compute_output_buffer_2dINS_5arrayI8ap_fixedILi16ELi6EL9ap_q_mode5EL9_45_ap_vld    |  out|    1|      ap_vld|  p_ZZN4nnet24compute_output_buffer_2dINS_5arrayI8ap_fixedILi16ELi6EL9ap_q_mode5EL9_45|       pointer|
|p_ZZN4nnet24compute_output_buffer_2dINS_5arrayI8ap_fixedILi16ELi6EL9ap_q_mode5EL9_36_i         |   in|   16|     ap_ovld|  p_ZZN4nnet24compute_output_buffer_2dINS_5arrayI8ap_fixedILi16ELi6EL9ap_q_mode5EL9_36|       pointer|
|p_ZZN4nnet24compute_output_buffer_2dINS_5arrayI8ap_fixedILi16ELi6EL9ap_q_mode5EL9_36_o         |  out|   16|     ap_ovld|  p_ZZN4nnet24compute_output_buffer_2dINS_5arrayI8ap_fixedILi16ELi6EL9ap_q_mode5EL9_36|       pointer|
|p_ZZN4nnet24compute_output_buffer_2dINS_5arrayI8ap_fixedILi16ELi6EL9ap_q_mode5EL9_36_o_ap_vld  |  out|    1|     ap_ovld|  p_ZZN4nnet24compute_output_buffer_2dINS_5arrayI8ap_fixedILi16ELi6EL9ap_q_mode5EL9_36|       pointer|
|p_ZZN4nnet24compute_output_buffer_2dINS_5arrayI8ap_fixedILi16ELi6EL9ap_q_mode5EL9_44           |  out|   16|      ap_vld|  p_ZZN4nnet24compute_output_buffer_2dINS_5arrayI8ap_fixedILi16ELi6EL9ap_q_mode5EL9_44|       pointer|
|p_ZZN4nnet24compute_output_buffer_2dINS_5arrayI8ap_fixedILi16ELi6EL9ap_q_mode5EL9_44_ap_vld    |  out|    1|      ap_vld|  p_ZZN4nnet24compute_output_buffer_2dINS_5arrayI8ap_fixedILi16ELi6EL9ap_q_mode5EL9_44|       pointer|
|p_ZZN4nnet24compute_output_buffer_2dINS_5arrayI8ap_fixedILi16ELi6EL9ap_q_mode5EL9_35_i         |   in|   16|     ap_ovld|  p_ZZN4nnet24compute_output_buffer_2dINS_5arrayI8ap_fixedILi16ELi6EL9ap_q_mode5EL9_35|       pointer|
|p_ZZN4nnet24compute_output_buffer_2dINS_5arrayI8ap_fixedILi16ELi6EL9ap_q_mode5EL9_35_o         |  out|   16|     ap_ovld|  p_ZZN4nnet24compute_output_buffer_2dINS_5arrayI8ap_fixedILi16ELi6EL9ap_q_mode5EL9_35|       pointer|
|p_ZZN4nnet24compute_output_buffer_2dINS_5arrayI8ap_fixedILi16ELi6EL9ap_q_mode5EL9_35_o_ap_vld  |  out|    1|     ap_ovld|  p_ZZN4nnet24compute_output_buffer_2dINS_5arrayI8ap_fixedILi16ELi6EL9ap_q_mode5EL9_35|       pointer|
|p_ZZN4nnet24compute_output_buffer_2dINS_5arrayI8ap_fixedILi16ELi6EL9ap_q_mode5EL9_43           |  out|   16|      ap_vld|  p_ZZN4nnet24compute_output_buffer_2dINS_5arrayI8ap_fixedILi16ELi6EL9ap_q_mode5EL9_43|       pointer|
|p_ZZN4nnet24compute_output_buffer_2dINS_5arrayI8ap_fixedILi16ELi6EL9ap_q_mode5EL9_43_ap_vld    |  out|    1|      ap_vld|  p_ZZN4nnet24compute_output_buffer_2dINS_5arrayI8ap_fixedILi16ELi6EL9ap_q_mode5EL9_43|       pointer|
|p_ZZN4nnet24compute_output_buffer_2dINS_5arrayI8ap_fixedILi16ELi6EL9ap_q_mode5EL9_34_i         |   in|   16|     ap_ovld|  p_ZZN4nnet24compute_output_buffer_2dINS_5arrayI8ap_fixedILi16ELi6EL9ap_q_mode5EL9_34|       pointer|
|p_ZZN4nnet24compute_output_buffer_2dINS_5arrayI8ap_fixedILi16ELi6EL9ap_q_mode5EL9_34_o         |  out|   16|     ap_ovld|  p_ZZN4nnet24compute_output_buffer_2dINS_5arrayI8ap_fixedILi16ELi6EL9ap_q_mode5EL9_34|       pointer|
|p_ZZN4nnet24compute_output_buffer_2dINS_5arrayI8ap_fixedILi16ELi6EL9ap_q_mode5EL9_34_o_ap_vld  |  out|    1|     ap_ovld|  p_ZZN4nnet24compute_output_buffer_2dINS_5arrayI8ap_fixedILi16ELi6EL9ap_q_mode5EL9_34|       pointer|
|p_ZZN4nnet24compute_output_buffer_2dINS_5arrayI8ap_fixedILi16ELi6EL9ap_q_mode5EL9_42           |  out|   16|      ap_vld|  p_ZZN4nnet24compute_output_buffer_2dINS_5arrayI8ap_fixedILi16ELi6EL9ap_q_mode5EL9_42|       pointer|
|p_ZZN4nnet24compute_output_buffer_2dINS_5arrayI8ap_fixedILi16ELi6EL9ap_q_mode5EL9_42_ap_vld    |  out|    1|      ap_vld|  p_ZZN4nnet24compute_output_buffer_2dINS_5arrayI8ap_fixedILi16ELi6EL9ap_q_mode5EL9_42|       pointer|
|p_ZZN4nnet24compute_output_buffer_2dINS_5arrayI8ap_fixedILi16ELi6EL9ap_q_mode5EL9_33_i         |   in|   16|     ap_ovld|  p_ZZN4nnet24compute_output_buffer_2dINS_5arrayI8ap_fixedILi16ELi6EL9ap_q_mode5EL9_33|       pointer|
|p_ZZN4nnet24compute_output_buffer_2dINS_5arrayI8ap_fixedILi16ELi6EL9ap_q_mode5EL9_33_o         |  out|   16|     ap_ovld|  p_ZZN4nnet24compute_output_buffer_2dINS_5arrayI8ap_fixedILi16ELi6EL9ap_q_mode5EL9_33|       pointer|
|p_ZZN4nnet24compute_output_buffer_2dINS_5arrayI8ap_fixedILi16ELi6EL9ap_q_mode5EL9_33_o_ap_vld  |  out|    1|     ap_ovld|  p_ZZN4nnet24compute_output_buffer_2dINS_5arrayI8ap_fixedILi16ELi6EL9ap_q_mode5EL9_33|       pointer|
|p_ZZN4nnet24compute_output_buffer_2dINS_5arrayI8ap_fixedILi16ELi6EL9ap_q_mode5EL9_41           |  out|   16|      ap_vld|  p_ZZN4nnet24compute_output_buffer_2dINS_5arrayI8ap_fixedILi16ELi6EL9ap_q_mode5EL9_41|       pointer|
|p_ZZN4nnet24compute_output_buffer_2dINS_5arrayI8ap_fixedILi16ELi6EL9ap_q_mode5EL9_41_ap_vld    |  out|    1|      ap_vld|  p_ZZN4nnet24compute_output_buffer_2dINS_5arrayI8ap_fixedILi16ELi6EL9ap_q_mode5EL9_41|       pointer|
|p_ZZN4nnet24compute_output_buffer_2dINS_5arrayI8ap_fixedILi16ELi6EL9ap_q_mode5EL9_32_i         |   in|   16|     ap_ovld|  p_ZZN4nnet24compute_output_buffer_2dINS_5arrayI8ap_fixedILi16ELi6EL9ap_q_mode5EL9_32|       pointer|
|p_ZZN4nnet24compute_output_buffer_2dINS_5arrayI8ap_fixedILi16ELi6EL9ap_q_mode5EL9_32_o         |  out|   16|     ap_ovld|  p_ZZN4nnet24compute_output_buffer_2dINS_5arrayI8ap_fixedILi16ELi6EL9ap_q_mode5EL9_32|       pointer|
|p_ZZN4nnet24compute_output_buffer_2dINS_5arrayI8ap_fixedILi16ELi6EL9ap_q_mode5EL9_32_o_ap_vld  |  out|    1|     ap_ovld|  p_ZZN4nnet24compute_output_buffer_2dINS_5arrayI8ap_fixedILi16ELi6EL9ap_q_mode5EL9_32|       pointer|
|p_ZZN4nnet24compute_output_buffer_2dINS_5arrayI8ap_fixedILi16ELi6EL9ap_q_mode5EL9_40           |  out|   16|      ap_vld|  p_ZZN4nnet24compute_output_buffer_2dINS_5arrayI8ap_fixedILi16ELi6EL9ap_q_mode5EL9_40|       pointer|
|p_ZZN4nnet24compute_output_buffer_2dINS_5arrayI8ap_fixedILi16ELi6EL9ap_q_mode5EL9_40_ap_vld    |  out|    1|      ap_vld|  p_ZZN4nnet24compute_output_buffer_2dINS_5arrayI8ap_fixedILi16ELi6EL9ap_q_mode5EL9_40|       pointer|
|p_ZZN4nnet24compute_output_buffer_2dINS_5arrayI8ap_fixedILi16ELi6EL9ap_q_mode5EL9_15_i         |   in|   16|     ap_ovld|  p_ZZN4nnet24compute_output_buffer_2dINS_5arrayI8ap_fixedILi16ELi6EL9ap_q_mode5EL9_15|       pointer|
|p_ZZN4nnet24compute_output_buffer_2dINS_5arrayI8ap_fixedILi16ELi6EL9ap_q_mode5EL9_15_o         |  out|   16|     ap_ovld|  p_ZZN4nnet24compute_output_buffer_2dINS_5arrayI8ap_fixedILi16ELi6EL9ap_q_mode5EL9_15|       pointer|
|p_ZZN4nnet24compute_output_buffer_2dINS_5arrayI8ap_fixedILi16ELi6EL9ap_q_mode5EL9_15_o_ap_vld  |  out|    1|     ap_ovld|  p_ZZN4nnet24compute_output_buffer_2dINS_5arrayI8ap_fixedILi16ELi6EL9ap_q_mode5EL9_15|       pointer|
|p_ZZN4nnet24compute_output_buffer_2dINS_5arrayI8ap_fixedILi16ELi6EL9ap_q_mode5EL9_23           |  out|   16|      ap_vld|  p_ZZN4nnet24compute_output_buffer_2dINS_5arrayI8ap_fixedILi16ELi6EL9ap_q_mode5EL9_23|       pointer|
|p_ZZN4nnet24compute_output_buffer_2dINS_5arrayI8ap_fixedILi16ELi6EL9ap_q_mode5EL9_23_ap_vld    |  out|    1|      ap_vld|  p_ZZN4nnet24compute_output_buffer_2dINS_5arrayI8ap_fixedILi16ELi6EL9ap_q_mode5EL9_23|       pointer|
|p_ZZN4nnet24compute_output_buffer_2dINS_5arrayI8ap_fixedILi16ELi6EL9ap_q_mode5EL9_14_i         |   in|   16|     ap_ovld|  p_ZZN4nnet24compute_output_buffer_2dINS_5arrayI8ap_fixedILi16ELi6EL9ap_q_mode5EL9_14|       pointer|
|p_ZZN4nnet24compute_output_buffer_2dINS_5arrayI8ap_fixedILi16ELi6EL9ap_q_mode5EL9_14_o         |  out|   16|     ap_ovld|  p_ZZN4nnet24compute_output_buffer_2dINS_5arrayI8ap_fixedILi16ELi6EL9ap_q_mode5EL9_14|       pointer|
|p_ZZN4nnet24compute_output_buffer_2dINS_5arrayI8ap_fixedILi16ELi6EL9ap_q_mode5EL9_14_o_ap_vld  |  out|    1|     ap_ovld|  p_ZZN4nnet24compute_output_buffer_2dINS_5arrayI8ap_fixedILi16ELi6EL9ap_q_mode5EL9_14|       pointer|
|p_ZZN4nnet24compute_output_buffer_2dINS_5arrayI8ap_fixedILi16ELi6EL9ap_q_mode5EL9_22           |  out|   16|      ap_vld|  p_ZZN4nnet24compute_output_buffer_2dINS_5arrayI8ap_fixedILi16ELi6EL9ap_q_mode5EL9_22|       pointer|
|p_ZZN4nnet24compute_output_buffer_2dINS_5arrayI8ap_fixedILi16ELi6EL9ap_q_mode5EL9_22_ap_vld    |  out|    1|      ap_vld|  p_ZZN4nnet24compute_output_buffer_2dINS_5arrayI8ap_fixedILi16ELi6EL9ap_q_mode5EL9_22|       pointer|
|p_ZZN4nnet24compute_output_buffer_2dINS_5arrayI8ap_fixedILi16ELi6EL9ap_q_mode5EL9_13_i         |   in|   16|     ap_ovld|  p_ZZN4nnet24compute_output_buffer_2dINS_5arrayI8ap_fixedILi16ELi6EL9ap_q_mode5EL9_13|       pointer|
|p_ZZN4nnet24compute_output_buffer_2dINS_5arrayI8ap_fixedILi16ELi6EL9ap_q_mode5EL9_13_o         |  out|   16|     ap_ovld|  p_ZZN4nnet24compute_output_buffer_2dINS_5arrayI8ap_fixedILi16ELi6EL9ap_q_mode5EL9_13|       pointer|
|p_ZZN4nnet24compute_output_buffer_2dINS_5arrayI8ap_fixedILi16ELi6EL9ap_q_mode5EL9_13_o_ap_vld  |  out|    1|     ap_ovld|  p_ZZN4nnet24compute_output_buffer_2dINS_5arrayI8ap_fixedILi16ELi6EL9ap_q_mode5EL9_13|       pointer|
|p_ZZN4nnet24compute_output_buffer_2dINS_5arrayI8ap_fixedILi16ELi6EL9ap_q_mode5EL9_21           |  out|   16|      ap_vld|  p_ZZN4nnet24compute_output_buffer_2dINS_5arrayI8ap_fixedILi16ELi6EL9ap_q_mode5EL9_21|       pointer|
|p_ZZN4nnet24compute_output_buffer_2dINS_5arrayI8ap_fixedILi16ELi6EL9ap_q_mode5EL9_21_ap_vld    |  out|    1|      ap_vld|  p_ZZN4nnet24compute_output_buffer_2dINS_5arrayI8ap_fixedILi16ELi6EL9ap_q_mode5EL9_21|       pointer|
|p_ZZN4nnet24compute_output_buffer_2dINS_5arrayI8ap_fixedILi16ELi6EL9ap_q_mode5EL9_12_i         |   in|   16|     ap_ovld|  p_ZZN4nnet24compute_output_buffer_2dINS_5arrayI8ap_fixedILi16ELi6EL9ap_q_mode5EL9_12|       pointer|
|p_ZZN4nnet24compute_output_buffer_2dINS_5arrayI8ap_fixedILi16ELi6EL9ap_q_mode5EL9_12_o         |  out|   16|     ap_ovld|  p_ZZN4nnet24compute_output_buffer_2dINS_5arrayI8ap_fixedILi16ELi6EL9ap_q_mode5EL9_12|       pointer|
|p_ZZN4nnet24compute_output_buffer_2dINS_5arrayI8ap_fixedILi16ELi6EL9ap_q_mode5EL9_12_o_ap_vld  |  out|    1|     ap_ovld|  p_ZZN4nnet24compute_output_buffer_2dINS_5arrayI8ap_fixedILi16ELi6EL9ap_q_mode5EL9_12|       pointer|
|p_ZZN4nnet24compute_output_buffer_2dINS_5arrayI8ap_fixedILi16ELi6EL9ap_q_mode5EL9_20           |  out|   16|      ap_vld|  p_ZZN4nnet24compute_output_buffer_2dINS_5arrayI8ap_fixedILi16ELi6EL9ap_q_mode5EL9_20|       pointer|
|p_ZZN4nnet24compute_output_buffer_2dINS_5arrayI8ap_fixedILi16ELi6EL9ap_q_mode5EL9_20_ap_vld    |  out|    1|      ap_vld|  p_ZZN4nnet24compute_output_buffer_2dINS_5arrayI8ap_fixedILi16ELi6EL9ap_q_mode5EL9_20|       pointer|
|p_ZZN4nnet24compute_output_buffer_2dINS_5arrayI8ap_fixedILi16ELi6EL9ap_q_mode5EL9_11_i         |   in|   16|     ap_ovld|  p_ZZN4nnet24compute_output_buffer_2dINS_5arrayI8ap_fixedILi16ELi6EL9ap_q_mode5EL9_11|       pointer|
|p_ZZN4nnet24compute_output_buffer_2dINS_5arrayI8ap_fixedILi16ELi6EL9ap_q_mode5EL9_11_o         |  out|   16|     ap_ovld|  p_ZZN4nnet24compute_output_buffer_2dINS_5arrayI8ap_fixedILi16ELi6EL9ap_q_mode5EL9_11|       pointer|
|p_ZZN4nnet24compute_output_buffer_2dINS_5arrayI8ap_fixedILi16ELi6EL9ap_q_mode5EL9_11_o_ap_vld  |  out|    1|     ap_ovld|  p_ZZN4nnet24compute_output_buffer_2dINS_5arrayI8ap_fixedILi16ELi6EL9ap_q_mode5EL9_11|       pointer|
|p_ZZN4nnet24compute_output_buffer_2dINS_5arrayI8ap_fixedILi16ELi6EL9ap_q_mode5EL9_19           |  out|   16|      ap_vld|  p_ZZN4nnet24compute_output_buffer_2dINS_5arrayI8ap_fixedILi16ELi6EL9ap_q_mode5EL9_19|       pointer|
|p_ZZN4nnet24compute_output_buffer_2dINS_5arrayI8ap_fixedILi16ELi6EL9ap_q_mode5EL9_19_ap_vld    |  out|    1|      ap_vld|  p_ZZN4nnet24compute_output_buffer_2dINS_5arrayI8ap_fixedILi16ELi6EL9ap_q_mode5EL9_19|       pointer|
|p_ZZN4nnet24compute_output_buffer_2dINS_5arrayI8ap_fixedILi16ELi6EL9ap_q_mode5EL9_10_i         |   in|   16|     ap_ovld|  p_ZZN4nnet24compute_output_buffer_2dINS_5arrayI8ap_fixedILi16ELi6EL9ap_q_mode5EL9_10|       pointer|
|p_ZZN4nnet24compute_output_buffer_2dINS_5arrayI8ap_fixedILi16ELi6EL9ap_q_mode5EL9_10_o         |  out|   16|     ap_ovld|  p_ZZN4nnet24compute_output_buffer_2dINS_5arrayI8ap_fixedILi16ELi6EL9ap_q_mode5EL9_10|       pointer|
|p_ZZN4nnet24compute_output_buffer_2dINS_5arrayI8ap_fixedILi16ELi6EL9ap_q_mode5EL9_10_o_ap_vld  |  out|    1|     ap_ovld|  p_ZZN4nnet24compute_output_buffer_2dINS_5arrayI8ap_fixedILi16ELi6EL9ap_q_mode5EL9_10|       pointer|
|p_ZZN4nnet24compute_output_buffer_2dINS_5arrayI8ap_fixedILi16ELi6EL9ap_q_mode5EL9_18           |  out|   16|      ap_vld|  p_ZZN4nnet24compute_output_buffer_2dINS_5arrayI8ap_fixedILi16ELi6EL9ap_q_mode5EL9_18|       pointer|
|p_ZZN4nnet24compute_output_buffer_2dINS_5arrayI8ap_fixedILi16ELi6EL9ap_q_mode5EL9_18_ap_vld    |  out|    1|      ap_vld|  p_ZZN4nnet24compute_output_buffer_2dINS_5arrayI8ap_fixedILi16ELi6EL9ap_q_mode5EL9_18|       pointer|
|p_ZZN4nnet24compute_output_buffer_2dINS_5arrayI8ap_fixedILi16ELi6EL9ap_q_mode5EL9_9_i          |   in|   16|     ap_ovld|   p_ZZN4nnet24compute_output_buffer_2dINS_5arrayI8ap_fixedILi16ELi6EL9ap_q_mode5EL9_9|       pointer|
|p_ZZN4nnet24compute_output_buffer_2dINS_5arrayI8ap_fixedILi16ELi6EL9ap_q_mode5EL9_9_o          |  out|   16|     ap_ovld|   p_ZZN4nnet24compute_output_buffer_2dINS_5arrayI8ap_fixedILi16ELi6EL9ap_q_mode5EL9_9|       pointer|
|p_ZZN4nnet24compute_output_buffer_2dINS_5arrayI8ap_fixedILi16ELi6EL9ap_q_mode5EL9_9_o_ap_vld   |  out|    1|     ap_ovld|   p_ZZN4nnet24compute_output_buffer_2dINS_5arrayI8ap_fixedILi16ELi6EL9ap_q_mode5EL9_9|       pointer|
|p_ZZN4nnet24compute_output_buffer_2dINS_5arrayI8ap_fixedILi16ELi6EL9ap_q_mode5EL9_17           |  out|   16|      ap_vld|  p_ZZN4nnet24compute_output_buffer_2dINS_5arrayI8ap_fixedILi16ELi6EL9ap_q_mode5EL9_17|       pointer|
|p_ZZN4nnet24compute_output_buffer_2dINS_5arrayI8ap_fixedILi16ELi6EL9ap_q_mode5EL9_17_ap_vld    |  out|    1|      ap_vld|  p_ZZN4nnet24compute_output_buffer_2dINS_5arrayI8ap_fixedILi16ELi6EL9ap_q_mode5EL9_17|       pointer|
|p_ZZN4nnet24compute_output_buffer_2dINS_5arrayI8ap_fixedILi16ELi6EL9ap_q_mode5EL9_8_i          |   in|   16|     ap_ovld|   p_ZZN4nnet24compute_output_buffer_2dINS_5arrayI8ap_fixedILi16ELi6EL9ap_q_mode5EL9_8|       pointer|
|p_ZZN4nnet24compute_output_buffer_2dINS_5arrayI8ap_fixedILi16ELi6EL9ap_q_mode5EL9_8_o          |  out|   16|     ap_ovld|   p_ZZN4nnet24compute_output_buffer_2dINS_5arrayI8ap_fixedILi16ELi6EL9ap_q_mode5EL9_8|       pointer|
|p_ZZN4nnet24compute_output_buffer_2dINS_5arrayI8ap_fixedILi16ELi6EL9ap_q_mode5EL9_8_o_ap_vld   |  out|    1|     ap_ovld|   p_ZZN4nnet24compute_output_buffer_2dINS_5arrayI8ap_fixedILi16ELi6EL9ap_q_mode5EL9_8|       pointer|
|p_ZZN4nnet24compute_output_buffer_2dINS_5arrayI8ap_fixedILi16ELi6EL9ap_q_mode5EL9_16           |  out|   16|      ap_vld|  p_ZZN4nnet24compute_output_buffer_2dINS_5arrayI8ap_fixedILi16ELi6EL9ap_q_mode5EL9_16|       pointer|
|p_ZZN4nnet24compute_output_buffer_2dINS_5arrayI8ap_fixedILi16ELi6EL9ap_q_mode5EL9_16_ap_vld    |  out|    1|      ap_vld|  p_ZZN4nnet24compute_output_buffer_2dINS_5arrayI8ap_fixedILi16ELi6EL9ap_q_mode5EL9_16|       pointer|
|p_ZZN4nnet24compute_output_buffer_2dINS_5arrayI8ap_fixedILi16ELi6EL9ap_q_mode5EL9_55_i         |   in|   16|     ap_ovld|  p_ZZN4nnet24compute_output_buffer_2dINS_5arrayI8ap_fixedILi16ELi6EL9ap_q_mode5EL9_55|       pointer|
|p_ZZN4nnet24compute_output_buffer_2dINS_5arrayI8ap_fixedILi16ELi6EL9ap_q_mode5EL9_55_o         |  out|   16|     ap_ovld|  p_ZZN4nnet24compute_output_buffer_2dINS_5arrayI8ap_fixedILi16ELi6EL9ap_q_mode5EL9_55|       pointer|
|p_ZZN4nnet24compute_output_buffer_2dINS_5arrayI8ap_fixedILi16ELi6EL9ap_q_mode5EL9_55_o_ap_vld  |  out|    1|     ap_ovld|  p_ZZN4nnet24compute_output_buffer_2dINS_5arrayI8ap_fixedILi16ELi6EL9ap_q_mode5EL9_55|       pointer|
|p_ZZN4nnet24compute_output_buffer_2dINS_5arrayI8ap_fixedILi16ELi6EL9ap_q_mode5EL9_54_i         |   in|   16|     ap_ovld|  p_ZZN4nnet24compute_output_buffer_2dINS_5arrayI8ap_fixedILi16ELi6EL9ap_q_mode5EL9_54|       pointer|
|p_ZZN4nnet24compute_output_buffer_2dINS_5arrayI8ap_fixedILi16ELi6EL9ap_q_mode5EL9_54_o         |  out|   16|     ap_ovld|  p_ZZN4nnet24compute_output_buffer_2dINS_5arrayI8ap_fixedILi16ELi6EL9ap_q_mode5EL9_54|       pointer|
|p_ZZN4nnet24compute_output_buffer_2dINS_5arrayI8ap_fixedILi16ELi6EL9ap_q_mode5EL9_54_o_ap_vld  |  out|    1|     ap_ovld|  p_ZZN4nnet24compute_output_buffer_2dINS_5arrayI8ap_fixedILi16ELi6EL9ap_q_mode5EL9_54|       pointer|
|p_ZZN4nnet24compute_output_buffer_2dINS_5arrayI8ap_fixedILi16ELi6EL9ap_q_mode5EL9_53_i         |   in|   16|     ap_ovld|  p_ZZN4nnet24compute_output_buffer_2dINS_5arrayI8ap_fixedILi16ELi6EL9ap_q_mode5EL9_53|       pointer|
|p_ZZN4nnet24compute_output_buffer_2dINS_5arrayI8ap_fixedILi16ELi6EL9ap_q_mode5EL9_53_o         |  out|   16|     ap_ovld|  p_ZZN4nnet24compute_output_buffer_2dINS_5arrayI8ap_fixedILi16ELi6EL9ap_q_mode5EL9_53|       pointer|
|p_ZZN4nnet24compute_output_buffer_2dINS_5arrayI8ap_fixedILi16ELi6EL9ap_q_mode5EL9_53_o_ap_vld  |  out|    1|     ap_ovld|  p_ZZN4nnet24compute_output_buffer_2dINS_5arrayI8ap_fixedILi16ELi6EL9ap_q_mode5EL9_53|       pointer|
|p_ZZN4nnet24compute_output_buffer_2dINS_5arrayI8ap_fixedILi16ELi6EL9ap_q_mode5EL9_52_i         |   in|   16|     ap_ovld|  p_ZZN4nnet24compute_output_buffer_2dINS_5arrayI8ap_fixedILi16ELi6EL9ap_q_mode5EL9_52|       pointer|
|p_ZZN4nnet24compute_output_buffer_2dINS_5arrayI8ap_fixedILi16ELi6EL9ap_q_mode5EL9_52_o         |  out|   16|     ap_ovld|  p_ZZN4nnet24compute_output_buffer_2dINS_5arrayI8ap_fixedILi16ELi6EL9ap_q_mode5EL9_52|       pointer|
|p_ZZN4nnet24compute_output_buffer_2dINS_5arrayI8ap_fixedILi16ELi6EL9ap_q_mode5EL9_52_o_ap_vld  |  out|    1|     ap_ovld|  p_ZZN4nnet24compute_output_buffer_2dINS_5arrayI8ap_fixedILi16ELi6EL9ap_q_mode5EL9_52|       pointer|
|p_ZZN4nnet24compute_output_buffer_2dINS_5arrayI8ap_fixedILi16ELi6EL9ap_q_mode5EL9_51_i         |   in|   16|     ap_ovld|  p_ZZN4nnet24compute_output_buffer_2dINS_5arrayI8ap_fixedILi16ELi6EL9ap_q_mode5EL9_51|       pointer|
|p_ZZN4nnet24compute_output_buffer_2dINS_5arrayI8ap_fixedILi16ELi6EL9ap_q_mode5EL9_51_o         |  out|   16|     ap_ovld|  p_ZZN4nnet24compute_output_buffer_2dINS_5arrayI8ap_fixedILi16ELi6EL9ap_q_mode5EL9_51|       pointer|
|p_ZZN4nnet24compute_output_buffer_2dINS_5arrayI8ap_fixedILi16ELi6EL9ap_q_mode5EL9_51_o_ap_vld  |  out|    1|     ap_ovld|  p_ZZN4nnet24compute_output_buffer_2dINS_5arrayI8ap_fixedILi16ELi6EL9ap_q_mode5EL9_51|       pointer|
|p_ZZN4nnet24compute_output_buffer_2dINS_5arrayI8ap_fixedILi16ELi6EL9ap_q_mode5EL9_50_i         |   in|   16|     ap_ovld|  p_ZZN4nnet24compute_output_buffer_2dINS_5arrayI8ap_fixedILi16ELi6EL9ap_q_mode5EL9_50|       pointer|
|p_ZZN4nnet24compute_output_buffer_2dINS_5arrayI8ap_fixedILi16ELi6EL9ap_q_mode5EL9_50_o         |  out|   16|     ap_ovld|  p_ZZN4nnet24compute_output_buffer_2dINS_5arrayI8ap_fixedILi16ELi6EL9ap_q_mode5EL9_50|       pointer|
|p_ZZN4nnet24compute_output_buffer_2dINS_5arrayI8ap_fixedILi16ELi6EL9ap_q_mode5EL9_50_o_ap_vld  |  out|    1|     ap_ovld|  p_ZZN4nnet24compute_output_buffer_2dINS_5arrayI8ap_fixedILi16ELi6EL9ap_q_mode5EL9_50|       pointer|
|p_ZZN4nnet24compute_output_buffer_2dINS_5arrayI8ap_fixedILi16ELi6EL9ap_q_mode5EL9_49_i         |   in|   16|     ap_ovld|  p_ZZN4nnet24compute_output_buffer_2dINS_5arrayI8ap_fixedILi16ELi6EL9ap_q_mode5EL9_49|       pointer|
|p_ZZN4nnet24compute_output_buffer_2dINS_5arrayI8ap_fixedILi16ELi6EL9ap_q_mode5EL9_49_o         |  out|   16|     ap_ovld|  p_ZZN4nnet24compute_output_buffer_2dINS_5arrayI8ap_fixedILi16ELi6EL9ap_q_mode5EL9_49|       pointer|
|p_ZZN4nnet24compute_output_buffer_2dINS_5arrayI8ap_fixedILi16ELi6EL9ap_q_mode5EL9_49_o_ap_vld  |  out|    1|     ap_ovld|  p_ZZN4nnet24compute_output_buffer_2dINS_5arrayI8ap_fixedILi16ELi6EL9ap_q_mode5EL9_49|       pointer|
|p_ZZN4nnet24compute_output_buffer_2dINS_5arrayI8ap_fixedILi16ELi6EL9ap_q_mode5EL9_48_i         |   in|   16|     ap_ovld|  p_ZZN4nnet24compute_output_buffer_2dINS_5arrayI8ap_fixedILi16ELi6EL9ap_q_mode5EL9_48|       pointer|
|p_ZZN4nnet24compute_output_buffer_2dINS_5arrayI8ap_fixedILi16ELi6EL9ap_q_mode5EL9_48_o         |  out|   16|     ap_ovld|  p_ZZN4nnet24compute_output_buffer_2dINS_5arrayI8ap_fixedILi16ELi6EL9ap_q_mode5EL9_48|       pointer|
|p_ZZN4nnet24compute_output_buffer_2dINS_5arrayI8ap_fixedILi16ELi6EL9ap_q_mode5EL9_48_o_ap_vld  |  out|    1|     ap_ovld|  p_ZZN4nnet24compute_output_buffer_2dINS_5arrayI8ap_fixedILi16ELi6EL9ap_q_mode5EL9_48|       pointer|
|p_ZZN4nnet24compute_output_buffer_2dINS_5arrayI8ap_fixedILi16ELi6EL9ap_q_mode5EL9_31_i         |   in|   16|     ap_ovld|  p_ZZN4nnet24compute_output_buffer_2dINS_5arrayI8ap_fixedILi16ELi6EL9ap_q_mode5EL9_31|       pointer|
|p_ZZN4nnet24compute_output_buffer_2dINS_5arrayI8ap_fixedILi16ELi6EL9ap_q_mode5EL9_31_o         |  out|   16|     ap_ovld|  p_ZZN4nnet24compute_output_buffer_2dINS_5arrayI8ap_fixedILi16ELi6EL9ap_q_mode5EL9_31|       pointer|
|p_ZZN4nnet24compute_output_buffer_2dINS_5arrayI8ap_fixedILi16ELi6EL9ap_q_mode5EL9_31_o_ap_vld  |  out|    1|     ap_ovld|  p_ZZN4nnet24compute_output_buffer_2dINS_5arrayI8ap_fixedILi16ELi6EL9ap_q_mode5EL9_31|       pointer|
|p_ZZN4nnet24compute_output_buffer_2dINS_5arrayI8ap_fixedILi16ELi6EL9ap_q_mode5EL9_30_i         |   in|   16|     ap_ovld|  p_ZZN4nnet24compute_output_buffer_2dINS_5arrayI8ap_fixedILi16ELi6EL9ap_q_mode5EL9_30|       pointer|
|p_ZZN4nnet24compute_output_buffer_2dINS_5arrayI8ap_fixedILi16ELi6EL9ap_q_mode5EL9_30_o         |  out|   16|     ap_ovld|  p_ZZN4nnet24compute_output_buffer_2dINS_5arrayI8ap_fixedILi16ELi6EL9ap_q_mode5EL9_30|       pointer|
|p_ZZN4nnet24compute_output_buffer_2dINS_5arrayI8ap_fixedILi16ELi6EL9ap_q_mode5EL9_30_o_ap_vld  |  out|    1|     ap_ovld|  p_ZZN4nnet24compute_output_buffer_2dINS_5arrayI8ap_fixedILi16ELi6EL9ap_q_mode5EL9_30|       pointer|
|p_ZZN4nnet24compute_output_buffer_2dINS_5arrayI8ap_fixedILi16ELi6EL9ap_q_mode5EL9_29_i         |   in|   16|     ap_ovld|  p_ZZN4nnet24compute_output_buffer_2dINS_5arrayI8ap_fixedILi16ELi6EL9ap_q_mode5EL9_29|       pointer|
|p_ZZN4nnet24compute_output_buffer_2dINS_5arrayI8ap_fixedILi16ELi6EL9ap_q_mode5EL9_29_o         |  out|   16|     ap_ovld|  p_ZZN4nnet24compute_output_buffer_2dINS_5arrayI8ap_fixedILi16ELi6EL9ap_q_mode5EL9_29|       pointer|
|p_ZZN4nnet24compute_output_buffer_2dINS_5arrayI8ap_fixedILi16ELi6EL9ap_q_mode5EL9_29_o_ap_vld  |  out|    1|     ap_ovld|  p_ZZN4nnet24compute_output_buffer_2dINS_5arrayI8ap_fixedILi16ELi6EL9ap_q_mode5EL9_29|       pointer|
|p_ZZN4nnet24compute_output_buffer_2dINS_5arrayI8ap_fixedILi16ELi6EL9ap_q_mode5EL9_28_i         |   in|   16|     ap_ovld|  p_ZZN4nnet24compute_output_buffer_2dINS_5arrayI8ap_fixedILi16ELi6EL9ap_q_mode5EL9_28|       pointer|
|p_ZZN4nnet24compute_output_buffer_2dINS_5arrayI8ap_fixedILi16ELi6EL9ap_q_mode5EL9_28_o         |  out|   16|     ap_ovld|  p_ZZN4nnet24compute_output_buffer_2dINS_5arrayI8ap_fixedILi16ELi6EL9ap_q_mode5EL9_28|       pointer|
|p_ZZN4nnet24compute_output_buffer_2dINS_5arrayI8ap_fixedILi16ELi6EL9ap_q_mode5EL9_28_o_ap_vld  |  out|    1|     ap_ovld|  p_ZZN4nnet24compute_output_buffer_2dINS_5arrayI8ap_fixedILi16ELi6EL9ap_q_mode5EL9_28|       pointer|
|p_ZZN4nnet24compute_output_buffer_2dINS_5arrayI8ap_fixedILi16ELi6EL9ap_q_mode5EL9_27_i         |   in|   16|     ap_ovld|  p_ZZN4nnet24compute_output_buffer_2dINS_5arrayI8ap_fixedILi16ELi6EL9ap_q_mode5EL9_27|       pointer|
|p_ZZN4nnet24compute_output_buffer_2dINS_5arrayI8ap_fixedILi16ELi6EL9ap_q_mode5EL9_27_o         |  out|   16|     ap_ovld|  p_ZZN4nnet24compute_output_buffer_2dINS_5arrayI8ap_fixedILi16ELi6EL9ap_q_mode5EL9_27|       pointer|
|p_ZZN4nnet24compute_output_buffer_2dINS_5arrayI8ap_fixedILi16ELi6EL9ap_q_mode5EL9_27_o_ap_vld  |  out|    1|     ap_ovld|  p_ZZN4nnet24compute_output_buffer_2dINS_5arrayI8ap_fixedILi16ELi6EL9ap_q_mode5EL9_27|       pointer|
|p_ZZN4nnet24compute_output_buffer_2dINS_5arrayI8ap_fixedILi16ELi6EL9ap_q_mode5EL9_26_i         |   in|   16|     ap_ovld|  p_ZZN4nnet24compute_output_buffer_2dINS_5arrayI8ap_fixedILi16ELi6EL9ap_q_mode5EL9_26|       pointer|
|p_ZZN4nnet24compute_output_buffer_2dINS_5arrayI8ap_fixedILi16ELi6EL9ap_q_mode5EL9_26_o         |  out|   16|     ap_ovld|  p_ZZN4nnet24compute_output_buffer_2dINS_5arrayI8ap_fixedILi16ELi6EL9ap_q_mode5EL9_26|       pointer|
|p_ZZN4nnet24compute_output_buffer_2dINS_5arrayI8ap_fixedILi16ELi6EL9ap_q_mode5EL9_26_o_ap_vld  |  out|    1|     ap_ovld|  p_ZZN4nnet24compute_output_buffer_2dINS_5arrayI8ap_fixedILi16ELi6EL9ap_q_mode5EL9_26|       pointer|
|p_ZZN4nnet24compute_output_buffer_2dINS_5arrayI8ap_fixedILi16ELi6EL9ap_q_mode5EL9_25_i         |   in|   16|     ap_ovld|  p_ZZN4nnet24compute_output_buffer_2dINS_5arrayI8ap_fixedILi16ELi6EL9ap_q_mode5EL9_25|       pointer|
|p_ZZN4nnet24compute_output_buffer_2dINS_5arrayI8ap_fixedILi16ELi6EL9ap_q_mode5EL9_25_o         |  out|   16|     ap_ovld|  p_ZZN4nnet24compute_output_buffer_2dINS_5arrayI8ap_fixedILi16ELi6EL9ap_q_mode5EL9_25|       pointer|
|p_ZZN4nnet24compute_output_buffer_2dINS_5arrayI8ap_fixedILi16ELi6EL9ap_q_mode5EL9_25_o_ap_vld  |  out|    1|     ap_ovld|  p_ZZN4nnet24compute_output_buffer_2dINS_5arrayI8ap_fixedILi16ELi6EL9ap_q_mode5EL9_25|       pointer|
|p_ZZN4nnet24compute_output_buffer_2dINS_5arrayI8ap_fixedILi16ELi6EL9ap_q_mode5EL9_24_i         |   in|   16|     ap_ovld|  p_ZZN4nnet24compute_output_buffer_2dINS_5arrayI8ap_fixedILi16ELi6EL9ap_q_mode5EL9_24|       pointer|
|p_ZZN4nnet24compute_output_buffer_2dINS_5arrayI8ap_fixedILi16ELi6EL9ap_q_mode5EL9_24_o         |  out|   16|     ap_ovld|  p_ZZN4nnet24compute_output_buffer_2dINS_5arrayI8ap_fixedILi16ELi6EL9ap_q_mode5EL9_24|       pointer|
|p_ZZN4nnet24compute_output_buffer_2dINS_5arrayI8ap_fixedILi16ELi6EL9ap_q_mode5EL9_24_o_ap_vld  |  out|    1|     ap_ovld|  p_ZZN4nnet24compute_output_buffer_2dINS_5arrayI8ap_fixedILi16ELi6EL9ap_q_mode5EL9_24|       pointer|
|p_ZZN4nnet24compute_output_buffer_2dINS_5arrayI8ap_fixedILi16ELi6EL9ap_q_mode5EL9_7_i          |   in|   16|     ap_ovld|   p_ZZN4nnet24compute_output_buffer_2dINS_5arrayI8ap_fixedILi16ELi6EL9ap_q_mode5EL9_7|       pointer|
|p_ZZN4nnet24compute_output_buffer_2dINS_5arrayI8ap_fixedILi16ELi6EL9ap_q_mode5EL9_7_o          |  out|   16|     ap_ovld|   p_ZZN4nnet24compute_output_buffer_2dINS_5arrayI8ap_fixedILi16ELi6EL9ap_q_mode5EL9_7|       pointer|
|p_ZZN4nnet24compute_output_buffer_2dINS_5arrayI8ap_fixedILi16ELi6EL9ap_q_mode5EL9_7_o_ap_vld   |  out|    1|     ap_ovld|   p_ZZN4nnet24compute_output_buffer_2dINS_5arrayI8ap_fixedILi16ELi6EL9ap_q_mode5EL9_7|       pointer|
|p_ZZN4nnet24compute_output_buffer_2dINS_5arrayI8ap_fixedILi16ELi6EL9ap_q_mode5EL9_6_i          |   in|   16|     ap_ovld|   p_ZZN4nnet24compute_output_buffer_2dINS_5arrayI8ap_fixedILi16ELi6EL9ap_q_mode5EL9_6|       pointer|
|p_ZZN4nnet24compute_output_buffer_2dINS_5arrayI8ap_fixedILi16ELi6EL9ap_q_mode5EL9_6_o          |  out|   16|     ap_ovld|   p_ZZN4nnet24compute_output_buffer_2dINS_5arrayI8ap_fixedILi16ELi6EL9ap_q_mode5EL9_6|       pointer|
|p_ZZN4nnet24compute_output_buffer_2dINS_5arrayI8ap_fixedILi16ELi6EL9ap_q_mode5EL9_6_o_ap_vld   |  out|    1|     ap_ovld|   p_ZZN4nnet24compute_output_buffer_2dINS_5arrayI8ap_fixedILi16ELi6EL9ap_q_mode5EL9_6|       pointer|
|p_ZZN4nnet24compute_output_buffer_2dINS_5arrayI8ap_fixedILi16ELi6EL9ap_q_mode5EL9_5_i          |   in|   16|     ap_ovld|   p_ZZN4nnet24compute_output_buffer_2dINS_5arrayI8ap_fixedILi16ELi6EL9ap_q_mode5EL9_5|       pointer|
|p_ZZN4nnet24compute_output_buffer_2dINS_5arrayI8ap_fixedILi16ELi6EL9ap_q_mode5EL9_5_o          |  out|   16|     ap_ovld|   p_ZZN4nnet24compute_output_buffer_2dINS_5arrayI8ap_fixedILi16ELi6EL9ap_q_mode5EL9_5|       pointer|
|p_ZZN4nnet24compute_output_buffer_2dINS_5arrayI8ap_fixedILi16ELi6EL9ap_q_mode5EL9_5_o_ap_vld   |  out|    1|     ap_ovld|   p_ZZN4nnet24compute_output_buffer_2dINS_5arrayI8ap_fixedILi16ELi6EL9ap_q_mode5EL9_5|       pointer|
|p_ZZN4nnet24compute_output_buffer_2dINS_5arrayI8ap_fixedILi16ELi6EL9ap_q_mode5EL9_4_i          |   in|   16|     ap_ovld|   p_ZZN4nnet24compute_output_buffer_2dINS_5arrayI8ap_fixedILi16ELi6EL9ap_q_mode5EL9_4|       pointer|
|p_ZZN4nnet24compute_output_buffer_2dINS_5arrayI8ap_fixedILi16ELi6EL9ap_q_mode5EL9_4_o          |  out|   16|     ap_ovld|   p_ZZN4nnet24compute_output_buffer_2dINS_5arrayI8ap_fixedILi16ELi6EL9ap_q_mode5EL9_4|       pointer|
|p_ZZN4nnet24compute_output_buffer_2dINS_5arrayI8ap_fixedILi16ELi6EL9ap_q_mode5EL9_4_o_ap_vld   |  out|    1|     ap_ovld|   p_ZZN4nnet24compute_output_buffer_2dINS_5arrayI8ap_fixedILi16ELi6EL9ap_q_mode5EL9_4|       pointer|
|p_ZZN4nnet24compute_output_buffer_2dINS_5arrayI8ap_fixedILi16ELi6EL9ap_q_mode5EL9_3_i          |   in|   16|     ap_ovld|   p_ZZN4nnet24compute_output_buffer_2dINS_5arrayI8ap_fixedILi16ELi6EL9ap_q_mode5EL9_3|       pointer|
|p_ZZN4nnet24compute_output_buffer_2dINS_5arrayI8ap_fixedILi16ELi6EL9ap_q_mode5EL9_3_o          |  out|   16|     ap_ovld|   p_ZZN4nnet24compute_output_buffer_2dINS_5arrayI8ap_fixedILi16ELi6EL9ap_q_mode5EL9_3|       pointer|
|p_ZZN4nnet24compute_output_buffer_2dINS_5arrayI8ap_fixedILi16ELi6EL9ap_q_mode5EL9_3_o_ap_vld   |  out|    1|     ap_ovld|   p_ZZN4nnet24compute_output_buffer_2dINS_5arrayI8ap_fixedILi16ELi6EL9ap_q_mode5EL9_3|       pointer|
|p_ZZN4nnet24compute_output_buffer_2dINS_5arrayI8ap_fixedILi16ELi6EL9ap_q_mode5EL9_2_i          |   in|   16|     ap_ovld|   p_ZZN4nnet24compute_output_buffer_2dINS_5arrayI8ap_fixedILi16ELi6EL9ap_q_mode5EL9_2|       pointer|
|p_ZZN4nnet24compute_output_buffer_2dINS_5arrayI8ap_fixedILi16ELi6EL9ap_q_mode5EL9_2_o          |  out|   16|     ap_ovld|   p_ZZN4nnet24compute_output_buffer_2dINS_5arrayI8ap_fixedILi16ELi6EL9ap_q_mode5EL9_2|       pointer|
|p_ZZN4nnet24compute_output_buffer_2dINS_5arrayI8ap_fixedILi16ELi6EL9ap_q_mode5EL9_2_o_ap_vld   |  out|    1|     ap_ovld|   p_ZZN4nnet24compute_output_buffer_2dINS_5arrayI8ap_fixedILi16ELi6EL9ap_q_mode5EL9_2|       pointer|
|p_ZZN4nnet24compute_output_buffer_2dINS_5arrayI8ap_fixedILi16ELi6EL9ap_q_mode5EL9_1_i          |   in|   16|     ap_ovld|   p_ZZN4nnet24compute_output_buffer_2dINS_5arrayI8ap_fixedILi16ELi6EL9ap_q_mode5EL9_1|       pointer|
|p_ZZN4nnet24compute_output_buffer_2dINS_5arrayI8ap_fixedILi16ELi6EL9ap_q_mode5EL9_1_o          |  out|   16|     ap_ovld|   p_ZZN4nnet24compute_output_buffer_2dINS_5arrayI8ap_fixedILi16ELi6EL9ap_q_mode5EL9_1|       pointer|
|p_ZZN4nnet24compute_output_buffer_2dINS_5arrayI8ap_fixedILi16ELi6EL9ap_q_mode5EL9_1_o_ap_vld   |  out|    1|     ap_ovld|   p_ZZN4nnet24compute_output_buffer_2dINS_5arrayI8ap_fixedILi16ELi6EL9ap_q_mode5EL9_1|       pointer|
|p_ZZN4nnet24compute_output_buffer_2dINS_5arrayI8ap_fixedILi16ELi6EL9ap_q_mode5EL9_i            |   in|   16|     ap_ovld|     p_ZZN4nnet24compute_output_buffer_2dINS_5arrayI8ap_fixedILi16ELi6EL9ap_q_mode5EL9|       pointer|
|p_ZZN4nnet24compute_output_buffer_2dINS_5arrayI8ap_fixedILi16ELi6EL9ap_q_mode5EL9_o            |  out|   16|     ap_ovld|     p_ZZN4nnet24compute_output_buffer_2dINS_5arrayI8ap_fixedILi16ELi6EL9ap_q_mode5EL9|       pointer|
|p_ZZN4nnet24compute_output_buffer_2dINS_5arrayI8ap_fixedILi16ELi6EL9ap_q_mode5EL9_o_ap_vld     |  out|    1|     ap_ovld|     p_ZZN4nnet24compute_output_buffer_2dINS_5arrayI8ap_fixedILi16ELi6EL9ap_q_mode5EL9|       pointer|
+-----------------------------------------------------------------------------------------------+-----+-----+------------+--------------------------------------------------------------------------------------+--------------+

============================================================
+ Verbose Summary: Synthesis Manager
============================================================
InlineROM: 1
ExposeGlobal: 0
============================================================
+ Verbose Summary: CDFG Model
============================================================
IsTopModel: 0
ResetActiveHigh: 1
IsCombinational: 2
IsDatapathOnly: 2
HasWiredReturn: 1
HasMFsm: 2
HasVarLatency: 0
IsPipeline: 1
IsRtlPipelined: 0
IsInstanceOverlapped: 0
IsDontTouch: 0
HasImplIP: 0
IsGatedGlobalClock: 0

+ Individual pipeline summary: 
  * Pipeline-0: initiation interval (II) = 1, depth = 1


============================================================
+ Verbose Summary: Schedule
============================================================
* Number of FSM states : 1
* Pipeline : 1
  Pipeline-0 : II = 1, D = 1, States = { 1 }
* Dataflow Pipeline: 0

* FSM state transitions: 
1 --> 

* FSM state operations: 

State 1 <SV = 0> <Delay = 3.23>
ST_1 : Operation 2 [1/1] (0.00ns)   --->   "%specpipeline_ln221 = specpipeline void @_ssdm_op_SpecPipeline, i32 4294967295, i32 0, i32 0, i32 0, i32 4294967295, void @empty_9" [firmware/nnet_utils/nnet_conv_stream.h:221]   --->   Operation 2 'specpipeline' 'specpipeline_ln221' <Predicate = true> <Delay = 0.00>
ST_1 : Operation 3 [1/1] (0.00ns)   --->   "%p_read_1 = read i16 @_ssdm_op_Read.ap_auto.i16, i16 %p_read7" [firmware/nnet_utils/nnet_conv_stream.h:241]   --->   Operation 3 'read' 'p_read_1' <Predicate = true> <Delay = 0.00>
ST_1 : Operation 4 [1/1] (0.00ns)   --->   "%p_read_2 = read i16 @_ssdm_op_Read.ap_auto.i16, i16 %p_read6" [firmware/nnet_utils/nnet_conv_stream.h:241]   --->   Operation 4 'read' 'p_read_2' <Predicate = true> <Delay = 0.00>
ST_1 : Operation 5 [1/1] (0.00ns)   --->   "%p_read_3 = read i16 @_ssdm_op_Read.ap_auto.i16, i16 %p_read5" [firmware/nnet_utils/nnet_conv_stream.h:241]   --->   Operation 5 'read' 'p_read_3' <Predicate = true> <Delay = 0.00>
ST_1 : Operation 6 [1/1] (0.00ns)   --->   "%p_read_4 = read i16 @_ssdm_op_Read.ap_auto.i16, i16 %p_read4" [firmware/nnet_utils/nnet_conv_stream.h:241]   --->   Operation 6 'read' 'p_read_4' <Predicate = true> <Delay = 0.00>
ST_1 : Operation 7 [1/1] (0.00ns)   --->   "%p_read_5 = read i16 @_ssdm_op_Read.ap_auto.i16, i16 %p_read3" [firmware/nnet_utils/nnet_conv_stream.h:241]   --->   Operation 7 'read' 'p_read_5' <Predicate = true> <Delay = 0.00>
ST_1 : Operation 8 [1/1] (0.00ns)   --->   "%p_read_6 = read i16 @_ssdm_op_Read.ap_auto.i16, i16 %p_read2" [firmware/nnet_utils/nnet_conv_stream.h:241]   --->   Operation 8 'read' 'p_read_6' <Predicate = true> <Delay = 0.00>
ST_1 : Operation 9 [1/1] (0.00ns)   --->   "%p_read_7 = read i16 @_ssdm_op_Read.ap_auto.i16, i16 %p_read1" [firmware/nnet_utils/nnet_conv_stream.h:241]   --->   Operation 9 'read' 'p_read_7' <Predicate = true> <Delay = 0.00>
ST_1 : Operation 10 [1/1] (0.00ns)   --->   "%p_read_8 = read i16 @_ssdm_op_Read.ap_auto.i16, i16 %p_read" [firmware/nnet_utils/nnet_conv_stream.h:241]   --->   Operation 10 'read' 'p_read_8' <Predicate = true> <Delay = 0.00>
ST_1 : Operation 11 [1/1] (1.61ns)   --->   "%p_i = memshiftread i16 @_ssdm_op_MemShiftRead.[13 x i16]P0A, i16 12, i16 %p_read_8, i1 1" [firmware/nnet_utils/nnet_conv_stream.h:241]   --->   Operation 11 'memshiftread' 'p_i' <Predicate = true> <Delay = 1.61> <CoreInst = "ShiftReg">   --->   Core 76 'ShiftReg' <Latency = 0> <II = 1> <Delay = 1.61> <Storage> <Opcode : 'load' 'memshiftread'> <Ports = 1> <Width = 16> <Depth = 13> <ShiftMem>
ST_1 : Operation 12 [1/1] (1.61ns)   --->   "%p_1_i = memshiftread i16 @_ssdm_op_MemShiftRead.[13 x i16]P0A, i16 12, i16 %p_i, i1 1" [firmware/nnet_utils/nnet_conv_stream.h:241]   --->   Operation 12 'memshiftread' 'p_1_i' <Predicate = true> <Delay = 1.61> <CoreInst = "ShiftReg">   --->   Core 76 'ShiftReg' <Latency = 0> <II = 1> <Delay = 1.61> <Storage> <Opcode : 'load' 'memshiftread'> <Ports = 1> <Width = 16> <Depth = 13> <ShiftMem>
ST_1 : Operation 13 [1/1] (1.61ns)   --->   "%p_2_i = memshiftread i16 @_ssdm_op_MemShiftRead.[13 x i16]P0A, i16 12, i16 %p_read_7, i1 1" [firmware/nnet_utils/nnet_conv_stream.h:241]   --->   Operation 13 'memshiftread' 'p_2_i' <Predicate = true> <Delay = 1.61> <CoreInst = "ShiftReg">   --->   Core 76 'ShiftReg' <Latency = 0> <II = 1> <Delay = 1.61> <Storage> <Opcode : 'load' 'memshiftread'> <Ports = 1> <Width = 16> <Depth = 13> <ShiftMem>
ST_1 : Operation 14 [1/1] (1.61ns)   --->   "%p_3_i = memshiftread i16 @_ssdm_op_MemShiftRead.[13 x i16]P0A, i16 12, i16 %p_2_i, i1 1" [firmware/nnet_utils/nnet_conv_stream.h:241]   --->   Operation 14 'memshiftread' 'p_3_i' <Predicate = true> <Delay = 1.61> <CoreInst = "ShiftReg">   --->   Core 76 'ShiftReg' <Latency = 0> <II = 1> <Delay = 1.61> <Storage> <Opcode : 'load' 'memshiftread'> <Ports = 1> <Width = 16> <Depth = 13> <ShiftMem>
ST_1 : Operation 15 [1/1] (1.61ns)   --->   "%p_4_i = memshiftread i16 @_ssdm_op_MemShiftRead.[13 x i16]P0A, i16 12, i16 %p_read_6, i1 1" [firmware/nnet_utils/nnet_conv_stream.h:241]   --->   Operation 15 'memshiftread' 'p_4_i' <Predicate = true> <Delay = 1.61> <CoreInst = "ShiftReg">   --->   Core 76 'ShiftReg' <Latency = 0> <II = 1> <Delay = 1.61> <Storage> <Opcode : 'load' 'memshiftread'> <Ports = 1> <Width = 16> <Depth = 13> <ShiftMem>
ST_1 : Operation 16 [1/1] (1.61ns)   --->   "%p_5_i = memshiftread i16 @_ssdm_op_MemShiftRead.[13 x i16]P0A, i16 12, i16 %p_4_i, i1 1" [firmware/nnet_utils/nnet_conv_stream.h:241]   --->   Operation 16 'memshiftread' 'p_5_i' <Predicate = true> <Delay = 1.61> <CoreInst = "ShiftReg">   --->   Core 76 'ShiftReg' <Latency = 0> <II = 1> <Delay = 1.61> <Storage> <Opcode : 'load' 'memshiftread'> <Ports = 1> <Width = 16> <Depth = 13> <ShiftMem>
ST_1 : Operation 17 [1/1] (1.61ns)   --->   "%p_6_i = memshiftread i16 @_ssdm_op_MemShiftRead.[13 x i16]P0A, i16 12, i16 %p_read_5, i1 1" [firmware/nnet_utils/nnet_conv_stream.h:241]   --->   Operation 17 'memshiftread' 'p_6_i' <Predicate = true> <Delay = 1.61> <CoreInst = "ShiftReg">   --->   Core 76 'ShiftReg' <Latency = 0> <II = 1> <Delay = 1.61> <Storage> <Opcode : 'load' 'memshiftread'> <Ports = 1> <Width = 16> <Depth = 13> <ShiftMem>
ST_1 : Operation 18 [1/1] (1.61ns)   --->   "%p_7_i = memshiftread i16 @_ssdm_op_MemShiftRead.[13 x i16]P0A, i16 12, i16 %p_6_i, i1 1" [firmware/nnet_utils/nnet_conv_stream.h:241]   --->   Operation 18 'memshiftread' 'p_7_i' <Predicate = true> <Delay = 1.61> <CoreInst = "ShiftReg">   --->   Core 76 'ShiftReg' <Latency = 0> <II = 1> <Delay = 1.61> <Storage> <Opcode : 'load' 'memshiftread'> <Ports = 1> <Width = 16> <Depth = 13> <ShiftMem>
ST_1 : Operation 19 [1/1] (1.61ns)   --->   "%p_8_i = memshiftread i16 @_ssdm_op_MemShiftRead.[13 x i16]P0A, i16 12, i16 %p_read_4, i1 1" [firmware/nnet_utils/nnet_conv_stream.h:241]   --->   Operation 19 'memshiftread' 'p_8_i' <Predicate = true> <Delay = 1.61> <CoreInst = "ShiftReg">   --->   Core 76 'ShiftReg' <Latency = 0> <II = 1> <Delay = 1.61> <Storage> <Opcode : 'load' 'memshiftread'> <Ports = 1> <Width = 16> <Depth = 13> <ShiftMem>
ST_1 : Operation 20 [1/1] (1.61ns)   --->   "%p_9_i = memshiftread i16 @_ssdm_op_MemShiftRead.[13 x i16]P0A, i16 12, i16 %p_8_i, i1 1" [firmware/nnet_utils/nnet_conv_stream.h:241]   --->   Operation 20 'memshiftread' 'p_9_i' <Predicate = true> <Delay = 1.61> <CoreInst = "ShiftReg">   --->   Core 76 'ShiftReg' <Latency = 0> <II = 1> <Delay = 1.61> <Storage> <Opcode : 'load' 'memshiftread'> <Ports = 1> <Width = 16> <Depth = 13> <ShiftMem>
ST_1 : Operation 21 [1/1] (1.61ns)   --->   "%p_10_i = memshiftread i16 @_ssdm_op_MemShiftRead.[13 x i16]P0A, i16 12, i16 %p_read_3, i1 1" [firmware/nnet_utils/nnet_conv_stream.h:241]   --->   Operation 21 'memshiftread' 'p_10_i' <Predicate = true> <Delay = 1.61> <CoreInst = "ShiftReg">   --->   Core 76 'ShiftReg' <Latency = 0> <II = 1> <Delay = 1.61> <Storage> <Opcode : 'load' 'memshiftread'> <Ports = 1> <Width = 16> <Depth = 13> <ShiftMem>
ST_1 : Operation 22 [1/1] (1.61ns)   --->   "%p_11_i = memshiftread i16 @_ssdm_op_MemShiftRead.[13 x i16]P0A, i16 12, i16 %p_10_i, i1 1" [firmware/nnet_utils/nnet_conv_stream.h:241]   --->   Operation 22 'memshiftread' 'p_11_i' <Predicate = true> <Delay = 1.61> <CoreInst = "ShiftReg">   --->   Core 76 'ShiftReg' <Latency = 0> <II = 1> <Delay = 1.61> <Storage> <Opcode : 'load' 'memshiftread'> <Ports = 1> <Width = 16> <Depth = 13> <ShiftMem>
ST_1 : Operation 23 [1/1] (1.61ns)   --->   "%p_12_i = memshiftread i16 @_ssdm_op_MemShiftRead.[13 x i16]P0A, i16 12, i16 %p_read_2, i1 1" [firmware/nnet_utils/nnet_conv_stream.h:241]   --->   Operation 23 'memshiftread' 'p_12_i' <Predicate = true> <Delay = 1.61> <CoreInst = "ShiftReg">   --->   Core 76 'ShiftReg' <Latency = 0> <II = 1> <Delay = 1.61> <Storage> <Opcode : 'load' 'memshiftread'> <Ports = 1> <Width = 16> <Depth = 13> <ShiftMem>
ST_1 : Operation 24 [1/1] (1.61ns)   --->   "%p_13_i = memshiftread i16 @_ssdm_op_MemShiftRead.[13 x i16]P0A, i16 12, i16 %p_12_i, i1 1" [firmware/nnet_utils/nnet_conv_stream.h:241]   --->   Operation 24 'memshiftread' 'p_13_i' <Predicate = true> <Delay = 1.61> <CoreInst = "ShiftReg">   --->   Core 76 'ShiftReg' <Latency = 0> <II = 1> <Delay = 1.61> <Storage> <Opcode : 'load' 'memshiftread'> <Ports = 1> <Width = 16> <Depth = 13> <ShiftMem>
ST_1 : Operation 25 [1/1] (1.61ns)   --->   "%p_14_i = memshiftread i16 @_ssdm_op_MemShiftRead.[13 x i16]P0A, i16 12, i16 %p_read_1, i1 1" [firmware/nnet_utils/nnet_conv_stream.h:241]   --->   Operation 25 'memshiftread' 'p_14_i' <Predicate = true> <Delay = 1.61> <CoreInst = "ShiftReg">   --->   Core 76 'ShiftReg' <Latency = 0> <II = 1> <Delay = 1.61> <Storage> <Opcode : 'load' 'memshiftread'> <Ports = 1> <Width = 16> <Depth = 13> <ShiftMem>
ST_1 : Operation 26 [1/1] (1.61ns)   --->   "%p_0_i = memshiftread i16 @_ssdm_op_MemShiftRead.[13 x i16]P0A, i16 12, i16 %p_14_i, i1 1" [firmware/nnet_utils/nnet_conv_stream.h:241]   --->   Operation 26 'memshiftread' 'p_0_i' <Predicate = true> <Delay = 1.61> <CoreInst = "ShiftReg">   --->   Core 76 'ShiftReg' <Latency = 0> <II = 1> <Delay = 1.61> <Storage> <Opcode : 'load' 'memshiftread'> <Ports = 1> <Width = 16> <Depth = 13> <ShiftMem>
ST_1 : Operation 27 [1/1] (0.00ns)   --->   "%void_compute_output_buffer_2d_array_const_ap_shift_reg_n_chan_stream_weig_19 = load i16 %void_compute_output_buffer_2d_array_const_ap_shift_reg_n_chan_stream_weig_1" [firmware/nnet_utils/nnet_conv_stream.h:196->firmware/nnet_utils/nnet_conv_stream.h:247]   --->   Operation 27 'load' 'void_compute_output_buffer_2d_array_const_ap_shift_reg_n_chan_stream_weig_19' <Predicate = true> <Delay = 0.00>
ST_1 : Operation 28 [1/1] (0.00ns)   --->   "%store_ln196 = store i16 %void_compute_output_buffer_2d_array_const_ap_shift_reg_n_chan_stream_weig_19, i16 %void_compute_output_buffer_2d_array_const_ap_shift_reg_n_chan_stream_weig_9" [firmware/nnet_utils/nnet_conv_stream.h:196->firmware/nnet_utils/nnet_conv_stream.h:247]   --->   Operation 28 'store' 'store_ln196' <Predicate = true> <Delay = 0.00>
ST_1 : Operation 29 [1/1] (0.00ns)   --->   "%void_compute_output_buffer_2d_array_const_ap_shift_reg_n_chan_stream_weig_20 = load i16 %void_compute_output_buffer_2d_array_const_ap_shift_reg_n_chan_stream_weig" [firmware/nnet_utils/nnet_conv_stream.h:196->firmware/nnet_utils/nnet_conv_stream.h:247]   --->   Operation 29 'load' 'void_compute_output_buffer_2d_array_const_ap_shift_reg_n_chan_stream_weig_20' <Predicate = true> <Delay = 0.00>
ST_1 : Operation 30 [1/1] (0.00ns)   --->   "%store_ln196 = store i16 %void_compute_output_buffer_2d_array_const_ap_shift_reg_n_chan_stream_weig_20, i16 %void_compute_output_buffer_2d_array_const_ap_shift_reg_n_chan_stream_weig_8" [firmware/nnet_utils/nnet_conv_stream.h:196->firmware/nnet_utils/nnet_conv_stream.h:247]   --->   Operation 30 'store' 'store_ln196' <Predicate = true> <Delay = 0.00>
ST_1 : Operation 31 [1/1] (0.00ns)   --->   "%p_ZZN4nnet24compute_output_buffer_2dINS_5arrayI8ap_fixedILi16ELi6EL9ap_q_mode5EL9_62 = load i16 %p_ZZN4nnet24compute_output_buffer_2dINS_5arrayI8ap_fixedILi16ELi6EL9ap_q_mode5EL9_61" [firmware/nnet_utils/nnet_conv_stream.h:196->firmware/nnet_utils/nnet_conv_stream.h:247]   --->   Operation 31 'load' 'p_ZZN4nnet24compute_output_buffer_2dINS_5arrayI8ap_fixedILi16ELi6EL9ap_q_mode5EL9_62' <Predicate = true> <Delay = 0.00>
ST_1 : Operation 32 [1/1] (0.00ns)   --->   "%store_ln196 = store i16 %p_ZZN4nnet24compute_output_buffer_2dINS_5arrayI8ap_fixedILi16ELi6EL9ap_q_mode5EL9_62, i16 %void_compute_output_buffer_2d_array_const_ap_shift_reg_n_chan_stream_weig_7" [firmware/nnet_utils/nnet_conv_stream.h:196->firmware/nnet_utils/nnet_conv_stream.h:247]   --->   Operation 32 'store' 'store_ln196' <Predicate = true> <Delay = 0.00>
ST_1 : Operation 33 [1/1] (0.00ns)   --->   "%p_ZZN4nnet24compute_output_buffer_2dINS_5arrayI8ap_fixedILi16ELi6EL9ap_q_mode5EL9_63 = load i16 %p_ZZN4nnet24compute_output_buffer_2dINS_5arrayI8ap_fixedILi16ELi6EL9ap_q_mode5EL9_60" [firmware/nnet_utils/nnet_conv_stream.h:196->firmware/nnet_utils/nnet_conv_stream.h:247]   --->   Operation 33 'load' 'p_ZZN4nnet24compute_output_buffer_2dINS_5arrayI8ap_fixedILi16ELi6EL9ap_q_mode5EL9_63' <Predicate = true> <Delay = 0.00>
ST_1 : Operation 34 [1/1] (0.00ns)   --->   "%store_ln196 = store i16 %p_ZZN4nnet24compute_output_buffer_2dINS_5arrayI8ap_fixedILi16ELi6EL9ap_q_mode5EL9_63, i16 %void_compute_output_buffer_2d_array_const_ap_shift_reg_n_chan_stream_weig_6" [firmware/nnet_utils/nnet_conv_stream.h:196->firmware/nnet_utils/nnet_conv_stream.h:247]   --->   Operation 34 'store' 'store_ln196' <Predicate = true> <Delay = 0.00>
ST_1 : Operation 35 [1/1] (0.00ns)   --->   "%p_ZZN4nnet24compute_output_buffer_2dINS_5arrayI8ap_fixedILi16ELi6EL9ap_q_mode5EL9_64 = load i16 %p_ZZN4nnet24compute_output_buffer_2dINS_5arrayI8ap_fixedILi16ELi6EL9ap_q_mode5EL9_59" [firmware/nnet_utils/nnet_conv_stream.h:196->firmware/nnet_utils/nnet_conv_stream.h:247]   --->   Operation 35 'load' 'p_ZZN4nnet24compute_output_buffer_2dINS_5arrayI8ap_fixedILi16ELi6EL9ap_q_mode5EL9_64' <Predicate = true> <Delay = 0.00>
ST_1 : Operation 36 [1/1] (0.00ns)   --->   "%store_ln196 = store i16 %p_ZZN4nnet24compute_output_buffer_2dINS_5arrayI8ap_fixedILi16ELi6EL9ap_q_mode5EL9_64, i16 %void_compute_output_buffer_2d_array_const_ap_shift_reg_n_chan_stream_weig_5" [firmware/nnet_utils/nnet_conv_stream.h:196->firmware/nnet_utils/nnet_conv_stream.h:247]   --->   Operation 36 'store' 'store_ln196' <Predicate = true> <Delay = 0.00>
ST_1 : Operation 37 [1/1] (0.00ns)   --->   "%p_ZZN4nnet24compute_output_buffer_2dINS_5arrayI8ap_fixedILi16ELi6EL9ap_q_mode5EL9_65 = load i16 %p_ZZN4nnet24compute_output_buffer_2dINS_5arrayI8ap_fixedILi16ELi6EL9ap_q_mode5EL9_58" [firmware/nnet_utils/nnet_conv_stream.h:196->firmware/nnet_utils/nnet_conv_stream.h:247]   --->   Operation 37 'load' 'p_ZZN4nnet24compute_output_buffer_2dINS_5arrayI8ap_fixedILi16ELi6EL9ap_q_mode5EL9_65' <Predicate = true> <Delay = 0.00>
ST_1 : Operation 38 [1/1] (0.00ns)   --->   "%store_ln196 = store i16 %p_ZZN4nnet24compute_output_buffer_2dINS_5arrayI8ap_fixedILi16ELi6EL9ap_q_mode5EL9_65, i16 %void_compute_output_buffer_2d_array_const_ap_shift_reg_n_chan_stream_weig_4" [firmware/nnet_utils/nnet_conv_stream.h:196->firmware/nnet_utils/nnet_conv_stream.h:247]   --->   Operation 38 'store' 'store_ln196' <Predicate = true> <Delay = 0.00>
ST_1 : Operation 39 [1/1] (0.00ns)   --->   "%p_ZZN4nnet24compute_output_buffer_2dINS_5arrayI8ap_fixedILi16ELi6EL9ap_q_mode5EL9_66 = load i16 %p_ZZN4nnet24compute_output_buffer_2dINS_5arrayI8ap_fixedILi16ELi6EL9ap_q_mode5EL9_57" [firmware/nnet_utils/nnet_conv_stream.h:196->firmware/nnet_utils/nnet_conv_stream.h:247]   --->   Operation 39 'load' 'p_ZZN4nnet24compute_output_buffer_2dINS_5arrayI8ap_fixedILi16ELi6EL9ap_q_mode5EL9_66' <Predicate = true> <Delay = 0.00>
ST_1 : Operation 40 [1/1] (0.00ns)   --->   "%store_ln196 = store i16 %p_ZZN4nnet24compute_output_buffer_2dINS_5arrayI8ap_fixedILi16ELi6EL9ap_q_mode5EL9_66, i16 %void_compute_output_buffer_2d_array_const_ap_shift_reg_n_chan_stream_weig_3" [firmware/nnet_utils/nnet_conv_stream.h:196->firmware/nnet_utils/nnet_conv_stream.h:247]   --->   Operation 40 'store' 'store_ln196' <Predicate = true> <Delay = 0.00>
ST_1 : Operation 41 [1/1] (0.00ns)   --->   "%p_ZZN4nnet24compute_output_buffer_2dINS_5arrayI8ap_fixedILi16ELi6EL9ap_q_mode5EL9_67 = load i16 %p_ZZN4nnet24compute_output_buffer_2dINS_5arrayI8ap_fixedILi16ELi6EL9ap_q_mode5EL9_56" [firmware/nnet_utils/nnet_conv_stream.h:196->firmware/nnet_utils/nnet_conv_stream.h:247]   --->   Operation 41 'load' 'p_ZZN4nnet24compute_output_buffer_2dINS_5arrayI8ap_fixedILi16ELi6EL9ap_q_mode5EL9_67' <Predicate = true> <Delay = 0.00>
ST_1 : Operation 42 [1/1] (0.00ns)   --->   "%store_ln196 = store i16 %p_ZZN4nnet24compute_output_buffer_2dINS_5arrayI8ap_fixedILi16ELi6EL9ap_q_mode5EL9_67, i16 %void_compute_output_buffer_2d_array_const_ap_shift_reg_n_chan_stream_weig_2" [firmware/nnet_utils/nnet_conv_stream.h:196->firmware/nnet_utils/nnet_conv_stream.h:247]   --->   Operation 42 'store' 'store_ln196' <Predicate = true> <Delay = 0.00>
ST_1 : Operation 43 [1/1] (0.00ns)   --->   "%p_ZZN4nnet24compute_output_buffer_2dINS_5arrayI8ap_fixedILi16ELi6EL9ap_q_mode5EL9_68 = load i16 %p_ZZN4nnet24compute_output_buffer_2dINS_5arrayI8ap_fixedILi16ELi6EL9ap_q_mode5EL9_39" [firmware/nnet_utils/nnet_conv_stream.h:196->firmware/nnet_utils/nnet_conv_stream.h:247]   --->   Operation 43 'load' 'p_ZZN4nnet24compute_output_buffer_2dINS_5arrayI8ap_fixedILi16ELi6EL9ap_q_mode5EL9_68' <Predicate = true> <Delay = 0.00>
ST_1 : Operation 44 [1/1] (0.00ns)   --->   "%store_ln196 = store i16 %p_ZZN4nnet24compute_output_buffer_2dINS_5arrayI8ap_fixedILi16ELi6EL9ap_q_mode5EL9_68, i16 %p_ZZN4nnet24compute_output_buffer_2dINS_5arrayI8ap_fixedILi16ELi6EL9ap_q_mode5EL9_47" [firmware/nnet_utils/nnet_conv_stream.h:196->firmware/nnet_utils/nnet_conv_stream.h:247]   --->   Operation 44 'store' 'store_ln196' <Predicate = true> <Delay = 0.00>
ST_1 : Operation 45 [1/1] (0.00ns)   --->   "%p_ZZN4nnet24compute_output_buffer_2dINS_5arrayI8ap_fixedILi16ELi6EL9ap_q_mode5EL9_69 = load i16 %p_ZZN4nnet24compute_output_buffer_2dINS_5arrayI8ap_fixedILi16ELi6EL9ap_q_mode5EL9_38" [firmware/nnet_utils/nnet_conv_stream.h:196->firmware/nnet_utils/nnet_conv_stream.h:247]   --->   Operation 45 'load' 'p_ZZN4nnet24compute_output_buffer_2dINS_5arrayI8ap_fixedILi16ELi6EL9ap_q_mode5EL9_69' <Predicate = true> <Delay = 0.00>
ST_1 : Operation 46 [1/1] (0.00ns)   --->   "%store_ln196 = store i16 %p_ZZN4nnet24compute_output_buffer_2dINS_5arrayI8ap_fixedILi16ELi6EL9ap_q_mode5EL9_69, i16 %p_ZZN4nnet24compute_output_buffer_2dINS_5arrayI8ap_fixedILi16ELi6EL9ap_q_mode5EL9_46" [firmware/nnet_utils/nnet_conv_stream.h:196->firmware/nnet_utils/nnet_conv_stream.h:247]   --->   Operation 46 'store' 'store_ln196' <Predicate = true> <Delay = 0.00>
ST_1 : Operation 47 [1/1] (0.00ns)   --->   "%p_ZZN4nnet24compute_output_buffer_2dINS_5arrayI8ap_fixedILi16ELi6EL9ap_q_mode5EL9_70 = load i16 %p_ZZN4nnet24compute_output_buffer_2dINS_5arrayI8ap_fixedILi16ELi6EL9ap_q_mode5EL9_37" [firmware/nnet_utils/nnet_conv_stream.h:196->firmware/nnet_utils/nnet_conv_stream.h:247]   --->   Operation 47 'load' 'p_ZZN4nnet24compute_output_buffer_2dINS_5arrayI8ap_fixedILi16ELi6EL9ap_q_mode5EL9_70' <Predicate = true> <Delay = 0.00>
ST_1 : Operation 48 [1/1] (0.00ns)   --->   "%store_ln196 = store i16 %p_ZZN4nnet24compute_output_buffer_2dINS_5arrayI8ap_fixedILi16ELi6EL9ap_q_mode5EL9_70, i16 %p_ZZN4nnet24compute_output_buffer_2dINS_5arrayI8ap_fixedILi16ELi6EL9ap_q_mode5EL9_45" [firmware/nnet_utils/nnet_conv_stream.h:196->firmware/nnet_utils/nnet_conv_stream.h:247]   --->   Operation 48 'store' 'store_ln196' <Predicate = true> <Delay = 0.00>
ST_1 : Operation 49 [1/1] (0.00ns)   --->   "%p_ZZN4nnet24compute_output_buffer_2dINS_5arrayI8ap_fixedILi16ELi6EL9ap_q_mode5EL9_71 = load i16 %p_ZZN4nnet24compute_output_buffer_2dINS_5arrayI8ap_fixedILi16ELi6EL9ap_q_mode5EL9_36" [firmware/nnet_utils/nnet_conv_stream.h:196->firmware/nnet_utils/nnet_conv_stream.h:247]   --->   Operation 49 'load' 'p_ZZN4nnet24compute_output_buffer_2dINS_5arrayI8ap_fixedILi16ELi6EL9ap_q_mode5EL9_71' <Predicate = true> <Delay = 0.00>
ST_1 : Operation 50 [1/1] (0.00ns)   --->   "%store_ln196 = store i16 %p_ZZN4nnet24compute_output_buffer_2dINS_5arrayI8ap_fixedILi16ELi6EL9ap_q_mode5EL9_71, i16 %p_ZZN4nnet24compute_output_buffer_2dINS_5arrayI8ap_fixedILi16ELi6EL9ap_q_mode5EL9_44" [firmware/nnet_utils/nnet_conv_stream.h:196->firmware/nnet_utils/nnet_conv_stream.h:247]   --->   Operation 50 'store' 'store_ln196' <Predicate = true> <Delay = 0.00>
ST_1 : Operation 51 [1/1] (0.00ns)   --->   "%p_ZZN4nnet24compute_output_buffer_2dINS_5arrayI8ap_fixedILi16ELi6EL9ap_q_mode5EL9_72 = load i16 %p_ZZN4nnet24compute_output_buffer_2dINS_5arrayI8ap_fixedILi16ELi6EL9ap_q_mode5EL9_35" [firmware/nnet_utils/nnet_conv_stream.h:196->firmware/nnet_utils/nnet_conv_stream.h:247]   --->   Operation 51 'load' 'p_ZZN4nnet24compute_output_buffer_2dINS_5arrayI8ap_fixedILi16ELi6EL9ap_q_mode5EL9_72' <Predicate = true> <Delay = 0.00>
ST_1 : Operation 52 [1/1] (0.00ns)   --->   "%store_ln196 = store i16 %p_ZZN4nnet24compute_output_buffer_2dINS_5arrayI8ap_fixedILi16ELi6EL9ap_q_mode5EL9_72, i16 %p_ZZN4nnet24compute_output_buffer_2dINS_5arrayI8ap_fixedILi16ELi6EL9ap_q_mode5EL9_43" [firmware/nnet_utils/nnet_conv_stream.h:196->firmware/nnet_utils/nnet_conv_stream.h:247]   --->   Operation 52 'store' 'store_ln196' <Predicate = true> <Delay = 0.00>
ST_1 : Operation 53 [1/1] (0.00ns)   --->   "%p_ZZN4nnet24compute_output_buffer_2dINS_5arrayI8ap_fixedILi16ELi6EL9ap_q_mode5EL9_73 = load i16 %p_ZZN4nnet24compute_output_buffer_2dINS_5arrayI8ap_fixedILi16ELi6EL9ap_q_mode5EL9_34" [firmware/nnet_utils/nnet_conv_stream.h:196->firmware/nnet_utils/nnet_conv_stream.h:247]   --->   Operation 53 'load' 'p_ZZN4nnet24compute_output_buffer_2dINS_5arrayI8ap_fixedILi16ELi6EL9ap_q_mode5EL9_73' <Predicate = true> <Delay = 0.00>
ST_1 : Operation 54 [1/1] (0.00ns)   --->   "%store_ln196 = store i16 %p_ZZN4nnet24compute_output_buffer_2dINS_5arrayI8ap_fixedILi16ELi6EL9ap_q_mode5EL9_73, i16 %p_ZZN4nnet24compute_output_buffer_2dINS_5arrayI8ap_fixedILi16ELi6EL9ap_q_mode5EL9_42" [firmware/nnet_utils/nnet_conv_stream.h:196->firmware/nnet_utils/nnet_conv_stream.h:247]   --->   Operation 54 'store' 'store_ln196' <Predicate = true> <Delay = 0.00>
ST_1 : Operation 55 [1/1] (0.00ns)   --->   "%p_ZZN4nnet24compute_output_buffer_2dINS_5arrayI8ap_fixedILi16ELi6EL9ap_q_mode5EL9_74 = load i16 %p_ZZN4nnet24compute_output_buffer_2dINS_5arrayI8ap_fixedILi16ELi6EL9ap_q_mode5EL9_33" [firmware/nnet_utils/nnet_conv_stream.h:196->firmware/nnet_utils/nnet_conv_stream.h:247]   --->   Operation 55 'load' 'p_ZZN4nnet24compute_output_buffer_2dINS_5arrayI8ap_fixedILi16ELi6EL9ap_q_mode5EL9_74' <Predicate = true> <Delay = 0.00>
ST_1 : Operation 56 [1/1] (0.00ns)   --->   "%store_ln196 = store i16 %p_ZZN4nnet24compute_output_buffer_2dINS_5arrayI8ap_fixedILi16ELi6EL9ap_q_mode5EL9_74, i16 %p_ZZN4nnet24compute_output_buffer_2dINS_5arrayI8ap_fixedILi16ELi6EL9ap_q_mode5EL9_41" [firmware/nnet_utils/nnet_conv_stream.h:196->firmware/nnet_utils/nnet_conv_stream.h:247]   --->   Operation 56 'store' 'store_ln196' <Predicate = true> <Delay = 0.00>
ST_1 : Operation 57 [1/1] (0.00ns)   --->   "%p_ZZN4nnet24compute_output_buffer_2dINS_5arrayI8ap_fixedILi16ELi6EL9ap_q_mode5EL9_75 = load i16 %p_ZZN4nnet24compute_output_buffer_2dINS_5arrayI8ap_fixedILi16ELi6EL9ap_q_mode5EL9_32" [firmware/nnet_utils/nnet_conv_stream.h:196->firmware/nnet_utils/nnet_conv_stream.h:247]   --->   Operation 57 'load' 'p_ZZN4nnet24compute_output_buffer_2dINS_5arrayI8ap_fixedILi16ELi6EL9ap_q_mode5EL9_75' <Predicate = true> <Delay = 0.00>
ST_1 : Operation 58 [1/1] (0.00ns)   --->   "%store_ln196 = store i16 %p_ZZN4nnet24compute_output_buffer_2dINS_5arrayI8ap_fixedILi16ELi6EL9ap_q_mode5EL9_75, i16 %p_ZZN4nnet24compute_output_buffer_2dINS_5arrayI8ap_fixedILi16ELi6EL9ap_q_mode5EL9_40" [firmware/nnet_utils/nnet_conv_stream.h:196->firmware/nnet_utils/nnet_conv_stream.h:247]   --->   Operation 58 'store' 'store_ln196' <Predicate = true> <Delay = 0.00>
ST_1 : Operation 59 [1/1] (0.00ns)   --->   "%p_ZZN4nnet24compute_output_buffer_2dINS_5arrayI8ap_fixedILi16ELi6EL9ap_q_mode5EL9_76 = load i16 %p_ZZN4nnet24compute_output_buffer_2dINS_5arrayI8ap_fixedILi16ELi6EL9ap_q_mode5EL9_15" [firmware/nnet_utils/nnet_conv_stream.h:196->firmware/nnet_utils/nnet_conv_stream.h:247]   --->   Operation 59 'load' 'p_ZZN4nnet24compute_output_buffer_2dINS_5arrayI8ap_fixedILi16ELi6EL9ap_q_mode5EL9_76' <Predicate = true> <Delay = 0.00>
ST_1 : Operation 60 [1/1] (0.00ns)   --->   "%store_ln196 = store i16 %p_ZZN4nnet24compute_output_buffer_2dINS_5arrayI8ap_fixedILi16ELi6EL9ap_q_mode5EL9_76, i16 %p_ZZN4nnet24compute_output_buffer_2dINS_5arrayI8ap_fixedILi16ELi6EL9ap_q_mode5EL9_23" [firmware/nnet_utils/nnet_conv_stream.h:196->firmware/nnet_utils/nnet_conv_stream.h:247]   --->   Operation 60 'store' 'store_ln196' <Predicate = true> <Delay = 0.00>
ST_1 : Operation 61 [1/1] (0.00ns)   --->   "%p_ZZN4nnet24compute_output_buffer_2dINS_5arrayI8ap_fixedILi16ELi6EL9ap_q_mode5EL9_77 = load i16 %p_ZZN4nnet24compute_output_buffer_2dINS_5arrayI8ap_fixedILi16ELi6EL9ap_q_mode5EL9_14" [firmware/nnet_utils/nnet_conv_stream.h:196->firmware/nnet_utils/nnet_conv_stream.h:247]   --->   Operation 61 'load' 'p_ZZN4nnet24compute_output_buffer_2dINS_5arrayI8ap_fixedILi16ELi6EL9ap_q_mode5EL9_77' <Predicate = true> <Delay = 0.00>
ST_1 : Operation 62 [1/1] (0.00ns)   --->   "%store_ln196 = store i16 %p_ZZN4nnet24compute_output_buffer_2dINS_5arrayI8ap_fixedILi16ELi6EL9ap_q_mode5EL9_77, i16 %p_ZZN4nnet24compute_output_buffer_2dINS_5arrayI8ap_fixedILi16ELi6EL9ap_q_mode5EL9_22" [firmware/nnet_utils/nnet_conv_stream.h:196->firmware/nnet_utils/nnet_conv_stream.h:247]   --->   Operation 62 'store' 'store_ln196' <Predicate = true> <Delay = 0.00>
ST_1 : Operation 63 [1/1] (0.00ns)   --->   "%p_ZZN4nnet24compute_output_buffer_2dINS_5arrayI8ap_fixedILi16ELi6EL9ap_q_mode5EL9_78 = load i16 %p_ZZN4nnet24compute_output_buffer_2dINS_5arrayI8ap_fixedILi16ELi6EL9ap_q_mode5EL9_13" [firmware/nnet_utils/nnet_conv_stream.h:196->firmware/nnet_utils/nnet_conv_stream.h:247]   --->   Operation 63 'load' 'p_ZZN4nnet24compute_output_buffer_2dINS_5arrayI8ap_fixedILi16ELi6EL9ap_q_mode5EL9_78' <Predicate = true> <Delay = 0.00>
ST_1 : Operation 64 [1/1] (0.00ns)   --->   "%store_ln196 = store i16 %p_ZZN4nnet24compute_output_buffer_2dINS_5arrayI8ap_fixedILi16ELi6EL9ap_q_mode5EL9_78, i16 %p_ZZN4nnet24compute_output_buffer_2dINS_5arrayI8ap_fixedILi16ELi6EL9ap_q_mode5EL9_21" [firmware/nnet_utils/nnet_conv_stream.h:196->firmware/nnet_utils/nnet_conv_stream.h:247]   --->   Operation 64 'store' 'store_ln196' <Predicate = true> <Delay = 0.00>
ST_1 : Operation 65 [1/1] (0.00ns)   --->   "%p_ZZN4nnet24compute_output_buffer_2dINS_5arrayI8ap_fixedILi16ELi6EL9ap_q_mode5EL9_79 = load i16 %p_ZZN4nnet24compute_output_buffer_2dINS_5arrayI8ap_fixedILi16ELi6EL9ap_q_mode5EL9_12" [firmware/nnet_utils/nnet_conv_stream.h:196->firmware/nnet_utils/nnet_conv_stream.h:247]   --->   Operation 65 'load' 'p_ZZN4nnet24compute_output_buffer_2dINS_5arrayI8ap_fixedILi16ELi6EL9ap_q_mode5EL9_79' <Predicate = true> <Delay = 0.00>
ST_1 : Operation 66 [1/1] (0.00ns)   --->   "%store_ln196 = store i16 %p_ZZN4nnet24compute_output_buffer_2dINS_5arrayI8ap_fixedILi16ELi6EL9ap_q_mode5EL9_79, i16 %p_ZZN4nnet24compute_output_buffer_2dINS_5arrayI8ap_fixedILi16ELi6EL9ap_q_mode5EL9_20" [firmware/nnet_utils/nnet_conv_stream.h:196->firmware/nnet_utils/nnet_conv_stream.h:247]   --->   Operation 66 'store' 'store_ln196' <Predicate = true> <Delay = 0.00>
ST_1 : Operation 67 [1/1] (0.00ns)   --->   "%p_ZZN4nnet24compute_output_buffer_2dINS_5arrayI8ap_fixedILi16ELi6EL9ap_q_mode5EL9_80 = load i16 %p_ZZN4nnet24compute_output_buffer_2dINS_5arrayI8ap_fixedILi16ELi6EL9ap_q_mode5EL9_11" [firmware/nnet_utils/nnet_conv_stream.h:196->firmware/nnet_utils/nnet_conv_stream.h:247]   --->   Operation 67 'load' 'p_ZZN4nnet24compute_output_buffer_2dINS_5arrayI8ap_fixedILi16ELi6EL9ap_q_mode5EL9_80' <Predicate = true> <Delay = 0.00>
ST_1 : Operation 68 [1/1] (0.00ns)   --->   "%store_ln196 = store i16 %p_ZZN4nnet24compute_output_buffer_2dINS_5arrayI8ap_fixedILi16ELi6EL9ap_q_mode5EL9_80, i16 %p_ZZN4nnet24compute_output_buffer_2dINS_5arrayI8ap_fixedILi16ELi6EL9ap_q_mode5EL9_19" [firmware/nnet_utils/nnet_conv_stream.h:196->firmware/nnet_utils/nnet_conv_stream.h:247]   --->   Operation 68 'store' 'store_ln196' <Predicate = true> <Delay = 0.00>
ST_1 : Operation 69 [1/1] (0.00ns)   --->   "%p_ZZN4nnet24compute_output_buffer_2dINS_5arrayI8ap_fixedILi16ELi6EL9ap_q_mode5EL9_81 = load i16 %p_ZZN4nnet24compute_output_buffer_2dINS_5arrayI8ap_fixedILi16ELi6EL9ap_q_mode5EL9_10" [firmware/nnet_utils/nnet_conv_stream.h:196->firmware/nnet_utils/nnet_conv_stream.h:247]   --->   Operation 69 'load' 'p_ZZN4nnet24compute_output_buffer_2dINS_5arrayI8ap_fixedILi16ELi6EL9ap_q_mode5EL9_81' <Predicate = true> <Delay = 0.00>
ST_1 : Operation 70 [1/1] (0.00ns)   --->   "%store_ln196 = store i16 %p_ZZN4nnet24compute_output_buffer_2dINS_5arrayI8ap_fixedILi16ELi6EL9ap_q_mode5EL9_81, i16 %p_ZZN4nnet24compute_output_buffer_2dINS_5arrayI8ap_fixedILi16ELi6EL9ap_q_mode5EL9_18" [firmware/nnet_utils/nnet_conv_stream.h:196->firmware/nnet_utils/nnet_conv_stream.h:247]   --->   Operation 70 'store' 'store_ln196' <Predicate = true> <Delay = 0.00>
ST_1 : Operation 71 [1/1] (0.00ns)   --->   "%p_ZZN4nnet24compute_output_buffer_2dINS_5arrayI8ap_fixedILi16ELi6EL9ap_q_mode5EL9_82 = load i16 %p_ZZN4nnet24compute_output_buffer_2dINS_5arrayI8ap_fixedILi16ELi6EL9ap_q_mode5EL9_9" [firmware/nnet_utils/nnet_conv_stream.h:196->firmware/nnet_utils/nnet_conv_stream.h:247]   --->   Operation 71 'load' 'p_ZZN4nnet24compute_output_buffer_2dINS_5arrayI8ap_fixedILi16ELi6EL9ap_q_mode5EL9_82' <Predicate = true> <Delay = 0.00>
ST_1 : Operation 72 [1/1] (0.00ns)   --->   "%store_ln196 = store i16 %p_ZZN4nnet24compute_output_buffer_2dINS_5arrayI8ap_fixedILi16ELi6EL9ap_q_mode5EL9_82, i16 %p_ZZN4nnet24compute_output_buffer_2dINS_5arrayI8ap_fixedILi16ELi6EL9ap_q_mode5EL9_17" [firmware/nnet_utils/nnet_conv_stream.h:196->firmware/nnet_utils/nnet_conv_stream.h:247]   --->   Operation 72 'store' 'store_ln196' <Predicate = true> <Delay = 0.00>
ST_1 : Operation 73 [1/1] (0.00ns)   --->   "%p_ZZN4nnet24compute_output_buffer_2dINS_5arrayI8ap_fixedILi16ELi6EL9ap_q_mode5EL9_83 = load i16 %p_ZZN4nnet24compute_output_buffer_2dINS_5arrayI8ap_fixedILi16ELi6EL9ap_q_mode5EL9_8" [firmware/nnet_utils/nnet_conv_stream.h:196->firmware/nnet_utils/nnet_conv_stream.h:247]   --->   Operation 73 'load' 'p_ZZN4nnet24compute_output_buffer_2dINS_5arrayI8ap_fixedILi16ELi6EL9ap_q_mode5EL9_83' <Predicate = true> <Delay = 0.00>
ST_1 : Operation 74 [1/1] (0.00ns)   --->   "%store_ln196 = store i16 %p_ZZN4nnet24compute_output_buffer_2dINS_5arrayI8ap_fixedILi16ELi6EL9ap_q_mode5EL9_83, i16 %p_ZZN4nnet24compute_output_buffer_2dINS_5arrayI8ap_fixedILi16ELi6EL9ap_q_mode5EL9_16" [firmware/nnet_utils/nnet_conv_stream.h:196->firmware/nnet_utils/nnet_conv_stream.h:247]   --->   Operation 74 'store' 'store_ln196' <Predicate = true> <Delay = 0.00>
ST_1 : Operation 75 [1/1] (0.00ns)   --->   "%p_ZZN4nnet24compute_output_buffer_2dINS_5arrayI8ap_fixedILi16ELi6EL9ap_q_mode5EL9_84 = load i16 %p_ZZN4nnet24compute_output_buffer_2dINS_5arrayI8ap_fixedILi16ELi6EL9ap_q_mode5EL9_55" [firmware/nnet_utils/nnet_conv_stream.h:196->firmware/nnet_utils/nnet_conv_stream.h:247]   --->   Operation 75 'load' 'p_ZZN4nnet24compute_output_buffer_2dINS_5arrayI8ap_fixedILi16ELi6EL9ap_q_mode5EL9_84' <Predicate = true> <Delay = 0.00>
ST_1 : Operation 76 [1/1] (0.00ns)   --->   "%store_ln196 = store i16 %p_ZZN4nnet24compute_output_buffer_2dINS_5arrayI8ap_fixedILi16ELi6EL9ap_q_mode5EL9_84, i16 %void_compute_output_buffer_2d_array_const_ap_shift_reg_n_chan_stream_weig_1" [firmware/nnet_utils/nnet_conv_stream.h:196->firmware/nnet_utils/nnet_conv_stream.h:247]   --->   Operation 76 'store' 'store_ln196' <Predicate = true> <Delay = 0.00>
ST_1 : Operation 77 [1/1] (0.00ns)   --->   "%p_ZZN4nnet24compute_output_buffer_2dINS_5arrayI8ap_fixedILi16ELi6EL9ap_q_mode5EL9_85 = load i16 %p_ZZN4nnet24compute_output_buffer_2dINS_5arrayI8ap_fixedILi16ELi6EL9ap_q_mode5EL9_54" [firmware/nnet_utils/nnet_conv_stream.h:196->firmware/nnet_utils/nnet_conv_stream.h:247]   --->   Operation 77 'load' 'p_ZZN4nnet24compute_output_buffer_2dINS_5arrayI8ap_fixedILi16ELi6EL9ap_q_mode5EL9_85' <Predicate = true> <Delay = 0.00>
ST_1 : Operation 78 [1/1] (0.00ns)   --->   "%store_ln196 = store i16 %p_ZZN4nnet24compute_output_buffer_2dINS_5arrayI8ap_fixedILi16ELi6EL9ap_q_mode5EL9_85, i16 %void_compute_output_buffer_2d_array_const_ap_shift_reg_n_chan_stream_weig" [firmware/nnet_utils/nnet_conv_stream.h:196->firmware/nnet_utils/nnet_conv_stream.h:247]   --->   Operation 78 'store' 'store_ln196' <Predicate = true> <Delay = 0.00>
ST_1 : Operation 79 [1/1] (0.00ns)   --->   "%p_ZZN4nnet24compute_output_buffer_2dINS_5arrayI8ap_fixedILi16ELi6EL9ap_q_mode5EL9_86 = load i16 %p_ZZN4nnet24compute_output_buffer_2dINS_5arrayI8ap_fixedILi16ELi6EL9ap_q_mode5EL9_53" [firmware/nnet_utils/nnet_conv_stream.h:196->firmware/nnet_utils/nnet_conv_stream.h:247]   --->   Operation 79 'load' 'p_ZZN4nnet24compute_output_buffer_2dINS_5arrayI8ap_fixedILi16ELi6EL9ap_q_mode5EL9_86' <Predicate = true> <Delay = 0.00>
ST_1 : Operation 80 [1/1] (0.00ns)   --->   "%store_ln196 = store i16 %p_ZZN4nnet24compute_output_buffer_2dINS_5arrayI8ap_fixedILi16ELi6EL9ap_q_mode5EL9_86, i16 %p_ZZN4nnet24compute_output_buffer_2dINS_5arrayI8ap_fixedILi16ELi6EL9ap_q_mode5EL9_61" [firmware/nnet_utils/nnet_conv_stream.h:196->firmware/nnet_utils/nnet_conv_stream.h:247]   --->   Operation 80 'store' 'store_ln196' <Predicate = true> <Delay = 0.00>
ST_1 : Operation 81 [1/1] (0.00ns)   --->   "%p_ZZN4nnet24compute_output_buffer_2dINS_5arrayI8ap_fixedILi16ELi6EL9ap_q_mode5EL9_87 = load i16 %p_ZZN4nnet24compute_output_buffer_2dINS_5arrayI8ap_fixedILi16ELi6EL9ap_q_mode5EL9_52" [firmware/nnet_utils/nnet_conv_stream.h:196->firmware/nnet_utils/nnet_conv_stream.h:247]   --->   Operation 81 'load' 'p_ZZN4nnet24compute_output_buffer_2dINS_5arrayI8ap_fixedILi16ELi6EL9ap_q_mode5EL9_87' <Predicate = true> <Delay = 0.00>
ST_1 : Operation 82 [1/1] (0.00ns)   --->   "%store_ln196 = store i16 %p_ZZN4nnet24compute_output_buffer_2dINS_5arrayI8ap_fixedILi16ELi6EL9ap_q_mode5EL9_87, i16 %p_ZZN4nnet24compute_output_buffer_2dINS_5arrayI8ap_fixedILi16ELi6EL9ap_q_mode5EL9_60" [firmware/nnet_utils/nnet_conv_stream.h:196->firmware/nnet_utils/nnet_conv_stream.h:247]   --->   Operation 82 'store' 'store_ln196' <Predicate = true> <Delay = 0.00>
ST_1 : Operation 83 [1/1] (0.00ns)   --->   "%p_ZZN4nnet24compute_output_buffer_2dINS_5arrayI8ap_fixedILi16ELi6EL9ap_q_mode5EL9_88 = load i16 %p_ZZN4nnet24compute_output_buffer_2dINS_5arrayI8ap_fixedILi16ELi6EL9ap_q_mode5EL9_51" [firmware/nnet_utils/nnet_conv_stream.h:196->firmware/nnet_utils/nnet_conv_stream.h:247]   --->   Operation 83 'load' 'p_ZZN4nnet24compute_output_buffer_2dINS_5arrayI8ap_fixedILi16ELi6EL9ap_q_mode5EL9_88' <Predicate = true> <Delay = 0.00>
ST_1 : Operation 84 [1/1] (0.00ns)   --->   "%store_ln196 = store i16 %p_ZZN4nnet24compute_output_buffer_2dINS_5arrayI8ap_fixedILi16ELi6EL9ap_q_mode5EL9_88, i16 %p_ZZN4nnet24compute_output_buffer_2dINS_5arrayI8ap_fixedILi16ELi6EL9ap_q_mode5EL9_59" [firmware/nnet_utils/nnet_conv_stream.h:196->firmware/nnet_utils/nnet_conv_stream.h:247]   --->   Operation 84 'store' 'store_ln196' <Predicate = true> <Delay = 0.00>
ST_1 : Operation 85 [1/1] (0.00ns)   --->   "%p_ZZN4nnet24compute_output_buffer_2dINS_5arrayI8ap_fixedILi16ELi6EL9ap_q_mode5EL9_89 = load i16 %p_ZZN4nnet24compute_output_buffer_2dINS_5arrayI8ap_fixedILi16ELi6EL9ap_q_mode5EL9_50" [firmware/nnet_utils/nnet_conv_stream.h:196->firmware/nnet_utils/nnet_conv_stream.h:247]   --->   Operation 85 'load' 'p_ZZN4nnet24compute_output_buffer_2dINS_5arrayI8ap_fixedILi16ELi6EL9ap_q_mode5EL9_89' <Predicate = true> <Delay = 0.00>
ST_1 : Operation 86 [1/1] (0.00ns)   --->   "%store_ln196 = store i16 %p_ZZN4nnet24compute_output_buffer_2dINS_5arrayI8ap_fixedILi16ELi6EL9ap_q_mode5EL9_89, i16 %p_ZZN4nnet24compute_output_buffer_2dINS_5arrayI8ap_fixedILi16ELi6EL9ap_q_mode5EL9_58" [firmware/nnet_utils/nnet_conv_stream.h:196->firmware/nnet_utils/nnet_conv_stream.h:247]   --->   Operation 86 'store' 'store_ln196' <Predicate = true> <Delay = 0.00>
ST_1 : Operation 87 [1/1] (0.00ns)   --->   "%p_ZZN4nnet24compute_output_buffer_2dINS_5arrayI8ap_fixedILi16ELi6EL9ap_q_mode5EL9_90 = load i16 %p_ZZN4nnet24compute_output_buffer_2dINS_5arrayI8ap_fixedILi16ELi6EL9ap_q_mode5EL9_49" [firmware/nnet_utils/nnet_conv_stream.h:196->firmware/nnet_utils/nnet_conv_stream.h:247]   --->   Operation 87 'load' 'p_ZZN4nnet24compute_output_buffer_2dINS_5arrayI8ap_fixedILi16ELi6EL9ap_q_mode5EL9_90' <Predicate = true> <Delay = 0.00>
ST_1 : Operation 88 [1/1] (0.00ns)   --->   "%store_ln196 = store i16 %p_ZZN4nnet24compute_output_buffer_2dINS_5arrayI8ap_fixedILi16ELi6EL9ap_q_mode5EL9_90, i16 %p_ZZN4nnet24compute_output_buffer_2dINS_5arrayI8ap_fixedILi16ELi6EL9ap_q_mode5EL9_57" [firmware/nnet_utils/nnet_conv_stream.h:196->firmware/nnet_utils/nnet_conv_stream.h:247]   --->   Operation 88 'store' 'store_ln196' <Predicate = true> <Delay = 0.00>
ST_1 : Operation 89 [1/1] (0.00ns)   --->   "%p_ZZN4nnet24compute_output_buffer_2dINS_5arrayI8ap_fixedILi16ELi6EL9ap_q_mode5EL9_91 = load i16 %p_ZZN4nnet24compute_output_buffer_2dINS_5arrayI8ap_fixedILi16ELi6EL9ap_q_mode5EL9_48" [firmware/nnet_utils/nnet_conv_stream.h:196->firmware/nnet_utils/nnet_conv_stream.h:247]   --->   Operation 89 'load' 'p_ZZN4nnet24compute_output_buffer_2dINS_5arrayI8ap_fixedILi16ELi6EL9ap_q_mode5EL9_91' <Predicate = true> <Delay = 0.00>
ST_1 : Operation 90 [1/1] (0.00ns)   --->   "%store_ln196 = store i16 %p_ZZN4nnet24compute_output_buffer_2dINS_5arrayI8ap_fixedILi16ELi6EL9ap_q_mode5EL9_91, i16 %p_ZZN4nnet24compute_output_buffer_2dINS_5arrayI8ap_fixedILi16ELi6EL9ap_q_mode5EL9_56" [firmware/nnet_utils/nnet_conv_stream.h:196->firmware/nnet_utils/nnet_conv_stream.h:247]   --->   Operation 90 'store' 'store_ln196' <Predicate = true> <Delay = 0.00>
ST_1 : Operation 91 [1/1] (0.00ns)   --->   "%p_ZZN4nnet24compute_output_buffer_2dINS_5arrayI8ap_fixedILi16ELi6EL9ap_q_mode5EL9_92 = load i16 %p_ZZN4nnet24compute_output_buffer_2dINS_5arrayI8ap_fixedILi16ELi6EL9ap_q_mode5EL9_31" [firmware/nnet_utils/nnet_conv_stream.h:196->firmware/nnet_utils/nnet_conv_stream.h:247]   --->   Operation 91 'load' 'p_ZZN4nnet24compute_output_buffer_2dINS_5arrayI8ap_fixedILi16ELi6EL9ap_q_mode5EL9_92' <Predicate = true> <Delay = 0.00>
ST_1 : Operation 92 [1/1] (0.00ns)   --->   "%store_ln196 = store i16 %p_ZZN4nnet24compute_output_buffer_2dINS_5arrayI8ap_fixedILi16ELi6EL9ap_q_mode5EL9_92, i16 %p_ZZN4nnet24compute_output_buffer_2dINS_5arrayI8ap_fixedILi16ELi6EL9ap_q_mode5EL9_39" [firmware/nnet_utils/nnet_conv_stream.h:196->firmware/nnet_utils/nnet_conv_stream.h:247]   --->   Operation 92 'store' 'store_ln196' <Predicate = true> <Delay = 0.00>
ST_1 : Operation 93 [1/1] (0.00ns)   --->   "%p_ZZN4nnet24compute_output_buffer_2dINS_5arrayI8ap_fixedILi16ELi6EL9ap_q_mode5EL9_93 = load i16 %p_ZZN4nnet24compute_output_buffer_2dINS_5arrayI8ap_fixedILi16ELi6EL9ap_q_mode5EL9_30" [firmware/nnet_utils/nnet_conv_stream.h:196->firmware/nnet_utils/nnet_conv_stream.h:247]   --->   Operation 93 'load' 'p_ZZN4nnet24compute_output_buffer_2dINS_5arrayI8ap_fixedILi16ELi6EL9ap_q_mode5EL9_93' <Predicate = true> <Delay = 0.00>
ST_1 : Operation 94 [1/1] (0.00ns)   --->   "%store_ln196 = store i16 %p_ZZN4nnet24compute_output_buffer_2dINS_5arrayI8ap_fixedILi16ELi6EL9ap_q_mode5EL9_93, i16 %p_ZZN4nnet24compute_output_buffer_2dINS_5arrayI8ap_fixedILi16ELi6EL9ap_q_mode5EL9_38" [firmware/nnet_utils/nnet_conv_stream.h:196->firmware/nnet_utils/nnet_conv_stream.h:247]   --->   Operation 94 'store' 'store_ln196' <Predicate = true> <Delay = 0.00>
ST_1 : Operation 95 [1/1] (0.00ns)   --->   "%p_ZZN4nnet24compute_output_buffer_2dINS_5arrayI8ap_fixedILi16ELi6EL9ap_q_mode5EL9_94 = load i16 %p_ZZN4nnet24compute_output_buffer_2dINS_5arrayI8ap_fixedILi16ELi6EL9ap_q_mode5EL9_29" [firmware/nnet_utils/nnet_conv_stream.h:196->firmware/nnet_utils/nnet_conv_stream.h:247]   --->   Operation 95 'load' 'p_ZZN4nnet24compute_output_buffer_2dINS_5arrayI8ap_fixedILi16ELi6EL9ap_q_mode5EL9_94' <Predicate = true> <Delay = 0.00>
ST_1 : Operation 96 [1/1] (0.00ns)   --->   "%store_ln196 = store i16 %p_ZZN4nnet24compute_output_buffer_2dINS_5arrayI8ap_fixedILi16ELi6EL9ap_q_mode5EL9_94, i16 %p_ZZN4nnet24compute_output_buffer_2dINS_5arrayI8ap_fixedILi16ELi6EL9ap_q_mode5EL9_37" [firmware/nnet_utils/nnet_conv_stream.h:196->firmware/nnet_utils/nnet_conv_stream.h:247]   --->   Operation 96 'store' 'store_ln196' <Predicate = true> <Delay = 0.00>
ST_1 : Operation 97 [1/1] (0.00ns)   --->   "%p_ZZN4nnet24compute_output_buffer_2dINS_5arrayI8ap_fixedILi16ELi6EL9ap_q_mode5EL9_95 = load i16 %p_ZZN4nnet24compute_output_buffer_2dINS_5arrayI8ap_fixedILi16ELi6EL9ap_q_mode5EL9_28" [firmware/nnet_utils/nnet_conv_stream.h:196->firmware/nnet_utils/nnet_conv_stream.h:247]   --->   Operation 97 'load' 'p_ZZN4nnet24compute_output_buffer_2dINS_5arrayI8ap_fixedILi16ELi6EL9ap_q_mode5EL9_95' <Predicate = true> <Delay = 0.00>
ST_1 : Operation 98 [1/1] (0.00ns)   --->   "%store_ln196 = store i16 %p_ZZN4nnet24compute_output_buffer_2dINS_5arrayI8ap_fixedILi16ELi6EL9ap_q_mode5EL9_95, i16 %p_ZZN4nnet24compute_output_buffer_2dINS_5arrayI8ap_fixedILi16ELi6EL9ap_q_mode5EL9_36" [firmware/nnet_utils/nnet_conv_stream.h:196->firmware/nnet_utils/nnet_conv_stream.h:247]   --->   Operation 98 'store' 'store_ln196' <Predicate = true> <Delay = 0.00>
ST_1 : Operation 99 [1/1] (0.00ns)   --->   "%p_ZZN4nnet24compute_output_buffer_2dINS_5arrayI8ap_fixedILi16ELi6EL9ap_q_mode5EL9_96 = load i16 %p_ZZN4nnet24compute_output_buffer_2dINS_5arrayI8ap_fixedILi16ELi6EL9ap_q_mode5EL9_27" [firmware/nnet_utils/nnet_conv_stream.h:196->firmware/nnet_utils/nnet_conv_stream.h:247]   --->   Operation 99 'load' 'p_ZZN4nnet24compute_output_buffer_2dINS_5arrayI8ap_fixedILi16ELi6EL9ap_q_mode5EL9_96' <Predicate = true> <Delay = 0.00>
ST_1 : Operation 100 [1/1] (0.00ns)   --->   "%store_ln196 = store i16 %p_ZZN4nnet24compute_output_buffer_2dINS_5arrayI8ap_fixedILi16ELi6EL9ap_q_mode5EL9_96, i16 %p_ZZN4nnet24compute_output_buffer_2dINS_5arrayI8ap_fixedILi16ELi6EL9ap_q_mode5EL9_35" [firmware/nnet_utils/nnet_conv_stream.h:196->firmware/nnet_utils/nnet_conv_stream.h:247]   --->   Operation 100 'store' 'store_ln196' <Predicate = true> <Delay = 0.00>
ST_1 : Operation 101 [1/1] (0.00ns)   --->   "%p_ZZN4nnet24compute_output_buffer_2dINS_5arrayI8ap_fixedILi16ELi6EL9ap_q_mode5EL9_97 = load i16 %p_ZZN4nnet24compute_output_buffer_2dINS_5arrayI8ap_fixedILi16ELi6EL9ap_q_mode5EL9_26" [firmware/nnet_utils/nnet_conv_stream.h:196->firmware/nnet_utils/nnet_conv_stream.h:247]   --->   Operation 101 'load' 'p_ZZN4nnet24compute_output_buffer_2dINS_5arrayI8ap_fixedILi16ELi6EL9ap_q_mode5EL9_97' <Predicate = true> <Delay = 0.00>
ST_1 : Operation 102 [1/1] (0.00ns)   --->   "%store_ln196 = store i16 %p_ZZN4nnet24compute_output_buffer_2dINS_5arrayI8ap_fixedILi16ELi6EL9ap_q_mode5EL9_97, i16 %p_ZZN4nnet24compute_output_buffer_2dINS_5arrayI8ap_fixedILi16ELi6EL9ap_q_mode5EL9_34" [firmware/nnet_utils/nnet_conv_stream.h:196->firmware/nnet_utils/nnet_conv_stream.h:247]   --->   Operation 102 'store' 'store_ln196' <Predicate = true> <Delay = 0.00>
ST_1 : Operation 103 [1/1] (0.00ns)   --->   "%p_ZZN4nnet24compute_output_buffer_2dINS_5arrayI8ap_fixedILi16ELi6EL9ap_q_mode5EL9_98 = load i16 %p_ZZN4nnet24compute_output_buffer_2dINS_5arrayI8ap_fixedILi16ELi6EL9ap_q_mode5EL9_25" [firmware/nnet_utils/nnet_conv_stream.h:196->firmware/nnet_utils/nnet_conv_stream.h:247]   --->   Operation 103 'load' 'p_ZZN4nnet24compute_output_buffer_2dINS_5arrayI8ap_fixedILi16ELi6EL9ap_q_mode5EL9_98' <Predicate = true> <Delay = 0.00>
ST_1 : Operation 104 [1/1] (0.00ns)   --->   "%store_ln196 = store i16 %p_ZZN4nnet24compute_output_buffer_2dINS_5arrayI8ap_fixedILi16ELi6EL9ap_q_mode5EL9_98, i16 %p_ZZN4nnet24compute_output_buffer_2dINS_5arrayI8ap_fixedILi16ELi6EL9ap_q_mode5EL9_33" [firmware/nnet_utils/nnet_conv_stream.h:196->firmware/nnet_utils/nnet_conv_stream.h:247]   --->   Operation 104 'store' 'store_ln196' <Predicate = true> <Delay = 0.00>
ST_1 : Operation 105 [1/1] (0.00ns)   --->   "%p_ZZN4nnet24compute_output_buffer_2dINS_5arrayI8ap_fixedILi16ELi6EL9ap_q_mode5EL9_99 = load i16 %p_ZZN4nnet24compute_output_buffer_2dINS_5arrayI8ap_fixedILi16ELi6EL9ap_q_mode5EL9_24" [firmware/nnet_utils/nnet_conv_stream.h:196->firmware/nnet_utils/nnet_conv_stream.h:247]   --->   Operation 105 'load' 'p_ZZN4nnet24compute_output_buffer_2dINS_5arrayI8ap_fixedILi16ELi6EL9ap_q_mode5EL9_99' <Predicate = true> <Delay = 0.00>
ST_1 : Operation 106 [1/1] (0.00ns)   --->   "%store_ln196 = store i16 %p_ZZN4nnet24compute_output_buffer_2dINS_5arrayI8ap_fixedILi16ELi6EL9ap_q_mode5EL9_99, i16 %p_ZZN4nnet24compute_output_buffer_2dINS_5arrayI8ap_fixedILi16ELi6EL9ap_q_mode5EL9_32" [firmware/nnet_utils/nnet_conv_stream.h:196->firmware/nnet_utils/nnet_conv_stream.h:247]   --->   Operation 106 'store' 'store_ln196' <Predicate = true> <Delay = 0.00>
ST_1 : Operation 107 [1/1] (0.00ns)   --->   "%p_ZZN4nnet24compute_output_buffer_2dINS_5arrayI8ap_fixedILi16ELi6EL9ap_q_mode5EL9_100 = load i16 %p_ZZN4nnet24compute_output_buffer_2dINS_5arrayI8ap_fixedILi16ELi6EL9ap_q_mode5EL9_7" [firmware/nnet_utils/nnet_conv_stream.h:196->firmware/nnet_utils/nnet_conv_stream.h:247]   --->   Operation 107 'load' 'p_ZZN4nnet24compute_output_buffer_2dINS_5arrayI8ap_fixedILi16ELi6EL9ap_q_mode5EL9_100' <Predicate = true> <Delay = 0.00>
ST_1 : Operation 108 [1/1] (0.00ns)   --->   "%store_ln196 = store i16 %p_ZZN4nnet24compute_output_buffer_2dINS_5arrayI8ap_fixedILi16ELi6EL9ap_q_mode5EL9_100, i16 %p_ZZN4nnet24compute_output_buffer_2dINS_5arrayI8ap_fixedILi16ELi6EL9ap_q_mode5EL9_15" [firmware/nnet_utils/nnet_conv_stream.h:196->firmware/nnet_utils/nnet_conv_stream.h:247]   --->   Operation 108 'store' 'store_ln196' <Predicate = true> <Delay = 0.00>
ST_1 : Operation 109 [1/1] (0.00ns)   --->   "%p_ZZN4nnet24compute_output_buffer_2dINS_5arrayI8ap_fixedILi16ELi6EL9ap_q_mode5EL9_101 = load i16 %p_ZZN4nnet24compute_output_buffer_2dINS_5arrayI8ap_fixedILi16ELi6EL9ap_q_mode5EL9_6" [firmware/nnet_utils/nnet_conv_stream.h:196->firmware/nnet_utils/nnet_conv_stream.h:247]   --->   Operation 109 'load' 'p_ZZN4nnet24compute_output_buffer_2dINS_5arrayI8ap_fixedILi16ELi6EL9ap_q_mode5EL9_101' <Predicate = true> <Delay = 0.00>
ST_1 : Operation 110 [1/1] (0.00ns)   --->   "%store_ln196 = store i16 %p_ZZN4nnet24compute_output_buffer_2dINS_5arrayI8ap_fixedILi16ELi6EL9ap_q_mode5EL9_101, i16 %p_ZZN4nnet24compute_output_buffer_2dINS_5arrayI8ap_fixedILi16ELi6EL9ap_q_mode5EL9_14" [firmware/nnet_utils/nnet_conv_stream.h:196->firmware/nnet_utils/nnet_conv_stream.h:247]   --->   Operation 110 'store' 'store_ln196' <Predicate = true> <Delay = 0.00>
ST_1 : Operation 111 [1/1] (0.00ns)   --->   "%p_ZZN4nnet24compute_output_buffer_2dINS_5arrayI8ap_fixedILi16ELi6EL9ap_q_mode5EL9_102 = load i16 %p_ZZN4nnet24compute_output_buffer_2dINS_5arrayI8ap_fixedILi16ELi6EL9ap_q_mode5EL9_5" [firmware/nnet_utils/nnet_conv_stream.h:196->firmware/nnet_utils/nnet_conv_stream.h:247]   --->   Operation 111 'load' 'p_ZZN4nnet24compute_output_buffer_2dINS_5arrayI8ap_fixedILi16ELi6EL9ap_q_mode5EL9_102' <Predicate = true> <Delay = 0.00>
ST_1 : Operation 112 [1/1] (0.00ns)   --->   "%store_ln196 = store i16 %p_ZZN4nnet24compute_output_buffer_2dINS_5arrayI8ap_fixedILi16ELi6EL9ap_q_mode5EL9_102, i16 %p_ZZN4nnet24compute_output_buffer_2dINS_5arrayI8ap_fixedILi16ELi6EL9ap_q_mode5EL9_13" [firmware/nnet_utils/nnet_conv_stream.h:196->firmware/nnet_utils/nnet_conv_stream.h:247]   --->   Operation 112 'store' 'store_ln196' <Predicate = true> <Delay = 0.00>
ST_1 : Operation 113 [1/1] (0.00ns)   --->   "%p_ZZN4nnet24compute_output_buffer_2dINS_5arrayI8ap_fixedILi16ELi6EL9ap_q_mode5EL9_103 = load i16 %p_ZZN4nnet24compute_output_buffer_2dINS_5arrayI8ap_fixedILi16ELi6EL9ap_q_mode5EL9_4" [firmware/nnet_utils/nnet_conv_stream.h:196->firmware/nnet_utils/nnet_conv_stream.h:247]   --->   Operation 113 'load' 'p_ZZN4nnet24compute_output_buffer_2dINS_5arrayI8ap_fixedILi16ELi6EL9ap_q_mode5EL9_103' <Predicate = true> <Delay = 0.00>
ST_1 : Operation 114 [1/1] (0.00ns)   --->   "%store_ln196 = store i16 %p_ZZN4nnet24compute_output_buffer_2dINS_5arrayI8ap_fixedILi16ELi6EL9ap_q_mode5EL9_103, i16 %p_ZZN4nnet24compute_output_buffer_2dINS_5arrayI8ap_fixedILi16ELi6EL9ap_q_mode5EL9_12" [firmware/nnet_utils/nnet_conv_stream.h:196->firmware/nnet_utils/nnet_conv_stream.h:247]   --->   Operation 114 'store' 'store_ln196' <Predicate = true> <Delay = 0.00>
ST_1 : Operation 115 [1/1] (0.00ns)   --->   "%p_ZZN4nnet24compute_output_buffer_2dINS_5arrayI8ap_fixedILi16ELi6EL9ap_q_mode5EL9_104 = load i16 %p_ZZN4nnet24compute_output_buffer_2dINS_5arrayI8ap_fixedILi16ELi6EL9ap_q_mode5EL9_3" [firmware/nnet_utils/nnet_conv_stream.h:196->firmware/nnet_utils/nnet_conv_stream.h:247]   --->   Operation 115 'load' 'p_ZZN4nnet24compute_output_buffer_2dINS_5arrayI8ap_fixedILi16ELi6EL9ap_q_mode5EL9_104' <Predicate = true> <Delay = 0.00>
ST_1 : Operation 116 [1/1] (0.00ns)   --->   "%store_ln196 = store i16 %p_ZZN4nnet24compute_output_buffer_2dINS_5arrayI8ap_fixedILi16ELi6EL9ap_q_mode5EL9_104, i16 %p_ZZN4nnet24compute_output_buffer_2dINS_5arrayI8ap_fixedILi16ELi6EL9ap_q_mode5EL9_11" [firmware/nnet_utils/nnet_conv_stream.h:196->firmware/nnet_utils/nnet_conv_stream.h:247]   --->   Operation 116 'store' 'store_ln196' <Predicate = true> <Delay = 0.00>
ST_1 : Operation 117 [1/1] (0.00ns)   --->   "%p_ZZN4nnet24compute_output_buffer_2dINS_5arrayI8ap_fixedILi16ELi6EL9ap_q_mode5EL9_105 = load i16 %p_ZZN4nnet24compute_output_buffer_2dINS_5arrayI8ap_fixedILi16ELi6EL9ap_q_mode5EL9_2" [firmware/nnet_utils/nnet_conv_stream.h:196->firmware/nnet_utils/nnet_conv_stream.h:247]   --->   Operation 117 'load' 'p_ZZN4nnet24compute_output_buffer_2dINS_5arrayI8ap_fixedILi16ELi6EL9ap_q_mode5EL9_105' <Predicate = true> <Delay = 0.00>
ST_1 : Operation 118 [1/1] (0.00ns)   --->   "%store_ln196 = store i16 %p_ZZN4nnet24compute_output_buffer_2dINS_5arrayI8ap_fixedILi16ELi6EL9ap_q_mode5EL9_105, i16 %p_ZZN4nnet24compute_output_buffer_2dINS_5arrayI8ap_fixedILi16ELi6EL9ap_q_mode5EL9_10" [firmware/nnet_utils/nnet_conv_stream.h:196->firmware/nnet_utils/nnet_conv_stream.h:247]   --->   Operation 118 'store' 'store_ln196' <Predicate = true> <Delay = 0.00>
ST_1 : Operation 119 [1/1] (0.00ns)   --->   "%p_ZZN4nnet24compute_output_buffer_2dINS_5arrayI8ap_fixedILi16ELi6EL9ap_q_mode5EL9_106 = load i16 %p_ZZN4nnet24compute_output_buffer_2dINS_5arrayI8ap_fixedILi16ELi6EL9ap_q_mode5EL9_1" [firmware/nnet_utils/nnet_conv_stream.h:196->firmware/nnet_utils/nnet_conv_stream.h:247]   --->   Operation 119 'load' 'p_ZZN4nnet24compute_output_buffer_2dINS_5arrayI8ap_fixedILi16ELi6EL9ap_q_mode5EL9_106' <Predicate = true> <Delay = 0.00>
ST_1 : Operation 120 [1/1] (0.00ns)   --->   "%store_ln196 = store i16 %p_ZZN4nnet24compute_output_buffer_2dINS_5arrayI8ap_fixedILi16ELi6EL9ap_q_mode5EL9_106, i16 %p_ZZN4nnet24compute_output_buffer_2dINS_5arrayI8ap_fixedILi16ELi6EL9ap_q_mode5EL9_9" [firmware/nnet_utils/nnet_conv_stream.h:196->firmware/nnet_utils/nnet_conv_stream.h:247]   --->   Operation 120 'store' 'store_ln196' <Predicate = true> <Delay = 0.00>
ST_1 : Operation 121 [1/1] (0.00ns)   --->   "%p_ZZN4nnet24compute_output_buffer_2dINS_5arrayI8ap_fixedILi16ELi6EL9ap_q_mode5EL9_107 = load i16 %p_ZZN4nnet24compute_output_buffer_2dINS_5arrayI8ap_fixedILi16ELi6EL9ap_q_mode5EL9" [firmware/nnet_utils/nnet_conv_stream.h:196->firmware/nnet_utils/nnet_conv_stream.h:247]   --->   Operation 121 'load' 'p_ZZN4nnet24compute_output_buffer_2dINS_5arrayI8ap_fixedILi16ELi6EL9ap_q_mode5EL9_107' <Predicate = true> <Delay = 0.00>
ST_1 : Operation 122 [1/1] (0.00ns)   --->   "%store_ln196 = store i16 %p_ZZN4nnet24compute_output_buffer_2dINS_5arrayI8ap_fixedILi16ELi6EL9ap_q_mode5EL9_107, i16 %p_ZZN4nnet24compute_output_buffer_2dINS_5arrayI8ap_fixedILi16ELi6EL9ap_q_mode5EL9_8" [firmware/nnet_utils/nnet_conv_stream.h:196->firmware/nnet_utils/nnet_conv_stream.h:247]   --->   Operation 122 'store' 'store_ln196' <Predicate = true> <Delay = 0.00>
ST_1 : Operation 123 [1/1] (0.00ns)   --->   "%store_ln209 = store i16 %p_1_i, i16 %p_ZZN4nnet24compute_output_buffer_2dINS_5arrayI8ap_fixedILi16ELi6EL9ap_q_mode5EL9_55" [firmware/nnet_utils/nnet_conv_stream.h:209->firmware/nnet_utils/nnet_conv_stream.h:247]   --->   Operation 123 'store' 'store_ln209' <Predicate = true> <Delay = 0.00>
ST_1 : Operation 124 [1/1] (0.00ns)   --->   "%store_ln209 = store i16 %p_3_i, i16 %p_ZZN4nnet24compute_output_buffer_2dINS_5arrayI8ap_fixedILi16ELi6EL9ap_q_mode5EL9_54" [firmware/nnet_utils/nnet_conv_stream.h:209->firmware/nnet_utils/nnet_conv_stream.h:247]   --->   Operation 124 'store' 'store_ln209' <Predicate = true> <Delay = 0.00>
ST_1 : Operation 125 [1/1] (0.00ns)   --->   "%store_ln209 = store i16 %p_5_i, i16 %p_ZZN4nnet24compute_output_buffer_2dINS_5arrayI8ap_fixedILi16ELi6EL9ap_q_mode5EL9_53" [firmware/nnet_utils/nnet_conv_stream.h:209->firmware/nnet_utils/nnet_conv_stream.h:247]   --->   Operation 125 'store' 'store_ln209' <Predicate = true> <Delay = 0.00>
ST_1 : Operation 126 [1/1] (0.00ns)   --->   "%store_ln209 = store i16 %p_7_i, i16 %p_ZZN4nnet24compute_output_buffer_2dINS_5arrayI8ap_fixedILi16ELi6EL9ap_q_mode5EL9_52" [firmware/nnet_utils/nnet_conv_stream.h:209->firmware/nnet_utils/nnet_conv_stream.h:247]   --->   Operation 126 'store' 'store_ln209' <Predicate = true> <Delay = 0.00>
ST_1 : Operation 127 [1/1] (0.00ns)   --->   "%store_ln209 = store i16 %p_9_i, i16 %p_ZZN4nnet24compute_output_buffer_2dINS_5arrayI8ap_fixedILi16ELi6EL9ap_q_mode5EL9_51" [firmware/nnet_utils/nnet_conv_stream.h:209->firmware/nnet_utils/nnet_conv_stream.h:247]   --->   Operation 127 'store' 'store_ln209' <Predicate = true> <Delay = 0.00>
ST_1 : Operation 128 [1/1] (0.00ns)   --->   "%store_ln209 = store i16 %p_11_i, i16 %p_ZZN4nnet24compute_output_buffer_2dINS_5arrayI8ap_fixedILi16ELi6EL9ap_q_mode5EL9_50" [firmware/nnet_utils/nnet_conv_stream.h:209->firmware/nnet_utils/nnet_conv_stream.h:247]   --->   Operation 128 'store' 'store_ln209' <Predicate = true> <Delay = 0.00>
ST_1 : Operation 129 [1/1] (0.00ns)   --->   "%store_ln209 = store i16 %p_13_i, i16 %p_ZZN4nnet24compute_output_buffer_2dINS_5arrayI8ap_fixedILi16ELi6EL9ap_q_mode5EL9_49" [firmware/nnet_utils/nnet_conv_stream.h:209->firmware/nnet_utils/nnet_conv_stream.h:247]   --->   Operation 129 'store' 'store_ln209' <Predicate = true> <Delay = 0.00>
ST_1 : Operation 130 [1/1] (0.00ns)   --->   "%store_ln209 = store i16 %p_0_i, i16 %p_ZZN4nnet24compute_output_buffer_2dINS_5arrayI8ap_fixedILi16ELi6EL9ap_q_mode5EL9_48" [firmware/nnet_utils/nnet_conv_stream.h:209->firmware/nnet_utils/nnet_conv_stream.h:247]   --->   Operation 130 'store' 'store_ln209' <Predicate = true> <Delay = 0.00>
ST_1 : Operation 131 [1/1] (0.00ns)   --->   "%store_ln209 = store i16 %p_i, i16 %p_ZZN4nnet24compute_output_buffer_2dINS_5arrayI8ap_fixedILi16ELi6EL9ap_q_mode5EL9_31" [firmware/nnet_utils/nnet_conv_stream.h:209->firmware/nnet_utils/nnet_conv_stream.h:247]   --->   Operation 131 'store' 'store_ln209' <Predicate = true> <Delay = 0.00>
ST_1 : Operation 132 [1/1] (0.00ns)   --->   "%store_ln209 = store i16 %p_2_i, i16 %p_ZZN4nnet24compute_output_buffer_2dINS_5arrayI8ap_fixedILi16ELi6EL9ap_q_mode5EL9_30" [firmware/nnet_utils/nnet_conv_stream.h:209->firmware/nnet_utils/nnet_conv_stream.h:247]   --->   Operation 132 'store' 'store_ln209' <Predicate = true> <Delay = 0.00>
ST_1 : Operation 133 [1/1] (0.00ns)   --->   "%store_ln209 = store i16 %p_4_i, i16 %p_ZZN4nnet24compute_output_buffer_2dINS_5arrayI8ap_fixedILi16ELi6EL9ap_q_mode5EL9_29" [firmware/nnet_utils/nnet_conv_stream.h:209->firmware/nnet_utils/nnet_conv_stream.h:247]   --->   Operation 133 'store' 'store_ln209' <Predicate = true> <Delay = 0.00>
ST_1 : Operation 134 [1/1] (0.00ns)   --->   "%store_ln209 = store i16 %p_6_i, i16 %p_ZZN4nnet24compute_output_buffer_2dINS_5arrayI8ap_fixedILi16ELi6EL9ap_q_mode5EL9_28" [firmware/nnet_utils/nnet_conv_stream.h:209->firmware/nnet_utils/nnet_conv_stream.h:247]   --->   Operation 134 'store' 'store_ln209' <Predicate = true> <Delay = 0.00>
ST_1 : Operation 135 [1/1] (0.00ns)   --->   "%store_ln209 = store i16 %p_8_i, i16 %p_ZZN4nnet24compute_output_buffer_2dINS_5arrayI8ap_fixedILi16ELi6EL9ap_q_mode5EL9_27" [firmware/nnet_utils/nnet_conv_stream.h:209->firmware/nnet_utils/nnet_conv_stream.h:247]   --->   Operation 135 'store' 'store_ln209' <Predicate = true> <Delay = 0.00>
ST_1 : Operation 136 [1/1] (0.00ns)   --->   "%store_ln209 = store i16 %p_10_i, i16 %p_ZZN4nnet24compute_output_buffer_2dINS_5arrayI8ap_fixedILi16ELi6EL9ap_q_mode5EL9_26" [firmware/nnet_utils/nnet_conv_stream.h:209->firmware/nnet_utils/nnet_conv_stream.h:247]   --->   Operation 136 'store' 'store_ln209' <Predicate = true> <Delay = 0.00>
ST_1 : Operation 137 [1/1] (0.00ns)   --->   "%store_ln209 = store i16 %p_12_i, i16 %p_ZZN4nnet24compute_output_buffer_2dINS_5arrayI8ap_fixedILi16ELi6EL9ap_q_mode5EL9_25" [firmware/nnet_utils/nnet_conv_stream.h:209->firmware/nnet_utils/nnet_conv_stream.h:247]   --->   Operation 137 'store' 'store_ln209' <Predicate = true> <Delay = 0.00>
ST_1 : Operation 138 [1/1] (0.00ns)   --->   "%store_ln209 = store i16 %p_14_i, i16 %p_ZZN4nnet24compute_output_buffer_2dINS_5arrayI8ap_fixedILi16ELi6EL9ap_q_mode5EL9_24" [firmware/nnet_utils/nnet_conv_stream.h:209->firmware/nnet_utils/nnet_conv_stream.h:247]   --->   Operation 138 'store' 'store_ln209' <Predicate = true> <Delay = 0.00>
ST_1 : Operation 139 [1/1] (0.00ns)   --->   "%store_ln209 = store i16 %p_read_8, i16 %p_ZZN4nnet24compute_output_buffer_2dINS_5arrayI8ap_fixedILi16ELi6EL9ap_q_mode5EL9_7" [firmware/nnet_utils/nnet_conv_stream.h:209->firmware/nnet_utils/nnet_conv_stream.h:247]   --->   Operation 139 'store' 'store_ln209' <Predicate = true> <Delay = 0.00>
ST_1 : Operation 140 [1/1] (0.00ns)   --->   "%store_ln209 = store i16 %p_read_7, i16 %p_ZZN4nnet24compute_output_buffer_2dINS_5arrayI8ap_fixedILi16ELi6EL9ap_q_mode5EL9_6" [firmware/nnet_utils/nnet_conv_stream.h:209->firmware/nnet_utils/nnet_conv_stream.h:247]   --->   Operation 140 'store' 'store_ln209' <Predicate = true> <Delay = 0.00>
ST_1 : Operation 141 [1/1] (0.00ns)   --->   "%store_ln209 = store i16 %p_read_6, i16 %p_ZZN4nnet24compute_output_buffer_2dINS_5arrayI8ap_fixedILi16ELi6EL9ap_q_mode5EL9_5" [firmware/nnet_utils/nnet_conv_stream.h:209->firmware/nnet_utils/nnet_conv_stream.h:247]   --->   Operation 141 'store' 'store_ln209' <Predicate = true> <Delay = 0.00>
ST_1 : Operation 142 [1/1] (0.00ns)   --->   "%store_ln209 = store i16 %p_read_5, i16 %p_ZZN4nnet24compute_output_buffer_2dINS_5arrayI8ap_fixedILi16ELi6EL9ap_q_mode5EL9_4" [firmware/nnet_utils/nnet_conv_stream.h:209->firmware/nnet_utils/nnet_conv_stream.h:247]   --->   Operation 142 'store' 'store_ln209' <Predicate = true> <Delay = 0.00>
ST_1 : Operation 143 [1/1] (0.00ns)   --->   "%store_ln209 = store i16 %p_read_4, i16 %p_ZZN4nnet24compute_output_buffer_2dINS_5arrayI8ap_fixedILi16ELi6EL9ap_q_mode5EL9_3" [firmware/nnet_utils/nnet_conv_stream.h:209->firmware/nnet_utils/nnet_conv_stream.h:247]   --->   Operation 143 'store' 'store_ln209' <Predicate = true> <Delay = 0.00>
ST_1 : Operation 144 [1/1] (0.00ns)   --->   "%store_ln209 = store i16 %p_read_3, i16 %p_ZZN4nnet24compute_output_buffer_2dINS_5arrayI8ap_fixedILi16ELi6EL9ap_q_mode5EL9_2" [firmware/nnet_utils/nnet_conv_stream.h:209->firmware/nnet_utils/nnet_conv_stream.h:247]   --->   Operation 144 'store' 'store_ln209' <Predicate = true> <Delay = 0.00>
ST_1 : Operation 145 [1/1] (0.00ns)   --->   "%store_ln209 = store i16 %p_read_2, i16 %p_ZZN4nnet24compute_output_buffer_2dINS_5arrayI8ap_fixedILi16ELi6EL9ap_q_mode5EL9_1" [firmware/nnet_utils/nnet_conv_stream.h:209->firmware/nnet_utils/nnet_conv_stream.h:247]   --->   Operation 145 'store' 'store_ln209' <Predicate = true> <Delay = 0.00>
ST_1 : Operation 146 [1/1] (0.00ns)   --->   "%store_ln209 = store i16 %p_read_1, i16 %p_ZZN4nnet24compute_output_buffer_2dINS_5arrayI8ap_fixedILi16ELi6EL9ap_q_mode5EL9" [firmware/nnet_utils/nnet_conv_stream.h:209->firmware/nnet_utils/nnet_conv_stream.h:247]   --->   Operation 146 'store' 'store_ln209' <Predicate = true> <Delay = 0.00>
ST_1 : Operation 147 [1/1] (0.00ns)   --->   "%ret_ln221 = ret" [firmware/nnet_utils/nnet_conv_stream.h:221]   --->   Operation 147 'ret' 'ret_ln221' <Predicate = true> <Delay = 0.00>


============================================================
+ Verbose Summary: Binding
============================================================
STG Binding: 
---------------- STG Properties BEGIN ----------------
- Is combinational: 0
- Is one-state seq: 1
- Is datapath-only: 0
- Is pipelined: 1
- Is top level: 0
Port [ Return ] is wired: 1; IO mode=ap_ctrl_hs:ce=0
Port [ p_read]:  wired=1; compound=0; hidden=0; nouse=0; global=0; static=0; extern=0; dir=0; type=0; pingpong=0; private_global=0; IO mode=ap_none:ce=0
Port [ p_read1]:  wired=1; compound=0; hidden=0; nouse=0; global=0; static=0; extern=0; dir=0; type=0; pingpong=0; private_global=0; IO mode=ap_none:ce=0
Port [ p_read2]:  wired=1; compound=0; hidden=0; nouse=0; global=0; static=0; extern=0; dir=0; type=0; pingpong=0; private_global=0; IO mode=ap_none:ce=0
Port [ p_read3]:  wired=1; compound=0; hidden=0; nouse=0; global=0; static=0; extern=0; dir=0; type=0; pingpong=0; private_global=0; IO mode=ap_none:ce=0
Port [ p_read4]:  wired=1; compound=0; hidden=0; nouse=0; global=0; static=0; extern=0; dir=0; type=0; pingpong=0; private_global=0; IO mode=ap_none:ce=0
Port [ p_read5]:  wired=1; compound=0; hidden=0; nouse=0; global=0; static=0; extern=0; dir=0; type=0; pingpong=0; private_global=0; IO mode=ap_none:ce=0
Port [ p_read6]:  wired=1; compound=0; hidden=0; nouse=0; global=0; static=0; extern=0; dir=0; type=0; pingpong=0; private_global=0; IO mode=ap_none:ce=0
Port [ p_read7]:  wired=1; compound=0; hidden=0; nouse=0; global=0; static=0; extern=0; dir=0; type=0; pingpong=0; private_global=0; IO mode=ap_none:ce=0
Port [ void_compute_output_buffer_2d_array_const_ap_shift_reg_n_chan_stream_weig_1]:  wired=1; compound=0; hidden=0; nouse=0; global=1; static=1; extern=0; dir=2; type=0; pingpong=0; private_global=0; IO mode=ap_ovld:ce=0
Port [ void_compute_output_buffer_2d_array_const_ap_shift_reg_n_chan_stream_weig_9]:  wired=1; compound=0; hidden=0; nouse=0; global=1; static=1; extern=0; dir=1; type=0; pingpong=0; private_global=0; IO mode=ap_vld:ce=0
Port [ void_compute_output_buffer_2d_array_const_ap_shift_reg_n_chan_stream_weig]:  wired=1; compound=0; hidden=0; nouse=0; global=1; static=1; extern=0; dir=2; type=0; pingpong=0; private_global=0; IO mode=ap_ovld:ce=0
Port [ void_compute_output_buffer_2d_array_const_ap_shift_reg_n_chan_stream_weig_8]:  wired=1; compound=0; hidden=0; nouse=0; global=1; static=1; extern=0; dir=1; type=0; pingpong=0; private_global=0; IO mode=ap_vld:ce=0
Port [ p_ZZN4nnet24compute_output_buffer_2dINS_5arrayI8ap_fixedILi16ELi6EL9ap_q_mode5EL9_61]:  wired=1; compound=0; hidden=0; nouse=0; global=1; static=1; extern=0; dir=2; type=0; pingpong=0; private_global=0; IO mode=ap_ovld:ce=0
Port [ void_compute_output_buffer_2d_array_const_ap_shift_reg_n_chan_stream_weig_7]:  wired=1; compound=0; hidden=0; nouse=0; global=1; static=1; extern=0; dir=1; type=0; pingpong=0; private_global=0; IO mode=ap_vld:ce=0
Port [ p_ZZN4nnet24compute_output_buffer_2dINS_5arrayI8ap_fixedILi16ELi6EL9ap_q_mode5EL9_60]:  wired=1; compound=0; hidden=0; nouse=0; global=1; static=1; extern=0; dir=2; type=0; pingpong=0; private_global=0; IO mode=ap_ovld:ce=0
Port [ void_compute_output_buffer_2d_array_const_ap_shift_reg_n_chan_stream_weig_6]:  wired=1; compound=0; hidden=0; nouse=0; global=1; static=1; extern=0; dir=1; type=0; pingpong=0; private_global=0; IO mode=ap_vld:ce=0
Port [ p_ZZN4nnet24compute_output_buffer_2dINS_5arrayI8ap_fixedILi16ELi6EL9ap_q_mode5EL9_59]:  wired=1; compound=0; hidden=0; nouse=0; global=1; static=1; extern=0; dir=2; type=0; pingpong=0; private_global=0; IO mode=ap_ovld:ce=0
Port [ void_compute_output_buffer_2d_array_const_ap_shift_reg_n_chan_stream_weig_5]:  wired=1; compound=0; hidden=0; nouse=0; global=1; static=1; extern=0; dir=1; type=0; pingpong=0; private_global=0; IO mode=ap_vld:ce=0
Port [ p_ZZN4nnet24compute_output_buffer_2dINS_5arrayI8ap_fixedILi16ELi6EL9ap_q_mode5EL9_58]:  wired=1; compound=0; hidden=0; nouse=0; global=1; static=1; extern=0; dir=2; type=0; pingpong=0; private_global=0; IO mode=ap_ovld:ce=0
Port [ void_compute_output_buffer_2d_array_const_ap_shift_reg_n_chan_stream_weig_4]:  wired=1; compound=0; hidden=0; nouse=0; global=1; static=1; extern=0; dir=1; type=0; pingpong=0; private_global=0; IO mode=ap_vld:ce=0
Port [ p_ZZN4nnet24compute_output_buffer_2dINS_5arrayI8ap_fixedILi16ELi6EL9ap_q_mode5EL9_57]:  wired=1; compound=0; hidden=0; nouse=0; global=1; static=1; extern=0; dir=2; type=0; pingpong=0; private_global=0; IO mode=ap_ovld:ce=0
Port [ void_compute_output_buffer_2d_array_const_ap_shift_reg_n_chan_stream_weig_3]:  wired=1; compound=0; hidden=0; nouse=0; global=1; static=1; extern=0; dir=1; type=0; pingpong=0; private_global=0; IO mode=ap_vld:ce=0
Port [ p_ZZN4nnet24compute_output_buffer_2dINS_5arrayI8ap_fixedILi16ELi6EL9ap_q_mode5EL9_56]:  wired=1; compound=0; hidden=0; nouse=0; global=1; static=1; extern=0; dir=2; type=0; pingpong=0; private_global=0; IO mode=ap_ovld:ce=0
Port [ void_compute_output_buffer_2d_array_const_ap_shift_reg_n_chan_stream_weig_2]:  wired=1; compound=0; hidden=0; nouse=0; global=1; static=1; extern=0; dir=1; type=0; pingpong=0; private_global=0; IO mode=ap_vld:ce=0
Port [ p_ZZN4nnet24compute_output_buffer_2dINS_5arrayI8ap_fixedILi16ELi6EL9ap_q_mode5EL9_39]:  wired=1; compound=0; hidden=0; nouse=0; global=1; static=1; extern=0; dir=2; type=0; pingpong=0; private_global=0; IO mode=ap_ovld:ce=0
Port [ p_ZZN4nnet24compute_output_buffer_2dINS_5arrayI8ap_fixedILi16ELi6EL9ap_q_mode5EL9_47]:  wired=1; compound=0; hidden=0; nouse=0; global=1; static=1; extern=0; dir=1; type=0; pingpong=0; private_global=0; IO mode=ap_vld:ce=0
Port [ p_ZZN4nnet24compute_output_buffer_2dINS_5arrayI8ap_fixedILi16ELi6EL9ap_q_mode5EL9_38]:  wired=1; compound=0; hidden=0; nouse=0; global=1; static=1; extern=0; dir=2; type=0; pingpong=0; private_global=0; IO mode=ap_ovld:ce=0
Port [ p_ZZN4nnet24compute_output_buffer_2dINS_5arrayI8ap_fixedILi16ELi6EL9ap_q_mode5EL9_46]:  wired=1; compound=0; hidden=0; nouse=0; global=1; static=1; extern=0; dir=1; type=0; pingpong=0; private_global=0; IO mode=ap_vld:ce=0
Port [ p_ZZN4nnet24compute_output_buffer_2dINS_5arrayI8ap_fixedILi16ELi6EL9ap_q_mode5EL9_37]:  wired=1; compound=0; hidden=0; nouse=0; global=1; static=1; extern=0; dir=2; type=0; pingpong=0; private_global=0; IO mode=ap_ovld:ce=0
Port [ p_ZZN4nnet24compute_output_buffer_2dINS_5arrayI8ap_fixedILi16ELi6EL9ap_q_mode5EL9_45]:  wired=1; compound=0; hidden=0; nouse=0; global=1; static=1; extern=0; dir=1; type=0; pingpong=0; private_global=0; IO mode=ap_vld:ce=0
Port [ p_ZZN4nnet24compute_output_buffer_2dINS_5arrayI8ap_fixedILi16ELi6EL9ap_q_mode5EL9_36]:  wired=1; compound=0; hidden=0; nouse=0; global=1; static=1; extern=0; dir=2; type=0; pingpong=0; private_global=0; IO mode=ap_ovld:ce=0
Port [ p_ZZN4nnet24compute_output_buffer_2dINS_5arrayI8ap_fixedILi16ELi6EL9ap_q_mode5EL9_44]:  wired=1; compound=0; hidden=0; nouse=0; global=1; static=1; extern=0; dir=1; type=0; pingpong=0; private_global=0; IO mode=ap_vld:ce=0
Port [ p_ZZN4nnet24compute_output_buffer_2dINS_5arrayI8ap_fixedILi16ELi6EL9ap_q_mode5EL9_35]:  wired=1; compound=0; hidden=0; nouse=0; global=1; static=1; extern=0; dir=2; type=0; pingpong=0; private_global=0; IO mode=ap_ovld:ce=0
Port [ p_ZZN4nnet24compute_output_buffer_2dINS_5arrayI8ap_fixedILi16ELi6EL9ap_q_mode5EL9_43]:  wired=1; compound=0; hidden=0; nouse=0; global=1; static=1; extern=0; dir=1; type=0; pingpong=0; private_global=0; IO mode=ap_vld:ce=0
Port [ p_ZZN4nnet24compute_output_buffer_2dINS_5arrayI8ap_fixedILi16ELi6EL9ap_q_mode5EL9_34]:  wired=1; compound=0; hidden=0; nouse=0; global=1; static=1; extern=0; dir=2; type=0; pingpong=0; private_global=0; IO mode=ap_ovld:ce=0
Port [ p_ZZN4nnet24compute_output_buffer_2dINS_5arrayI8ap_fixedILi16ELi6EL9ap_q_mode5EL9_42]:  wired=1; compound=0; hidden=0; nouse=0; global=1; static=1; extern=0; dir=1; type=0; pingpong=0; private_global=0; IO mode=ap_vld:ce=0
Port [ p_ZZN4nnet24compute_output_buffer_2dINS_5arrayI8ap_fixedILi16ELi6EL9ap_q_mode5EL9_33]:  wired=1; compound=0; hidden=0; nouse=0; global=1; static=1; extern=0; dir=2; type=0; pingpong=0; private_global=0; IO mode=ap_ovld:ce=0
Port [ p_ZZN4nnet24compute_output_buffer_2dINS_5arrayI8ap_fixedILi16ELi6EL9ap_q_mode5EL9_41]:  wired=1; compound=0; hidden=0; nouse=0; global=1; static=1; extern=0; dir=1; type=0; pingpong=0; private_global=0; IO mode=ap_vld:ce=0
Port [ p_ZZN4nnet24compute_output_buffer_2dINS_5arrayI8ap_fixedILi16ELi6EL9ap_q_mode5EL9_32]:  wired=1; compound=0; hidden=0; nouse=0; global=1; static=1; extern=0; dir=2; type=0; pingpong=0; private_global=0; IO mode=ap_ovld:ce=0
Port [ p_ZZN4nnet24compute_output_buffer_2dINS_5arrayI8ap_fixedILi16ELi6EL9ap_q_mode5EL9_40]:  wired=1; compound=0; hidden=0; nouse=0; global=1; static=1; extern=0; dir=1; type=0; pingpong=0; private_global=0; IO mode=ap_vld:ce=0
Port [ p_ZZN4nnet24compute_output_buffer_2dINS_5arrayI8ap_fixedILi16ELi6EL9ap_q_mode5EL9_15]:  wired=1; compound=0; hidden=0; nouse=0; global=1; static=1; extern=0; dir=2; type=0; pingpong=0; private_global=0; IO mode=ap_ovld:ce=0
Port [ p_ZZN4nnet24compute_output_buffer_2dINS_5arrayI8ap_fixedILi16ELi6EL9ap_q_mode5EL9_23]:  wired=1; compound=0; hidden=0; nouse=0; global=1; static=1; extern=0; dir=1; type=0; pingpong=0; private_global=0; IO mode=ap_vld:ce=0
Port [ p_ZZN4nnet24compute_output_buffer_2dINS_5arrayI8ap_fixedILi16ELi6EL9ap_q_mode5EL9_14]:  wired=1; compound=0; hidden=0; nouse=0; global=1; static=1; extern=0; dir=2; type=0; pingpong=0; private_global=0; IO mode=ap_ovld:ce=0
Port [ p_ZZN4nnet24compute_output_buffer_2dINS_5arrayI8ap_fixedILi16ELi6EL9ap_q_mode5EL9_22]:  wired=1; compound=0; hidden=0; nouse=0; global=1; static=1; extern=0; dir=1; type=0; pingpong=0; private_global=0; IO mode=ap_vld:ce=0
Port [ p_ZZN4nnet24compute_output_buffer_2dINS_5arrayI8ap_fixedILi16ELi6EL9ap_q_mode5EL9_13]:  wired=1; compound=0; hidden=0; nouse=0; global=1; static=1; extern=0; dir=2; type=0; pingpong=0; private_global=0; IO mode=ap_ovld:ce=0
Port [ p_ZZN4nnet24compute_output_buffer_2dINS_5arrayI8ap_fixedILi16ELi6EL9ap_q_mode5EL9_21]:  wired=1; compound=0; hidden=0; nouse=0; global=1; static=1; extern=0; dir=1; type=0; pingpong=0; private_global=0; IO mode=ap_vld:ce=0
Port [ p_ZZN4nnet24compute_output_buffer_2dINS_5arrayI8ap_fixedILi16ELi6EL9ap_q_mode5EL9_12]:  wired=1; compound=0; hidden=0; nouse=0; global=1; static=1; extern=0; dir=2; type=0; pingpong=0; private_global=0; IO mode=ap_ovld:ce=0
Port [ p_ZZN4nnet24compute_output_buffer_2dINS_5arrayI8ap_fixedILi16ELi6EL9ap_q_mode5EL9_20]:  wired=1; compound=0; hidden=0; nouse=0; global=1; static=1; extern=0; dir=1; type=0; pingpong=0; private_global=0; IO mode=ap_vld:ce=0
Port [ p_ZZN4nnet24compute_output_buffer_2dINS_5arrayI8ap_fixedILi16ELi6EL9ap_q_mode5EL9_11]:  wired=1; compound=0; hidden=0; nouse=0; global=1; static=1; extern=0; dir=2; type=0; pingpong=0; private_global=0; IO mode=ap_ovld:ce=0
Port [ p_ZZN4nnet24compute_output_buffer_2dINS_5arrayI8ap_fixedILi16ELi6EL9ap_q_mode5EL9_19]:  wired=1; compound=0; hidden=0; nouse=0; global=1; static=1; extern=0; dir=1; type=0; pingpong=0; private_global=0; IO mode=ap_vld:ce=0
Port [ p_ZZN4nnet24compute_output_buffer_2dINS_5arrayI8ap_fixedILi16ELi6EL9ap_q_mode5EL9_10]:  wired=1; compound=0; hidden=0; nouse=0; global=1; static=1; extern=0; dir=2; type=0; pingpong=0; private_global=0; IO mode=ap_ovld:ce=0
Port [ p_ZZN4nnet24compute_output_buffer_2dINS_5arrayI8ap_fixedILi16ELi6EL9ap_q_mode5EL9_18]:  wired=1; compound=0; hidden=0; nouse=0; global=1; static=1; extern=0; dir=1; type=0; pingpong=0; private_global=0; IO mode=ap_vld:ce=0
Port [ p_ZZN4nnet24compute_output_buffer_2dINS_5arrayI8ap_fixedILi16ELi6EL9ap_q_mode5EL9_9]:  wired=1; compound=0; hidden=0; nouse=0; global=1; static=1; extern=0; dir=2; type=0; pingpong=0; private_global=0; IO mode=ap_ovld:ce=0
Port [ p_ZZN4nnet24compute_output_buffer_2dINS_5arrayI8ap_fixedILi16ELi6EL9ap_q_mode5EL9_17]:  wired=1; compound=0; hidden=0; nouse=0; global=1; static=1; extern=0; dir=1; type=0; pingpong=0; private_global=0; IO mode=ap_vld:ce=0
Port [ p_ZZN4nnet24compute_output_buffer_2dINS_5arrayI8ap_fixedILi16ELi6EL9ap_q_mode5EL9_8]:  wired=1; compound=0; hidden=0; nouse=0; global=1; static=1; extern=0; dir=2; type=0; pingpong=0; private_global=0; IO mode=ap_ovld:ce=0
Port [ p_ZZN4nnet24compute_output_buffer_2dINS_5arrayI8ap_fixedILi16ELi6EL9ap_q_mode5EL9_16]:  wired=1; compound=0; hidden=0; nouse=0; global=1; static=1; extern=0; dir=1; type=0; pingpong=0; private_global=0; IO mode=ap_vld:ce=0
Port [ p_ZZN4nnet24compute_output_buffer_2dINS_5arrayI8ap_fixedILi16ELi6EL9ap_q_mode5EL9_55]:  wired=1; compound=0; hidden=0; nouse=0; global=1; static=1; extern=0; dir=2; type=0; pingpong=0; private_global=0; IO mode=ap_ovld:ce=0
Port [ p_ZZN4nnet24compute_output_buffer_2dINS_5arrayI8ap_fixedILi16ELi6EL9ap_q_mode5EL9_54]:  wired=1; compound=0; hidden=0; nouse=0; global=1; static=1; extern=0; dir=2; type=0; pingpong=0; private_global=0; IO mode=ap_ovld:ce=0
Port [ p_ZZN4nnet24compute_output_buffer_2dINS_5arrayI8ap_fixedILi16ELi6EL9ap_q_mode5EL9_53]:  wired=1; compound=0; hidden=0; nouse=0; global=1; static=1; extern=0; dir=2; type=0; pingpong=0; private_global=0; IO mode=ap_ovld:ce=0
Port [ p_ZZN4nnet24compute_output_buffer_2dINS_5arrayI8ap_fixedILi16ELi6EL9ap_q_mode5EL9_52]:  wired=1; compound=0; hidden=0; nouse=0; global=1; static=1; extern=0; dir=2; type=0; pingpong=0; private_global=0; IO mode=ap_ovld:ce=0
Port [ p_ZZN4nnet24compute_output_buffer_2dINS_5arrayI8ap_fixedILi16ELi6EL9ap_q_mode5EL9_51]:  wired=1; compound=0; hidden=0; nouse=0; global=1; static=1; extern=0; dir=2; type=0; pingpong=0; private_global=0; IO mode=ap_ovld:ce=0
Port [ p_ZZN4nnet24compute_output_buffer_2dINS_5arrayI8ap_fixedILi16ELi6EL9ap_q_mode5EL9_50]:  wired=1; compound=0; hidden=0; nouse=0; global=1; static=1; extern=0; dir=2; type=0; pingpong=0; private_global=0; IO mode=ap_ovld:ce=0
Port [ p_ZZN4nnet24compute_output_buffer_2dINS_5arrayI8ap_fixedILi16ELi6EL9ap_q_mode5EL9_49]:  wired=1; compound=0; hidden=0; nouse=0; global=1; static=1; extern=0; dir=2; type=0; pingpong=0; private_global=0; IO mode=ap_ovld:ce=0
Port [ p_ZZN4nnet24compute_output_buffer_2dINS_5arrayI8ap_fixedILi16ELi6EL9ap_q_mode5EL9_48]:  wired=1; compound=0; hidden=0; nouse=0; global=1; static=1; extern=0; dir=2; type=0; pingpong=0; private_global=0; IO mode=ap_ovld:ce=0
Port [ p_ZZN4nnet24compute_output_buffer_2dINS_5arrayI8ap_fixedILi16ELi6EL9ap_q_mode5EL9_31]:  wired=1; compound=0; hidden=0; nouse=0; global=1; static=1; extern=0; dir=2; type=0; pingpong=0; private_global=0; IO mode=ap_ovld:ce=0
Port [ p_ZZN4nnet24compute_output_buffer_2dINS_5arrayI8ap_fixedILi16ELi6EL9ap_q_mode5EL9_30]:  wired=1; compound=0; hidden=0; nouse=0; global=1; static=1; extern=0; dir=2; type=0; pingpong=0; private_global=0; IO mode=ap_ovld:ce=0
Port [ p_ZZN4nnet24compute_output_buffer_2dINS_5arrayI8ap_fixedILi16ELi6EL9ap_q_mode5EL9_29]:  wired=1; compound=0; hidden=0; nouse=0; global=1; static=1; extern=0; dir=2; type=0; pingpong=0; private_global=0; IO mode=ap_ovld:ce=0
Port [ p_ZZN4nnet24compute_output_buffer_2dINS_5arrayI8ap_fixedILi16ELi6EL9ap_q_mode5EL9_28]:  wired=1; compound=0; hidden=0; nouse=0; global=1; static=1; extern=0; dir=2; type=0; pingpong=0; private_global=0; IO mode=ap_ovld:ce=0
Port [ p_ZZN4nnet24compute_output_buffer_2dINS_5arrayI8ap_fixedILi16ELi6EL9ap_q_mode5EL9_27]:  wired=1; compound=0; hidden=0; nouse=0; global=1; static=1; extern=0; dir=2; type=0; pingpong=0; private_global=0; IO mode=ap_ovld:ce=0
Port [ p_ZZN4nnet24compute_output_buffer_2dINS_5arrayI8ap_fixedILi16ELi6EL9ap_q_mode5EL9_26]:  wired=1; compound=0; hidden=0; nouse=0; global=1; static=1; extern=0; dir=2; type=0; pingpong=0; private_global=0; IO mode=ap_ovld:ce=0
Port [ p_ZZN4nnet24compute_output_buffer_2dINS_5arrayI8ap_fixedILi16ELi6EL9ap_q_mode5EL9_25]:  wired=1; compound=0; hidden=0; nouse=0; global=1; static=1; extern=0; dir=2; type=0; pingpong=0; private_global=0; IO mode=ap_ovld:ce=0
Port [ p_ZZN4nnet24compute_output_buffer_2dINS_5arrayI8ap_fixedILi16ELi6EL9ap_q_mode5EL9_24]:  wired=1; compound=0; hidden=0; nouse=0; global=1; static=1; extern=0; dir=2; type=0; pingpong=0; private_global=0; IO mode=ap_ovld:ce=0
Port [ p_ZZN4nnet24compute_output_buffer_2dINS_5arrayI8ap_fixedILi16ELi6EL9ap_q_mode5EL9_7]:  wired=1; compound=0; hidden=0; nouse=0; global=1; static=1; extern=0; dir=2; type=0; pingpong=0; private_global=0; IO mode=ap_ovld:ce=0
Port [ p_ZZN4nnet24compute_output_buffer_2dINS_5arrayI8ap_fixedILi16ELi6EL9ap_q_mode5EL9_6]:  wired=1; compound=0; hidden=0; nouse=0; global=1; static=1; extern=0; dir=2; type=0; pingpong=0; private_global=0; IO mode=ap_ovld:ce=0
Port [ p_ZZN4nnet24compute_output_buffer_2dINS_5arrayI8ap_fixedILi16ELi6EL9ap_q_mode5EL9_5]:  wired=1; compound=0; hidden=0; nouse=0; global=1; static=1; extern=0; dir=2; type=0; pingpong=0; private_global=0; IO mode=ap_ovld:ce=0
Port [ p_ZZN4nnet24compute_output_buffer_2dINS_5arrayI8ap_fixedILi16ELi6EL9ap_q_mode5EL9_4]:  wired=1; compound=0; hidden=0; nouse=0; global=1; static=1; extern=0; dir=2; type=0; pingpong=0; private_global=0; IO mode=ap_ovld:ce=0
Port [ p_ZZN4nnet24compute_output_buffer_2dINS_5arrayI8ap_fixedILi16ELi6EL9ap_q_mode5EL9_3]:  wired=1; compound=0; hidden=0; nouse=0; global=1; static=1; extern=0; dir=2; type=0; pingpong=0; private_global=0; IO mode=ap_ovld:ce=0
Port [ p_ZZN4nnet24compute_output_buffer_2dINS_5arrayI8ap_fixedILi16ELi6EL9ap_q_mode5EL9_2]:  wired=1; compound=0; hidden=0; nouse=0; global=1; static=1; extern=0; dir=2; type=0; pingpong=0; private_global=0; IO mode=ap_ovld:ce=0
Port [ p_ZZN4nnet24compute_output_buffer_2dINS_5arrayI8ap_fixedILi16ELi6EL9ap_q_mode5EL9_1]:  wired=1; compound=0; hidden=0; nouse=0; global=1; static=1; extern=0; dir=2; type=0; pingpong=0; private_global=0; IO mode=ap_ovld:ce=0
Port [ p_ZZN4nnet24compute_output_buffer_2dINS_5arrayI8ap_fixedILi16ELi6EL9ap_q_mode5EL9]:  wired=1; compound=0; hidden=0; nouse=0; global=1; static=1; extern=0; dir=2; type=0; pingpong=0; private_global=0; IO mode=ap_ovld:ce=0
Port [ p_ZZN4nnet26conv_2d_buffer_resource_clINS_5arrayI8ap_fixedILi16ELi6EL9ap_q_mode5E_15]:  wired=0; compound=1; hidden=1; nouse=0; global=1; static=1; extern=0; dir=3; type=1; pingpong=0; private_global=1; MemPort=[2]; IO mode=ap_memory:ce=0
Port [ p_ZZN4nnet26conv_2d_buffer_resource_clINS_5arrayI8ap_fixedILi16ELi6EL9ap_q_mode5E_7]:  wired=0; compound=1; hidden=1; nouse=0; global=1; static=1; extern=0; dir=3; type=1; pingpong=0; private_global=1; MemPort=[2]; IO mode=ap_memory:ce=0
Port [ p_ZZN4nnet26conv_2d_buffer_resource_clINS_5arrayI8ap_fixedILi16ELi6EL9ap_q_mode5E_14]:  wired=0; compound=1; hidden=1; nouse=0; global=1; static=1; extern=0; dir=3; type=1; pingpong=0; private_global=1; MemPort=[2]; IO mode=ap_memory:ce=0
Port [ p_ZZN4nnet26conv_2d_buffer_resource_clINS_5arrayI8ap_fixedILi16ELi6EL9ap_q_mode5E_6]:  wired=0; compound=1; hidden=1; nouse=0; global=1; static=1; extern=0; dir=3; type=1; pingpong=0; private_global=1; MemPort=[2]; IO mode=ap_memory:ce=0
Port [ p_ZZN4nnet26conv_2d_buffer_resource_clINS_5arrayI8ap_fixedILi16ELi6EL9ap_q_mode5E_13]:  wired=0; compound=1; hidden=1; nouse=0; global=1; static=1; extern=0; dir=3; type=1; pingpong=0; private_global=1; MemPort=[2]; IO mode=ap_memory:ce=0
Port [ p_ZZN4nnet26conv_2d_buffer_resource_clINS_5arrayI8ap_fixedILi16ELi6EL9ap_q_mode5E_5]:  wired=0; compound=1; hidden=1; nouse=0; global=1; static=1; extern=0; dir=3; type=1; pingpong=0; private_global=1; MemPort=[2]; IO mode=ap_memory:ce=0
Port [ p_ZZN4nnet26conv_2d_buffer_resource_clINS_5arrayI8ap_fixedILi16ELi6EL9ap_q_mode5E_12]:  wired=0; compound=1; hidden=1; nouse=0; global=1; static=1; extern=0; dir=3; type=1; pingpong=0; private_global=1; MemPort=[2]; IO mode=ap_memory:ce=0
Port [ p_ZZN4nnet26conv_2d_buffer_resource_clINS_5arrayI8ap_fixedILi16ELi6EL9ap_q_mode5E_4]:  wired=0; compound=1; hidden=1; nouse=0; global=1; static=1; extern=0; dir=3; type=1; pingpong=0; private_global=1; MemPort=[2]; IO mode=ap_memory:ce=0
Port [ p_ZZN4nnet26conv_2d_buffer_resource_clINS_5arrayI8ap_fixedILi16ELi6EL9ap_q_mode5E_11]:  wired=0; compound=1; hidden=1; nouse=0; global=1; static=1; extern=0; dir=3; type=1; pingpong=0; private_global=1; MemPort=[2]; IO mode=ap_memory:ce=0
Port [ p_ZZN4nnet26conv_2d_buffer_resource_clINS_5arrayI8ap_fixedILi16ELi6EL9ap_q_mode5E_3]:  wired=0; compound=1; hidden=1; nouse=0; global=1; static=1; extern=0; dir=3; type=1; pingpong=0; private_global=1; MemPort=[2]; IO mode=ap_memory:ce=0
Port [ p_ZZN4nnet26conv_2d_buffer_resource_clINS_5arrayI8ap_fixedILi16ELi6EL9ap_q_mode5E_10]:  wired=0; compound=1; hidden=1; nouse=0; global=1; static=1; extern=0; dir=3; type=1; pingpong=0; private_global=1; MemPort=[2]; IO mode=ap_memory:ce=0
Port [ p_ZZN4nnet26conv_2d_buffer_resource_clINS_5arrayI8ap_fixedILi16ELi6EL9ap_q_mode5E_2]:  wired=0; compound=1; hidden=1; nouse=0; global=1; static=1; extern=0; dir=3; type=1; pingpong=0; private_global=1; MemPort=[2]; IO mode=ap_memory:ce=0
Port [ p_ZZN4nnet26conv_2d_buffer_resource_clINS_5arrayI8ap_fixedILi16ELi6EL9ap_q_mode5E_9]:  wired=0; compound=1; hidden=1; nouse=0; global=1; static=1; extern=0; dir=3; type=1; pingpong=0; private_global=1; MemPort=[2]; IO mode=ap_memory:ce=0
Port [ p_ZZN4nnet26conv_2d_buffer_resource_clINS_5arrayI8ap_fixedILi16ELi6EL9ap_q_mode5E_1]:  wired=0; compound=1; hidden=1; nouse=0; global=1; static=1; extern=0; dir=3; type=1; pingpong=0; private_global=1; MemPort=[2]; IO mode=ap_memory:ce=0
Port [ p_ZZN4nnet26conv_2d_buffer_resource_clINS_5arrayI8ap_fixedILi16ELi6EL9ap_q_mode5E_8]:  wired=0; compound=1; hidden=1; nouse=0; global=1; static=1; extern=0; dir=3; type=1; pingpong=0; private_global=1; MemPort=[2]; IO mode=ap_memory:ce=0
Port [ p_ZZN4nnet26conv_2d_buffer_resource_clINS_5arrayI8ap_fixedILi16ELi6EL9ap_q_mode5E]:  wired=0; compound=1; hidden=1; nouse=0; global=1; static=1; extern=0; dir=3; type=1; pingpong=0; private_global=1; MemPort=[2]; IO mode=ap_memory:ce=0
---------------- STG Properties END ------------------

---------------- Datapath Model BEGIN ----------------

<LifeTime>
<method=bitvector/>
specpipeline_ln221                                                                    (specpipeline) [ 00]
p_read_1                                                                              (read        ) [ 00]
p_read_2                                                                              (read        ) [ 00]
p_read_3                                                                              (read        ) [ 00]
p_read_4                                                                              (read        ) [ 00]
p_read_5                                                                              (read        ) [ 00]
p_read_6                                                                              (read        ) [ 00]
p_read_7                                                                              (read        ) [ 00]
p_read_8                                                                              (read        ) [ 00]
p_i                                                                                   (memshiftread) [ 00]
p_1_i                                                                                 (memshiftread) [ 00]
p_2_i                                                                                 (memshiftread) [ 00]
p_3_i                                                                                 (memshiftread) [ 00]
p_4_i                                                                                 (memshiftread) [ 00]
p_5_i                                                                                 (memshiftread) [ 00]
p_6_i                                                                                 (memshiftread) [ 00]
p_7_i                                                                                 (memshiftread) [ 00]
p_8_i                                                                                 (memshiftread) [ 00]
p_9_i                                                                                 (memshiftread) [ 00]
p_10_i                                                                                (memshiftread) [ 00]
p_11_i                                                                                (memshiftread) [ 00]
p_12_i                                                                                (memshiftread) [ 00]
p_13_i                                                                                (memshiftread) [ 00]
p_14_i                                                                                (memshiftread) [ 00]
p_0_i                                                                                 (memshiftread) [ 00]
void_compute_output_buffer_2d_array_const_ap_shift_reg_n_chan_stream_weig_19          (load        ) [ 00]
store_ln196                                                                           (store       ) [ 00]
void_compute_output_buffer_2d_array_const_ap_shift_reg_n_chan_stream_weig_20          (load        ) [ 00]
store_ln196                                                                           (store       ) [ 00]
p_ZZN4nnet24compute_output_buffer_2dINS_5arrayI8ap_fixedILi16ELi6EL9ap_q_mode5EL9_62  (load        ) [ 00]
store_ln196                                                                           (store       ) [ 00]
p_ZZN4nnet24compute_output_buffer_2dINS_5arrayI8ap_fixedILi16ELi6EL9ap_q_mode5EL9_63  (load        ) [ 00]
store_ln196                                                                           (store       ) [ 00]
p_ZZN4nnet24compute_output_buffer_2dINS_5arrayI8ap_fixedILi16ELi6EL9ap_q_mode5EL9_64  (load        ) [ 00]
store_ln196                                                                           (store       ) [ 00]
p_ZZN4nnet24compute_output_buffer_2dINS_5arrayI8ap_fixedILi16ELi6EL9ap_q_mode5EL9_65  (load        ) [ 00]
store_ln196                                                                           (store       ) [ 00]
p_ZZN4nnet24compute_output_buffer_2dINS_5arrayI8ap_fixedILi16ELi6EL9ap_q_mode5EL9_66  (load        ) [ 00]
store_ln196                                                                           (store       ) [ 00]
p_ZZN4nnet24compute_output_buffer_2dINS_5arrayI8ap_fixedILi16ELi6EL9ap_q_mode5EL9_67  (load        ) [ 00]
store_ln196                                                                           (store       ) [ 00]
p_ZZN4nnet24compute_output_buffer_2dINS_5arrayI8ap_fixedILi16ELi6EL9ap_q_mode5EL9_68  (load        ) [ 00]
store_ln196                                                                           (store       ) [ 00]
p_ZZN4nnet24compute_output_buffer_2dINS_5arrayI8ap_fixedILi16ELi6EL9ap_q_mode5EL9_69  (load        ) [ 00]
store_ln196                                                                           (store       ) [ 00]
p_ZZN4nnet24compute_output_buffer_2dINS_5arrayI8ap_fixedILi16ELi6EL9ap_q_mode5EL9_70  (load        ) [ 00]
store_ln196                                                                           (store       ) [ 00]
p_ZZN4nnet24compute_output_buffer_2dINS_5arrayI8ap_fixedILi16ELi6EL9ap_q_mode5EL9_71  (load        ) [ 00]
store_ln196                                                                           (store       ) [ 00]
p_ZZN4nnet24compute_output_buffer_2dINS_5arrayI8ap_fixedILi16ELi6EL9ap_q_mode5EL9_72  (load        ) [ 00]
store_ln196                                                                           (store       ) [ 00]
p_ZZN4nnet24compute_output_buffer_2dINS_5arrayI8ap_fixedILi16ELi6EL9ap_q_mode5EL9_73  (load        ) [ 00]
store_ln196                                                                           (store       ) [ 00]
p_ZZN4nnet24compute_output_buffer_2dINS_5arrayI8ap_fixedILi16ELi6EL9ap_q_mode5EL9_74  (load        ) [ 00]
store_ln196                                                                           (store       ) [ 00]
p_ZZN4nnet24compute_output_buffer_2dINS_5arrayI8ap_fixedILi16ELi6EL9ap_q_mode5EL9_75  (load        ) [ 00]
store_ln196                                                                           (store       ) [ 00]
p_ZZN4nnet24compute_output_buffer_2dINS_5arrayI8ap_fixedILi16ELi6EL9ap_q_mode5EL9_76  (load        ) [ 00]
store_ln196                                                                           (store       ) [ 00]
p_ZZN4nnet24compute_output_buffer_2dINS_5arrayI8ap_fixedILi16ELi6EL9ap_q_mode5EL9_77  (load        ) [ 00]
store_ln196                                                                           (store       ) [ 00]
p_ZZN4nnet24compute_output_buffer_2dINS_5arrayI8ap_fixedILi16ELi6EL9ap_q_mode5EL9_78  (load        ) [ 00]
store_ln196                                                                           (store       ) [ 00]
p_ZZN4nnet24compute_output_buffer_2dINS_5arrayI8ap_fixedILi16ELi6EL9ap_q_mode5EL9_79  (load        ) [ 00]
store_ln196                                                                           (store       ) [ 00]
p_ZZN4nnet24compute_output_buffer_2dINS_5arrayI8ap_fixedILi16ELi6EL9ap_q_mode5EL9_80  (load        ) [ 00]
store_ln196                                                                           (store       ) [ 00]
p_ZZN4nnet24compute_output_buffer_2dINS_5arrayI8ap_fixedILi16ELi6EL9ap_q_mode5EL9_81  (load        ) [ 00]
store_ln196                                                                           (store       ) [ 00]
p_ZZN4nnet24compute_output_buffer_2dINS_5arrayI8ap_fixedILi16ELi6EL9ap_q_mode5EL9_82  (load        ) [ 00]
store_ln196                                                                           (store       ) [ 00]
p_ZZN4nnet24compute_output_buffer_2dINS_5arrayI8ap_fixedILi16ELi6EL9ap_q_mode5EL9_83  (load        ) [ 00]
store_ln196                                                                           (store       ) [ 00]
p_ZZN4nnet24compute_output_buffer_2dINS_5arrayI8ap_fixedILi16ELi6EL9ap_q_mode5EL9_84  (load        ) [ 00]
store_ln196                                                                           (store       ) [ 00]
p_ZZN4nnet24compute_output_buffer_2dINS_5arrayI8ap_fixedILi16ELi6EL9ap_q_mode5EL9_85  (load        ) [ 00]
store_ln196                                                                           (store       ) [ 00]
p_ZZN4nnet24compute_output_buffer_2dINS_5arrayI8ap_fixedILi16ELi6EL9ap_q_mode5EL9_86  (load        ) [ 00]
store_ln196                                                                           (store       ) [ 00]
p_ZZN4nnet24compute_output_buffer_2dINS_5arrayI8ap_fixedILi16ELi6EL9ap_q_mode5EL9_87  (load        ) [ 00]
store_ln196                                                                           (store       ) [ 00]
p_ZZN4nnet24compute_output_buffer_2dINS_5arrayI8ap_fixedILi16ELi6EL9ap_q_mode5EL9_88  (load        ) [ 00]
store_ln196                                                                           (store       ) [ 00]
p_ZZN4nnet24compute_output_buffer_2dINS_5arrayI8ap_fixedILi16ELi6EL9ap_q_mode5EL9_89  (load        ) [ 00]
store_ln196                                                                           (store       ) [ 00]
p_ZZN4nnet24compute_output_buffer_2dINS_5arrayI8ap_fixedILi16ELi6EL9ap_q_mode5EL9_90  (load        ) [ 00]
store_ln196                                                                           (store       ) [ 00]
p_ZZN4nnet24compute_output_buffer_2dINS_5arrayI8ap_fixedILi16ELi6EL9ap_q_mode5EL9_91  (load        ) [ 00]
store_ln196                                                                           (store       ) [ 00]
p_ZZN4nnet24compute_output_buffer_2dINS_5arrayI8ap_fixedILi16ELi6EL9ap_q_mode5EL9_92  (load        ) [ 00]
store_ln196                                                                           (store       ) [ 00]
p_ZZN4nnet24compute_output_buffer_2dINS_5arrayI8ap_fixedILi16ELi6EL9ap_q_mode5EL9_93  (load        ) [ 00]
store_ln196                                                                           (store       ) [ 00]
p_ZZN4nnet24compute_output_buffer_2dINS_5arrayI8ap_fixedILi16ELi6EL9ap_q_mode5EL9_94  (load        ) [ 00]
store_ln196                                                                           (store       ) [ 00]
p_ZZN4nnet24compute_output_buffer_2dINS_5arrayI8ap_fixedILi16ELi6EL9ap_q_mode5EL9_95  (load        ) [ 00]
store_ln196                                                                           (store       ) [ 00]
p_ZZN4nnet24compute_output_buffer_2dINS_5arrayI8ap_fixedILi16ELi6EL9ap_q_mode5EL9_96  (load        ) [ 00]
store_ln196                                                                           (store       ) [ 00]
p_ZZN4nnet24compute_output_buffer_2dINS_5arrayI8ap_fixedILi16ELi6EL9ap_q_mode5EL9_97  (load        ) [ 00]
store_ln196                                                                           (store       ) [ 00]
p_ZZN4nnet24compute_output_buffer_2dINS_5arrayI8ap_fixedILi16ELi6EL9ap_q_mode5EL9_98  (load        ) [ 00]
store_ln196                                                                           (store       ) [ 00]
p_ZZN4nnet24compute_output_buffer_2dINS_5arrayI8ap_fixedILi16ELi6EL9ap_q_mode5EL9_99  (load        ) [ 00]
store_ln196                                                                           (store       ) [ 00]
p_ZZN4nnet24compute_output_buffer_2dINS_5arrayI8ap_fixedILi16ELi6EL9ap_q_mode5EL9_100 (load        ) [ 00]
store_ln196                                                                           (store       ) [ 00]
p_ZZN4nnet24compute_output_buffer_2dINS_5arrayI8ap_fixedILi16ELi6EL9ap_q_mode5EL9_101 (load        ) [ 00]
store_ln196                                                                           (store       ) [ 00]
p_ZZN4nnet24compute_output_buffer_2dINS_5arrayI8ap_fixedILi16ELi6EL9ap_q_mode5EL9_102 (load        ) [ 00]
store_ln196                                                                           (store       ) [ 00]
p_ZZN4nnet24compute_output_buffer_2dINS_5arrayI8ap_fixedILi16ELi6EL9ap_q_mode5EL9_103 (load        ) [ 00]
store_ln196                                                                           (store       ) [ 00]
p_ZZN4nnet24compute_output_buffer_2dINS_5arrayI8ap_fixedILi16ELi6EL9ap_q_mode5EL9_104 (load        ) [ 00]
store_ln196                                                                           (store       ) [ 00]
p_ZZN4nnet24compute_output_buffer_2dINS_5arrayI8ap_fixedILi16ELi6EL9ap_q_mode5EL9_105 (load        ) [ 00]
store_ln196                                                                           (store       ) [ 00]
p_ZZN4nnet24compute_output_buffer_2dINS_5arrayI8ap_fixedILi16ELi6EL9ap_q_mode5EL9_106 (load        ) [ 00]
store_ln196                                                                           (store       ) [ 00]
p_ZZN4nnet24compute_output_buffer_2dINS_5arrayI8ap_fixedILi16ELi6EL9ap_q_mode5EL9_107 (load        ) [ 00]
store_ln196                                                                           (store       ) [ 00]
store_ln209                                                                           (store       ) [ 00]
store_ln209                                                                           (store       ) [ 00]
store_ln209                                                                           (store       ) [ 00]
store_ln209                                                                           (store       ) [ 00]
store_ln209                                                                           (store       ) [ 00]
store_ln209                                                                           (store       ) [ 00]
store_ln209                                                                           (store       ) [ 00]
store_ln209                                                                           (store       ) [ 00]
store_ln209                                                                           (store       ) [ 00]
store_ln209                                                                           (store       ) [ 00]
store_ln209                                                                           (store       ) [ 00]
store_ln209                                                                           (store       ) [ 00]
store_ln209                                                                           (store       ) [ 00]
store_ln209                                                                           (store       ) [ 00]
store_ln209                                                                           (store       ) [ 00]
store_ln209                                                                           (store       ) [ 00]
store_ln209                                                                           (store       ) [ 00]
store_ln209                                                                           (store       ) [ 00]
store_ln209                                                                           (store       ) [ 00]
store_ln209                                                                           (store       ) [ 00]
store_ln209                                                                           (store       ) [ 00]
store_ln209                                                                           (store       ) [ 00]
store_ln209                                                                           (store       ) [ 00]
store_ln209                                                                           (store       ) [ 00]
ret_ln221                                                                             (ret         ) [ 00]
</LifeTime>

<model>

<comp_list>
<comp id="0" class="1000" name="p_read">
<pin_list>
<pin id="1" dir="1" index="0" bw="1" slack="0"/>
</pin_list>
<bind>
<StgValue><ssdm name="p_read"/></StgValue>
</bind>
</comp>

<comp id="2" class="1000" name="p_read1">
<pin_list>
<pin id="3" dir="1" index="0" bw="1" slack="0"/>
</pin_list>
<bind>
<StgValue><ssdm name="p_read1"/></StgValue>
</bind>
</comp>

<comp id="4" class="1000" name="p_read2">
<pin_list>
<pin id="5" dir="1" index="0" bw="1" slack="0"/>
</pin_list>
<bind>
<StgValue><ssdm name="p_read2"/></StgValue>
</bind>
</comp>

<comp id="6" class="1000" name="p_read3">
<pin_list>
<pin id="7" dir="1" index="0" bw="1" slack="0"/>
</pin_list>
<bind>
<StgValue><ssdm name="p_read3"/></StgValue>
</bind>
</comp>

<comp id="8" class="1000" name="p_read4">
<pin_list>
<pin id="9" dir="1" index="0" bw="1" slack="0"/>
</pin_list>
<bind>
<StgValue><ssdm name="p_read4"/></StgValue>
</bind>
</comp>

<comp id="10" class="1000" name="p_read5">
<pin_list>
<pin id="11" dir="1" index="0" bw="1" slack="0"/>
</pin_list>
<bind>
<StgValue><ssdm name="p_read5"/></StgValue>
</bind>
</comp>

<comp id="12" class="1000" name="p_read6">
<pin_list>
<pin id="13" dir="1" index="0" bw="1" slack="0"/>
</pin_list>
<bind>
<StgValue><ssdm name="p_read6"/></StgValue>
</bind>
</comp>

<comp id="14" class="1000" name="p_read7">
<pin_list>
<pin id="15" dir="1" index="0" bw="1" slack="0"/>
</pin_list>
<bind>
<StgValue><ssdm name="p_read7"/></StgValue>
</bind>
</comp>

<comp id="16" class="1000" name="void_compute_output_buffer_2d_array_const_ap_shift_reg_n_chan_stream_weig_1">
<pin_list>
<pin id="17" dir="1" index="0" bw="1" slack="0"/>
</pin_list>
<bind>
<StgValue><ssdm name="void_compute_output_buffer_2d_array_const_ap_shift_reg_n_chan_stream_weig_1"/></StgValue>
</bind>
</comp>

<comp id="18" class="1000" name="void_compute_output_buffer_2d_array_const_ap_shift_reg_n_chan_stream_weig_9">
<pin_list>
<pin id="19" dir="1" index="0" bw="1" slack="0"/>
</pin_list>
<bind>
<StgValue><ssdm name="void_compute_output_buffer_2d_array_const_ap_shift_reg_n_chan_stream_weig_9"/></StgValue>
</bind>
</comp>

<comp id="20" class="1000" name="void_compute_output_buffer_2d_array_const_ap_shift_reg_n_chan_stream_weig">
<pin_list>
<pin id="21" dir="1" index="0" bw="1" slack="0"/>
</pin_list>
<bind>
<StgValue><ssdm name="void_compute_output_buffer_2d_array_const_ap_shift_reg_n_chan_stream_weig"/></StgValue>
</bind>
</comp>

<comp id="22" class="1000" name="void_compute_output_buffer_2d_array_const_ap_shift_reg_n_chan_stream_weig_8">
<pin_list>
<pin id="23" dir="1" index="0" bw="1" slack="0"/>
</pin_list>
<bind>
<StgValue><ssdm name="void_compute_output_buffer_2d_array_const_ap_shift_reg_n_chan_stream_weig_8"/></StgValue>
</bind>
</comp>

<comp id="24" class="1000" name="p_ZZN4nnet24compute_output_buffer_2dINS_5arrayI8ap_fixedILi16ELi6EL9ap_q_mode5EL9_61">
<pin_list>
<pin id="25" dir="1" index="0" bw="1" slack="0"/>
</pin_list>
<bind>
<StgValue><ssdm name="p_ZZN4nnet24compute_output_buffer_2dINS_5arrayI8ap_fixedILi16ELi6EL9ap_q_mode5EL9_61"/></StgValue>
</bind>
</comp>

<comp id="26" class="1000" name="void_compute_output_buffer_2d_array_const_ap_shift_reg_n_chan_stream_weig_7">
<pin_list>
<pin id="27" dir="1" index="0" bw="1" slack="0"/>
</pin_list>
<bind>
<StgValue><ssdm name="void_compute_output_buffer_2d_array_const_ap_shift_reg_n_chan_stream_weig_7"/></StgValue>
</bind>
</comp>

<comp id="28" class="1000" name="p_ZZN4nnet24compute_output_buffer_2dINS_5arrayI8ap_fixedILi16ELi6EL9ap_q_mode5EL9_60">
<pin_list>
<pin id="29" dir="1" index="0" bw="1" slack="0"/>
</pin_list>
<bind>
<StgValue><ssdm name="p_ZZN4nnet24compute_output_buffer_2dINS_5arrayI8ap_fixedILi16ELi6EL9ap_q_mode5EL9_60"/></StgValue>
</bind>
</comp>

<comp id="30" class="1000" name="void_compute_output_buffer_2d_array_const_ap_shift_reg_n_chan_stream_weig_6">
<pin_list>
<pin id="31" dir="1" index="0" bw="1" slack="0"/>
</pin_list>
<bind>
<StgValue><ssdm name="void_compute_output_buffer_2d_array_const_ap_shift_reg_n_chan_stream_weig_6"/></StgValue>
</bind>
</comp>

<comp id="32" class="1000" name="p_ZZN4nnet24compute_output_buffer_2dINS_5arrayI8ap_fixedILi16ELi6EL9ap_q_mode5EL9_59">
<pin_list>
<pin id="33" dir="1" index="0" bw="1" slack="0"/>
</pin_list>
<bind>
<StgValue><ssdm name="p_ZZN4nnet24compute_output_buffer_2dINS_5arrayI8ap_fixedILi16ELi6EL9ap_q_mode5EL9_59"/></StgValue>
</bind>
</comp>

<comp id="34" class="1000" name="void_compute_output_buffer_2d_array_const_ap_shift_reg_n_chan_stream_weig_5">
<pin_list>
<pin id="35" dir="1" index="0" bw="1" slack="0"/>
</pin_list>
<bind>
<StgValue><ssdm name="void_compute_output_buffer_2d_array_const_ap_shift_reg_n_chan_stream_weig_5"/></StgValue>
</bind>
</comp>

<comp id="36" class="1000" name="p_ZZN4nnet24compute_output_buffer_2dINS_5arrayI8ap_fixedILi16ELi6EL9ap_q_mode5EL9_58">
<pin_list>
<pin id="37" dir="1" index="0" bw="1" slack="0"/>
</pin_list>
<bind>
<StgValue><ssdm name="p_ZZN4nnet24compute_output_buffer_2dINS_5arrayI8ap_fixedILi16ELi6EL9ap_q_mode5EL9_58"/></StgValue>
</bind>
</comp>

<comp id="38" class="1000" name="void_compute_output_buffer_2d_array_const_ap_shift_reg_n_chan_stream_weig_4">
<pin_list>
<pin id="39" dir="1" index="0" bw="1" slack="0"/>
</pin_list>
<bind>
<StgValue><ssdm name="void_compute_output_buffer_2d_array_const_ap_shift_reg_n_chan_stream_weig_4"/></StgValue>
</bind>
</comp>

<comp id="40" class="1000" name="p_ZZN4nnet24compute_output_buffer_2dINS_5arrayI8ap_fixedILi16ELi6EL9ap_q_mode5EL9_57">
<pin_list>
<pin id="41" dir="1" index="0" bw="1" slack="0"/>
</pin_list>
<bind>
<StgValue><ssdm name="p_ZZN4nnet24compute_output_buffer_2dINS_5arrayI8ap_fixedILi16ELi6EL9ap_q_mode5EL9_57"/></StgValue>
</bind>
</comp>

<comp id="42" class="1000" name="void_compute_output_buffer_2d_array_const_ap_shift_reg_n_chan_stream_weig_3">
<pin_list>
<pin id="43" dir="1" index="0" bw="1" slack="0"/>
</pin_list>
<bind>
<StgValue><ssdm name="void_compute_output_buffer_2d_array_const_ap_shift_reg_n_chan_stream_weig_3"/></StgValue>
</bind>
</comp>

<comp id="44" class="1000" name="p_ZZN4nnet24compute_output_buffer_2dINS_5arrayI8ap_fixedILi16ELi6EL9ap_q_mode5EL9_56">
<pin_list>
<pin id="45" dir="1" index="0" bw="1" slack="0"/>
</pin_list>
<bind>
<StgValue><ssdm name="p_ZZN4nnet24compute_output_buffer_2dINS_5arrayI8ap_fixedILi16ELi6EL9ap_q_mode5EL9_56"/></StgValue>
</bind>
</comp>

<comp id="46" class="1000" name="void_compute_output_buffer_2d_array_const_ap_shift_reg_n_chan_stream_weig_2">
<pin_list>
<pin id="47" dir="1" index="0" bw="1" slack="0"/>
</pin_list>
<bind>
<StgValue><ssdm name="void_compute_output_buffer_2d_array_const_ap_shift_reg_n_chan_stream_weig_2"/></StgValue>
</bind>
</comp>

<comp id="48" class="1000" name="p_ZZN4nnet24compute_output_buffer_2dINS_5arrayI8ap_fixedILi16ELi6EL9ap_q_mode5EL9_39">
<pin_list>
<pin id="49" dir="1" index="0" bw="1" slack="0"/>
</pin_list>
<bind>
<StgValue><ssdm name="p_ZZN4nnet24compute_output_buffer_2dINS_5arrayI8ap_fixedILi16ELi6EL9ap_q_mode5EL9_39"/></StgValue>
</bind>
</comp>

<comp id="50" class="1000" name="p_ZZN4nnet24compute_output_buffer_2dINS_5arrayI8ap_fixedILi16ELi6EL9ap_q_mode5EL9_47">
<pin_list>
<pin id="51" dir="1" index="0" bw="1" slack="0"/>
</pin_list>
<bind>
<StgValue><ssdm name="p_ZZN4nnet24compute_output_buffer_2dINS_5arrayI8ap_fixedILi16ELi6EL9ap_q_mode5EL9_47"/></StgValue>
</bind>
</comp>

<comp id="52" class="1000" name="p_ZZN4nnet24compute_output_buffer_2dINS_5arrayI8ap_fixedILi16ELi6EL9ap_q_mode5EL9_38">
<pin_list>
<pin id="53" dir="1" index="0" bw="1" slack="0"/>
</pin_list>
<bind>
<StgValue><ssdm name="p_ZZN4nnet24compute_output_buffer_2dINS_5arrayI8ap_fixedILi16ELi6EL9ap_q_mode5EL9_38"/></StgValue>
</bind>
</comp>

<comp id="54" class="1000" name="p_ZZN4nnet24compute_output_buffer_2dINS_5arrayI8ap_fixedILi16ELi6EL9ap_q_mode5EL9_46">
<pin_list>
<pin id="55" dir="1" index="0" bw="1" slack="0"/>
</pin_list>
<bind>
<StgValue><ssdm name="p_ZZN4nnet24compute_output_buffer_2dINS_5arrayI8ap_fixedILi16ELi6EL9ap_q_mode5EL9_46"/></StgValue>
</bind>
</comp>

<comp id="56" class="1000" name="p_ZZN4nnet24compute_output_buffer_2dINS_5arrayI8ap_fixedILi16ELi6EL9ap_q_mode5EL9_37">
<pin_list>
<pin id="57" dir="1" index="0" bw="1" slack="0"/>
</pin_list>
<bind>
<StgValue><ssdm name="p_ZZN4nnet24compute_output_buffer_2dINS_5arrayI8ap_fixedILi16ELi6EL9ap_q_mode5EL9_37"/></StgValue>
</bind>
</comp>

<comp id="58" class="1000" name="p_ZZN4nnet24compute_output_buffer_2dINS_5arrayI8ap_fixedILi16ELi6EL9ap_q_mode5EL9_45">
<pin_list>
<pin id="59" dir="1" index="0" bw="1" slack="0"/>
</pin_list>
<bind>
<StgValue><ssdm name="p_ZZN4nnet24compute_output_buffer_2dINS_5arrayI8ap_fixedILi16ELi6EL9ap_q_mode5EL9_45"/></StgValue>
</bind>
</comp>

<comp id="60" class="1000" name="p_ZZN4nnet24compute_output_buffer_2dINS_5arrayI8ap_fixedILi16ELi6EL9ap_q_mode5EL9_36">
<pin_list>
<pin id="61" dir="1" index="0" bw="1" slack="0"/>
</pin_list>
<bind>
<StgValue><ssdm name="p_ZZN4nnet24compute_output_buffer_2dINS_5arrayI8ap_fixedILi16ELi6EL9ap_q_mode5EL9_36"/></StgValue>
</bind>
</comp>

<comp id="62" class="1000" name="p_ZZN4nnet24compute_output_buffer_2dINS_5arrayI8ap_fixedILi16ELi6EL9ap_q_mode5EL9_44">
<pin_list>
<pin id="63" dir="1" index="0" bw="1" slack="0"/>
</pin_list>
<bind>
<StgValue><ssdm name="p_ZZN4nnet24compute_output_buffer_2dINS_5arrayI8ap_fixedILi16ELi6EL9ap_q_mode5EL9_44"/></StgValue>
</bind>
</comp>

<comp id="64" class="1000" name="p_ZZN4nnet24compute_output_buffer_2dINS_5arrayI8ap_fixedILi16ELi6EL9ap_q_mode5EL9_35">
<pin_list>
<pin id="65" dir="1" index="0" bw="1" slack="0"/>
</pin_list>
<bind>
<StgValue><ssdm name="p_ZZN4nnet24compute_output_buffer_2dINS_5arrayI8ap_fixedILi16ELi6EL9ap_q_mode5EL9_35"/></StgValue>
</bind>
</comp>

<comp id="66" class="1000" name="p_ZZN4nnet24compute_output_buffer_2dINS_5arrayI8ap_fixedILi16ELi6EL9ap_q_mode5EL9_43">
<pin_list>
<pin id="67" dir="1" index="0" bw="1" slack="0"/>
</pin_list>
<bind>
<StgValue><ssdm name="p_ZZN4nnet24compute_output_buffer_2dINS_5arrayI8ap_fixedILi16ELi6EL9ap_q_mode5EL9_43"/></StgValue>
</bind>
</comp>

<comp id="68" class="1000" name="p_ZZN4nnet24compute_output_buffer_2dINS_5arrayI8ap_fixedILi16ELi6EL9ap_q_mode5EL9_34">
<pin_list>
<pin id="69" dir="1" index="0" bw="1" slack="0"/>
</pin_list>
<bind>
<StgValue><ssdm name="p_ZZN4nnet24compute_output_buffer_2dINS_5arrayI8ap_fixedILi16ELi6EL9ap_q_mode5EL9_34"/></StgValue>
</bind>
</comp>

<comp id="70" class="1000" name="p_ZZN4nnet24compute_output_buffer_2dINS_5arrayI8ap_fixedILi16ELi6EL9ap_q_mode5EL9_42">
<pin_list>
<pin id="71" dir="1" index="0" bw="1" slack="0"/>
</pin_list>
<bind>
<StgValue><ssdm name="p_ZZN4nnet24compute_output_buffer_2dINS_5arrayI8ap_fixedILi16ELi6EL9ap_q_mode5EL9_42"/></StgValue>
</bind>
</comp>

<comp id="72" class="1000" name="p_ZZN4nnet24compute_output_buffer_2dINS_5arrayI8ap_fixedILi16ELi6EL9ap_q_mode5EL9_33">
<pin_list>
<pin id="73" dir="1" index="0" bw="1" slack="0"/>
</pin_list>
<bind>
<StgValue><ssdm name="p_ZZN4nnet24compute_output_buffer_2dINS_5arrayI8ap_fixedILi16ELi6EL9ap_q_mode5EL9_33"/></StgValue>
</bind>
</comp>

<comp id="74" class="1000" name="p_ZZN4nnet24compute_output_buffer_2dINS_5arrayI8ap_fixedILi16ELi6EL9ap_q_mode5EL9_41">
<pin_list>
<pin id="75" dir="1" index="0" bw="1" slack="0"/>
</pin_list>
<bind>
<StgValue><ssdm name="p_ZZN4nnet24compute_output_buffer_2dINS_5arrayI8ap_fixedILi16ELi6EL9ap_q_mode5EL9_41"/></StgValue>
</bind>
</comp>

<comp id="76" class="1000" name="p_ZZN4nnet24compute_output_buffer_2dINS_5arrayI8ap_fixedILi16ELi6EL9ap_q_mode5EL9_32">
<pin_list>
<pin id="77" dir="1" index="0" bw="1" slack="0"/>
</pin_list>
<bind>
<StgValue><ssdm name="p_ZZN4nnet24compute_output_buffer_2dINS_5arrayI8ap_fixedILi16ELi6EL9ap_q_mode5EL9_32"/></StgValue>
</bind>
</comp>

<comp id="78" class="1000" name="p_ZZN4nnet24compute_output_buffer_2dINS_5arrayI8ap_fixedILi16ELi6EL9ap_q_mode5EL9_40">
<pin_list>
<pin id="79" dir="1" index="0" bw="1" slack="0"/>
</pin_list>
<bind>
<StgValue><ssdm name="p_ZZN4nnet24compute_output_buffer_2dINS_5arrayI8ap_fixedILi16ELi6EL9ap_q_mode5EL9_40"/></StgValue>
</bind>
</comp>

<comp id="80" class="1000" name="p_ZZN4nnet24compute_output_buffer_2dINS_5arrayI8ap_fixedILi16ELi6EL9ap_q_mode5EL9_15">
<pin_list>
<pin id="81" dir="1" index="0" bw="1" slack="0"/>
</pin_list>
<bind>
<StgValue><ssdm name="p_ZZN4nnet24compute_output_buffer_2dINS_5arrayI8ap_fixedILi16ELi6EL9ap_q_mode5EL9_15"/></StgValue>
</bind>
</comp>

<comp id="82" class="1000" name="p_ZZN4nnet24compute_output_buffer_2dINS_5arrayI8ap_fixedILi16ELi6EL9ap_q_mode5EL9_23">
<pin_list>
<pin id="83" dir="1" index="0" bw="1" slack="0"/>
</pin_list>
<bind>
<StgValue><ssdm name="p_ZZN4nnet24compute_output_buffer_2dINS_5arrayI8ap_fixedILi16ELi6EL9ap_q_mode5EL9_23"/></StgValue>
</bind>
</comp>

<comp id="84" class="1000" name="p_ZZN4nnet24compute_output_buffer_2dINS_5arrayI8ap_fixedILi16ELi6EL9ap_q_mode5EL9_14">
<pin_list>
<pin id="85" dir="1" index="0" bw="1" slack="0"/>
</pin_list>
<bind>
<StgValue><ssdm name="p_ZZN4nnet24compute_output_buffer_2dINS_5arrayI8ap_fixedILi16ELi6EL9ap_q_mode5EL9_14"/></StgValue>
</bind>
</comp>

<comp id="86" class="1000" name="p_ZZN4nnet24compute_output_buffer_2dINS_5arrayI8ap_fixedILi16ELi6EL9ap_q_mode5EL9_22">
<pin_list>
<pin id="87" dir="1" index="0" bw="1" slack="0"/>
</pin_list>
<bind>
<StgValue><ssdm name="p_ZZN4nnet24compute_output_buffer_2dINS_5arrayI8ap_fixedILi16ELi6EL9ap_q_mode5EL9_22"/></StgValue>
</bind>
</comp>

<comp id="88" class="1000" name="p_ZZN4nnet24compute_output_buffer_2dINS_5arrayI8ap_fixedILi16ELi6EL9ap_q_mode5EL9_13">
<pin_list>
<pin id="89" dir="1" index="0" bw="1" slack="0"/>
</pin_list>
<bind>
<StgValue><ssdm name="p_ZZN4nnet24compute_output_buffer_2dINS_5arrayI8ap_fixedILi16ELi6EL9ap_q_mode5EL9_13"/></StgValue>
</bind>
</comp>

<comp id="90" class="1000" name="p_ZZN4nnet24compute_output_buffer_2dINS_5arrayI8ap_fixedILi16ELi6EL9ap_q_mode5EL9_21">
<pin_list>
<pin id="91" dir="1" index="0" bw="1" slack="0"/>
</pin_list>
<bind>
<StgValue><ssdm name="p_ZZN4nnet24compute_output_buffer_2dINS_5arrayI8ap_fixedILi16ELi6EL9ap_q_mode5EL9_21"/></StgValue>
</bind>
</comp>

<comp id="92" class="1000" name="p_ZZN4nnet24compute_output_buffer_2dINS_5arrayI8ap_fixedILi16ELi6EL9ap_q_mode5EL9_12">
<pin_list>
<pin id="93" dir="1" index="0" bw="1" slack="0"/>
</pin_list>
<bind>
<StgValue><ssdm name="p_ZZN4nnet24compute_output_buffer_2dINS_5arrayI8ap_fixedILi16ELi6EL9ap_q_mode5EL9_12"/></StgValue>
</bind>
</comp>

<comp id="94" class="1000" name="p_ZZN4nnet24compute_output_buffer_2dINS_5arrayI8ap_fixedILi16ELi6EL9ap_q_mode5EL9_20">
<pin_list>
<pin id="95" dir="1" index="0" bw="1" slack="0"/>
</pin_list>
<bind>
<StgValue><ssdm name="p_ZZN4nnet24compute_output_buffer_2dINS_5arrayI8ap_fixedILi16ELi6EL9ap_q_mode5EL9_20"/></StgValue>
</bind>
</comp>

<comp id="96" class="1000" name="p_ZZN4nnet24compute_output_buffer_2dINS_5arrayI8ap_fixedILi16ELi6EL9ap_q_mode5EL9_11">
<pin_list>
<pin id="97" dir="1" index="0" bw="1" slack="0"/>
</pin_list>
<bind>
<StgValue><ssdm name="p_ZZN4nnet24compute_output_buffer_2dINS_5arrayI8ap_fixedILi16ELi6EL9ap_q_mode5EL9_11"/></StgValue>
</bind>
</comp>

<comp id="98" class="1000" name="p_ZZN4nnet24compute_output_buffer_2dINS_5arrayI8ap_fixedILi16ELi6EL9ap_q_mode5EL9_19">
<pin_list>
<pin id="99" dir="1" index="0" bw="1" slack="0"/>
</pin_list>
<bind>
<StgValue><ssdm name="p_ZZN4nnet24compute_output_buffer_2dINS_5arrayI8ap_fixedILi16ELi6EL9ap_q_mode5EL9_19"/></StgValue>
</bind>
</comp>

<comp id="100" class="1000" name="p_ZZN4nnet24compute_output_buffer_2dINS_5arrayI8ap_fixedILi16ELi6EL9ap_q_mode5EL9_10">
<pin_list>
<pin id="101" dir="1" index="0" bw="1" slack="0"/>
</pin_list>
<bind>
<StgValue><ssdm name="p_ZZN4nnet24compute_output_buffer_2dINS_5arrayI8ap_fixedILi16ELi6EL9ap_q_mode5EL9_10"/></StgValue>
</bind>
</comp>

<comp id="102" class="1000" name="p_ZZN4nnet24compute_output_buffer_2dINS_5arrayI8ap_fixedILi16ELi6EL9ap_q_mode5EL9_18">
<pin_list>
<pin id="103" dir="1" index="0" bw="1" slack="0"/>
</pin_list>
<bind>
<StgValue><ssdm name="p_ZZN4nnet24compute_output_buffer_2dINS_5arrayI8ap_fixedILi16ELi6EL9ap_q_mode5EL9_18"/></StgValue>
</bind>
</comp>

<comp id="104" class="1000" name="p_ZZN4nnet24compute_output_buffer_2dINS_5arrayI8ap_fixedILi16ELi6EL9ap_q_mode5EL9_9">
<pin_list>
<pin id="105" dir="1" index="0" bw="1" slack="0"/>
</pin_list>
<bind>
<StgValue><ssdm name="p_ZZN4nnet24compute_output_buffer_2dINS_5arrayI8ap_fixedILi16ELi6EL9ap_q_mode5EL9_9"/></StgValue>
</bind>
</comp>

<comp id="106" class="1000" name="p_ZZN4nnet24compute_output_buffer_2dINS_5arrayI8ap_fixedILi16ELi6EL9ap_q_mode5EL9_17">
<pin_list>
<pin id="107" dir="1" index="0" bw="1" slack="0"/>
</pin_list>
<bind>
<StgValue><ssdm name="p_ZZN4nnet24compute_output_buffer_2dINS_5arrayI8ap_fixedILi16ELi6EL9ap_q_mode5EL9_17"/></StgValue>
</bind>
</comp>

<comp id="108" class="1000" name="p_ZZN4nnet24compute_output_buffer_2dINS_5arrayI8ap_fixedILi16ELi6EL9ap_q_mode5EL9_8">
<pin_list>
<pin id="109" dir="1" index="0" bw="1" slack="0"/>
</pin_list>
<bind>
<StgValue><ssdm name="p_ZZN4nnet24compute_output_buffer_2dINS_5arrayI8ap_fixedILi16ELi6EL9ap_q_mode5EL9_8"/></StgValue>
</bind>
</comp>

<comp id="110" class="1000" name="p_ZZN4nnet24compute_output_buffer_2dINS_5arrayI8ap_fixedILi16ELi6EL9ap_q_mode5EL9_16">
<pin_list>
<pin id="111" dir="1" index="0" bw="1" slack="0"/>
</pin_list>
<bind>
<StgValue><ssdm name="p_ZZN4nnet24compute_output_buffer_2dINS_5arrayI8ap_fixedILi16ELi6EL9ap_q_mode5EL9_16"/></StgValue>
</bind>
</comp>

<comp id="112" class="1000" name="p_ZZN4nnet24compute_output_buffer_2dINS_5arrayI8ap_fixedILi16ELi6EL9ap_q_mode5EL9_55">
<pin_list>
<pin id="113" dir="1" index="0" bw="1" slack="0"/>
</pin_list>
<bind>
<StgValue><ssdm name="p_ZZN4nnet24compute_output_buffer_2dINS_5arrayI8ap_fixedILi16ELi6EL9ap_q_mode5EL9_55"/></StgValue>
</bind>
</comp>

<comp id="114" class="1000" name="p_ZZN4nnet24compute_output_buffer_2dINS_5arrayI8ap_fixedILi16ELi6EL9ap_q_mode5EL9_54">
<pin_list>
<pin id="115" dir="1" index="0" bw="1" slack="0"/>
</pin_list>
<bind>
<StgValue><ssdm name="p_ZZN4nnet24compute_output_buffer_2dINS_5arrayI8ap_fixedILi16ELi6EL9ap_q_mode5EL9_54"/></StgValue>
</bind>
</comp>

<comp id="116" class="1000" name="p_ZZN4nnet24compute_output_buffer_2dINS_5arrayI8ap_fixedILi16ELi6EL9ap_q_mode5EL9_53">
<pin_list>
<pin id="117" dir="1" index="0" bw="1" slack="0"/>
</pin_list>
<bind>
<StgValue><ssdm name="p_ZZN4nnet24compute_output_buffer_2dINS_5arrayI8ap_fixedILi16ELi6EL9ap_q_mode5EL9_53"/></StgValue>
</bind>
</comp>

<comp id="118" class="1000" name="p_ZZN4nnet24compute_output_buffer_2dINS_5arrayI8ap_fixedILi16ELi6EL9ap_q_mode5EL9_52">
<pin_list>
<pin id="119" dir="1" index="0" bw="1" slack="0"/>
</pin_list>
<bind>
<StgValue><ssdm name="p_ZZN4nnet24compute_output_buffer_2dINS_5arrayI8ap_fixedILi16ELi6EL9ap_q_mode5EL9_52"/></StgValue>
</bind>
</comp>

<comp id="120" class="1000" name="p_ZZN4nnet24compute_output_buffer_2dINS_5arrayI8ap_fixedILi16ELi6EL9ap_q_mode5EL9_51">
<pin_list>
<pin id="121" dir="1" index="0" bw="1" slack="0"/>
</pin_list>
<bind>
<StgValue><ssdm name="p_ZZN4nnet24compute_output_buffer_2dINS_5arrayI8ap_fixedILi16ELi6EL9ap_q_mode5EL9_51"/></StgValue>
</bind>
</comp>

<comp id="122" class="1000" name="p_ZZN4nnet24compute_output_buffer_2dINS_5arrayI8ap_fixedILi16ELi6EL9ap_q_mode5EL9_50">
<pin_list>
<pin id="123" dir="1" index="0" bw="1" slack="0"/>
</pin_list>
<bind>
<StgValue><ssdm name="p_ZZN4nnet24compute_output_buffer_2dINS_5arrayI8ap_fixedILi16ELi6EL9ap_q_mode5EL9_50"/></StgValue>
</bind>
</comp>

<comp id="124" class="1000" name="p_ZZN4nnet24compute_output_buffer_2dINS_5arrayI8ap_fixedILi16ELi6EL9ap_q_mode5EL9_49">
<pin_list>
<pin id="125" dir="1" index="0" bw="1" slack="0"/>
</pin_list>
<bind>
<StgValue><ssdm name="p_ZZN4nnet24compute_output_buffer_2dINS_5arrayI8ap_fixedILi16ELi6EL9ap_q_mode5EL9_49"/></StgValue>
</bind>
</comp>

<comp id="126" class="1000" name="p_ZZN4nnet24compute_output_buffer_2dINS_5arrayI8ap_fixedILi16ELi6EL9ap_q_mode5EL9_48">
<pin_list>
<pin id="127" dir="1" index="0" bw="1" slack="0"/>
</pin_list>
<bind>
<StgValue><ssdm name="p_ZZN4nnet24compute_output_buffer_2dINS_5arrayI8ap_fixedILi16ELi6EL9ap_q_mode5EL9_48"/></StgValue>
</bind>
</comp>

<comp id="128" class="1000" name="p_ZZN4nnet24compute_output_buffer_2dINS_5arrayI8ap_fixedILi16ELi6EL9ap_q_mode5EL9_31">
<pin_list>
<pin id="129" dir="1" index="0" bw="1" slack="0"/>
</pin_list>
<bind>
<StgValue><ssdm name="p_ZZN4nnet24compute_output_buffer_2dINS_5arrayI8ap_fixedILi16ELi6EL9ap_q_mode5EL9_31"/></StgValue>
</bind>
</comp>

<comp id="130" class="1000" name="p_ZZN4nnet24compute_output_buffer_2dINS_5arrayI8ap_fixedILi16ELi6EL9ap_q_mode5EL9_30">
<pin_list>
<pin id="131" dir="1" index="0" bw="1" slack="0"/>
</pin_list>
<bind>
<StgValue><ssdm name="p_ZZN4nnet24compute_output_buffer_2dINS_5arrayI8ap_fixedILi16ELi6EL9ap_q_mode5EL9_30"/></StgValue>
</bind>
</comp>

<comp id="132" class="1000" name="p_ZZN4nnet24compute_output_buffer_2dINS_5arrayI8ap_fixedILi16ELi6EL9ap_q_mode5EL9_29">
<pin_list>
<pin id="133" dir="1" index="0" bw="1" slack="0"/>
</pin_list>
<bind>
<StgValue><ssdm name="p_ZZN4nnet24compute_output_buffer_2dINS_5arrayI8ap_fixedILi16ELi6EL9ap_q_mode5EL9_29"/></StgValue>
</bind>
</comp>

<comp id="134" class="1000" name="p_ZZN4nnet24compute_output_buffer_2dINS_5arrayI8ap_fixedILi16ELi6EL9ap_q_mode5EL9_28">
<pin_list>
<pin id="135" dir="1" index="0" bw="1" slack="0"/>
</pin_list>
<bind>
<StgValue><ssdm name="p_ZZN4nnet24compute_output_buffer_2dINS_5arrayI8ap_fixedILi16ELi6EL9ap_q_mode5EL9_28"/></StgValue>
</bind>
</comp>

<comp id="136" class="1000" name="p_ZZN4nnet24compute_output_buffer_2dINS_5arrayI8ap_fixedILi16ELi6EL9ap_q_mode5EL9_27">
<pin_list>
<pin id="137" dir="1" index="0" bw="1" slack="0"/>
</pin_list>
<bind>
<StgValue><ssdm name="p_ZZN4nnet24compute_output_buffer_2dINS_5arrayI8ap_fixedILi16ELi6EL9ap_q_mode5EL9_27"/></StgValue>
</bind>
</comp>

<comp id="138" class="1000" name="p_ZZN4nnet24compute_output_buffer_2dINS_5arrayI8ap_fixedILi16ELi6EL9ap_q_mode5EL9_26">
<pin_list>
<pin id="139" dir="1" index="0" bw="1" slack="0"/>
</pin_list>
<bind>
<StgValue><ssdm name="p_ZZN4nnet24compute_output_buffer_2dINS_5arrayI8ap_fixedILi16ELi6EL9ap_q_mode5EL9_26"/></StgValue>
</bind>
</comp>

<comp id="140" class="1000" name="p_ZZN4nnet24compute_output_buffer_2dINS_5arrayI8ap_fixedILi16ELi6EL9ap_q_mode5EL9_25">
<pin_list>
<pin id="141" dir="1" index="0" bw="1" slack="0"/>
</pin_list>
<bind>
<StgValue><ssdm name="p_ZZN4nnet24compute_output_buffer_2dINS_5arrayI8ap_fixedILi16ELi6EL9ap_q_mode5EL9_25"/></StgValue>
</bind>
</comp>

<comp id="142" class="1000" name="p_ZZN4nnet24compute_output_buffer_2dINS_5arrayI8ap_fixedILi16ELi6EL9ap_q_mode5EL9_24">
<pin_list>
<pin id="143" dir="1" index="0" bw="1" slack="0"/>
</pin_list>
<bind>
<StgValue><ssdm name="p_ZZN4nnet24compute_output_buffer_2dINS_5arrayI8ap_fixedILi16ELi6EL9ap_q_mode5EL9_24"/></StgValue>
</bind>
</comp>

<comp id="144" class="1000" name="p_ZZN4nnet24compute_output_buffer_2dINS_5arrayI8ap_fixedILi16ELi6EL9ap_q_mode5EL9_7">
<pin_list>
<pin id="145" dir="1" index="0" bw="1" slack="0"/>
</pin_list>
<bind>
<StgValue><ssdm name="p_ZZN4nnet24compute_output_buffer_2dINS_5arrayI8ap_fixedILi16ELi6EL9ap_q_mode5EL9_7"/></StgValue>
</bind>
</comp>

<comp id="146" class="1000" name="p_ZZN4nnet24compute_output_buffer_2dINS_5arrayI8ap_fixedILi16ELi6EL9ap_q_mode5EL9_6">
<pin_list>
<pin id="147" dir="1" index="0" bw="1" slack="0"/>
</pin_list>
<bind>
<StgValue><ssdm name="p_ZZN4nnet24compute_output_buffer_2dINS_5arrayI8ap_fixedILi16ELi6EL9ap_q_mode5EL9_6"/></StgValue>
</bind>
</comp>

<comp id="148" class="1000" name="p_ZZN4nnet24compute_output_buffer_2dINS_5arrayI8ap_fixedILi16ELi6EL9ap_q_mode5EL9_5">
<pin_list>
<pin id="149" dir="1" index="0" bw="1" slack="0"/>
</pin_list>
<bind>
<StgValue><ssdm name="p_ZZN4nnet24compute_output_buffer_2dINS_5arrayI8ap_fixedILi16ELi6EL9ap_q_mode5EL9_5"/></StgValue>
</bind>
</comp>

<comp id="150" class="1000" name="p_ZZN4nnet24compute_output_buffer_2dINS_5arrayI8ap_fixedILi16ELi6EL9ap_q_mode5EL9_4">
<pin_list>
<pin id="151" dir="1" index="0" bw="1" slack="0"/>
</pin_list>
<bind>
<StgValue><ssdm name="p_ZZN4nnet24compute_output_buffer_2dINS_5arrayI8ap_fixedILi16ELi6EL9ap_q_mode5EL9_4"/></StgValue>
</bind>
</comp>

<comp id="152" class="1000" name="p_ZZN4nnet24compute_output_buffer_2dINS_5arrayI8ap_fixedILi16ELi6EL9ap_q_mode5EL9_3">
<pin_list>
<pin id="153" dir="1" index="0" bw="1" slack="0"/>
</pin_list>
<bind>
<StgValue><ssdm name="p_ZZN4nnet24compute_output_buffer_2dINS_5arrayI8ap_fixedILi16ELi6EL9ap_q_mode5EL9_3"/></StgValue>
</bind>
</comp>

<comp id="154" class="1000" name="p_ZZN4nnet24compute_output_buffer_2dINS_5arrayI8ap_fixedILi16ELi6EL9ap_q_mode5EL9_2">
<pin_list>
<pin id="155" dir="1" index="0" bw="1" slack="0"/>
</pin_list>
<bind>
<StgValue><ssdm name="p_ZZN4nnet24compute_output_buffer_2dINS_5arrayI8ap_fixedILi16ELi6EL9ap_q_mode5EL9_2"/></StgValue>
</bind>
</comp>

<comp id="156" class="1000" name="p_ZZN4nnet24compute_output_buffer_2dINS_5arrayI8ap_fixedILi16ELi6EL9ap_q_mode5EL9_1">
<pin_list>
<pin id="157" dir="1" index="0" bw="1" slack="0"/>
</pin_list>
<bind>
<StgValue><ssdm name="p_ZZN4nnet24compute_output_buffer_2dINS_5arrayI8ap_fixedILi16ELi6EL9ap_q_mode5EL9_1"/></StgValue>
</bind>
</comp>

<comp id="158" class="1000" name="p_ZZN4nnet24compute_output_buffer_2dINS_5arrayI8ap_fixedILi16ELi6EL9ap_q_mode5EL9">
<pin_list>
<pin id="159" dir="1" index="0" bw="1" slack="0"/>
</pin_list>
<bind>
<StgValue><ssdm name="p_ZZN4nnet24compute_output_buffer_2dINS_5arrayI8ap_fixedILi16ELi6EL9ap_q_mode5EL9"/></StgValue>
</bind>
</comp>

<comp id="160" class="1000" name="p_ZZN4nnet26conv_2d_buffer_resource_clINS_5arrayI8ap_fixedILi16ELi6EL9ap_q_mode5E_15">
<pin_list>
<pin id="161" dir="1" index="0" bw="1" slack="2147483647"/>
</pin_list>
<bind>
<StgValue><ssdm name="p_ZZN4nnet26conv_2d_buffer_resource_clINS_5arrayI8ap_fixedILi16ELi6EL9ap_q_mode5E_15"/><MemPortTyVec>2 </MemPortTyVec>
</StgValue>
</bind>
</comp>

<comp id="162" class="1000" name="p_ZZN4nnet26conv_2d_buffer_resource_clINS_5arrayI8ap_fixedILi16ELi6EL9ap_q_mode5E_7">
<pin_list>
<pin id="163" dir="1" index="0" bw="1" slack="2147483647"/>
</pin_list>
<bind>
<StgValue><ssdm name="p_ZZN4nnet26conv_2d_buffer_resource_clINS_5arrayI8ap_fixedILi16ELi6EL9ap_q_mode5E_7"/><MemPortTyVec>2 </MemPortTyVec>
</StgValue>
</bind>
</comp>

<comp id="164" class="1000" name="p_ZZN4nnet26conv_2d_buffer_resource_clINS_5arrayI8ap_fixedILi16ELi6EL9ap_q_mode5E_14">
<pin_list>
<pin id="165" dir="1" index="0" bw="1" slack="2147483647"/>
</pin_list>
<bind>
<StgValue><ssdm name="p_ZZN4nnet26conv_2d_buffer_resource_clINS_5arrayI8ap_fixedILi16ELi6EL9ap_q_mode5E_14"/><MemPortTyVec>2 </MemPortTyVec>
</StgValue>
</bind>
</comp>

<comp id="166" class="1000" name="p_ZZN4nnet26conv_2d_buffer_resource_clINS_5arrayI8ap_fixedILi16ELi6EL9ap_q_mode5E_6">
<pin_list>
<pin id="167" dir="1" index="0" bw="1" slack="2147483647"/>
</pin_list>
<bind>
<StgValue><ssdm name="p_ZZN4nnet26conv_2d_buffer_resource_clINS_5arrayI8ap_fixedILi16ELi6EL9ap_q_mode5E_6"/><MemPortTyVec>2 </MemPortTyVec>
</StgValue>
</bind>
</comp>

<comp id="168" class="1000" name="p_ZZN4nnet26conv_2d_buffer_resource_clINS_5arrayI8ap_fixedILi16ELi6EL9ap_q_mode5E_13">
<pin_list>
<pin id="169" dir="1" index="0" bw="1" slack="2147483647"/>
</pin_list>
<bind>
<StgValue><ssdm name="p_ZZN4nnet26conv_2d_buffer_resource_clINS_5arrayI8ap_fixedILi16ELi6EL9ap_q_mode5E_13"/><MemPortTyVec>2 </MemPortTyVec>
</StgValue>
</bind>
</comp>

<comp id="170" class="1000" name="p_ZZN4nnet26conv_2d_buffer_resource_clINS_5arrayI8ap_fixedILi16ELi6EL9ap_q_mode5E_5">
<pin_list>
<pin id="171" dir="1" index="0" bw="1" slack="2147483647"/>
</pin_list>
<bind>
<StgValue><ssdm name="p_ZZN4nnet26conv_2d_buffer_resource_clINS_5arrayI8ap_fixedILi16ELi6EL9ap_q_mode5E_5"/><MemPortTyVec>2 </MemPortTyVec>
</StgValue>
</bind>
</comp>

<comp id="172" class="1000" name="p_ZZN4nnet26conv_2d_buffer_resource_clINS_5arrayI8ap_fixedILi16ELi6EL9ap_q_mode5E_12">
<pin_list>
<pin id="173" dir="1" index="0" bw="1" slack="2147483647"/>
</pin_list>
<bind>
<StgValue><ssdm name="p_ZZN4nnet26conv_2d_buffer_resource_clINS_5arrayI8ap_fixedILi16ELi6EL9ap_q_mode5E_12"/><MemPortTyVec>2 </MemPortTyVec>
</StgValue>
</bind>
</comp>

<comp id="174" class="1000" name="p_ZZN4nnet26conv_2d_buffer_resource_clINS_5arrayI8ap_fixedILi16ELi6EL9ap_q_mode5E_4">
<pin_list>
<pin id="175" dir="1" index="0" bw="1" slack="2147483647"/>
</pin_list>
<bind>
<StgValue><ssdm name="p_ZZN4nnet26conv_2d_buffer_resource_clINS_5arrayI8ap_fixedILi16ELi6EL9ap_q_mode5E_4"/><MemPortTyVec>2 </MemPortTyVec>
</StgValue>
</bind>
</comp>

<comp id="176" class="1000" name="p_ZZN4nnet26conv_2d_buffer_resource_clINS_5arrayI8ap_fixedILi16ELi6EL9ap_q_mode5E_11">
<pin_list>
<pin id="177" dir="1" index="0" bw="1" slack="2147483647"/>
</pin_list>
<bind>
<StgValue><ssdm name="p_ZZN4nnet26conv_2d_buffer_resource_clINS_5arrayI8ap_fixedILi16ELi6EL9ap_q_mode5E_11"/><MemPortTyVec>2 </MemPortTyVec>
</StgValue>
</bind>
</comp>

<comp id="178" class="1000" name="p_ZZN4nnet26conv_2d_buffer_resource_clINS_5arrayI8ap_fixedILi16ELi6EL9ap_q_mode5E_3">
<pin_list>
<pin id="179" dir="1" index="0" bw="1" slack="2147483647"/>
</pin_list>
<bind>
<StgValue><ssdm name="p_ZZN4nnet26conv_2d_buffer_resource_clINS_5arrayI8ap_fixedILi16ELi6EL9ap_q_mode5E_3"/><MemPortTyVec>2 </MemPortTyVec>
</StgValue>
</bind>
</comp>

<comp id="180" class="1000" name="p_ZZN4nnet26conv_2d_buffer_resource_clINS_5arrayI8ap_fixedILi16ELi6EL9ap_q_mode5E_10">
<pin_list>
<pin id="181" dir="1" index="0" bw="1" slack="2147483647"/>
</pin_list>
<bind>
<StgValue><ssdm name="p_ZZN4nnet26conv_2d_buffer_resource_clINS_5arrayI8ap_fixedILi16ELi6EL9ap_q_mode5E_10"/><MemPortTyVec>2 </MemPortTyVec>
</StgValue>
</bind>
</comp>

<comp id="182" class="1000" name="p_ZZN4nnet26conv_2d_buffer_resource_clINS_5arrayI8ap_fixedILi16ELi6EL9ap_q_mode5E_2">
<pin_list>
<pin id="183" dir="1" index="0" bw="1" slack="2147483647"/>
</pin_list>
<bind>
<StgValue><ssdm name="p_ZZN4nnet26conv_2d_buffer_resource_clINS_5arrayI8ap_fixedILi16ELi6EL9ap_q_mode5E_2"/><MemPortTyVec>2 </MemPortTyVec>
</StgValue>
</bind>
</comp>

<comp id="184" class="1000" name="p_ZZN4nnet26conv_2d_buffer_resource_clINS_5arrayI8ap_fixedILi16ELi6EL9ap_q_mode5E_9">
<pin_list>
<pin id="185" dir="1" index="0" bw="1" slack="2147483647"/>
</pin_list>
<bind>
<StgValue><ssdm name="p_ZZN4nnet26conv_2d_buffer_resource_clINS_5arrayI8ap_fixedILi16ELi6EL9ap_q_mode5E_9"/><MemPortTyVec>2 </MemPortTyVec>
</StgValue>
</bind>
</comp>

<comp id="186" class="1000" name="p_ZZN4nnet26conv_2d_buffer_resource_clINS_5arrayI8ap_fixedILi16ELi6EL9ap_q_mode5E_1">
<pin_list>
<pin id="187" dir="1" index="0" bw="1" slack="2147483647"/>
</pin_list>
<bind>
<StgValue><ssdm name="p_ZZN4nnet26conv_2d_buffer_resource_clINS_5arrayI8ap_fixedILi16ELi6EL9ap_q_mode5E_1"/><MemPortTyVec>2 </MemPortTyVec>
</StgValue>
</bind>
</comp>

<comp id="188" class="1000" name="p_ZZN4nnet26conv_2d_buffer_resource_clINS_5arrayI8ap_fixedILi16ELi6EL9ap_q_mode5E_8">
<pin_list>
<pin id="189" dir="1" index="0" bw="1" slack="2147483647"/>
</pin_list>
<bind>
<StgValue><ssdm name="p_ZZN4nnet26conv_2d_buffer_resource_clINS_5arrayI8ap_fixedILi16ELi6EL9ap_q_mode5E_8"/><MemPortTyVec>2 </MemPortTyVec>
</StgValue>
</bind>
</comp>

<comp id="190" class="1000" name="p_ZZN4nnet26conv_2d_buffer_resource_clINS_5arrayI8ap_fixedILi16ELi6EL9ap_q_mode5E">
<pin_list>
<pin id="191" dir="1" index="0" bw="1" slack="2147483647"/>
</pin_list>
<bind>
<StgValue><ssdm name="p_ZZN4nnet26conv_2d_buffer_resource_clINS_5arrayI8ap_fixedILi16ELi6EL9ap_q_mode5E"/><MemPortTyVec>2 </MemPortTyVec>
</StgValue>
</bind>
</comp>

<comp id="192" class="1001" name="const_192">
<pin_list>
<pin id="193" dir="1" index="0" bw="1" slack="2147483647"/>
</pin_list>
<bind>
<StgValue><ssdm name="_ssdm_op_SpecPipeline"/></StgValue>
</bind>
</comp>

<comp id="194" class="1001" name="const_194">
<pin_list>
<pin id="195" dir="1" index="0" bw="1" slack="2147483647"/>
</pin_list>
<bind>
<StgValue><ssdm name=""/></StgValue>
</bind>
</comp>

<comp id="196" class="1001" name="const_196">
<pin_list>
<pin id="197" dir="1" index="0" bw="1" slack="2147483647"/>
</pin_list>
<bind>
<StgValue><ssdm name=""/></StgValue>
</bind>
</comp>

<comp id="198" class="1001" name="const_198">
<pin_list>
<pin id="199" dir="1" index="0" bw="1" slack="2147483647"/>
</pin_list>
<bind>
<StgValue><ssdm name="empty_9"/></StgValue>
</bind>
</comp>

<comp id="200" class="1001" name="const_200">
<pin_list>
<pin id="201" dir="1" index="0" bw="1" slack="0"/>
</pin_list>
<bind>
<StgValue><ssdm name="_ssdm_op_Read.ap_auto.i16"/></StgValue>
</bind>
</comp>

<comp id="202" class="1001" name="const_202">
<pin_list>
<pin id="203" dir="1" index="0" bw="1" slack="0"/>
</pin_list>
<bind>
<StgValue><ssdm name="_ssdm_op_MemShiftRead.[13 x i16]P0A"/></StgValue>
</bind>
</comp>

<comp id="204" class="1001" name="const_204">
<pin_list>
<pin id="205" dir="1" index="0" bw="1" slack="0"/>
</pin_list>
<bind>
<StgValue><ssdm name=""/></StgValue>
</bind>
</comp>

<comp id="206" class="1001" name="const_206">
<pin_list>
<pin id="207" dir="1" index="0" bw="1" slack="0"/>
</pin_list>
<bind>
<StgValue><ssdm name=""/></StgValue>
</bind>
</comp>

<comp id="208" class="1001" name="const_208">
<pin_list>
<pin id="209" dir="1" index="0" bw="1" slack="0"/>
</pin_list>
<bind>
<StgValue><ssdm name=""/></StgValue>
</bind>
</comp>

<comp id="210" class="1001" name="const_210">
<pin_list>
<pin id="211" dir="1" index="0" bw="1" slack="0"/>
</pin_list>
<bind>
<StgValue><ssdm name=""/></StgValue>
</bind>
</comp>

<comp id="212" class="1001" name="const_212">
<pin_list>
<pin id="213" dir="1" index="0" bw="1" slack="0"/>
</pin_list>
<bind>
<StgValue><ssdm name=""/></StgValue>
</bind>
</comp>

<comp id="214" class="1001" name="const_214">
<pin_list>
<pin id="215" dir="1" index="0" bw="1" slack="0"/>
</pin_list>
<bind>
<StgValue><ssdm name=""/></StgValue>
</bind>
</comp>

<comp id="216" class="1001" name="const_216">
<pin_list>
<pin id="217" dir="1" index="0" bw="1" slack="0"/>
</pin_list>
<bind>
<StgValue><ssdm name=""/></StgValue>
</bind>
</comp>

<comp id="218" class="1001" name="const_218">
<pin_list>
<pin id="219" dir="1" index="0" bw="1" slack="0"/>
</pin_list>
<bind>
<StgValue><ssdm name=""/></StgValue>
</bind>
</comp>

<comp id="220" class="1001" name="const_220">
<pin_list>
<pin id="221" dir="1" index="0" bw="1" slack="0"/>
</pin_list>
<bind>
<StgValue><ssdm name=""/></StgValue>
</bind>
</comp>

<comp id="222" class="1001" name="const_222">
<pin_list>
<pin id="223" dir="1" index="0" bw="1" slack="0"/>
</pin_list>
<bind>
<StgValue><ssdm name=""/></StgValue>
</bind>
</comp>

<comp id="224" class="1001" name="const_224">
<pin_list>
<pin id="225" dir="1" index="0" bw="1" slack="0"/>
</pin_list>
<bind>
<StgValue><ssdm name=""/></StgValue>
</bind>
</comp>

<comp id="226" class="1001" name="const_226">
<pin_list>
<pin id="227" dir="1" index="0" bw="1" slack="0"/>
</pin_list>
<bind>
<StgValue><ssdm name=""/></StgValue>
</bind>
</comp>

<comp id="228" class="1001" name="const_228">
<pin_list>
<pin id="229" dir="1" index="0" bw="1" slack="0"/>
</pin_list>
<bind>
<StgValue><ssdm name=""/></StgValue>
</bind>
</comp>

<comp id="230" class="1001" name="const_230">
<pin_list>
<pin id="231" dir="1" index="0" bw="1" slack="0"/>
</pin_list>
<bind>
<StgValue><ssdm name=""/></StgValue>
</bind>
</comp>

<comp id="232" class="1001" name="const_232">
<pin_list>
<pin id="233" dir="1" index="0" bw="1" slack="0"/>
</pin_list>
<bind>
<StgValue><ssdm name=""/></StgValue>
</bind>
</comp>

<comp id="234" class="1001" name="const_234">
<pin_list>
<pin id="235" dir="1" index="0" bw="1" slack="0"/>
</pin_list>
<bind>
<StgValue><ssdm name=""/></StgValue>
</bind>
</comp>

<comp id="236" class="1001" name="const_236">
<pin_list>
<pin id="237" dir="1" index="0" bw="1" slack="0"/>
</pin_list>
<bind>
<StgValue><ssdm name=""/></StgValue>
</bind>
</comp>

<comp id="238" class="1004" name="p_read_1_read_fu_238">
<pin_list>
<pin id="239" dir="0" index="0" bw="16" slack="0"/>
<pin id="240" dir="0" index="1" bw="16" slack="0"/>
<pin id="241" dir="1" index="2" bw="16" slack="0"/>
</pin_list>
<bind>
<opcode="read(1150) " fcode="read"/>
<opset="p_read_1/1 "/>
</bind>
</comp>

<comp id="244" class="1004" name="p_read_2_read_fu_244">
<pin_list>
<pin id="245" dir="0" index="0" bw="16" slack="0"/>
<pin id="246" dir="0" index="1" bw="16" slack="0"/>
<pin id="247" dir="1" index="2" bw="16" slack="0"/>
</pin_list>
<bind>
<opcode="read(1150) " fcode="read"/>
<opset="p_read_2/1 "/>
</bind>
</comp>

<comp id="250" class="1004" name="p_read_3_read_fu_250">
<pin_list>
<pin id="251" dir="0" index="0" bw="16" slack="0"/>
<pin id="252" dir="0" index="1" bw="16" slack="0"/>
<pin id="253" dir="1" index="2" bw="16" slack="0"/>
</pin_list>
<bind>
<opcode="read(1150) " fcode="read"/>
<opset="p_read_3/1 "/>
</bind>
</comp>

<comp id="256" class="1004" name="p_read_4_read_fu_256">
<pin_list>
<pin id="257" dir="0" index="0" bw="16" slack="0"/>
<pin id="258" dir="0" index="1" bw="16" slack="0"/>
<pin id="259" dir="1" index="2" bw="16" slack="0"/>
</pin_list>
<bind>
<opcode="read(1150) " fcode="read"/>
<opset="p_read_4/1 "/>
</bind>
</comp>

<comp id="262" class="1004" name="p_read_5_read_fu_262">
<pin_list>
<pin id="263" dir="0" index="0" bw="16" slack="0"/>
<pin id="264" dir="0" index="1" bw="16" slack="0"/>
<pin id="265" dir="1" index="2" bw="16" slack="0"/>
</pin_list>
<bind>
<opcode="read(1150) " fcode="read"/>
<opset="p_read_5/1 "/>
</bind>
</comp>

<comp id="268" class="1004" name="p_read_6_read_fu_268">
<pin_list>
<pin id="269" dir="0" index="0" bw="16" slack="0"/>
<pin id="270" dir="0" index="1" bw="16" slack="0"/>
<pin id="271" dir="1" index="2" bw="16" slack="0"/>
</pin_list>
<bind>
<opcode="read(1150) " fcode="read"/>
<opset="p_read_6/1 "/>
</bind>
</comp>

<comp id="274" class="1004" name="p_read_7_read_fu_274">
<pin_list>
<pin id="275" dir="0" index="0" bw="16" slack="0"/>
<pin id="276" dir="0" index="1" bw="16" slack="0"/>
<pin id="277" dir="1" index="2" bw="16" slack="0"/>
</pin_list>
<bind>
<opcode="read(1150) " fcode="read"/>
<opset="p_read_7/1 "/>
</bind>
</comp>

<comp id="280" class="1004" name="p_read_8_read_fu_280">
<pin_list>
<pin id="281" dir="0" index="0" bw="16" slack="0"/>
<pin id="282" dir="0" index="1" bw="16" slack="0"/>
<pin id="283" dir="1" index="2" bw="16" slack="0"/>
</pin_list>
<bind>
<opcode="read(1150) " fcode="read"/>
<opset="p_read_8/1 "/>
</bind>
</comp>

<comp id="286" class="1004" name="p_i_fu_286">
<pin_list>
<pin id="287" dir="0" index="0" bw="16" slack="0"/>
<pin id="288" dir="0" index="1" bw="16" slack="0"/>
<pin id="289" dir="0" index="2" bw="16" slack="0"/>
<pin id="290" dir="0" index="3" bw="1" slack="0"/>
<pin id="291" dir="1" index="4" bw="16" slack="0"/>
</pin_list>
<bind>
<opcode="memshiftread(1195) " fcode="memshiftread"/>
<opset="p_i/1 "/>
</bind>
</comp>

<comp id="296" class="1004" name="p_1_i_fu_296">
<pin_list>
<pin id="297" dir="0" index="0" bw="16" slack="0"/>
<pin id="298" dir="0" index="1" bw="16" slack="0"/>
<pin id="299" dir="0" index="2" bw="16" slack="0"/>
<pin id="300" dir="0" index="3" bw="1" slack="0"/>
<pin id="301" dir="1" index="4" bw="16" slack="0"/>
</pin_list>
<bind>
<opcode="memshiftread(1195) " fcode="memshiftread"/>
<opset="p_1_i/1 "/>
</bind>
</comp>

<comp id="306" class="1004" name="p_2_i_fu_306">
<pin_list>
<pin id="307" dir="0" index="0" bw="16" slack="0"/>
<pin id="308" dir="0" index="1" bw="16" slack="0"/>
<pin id="309" dir="0" index="2" bw="16" slack="0"/>
<pin id="310" dir="0" index="3" bw="1" slack="0"/>
<pin id="311" dir="1" index="4" bw="16" slack="0"/>
</pin_list>
<bind>
<opcode="memshiftread(1195) " fcode="memshiftread"/>
<opset="p_2_i/1 "/>
</bind>
</comp>

<comp id="316" class="1004" name="p_3_i_fu_316">
<pin_list>
<pin id="317" dir="0" index="0" bw="16" slack="0"/>
<pin id="318" dir="0" index="1" bw="16" slack="0"/>
<pin id="319" dir="0" index="2" bw="16" slack="0"/>
<pin id="320" dir="0" index="3" bw="1" slack="0"/>
<pin id="321" dir="1" index="4" bw="16" slack="0"/>
</pin_list>
<bind>
<opcode="memshiftread(1195) " fcode="memshiftread"/>
<opset="p_3_i/1 "/>
</bind>
</comp>

<comp id="326" class="1004" name="p_4_i_fu_326">
<pin_list>
<pin id="327" dir="0" index="0" bw="16" slack="0"/>
<pin id="328" dir="0" index="1" bw="16" slack="0"/>
<pin id="329" dir="0" index="2" bw="16" slack="0"/>
<pin id="330" dir="0" index="3" bw="1" slack="0"/>
<pin id="331" dir="1" index="4" bw="16" slack="0"/>
</pin_list>
<bind>
<opcode="memshiftread(1195) " fcode="memshiftread"/>
<opset="p_4_i/1 "/>
</bind>
</comp>

<comp id="336" class="1004" name="p_5_i_fu_336">
<pin_list>
<pin id="337" dir="0" index="0" bw="16" slack="0"/>
<pin id="338" dir="0" index="1" bw="16" slack="0"/>
<pin id="339" dir="0" index="2" bw="16" slack="0"/>
<pin id="340" dir="0" index="3" bw="1" slack="0"/>
<pin id="341" dir="1" index="4" bw="16" slack="0"/>
</pin_list>
<bind>
<opcode="memshiftread(1195) " fcode="memshiftread"/>
<opset="p_5_i/1 "/>
</bind>
</comp>

<comp id="346" class="1004" name="p_6_i_fu_346">
<pin_list>
<pin id="347" dir="0" index="0" bw="16" slack="0"/>
<pin id="348" dir="0" index="1" bw="16" slack="0"/>
<pin id="349" dir="0" index="2" bw="16" slack="0"/>
<pin id="350" dir="0" index="3" bw="1" slack="0"/>
<pin id="351" dir="1" index="4" bw="16" slack="0"/>
</pin_list>
<bind>
<opcode="memshiftread(1195) " fcode="memshiftread"/>
<opset="p_6_i/1 "/>
</bind>
</comp>

<comp id="356" class="1004" name="p_7_i_fu_356">
<pin_list>
<pin id="357" dir="0" index="0" bw="16" slack="0"/>
<pin id="358" dir="0" index="1" bw="16" slack="0"/>
<pin id="359" dir="0" index="2" bw="16" slack="0"/>
<pin id="360" dir="0" index="3" bw="1" slack="0"/>
<pin id="361" dir="1" index="4" bw="16" slack="0"/>
</pin_list>
<bind>
<opcode="memshiftread(1195) " fcode="memshiftread"/>
<opset="p_7_i/1 "/>
</bind>
</comp>

<comp id="366" class="1004" name="p_8_i_fu_366">
<pin_list>
<pin id="367" dir="0" index="0" bw="16" slack="0"/>
<pin id="368" dir="0" index="1" bw="16" slack="0"/>
<pin id="369" dir="0" index="2" bw="16" slack="0"/>
<pin id="370" dir="0" index="3" bw="1" slack="0"/>
<pin id="371" dir="1" index="4" bw="16" slack="0"/>
</pin_list>
<bind>
<opcode="memshiftread(1195) " fcode="memshiftread"/>
<opset="p_8_i/1 "/>
</bind>
</comp>

<comp id="376" class="1004" name="p_9_i_fu_376">
<pin_list>
<pin id="377" dir="0" index="0" bw="16" slack="0"/>
<pin id="378" dir="0" index="1" bw="16" slack="0"/>
<pin id="379" dir="0" index="2" bw="16" slack="0"/>
<pin id="380" dir="0" index="3" bw="1" slack="0"/>
<pin id="381" dir="1" index="4" bw="16" slack="0"/>
</pin_list>
<bind>
<opcode="memshiftread(1195) " fcode="memshiftread"/>
<opset="p_9_i/1 "/>
</bind>
</comp>

<comp id="386" class="1004" name="p_10_i_fu_386">
<pin_list>
<pin id="387" dir="0" index="0" bw="16" slack="0"/>
<pin id="388" dir="0" index="1" bw="16" slack="0"/>
<pin id="389" dir="0" index="2" bw="16" slack="0"/>
<pin id="390" dir="0" index="3" bw="1" slack="0"/>
<pin id="391" dir="1" index="4" bw="16" slack="0"/>
</pin_list>
<bind>
<opcode="memshiftread(1195) " fcode="memshiftread"/>
<opset="p_10_i/1 "/>
</bind>
</comp>

<comp id="396" class="1004" name="p_11_i_fu_396">
<pin_list>
<pin id="397" dir="0" index="0" bw="16" slack="0"/>
<pin id="398" dir="0" index="1" bw="16" slack="0"/>
<pin id="399" dir="0" index="2" bw="16" slack="0"/>
<pin id="400" dir="0" index="3" bw="1" slack="0"/>
<pin id="401" dir="1" index="4" bw="16" slack="0"/>
</pin_list>
<bind>
<opcode="memshiftread(1195) " fcode="memshiftread"/>
<opset="p_11_i/1 "/>
</bind>
</comp>

<comp id="406" class="1004" name="p_12_i_fu_406">
<pin_list>
<pin id="407" dir="0" index="0" bw="16" slack="0"/>
<pin id="408" dir="0" index="1" bw="16" slack="0"/>
<pin id="409" dir="0" index="2" bw="16" slack="0"/>
<pin id="410" dir="0" index="3" bw="1" slack="0"/>
<pin id="411" dir="1" index="4" bw="16" slack="0"/>
</pin_list>
<bind>
<opcode="memshiftread(1195) " fcode="memshiftread"/>
<opset="p_12_i/1 "/>
</bind>
</comp>

<comp id="416" class="1004" name="p_13_i_fu_416">
<pin_list>
<pin id="417" dir="0" index="0" bw="16" slack="0"/>
<pin id="418" dir="0" index="1" bw="16" slack="0"/>
<pin id="419" dir="0" index="2" bw="16" slack="0"/>
<pin id="420" dir="0" index="3" bw="1" slack="0"/>
<pin id="421" dir="1" index="4" bw="16" slack="0"/>
</pin_list>
<bind>
<opcode="memshiftread(1195) " fcode="memshiftread"/>
<opset="p_13_i/1 "/>
</bind>
</comp>

<comp id="426" class="1004" name="p_14_i_fu_426">
<pin_list>
<pin id="427" dir="0" index="0" bw="16" slack="0"/>
<pin id="428" dir="0" index="1" bw="16" slack="0"/>
<pin id="429" dir="0" index="2" bw="16" slack="0"/>
<pin id="430" dir="0" index="3" bw="1" slack="0"/>
<pin id="431" dir="1" index="4" bw="16" slack="0"/>
</pin_list>
<bind>
<opcode="memshiftread(1195) " fcode="memshiftread"/>
<opset="p_14_i/1 "/>
</bind>
</comp>

<comp id="436" class="1004" name="p_0_i_fu_436">
<pin_list>
<pin id="437" dir="0" index="0" bw="16" slack="0"/>
<pin id="438" dir="0" index="1" bw="16" slack="0"/>
<pin id="439" dir="0" index="2" bw="16" slack="0"/>
<pin id="440" dir="0" index="3" bw="1" slack="0"/>
<pin id="441" dir="1" index="4" bw="16" slack="0"/>
</pin_list>
<bind>
<opcode="memshiftread(1195) " fcode="memshiftread"/>
<opset="p_0_i/1 "/>
</bind>
</comp>

<comp id="446" class="1004" name="void_compute_output_buffer_2d_array_const_ap_shift_reg_n_chan_stream_weig_19_load_fu_446">
<pin_list>
<pin id="447" dir="0" index="0" bw="16" slack="0"/>
<pin id="448" dir="1" index="1" bw="16" slack="0"/>
</pin_list>
<bind>
<opcode="load(27) " fcode="load"/>
<opset="void_compute_output_buffer_2d_array_const_ap_shift_reg_n_chan_stream_weig_19/1 "/>
</bind>
</comp>

<comp id="450" class="1004" name="store_ln196_store_fu_450">
<pin_list>
<pin id="451" dir="0" index="0" bw="16" slack="0"/>
<pin id="452" dir="0" index="1" bw="16" slack="0"/>
<pin id="453" dir="1" index="2" bw="0" slack="2147483647"/>
</pin_list>
<bind>
<opcode="store(28) " fcode="store"/>
<opset="store_ln196/1 "/>
</bind>
</comp>

<comp id="456" class="1004" name="void_compute_output_buffer_2d_array_const_ap_shift_reg_n_chan_stream_weig_20_load_fu_456">
<pin_list>
<pin id="457" dir="0" index="0" bw="16" slack="0"/>
<pin id="458" dir="1" index="1" bw="16" slack="0"/>
</pin_list>
<bind>
<opcode="load(27) " fcode="load"/>
<opset="void_compute_output_buffer_2d_array_const_ap_shift_reg_n_chan_stream_weig_20/1 "/>
</bind>
</comp>

<comp id="460" class="1004" name="store_ln196_store_fu_460">
<pin_list>
<pin id="461" dir="0" index="0" bw="16" slack="0"/>
<pin id="462" dir="0" index="1" bw="16" slack="0"/>
<pin id="463" dir="1" index="2" bw="0" slack="2147483647"/>
</pin_list>
<bind>
<opcode="store(28) " fcode="store"/>
<opset="store_ln196/1 "/>
</bind>
</comp>

<comp id="466" class="1004" name="p_ZZN4nnet24compute_output_buffer_2dINS_5arrayI8ap_fixedILi16ELi6EL9ap_q_mode5EL9_62_load_fu_466">
<pin_list>
<pin id="467" dir="0" index="0" bw="16" slack="0"/>
<pin id="468" dir="1" index="1" bw="16" slack="0"/>
</pin_list>
<bind>
<opcode="load(27) " fcode="load"/>
<opset="p_ZZN4nnet24compute_output_buffer_2dINS_5arrayI8ap_fixedILi16ELi6EL9ap_q_mode5EL9_62/1 "/>
</bind>
</comp>

<comp id="470" class="1004" name="store_ln196_store_fu_470">
<pin_list>
<pin id="471" dir="0" index="0" bw="16" slack="0"/>
<pin id="472" dir="0" index="1" bw="16" slack="0"/>
<pin id="473" dir="1" index="2" bw="0" slack="2147483647"/>
</pin_list>
<bind>
<opcode="store(28) " fcode="store"/>
<opset="store_ln196/1 "/>
</bind>
</comp>

<comp id="476" class="1004" name="p_ZZN4nnet24compute_output_buffer_2dINS_5arrayI8ap_fixedILi16ELi6EL9ap_q_mode5EL9_63_load_fu_476">
<pin_list>
<pin id="477" dir="0" index="0" bw="16" slack="0"/>
<pin id="478" dir="1" index="1" bw="16" slack="0"/>
</pin_list>
<bind>
<opcode="load(27) " fcode="load"/>
<opset="p_ZZN4nnet24compute_output_buffer_2dINS_5arrayI8ap_fixedILi16ELi6EL9ap_q_mode5EL9_63/1 "/>
</bind>
</comp>

<comp id="480" class="1004" name="store_ln196_store_fu_480">
<pin_list>
<pin id="481" dir="0" index="0" bw="16" slack="0"/>
<pin id="482" dir="0" index="1" bw="16" slack="0"/>
<pin id="483" dir="1" index="2" bw="0" slack="2147483647"/>
</pin_list>
<bind>
<opcode="store(28) " fcode="store"/>
<opset="store_ln196/1 "/>
</bind>
</comp>

<comp id="486" class="1004" name="p_ZZN4nnet24compute_output_buffer_2dINS_5arrayI8ap_fixedILi16ELi6EL9ap_q_mode5EL9_64_load_fu_486">
<pin_list>
<pin id="487" dir="0" index="0" bw="16" slack="0"/>
<pin id="488" dir="1" index="1" bw="16" slack="0"/>
</pin_list>
<bind>
<opcode="load(27) " fcode="load"/>
<opset="p_ZZN4nnet24compute_output_buffer_2dINS_5arrayI8ap_fixedILi16ELi6EL9ap_q_mode5EL9_64/1 "/>
</bind>
</comp>

<comp id="490" class="1004" name="store_ln196_store_fu_490">
<pin_list>
<pin id="491" dir="0" index="0" bw="16" slack="0"/>
<pin id="492" dir="0" index="1" bw="16" slack="0"/>
<pin id="493" dir="1" index="2" bw="0" slack="2147483647"/>
</pin_list>
<bind>
<opcode="store(28) " fcode="store"/>
<opset="store_ln196/1 "/>
</bind>
</comp>

<comp id="496" class="1004" name="p_ZZN4nnet24compute_output_buffer_2dINS_5arrayI8ap_fixedILi16ELi6EL9ap_q_mode5EL9_65_load_fu_496">
<pin_list>
<pin id="497" dir="0" index="0" bw="16" slack="0"/>
<pin id="498" dir="1" index="1" bw="16" slack="0"/>
</pin_list>
<bind>
<opcode="load(27) " fcode="load"/>
<opset="p_ZZN4nnet24compute_output_buffer_2dINS_5arrayI8ap_fixedILi16ELi6EL9ap_q_mode5EL9_65/1 "/>
</bind>
</comp>

<comp id="500" class="1004" name="store_ln196_store_fu_500">
<pin_list>
<pin id="501" dir="0" index="0" bw="16" slack="0"/>
<pin id="502" dir="0" index="1" bw="16" slack="0"/>
<pin id="503" dir="1" index="2" bw="0" slack="2147483647"/>
</pin_list>
<bind>
<opcode="store(28) " fcode="store"/>
<opset="store_ln196/1 "/>
</bind>
</comp>

<comp id="506" class="1004" name="p_ZZN4nnet24compute_output_buffer_2dINS_5arrayI8ap_fixedILi16ELi6EL9ap_q_mode5EL9_66_load_fu_506">
<pin_list>
<pin id="507" dir="0" index="0" bw="16" slack="0"/>
<pin id="508" dir="1" index="1" bw="16" slack="0"/>
</pin_list>
<bind>
<opcode="load(27) " fcode="load"/>
<opset="p_ZZN4nnet24compute_output_buffer_2dINS_5arrayI8ap_fixedILi16ELi6EL9ap_q_mode5EL9_66/1 "/>
</bind>
</comp>

<comp id="510" class="1004" name="store_ln196_store_fu_510">
<pin_list>
<pin id="511" dir="0" index="0" bw="16" slack="0"/>
<pin id="512" dir="0" index="1" bw="16" slack="0"/>
<pin id="513" dir="1" index="2" bw="0" slack="2147483647"/>
</pin_list>
<bind>
<opcode="store(28) " fcode="store"/>
<opset="store_ln196/1 "/>
</bind>
</comp>

<comp id="516" class="1004" name="p_ZZN4nnet24compute_output_buffer_2dINS_5arrayI8ap_fixedILi16ELi6EL9ap_q_mode5EL9_67_load_fu_516">
<pin_list>
<pin id="517" dir="0" index="0" bw="16" slack="0"/>
<pin id="518" dir="1" index="1" bw="16" slack="0"/>
</pin_list>
<bind>
<opcode="load(27) " fcode="load"/>
<opset="p_ZZN4nnet24compute_output_buffer_2dINS_5arrayI8ap_fixedILi16ELi6EL9ap_q_mode5EL9_67/1 "/>
</bind>
</comp>

<comp id="520" class="1004" name="store_ln196_store_fu_520">
<pin_list>
<pin id="521" dir="0" index="0" bw="16" slack="0"/>
<pin id="522" dir="0" index="1" bw="16" slack="0"/>
<pin id="523" dir="1" index="2" bw="0" slack="2147483647"/>
</pin_list>
<bind>
<opcode="store(28) " fcode="store"/>
<opset="store_ln196/1 "/>
</bind>
</comp>

<comp id="526" class="1004" name="p_ZZN4nnet24compute_output_buffer_2dINS_5arrayI8ap_fixedILi16ELi6EL9ap_q_mode5EL9_68_load_fu_526">
<pin_list>
<pin id="527" dir="0" index="0" bw="16" slack="0"/>
<pin id="528" dir="1" index="1" bw="16" slack="0"/>
</pin_list>
<bind>
<opcode="load(27) " fcode="load"/>
<opset="p_ZZN4nnet24compute_output_buffer_2dINS_5arrayI8ap_fixedILi16ELi6EL9ap_q_mode5EL9_68/1 "/>
</bind>
</comp>

<comp id="530" class="1004" name="store_ln196_store_fu_530">
<pin_list>
<pin id="531" dir="0" index="0" bw="16" slack="0"/>
<pin id="532" dir="0" index="1" bw="16" slack="0"/>
<pin id="533" dir="1" index="2" bw="0" slack="2147483647"/>
</pin_list>
<bind>
<opcode="store(28) " fcode="store"/>
<opset="store_ln196/1 "/>
</bind>
</comp>

<comp id="536" class="1004" name="p_ZZN4nnet24compute_output_buffer_2dINS_5arrayI8ap_fixedILi16ELi6EL9ap_q_mode5EL9_69_load_fu_536">
<pin_list>
<pin id="537" dir="0" index="0" bw="16" slack="0"/>
<pin id="538" dir="1" index="1" bw="16" slack="0"/>
</pin_list>
<bind>
<opcode="load(27) " fcode="load"/>
<opset="p_ZZN4nnet24compute_output_buffer_2dINS_5arrayI8ap_fixedILi16ELi6EL9ap_q_mode5EL9_69/1 "/>
</bind>
</comp>

<comp id="540" class="1004" name="store_ln196_store_fu_540">
<pin_list>
<pin id="541" dir="0" index="0" bw="16" slack="0"/>
<pin id="542" dir="0" index="1" bw="16" slack="0"/>
<pin id="543" dir="1" index="2" bw="0" slack="2147483647"/>
</pin_list>
<bind>
<opcode="store(28) " fcode="store"/>
<opset="store_ln196/1 "/>
</bind>
</comp>

<comp id="546" class="1004" name="p_ZZN4nnet24compute_output_buffer_2dINS_5arrayI8ap_fixedILi16ELi6EL9ap_q_mode5EL9_70_load_fu_546">
<pin_list>
<pin id="547" dir="0" index="0" bw="16" slack="0"/>
<pin id="548" dir="1" index="1" bw="16" slack="0"/>
</pin_list>
<bind>
<opcode="load(27) " fcode="load"/>
<opset="p_ZZN4nnet24compute_output_buffer_2dINS_5arrayI8ap_fixedILi16ELi6EL9ap_q_mode5EL9_70/1 "/>
</bind>
</comp>

<comp id="550" class="1004" name="store_ln196_store_fu_550">
<pin_list>
<pin id="551" dir="0" index="0" bw="16" slack="0"/>
<pin id="552" dir="0" index="1" bw="16" slack="0"/>
<pin id="553" dir="1" index="2" bw="0" slack="2147483647"/>
</pin_list>
<bind>
<opcode="store(28) " fcode="store"/>
<opset="store_ln196/1 "/>
</bind>
</comp>

<comp id="556" class="1004" name="p_ZZN4nnet24compute_output_buffer_2dINS_5arrayI8ap_fixedILi16ELi6EL9ap_q_mode5EL9_71_load_fu_556">
<pin_list>
<pin id="557" dir="0" index="0" bw="16" slack="0"/>
<pin id="558" dir="1" index="1" bw="16" slack="0"/>
</pin_list>
<bind>
<opcode="load(27) " fcode="load"/>
<opset="p_ZZN4nnet24compute_output_buffer_2dINS_5arrayI8ap_fixedILi16ELi6EL9ap_q_mode5EL9_71/1 "/>
</bind>
</comp>

<comp id="560" class="1004" name="store_ln196_store_fu_560">
<pin_list>
<pin id="561" dir="0" index="0" bw="16" slack="0"/>
<pin id="562" dir="0" index="1" bw="16" slack="0"/>
<pin id="563" dir="1" index="2" bw="0" slack="2147483647"/>
</pin_list>
<bind>
<opcode="store(28) " fcode="store"/>
<opset="store_ln196/1 "/>
</bind>
</comp>

<comp id="566" class="1004" name="p_ZZN4nnet24compute_output_buffer_2dINS_5arrayI8ap_fixedILi16ELi6EL9ap_q_mode5EL9_72_load_fu_566">
<pin_list>
<pin id="567" dir="0" index="0" bw="16" slack="0"/>
<pin id="568" dir="1" index="1" bw="16" slack="0"/>
</pin_list>
<bind>
<opcode="load(27) " fcode="load"/>
<opset="p_ZZN4nnet24compute_output_buffer_2dINS_5arrayI8ap_fixedILi16ELi6EL9ap_q_mode5EL9_72/1 "/>
</bind>
</comp>

<comp id="570" class="1004" name="store_ln196_store_fu_570">
<pin_list>
<pin id="571" dir="0" index="0" bw="16" slack="0"/>
<pin id="572" dir="0" index="1" bw="16" slack="0"/>
<pin id="573" dir="1" index="2" bw="0" slack="2147483647"/>
</pin_list>
<bind>
<opcode="store(28) " fcode="store"/>
<opset="store_ln196/1 "/>
</bind>
</comp>

<comp id="576" class="1004" name="p_ZZN4nnet24compute_output_buffer_2dINS_5arrayI8ap_fixedILi16ELi6EL9ap_q_mode5EL9_73_load_fu_576">
<pin_list>
<pin id="577" dir="0" index="0" bw="16" slack="0"/>
<pin id="578" dir="1" index="1" bw="16" slack="0"/>
</pin_list>
<bind>
<opcode="load(27) " fcode="load"/>
<opset="p_ZZN4nnet24compute_output_buffer_2dINS_5arrayI8ap_fixedILi16ELi6EL9ap_q_mode5EL9_73/1 "/>
</bind>
</comp>

<comp id="580" class="1004" name="store_ln196_store_fu_580">
<pin_list>
<pin id="581" dir="0" index="0" bw="16" slack="0"/>
<pin id="582" dir="0" index="1" bw="16" slack="0"/>
<pin id="583" dir="1" index="2" bw="0" slack="2147483647"/>
</pin_list>
<bind>
<opcode="store(28) " fcode="store"/>
<opset="store_ln196/1 "/>
</bind>
</comp>

<comp id="586" class="1004" name="p_ZZN4nnet24compute_output_buffer_2dINS_5arrayI8ap_fixedILi16ELi6EL9ap_q_mode5EL9_74_load_fu_586">
<pin_list>
<pin id="587" dir="0" index="0" bw="16" slack="0"/>
<pin id="588" dir="1" index="1" bw="16" slack="0"/>
</pin_list>
<bind>
<opcode="load(27) " fcode="load"/>
<opset="p_ZZN4nnet24compute_output_buffer_2dINS_5arrayI8ap_fixedILi16ELi6EL9ap_q_mode5EL9_74/1 "/>
</bind>
</comp>

<comp id="590" class="1004" name="store_ln196_store_fu_590">
<pin_list>
<pin id="591" dir="0" index="0" bw="16" slack="0"/>
<pin id="592" dir="0" index="1" bw="16" slack="0"/>
<pin id="593" dir="1" index="2" bw="0" slack="2147483647"/>
</pin_list>
<bind>
<opcode="store(28) " fcode="store"/>
<opset="store_ln196/1 "/>
</bind>
</comp>

<comp id="596" class="1004" name="p_ZZN4nnet24compute_output_buffer_2dINS_5arrayI8ap_fixedILi16ELi6EL9ap_q_mode5EL9_75_load_fu_596">
<pin_list>
<pin id="597" dir="0" index="0" bw="16" slack="0"/>
<pin id="598" dir="1" index="1" bw="16" slack="0"/>
</pin_list>
<bind>
<opcode="load(27) " fcode="load"/>
<opset="p_ZZN4nnet24compute_output_buffer_2dINS_5arrayI8ap_fixedILi16ELi6EL9ap_q_mode5EL9_75/1 "/>
</bind>
</comp>

<comp id="600" class="1004" name="store_ln196_store_fu_600">
<pin_list>
<pin id="601" dir="0" index="0" bw="16" slack="0"/>
<pin id="602" dir="0" index="1" bw="16" slack="0"/>
<pin id="603" dir="1" index="2" bw="0" slack="2147483647"/>
</pin_list>
<bind>
<opcode="store(28) " fcode="store"/>
<opset="store_ln196/1 "/>
</bind>
</comp>

<comp id="606" class="1004" name="p_ZZN4nnet24compute_output_buffer_2dINS_5arrayI8ap_fixedILi16ELi6EL9ap_q_mode5EL9_76_load_fu_606">
<pin_list>
<pin id="607" dir="0" index="0" bw="16" slack="0"/>
<pin id="608" dir="1" index="1" bw="16" slack="0"/>
</pin_list>
<bind>
<opcode="load(27) " fcode="load"/>
<opset="p_ZZN4nnet24compute_output_buffer_2dINS_5arrayI8ap_fixedILi16ELi6EL9ap_q_mode5EL9_76/1 "/>
</bind>
</comp>

<comp id="610" class="1004" name="store_ln196_store_fu_610">
<pin_list>
<pin id="611" dir="0" index="0" bw="16" slack="0"/>
<pin id="612" dir="0" index="1" bw="16" slack="0"/>
<pin id="613" dir="1" index="2" bw="0" slack="2147483647"/>
</pin_list>
<bind>
<opcode="store(28) " fcode="store"/>
<opset="store_ln196/1 "/>
</bind>
</comp>

<comp id="616" class="1004" name="p_ZZN4nnet24compute_output_buffer_2dINS_5arrayI8ap_fixedILi16ELi6EL9ap_q_mode5EL9_77_load_fu_616">
<pin_list>
<pin id="617" dir="0" index="0" bw="16" slack="0"/>
<pin id="618" dir="1" index="1" bw="16" slack="0"/>
</pin_list>
<bind>
<opcode="load(27) " fcode="load"/>
<opset="p_ZZN4nnet24compute_output_buffer_2dINS_5arrayI8ap_fixedILi16ELi6EL9ap_q_mode5EL9_77/1 "/>
</bind>
</comp>

<comp id="620" class="1004" name="store_ln196_store_fu_620">
<pin_list>
<pin id="621" dir="0" index="0" bw="16" slack="0"/>
<pin id="622" dir="0" index="1" bw="16" slack="0"/>
<pin id="623" dir="1" index="2" bw="0" slack="2147483647"/>
</pin_list>
<bind>
<opcode="store(28) " fcode="store"/>
<opset="store_ln196/1 "/>
</bind>
</comp>

<comp id="626" class="1004" name="p_ZZN4nnet24compute_output_buffer_2dINS_5arrayI8ap_fixedILi16ELi6EL9ap_q_mode5EL9_78_load_fu_626">
<pin_list>
<pin id="627" dir="0" index="0" bw="16" slack="0"/>
<pin id="628" dir="1" index="1" bw="16" slack="0"/>
</pin_list>
<bind>
<opcode="load(27) " fcode="load"/>
<opset="p_ZZN4nnet24compute_output_buffer_2dINS_5arrayI8ap_fixedILi16ELi6EL9ap_q_mode5EL9_78/1 "/>
</bind>
</comp>

<comp id="630" class="1004" name="store_ln196_store_fu_630">
<pin_list>
<pin id="631" dir="0" index="0" bw="16" slack="0"/>
<pin id="632" dir="0" index="1" bw="16" slack="0"/>
<pin id="633" dir="1" index="2" bw="0" slack="2147483647"/>
</pin_list>
<bind>
<opcode="store(28) " fcode="store"/>
<opset="store_ln196/1 "/>
</bind>
</comp>

<comp id="636" class="1004" name="p_ZZN4nnet24compute_output_buffer_2dINS_5arrayI8ap_fixedILi16ELi6EL9ap_q_mode5EL9_79_load_fu_636">
<pin_list>
<pin id="637" dir="0" index="0" bw="16" slack="0"/>
<pin id="638" dir="1" index="1" bw="16" slack="0"/>
</pin_list>
<bind>
<opcode="load(27) " fcode="load"/>
<opset="p_ZZN4nnet24compute_output_buffer_2dINS_5arrayI8ap_fixedILi16ELi6EL9ap_q_mode5EL9_79/1 "/>
</bind>
</comp>

<comp id="640" class="1004" name="store_ln196_store_fu_640">
<pin_list>
<pin id="641" dir="0" index="0" bw="16" slack="0"/>
<pin id="642" dir="0" index="1" bw="16" slack="0"/>
<pin id="643" dir="1" index="2" bw="0" slack="2147483647"/>
</pin_list>
<bind>
<opcode="store(28) " fcode="store"/>
<opset="store_ln196/1 "/>
</bind>
</comp>

<comp id="646" class="1004" name="p_ZZN4nnet24compute_output_buffer_2dINS_5arrayI8ap_fixedILi16ELi6EL9ap_q_mode5EL9_80_load_fu_646">
<pin_list>
<pin id="647" dir="0" index="0" bw="16" slack="0"/>
<pin id="648" dir="1" index="1" bw="16" slack="0"/>
</pin_list>
<bind>
<opcode="load(27) " fcode="load"/>
<opset="p_ZZN4nnet24compute_output_buffer_2dINS_5arrayI8ap_fixedILi16ELi6EL9ap_q_mode5EL9_80/1 "/>
</bind>
</comp>

<comp id="650" class="1004" name="store_ln196_store_fu_650">
<pin_list>
<pin id="651" dir="0" index="0" bw="16" slack="0"/>
<pin id="652" dir="0" index="1" bw="16" slack="0"/>
<pin id="653" dir="1" index="2" bw="0" slack="2147483647"/>
</pin_list>
<bind>
<opcode="store(28) " fcode="store"/>
<opset="store_ln196/1 "/>
</bind>
</comp>

<comp id="656" class="1004" name="p_ZZN4nnet24compute_output_buffer_2dINS_5arrayI8ap_fixedILi16ELi6EL9ap_q_mode5EL9_81_load_fu_656">
<pin_list>
<pin id="657" dir="0" index="0" bw="16" slack="0"/>
<pin id="658" dir="1" index="1" bw="16" slack="0"/>
</pin_list>
<bind>
<opcode="load(27) " fcode="load"/>
<opset="p_ZZN4nnet24compute_output_buffer_2dINS_5arrayI8ap_fixedILi16ELi6EL9ap_q_mode5EL9_81/1 "/>
</bind>
</comp>

<comp id="660" class="1004" name="store_ln196_store_fu_660">
<pin_list>
<pin id="661" dir="0" index="0" bw="16" slack="0"/>
<pin id="662" dir="0" index="1" bw="16" slack="0"/>
<pin id="663" dir="1" index="2" bw="0" slack="2147483647"/>
</pin_list>
<bind>
<opcode="store(28) " fcode="store"/>
<opset="store_ln196/1 "/>
</bind>
</comp>

<comp id="666" class="1004" name="p_ZZN4nnet24compute_output_buffer_2dINS_5arrayI8ap_fixedILi16ELi6EL9ap_q_mode5EL9_82_load_fu_666">
<pin_list>
<pin id="667" dir="0" index="0" bw="16" slack="0"/>
<pin id="668" dir="1" index="1" bw="16" slack="0"/>
</pin_list>
<bind>
<opcode="load(27) " fcode="load"/>
<opset="p_ZZN4nnet24compute_output_buffer_2dINS_5arrayI8ap_fixedILi16ELi6EL9ap_q_mode5EL9_82/1 "/>
</bind>
</comp>

<comp id="670" class="1004" name="store_ln196_store_fu_670">
<pin_list>
<pin id="671" dir="0" index="0" bw="16" slack="0"/>
<pin id="672" dir="0" index="1" bw="16" slack="0"/>
<pin id="673" dir="1" index="2" bw="0" slack="2147483647"/>
</pin_list>
<bind>
<opcode="store(28) " fcode="store"/>
<opset="store_ln196/1 "/>
</bind>
</comp>

<comp id="676" class="1004" name="p_ZZN4nnet24compute_output_buffer_2dINS_5arrayI8ap_fixedILi16ELi6EL9ap_q_mode5EL9_83_load_fu_676">
<pin_list>
<pin id="677" dir="0" index="0" bw="16" slack="0"/>
<pin id="678" dir="1" index="1" bw="16" slack="0"/>
</pin_list>
<bind>
<opcode="load(27) " fcode="load"/>
<opset="p_ZZN4nnet24compute_output_buffer_2dINS_5arrayI8ap_fixedILi16ELi6EL9ap_q_mode5EL9_83/1 "/>
</bind>
</comp>

<comp id="680" class="1004" name="store_ln196_store_fu_680">
<pin_list>
<pin id="681" dir="0" index="0" bw="16" slack="0"/>
<pin id="682" dir="0" index="1" bw="16" slack="0"/>
<pin id="683" dir="1" index="2" bw="0" slack="2147483647"/>
</pin_list>
<bind>
<opcode="store(28) " fcode="store"/>
<opset="store_ln196/1 "/>
</bind>
</comp>

<comp id="686" class="1004" name="p_ZZN4nnet24compute_output_buffer_2dINS_5arrayI8ap_fixedILi16ELi6EL9ap_q_mode5EL9_84_load_fu_686">
<pin_list>
<pin id="687" dir="0" index="0" bw="16" slack="0"/>
<pin id="688" dir="1" index="1" bw="16" slack="0"/>
</pin_list>
<bind>
<opcode="load(27) " fcode="load"/>
<opset="p_ZZN4nnet24compute_output_buffer_2dINS_5arrayI8ap_fixedILi16ELi6EL9ap_q_mode5EL9_84/1 "/>
</bind>
</comp>

<comp id="690" class="1004" name="store_ln196_store_fu_690">
<pin_list>
<pin id="691" dir="0" index="0" bw="16" slack="0"/>
<pin id="692" dir="0" index="1" bw="16" slack="0"/>
<pin id="693" dir="1" index="2" bw="0" slack="2147483647"/>
</pin_list>
<bind>
<opcode="store(28) " fcode="store"/>
<opset="store_ln196/1 "/>
</bind>
</comp>

<comp id="696" class="1004" name="p_ZZN4nnet24compute_output_buffer_2dINS_5arrayI8ap_fixedILi16ELi6EL9ap_q_mode5EL9_85_load_fu_696">
<pin_list>
<pin id="697" dir="0" index="0" bw="16" slack="0"/>
<pin id="698" dir="1" index="1" bw="16" slack="0"/>
</pin_list>
<bind>
<opcode="load(27) " fcode="load"/>
<opset="p_ZZN4nnet24compute_output_buffer_2dINS_5arrayI8ap_fixedILi16ELi6EL9ap_q_mode5EL9_85/1 "/>
</bind>
</comp>

<comp id="700" class="1004" name="store_ln196_store_fu_700">
<pin_list>
<pin id="701" dir="0" index="0" bw="16" slack="0"/>
<pin id="702" dir="0" index="1" bw="16" slack="0"/>
<pin id="703" dir="1" index="2" bw="0" slack="2147483647"/>
</pin_list>
<bind>
<opcode="store(28) " fcode="store"/>
<opset="store_ln196/1 "/>
</bind>
</comp>

<comp id="706" class="1004" name="p_ZZN4nnet24compute_output_buffer_2dINS_5arrayI8ap_fixedILi16ELi6EL9ap_q_mode5EL9_86_load_fu_706">
<pin_list>
<pin id="707" dir="0" index="0" bw="16" slack="0"/>
<pin id="708" dir="1" index="1" bw="16" slack="0"/>
</pin_list>
<bind>
<opcode="load(27) " fcode="load"/>
<opset="p_ZZN4nnet24compute_output_buffer_2dINS_5arrayI8ap_fixedILi16ELi6EL9ap_q_mode5EL9_86/1 "/>
</bind>
</comp>

<comp id="710" class="1004" name="store_ln196_store_fu_710">
<pin_list>
<pin id="711" dir="0" index="0" bw="16" slack="0"/>
<pin id="712" dir="0" index="1" bw="16" slack="0"/>
<pin id="713" dir="1" index="2" bw="0" slack="2147483647"/>
</pin_list>
<bind>
<opcode="store(28) " fcode="store"/>
<opset="store_ln196/1 "/>
</bind>
</comp>

<comp id="716" class="1004" name="p_ZZN4nnet24compute_output_buffer_2dINS_5arrayI8ap_fixedILi16ELi6EL9ap_q_mode5EL9_87_load_fu_716">
<pin_list>
<pin id="717" dir="0" index="0" bw="16" slack="0"/>
<pin id="718" dir="1" index="1" bw="16" slack="0"/>
</pin_list>
<bind>
<opcode="load(27) " fcode="load"/>
<opset="p_ZZN4nnet24compute_output_buffer_2dINS_5arrayI8ap_fixedILi16ELi6EL9ap_q_mode5EL9_87/1 "/>
</bind>
</comp>

<comp id="720" class="1004" name="store_ln196_store_fu_720">
<pin_list>
<pin id="721" dir="0" index="0" bw="16" slack="0"/>
<pin id="722" dir="0" index="1" bw="16" slack="0"/>
<pin id="723" dir="1" index="2" bw="0" slack="2147483647"/>
</pin_list>
<bind>
<opcode="store(28) " fcode="store"/>
<opset="store_ln196/1 "/>
</bind>
</comp>

<comp id="726" class="1004" name="p_ZZN4nnet24compute_output_buffer_2dINS_5arrayI8ap_fixedILi16ELi6EL9ap_q_mode5EL9_88_load_fu_726">
<pin_list>
<pin id="727" dir="0" index="0" bw="16" slack="0"/>
<pin id="728" dir="1" index="1" bw="16" slack="0"/>
</pin_list>
<bind>
<opcode="load(27) " fcode="load"/>
<opset="p_ZZN4nnet24compute_output_buffer_2dINS_5arrayI8ap_fixedILi16ELi6EL9ap_q_mode5EL9_88/1 "/>
</bind>
</comp>

<comp id="730" class="1004" name="store_ln196_store_fu_730">
<pin_list>
<pin id="731" dir="0" index="0" bw="16" slack="0"/>
<pin id="732" dir="0" index="1" bw="16" slack="0"/>
<pin id="733" dir="1" index="2" bw="0" slack="2147483647"/>
</pin_list>
<bind>
<opcode="store(28) " fcode="store"/>
<opset="store_ln196/1 "/>
</bind>
</comp>

<comp id="736" class="1004" name="p_ZZN4nnet24compute_output_buffer_2dINS_5arrayI8ap_fixedILi16ELi6EL9ap_q_mode5EL9_89_load_fu_736">
<pin_list>
<pin id="737" dir="0" index="0" bw="16" slack="0"/>
<pin id="738" dir="1" index="1" bw="16" slack="0"/>
</pin_list>
<bind>
<opcode="load(27) " fcode="load"/>
<opset="p_ZZN4nnet24compute_output_buffer_2dINS_5arrayI8ap_fixedILi16ELi6EL9ap_q_mode5EL9_89/1 "/>
</bind>
</comp>

<comp id="740" class="1004" name="store_ln196_store_fu_740">
<pin_list>
<pin id="741" dir="0" index="0" bw="16" slack="0"/>
<pin id="742" dir="0" index="1" bw="16" slack="0"/>
<pin id="743" dir="1" index="2" bw="0" slack="2147483647"/>
</pin_list>
<bind>
<opcode="store(28) " fcode="store"/>
<opset="store_ln196/1 "/>
</bind>
</comp>

<comp id="746" class="1004" name="p_ZZN4nnet24compute_output_buffer_2dINS_5arrayI8ap_fixedILi16ELi6EL9ap_q_mode5EL9_90_load_fu_746">
<pin_list>
<pin id="747" dir="0" index="0" bw="16" slack="0"/>
<pin id="748" dir="1" index="1" bw="16" slack="0"/>
</pin_list>
<bind>
<opcode="load(27) " fcode="load"/>
<opset="p_ZZN4nnet24compute_output_buffer_2dINS_5arrayI8ap_fixedILi16ELi6EL9ap_q_mode5EL9_90/1 "/>
</bind>
</comp>

<comp id="750" class="1004" name="store_ln196_store_fu_750">
<pin_list>
<pin id="751" dir="0" index="0" bw="16" slack="0"/>
<pin id="752" dir="0" index="1" bw="16" slack="0"/>
<pin id="753" dir="1" index="2" bw="0" slack="2147483647"/>
</pin_list>
<bind>
<opcode="store(28) " fcode="store"/>
<opset="store_ln196/1 "/>
</bind>
</comp>

<comp id="756" class="1004" name="p_ZZN4nnet24compute_output_buffer_2dINS_5arrayI8ap_fixedILi16ELi6EL9ap_q_mode5EL9_91_load_fu_756">
<pin_list>
<pin id="757" dir="0" index="0" bw="16" slack="0"/>
<pin id="758" dir="1" index="1" bw="16" slack="0"/>
</pin_list>
<bind>
<opcode="load(27) " fcode="load"/>
<opset="p_ZZN4nnet24compute_output_buffer_2dINS_5arrayI8ap_fixedILi16ELi6EL9ap_q_mode5EL9_91/1 "/>
</bind>
</comp>

<comp id="760" class="1004" name="store_ln196_store_fu_760">
<pin_list>
<pin id="761" dir="0" index="0" bw="16" slack="0"/>
<pin id="762" dir="0" index="1" bw="16" slack="0"/>
<pin id="763" dir="1" index="2" bw="0" slack="2147483647"/>
</pin_list>
<bind>
<opcode="store(28) " fcode="store"/>
<opset="store_ln196/1 "/>
</bind>
</comp>

<comp id="766" class="1004" name="p_ZZN4nnet24compute_output_buffer_2dINS_5arrayI8ap_fixedILi16ELi6EL9ap_q_mode5EL9_92_load_fu_766">
<pin_list>
<pin id="767" dir="0" index="0" bw="16" slack="0"/>
<pin id="768" dir="1" index="1" bw="16" slack="0"/>
</pin_list>
<bind>
<opcode="load(27) " fcode="load"/>
<opset="p_ZZN4nnet24compute_output_buffer_2dINS_5arrayI8ap_fixedILi16ELi6EL9ap_q_mode5EL9_92/1 "/>
</bind>
</comp>

<comp id="770" class="1004" name="store_ln196_store_fu_770">
<pin_list>
<pin id="771" dir="0" index="0" bw="16" slack="0"/>
<pin id="772" dir="0" index="1" bw="16" slack="0"/>
<pin id="773" dir="1" index="2" bw="0" slack="2147483647"/>
</pin_list>
<bind>
<opcode="store(28) " fcode="store"/>
<opset="store_ln196/1 "/>
</bind>
</comp>

<comp id="776" class="1004" name="p_ZZN4nnet24compute_output_buffer_2dINS_5arrayI8ap_fixedILi16ELi6EL9ap_q_mode5EL9_93_load_fu_776">
<pin_list>
<pin id="777" dir="0" index="0" bw="16" slack="0"/>
<pin id="778" dir="1" index="1" bw="16" slack="0"/>
</pin_list>
<bind>
<opcode="load(27) " fcode="load"/>
<opset="p_ZZN4nnet24compute_output_buffer_2dINS_5arrayI8ap_fixedILi16ELi6EL9ap_q_mode5EL9_93/1 "/>
</bind>
</comp>

<comp id="780" class="1004" name="store_ln196_store_fu_780">
<pin_list>
<pin id="781" dir="0" index="0" bw="16" slack="0"/>
<pin id="782" dir="0" index="1" bw="16" slack="0"/>
<pin id="783" dir="1" index="2" bw="0" slack="2147483647"/>
</pin_list>
<bind>
<opcode="store(28) " fcode="store"/>
<opset="store_ln196/1 "/>
</bind>
</comp>

<comp id="786" class="1004" name="p_ZZN4nnet24compute_output_buffer_2dINS_5arrayI8ap_fixedILi16ELi6EL9ap_q_mode5EL9_94_load_fu_786">
<pin_list>
<pin id="787" dir="0" index="0" bw="16" slack="0"/>
<pin id="788" dir="1" index="1" bw="16" slack="0"/>
</pin_list>
<bind>
<opcode="load(27) " fcode="load"/>
<opset="p_ZZN4nnet24compute_output_buffer_2dINS_5arrayI8ap_fixedILi16ELi6EL9ap_q_mode5EL9_94/1 "/>
</bind>
</comp>

<comp id="790" class="1004" name="store_ln196_store_fu_790">
<pin_list>
<pin id="791" dir="0" index="0" bw="16" slack="0"/>
<pin id="792" dir="0" index="1" bw="16" slack="0"/>
<pin id="793" dir="1" index="2" bw="0" slack="2147483647"/>
</pin_list>
<bind>
<opcode="store(28) " fcode="store"/>
<opset="store_ln196/1 "/>
</bind>
</comp>

<comp id="796" class="1004" name="p_ZZN4nnet24compute_output_buffer_2dINS_5arrayI8ap_fixedILi16ELi6EL9ap_q_mode5EL9_95_load_fu_796">
<pin_list>
<pin id="797" dir="0" index="0" bw="16" slack="0"/>
<pin id="798" dir="1" index="1" bw="16" slack="0"/>
</pin_list>
<bind>
<opcode="load(27) " fcode="load"/>
<opset="p_ZZN4nnet24compute_output_buffer_2dINS_5arrayI8ap_fixedILi16ELi6EL9ap_q_mode5EL9_95/1 "/>
</bind>
</comp>

<comp id="800" class="1004" name="store_ln196_store_fu_800">
<pin_list>
<pin id="801" dir="0" index="0" bw="16" slack="0"/>
<pin id="802" dir="0" index="1" bw="16" slack="0"/>
<pin id="803" dir="1" index="2" bw="0" slack="2147483647"/>
</pin_list>
<bind>
<opcode="store(28) " fcode="store"/>
<opset="store_ln196/1 "/>
</bind>
</comp>

<comp id="806" class="1004" name="p_ZZN4nnet24compute_output_buffer_2dINS_5arrayI8ap_fixedILi16ELi6EL9ap_q_mode5EL9_96_load_fu_806">
<pin_list>
<pin id="807" dir="0" index="0" bw="16" slack="0"/>
<pin id="808" dir="1" index="1" bw="16" slack="0"/>
</pin_list>
<bind>
<opcode="load(27) " fcode="load"/>
<opset="p_ZZN4nnet24compute_output_buffer_2dINS_5arrayI8ap_fixedILi16ELi6EL9ap_q_mode5EL9_96/1 "/>
</bind>
</comp>

<comp id="810" class="1004" name="store_ln196_store_fu_810">
<pin_list>
<pin id="811" dir="0" index="0" bw="16" slack="0"/>
<pin id="812" dir="0" index="1" bw="16" slack="0"/>
<pin id="813" dir="1" index="2" bw="0" slack="2147483647"/>
</pin_list>
<bind>
<opcode="store(28) " fcode="store"/>
<opset="store_ln196/1 "/>
</bind>
</comp>

<comp id="816" class="1004" name="p_ZZN4nnet24compute_output_buffer_2dINS_5arrayI8ap_fixedILi16ELi6EL9ap_q_mode5EL9_97_load_fu_816">
<pin_list>
<pin id="817" dir="0" index="0" bw="16" slack="0"/>
<pin id="818" dir="1" index="1" bw="16" slack="0"/>
</pin_list>
<bind>
<opcode="load(27) " fcode="load"/>
<opset="p_ZZN4nnet24compute_output_buffer_2dINS_5arrayI8ap_fixedILi16ELi6EL9ap_q_mode5EL9_97/1 "/>
</bind>
</comp>

<comp id="820" class="1004" name="store_ln196_store_fu_820">
<pin_list>
<pin id="821" dir="0" index="0" bw="16" slack="0"/>
<pin id="822" dir="0" index="1" bw="16" slack="0"/>
<pin id="823" dir="1" index="2" bw="0" slack="2147483647"/>
</pin_list>
<bind>
<opcode="store(28) " fcode="store"/>
<opset="store_ln196/1 "/>
</bind>
</comp>

<comp id="826" class="1004" name="p_ZZN4nnet24compute_output_buffer_2dINS_5arrayI8ap_fixedILi16ELi6EL9ap_q_mode5EL9_98_load_fu_826">
<pin_list>
<pin id="827" dir="0" index="0" bw="16" slack="0"/>
<pin id="828" dir="1" index="1" bw="16" slack="0"/>
</pin_list>
<bind>
<opcode="load(27) " fcode="load"/>
<opset="p_ZZN4nnet24compute_output_buffer_2dINS_5arrayI8ap_fixedILi16ELi6EL9ap_q_mode5EL9_98/1 "/>
</bind>
</comp>

<comp id="830" class="1004" name="store_ln196_store_fu_830">
<pin_list>
<pin id="831" dir="0" index="0" bw="16" slack="0"/>
<pin id="832" dir="0" index="1" bw="16" slack="0"/>
<pin id="833" dir="1" index="2" bw="0" slack="2147483647"/>
</pin_list>
<bind>
<opcode="store(28) " fcode="store"/>
<opset="store_ln196/1 "/>
</bind>
</comp>

<comp id="836" class="1004" name="p_ZZN4nnet24compute_output_buffer_2dINS_5arrayI8ap_fixedILi16ELi6EL9ap_q_mode5EL9_99_load_fu_836">
<pin_list>
<pin id="837" dir="0" index="0" bw="16" slack="0"/>
<pin id="838" dir="1" index="1" bw="16" slack="0"/>
</pin_list>
<bind>
<opcode="load(27) " fcode="load"/>
<opset="p_ZZN4nnet24compute_output_buffer_2dINS_5arrayI8ap_fixedILi16ELi6EL9ap_q_mode5EL9_99/1 "/>
</bind>
</comp>

<comp id="840" class="1004" name="store_ln196_store_fu_840">
<pin_list>
<pin id="841" dir="0" index="0" bw="16" slack="0"/>
<pin id="842" dir="0" index="1" bw="16" slack="0"/>
<pin id="843" dir="1" index="2" bw="0" slack="2147483647"/>
</pin_list>
<bind>
<opcode="store(28) " fcode="store"/>
<opset="store_ln196/1 "/>
</bind>
</comp>

<comp id="846" class="1004" name="p_ZZN4nnet24compute_output_buffer_2dINS_5arrayI8ap_fixedILi16ELi6EL9ap_q_mode5EL9_100_load_fu_846">
<pin_list>
<pin id="847" dir="0" index="0" bw="16" slack="0"/>
<pin id="848" dir="1" index="1" bw="16" slack="0"/>
</pin_list>
<bind>
<opcode="load(27) " fcode="load"/>
<opset="p_ZZN4nnet24compute_output_buffer_2dINS_5arrayI8ap_fixedILi16ELi6EL9ap_q_mode5EL9_100/1 "/>
</bind>
</comp>

<comp id="850" class="1004" name="store_ln196_store_fu_850">
<pin_list>
<pin id="851" dir="0" index="0" bw="16" slack="0"/>
<pin id="852" dir="0" index="1" bw="16" slack="0"/>
<pin id="853" dir="1" index="2" bw="0" slack="2147483647"/>
</pin_list>
<bind>
<opcode="store(28) " fcode="store"/>
<opset="store_ln196/1 "/>
</bind>
</comp>

<comp id="856" class="1004" name="p_ZZN4nnet24compute_output_buffer_2dINS_5arrayI8ap_fixedILi16ELi6EL9ap_q_mode5EL9_101_load_fu_856">
<pin_list>
<pin id="857" dir="0" index="0" bw="16" slack="0"/>
<pin id="858" dir="1" index="1" bw="16" slack="0"/>
</pin_list>
<bind>
<opcode="load(27) " fcode="load"/>
<opset="p_ZZN4nnet24compute_output_buffer_2dINS_5arrayI8ap_fixedILi16ELi6EL9ap_q_mode5EL9_101/1 "/>
</bind>
</comp>

<comp id="860" class="1004" name="store_ln196_store_fu_860">
<pin_list>
<pin id="861" dir="0" index="0" bw="16" slack="0"/>
<pin id="862" dir="0" index="1" bw="16" slack="0"/>
<pin id="863" dir="1" index="2" bw="0" slack="2147483647"/>
</pin_list>
<bind>
<opcode="store(28) " fcode="store"/>
<opset="store_ln196/1 "/>
</bind>
</comp>

<comp id="866" class="1004" name="p_ZZN4nnet24compute_output_buffer_2dINS_5arrayI8ap_fixedILi16ELi6EL9ap_q_mode5EL9_102_load_fu_866">
<pin_list>
<pin id="867" dir="0" index="0" bw="16" slack="0"/>
<pin id="868" dir="1" index="1" bw="16" slack="0"/>
</pin_list>
<bind>
<opcode="load(27) " fcode="load"/>
<opset="p_ZZN4nnet24compute_output_buffer_2dINS_5arrayI8ap_fixedILi16ELi6EL9ap_q_mode5EL9_102/1 "/>
</bind>
</comp>

<comp id="870" class="1004" name="store_ln196_store_fu_870">
<pin_list>
<pin id="871" dir="0" index="0" bw="16" slack="0"/>
<pin id="872" dir="0" index="1" bw="16" slack="0"/>
<pin id="873" dir="1" index="2" bw="0" slack="2147483647"/>
</pin_list>
<bind>
<opcode="store(28) " fcode="store"/>
<opset="store_ln196/1 "/>
</bind>
</comp>

<comp id="876" class="1004" name="p_ZZN4nnet24compute_output_buffer_2dINS_5arrayI8ap_fixedILi16ELi6EL9ap_q_mode5EL9_103_load_fu_876">
<pin_list>
<pin id="877" dir="0" index="0" bw="16" slack="0"/>
<pin id="878" dir="1" index="1" bw="16" slack="0"/>
</pin_list>
<bind>
<opcode="load(27) " fcode="load"/>
<opset="p_ZZN4nnet24compute_output_buffer_2dINS_5arrayI8ap_fixedILi16ELi6EL9ap_q_mode5EL9_103/1 "/>
</bind>
</comp>

<comp id="880" class="1004" name="store_ln196_store_fu_880">
<pin_list>
<pin id="881" dir="0" index="0" bw="16" slack="0"/>
<pin id="882" dir="0" index="1" bw="16" slack="0"/>
<pin id="883" dir="1" index="2" bw="0" slack="2147483647"/>
</pin_list>
<bind>
<opcode="store(28) " fcode="store"/>
<opset="store_ln196/1 "/>
</bind>
</comp>

<comp id="886" class="1004" name="p_ZZN4nnet24compute_output_buffer_2dINS_5arrayI8ap_fixedILi16ELi6EL9ap_q_mode5EL9_104_load_fu_886">
<pin_list>
<pin id="887" dir="0" index="0" bw="16" slack="0"/>
<pin id="888" dir="1" index="1" bw="16" slack="0"/>
</pin_list>
<bind>
<opcode="load(27) " fcode="load"/>
<opset="p_ZZN4nnet24compute_output_buffer_2dINS_5arrayI8ap_fixedILi16ELi6EL9ap_q_mode5EL9_104/1 "/>
</bind>
</comp>

<comp id="890" class="1004" name="store_ln196_store_fu_890">
<pin_list>
<pin id="891" dir="0" index="0" bw="16" slack="0"/>
<pin id="892" dir="0" index="1" bw="16" slack="0"/>
<pin id="893" dir="1" index="2" bw="0" slack="2147483647"/>
</pin_list>
<bind>
<opcode="store(28) " fcode="store"/>
<opset="store_ln196/1 "/>
</bind>
</comp>

<comp id="896" class="1004" name="p_ZZN4nnet24compute_output_buffer_2dINS_5arrayI8ap_fixedILi16ELi6EL9ap_q_mode5EL9_105_load_fu_896">
<pin_list>
<pin id="897" dir="0" index="0" bw="16" slack="0"/>
<pin id="898" dir="1" index="1" bw="16" slack="0"/>
</pin_list>
<bind>
<opcode="load(27) " fcode="load"/>
<opset="p_ZZN4nnet24compute_output_buffer_2dINS_5arrayI8ap_fixedILi16ELi6EL9ap_q_mode5EL9_105/1 "/>
</bind>
</comp>

<comp id="900" class="1004" name="store_ln196_store_fu_900">
<pin_list>
<pin id="901" dir="0" index="0" bw="16" slack="0"/>
<pin id="902" dir="0" index="1" bw="16" slack="0"/>
<pin id="903" dir="1" index="2" bw="0" slack="2147483647"/>
</pin_list>
<bind>
<opcode="store(28) " fcode="store"/>
<opset="store_ln196/1 "/>
</bind>
</comp>

<comp id="906" class="1004" name="p_ZZN4nnet24compute_output_buffer_2dINS_5arrayI8ap_fixedILi16ELi6EL9ap_q_mode5EL9_106_load_fu_906">
<pin_list>
<pin id="907" dir="0" index="0" bw="16" slack="0"/>
<pin id="908" dir="1" index="1" bw="16" slack="0"/>
</pin_list>
<bind>
<opcode="load(27) " fcode="load"/>
<opset="p_ZZN4nnet24compute_output_buffer_2dINS_5arrayI8ap_fixedILi16ELi6EL9ap_q_mode5EL9_106/1 "/>
</bind>
</comp>

<comp id="910" class="1004" name="store_ln196_store_fu_910">
<pin_list>
<pin id="911" dir="0" index="0" bw="16" slack="0"/>
<pin id="912" dir="0" index="1" bw="16" slack="0"/>
<pin id="913" dir="1" index="2" bw="0" slack="2147483647"/>
</pin_list>
<bind>
<opcode="store(28) " fcode="store"/>
<opset="store_ln196/1 "/>
</bind>
</comp>

<comp id="916" class="1004" name="p_ZZN4nnet24compute_output_buffer_2dINS_5arrayI8ap_fixedILi16ELi6EL9ap_q_mode5EL9_107_load_fu_916">
<pin_list>
<pin id="917" dir="0" index="0" bw="16" slack="0"/>
<pin id="918" dir="1" index="1" bw="16" slack="0"/>
</pin_list>
<bind>
<opcode="load(27) " fcode="load"/>
<opset="p_ZZN4nnet24compute_output_buffer_2dINS_5arrayI8ap_fixedILi16ELi6EL9ap_q_mode5EL9_107/1 "/>
</bind>
</comp>

<comp id="920" class="1004" name="store_ln196_store_fu_920">
<pin_list>
<pin id="921" dir="0" index="0" bw="16" slack="0"/>
<pin id="922" dir="0" index="1" bw="16" slack="0"/>
<pin id="923" dir="1" index="2" bw="0" slack="2147483647"/>
</pin_list>
<bind>
<opcode="store(28) " fcode="store"/>
<opset="store_ln196/1 "/>
</bind>
</comp>

<comp id="926" class="1004" name="store_ln209_store_fu_926">
<pin_list>
<pin id="927" dir="0" index="0" bw="16" slack="0"/>
<pin id="928" dir="0" index="1" bw="16" slack="0"/>
<pin id="929" dir="1" index="2" bw="0" slack="2147483647"/>
</pin_list>
<bind>
<opcode="store(28) " fcode="store"/>
<opset="store_ln209/1 "/>
</bind>
</comp>

<comp id="932" class="1004" name="store_ln209_store_fu_932">
<pin_list>
<pin id="933" dir="0" index="0" bw="16" slack="0"/>
<pin id="934" dir="0" index="1" bw="16" slack="0"/>
<pin id="935" dir="1" index="2" bw="0" slack="2147483647"/>
</pin_list>
<bind>
<opcode="store(28) " fcode="store"/>
<opset="store_ln209/1 "/>
</bind>
</comp>

<comp id="938" class="1004" name="store_ln209_store_fu_938">
<pin_list>
<pin id="939" dir="0" index="0" bw="16" slack="0"/>
<pin id="940" dir="0" index="1" bw="16" slack="0"/>
<pin id="941" dir="1" index="2" bw="0" slack="2147483647"/>
</pin_list>
<bind>
<opcode="store(28) " fcode="store"/>
<opset="store_ln209/1 "/>
</bind>
</comp>

<comp id="944" class="1004" name="store_ln209_store_fu_944">
<pin_list>
<pin id="945" dir="0" index="0" bw="16" slack="0"/>
<pin id="946" dir="0" index="1" bw="16" slack="0"/>
<pin id="947" dir="1" index="2" bw="0" slack="2147483647"/>
</pin_list>
<bind>
<opcode="store(28) " fcode="store"/>
<opset="store_ln209/1 "/>
</bind>
</comp>

<comp id="950" class="1004" name="store_ln209_store_fu_950">
<pin_list>
<pin id="951" dir="0" index="0" bw="16" slack="0"/>
<pin id="952" dir="0" index="1" bw="16" slack="0"/>
<pin id="953" dir="1" index="2" bw="0" slack="2147483647"/>
</pin_list>
<bind>
<opcode="store(28) " fcode="store"/>
<opset="store_ln209/1 "/>
</bind>
</comp>

<comp id="956" class="1004" name="store_ln209_store_fu_956">
<pin_list>
<pin id="957" dir="0" index="0" bw="16" slack="0"/>
<pin id="958" dir="0" index="1" bw="16" slack="0"/>
<pin id="959" dir="1" index="2" bw="0" slack="2147483647"/>
</pin_list>
<bind>
<opcode="store(28) " fcode="store"/>
<opset="store_ln209/1 "/>
</bind>
</comp>

<comp id="962" class="1004" name="store_ln209_store_fu_962">
<pin_list>
<pin id="963" dir="0" index="0" bw="16" slack="0"/>
<pin id="964" dir="0" index="1" bw="16" slack="0"/>
<pin id="965" dir="1" index="2" bw="0" slack="2147483647"/>
</pin_list>
<bind>
<opcode="store(28) " fcode="store"/>
<opset="store_ln209/1 "/>
</bind>
</comp>

<comp id="968" class="1004" name="store_ln209_store_fu_968">
<pin_list>
<pin id="969" dir="0" index="0" bw="16" slack="0"/>
<pin id="970" dir="0" index="1" bw="16" slack="0"/>
<pin id="971" dir="1" index="2" bw="0" slack="2147483647"/>
</pin_list>
<bind>
<opcode="store(28) " fcode="store"/>
<opset="store_ln209/1 "/>
</bind>
</comp>

<comp id="974" class="1004" name="store_ln209_store_fu_974">
<pin_list>
<pin id="975" dir="0" index="0" bw="16" slack="0"/>
<pin id="976" dir="0" index="1" bw="16" slack="0"/>
<pin id="977" dir="1" index="2" bw="0" slack="2147483647"/>
</pin_list>
<bind>
<opcode="store(28) " fcode="store"/>
<opset="store_ln209/1 "/>
</bind>
</comp>

<comp id="980" class="1004" name="store_ln209_store_fu_980">
<pin_list>
<pin id="981" dir="0" index="0" bw="16" slack="0"/>
<pin id="982" dir="0" index="1" bw="16" slack="0"/>
<pin id="983" dir="1" index="2" bw="0" slack="2147483647"/>
</pin_list>
<bind>
<opcode="store(28) " fcode="store"/>
<opset="store_ln209/1 "/>
</bind>
</comp>

<comp id="986" class="1004" name="store_ln209_store_fu_986">
<pin_list>
<pin id="987" dir="0" index="0" bw="16" slack="0"/>
<pin id="988" dir="0" index="1" bw="16" slack="0"/>
<pin id="989" dir="1" index="2" bw="0" slack="2147483647"/>
</pin_list>
<bind>
<opcode="store(28) " fcode="store"/>
<opset="store_ln209/1 "/>
</bind>
</comp>

<comp id="992" class="1004" name="store_ln209_store_fu_992">
<pin_list>
<pin id="993" dir="0" index="0" bw="16" slack="0"/>
<pin id="994" dir="0" index="1" bw="16" slack="0"/>
<pin id="995" dir="1" index="2" bw="0" slack="2147483647"/>
</pin_list>
<bind>
<opcode="store(28) " fcode="store"/>
<opset="store_ln209/1 "/>
</bind>
</comp>

<comp id="998" class="1004" name="store_ln209_store_fu_998">
<pin_list>
<pin id="999" dir="0" index="0" bw="16" slack="0"/>
<pin id="1000" dir="0" index="1" bw="16" slack="0"/>
<pin id="1001" dir="1" index="2" bw="0" slack="2147483647"/>
</pin_list>
<bind>
<opcode="store(28) " fcode="store"/>
<opset="store_ln209/1 "/>
</bind>
</comp>

<comp id="1004" class="1004" name="store_ln209_store_fu_1004">
<pin_list>
<pin id="1005" dir="0" index="0" bw="16" slack="0"/>
<pin id="1006" dir="0" index="1" bw="16" slack="0"/>
<pin id="1007" dir="1" index="2" bw="0" slack="2147483647"/>
</pin_list>
<bind>
<opcode="store(28) " fcode="store"/>
<opset="store_ln209/1 "/>
</bind>
</comp>

<comp id="1010" class="1004" name="store_ln209_store_fu_1010">
<pin_list>
<pin id="1011" dir="0" index="0" bw="16" slack="0"/>
<pin id="1012" dir="0" index="1" bw="16" slack="0"/>
<pin id="1013" dir="1" index="2" bw="0" slack="2147483647"/>
</pin_list>
<bind>
<opcode="store(28) " fcode="store"/>
<opset="store_ln209/1 "/>
</bind>
</comp>

<comp id="1016" class="1004" name="store_ln209_store_fu_1016">
<pin_list>
<pin id="1017" dir="0" index="0" bw="16" slack="0"/>
<pin id="1018" dir="0" index="1" bw="16" slack="0"/>
<pin id="1019" dir="1" index="2" bw="0" slack="2147483647"/>
</pin_list>
<bind>
<opcode="store(28) " fcode="store"/>
<opset="store_ln209/1 "/>
</bind>
</comp>

<comp id="1022" class="1004" name="store_ln209_store_fu_1022">
<pin_list>
<pin id="1023" dir="0" index="0" bw="16" slack="0"/>
<pin id="1024" dir="0" index="1" bw="16" slack="0"/>
<pin id="1025" dir="1" index="2" bw="0" slack="2147483647"/>
</pin_list>
<bind>
<opcode="store(28) " fcode="store"/>
<opset="store_ln209/1 "/>
</bind>
</comp>

<comp id="1028" class="1004" name="store_ln209_store_fu_1028">
<pin_list>
<pin id="1029" dir="0" index="0" bw="16" slack="0"/>
<pin id="1030" dir="0" index="1" bw="16" slack="0"/>
<pin id="1031" dir="1" index="2" bw="0" slack="2147483647"/>
</pin_list>
<bind>
<opcode="store(28) " fcode="store"/>
<opset="store_ln209/1 "/>
</bind>
</comp>

<comp id="1034" class="1004" name="store_ln209_store_fu_1034">
<pin_list>
<pin id="1035" dir="0" index="0" bw="16" slack="0"/>
<pin id="1036" dir="0" index="1" bw="16" slack="0"/>
<pin id="1037" dir="1" index="2" bw="0" slack="2147483647"/>
</pin_list>
<bind>
<opcode="store(28) " fcode="store"/>
<opset="store_ln209/1 "/>
</bind>
</comp>

<comp id="1040" class="1004" name="store_ln209_store_fu_1040">
<pin_list>
<pin id="1041" dir="0" index="0" bw="16" slack="0"/>
<pin id="1042" dir="0" index="1" bw="16" slack="0"/>
<pin id="1043" dir="1" index="2" bw="0" slack="2147483647"/>
</pin_list>
<bind>
<opcode="store(28) " fcode="store"/>
<opset="store_ln209/1 "/>
</bind>
</comp>

<comp id="1046" class="1004" name="store_ln209_store_fu_1046">
<pin_list>
<pin id="1047" dir="0" index="0" bw="16" slack="0"/>
<pin id="1048" dir="0" index="1" bw="16" slack="0"/>
<pin id="1049" dir="1" index="2" bw="0" slack="2147483647"/>
</pin_list>
<bind>
<opcode="store(28) " fcode="store"/>
<opset="store_ln209/1 "/>
</bind>
</comp>

<comp id="1052" class="1004" name="store_ln209_store_fu_1052">
<pin_list>
<pin id="1053" dir="0" index="0" bw="16" slack="0"/>
<pin id="1054" dir="0" index="1" bw="16" slack="0"/>
<pin id="1055" dir="1" index="2" bw="0" slack="2147483647"/>
</pin_list>
<bind>
<opcode="store(28) " fcode="store"/>
<opset="store_ln209/1 "/>
</bind>
</comp>

<comp id="1058" class="1004" name="store_ln209_store_fu_1058">
<pin_list>
<pin id="1059" dir="0" index="0" bw="16" slack="0"/>
<pin id="1060" dir="0" index="1" bw="16" slack="0"/>
<pin id="1061" dir="1" index="2" bw="0" slack="2147483647"/>
</pin_list>
<bind>
<opcode="store(28) " fcode="store"/>
<opset="store_ln209/1 "/>
</bind>
</comp>

<comp id="1064" class="1004" name="store_ln209_store_fu_1064">
<pin_list>
<pin id="1065" dir="0" index="0" bw="16" slack="0"/>
<pin id="1066" dir="0" index="1" bw="16" slack="0"/>
<pin id="1067" dir="1" index="2" bw="0" slack="2147483647"/>
</pin_list>
<bind>
<opcode="store(28) " fcode="store"/>
<opset="store_ln209/1 "/>
</bind>
</comp>

</comp_list>

<net_list>
<net id="242"><net_src comp="200" pin="0"/><net_sink comp="238" pin=0"/></net>

<net id="243"><net_src comp="14" pin="0"/><net_sink comp="238" pin=1"/></net>

<net id="248"><net_src comp="200" pin="0"/><net_sink comp="244" pin=0"/></net>

<net id="249"><net_src comp="12" pin="0"/><net_sink comp="244" pin=1"/></net>

<net id="254"><net_src comp="200" pin="0"/><net_sink comp="250" pin=0"/></net>

<net id="255"><net_src comp="10" pin="0"/><net_sink comp="250" pin=1"/></net>

<net id="260"><net_src comp="200" pin="0"/><net_sink comp="256" pin=0"/></net>

<net id="261"><net_src comp="8" pin="0"/><net_sink comp="256" pin=1"/></net>

<net id="266"><net_src comp="200" pin="0"/><net_sink comp="262" pin=0"/></net>

<net id="267"><net_src comp="6" pin="0"/><net_sink comp="262" pin=1"/></net>

<net id="272"><net_src comp="200" pin="0"/><net_sink comp="268" pin=0"/></net>

<net id="273"><net_src comp="4" pin="0"/><net_sink comp="268" pin=1"/></net>

<net id="278"><net_src comp="200" pin="0"/><net_sink comp="274" pin=0"/></net>

<net id="279"><net_src comp="2" pin="0"/><net_sink comp="274" pin=1"/></net>

<net id="284"><net_src comp="200" pin="0"/><net_sink comp="280" pin=0"/></net>

<net id="285"><net_src comp="0" pin="0"/><net_sink comp="280" pin=1"/></net>

<net id="292"><net_src comp="202" pin="0"/><net_sink comp="286" pin=0"/></net>

<net id="293"><net_src comp="204" pin="0"/><net_sink comp="286" pin=1"/></net>

<net id="294"><net_src comp="280" pin="2"/><net_sink comp="286" pin=2"/></net>

<net id="295"><net_src comp="206" pin="0"/><net_sink comp="286" pin=3"/></net>

<net id="302"><net_src comp="202" pin="0"/><net_sink comp="296" pin=0"/></net>

<net id="303"><net_src comp="208" pin="0"/><net_sink comp="296" pin=1"/></net>

<net id="304"><net_src comp="286" pin="4"/><net_sink comp="296" pin=2"/></net>

<net id="305"><net_src comp="206" pin="0"/><net_sink comp="296" pin=3"/></net>

<net id="312"><net_src comp="202" pin="0"/><net_sink comp="306" pin=0"/></net>

<net id="313"><net_src comp="210" pin="0"/><net_sink comp="306" pin=1"/></net>

<net id="314"><net_src comp="274" pin="2"/><net_sink comp="306" pin=2"/></net>

<net id="315"><net_src comp="206" pin="0"/><net_sink comp="306" pin=3"/></net>

<net id="322"><net_src comp="202" pin="0"/><net_sink comp="316" pin=0"/></net>

<net id="323"><net_src comp="212" pin="0"/><net_sink comp="316" pin=1"/></net>

<net id="324"><net_src comp="306" pin="4"/><net_sink comp="316" pin=2"/></net>

<net id="325"><net_src comp="206" pin="0"/><net_sink comp="316" pin=3"/></net>

<net id="332"><net_src comp="202" pin="0"/><net_sink comp="326" pin=0"/></net>

<net id="333"><net_src comp="214" pin="0"/><net_sink comp="326" pin=1"/></net>

<net id="334"><net_src comp="268" pin="2"/><net_sink comp="326" pin=2"/></net>

<net id="335"><net_src comp="206" pin="0"/><net_sink comp="326" pin=3"/></net>

<net id="342"><net_src comp="202" pin="0"/><net_sink comp="336" pin=0"/></net>

<net id="343"><net_src comp="216" pin="0"/><net_sink comp="336" pin=1"/></net>

<net id="344"><net_src comp="326" pin="4"/><net_sink comp="336" pin=2"/></net>

<net id="345"><net_src comp="206" pin="0"/><net_sink comp="336" pin=3"/></net>

<net id="352"><net_src comp="202" pin="0"/><net_sink comp="346" pin=0"/></net>

<net id="353"><net_src comp="218" pin="0"/><net_sink comp="346" pin=1"/></net>

<net id="354"><net_src comp="262" pin="2"/><net_sink comp="346" pin=2"/></net>

<net id="355"><net_src comp="206" pin="0"/><net_sink comp="346" pin=3"/></net>

<net id="362"><net_src comp="202" pin="0"/><net_sink comp="356" pin=0"/></net>

<net id="363"><net_src comp="220" pin="0"/><net_sink comp="356" pin=1"/></net>

<net id="364"><net_src comp="346" pin="4"/><net_sink comp="356" pin=2"/></net>

<net id="365"><net_src comp="206" pin="0"/><net_sink comp="356" pin=3"/></net>

<net id="372"><net_src comp="202" pin="0"/><net_sink comp="366" pin=0"/></net>

<net id="373"><net_src comp="222" pin="0"/><net_sink comp="366" pin=1"/></net>

<net id="374"><net_src comp="256" pin="2"/><net_sink comp="366" pin=2"/></net>

<net id="375"><net_src comp="206" pin="0"/><net_sink comp="366" pin=3"/></net>

<net id="382"><net_src comp="202" pin="0"/><net_sink comp="376" pin=0"/></net>

<net id="383"><net_src comp="224" pin="0"/><net_sink comp="376" pin=1"/></net>

<net id="384"><net_src comp="366" pin="4"/><net_sink comp="376" pin=2"/></net>

<net id="385"><net_src comp="206" pin="0"/><net_sink comp="376" pin=3"/></net>

<net id="392"><net_src comp="202" pin="0"/><net_sink comp="386" pin=0"/></net>

<net id="393"><net_src comp="226" pin="0"/><net_sink comp="386" pin=1"/></net>

<net id="394"><net_src comp="250" pin="2"/><net_sink comp="386" pin=2"/></net>

<net id="395"><net_src comp="206" pin="0"/><net_sink comp="386" pin=3"/></net>

<net id="402"><net_src comp="202" pin="0"/><net_sink comp="396" pin=0"/></net>

<net id="403"><net_src comp="228" pin="0"/><net_sink comp="396" pin=1"/></net>

<net id="404"><net_src comp="386" pin="4"/><net_sink comp="396" pin=2"/></net>

<net id="405"><net_src comp="206" pin="0"/><net_sink comp="396" pin=3"/></net>

<net id="412"><net_src comp="202" pin="0"/><net_sink comp="406" pin=0"/></net>

<net id="413"><net_src comp="230" pin="0"/><net_sink comp="406" pin=1"/></net>

<net id="414"><net_src comp="244" pin="2"/><net_sink comp="406" pin=2"/></net>

<net id="415"><net_src comp="206" pin="0"/><net_sink comp="406" pin=3"/></net>

<net id="422"><net_src comp="202" pin="0"/><net_sink comp="416" pin=0"/></net>

<net id="423"><net_src comp="232" pin="0"/><net_sink comp="416" pin=1"/></net>

<net id="424"><net_src comp="406" pin="4"/><net_sink comp="416" pin=2"/></net>

<net id="425"><net_src comp="206" pin="0"/><net_sink comp="416" pin=3"/></net>

<net id="432"><net_src comp="202" pin="0"/><net_sink comp="426" pin=0"/></net>

<net id="433"><net_src comp="234" pin="0"/><net_sink comp="426" pin=1"/></net>

<net id="434"><net_src comp="238" pin="2"/><net_sink comp="426" pin=2"/></net>

<net id="435"><net_src comp="206" pin="0"/><net_sink comp="426" pin=3"/></net>

<net id="442"><net_src comp="202" pin="0"/><net_sink comp="436" pin=0"/></net>

<net id="443"><net_src comp="236" pin="0"/><net_sink comp="436" pin=1"/></net>

<net id="444"><net_src comp="426" pin="4"/><net_sink comp="436" pin=2"/></net>

<net id="445"><net_src comp="206" pin="0"/><net_sink comp="436" pin=3"/></net>

<net id="449"><net_src comp="16" pin="0"/><net_sink comp="446" pin=0"/></net>

<net id="454"><net_src comp="446" pin="1"/><net_sink comp="450" pin=0"/></net>

<net id="455"><net_src comp="18" pin="0"/><net_sink comp="450" pin=1"/></net>

<net id="459"><net_src comp="20" pin="0"/><net_sink comp="456" pin=0"/></net>

<net id="464"><net_src comp="456" pin="1"/><net_sink comp="460" pin=0"/></net>

<net id="465"><net_src comp="22" pin="0"/><net_sink comp="460" pin=1"/></net>

<net id="469"><net_src comp="24" pin="0"/><net_sink comp="466" pin=0"/></net>

<net id="474"><net_src comp="466" pin="1"/><net_sink comp="470" pin=0"/></net>

<net id="475"><net_src comp="26" pin="0"/><net_sink comp="470" pin=1"/></net>

<net id="479"><net_src comp="28" pin="0"/><net_sink comp="476" pin=0"/></net>

<net id="484"><net_src comp="476" pin="1"/><net_sink comp="480" pin=0"/></net>

<net id="485"><net_src comp="30" pin="0"/><net_sink comp="480" pin=1"/></net>

<net id="489"><net_src comp="32" pin="0"/><net_sink comp="486" pin=0"/></net>

<net id="494"><net_src comp="486" pin="1"/><net_sink comp="490" pin=0"/></net>

<net id="495"><net_src comp="34" pin="0"/><net_sink comp="490" pin=1"/></net>

<net id="499"><net_src comp="36" pin="0"/><net_sink comp="496" pin=0"/></net>

<net id="504"><net_src comp="496" pin="1"/><net_sink comp="500" pin=0"/></net>

<net id="505"><net_src comp="38" pin="0"/><net_sink comp="500" pin=1"/></net>

<net id="509"><net_src comp="40" pin="0"/><net_sink comp="506" pin=0"/></net>

<net id="514"><net_src comp="506" pin="1"/><net_sink comp="510" pin=0"/></net>

<net id="515"><net_src comp="42" pin="0"/><net_sink comp="510" pin=1"/></net>

<net id="519"><net_src comp="44" pin="0"/><net_sink comp="516" pin=0"/></net>

<net id="524"><net_src comp="516" pin="1"/><net_sink comp="520" pin=0"/></net>

<net id="525"><net_src comp="46" pin="0"/><net_sink comp="520" pin=1"/></net>

<net id="529"><net_src comp="48" pin="0"/><net_sink comp="526" pin=0"/></net>

<net id="534"><net_src comp="526" pin="1"/><net_sink comp="530" pin=0"/></net>

<net id="535"><net_src comp="50" pin="0"/><net_sink comp="530" pin=1"/></net>

<net id="539"><net_src comp="52" pin="0"/><net_sink comp="536" pin=0"/></net>

<net id="544"><net_src comp="536" pin="1"/><net_sink comp="540" pin=0"/></net>

<net id="545"><net_src comp="54" pin="0"/><net_sink comp="540" pin=1"/></net>

<net id="549"><net_src comp="56" pin="0"/><net_sink comp="546" pin=0"/></net>

<net id="554"><net_src comp="546" pin="1"/><net_sink comp="550" pin=0"/></net>

<net id="555"><net_src comp="58" pin="0"/><net_sink comp="550" pin=1"/></net>

<net id="559"><net_src comp="60" pin="0"/><net_sink comp="556" pin=0"/></net>

<net id="564"><net_src comp="556" pin="1"/><net_sink comp="560" pin=0"/></net>

<net id="565"><net_src comp="62" pin="0"/><net_sink comp="560" pin=1"/></net>

<net id="569"><net_src comp="64" pin="0"/><net_sink comp="566" pin=0"/></net>

<net id="574"><net_src comp="566" pin="1"/><net_sink comp="570" pin=0"/></net>

<net id="575"><net_src comp="66" pin="0"/><net_sink comp="570" pin=1"/></net>

<net id="579"><net_src comp="68" pin="0"/><net_sink comp="576" pin=0"/></net>

<net id="584"><net_src comp="576" pin="1"/><net_sink comp="580" pin=0"/></net>

<net id="585"><net_src comp="70" pin="0"/><net_sink comp="580" pin=1"/></net>

<net id="589"><net_src comp="72" pin="0"/><net_sink comp="586" pin=0"/></net>

<net id="594"><net_src comp="586" pin="1"/><net_sink comp="590" pin=0"/></net>

<net id="595"><net_src comp="74" pin="0"/><net_sink comp="590" pin=1"/></net>

<net id="599"><net_src comp="76" pin="0"/><net_sink comp="596" pin=0"/></net>

<net id="604"><net_src comp="596" pin="1"/><net_sink comp="600" pin=0"/></net>

<net id="605"><net_src comp="78" pin="0"/><net_sink comp="600" pin=1"/></net>

<net id="609"><net_src comp="80" pin="0"/><net_sink comp="606" pin=0"/></net>

<net id="614"><net_src comp="606" pin="1"/><net_sink comp="610" pin=0"/></net>

<net id="615"><net_src comp="82" pin="0"/><net_sink comp="610" pin=1"/></net>

<net id="619"><net_src comp="84" pin="0"/><net_sink comp="616" pin=0"/></net>

<net id="624"><net_src comp="616" pin="1"/><net_sink comp="620" pin=0"/></net>

<net id="625"><net_src comp="86" pin="0"/><net_sink comp="620" pin=1"/></net>

<net id="629"><net_src comp="88" pin="0"/><net_sink comp="626" pin=0"/></net>

<net id="634"><net_src comp="626" pin="1"/><net_sink comp="630" pin=0"/></net>

<net id="635"><net_src comp="90" pin="0"/><net_sink comp="630" pin=1"/></net>

<net id="639"><net_src comp="92" pin="0"/><net_sink comp="636" pin=0"/></net>

<net id="644"><net_src comp="636" pin="1"/><net_sink comp="640" pin=0"/></net>

<net id="645"><net_src comp="94" pin="0"/><net_sink comp="640" pin=1"/></net>

<net id="649"><net_src comp="96" pin="0"/><net_sink comp="646" pin=0"/></net>

<net id="654"><net_src comp="646" pin="1"/><net_sink comp="650" pin=0"/></net>

<net id="655"><net_src comp="98" pin="0"/><net_sink comp="650" pin=1"/></net>

<net id="659"><net_src comp="100" pin="0"/><net_sink comp="656" pin=0"/></net>

<net id="664"><net_src comp="656" pin="1"/><net_sink comp="660" pin=0"/></net>

<net id="665"><net_src comp="102" pin="0"/><net_sink comp="660" pin=1"/></net>

<net id="669"><net_src comp="104" pin="0"/><net_sink comp="666" pin=0"/></net>

<net id="674"><net_src comp="666" pin="1"/><net_sink comp="670" pin=0"/></net>

<net id="675"><net_src comp="106" pin="0"/><net_sink comp="670" pin=1"/></net>

<net id="679"><net_src comp="108" pin="0"/><net_sink comp="676" pin=0"/></net>

<net id="684"><net_src comp="676" pin="1"/><net_sink comp="680" pin=0"/></net>

<net id="685"><net_src comp="110" pin="0"/><net_sink comp="680" pin=1"/></net>

<net id="689"><net_src comp="112" pin="0"/><net_sink comp="686" pin=0"/></net>

<net id="694"><net_src comp="686" pin="1"/><net_sink comp="690" pin=0"/></net>

<net id="695"><net_src comp="16" pin="0"/><net_sink comp="690" pin=1"/></net>

<net id="699"><net_src comp="114" pin="0"/><net_sink comp="696" pin=0"/></net>

<net id="704"><net_src comp="696" pin="1"/><net_sink comp="700" pin=0"/></net>

<net id="705"><net_src comp="20" pin="0"/><net_sink comp="700" pin=1"/></net>

<net id="709"><net_src comp="116" pin="0"/><net_sink comp="706" pin=0"/></net>

<net id="714"><net_src comp="706" pin="1"/><net_sink comp="710" pin=0"/></net>

<net id="715"><net_src comp="24" pin="0"/><net_sink comp="710" pin=1"/></net>

<net id="719"><net_src comp="118" pin="0"/><net_sink comp="716" pin=0"/></net>

<net id="724"><net_src comp="716" pin="1"/><net_sink comp="720" pin=0"/></net>

<net id="725"><net_src comp="28" pin="0"/><net_sink comp="720" pin=1"/></net>

<net id="729"><net_src comp="120" pin="0"/><net_sink comp="726" pin=0"/></net>

<net id="734"><net_src comp="726" pin="1"/><net_sink comp="730" pin=0"/></net>

<net id="735"><net_src comp="32" pin="0"/><net_sink comp="730" pin=1"/></net>

<net id="739"><net_src comp="122" pin="0"/><net_sink comp="736" pin=0"/></net>

<net id="744"><net_src comp="736" pin="1"/><net_sink comp="740" pin=0"/></net>

<net id="745"><net_src comp="36" pin="0"/><net_sink comp="740" pin=1"/></net>

<net id="749"><net_src comp="124" pin="0"/><net_sink comp="746" pin=0"/></net>

<net id="754"><net_src comp="746" pin="1"/><net_sink comp="750" pin=0"/></net>

<net id="755"><net_src comp="40" pin="0"/><net_sink comp="750" pin=1"/></net>

<net id="759"><net_src comp="126" pin="0"/><net_sink comp="756" pin=0"/></net>

<net id="764"><net_src comp="756" pin="1"/><net_sink comp="760" pin=0"/></net>

<net id="765"><net_src comp="44" pin="0"/><net_sink comp="760" pin=1"/></net>

<net id="769"><net_src comp="128" pin="0"/><net_sink comp="766" pin=0"/></net>

<net id="774"><net_src comp="766" pin="1"/><net_sink comp="770" pin=0"/></net>

<net id="775"><net_src comp="48" pin="0"/><net_sink comp="770" pin=1"/></net>

<net id="779"><net_src comp="130" pin="0"/><net_sink comp="776" pin=0"/></net>

<net id="784"><net_src comp="776" pin="1"/><net_sink comp="780" pin=0"/></net>

<net id="785"><net_src comp="52" pin="0"/><net_sink comp="780" pin=1"/></net>

<net id="789"><net_src comp="132" pin="0"/><net_sink comp="786" pin=0"/></net>

<net id="794"><net_src comp="786" pin="1"/><net_sink comp="790" pin=0"/></net>

<net id="795"><net_src comp="56" pin="0"/><net_sink comp="790" pin=1"/></net>

<net id="799"><net_src comp="134" pin="0"/><net_sink comp="796" pin=0"/></net>

<net id="804"><net_src comp="796" pin="1"/><net_sink comp="800" pin=0"/></net>

<net id="805"><net_src comp="60" pin="0"/><net_sink comp="800" pin=1"/></net>

<net id="809"><net_src comp="136" pin="0"/><net_sink comp="806" pin=0"/></net>

<net id="814"><net_src comp="806" pin="1"/><net_sink comp="810" pin=0"/></net>

<net id="815"><net_src comp="64" pin="0"/><net_sink comp="810" pin=1"/></net>

<net id="819"><net_src comp="138" pin="0"/><net_sink comp="816" pin=0"/></net>

<net id="824"><net_src comp="816" pin="1"/><net_sink comp="820" pin=0"/></net>

<net id="825"><net_src comp="68" pin="0"/><net_sink comp="820" pin=1"/></net>

<net id="829"><net_src comp="140" pin="0"/><net_sink comp="826" pin=0"/></net>

<net id="834"><net_src comp="826" pin="1"/><net_sink comp="830" pin=0"/></net>

<net id="835"><net_src comp="72" pin="0"/><net_sink comp="830" pin=1"/></net>

<net id="839"><net_src comp="142" pin="0"/><net_sink comp="836" pin=0"/></net>

<net id="844"><net_src comp="836" pin="1"/><net_sink comp="840" pin=0"/></net>

<net id="845"><net_src comp="76" pin="0"/><net_sink comp="840" pin=1"/></net>

<net id="849"><net_src comp="144" pin="0"/><net_sink comp="846" pin=0"/></net>

<net id="854"><net_src comp="846" pin="1"/><net_sink comp="850" pin=0"/></net>

<net id="855"><net_src comp="80" pin="0"/><net_sink comp="850" pin=1"/></net>

<net id="859"><net_src comp="146" pin="0"/><net_sink comp="856" pin=0"/></net>

<net id="864"><net_src comp="856" pin="1"/><net_sink comp="860" pin=0"/></net>

<net id="865"><net_src comp="84" pin="0"/><net_sink comp="860" pin=1"/></net>

<net id="869"><net_src comp="148" pin="0"/><net_sink comp="866" pin=0"/></net>

<net id="874"><net_src comp="866" pin="1"/><net_sink comp="870" pin=0"/></net>

<net id="875"><net_src comp="88" pin="0"/><net_sink comp="870" pin=1"/></net>

<net id="879"><net_src comp="150" pin="0"/><net_sink comp="876" pin=0"/></net>

<net id="884"><net_src comp="876" pin="1"/><net_sink comp="880" pin=0"/></net>

<net id="885"><net_src comp="92" pin="0"/><net_sink comp="880" pin=1"/></net>

<net id="889"><net_src comp="152" pin="0"/><net_sink comp="886" pin=0"/></net>

<net id="894"><net_src comp="886" pin="1"/><net_sink comp="890" pin=0"/></net>

<net id="895"><net_src comp="96" pin="0"/><net_sink comp="890" pin=1"/></net>

<net id="899"><net_src comp="154" pin="0"/><net_sink comp="896" pin=0"/></net>

<net id="904"><net_src comp="896" pin="1"/><net_sink comp="900" pin=0"/></net>

<net id="905"><net_src comp="100" pin="0"/><net_sink comp="900" pin=1"/></net>

<net id="909"><net_src comp="156" pin="0"/><net_sink comp="906" pin=0"/></net>

<net id="914"><net_src comp="906" pin="1"/><net_sink comp="910" pin=0"/></net>

<net id="915"><net_src comp="104" pin="0"/><net_sink comp="910" pin=1"/></net>

<net id="919"><net_src comp="158" pin="0"/><net_sink comp="916" pin=0"/></net>

<net id="924"><net_src comp="916" pin="1"/><net_sink comp="920" pin=0"/></net>

<net id="925"><net_src comp="108" pin="0"/><net_sink comp="920" pin=1"/></net>

<net id="930"><net_src comp="296" pin="4"/><net_sink comp="926" pin=0"/></net>

<net id="931"><net_src comp="112" pin="0"/><net_sink comp="926" pin=1"/></net>

<net id="936"><net_src comp="316" pin="4"/><net_sink comp="932" pin=0"/></net>

<net id="937"><net_src comp="114" pin="0"/><net_sink comp="932" pin=1"/></net>

<net id="942"><net_src comp="336" pin="4"/><net_sink comp="938" pin=0"/></net>

<net id="943"><net_src comp="116" pin="0"/><net_sink comp="938" pin=1"/></net>

<net id="948"><net_src comp="356" pin="4"/><net_sink comp="944" pin=0"/></net>

<net id="949"><net_src comp="118" pin="0"/><net_sink comp="944" pin=1"/></net>

<net id="954"><net_src comp="376" pin="4"/><net_sink comp="950" pin=0"/></net>

<net id="955"><net_src comp="120" pin="0"/><net_sink comp="950" pin=1"/></net>

<net id="960"><net_src comp="396" pin="4"/><net_sink comp="956" pin=0"/></net>

<net id="961"><net_src comp="122" pin="0"/><net_sink comp="956" pin=1"/></net>

<net id="966"><net_src comp="416" pin="4"/><net_sink comp="962" pin=0"/></net>

<net id="967"><net_src comp="124" pin="0"/><net_sink comp="962" pin=1"/></net>

<net id="972"><net_src comp="436" pin="4"/><net_sink comp="968" pin=0"/></net>

<net id="973"><net_src comp="126" pin="0"/><net_sink comp="968" pin=1"/></net>

<net id="978"><net_src comp="286" pin="4"/><net_sink comp="974" pin=0"/></net>

<net id="979"><net_src comp="128" pin="0"/><net_sink comp="974" pin=1"/></net>

<net id="984"><net_src comp="306" pin="4"/><net_sink comp="980" pin=0"/></net>

<net id="985"><net_src comp="130" pin="0"/><net_sink comp="980" pin=1"/></net>

<net id="990"><net_src comp="326" pin="4"/><net_sink comp="986" pin=0"/></net>

<net id="991"><net_src comp="132" pin="0"/><net_sink comp="986" pin=1"/></net>

<net id="996"><net_src comp="346" pin="4"/><net_sink comp="992" pin=0"/></net>

<net id="997"><net_src comp="134" pin="0"/><net_sink comp="992" pin=1"/></net>

<net id="1002"><net_src comp="366" pin="4"/><net_sink comp="998" pin=0"/></net>

<net id="1003"><net_src comp="136" pin="0"/><net_sink comp="998" pin=1"/></net>

<net id="1008"><net_src comp="386" pin="4"/><net_sink comp="1004" pin=0"/></net>

<net id="1009"><net_src comp="138" pin="0"/><net_sink comp="1004" pin=1"/></net>

<net id="1014"><net_src comp="406" pin="4"/><net_sink comp="1010" pin=0"/></net>

<net id="1015"><net_src comp="140" pin="0"/><net_sink comp="1010" pin=1"/></net>

<net id="1020"><net_src comp="426" pin="4"/><net_sink comp="1016" pin=0"/></net>

<net id="1021"><net_src comp="142" pin="0"/><net_sink comp="1016" pin=1"/></net>

<net id="1026"><net_src comp="280" pin="2"/><net_sink comp="1022" pin=0"/></net>

<net id="1027"><net_src comp="144" pin="0"/><net_sink comp="1022" pin=1"/></net>

<net id="1032"><net_src comp="274" pin="2"/><net_sink comp="1028" pin=0"/></net>

<net id="1033"><net_src comp="146" pin="0"/><net_sink comp="1028" pin=1"/></net>

<net id="1038"><net_src comp="268" pin="2"/><net_sink comp="1034" pin=0"/></net>

<net id="1039"><net_src comp="148" pin="0"/><net_sink comp="1034" pin=1"/></net>

<net id="1044"><net_src comp="262" pin="2"/><net_sink comp="1040" pin=0"/></net>

<net id="1045"><net_src comp="150" pin="0"/><net_sink comp="1040" pin=1"/></net>

<net id="1050"><net_src comp="256" pin="2"/><net_sink comp="1046" pin=0"/></net>

<net id="1051"><net_src comp="152" pin="0"/><net_sink comp="1046" pin=1"/></net>

<net id="1056"><net_src comp="250" pin="2"/><net_sink comp="1052" pin=0"/></net>

<net id="1057"><net_src comp="154" pin="0"/><net_sink comp="1052" pin=1"/></net>

<net id="1062"><net_src comp="244" pin="2"/><net_sink comp="1058" pin=0"/></net>

<net id="1063"><net_src comp="156" pin="0"/><net_sink comp="1058" pin=1"/></net>

<net id="1068"><net_src comp="238" pin="2"/><net_sink comp="1064" pin=0"/></net>

<net id="1069"><net_src comp="158" pin="0"/><net_sink comp="1064" pin=1"/></net>

</net_list>

</model> 
---------------- Datapath Model END ------------------

* FSMD analyzer results:
  - Output states:
	Port: void_compute_output_buffer_2d_array_const_ap_shift_reg_n_chan_stream_weig_1 | {1 }
	Port: void_compute_output_buffer_2d_array_const_ap_shift_reg_n_chan_stream_weig_9 | {1 }
	Port: void_compute_output_buffer_2d_array_const_ap_shift_reg_n_chan_stream_weig | {1 }
	Port: void_compute_output_buffer_2d_array_const_ap_shift_reg_n_chan_stream_weig_8 | {1 }
	Port: p_ZZN4nnet24compute_output_buffer_2dINS_5arrayI8ap_fixedILi16ELi6EL9ap_q_mode5EL9_61 | {1 }
	Port: void_compute_output_buffer_2d_array_const_ap_shift_reg_n_chan_stream_weig_7 | {1 }
	Port: p_ZZN4nnet24compute_output_buffer_2dINS_5arrayI8ap_fixedILi16ELi6EL9ap_q_mode5EL9_60 | {1 }
	Port: void_compute_output_buffer_2d_array_const_ap_shift_reg_n_chan_stream_weig_6 | {1 }
	Port: p_ZZN4nnet24compute_output_buffer_2dINS_5arrayI8ap_fixedILi16ELi6EL9ap_q_mode5EL9_59 | {1 }
	Port: void_compute_output_buffer_2d_array_const_ap_shift_reg_n_chan_stream_weig_5 | {1 }
	Port: p_ZZN4nnet24compute_output_buffer_2dINS_5arrayI8ap_fixedILi16ELi6EL9ap_q_mode5EL9_58 | {1 }
	Port: void_compute_output_buffer_2d_array_const_ap_shift_reg_n_chan_stream_weig_4 | {1 }
	Port: p_ZZN4nnet24compute_output_buffer_2dINS_5arrayI8ap_fixedILi16ELi6EL9ap_q_mode5EL9_57 | {1 }
	Port: void_compute_output_buffer_2d_array_const_ap_shift_reg_n_chan_stream_weig_3 | {1 }
	Port: p_ZZN4nnet24compute_output_buffer_2dINS_5arrayI8ap_fixedILi16ELi6EL9ap_q_mode5EL9_56 | {1 }
	Port: void_compute_output_buffer_2d_array_const_ap_shift_reg_n_chan_stream_weig_2 | {1 }
	Port: p_ZZN4nnet24compute_output_buffer_2dINS_5arrayI8ap_fixedILi16ELi6EL9ap_q_mode5EL9_39 | {1 }
	Port: p_ZZN4nnet24compute_output_buffer_2dINS_5arrayI8ap_fixedILi16ELi6EL9ap_q_mode5EL9_47 | {1 }
	Port: p_ZZN4nnet24compute_output_buffer_2dINS_5arrayI8ap_fixedILi16ELi6EL9ap_q_mode5EL9_38 | {1 }
	Port: p_ZZN4nnet24compute_output_buffer_2dINS_5arrayI8ap_fixedILi16ELi6EL9ap_q_mode5EL9_46 | {1 }
	Port: p_ZZN4nnet24compute_output_buffer_2dINS_5arrayI8ap_fixedILi16ELi6EL9ap_q_mode5EL9_37 | {1 }
	Port: p_ZZN4nnet24compute_output_buffer_2dINS_5arrayI8ap_fixedILi16ELi6EL9ap_q_mode5EL9_45 | {1 }
	Port: p_ZZN4nnet24compute_output_buffer_2dINS_5arrayI8ap_fixedILi16ELi6EL9ap_q_mode5EL9_36 | {1 }
	Port: p_ZZN4nnet24compute_output_buffer_2dINS_5arrayI8ap_fixedILi16ELi6EL9ap_q_mode5EL9_44 | {1 }
	Port: p_ZZN4nnet24compute_output_buffer_2dINS_5arrayI8ap_fixedILi16ELi6EL9ap_q_mode5EL9_35 | {1 }
	Port: p_ZZN4nnet24compute_output_buffer_2dINS_5arrayI8ap_fixedILi16ELi6EL9ap_q_mode5EL9_43 | {1 }
	Port: p_ZZN4nnet24compute_output_buffer_2dINS_5arrayI8ap_fixedILi16ELi6EL9ap_q_mode5EL9_34 | {1 }
	Port: p_ZZN4nnet24compute_output_buffer_2dINS_5arrayI8ap_fixedILi16ELi6EL9ap_q_mode5EL9_42 | {1 }
	Port: p_ZZN4nnet24compute_output_buffer_2dINS_5arrayI8ap_fixedILi16ELi6EL9ap_q_mode5EL9_33 | {1 }
	Port: p_ZZN4nnet24compute_output_buffer_2dINS_5arrayI8ap_fixedILi16ELi6EL9ap_q_mode5EL9_41 | {1 }
	Port: p_ZZN4nnet24compute_output_buffer_2dINS_5arrayI8ap_fixedILi16ELi6EL9ap_q_mode5EL9_32 | {1 }
	Port: p_ZZN4nnet24compute_output_buffer_2dINS_5arrayI8ap_fixedILi16ELi6EL9ap_q_mode5EL9_40 | {1 }
	Port: p_ZZN4nnet24compute_output_buffer_2dINS_5arrayI8ap_fixedILi16ELi6EL9ap_q_mode5EL9_15 | {1 }
	Port: p_ZZN4nnet24compute_output_buffer_2dINS_5arrayI8ap_fixedILi16ELi6EL9ap_q_mode5EL9_23 | {1 }
	Port: p_ZZN4nnet24compute_output_buffer_2dINS_5arrayI8ap_fixedILi16ELi6EL9ap_q_mode5EL9_14 | {1 }
	Port: p_ZZN4nnet24compute_output_buffer_2dINS_5arrayI8ap_fixedILi16ELi6EL9ap_q_mode5EL9_22 | {1 }
	Port: p_ZZN4nnet24compute_output_buffer_2dINS_5arrayI8ap_fixedILi16ELi6EL9ap_q_mode5EL9_13 | {1 }
	Port: p_ZZN4nnet24compute_output_buffer_2dINS_5arrayI8ap_fixedILi16ELi6EL9ap_q_mode5EL9_21 | {1 }
	Port: p_ZZN4nnet24compute_output_buffer_2dINS_5arrayI8ap_fixedILi16ELi6EL9ap_q_mode5EL9_12 | {1 }
	Port: p_ZZN4nnet24compute_output_buffer_2dINS_5arrayI8ap_fixedILi16ELi6EL9ap_q_mode5EL9_20 | {1 }
	Port: p_ZZN4nnet24compute_output_buffer_2dINS_5arrayI8ap_fixedILi16ELi6EL9ap_q_mode5EL9_11 | {1 }
	Port: p_ZZN4nnet24compute_output_buffer_2dINS_5arrayI8ap_fixedILi16ELi6EL9ap_q_mode5EL9_19 | {1 }
	Port: p_ZZN4nnet24compute_output_buffer_2dINS_5arrayI8ap_fixedILi16ELi6EL9ap_q_mode5EL9_10 | {1 }
	Port: p_ZZN4nnet24compute_output_buffer_2dINS_5arrayI8ap_fixedILi16ELi6EL9ap_q_mode5EL9_18 | {1 }
	Port: p_ZZN4nnet24compute_output_buffer_2dINS_5arrayI8ap_fixedILi16ELi6EL9ap_q_mode5EL9_9 | {1 }
	Port: p_ZZN4nnet24compute_output_buffer_2dINS_5arrayI8ap_fixedILi16ELi6EL9ap_q_mode5EL9_17 | {1 }
	Port: p_ZZN4nnet24compute_output_buffer_2dINS_5arrayI8ap_fixedILi16ELi6EL9ap_q_mode5EL9_8 | {1 }
	Port: p_ZZN4nnet24compute_output_buffer_2dINS_5arrayI8ap_fixedILi16ELi6EL9ap_q_mode5EL9_16 | {1 }
	Port: p_ZZN4nnet24compute_output_buffer_2dINS_5arrayI8ap_fixedILi16ELi6EL9ap_q_mode5EL9_55 | {1 }
	Port: p_ZZN4nnet24compute_output_buffer_2dINS_5arrayI8ap_fixedILi16ELi6EL9ap_q_mode5EL9_54 | {1 }
	Port: p_ZZN4nnet24compute_output_buffer_2dINS_5arrayI8ap_fixedILi16ELi6EL9ap_q_mode5EL9_53 | {1 }
	Port: p_ZZN4nnet24compute_output_buffer_2dINS_5arrayI8ap_fixedILi16ELi6EL9ap_q_mode5EL9_52 | {1 }
	Port: p_ZZN4nnet24compute_output_buffer_2dINS_5arrayI8ap_fixedILi16ELi6EL9ap_q_mode5EL9_51 | {1 }
	Port: p_ZZN4nnet24compute_output_buffer_2dINS_5arrayI8ap_fixedILi16ELi6EL9ap_q_mode5EL9_50 | {1 }
	Port: p_ZZN4nnet24compute_output_buffer_2dINS_5arrayI8ap_fixedILi16ELi6EL9ap_q_mode5EL9_49 | {1 }
	Port: p_ZZN4nnet24compute_output_buffer_2dINS_5arrayI8ap_fixedILi16ELi6EL9ap_q_mode5EL9_48 | {1 }
	Port: p_ZZN4nnet24compute_output_buffer_2dINS_5arrayI8ap_fixedILi16ELi6EL9ap_q_mode5EL9_31 | {1 }
	Port: p_ZZN4nnet24compute_output_buffer_2dINS_5arrayI8ap_fixedILi16ELi6EL9ap_q_mode5EL9_30 | {1 }
	Port: p_ZZN4nnet24compute_output_buffer_2dINS_5arrayI8ap_fixedILi16ELi6EL9ap_q_mode5EL9_29 | {1 }
	Port: p_ZZN4nnet24compute_output_buffer_2dINS_5arrayI8ap_fixedILi16ELi6EL9ap_q_mode5EL9_28 | {1 }
	Port: p_ZZN4nnet24compute_output_buffer_2dINS_5arrayI8ap_fixedILi16ELi6EL9ap_q_mode5EL9_27 | {1 }
	Port: p_ZZN4nnet24compute_output_buffer_2dINS_5arrayI8ap_fixedILi16ELi6EL9ap_q_mode5EL9_26 | {1 }
	Port: p_ZZN4nnet24compute_output_buffer_2dINS_5arrayI8ap_fixedILi16ELi6EL9ap_q_mode5EL9_25 | {1 }
	Port: p_ZZN4nnet24compute_output_buffer_2dINS_5arrayI8ap_fixedILi16ELi6EL9ap_q_mode5EL9_24 | {1 }
	Port: p_ZZN4nnet24compute_output_buffer_2dINS_5arrayI8ap_fixedILi16ELi6EL9ap_q_mode5EL9_7 | {1 }
	Port: p_ZZN4nnet24compute_output_buffer_2dINS_5arrayI8ap_fixedILi16ELi6EL9ap_q_mode5EL9_6 | {1 }
	Port: p_ZZN4nnet24compute_output_buffer_2dINS_5arrayI8ap_fixedILi16ELi6EL9ap_q_mode5EL9_5 | {1 }
	Port: p_ZZN4nnet24compute_output_buffer_2dINS_5arrayI8ap_fixedILi16ELi6EL9ap_q_mode5EL9_4 | {1 }
	Port: p_ZZN4nnet24compute_output_buffer_2dINS_5arrayI8ap_fixedILi16ELi6EL9ap_q_mode5EL9_3 | {1 }
	Port: p_ZZN4nnet24compute_output_buffer_2dINS_5arrayI8ap_fixedILi16ELi6EL9ap_q_mode5EL9_2 | {1 }
	Port: p_ZZN4nnet24compute_output_buffer_2dINS_5arrayI8ap_fixedILi16ELi6EL9ap_q_mode5EL9_1 | {1 }
	Port: p_ZZN4nnet24compute_output_buffer_2dINS_5arrayI8ap_fixedILi16ELi6EL9ap_q_mode5EL9 | {1 }
	Port: p_ZZN4nnet26conv_2d_buffer_resource_clINS_5arrayI8ap_fixedILi16ELi6EL9ap_q_mode5E_15 | {1 }
	Port: p_ZZN4nnet26conv_2d_buffer_resource_clINS_5arrayI8ap_fixedILi16ELi6EL9ap_q_mode5E_7 | {1 }
	Port: p_ZZN4nnet26conv_2d_buffer_resource_clINS_5arrayI8ap_fixedILi16ELi6EL9ap_q_mode5E_14 | {1 }
	Port: p_ZZN4nnet26conv_2d_buffer_resource_clINS_5arrayI8ap_fixedILi16ELi6EL9ap_q_mode5E_6 | {1 }
	Port: p_ZZN4nnet26conv_2d_buffer_resource_clINS_5arrayI8ap_fixedILi16ELi6EL9ap_q_mode5E_13 | {1 }
	Port: p_ZZN4nnet26conv_2d_buffer_resource_clINS_5arrayI8ap_fixedILi16ELi6EL9ap_q_mode5E_5 | {1 }
	Port: p_ZZN4nnet26conv_2d_buffer_resource_clINS_5arrayI8ap_fixedILi16ELi6EL9ap_q_mode5E_12 | {1 }
	Port: p_ZZN4nnet26conv_2d_buffer_resource_clINS_5arrayI8ap_fixedILi16ELi6EL9ap_q_mode5E_4 | {1 }
	Port: p_ZZN4nnet26conv_2d_buffer_resource_clINS_5arrayI8ap_fixedILi16ELi6EL9ap_q_mode5E_11 | {1 }
	Port: p_ZZN4nnet26conv_2d_buffer_resource_clINS_5arrayI8ap_fixedILi16ELi6EL9ap_q_mode5E_3 | {1 }
	Port: p_ZZN4nnet26conv_2d_buffer_resource_clINS_5arrayI8ap_fixedILi16ELi6EL9ap_q_mode5E_10 | {1 }
	Port: p_ZZN4nnet26conv_2d_buffer_resource_clINS_5arrayI8ap_fixedILi16ELi6EL9ap_q_mode5E_2 | {1 }
	Port: p_ZZN4nnet26conv_2d_buffer_resource_clINS_5arrayI8ap_fixedILi16ELi6EL9ap_q_mode5E_9 | {1 }
	Port: p_ZZN4nnet26conv_2d_buffer_resource_clINS_5arrayI8ap_fixedILi16ELi6EL9ap_q_mode5E_1 | {1 }
	Port: p_ZZN4nnet26conv_2d_buffer_resource_clINS_5arrayI8ap_fixedILi16ELi6EL9ap_q_mode5E_8 | {1 }
	Port: p_ZZN4nnet26conv_2d_buffer_resource_clINS_5arrayI8ap_fixedILi16ELi6EL9ap_q_mode5E | {1 }
 - Input state : 
	Port: shift_line_buffer<array<ap_fixed<16, 6, 5, 3, 0>, 8u>, config28> : p_read | {1 }
	Port: shift_line_buffer<array<ap_fixed<16, 6, 5, 3, 0>, 8u>, config28> : p_read1 | {1 }
	Port: shift_line_buffer<array<ap_fixed<16, 6, 5, 3, 0>, 8u>, config28> : p_read2 | {1 }
	Port: shift_line_buffer<array<ap_fixed<16, 6, 5, 3, 0>, 8u>, config28> : p_read3 | {1 }
	Port: shift_line_buffer<array<ap_fixed<16, 6, 5, 3, 0>, 8u>, config28> : p_read4 | {1 }
	Port: shift_line_buffer<array<ap_fixed<16, 6, 5, 3, 0>, 8u>, config28> : p_read5 | {1 }
	Port: shift_line_buffer<array<ap_fixed<16, 6, 5, 3, 0>, 8u>, config28> : p_read6 | {1 }
	Port: shift_line_buffer<array<ap_fixed<16, 6, 5, 3, 0>, 8u>, config28> : p_read7 | {1 }
	Port: shift_line_buffer<array<ap_fixed<16, 6, 5, 3, 0>, 8u>, config28> : void_compute_output_buffer_2d_array_const_ap_shift_reg_n_chan_stream_weig_1 | {1 }
	Port: shift_line_buffer<array<ap_fixed<16, 6, 5, 3, 0>, 8u>, config28> : void_compute_output_buffer_2d_array_const_ap_shift_reg_n_chan_stream_weig_9 | {}
	Port: shift_line_buffer<array<ap_fixed<16, 6, 5, 3, 0>, 8u>, config28> : void_compute_output_buffer_2d_array_const_ap_shift_reg_n_chan_stream_weig | {1 }
	Port: shift_line_buffer<array<ap_fixed<16, 6, 5, 3, 0>, 8u>, config28> : void_compute_output_buffer_2d_array_const_ap_shift_reg_n_chan_stream_weig_8 | {}
	Port: shift_line_buffer<array<ap_fixed<16, 6, 5, 3, 0>, 8u>, config28> : p_ZZN4nnet24compute_output_buffer_2dINS_5arrayI8ap_fixedILi16ELi6EL9ap_q_mode5EL9_61 | {1 }
	Port: shift_line_buffer<array<ap_fixed<16, 6, 5, 3, 0>, 8u>, config28> : void_compute_output_buffer_2d_array_const_ap_shift_reg_n_chan_stream_weig_7 | {}
	Port: shift_line_buffer<array<ap_fixed<16, 6, 5, 3, 0>, 8u>, config28> : p_ZZN4nnet24compute_output_buffer_2dINS_5arrayI8ap_fixedILi16ELi6EL9ap_q_mode5EL9_60 | {1 }
	Port: shift_line_buffer<array<ap_fixed<16, 6, 5, 3, 0>, 8u>, config28> : void_compute_output_buffer_2d_array_const_ap_shift_reg_n_chan_stream_weig_6 | {}
	Port: shift_line_buffer<array<ap_fixed<16, 6, 5, 3, 0>, 8u>, config28> : p_ZZN4nnet24compute_output_buffer_2dINS_5arrayI8ap_fixedILi16ELi6EL9ap_q_mode5EL9_59 | {1 }
	Port: shift_line_buffer<array<ap_fixed<16, 6, 5, 3, 0>, 8u>, config28> : void_compute_output_buffer_2d_array_const_ap_shift_reg_n_chan_stream_weig_5 | {}
	Port: shift_line_buffer<array<ap_fixed<16, 6, 5, 3, 0>, 8u>, config28> : p_ZZN4nnet24compute_output_buffer_2dINS_5arrayI8ap_fixedILi16ELi6EL9ap_q_mode5EL9_58 | {1 }
	Port: shift_line_buffer<array<ap_fixed<16, 6, 5, 3, 0>, 8u>, config28> : void_compute_output_buffer_2d_array_const_ap_shift_reg_n_chan_stream_weig_4 | {}
	Port: shift_line_buffer<array<ap_fixed<16, 6, 5, 3, 0>, 8u>, config28> : p_ZZN4nnet24compute_output_buffer_2dINS_5arrayI8ap_fixedILi16ELi6EL9ap_q_mode5EL9_57 | {1 }
	Port: shift_line_buffer<array<ap_fixed<16, 6, 5, 3, 0>, 8u>, config28> : void_compute_output_buffer_2d_array_const_ap_shift_reg_n_chan_stream_weig_3 | {}
	Port: shift_line_buffer<array<ap_fixed<16, 6, 5, 3, 0>, 8u>, config28> : p_ZZN4nnet24compute_output_buffer_2dINS_5arrayI8ap_fixedILi16ELi6EL9ap_q_mode5EL9_56 | {1 }
	Port: shift_line_buffer<array<ap_fixed<16, 6, 5, 3, 0>, 8u>, config28> : void_compute_output_buffer_2d_array_const_ap_shift_reg_n_chan_stream_weig_2 | {}
	Port: shift_line_buffer<array<ap_fixed<16, 6, 5, 3, 0>, 8u>, config28> : p_ZZN4nnet24compute_output_buffer_2dINS_5arrayI8ap_fixedILi16ELi6EL9ap_q_mode5EL9_39 | {1 }
	Port: shift_line_buffer<array<ap_fixed<16, 6, 5, 3, 0>, 8u>, config28> : p_ZZN4nnet24compute_output_buffer_2dINS_5arrayI8ap_fixedILi16ELi6EL9ap_q_mode5EL9_47 | {}
	Port: shift_line_buffer<array<ap_fixed<16, 6, 5, 3, 0>, 8u>, config28> : p_ZZN4nnet24compute_output_buffer_2dINS_5arrayI8ap_fixedILi16ELi6EL9ap_q_mode5EL9_38 | {1 }
	Port: shift_line_buffer<array<ap_fixed<16, 6, 5, 3, 0>, 8u>, config28> : p_ZZN4nnet24compute_output_buffer_2dINS_5arrayI8ap_fixedILi16ELi6EL9ap_q_mode5EL9_46 | {}
	Port: shift_line_buffer<array<ap_fixed<16, 6, 5, 3, 0>, 8u>, config28> : p_ZZN4nnet24compute_output_buffer_2dINS_5arrayI8ap_fixedILi16ELi6EL9ap_q_mode5EL9_37 | {1 }
	Port: shift_line_buffer<array<ap_fixed<16, 6, 5, 3, 0>, 8u>, config28> : p_ZZN4nnet24compute_output_buffer_2dINS_5arrayI8ap_fixedILi16ELi6EL9ap_q_mode5EL9_45 | {}
	Port: shift_line_buffer<array<ap_fixed<16, 6, 5, 3, 0>, 8u>, config28> : p_ZZN4nnet24compute_output_buffer_2dINS_5arrayI8ap_fixedILi16ELi6EL9ap_q_mode5EL9_36 | {1 }
	Port: shift_line_buffer<array<ap_fixed<16, 6, 5, 3, 0>, 8u>, config28> : p_ZZN4nnet24compute_output_buffer_2dINS_5arrayI8ap_fixedILi16ELi6EL9ap_q_mode5EL9_44 | {}
	Port: shift_line_buffer<array<ap_fixed<16, 6, 5, 3, 0>, 8u>, config28> : p_ZZN4nnet24compute_output_buffer_2dINS_5arrayI8ap_fixedILi16ELi6EL9ap_q_mode5EL9_35 | {1 }
	Port: shift_line_buffer<array<ap_fixed<16, 6, 5, 3, 0>, 8u>, config28> : p_ZZN4nnet24compute_output_buffer_2dINS_5arrayI8ap_fixedILi16ELi6EL9ap_q_mode5EL9_43 | {}
	Port: shift_line_buffer<array<ap_fixed<16, 6, 5, 3, 0>, 8u>, config28> : p_ZZN4nnet24compute_output_buffer_2dINS_5arrayI8ap_fixedILi16ELi6EL9ap_q_mode5EL9_34 | {1 }
	Port: shift_line_buffer<array<ap_fixed<16, 6, 5, 3, 0>, 8u>, config28> : p_ZZN4nnet24compute_output_buffer_2dINS_5arrayI8ap_fixedILi16ELi6EL9ap_q_mode5EL9_42 | {}
	Port: shift_line_buffer<array<ap_fixed<16, 6, 5, 3, 0>, 8u>, config28> : p_ZZN4nnet24compute_output_buffer_2dINS_5arrayI8ap_fixedILi16ELi6EL9ap_q_mode5EL9_33 | {1 }
	Port: shift_line_buffer<array<ap_fixed<16, 6, 5, 3, 0>, 8u>, config28> : p_ZZN4nnet24compute_output_buffer_2dINS_5arrayI8ap_fixedILi16ELi6EL9ap_q_mode5EL9_41 | {}
	Port: shift_line_buffer<array<ap_fixed<16, 6, 5, 3, 0>, 8u>, config28> : p_ZZN4nnet24compute_output_buffer_2dINS_5arrayI8ap_fixedILi16ELi6EL9ap_q_mode5EL9_32 | {1 }
	Port: shift_line_buffer<array<ap_fixed<16, 6, 5, 3, 0>, 8u>, config28> : p_ZZN4nnet24compute_output_buffer_2dINS_5arrayI8ap_fixedILi16ELi6EL9ap_q_mode5EL9_40 | {}
	Port: shift_line_buffer<array<ap_fixed<16, 6, 5, 3, 0>, 8u>, config28> : p_ZZN4nnet24compute_output_buffer_2dINS_5arrayI8ap_fixedILi16ELi6EL9ap_q_mode5EL9_15 | {1 }
	Port: shift_line_buffer<array<ap_fixed<16, 6, 5, 3, 0>, 8u>, config28> : p_ZZN4nnet24compute_output_buffer_2dINS_5arrayI8ap_fixedILi16ELi6EL9ap_q_mode5EL9_23 | {}
	Port: shift_line_buffer<array<ap_fixed<16, 6, 5, 3, 0>, 8u>, config28> : p_ZZN4nnet24compute_output_buffer_2dINS_5arrayI8ap_fixedILi16ELi6EL9ap_q_mode5EL9_14 | {1 }
	Port: shift_line_buffer<array<ap_fixed<16, 6, 5, 3, 0>, 8u>, config28> : p_ZZN4nnet24compute_output_buffer_2dINS_5arrayI8ap_fixedILi16ELi6EL9ap_q_mode5EL9_22 | {}
	Port: shift_line_buffer<array<ap_fixed<16, 6, 5, 3, 0>, 8u>, config28> : p_ZZN4nnet24compute_output_buffer_2dINS_5arrayI8ap_fixedILi16ELi6EL9ap_q_mode5EL9_13 | {1 }
	Port: shift_line_buffer<array<ap_fixed<16, 6, 5, 3, 0>, 8u>, config28> : p_ZZN4nnet24compute_output_buffer_2dINS_5arrayI8ap_fixedILi16ELi6EL9ap_q_mode5EL9_21 | {}
	Port: shift_line_buffer<array<ap_fixed<16, 6, 5, 3, 0>, 8u>, config28> : p_ZZN4nnet24compute_output_buffer_2dINS_5arrayI8ap_fixedILi16ELi6EL9ap_q_mode5EL9_12 | {1 }
	Port: shift_line_buffer<array<ap_fixed<16, 6, 5, 3, 0>, 8u>, config28> : p_ZZN4nnet24compute_output_buffer_2dINS_5arrayI8ap_fixedILi16ELi6EL9ap_q_mode5EL9_20 | {}
	Port: shift_line_buffer<array<ap_fixed<16, 6, 5, 3, 0>, 8u>, config28> : p_ZZN4nnet24compute_output_buffer_2dINS_5arrayI8ap_fixedILi16ELi6EL9ap_q_mode5EL9_11 | {1 }
	Port: shift_line_buffer<array<ap_fixed<16, 6, 5, 3, 0>, 8u>, config28> : p_ZZN4nnet24compute_output_buffer_2dINS_5arrayI8ap_fixedILi16ELi6EL9ap_q_mode5EL9_19 | {}
	Port: shift_line_buffer<array<ap_fixed<16, 6, 5, 3, 0>, 8u>, config28> : p_ZZN4nnet24compute_output_buffer_2dINS_5arrayI8ap_fixedILi16ELi6EL9ap_q_mode5EL9_10 | {1 }
	Port: shift_line_buffer<array<ap_fixed<16, 6, 5, 3, 0>, 8u>, config28> : p_ZZN4nnet24compute_output_buffer_2dINS_5arrayI8ap_fixedILi16ELi6EL9ap_q_mode5EL9_18 | {}
	Port: shift_line_buffer<array<ap_fixed<16, 6, 5, 3, 0>, 8u>, config28> : p_ZZN4nnet24compute_output_buffer_2dINS_5arrayI8ap_fixedILi16ELi6EL9ap_q_mode5EL9_9 | {1 }
	Port: shift_line_buffer<array<ap_fixed<16, 6, 5, 3, 0>, 8u>, config28> : p_ZZN4nnet24compute_output_buffer_2dINS_5arrayI8ap_fixedILi16ELi6EL9ap_q_mode5EL9_17 | {}
	Port: shift_line_buffer<array<ap_fixed<16, 6, 5, 3, 0>, 8u>, config28> : p_ZZN4nnet24compute_output_buffer_2dINS_5arrayI8ap_fixedILi16ELi6EL9ap_q_mode5EL9_8 | {1 }
	Port: shift_line_buffer<array<ap_fixed<16, 6, 5, 3, 0>, 8u>, config28> : p_ZZN4nnet24compute_output_buffer_2dINS_5arrayI8ap_fixedILi16ELi6EL9ap_q_mode5EL9_16 | {}
	Port: shift_line_buffer<array<ap_fixed<16, 6, 5, 3, 0>, 8u>, config28> : p_ZZN4nnet24compute_output_buffer_2dINS_5arrayI8ap_fixedILi16ELi6EL9ap_q_mode5EL9_55 | {1 }
	Port: shift_line_buffer<array<ap_fixed<16, 6, 5, 3, 0>, 8u>, config28> : p_ZZN4nnet24compute_output_buffer_2dINS_5arrayI8ap_fixedILi16ELi6EL9ap_q_mode5EL9_54 | {1 }
	Port: shift_line_buffer<array<ap_fixed<16, 6, 5, 3, 0>, 8u>, config28> : p_ZZN4nnet24compute_output_buffer_2dINS_5arrayI8ap_fixedILi16ELi6EL9ap_q_mode5EL9_53 | {1 }
	Port: shift_line_buffer<array<ap_fixed<16, 6, 5, 3, 0>, 8u>, config28> : p_ZZN4nnet24compute_output_buffer_2dINS_5arrayI8ap_fixedILi16ELi6EL9ap_q_mode5EL9_52 | {1 }
	Port: shift_line_buffer<array<ap_fixed<16, 6, 5, 3, 0>, 8u>, config28> : p_ZZN4nnet24compute_output_buffer_2dINS_5arrayI8ap_fixedILi16ELi6EL9ap_q_mode5EL9_51 | {1 }
	Port: shift_line_buffer<array<ap_fixed<16, 6, 5, 3, 0>, 8u>, config28> : p_ZZN4nnet24compute_output_buffer_2dINS_5arrayI8ap_fixedILi16ELi6EL9ap_q_mode5EL9_50 | {1 }
	Port: shift_line_buffer<array<ap_fixed<16, 6, 5, 3, 0>, 8u>, config28> : p_ZZN4nnet24compute_output_buffer_2dINS_5arrayI8ap_fixedILi16ELi6EL9ap_q_mode5EL9_49 | {1 }
	Port: shift_line_buffer<array<ap_fixed<16, 6, 5, 3, 0>, 8u>, config28> : p_ZZN4nnet24compute_output_buffer_2dINS_5arrayI8ap_fixedILi16ELi6EL9ap_q_mode5EL9_48 | {1 }
	Port: shift_line_buffer<array<ap_fixed<16, 6, 5, 3, 0>, 8u>, config28> : p_ZZN4nnet24compute_output_buffer_2dINS_5arrayI8ap_fixedILi16ELi6EL9ap_q_mode5EL9_31 | {1 }
	Port: shift_line_buffer<array<ap_fixed<16, 6, 5, 3, 0>, 8u>, config28> : p_ZZN4nnet24compute_output_buffer_2dINS_5arrayI8ap_fixedILi16ELi6EL9ap_q_mode5EL9_30 | {1 }
	Port: shift_line_buffer<array<ap_fixed<16, 6, 5, 3, 0>, 8u>, config28> : p_ZZN4nnet24compute_output_buffer_2dINS_5arrayI8ap_fixedILi16ELi6EL9ap_q_mode5EL9_29 | {1 }
	Port: shift_line_buffer<array<ap_fixed<16, 6, 5, 3, 0>, 8u>, config28> : p_ZZN4nnet24compute_output_buffer_2dINS_5arrayI8ap_fixedILi16ELi6EL9ap_q_mode5EL9_28 | {1 }
	Port: shift_line_buffer<array<ap_fixed<16, 6, 5, 3, 0>, 8u>, config28> : p_ZZN4nnet24compute_output_buffer_2dINS_5arrayI8ap_fixedILi16ELi6EL9ap_q_mode5EL9_27 | {1 }
	Port: shift_line_buffer<array<ap_fixed<16, 6, 5, 3, 0>, 8u>, config28> : p_ZZN4nnet24compute_output_buffer_2dINS_5arrayI8ap_fixedILi16ELi6EL9ap_q_mode5EL9_26 | {1 }
	Port: shift_line_buffer<array<ap_fixed<16, 6, 5, 3, 0>, 8u>, config28> : p_ZZN4nnet24compute_output_buffer_2dINS_5arrayI8ap_fixedILi16ELi6EL9ap_q_mode5EL9_25 | {1 }
	Port: shift_line_buffer<array<ap_fixed<16, 6, 5, 3, 0>, 8u>, config28> : p_ZZN4nnet24compute_output_buffer_2dINS_5arrayI8ap_fixedILi16ELi6EL9ap_q_mode5EL9_24 | {1 }
	Port: shift_line_buffer<array<ap_fixed<16, 6, 5, 3, 0>, 8u>, config28> : p_ZZN4nnet24compute_output_buffer_2dINS_5arrayI8ap_fixedILi16ELi6EL9ap_q_mode5EL9_7 | {1 }
	Port: shift_line_buffer<array<ap_fixed<16, 6, 5, 3, 0>, 8u>, config28> : p_ZZN4nnet24compute_output_buffer_2dINS_5arrayI8ap_fixedILi16ELi6EL9ap_q_mode5EL9_6 | {1 }
	Port: shift_line_buffer<array<ap_fixed<16, 6, 5, 3, 0>, 8u>, config28> : p_ZZN4nnet24compute_output_buffer_2dINS_5arrayI8ap_fixedILi16ELi6EL9ap_q_mode5EL9_5 | {1 }
	Port: shift_line_buffer<array<ap_fixed<16, 6, 5, 3, 0>, 8u>, config28> : p_ZZN4nnet24compute_output_buffer_2dINS_5arrayI8ap_fixedILi16ELi6EL9ap_q_mode5EL9_4 | {1 }
	Port: shift_line_buffer<array<ap_fixed<16, 6, 5, 3, 0>, 8u>, config28> : p_ZZN4nnet24compute_output_buffer_2dINS_5arrayI8ap_fixedILi16ELi6EL9ap_q_mode5EL9_3 | {1 }
	Port: shift_line_buffer<array<ap_fixed<16, 6, 5, 3, 0>, 8u>, config28> : p_ZZN4nnet24compute_output_buffer_2dINS_5arrayI8ap_fixedILi16ELi6EL9ap_q_mode5EL9_2 | {1 }
	Port: shift_line_buffer<array<ap_fixed<16, 6, 5, 3, 0>, 8u>, config28> : p_ZZN4nnet24compute_output_buffer_2dINS_5arrayI8ap_fixedILi16ELi6EL9ap_q_mode5EL9_1 | {1 }
	Port: shift_line_buffer<array<ap_fixed<16, 6, 5, 3, 0>, 8u>, config28> : p_ZZN4nnet24compute_output_buffer_2dINS_5arrayI8ap_fixedILi16ELi6EL9ap_q_mode5EL9 | {1 }
	Port: shift_line_buffer<array<ap_fixed<16, 6, 5, 3, 0>, 8u>, config28> : p_ZZN4nnet26conv_2d_buffer_resource_clINS_5arrayI8ap_fixedILi16ELi6EL9ap_q_mode5E_15 | {1 }
	Port: shift_line_buffer<array<ap_fixed<16, 6, 5, 3, 0>, 8u>, config28> : p_ZZN4nnet26conv_2d_buffer_resource_clINS_5arrayI8ap_fixedILi16ELi6EL9ap_q_mode5E_7 | {1 }
	Port: shift_line_buffer<array<ap_fixed<16, 6, 5, 3, 0>, 8u>, config28> : p_ZZN4nnet26conv_2d_buffer_resource_clINS_5arrayI8ap_fixedILi16ELi6EL9ap_q_mode5E_14 | {1 }
	Port: shift_line_buffer<array<ap_fixed<16, 6, 5, 3, 0>, 8u>, config28> : p_ZZN4nnet26conv_2d_buffer_resource_clINS_5arrayI8ap_fixedILi16ELi6EL9ap_q_mode5E_6 | {1 }
	Port: shift_line_buffer<array<ap_fixed<16, 6, 5, 3, 0>, 8u>, config28> : p_ZZN4nnet26conv_2d_buffer_resource_clINS_5arrayI8ap_fixedILi16ELi6EL9ap_q_mode5E_13 | {1 }
	Port: shift_line_buffer<array<ap_fixed<16, 6, 5, 3, 0>, 8u>, config28> : p_ZZN4nnet26conv_2d_buffer_resource_clINS_5arrayI8ap_fixedILi16ELi6EL9ap_q_mode5E_5 | {1 }
	Port: shift_line_buffer<array<ap_fixed<16, 6, 5, 3, 0>, 8u>, config28> : p_ZZN4nnet26conv_2d_buffer_resource_clINS_5arrayI8ap_fixedILi16ELi6EL9ap_q_mode5E_12 | {1 }
	Port: shift_line_buffer<array<ap_fixed<16, 6, 5, 3, 0>, 8u>, config28> : p_ZZN4nnet26conv_2d_buffer_resource_clINS_5arrayI8ap_fixedILi16ELi6EL9ap_q_mode5E_4 | {1 }
	Port: shift_line_buffer<array<ap_fixed<16, 6, 5, 3, 0>, 8u>, config28> : p_ZZN4nnet26conv_2d_buffer_resource_clINS_5arrayI8ap_fixedILi16ELi6EL9ap_q_mode5E_11 | {1 }
	Port: shift_line_buffer<array<ap_fixed<16, 6, 5, 3, 0>, 8u>, config28> : p_ZZN4nnet26conv_2d_buffer_resource_clINS_5arrayI8ap_fixedILi16ELi6EL9ap_q_mode5E_3 | {1 }
	Port: shift_line_buffer<array<ap_fixed<16, 6, 5, 3, 0>, 8u>, config28> : p_ZZN4nnet26conv_2d_buffer_resource_clINS_5arrayI8ap_fixedILi16ELi6EL9ap_q_mode5E_10 | {1 }
	Port: shift_line_buffer<array<ap_fixed<16, 6, 5, 3, 0>, 8u>, config28> : p_ZZN4nnet26conv_2d_buffer_resource_clINS_5arrayI8ap_fixedILi16ELi6EL9ap_q_mode5E_2 | {1 }
	Port: shift_line_buffer<array<ap_fixed<16, 6, 5, 3, 0>, 8u>, config28> : p_ZZN4nnet26conv_2d_buffer_resource_clINS_5arrayI8ap_fixedILi16ELi6EL9ap_q_mode5E_9 | {1 }
	Port: shift_line_buffer<array<ap_fixed<16, 6, 5, 3, 0>, 8u>, config28> : p_ZZN4nnet26conv_2d_buffer_resource_clINS_5arrayI8ap_fixedILi16ELi6EL9ap_q_mode5E_1 | {1 }
	Port: shift_line_buffer<array<ap_fixed<16, 6, 5, 3, 0>, 8u>, config28> : p_ZZN4nnet26conv_2d_buffer_resource_clINS_5arrayI8ap_fixedILi16ELi6EL9ap_q_mode5E_8 | {1 }
	Port: shift_line_buffer<array<ap_fixed<16, 6, 5, 3, 0>, 8u>, config28> : p_ZZN4nnet26conv_2d_buffer_resource_clINS_5arrayI8ap_fixedILi16ELi6EL9ap_q_mode5E | {1 }
  - Chain level:
	State 1
		p_1_i : 1
		p_3_i : 1
		p_5_i : 1
		p_7_i : 1
		p_9_i : 1
		p_11_i : 1
		p_13_i : 1
		p_0_i : 1
		store_ln196 : 1
		store_ln196 : 1
		store_ln196 : 1
		store_ln196 : 1
		store_ln196 : 1
		store_ln196 : 1
		store_ln196 : 1
		store_ln196 : 1
		store_ln196 : 1
		store_ln196 : 1
		store_ln196 : 1
		store_ln196 : 1
		store_ln196 : 1
		store_ln196 : 1
		store_ln196 : 1
		store_ln196 : 1
		store_ln196 : 1
		store_ln196 : 1
		store_ln196 : 1
		store_ln196 : 1
		store_ln196 : 1
		store_ln196 : 1
		store_ln196 : 1
		store_ln196 : 1
		store_ln196 : 1
		store_ln196 : 1
		store_ln196 : 1
		store_ln196 : 1
		store_ln196 : 1
		store_ln196 : 1
		store_ln196 : 1
		store_ln196 : 1
		store_ln196 : 1
		store_ln196 : 1
		store_ln196 : 1
		store_ln196 : 1
		store_ln196 : 1
		store_ln196 : 1
		store_ln196 : 1
		store_ln196 : 1
		store_ln196 : 1
		store_ln196 : 1
		store_ln196 : 1
		store_ln196 : 1
		store_ln196 : 1
		store_ln196 : 1
		store_ln196 : 1
		store_ln196 : 1
		store_ln209 : 2
		store_ln209 : 2
		store_ln209 : 2
		store_ln209 : 2
		store_ln209 : 2
		store_ln209 : 2
		store_ln209 : 2
		store_ln209 : 2
		store_ln209 : 1
		store_ln209 : 1
		store_ln209 : 1
		store_ln209 : 1
		store_ln209 : 1
		store_ln209 : 1
		store_ln209 : 1
		store_ln209 : 1


============================================================
+ Verbose Summary: Datapath Resource usage 
============================================================

* Functional unit list:
|----------|----------------------|
| Operation|    Functional Unit   |
|----------|----------------------|
|          | p_read_1_read_fu_238 |
|          | p_read_2_read_fu_244 |
|          | p_read_3_read_fu_250 |
|   read   | p_read_4_read_fu_256 |
|          | p_read_5_read_fu_262 |
|          | p_read_6_read_fu_268 |
|          | p_read_7_read_fu_274 |
|          | p_read_8_read_fu_280 |
|----------|----------------------|
|          |      p_i_fu_286      |
|          |     p_1_i_fu_296     |
|          |     p_2_i_fu_306     |
|          |     p_3_i_fu_316     |
|          |     p_4_i_fu_326     |
|          |     p_5_i_fu_336     |
|          |     p_6_i_fu_346     |
|memshiftread|     p_7_i_fu_356     |
|          |     p_8_i_fu_366     |
|          |     p_9_i_fu_376     |
|          |     p_10_i_fu_386    |
|          |     p_11_i_fu_396    |
|          |     p_12_i_fu_406    |
|          |     p_13_i_fu_416    |
|          |     p_14_i_fu_426    |
|          |     p_0_i_fu_436     |
|----------|----------------------|
|   Total  |                      |
|----------|----------------------|

Memories:
N/A

* Register list:
N/A

* Multiplexer (MUX) list: 
|--------|------|------|------|--------|
|  Comp  |  Pin | Size |  BW  | S x BW |
|--------|------|------|------|--------|
|  Total |      |      |      |    0   |
|--------|------|------|------|--------|



* Summary:
+-----------+
|           |
+-----------+
|  Function |
|   Memory  |
|Multiplexer|
|  Register |
+-----------+
|   Total   |
+-----------+
